strategy,disc_SR,disc_CAGR,disc_MDD,ho_SR,ho_CAGR,ho_MDD,full_SR,full_CAGR,full_MDD,ho_worst_2y_MDD
TSMOM base (no overlay),0.82,18.12,-44.18,1.34,28.33,-19.06,0.91,20.22,-44.18,-19.055826033242507
TSMOM + DD-wide  (-10/-20/-30),0.9,16.62,-33.72,1.18,22.75,-18.74,0.96,17.9,-33.72,-18.73724077684471
TSMOM + DD-tight (-5/-10/-20)  ← PRE-REG,0.92,14.61,-26.48,1.07,18.11,-19.96,0.95,15.35,-26.48,-19.961948389433136
SPY buy-hold,0.53,8.73,-55.19,1.32,20.88,-18.76,0.62,10.51,-55.19,-18.755225458981716
60/40 SPY/TLT,0.73,7.78,-29.92,1.09,12.5,-12.7,0.79,8.49,-29.92,-12.700657474570487
UPRO buy-hold (3x SPY),0.74,28.01,-76.82,1.01,42.28,-48.87,0.78,30.65,-76.82,-48.86913682016667
