{
  "crypto_sleeve_standalone": {
    "full": {
      "sharpe": 0.8644033223363006,
      "cagr": 0.4218242107570018,
      "mdd": -0.7151404216305095,
      "vol": 0.6249843146204206
    },
    "is": {
      "sharpe": 0.805489186973607,
      "cagr": 0.38158737777693497,
      "mdd": -0.7151404216305095,
      "vol": 0.6324787359176233
    },
    "oos": {
      "sharpe": 0.9367028917382848,
      "cagr": 0.47150328245765794,
      "mdd": -0.6988086070106683,
      "vol": 0.6160609712902232
    }
  },
  "variant_A_no_crypto": {
    "full": {
      "sharpe": 2.141777769424108,
      "cagr": 0.42765038583780934,
      "mdd": -0.20932831348426373,
      "vol": 0.17337404576667081
    },
    "is": {
      "sharpe": 2.417446525138791,
      "cagr": 0.42064757111443374,
      "mdd": -0.1909585180561716,
      "vol": 0.14999811429744714
    },
    "oos": {
      "sharpe": 1.930179557452059,
      "cagr": 0.4360734437344296,
      "mdd": -0.20932831348426262,
      "vol": 0.19778274758541253
    },
    "weights": {
      "V": 0.26224148180181783,
      "O": 0.3632367968528288,
      "H": 0.2054699512123419,
      "Q": 0.1690517701330115
    }
  },
  "variant_B_crypto_invvol": {
    "full": {
      "sharpe": 2.2595419747425662,
      "cagr": 0.45250168102528976,
      "mdd": -0.2003124250877405,
      "vol": 0.17186289309305247
    },
    "is": {
      "sharpe": 2.488889024439411,
      "cagr": 0.441464019041774,
      "mdd": -0.17939927108511078,
      "vol": 0.15163143533244205
    },
    "oos": {
      "sharpe": 2.0761760388492356,
      "cagr": 0.4658174852712691,
      "mdd": -0.20031242508774072,
      "vol": 0.19334412101994808
    },
    "weights": {
      "V": 0.23584382071422844,
      "O": 0.32667278038990755,
      "H": 0.1847870062468085,
      "Q": 0.1520347394803218,
      "C": 0.10066165316873381
    }
  },
  "variant_C_crypto_capped10pct": {
    "full": {
      "sharpe": 2.259789987866971,
      "cagr": 0.45235615825493136,
      "mdd": -0.20024981289981003,
      "vol": 0.17179457524696606
    },
    "is": {
      "sharpe": 2.489908618387467,
      "cagr": 0.4413454577249776,
      "mdd": -0.17930502224188594,
      "vol": 0.15153032270266492
    },
    "oos": {
      "sharpe": 2.075921479210588,
      "cagr": 0.4656391745407473,
      "mdd": -0.20024981289981003,
      "vol": 0.19330557920115554
    },
    "weights": {
      "V": 0.23601733362163604,
      "O": 0.3269131171675459,
      "H": 0.18492295609110773,
      "Q": 0.15214659311971035,
      "C": 0.1
    }
  },
  "oos_corr_crypto_vs_others": {
    "V": 0.24025500469981112,
    "O": -0.02361787179448604,
    "H": 0.02085458221112996,
    "Q": -0.00836560423178469
  }
}