{
  "crypto_sleeve_standalone": {
    "full": {
      "sharpe": 0.8400930510045932,
      "cagr": 0.4001970072812644,
      "mdd": -0.7151404216305095,
      "vol": 0.6243585069552069
    },
    "is": {
      "sharpe": 0.805489186973607,
      "cagr": 0.38158737777693497,
      "mdd": -0.7151404216305095,
      "vol": 0.6324787359176233
    },
    "oos": {
      "sharpe": 0.8823278077465108,
      "cagr": 0.42261924152405816,
      "mdd": -0.6988086070106683,
      "vol": 0.6147446206493071
    }
  },
  "variant_A_no_crypto": {
    "full": {
      "sharpe": 2.1168857354531623,
      "cagr": 0.42301744320446155,
      "mdd": -0.20932831348426373,
      "vol": 0.17392021705771807
    },
    "is": {
      "sharpe": 2.417446525138791,
      "cagr": 0.42064757111443374,
      "mdd": -0.19095851805617148,
      "vol": 0.14999811429744714
    },
    "oos": {
      "sharpe": 1.8864806182144798,
      "cagr": 0.42583648348704317,
      "mdd": -0.2093283134842625,
      "vol": 0.1986594438907283
    },
    "weights": {
      "V": 0.26224148180181783,
      "O": 0.3632367968528288,
      "H": 0.2054699512123419,
      "Q": 0.1690517701330115
    }
  },
  "variant_B_crypto_invvol": {
    "full": {
      "sharpe": 2.227378202864214,
      "cagr": 0.4459750098195492,
      "mdd": -0.2003124250877405,
      "vol": 0.17235855016887588
    },
    "is": {
      "sharpe": 2.488889024439411,
      "cagr": 0.441464019041774,
      "mdd": -0.17939927108511067,
      "vol": 0.15163143533244205
    },
    "oos": {
      "sharpe": 2.0171331097207963,
      "cagr": 0.4513495434992789,
      "mdd": -0.20031242508774072,
      "vol": 0.19415774589283186
    },
    "weights": {
      "V": 0.23584382071422844,
      "O": 0.32667278038990755,
      "H": 0.1847870062468085,
      "Q": 0.1520347394803218,
      "C": 0.10066165316873381
    }
  },
  "variant_C_crypto_capped10pct": {
    "full": {
      "sharpe": 2.2276515798351046,
      "cagr": 0.445842008099141,
      "mdd": -0.20024981289981003,
      "vol": 0.1722909595530367
    },
    "is": {
      "sharpe": 2.489908618387467,
      "cagr": 0.4413454577249778,
      "mdd": -0.17930502224188583,
      "vol": 0.15153032270266492
    },
    "oos": {
      "sharpe": 2.0169516102486518,
      "cagr": 0.4511992800156206,
      "mdd": -0.20024981289981003,
      "vol": 0.19412022421821576
    },
    "weights": {
      "V": 0.23601733362163604,
      "O": 0.3269131171675459,
      "H": 0.18492295609110773,
      "Q": 0.15214659311971035,
      "C": 0.1
    }
  },
  "oos_corr_crypto_vs_others": {
    "V": 0.2399133747307865,
    "O": -0.020352988203113157,
    "H": 0.020904108997464046,
    "Q": -0.007893695723171005
  }
}