{
  "crypto_sleeve_standalone": {
    "full": {
      "sharpe": 0.36999995348844295,
      "cagr": 0.055813207465089665,
      "mdd": -0.49841998880985205,
      "vol": 0.20460179219734673
    },
    "is": {
      "sharpe": 0.9595589132335279,
      "cagr": 0.00244743125210678,
      "mdd": -0.004317039452336635,
      "vol": 0.0025508647746815267
    },
    "oos": {
      "sharpe": 0.5401075948670571,
      "cagr": 0.12404690650488659,
      "mdd": -0.4984199888098524,
      "vol": 0.30392263929505076
    }
  },
  "variant_A_no_crypto": {
    "full": {
      "sharpe": 2.098062149099021,
      "cagr": 0.4152416124097926,
      "mdd": -0.20932294338414703,
      "vol": 0.1727705855315593
    },
    "is": {
      "sharpe": 2.3978958455425055,
      "cagr": 0.4159625365419308,
      "mdd": -0.1909632811414118,
      "vol": 0.14983115216883144
    },
    "oos": {
      "sharpe": 1.8598264254087704,
      "cagr": 0.41437165530032094,
      "mdd": -0.20932294338414748,
      "vol": 0.196981748004814
    },
    "weights": {
      "V": 0.2621033655561683,
      "O": 0.36357216463058145,
      "H": 0.205361735158725,
      "Q": 0.16896273465452522
    }
  },
  "variant_B_crypto_invvol": {
    "full": {
      "sharpe": 0.4332711194480944,
      "cagr": 0.06792560772679201,
      "mdd": -0.48502633185349686,
      "vol": 0.1977558579093847
    },
    "is": {
      "sharpe": 2.590574686973399,
      "cagr": 0.014958434698224998,
      "mdd": -0.007387022526959441,
      "vol": 0.005737936235742198
    },
    "oos": {
      "sharpe": 0.5828669996496988,
      "cagr": 0.13557508042731858,
      "mdd": -0.4850263318534971,
      "vol": 0.29369823461631234
    },
    "weights": {
      "V": 0.009120536754039212,
      "O": 0.012651395312007948,
      "H": 0.0071460709762883046,
      "Q": 0.0058794774657303355,
      "C": 0.9652025194919341
    }
  },
  "variant_C_crypto_capped10pct": {
    "full": {
      "sharpe": 2.120099136552641,
      "cagr": 0.3787695350963962,
      "mdd": -0.20023620779076523,
      "vol": 0.15744799051507674
    },
    "is": {
      "sharpe": 2.3997635014036085,
      "cagr": 0.3693079521307052,
      "mdd": -0.17318797000387076,
      "vol": 0.13484508698480885
    },
    "oos": {
      "sharpe": 1.9117778455002827,
      "cagr": 0.3902806464118951,
      "mdd": -0.20023620779076534,
      "vol": 0.18105229518404656
    },
    "weights": {
      "V": 0.23589302900055148,
      "O": 0.32721494816752333,
      "H": 0.1848255616428525,
      "Q": 0.1520664611890727,
      "C": 0.1
    }
  },
  "oos_corr_crypto_vs_others": {
    "V": 0.16434434282930502,
    "O": -0.040807091652306046,
    "H": 0.004969984510443659,
    "Q": -0.005922368533021689
  }
}