{
  "crypto_sleeve_standalone": {
    "full": {
      "sharpe": 0.869817986245463,
      "cagr": 0.42676902649795,
      "mdd": -0.7151404216305095,
      "vol": 0.6253235487301133
    },
    "is": {
      "sharpe": 0.805489186973607,
      "cagr": 0.38158737777693497,
      "mdd": -0.7151404216305095,
      "vol": 0.6324787359176233
    },
    "oos": {
      "sharpe": 0.9489186249820429,
      "cagr": 0.48295194091750226,
      "mdd": -0.6988086070106683,
      "vol": 0.616786917826431
    }
  },
  "variant_A_no_crypto": {
    "full": {
      "sharpe": 2.143763466620999,
      "cagr": 0.4277865750031158,
      "mdd": -0.20932831348426373,
      "vol": 0.17324790006277516
    },
    "is": {
      "sharpe": 2.417446525138791,
      "cagr": 0.42064757111443374,
      "mdd": -0.19095851805617148,
      "vol": 0.14999811429744714
    },
    "oos": {
      "sharpe": 1.9328236215212986,
      "cagr": 0.4364023086500768,
      "mdd": -0.2093283134842625,
      "vol": 0.19761375821073865
    },
    "weights": {
      "V": 0.26224148180181783,
      "O": 0.3632367968528288,
      "H": 0.2054699512123419,
      "Q": 0.1690517701330115
    }
  },
  "variant_B_crypto_invvol": {
    "full": {
      "sharpe": 2.2633305810935367,
      "cagr": 0.4531587196369842,
      "mdd": -0.2003124250877405,
      "vol": 0.1717681819773802
    },
    "is": {
      "sharpe": 2.488889024439411,
      "cagr": 0.441464019041774,
      "mdd": -0.17939927108511067,
      "vol": 0.15163143533244205
    },
    "oos": {
      "sharpe": 2.0826546982966896,
      "cagr": 0.4673202358315025,
      "mdd": -0.20031242508774072,
      "vol": 0.19322448325404623
    },
    "weights": {
      "V": 0.23584382071422844,
      "O": 0.32667278038990755,
      "H": 0.1847870062468085,
      "Q": 0.1520347394803218,
      "C": 0.10066165316873381
    }
  },
  "variant_C_crypto_capped10pct": {
    "full": {
      "sharpe": 2.263570670849272,
      "cagr": 0.4530097417082988,
      "mdd": -0.20024981289981003,
      "vol": 0.17169953601937007
    },
    "is": {
      "sharpe": 2.489908618387467,
      "cagr": 0.4413454577249778,
      "mdd": -0.17930502224188583,
      "vol": 0.15153032270266492
    },
    "oos": {
      "sharpe": 2.0823793956218934,
      "cagr": 0.46713411030789964,
      "mdd": -0.20024981289981003,
      "vol": 0.1931854234004841
    },
    "weights": {
      "V": 0.23601733362163604,
      "O": 0.3269131171675459,
      "H": 0.18492295609110773,
      "Q": 0.15214659311971035,
      "C": 0.1
    }
  },
  "oos_corr_crypto_vs_others": {
    "V": 0.24071793552761644,
    "O": -0.02382244308030914,
    "H": 0.020859052430548565,
    "Q": -0.008648250954240266
  }
}