{
  "crypto_sleeve_standalone": {
    "full": {
      "sharpe": 0.8713355045942434,
      "cagr": 0.4285032061114802,
      "mdd": -0.7151404216305095,
      "vol": 0.6263222498591842
    },
    "is": {
      "sharpe": 0.805489186973607,
      "cagr": 0.38158737777693497,
      "mdd": -0.7151404216305095,
      "vol": 0.6324787359176233
    },
    "oos": {
      "sharpe": 0.952552263469058,
      "cagr": 0.48734291846697597,
      "mdd": -0.6988086070106685,
      "vol": 0.6189598501099494
    }
  },
  "variant_A_no_crypto": {
    "full": {
      "sharpe": 2.108681626884083,
      "cagr": 0.4179263900005177,
      "mdd": -0.20932294338414748,
      "vol": 0.17280323413353588
    },
    "is": {
      "sharpe": 2.3978958455425055,
      "cagr": 0.41596253654193127,
      "mdd": -0.1909632811414116,
      "vol": 0.14983115216883144
    },
    "oos": {
      "sharpe": 1.8803560123767873,
      "cagr": 0.4203037738397153,
      "mdd": -0.20932294338414725,
      "vol": 0.19706935582858515
    },
    "weights": {
      "V": 0.2621033655561683,
      "O": 0.36357216463058145,
      "H": 0.205361735158725,
      "Q": 0.16896273465452522
    }
  },
  "variant_B_crypto_invvol": {
    "full": {
      "sharpe": 2.2317706518813063,
      "cagr": 0.44436232932672715,
      "mdd": -0.2002943163040164,
      "vol": 0.17144832019652756
    },
    "is": {
      "sharpe": 2.4715351932339664,
      "cagr": 0.4371785498434908,
      "mdd": -0.17941486471014945,
      "vol": 0.15148043620785087
    },
    "oos": {
      "sharpe": 2.035399660875454,
      "cagr": 0.4530934518499845,
      "mdd": -0.20029431630401606,
      "vol": 0.19288503394365206
    },
    "weights": {
      "V": 0.23573210506515663,
      "O": 0.3269917253050155,
      "H": 0.18469947543815562,
      "Q": 0.1519627229248273,
      "C": 0.10061397126684497
    }
  },
  "variant_C_crypto_capped10pct": {
    "full": {
      "sharpe": 2.231964633675201,
      "cagr": 0.44421733375045536,
      "mdd": -0.2002362077907649,
      "vol": 0.17138353358551142
    },
    "is": {
      "sharpe": 2.4724608625221416,
      "cagr": 0.4370659411342759,
      "mdd": -0.17932742933148393,
      "vol": 0.15138643104023058
    },
    "oos": {
      "sharpe": 2.0351032439934533,
      "cagr": 0.4529088819233391,
      "mdd": -0.20023620779076512,
      "vol": 0.19284704845268436
    },
    "weights": {
      "V": 0.23589302900055148,
      "O": 0.32721494816752333,
      "H": 0.1848255616428525,
      "Q": 0.1520664611890727,
      "C": 0.1
    }
  },
  "oos_corr_crypto_vs_others": {
    "V": 0.24411840429203593,
    "O": -0.0238773739030716,
    "H": 0.02127072290808482,
    "Q": -0.008664387060474378
  }
}