{
  "params": {
    "weights": {
      "VANGUARD": 0.236,
      "ORION": 0.327,
      "HELIOS": 0.185,
      "QUANTUM": 0.152,
      "CRYPTO": 0.101
    },
    "target_vol": 0.15,
    "vol_cap": 1.0,
    "vol_floor": 0.25,
    "vol_win": 60,
    "dd_floor": -0.1,
    "dd_win": 252,
    "vol_gate_pct": 0.99,
    "tc_bps_per_lev_chg": 10.0
  },
  "full": {
    "sharpe": 2.3862,
    "sortino": 3.5405,
    "cagr": 0.3761,
    "vol": 0.1379,
    "mdd": -0.1765,
    "calmar": 2.1304,
    "navx": 209.8038,
    "n": 4220
  },
  "is": {
    "sharpe": 2.5577,
    "sortino": 3.8638,
    "cagr": 0.3822,
    "vol": 0.1299,
    "mdd": -0.1632,
    "calmar": 2.3423,
    "navx": 19.137,
    "n": 2298
  },
  "oos": {
    "sharpe": 2.2138,
    "sortino": 3.2598,
    "cagr": 0.3691,
    "vol": 0.1468,
    "mdd": -0.1765,
    "calmar": 2.0905,
    "navx": 10.9633,
    "n": 1921
  },
  "is_oos_gap": 0.3439,
  "avg_total_mult": 0.8529396636964033,
  "avg_vol_target_mult": 0.8926424872255879,
  "correlations": {
    "VANGUARD": {
      "VANGUARD": 1.0,
      "ORION": -0.015,
      "HELIOS": -0.047,
      "QUANTUM": 0.038,
      "CRYPTO": 0.129
    },
    "ORION": {
      "VANGUARD": -0.015,
      "ORION": 1.0,
      "HELIOS": -0.017,
      "QUANTUM": 0.184,
      "CRYPTO": -0.001
    },
    "HELIOS": {
      "VANGUARD": -0.047,
      "ORION": -0.017,
      "HELIOS": 1.0,
      "QUANTUM": -0.036,
      "CRYPTO": 0.017
    },
    "QUANTUM": {
      "VANGUARD": 0.038,
      "ORION": 0.184,
      "HELIOS": -0.036,
      "QUANTUM": 1.0,
      "CRYPTO": 0.005
    },
    "CRYPTO": {
      "VANGUARD": 0.129,
      "ORION": -0.001,
      "HELIOS": 0.017,
      "QUANTUM": 0.005,
      "CRYPTO": 1.0
    }
  }
}