{
  "crypto_sleeve_standalone": {
    "full": {
      "sharpe": 0.8629627209823421,
      "cagr": 0.42052287472101635,
      "mdd": -0.7151404216305095,
      "vol": 0.6249193964717725
    },
    "is": {
      "sharpe": 0.805489186973607,
      "cagr": 0.38158737777693497,
      "mdd": -0.7151404216305095,
      "vol": 0.6324787359176233
    },
    "oos": {
      "sharpe": 0.9334731667115665,
      "cagr": 0.46852054862148074,
      "mdd": -0.6988086070106683,
      "vol": 0.6159216566303254
    }
  },
  "variant_A_no_crypto": {
    "full": {
      "sharpe": 2.127557234145714,
      "cagr": 0.42443214021467734,
      "mdd": -0.20932831348426373,
      "vol": 0.17347929486859723
    },
    "is": {
      "sharpe": 2.417446525138791,
      "cagr": 0.42064757111443374,
      "mdd": -0.19095851805617148,
      "vol": 0.14999811429744714
    },
    "oos": {
      "sharpe": 1.9034269892246247,
      "cagr": 0.4289705382537501,
      "mdd": -0.2093283134842625,
      "vol": 0.19797389547254954
    },
    "weights": {
      "V": 0.26224148180181783,
      "O": 0.3632367968528288,
      "H": 0.2054699512123419,
      "Q": 0.1690517701330115
    }
  },
  "variant_B_crypto_invvol": {
    "full": {
      "sharpe": 2.2456310279291403,
      "cagr": 0.44941027930085875,
      "mdd": -0.2003124250877405,
      "vol": 0.17198695397383848
    },
    "is": {
      "sharpe": 2.488889024439411,
      "cagr": 0.441464019041774,
      "mdd": -0.17939927108511067,
      "vol": 0.15163143533244205
    },
    "oos": {
      "sharpe": 2.0496897905944964,
      "cagr": 0.45896904427463614,
      "mdd": -0.20031242508774072,
      "vol": 0.19357645777982413
    },
    "weights": {
      "V": 0.23584382071422844,
      "O": 0.32667278038990755,
      "H": 0.1847870062468085,
      "Q": 0.1520347394803218,
      "C": 0.10066165316873381
    }
  },
  "variant_C_crypto_capped10pct": {
    "full": {
      "sharpe": 2.245868780621431,
      "cagr": 0.4492638549948873,
      "mdd": -0.20024981289981003,
      "vol": 0.17191860606634382
    },
    "is": {
      "sharpe": 2.489908618387467,
      "cagr": 0.4413454577249778,
      "mdd": -0.17930502224188583,
      "vol": 0.15153032270266492
    },
    "oos": {
      "sharpe": 2.0494219530490234,
      "cagr": 0.45878890648582815,
      "mdd": -0.20024981289981003,
      "vol": 0.19353779418627778
    },
    "weights": {
      "V": 0.23601733362163604,
      "O": 0.3269131171675459,
      "H": 0.18492295609110773,
      "Q": 0.15214659311971035,
      "C": 0.1
    }
  },
  "oos_corr_crypto_vs_others": {
    "V": 0.2403310823333782,
    "O": -0.02131312815585128,
    "H": 0.020844063515003133,
    "Q": -0.008401608526199861
  }
}