{
  "crypto_sleeve_standalone": {
    "full": {
      "sharpe": 0.8389400588349358,
      "cagr": 0.39886268878856557,
      "mdd": -0.7151404216305095,
      "vol": 0.6233698101180157
    },
    "is": {
      "sharpe": 0.805489186973607,
      "cagr": 0.38158737777693497,
      "mdd": -0.7151404216305095,
      "vol": 0.6324787359176233
    },
    "oos": {
      "sharpe": 0.8796731014406275,
      "cagr": 0.4195107786146246,
      "mdd": -0.6988086070106683,
      "vol": 0.6126212070313579
    }
  },
  "variant_A_no_crypto": {
    "full": {
      "sharpe": 2.093832089316697,
      "cagr": 0.4189632516464712,
      "mdd": -0.20932831348426373,
      "vol": 0.17452039045919662
    },
    "is": {
      "sharpe": 2.417446525138791,
      "cagr": 0.42064757111443374,
      "mdd": -0.19095851805617148,
      "vol": 0.14999811429744714
    },
    "oos": {
      "sharpe": 1.8468966128599853,
      "cagr": 0.41697973491766116,
      "mdd": -0.2093283134842625,
      "vol": 0.19964448728929482
    },
    "weights": {
      "V": 0.26224148180181783,
      "O": 0.3632367968528288,
      "H": 0.2054699512123419,
      "Q": 0.1690517701330115
    }
  },
  "variant_B_crypto_invvol": {
    "full": {
      "sharpe": 2.206456768321678,
      "cagr": 0.4420708124076149,
      "mdd": -0.2003124250877405,
      "vol": 0.17280011835124073
    },
    "is": {
      "sharpe": 2.488889024439411,
      "cagr": 0.441464019041774,
      "mdd": -0.17939927108511067,
      "vol": 0.15163143533244205
    },
    "oos": {
      "sharpe": 1.9800525251279029,
      "cagr": 0.4427866470722228,
      "mdd": -0.20031242508774072,
      "vol": 0.19487043500269985
    },
    "weights": {
      "V": 0.23584382071422844,
      "O": 0.32667278038990755,
      "H": 0.1847870062468085,
      "Q": 0.1520347394803218,
      "C": 0.10066165316873381
    }
  },
  "variant_C_crypto_capped10pct": {
    "full": {
      "sharpe": 2.206698264765658,
      "cagr": 0.4419367084076633,
      "mdd": -0.20024981289981003,
      "vol": 0.1727339668540061
    },
    "is": {
      "sharpe": 2.489908618387467,
      "cagr": 0.4413454577249778,
      "mdd": -0.17930502224188583,
      "vol": 0.15153032270266492
    },
    "oos": {
      "sharpe": 1.9798312252499601,
      "cagr": 0.4426341991897895,
      "mdd": -0.20024981289981003,
      "vol": 0.19483534223314752
    },
    "weights": {
      "V": 0.23601733362163604,
      "O": 0.3269131171675459,
      "H": 0.18492295609110773,
      "Q": 0.15214659311971035,
      "C": 0.1
    }
  },
  "oos_corr_crypto_vs_others": {
    "V": 0.23213338841942507,
    "O": -0.020024769694979058,
    "H": 0.020608186603608795,
    "Q": -0.007919409198580286
  }
}