{
  "strategy": "PHOENIX-LITE",
  "params": {
    "N": 42,
    "K": 5,
    "mom_lb": 63,
    "tc_bps": 10.0,
    "universe_size": 17
  },
  "full": {
    "sharpe": 0.5596896799174955,
    "cagr": 0.15172961385577755,
    "vol": 0.3961837984970595,
    "mdd": -0.6966679072680018,
    "sortino": 0.5991918750487725,
    "calmar": 0.21779331625995016,
    "navx": 9.633844475562892
  },
  "is": {
    "sharpe": 0.5990858313584886,
    "cagr": 0.15546561353818555,
    "vol": 0.33702507587212904,
    "mdd": -0.5709469781304928,
    "sortino": 0.6926617758331793,
    "calmar": 0.2722943101428468,
    "navx": 3.5674791084905073
  },
  "oos": {
    "sharpe": 0.5367595380811079,
    "cagr": 0.14720039896069426,
    "vol": 0.4580642551525844,
    "mdd": -0.696667907268002,
    "sortino": 0.5489818047774402,
    "calmar": 0.21129206243753032,
    "navx": 2.7004627588805405
  },
  "is_oos_gap": 0.0623
}