{
  "crypto_sleeve_standalone": {
    "full": {
      "sharpe": 0.8636501729987036,
      "cagr": 0.4210479048601077,
      "mdd": -0.7151404216305095,
      "vol": 0.6246934328386584
    },
    "is": {
      "sharpe": 0.805489186973607,
      "cagr": 0.38158737777693497,
      "mdd": -0.7151404216305095,
      "vol": 0.6324787359176233
    },
    "oos": {
      "sharpe": 0.9349565118194848,
      "cagr": 0.46963266166794937,
      "mdd": -0.6988086070106683,
      "vol": 0.6154329856995566
    }
  },
  "variant_A_no_crypto": {
    "full": {
      "sharpe": 2.13619264981606,
      "cagr": 0.4264654099414811,
      "mdd": -0.20932831348426373,
      "vol": 0.17344387404608638
    },
    "is": {
      "sharpe": 2.417446525138791,
      "cagr": 0.42064757111443374,
      "mdd": -0.19095851805617148,
      "vol": 0.14999811429744714
    },
    "oos": {
      "sharpe": 1.920151589772978,
      "cagr": 0.4334416993175838,
      "mdd": -0.2093283134842625,
      "vol": 0.19786810456253254
    },
    "weights": {
      "V": 0.26224148180181783,
      "O": 0.3632367968528288,
      "H": 0.2054699512123419,
      "Q": 0.1690517701330115
    }
  },
  "variant_B_crypto_invvol": {
    "full": {
      "sharpe": 2.253766944162558,
      "cagr": 0.45130748890465044,
      "mdd": -0.2003124250877405,
      "vol": 0.17194415784645933
    },
    "is": {
      "sharpe": 2.488889024439411,
      "cagr": 0.441464019041774,
      "mdd": -0.17939927108511067,
      "vol": 0.15163143533244205
    },
    "oos": {
      "sharpe": 2.065615408818661,
      "cagr": 0.46314625311712465,
      "mdd": -0.20031242508774072,
      "vol": 0.19345940050075605
    },
    "weights": {
      "V": 0.23584382071422844,
      "O": 0.32667278038990755,
      "H": 0.1847870062468085,
      "Q": 0.1520347394803218,
      "C": 0.10066165316873381
    }
  },
  "variant_C_crypto_capped10pct": {
    "full": {
      "sharpe": 2.2540114879124014,
      "cagr": 0.4511619884443301,
      "mdd": -0.20024981289981003,
      "vol": 0.17187589203310538
    },
    "is": {
      "sharpe": 2.489908618387467,
      "cagr": 0.4413454577249778,
      "mdd": -0.17930502224188583,
      "vol": 0.15153032270266492
    },
    "oos": {
      "sharpe": 2.065358221660652,
      "cagr": 0.46296811965980966,
      "mdd": -0.20024981289981003,
      "vol": 0.19342087176655848
    },
    "weights": {
      "V": 0.23601733362163604,
      "O": 0.3269131171675459,
      "H": 0.18492295609110773,
      "Q": 0.15214659311971035,
      "C": 0.1
    }
  },
  "oos_corr_crypto_vs_others": {
    "V": 0.2401663393175502,
    "O": -0.021605204713165498,
    "H": 0.021027734899471035,
    "Q": -0.008516019095828801
  }
}