{
  "crypto_sleeve_standalone": {
    "full": {
      "sharpe": 0.8715647489781082,
      "cagr": 0.4283004746206558,
      "mdd": -0.7151404216305095,
      "vol": 0.625260535891844
    },
    "is": {
      "sharpe": 0.805489186973607,
      "cagr": 0.38158737777693497,
      "mdd": -0.7151404216305095,
      "vol": 0.6324787359176233
    },
    "oos": {
      "sharpe": 0.9527927099410077,
      "cagr": 0.4864243141488136,
      "mdd": -0.6988086070106683,
      "vol": 0.6166503870150027
    }
  },
  "variant_A_no_crypto": {
    "full": {
      "sharpe": 2.154838999085649,
      "cagr": 0.43077180523022807,
      "mdd": -0.20932831348426373,
      "vol": 0.17333502813632057
    },
    "is": {
      "sharpe": 2.417446525138791,
      "cagr": 0.42064757111443374,
      "mdd": -0.19095851805617148,
      "vol": 0.14999811429744714
    },
    "oos": {
      "sharpe": 1.954713112521515,
      "cagr": 0.44301173611878975,
      "mdd": -0.2093283134842625,
      "vol": 0.19776833309322772
    },
    "weights": {
      "V": 0.26224148180181783,
      "O": 0.3632367968528288,
      "H": 0.2054699512123419,
      "Q": 0.1690517701330115
    }
  },
  "variant_B_crypto_invvol": {
    "full": {
      "sharpe": 2.27401711536507,
      "cagr": 0.45604423594724586,
      "mdd": -0.2003124250877405,
      "vol": 0.17184000507643138
    },
    "is": {
      "sharpe": 2.488889024439411,
      "cagr": 0.441464019041774,
      "mdd": -0.17939927108511067,
      "vol": 0.15163143533244205
    },
    "oos": {
      "sharpe": 2.103975811098361,
      "cagr": 0.4737288796356609,
      "mdd": -0.20031242508774072,
      "vol": 0.1933526427985923
    },
    "weights": {
      "V": 0.23584382071422844,
      "O": 0.32667278038990755,
      "H": 0.1847870062468085,
      "Q": 0.1520347394803218,
      "C": 0.10066165316873381
    }
  },
  "variant_C_crypto_capped10pct": {
    "full": {
      "sharpe": 2.2742635623778313,
      "cagr": 0.4558959631909707,
      "mdd": -0.20024981289981003,
      "vol": 0.17177150500304467
    },
    "is": {
      "sharpe": 2.489908618387467,
      "cagr": 0.4413454577249778,
      "mdd": -0.17930502224188583,
      "vol": 0.15153032270266492
    },
    "oos": {
      "sharpe": 2.1037104452477617,
      "cagr": 0.4735441890288783,
      "mdd": -0.20024981289981003,
      "vol": 0.19331382738373637
    },
    "weights": {
      "V": 0.23601733362163604,
      "O": 0.3269131171675459,
      "H": 0.18492295609110773,
      "Q": 0.15214659311971035,
      "C": 0.1
    }
  },
  "oos_corr_crypto_vs_others": {
    "V": 0.24090525009583152,
    "O": -0.023872012511119988,
    "H": 0.02078303941143578,
    "Q": -0.008496510559989318
  }
}