{
  "crypto_sleeve_standalone": {
    "full": {
      "sharpe": 0.37001240209984615,
      "cagr": 0.05582018381867049,
      "mdd": -0.49841998880985205,
      "vol": 0.20462702587016054
    },
    "is": {
      "sharpe": 0.9595589132335279,
      "cagr": 0.00244743125210678,
      "mdd": -0.004317039452336635,
      "vol": 0.0025508647746815267
    },
    "oos": {
      "sharpe": 0.5402053850759373,
      "cagr": 0.12410164768328857,
      "mdd": -0.4984199888098524,
      "vol": 0.3040053742962258
    }
  },
  "variant_A_no_crypto": {
    "full": {
      "sharpe": 2.0997564862488263,
      "cagr": 0.41569984872654864,
      "mdd": -0.20932294338414748,
      "vol": 0.17278691720560302
    },
    "is": {
      "sharpe": 2.3978958455425055,
      "cagr": 0.41596253654193105,
      "mdd": -0.1909632811414118,
      "vol": 0.14983115216883144
    },
    "oos": {
      "sharpe": 1.8630871176948456,
      "cagr": 0.4153825708179073,
      "mdd": -0.20932294338414736,
      "vol": 0.1970257069897386
    },
    "weights": {
      "V": 0.2621033655561683,
      "O": 0.36357216463058145,
      "H": 0.205361735158725,
      "Q": 0.16896273465452522
    }
  },
  "variant_B_crypto_invvol": {
    "full": {
      "sharpe": 0.4333332568269327,
      "cagr": 0.0679447509139477,
      "mdd": -0.48502633185349686,
      "vol": 0.19778023139213524
    },
    "is": {
      "sharpe": 2.5905746869733988,
      "cagr": 0.014958434698224998,
      "mdd": -0.007387022526959441,
      "vol": 0.005737936235742199
    },
    "oos": {
      "sharpe": 0.5830387443047226,
      "cagr": 0.1356580192626744,
      "mdd": -0.4850263318534971,
      "vol": 0.29377813362339206
    },
    "weights": {
      "V": 0.009120536754039212,
      "O": 0.012651395312007948,
      "H": 0.0071460709762883046,
      "Q": 0.0058794774657303355,
      "C": 0.9652025194919341
    }
  },
  "variant_C_crypto_capped10pct": {
    "full": {
      "sharpe": 2.1217744172946102,
      "cagr": 0.37917324966544164,
      "mdd": -0.20023620779076512,
      "vol": 0.15746294994495155
    },
    "is": {
      "sharpe": 2.3997635014036085,
      "cagr": 0.3693079521307052,
      "mdd": -0.17318797000387076,
      "vol": 0.13484508698480885
    },
    "oos": {
      "sharpe": 1.914989718189503,
      "cagr": 0.3911859740096324,
      "mdd": -0.20023620779076534,
      "vol": 0.1810928704354214
    },
    "weights": {
      "V": 0.23589302900055148,
      "O": 0.32721494816752333,
      "H": 0.1848255616428525,
      "Q": 0.1520664611890727,
      "C": 0.1
    }
  },
  "oos_corr_crypto_vs_others": {
    "V": 0.1643680851479513,
    "O": -0.040808210403253525,
    "H": 0.0049691629893757585,
    "Q": -0.005922752326145056
  }
}