{
  "crypto_sleeve_standalone": {
    "full": {
      "sharpe": 0.8552172954205517,
      "cagr": 0.41349674673514203,
      "mdd": -0.7151404216305095,
      "vol": 0.6244280408797448
    },
    "is": {
      "sharpe": 0.805489186973607,
      "cagr": 0.38158737777693497,
      "mdd": -0.7151404216305095,
      "vol": 0.6324787359176233
    },
    "oos": {
      "sharpe": 0.9160792882830799,
      "cagr": 0.4524489566216934,
      "mdd": -0.6988086070106683,
      "vol": 0.6148701691075033
    }
  },
  "variant_A_no_crypto": {
    "full": {
      "sharpe": 2.140035981291311,
      "cagr": 0.4279347515781595,
      "mdd": -0.20932831348426373,
      "vol": 0.1736290647954019
    },
    "is": {
      "sharpe": 2.417446525138791,
      "cagr": 0.42064757111443374,
      "mdd": -0.19095851805617148,
      "vol": 0.14999811429744714
    },
    "oos": {
      "sharpe": 1.9289282099310376,
      "cagr": 0.4366592832703027,
      "mdd": -0.2093283134842625,
      "vol": 0.1981617711989149
    },
    "weights": {
      "V": 0.26224148180181783,
      "O": 0.3632367968528288,
      "H": 0.2054699512123419,
      "Q": 0.1690517701330115
    }
  },
  "variant_B_crypto_invvol": {
    "full": {
      "sharpe": 2.254352139106698,
      "cagr": 0.45185790283698,
      "mdd": -0.2003124250877405,
      "vol": 0.17207819745311978
    },
    "is": {
      "sharpe": 2.488889024439411,
      "cagr": 0.441464019041774,
      "mdd": -0.17939927108511067,
      "vol": 0.15163143533244205
    },
    "oos": {
      "sharpe": 2.067803973390409,
      "cagr": 0.46433014493166325,
      "mdd": -0.20031242508774072,
      "vol": 0.19366565421589488
    },
    "weights": {
      "V": 0.23584382071422844,
      "O": 0.32667278038990755,
      "H": 0.1847870062468085,
      "Q": 0.1520347394803218,
      "C": 0.10066165316873381
    }
  },
  "variant_C_crypto_capped10pct": {
    "full": {
      "sharpe": 2.254616100529846,
      "cagr": 0.4517185409785083,
      "mdd": -0.20024981289981003,
      "vol": 0.17201037790582718
    },
    "is": {
      "sharpe": 2.489908618387467,
      "cagr": 0.4413454577249778,
      "mdd": -0.17930502224188583,
      "vol": 0.15153032270266492
    },
    "oos": {
      "sharpe": 2.067588875311983,
      "cagr": 0.46416563590939,
      "mdd": -0.20024981289981003,
      "vol": 0.1936278701276042
    },
    "weights": {
      "V": 0.23601733362163604,
      "O": 0.3269131171675459,
      "H": 0.18492295609110773,
      "Q": 0.15214659311971035,
      "C": 0.1
    }
  },
  "oos_corr_crypto_vs_others": {
    "V": 0.23999756835368719,
    "O": -0.021945072328679018,
    "H": 0.02081641651602802,
    "Q": -0.00847299056933023
  }
}