{
  "crypto_sleeve_standalone": {
    "full": {
      "sharpe": 0.8395510733790505,
      "cagr": 0.39957202621991206,
      "mdd": -0.7151404216305095,
      "vol": 0.6239016193872726
    },
    "is": {
      "sharpe": 0.805489186973607,
      "cagr": 0.38158737777693497,
      "mdd": -0.7151404216305095,
      "vol": 0.6324787359176233
    },
    "oos": {
      "sharpe": 0.8810787235355971,
      "cagr": 0.42116077882394554,
      "mdd": -0.6988086070106683,
      "vol": 0.61376188586592
    }
  },
  "variant_A_no_crypto": {
    "full": {
      "sharpe": 2.1318081677163634,
      "cagr": 0.42791659471343,
      "mdd": -0.20932831348426373,
      "vol": 0.17435189747408392
    },
    "is": {
      "sharpe": 2.417446525138791,
      "cagr": 0.42064757111443374,
      "mdd": -0.19095851805617148,
      "vol": 0.14999811429744714
    },
    "oos": {
      "sharpe": 1.9177810136725568,
      "cagr": 0.4365680296294656,
      "mdd": -0.2093283134842625,
      "vol": 0.19940887024358875
    },
    "weights": {
      "V": 0.26224148180181783,
      "O": 0.3632367968528288,
      "H": 0.2054699512123419,
      "Q": 0.1690517701330115
    }
  },
  "variant_B_crypto_invvol": {
    "full": {
      "sharpe": 2.2410926209919175,
      "cagr": 0.4503624623110831,
      "mdd": -0.2003124250877405,
      "vol": 0.1726821500740734
    },
    "is": {
      "sharpe": 2.488889024439411,
      "cagr": 0.441464019041774,
      "mdd": -0.17939927108511067,
      "vol": 0.15163143533244205
    },
    "oos": {
      "sharpe": 2.045844901425209,
      "cagr": 0.4609653539102767,
      "mdd": -0.20031242508774072,
      "vol": 0.19471775068229646
    },
    "weights": {
      "V": 0.23584382071422844,
      "O": 0.32667278038990755,
      "H": 0.1847870062468085,
      "Q": 0.1520347394803218,
      "C": 0.10066165316873381
    }
  },
  "variant_C_crypto_capped10pct": {
    "full": {
      "sharpe": 2.2413749581536697,
      "cagr": 0.4502329207268998,
      "mdd": -0.20024981289981003,
      "vol": 0.1726154944309473
    },
    "is": {
      "sharpe": 2.489908618387467,
      "cagr": 0.4413454577249778,
      "mdd": -0.17930502224188583,
      "vol": 0.15153032270266492
    },
    "oos": {
      "sharpe": 2.0456842046900983,
      "cagr": 0.460822647129983,
      "mdd": -0.20024981289981003,
      "vol": 0.1946818300509051
    },
    "weights": {
      "V": 0.23601733362163604,
      "O": 0.3269131171675459,
      "H": 0.18492295609110773,
      "Q": 0.15214659311971035,
      "C": 0.1
    }
  },
  "oos_corr_crypto_vs_others": {
    "V": 0.2356778975251968,
    "O": -0.020321572358921652,
    "H": 0.020663459817218788,
    "Q": -0.00795083910032896
  }
}