{
  "crypto_sleeve_standalone": {
    "full": {
      "sharpe": 0.362014774068331,
      "cagr": 0.054045485509209845,
      "mdd": -0.49841998880985194,
      "vol": 0.20433392584674254
    },
    "is": {
      "sharpe": 0.9595589132335279,
      "cagr": 0.00244743125210678,
      "mdd": -0.004317039452336635,
      "vol": 0.0025508647746815267
    },
    "oos": {
      "sharpe": 0.527993022150234,
      "cagr": 0.11978620440455612,
      "mdd": -0.4984199888098523,
      "vol": 0.3033935027420246
    }
  },
  "variant_A_no_crypto": {
    "full": {
      "sharpe": 2.087436375036008,
      "cagr": 0.41270230271487995,
      "mdd": -0.20932294338414703,
      "vol": 0.17279018412567124
    },
    "is": {
      "sharpe": 2.3978958455425055,
      "cagr": 0.4159625365419308,
      "mdd": -0.1909632811414118,
      "vol": 0.14983115216883144
    },
    "oos": {
      "sharpe": 1.8396882801748238,
      "cagr": 0.40878228012018414,
      "mdd": -0.20932294338414748,
      "vol": 0.19698282537093809
    },
    "weights": {
      "V": 0.2621033655561683,
      "O": 0.36357216463058145,
      "H": 0.205361735158725,
      "Q": 0.16896273465452522
    }
  },
  "variant_B_crypto_invvol": {
    "full": {
      "sharpe": 0.425056361095793,
      "cagr": 0.06613068927284749,
      "mdd": -0.485026331853497,
      "vol": 0.19750066938399985
    },
    "is": {
      "sharpe": 2.590574686973399,
      "cagr": 0.014958434698224998,
      "mdd": -0.007387022526959441,
      "vol": 0.005737936235742198
    },
    "oos": {
      "sharpe": 0.5703612087021435,
      "cagr": 0.13125671285937646,
      "mdd": -0.4850263318534972,
      "vol": 0.29319246813697336
    },
    "weights": {
      "V": 0.009120536754039212,
      "O": 0.012651395312007948,
      "H": 0.0071460709762883046,
      "Q": 0.0058794774657303355,
      "C": 0.9652025194919341
    }
  },
  "variant_C_crypto_capped10pct": {
    "full": {
      "sharpe": 2.108419154770187,
      "cagr": 0.37630373313619647,
      "mdd": -0.20023620779076545,
      "vol": 0.15747193971493081
    },
    "is": {
      "sharpe": 2.3997635014036085,
      "cagr": 0.3693079521307052,
      "mdd": -0.17318797000387076,
      "vol": 0.13484508698480885
    },
    "oos": {
      "sharpe": 1.8897667725649414,
      "cagr": 0.38478421686112396,
      "mdd": -0.20023620779076556,
      "vol": 0.1810632221480479
    },
    "weights": {
      "V": 0.23589302900055148,
      "O": 0.32721494816752333,
      "H": 0.1848255616428525,
      "Q": 0.1520664611890727,
      "C": 0.1
    }
  },
  "oos_corr_crypto_vs_others": {
    "V": 0.1628418911558404,
    "O": -0.039501595487689556,
    "H": 0.005366986579780385,
    "Q": -0.005840959409136424
  }
}