{
  "crypto_sleeve_standalone": {
    "full": {
      "sharpe": 0.8699890837401735,
      "cagr": 0.426979892907001,
      "mdd": -0.7151404216305095,
      "vol": 0.625477063395829
    },
    "is": {
      "sharpe": 0.805489186973607,
      "cagr": 0.38158737777693497,
      "mdd": -0.7151404216305095,
      "vol": 0.6324787359176233
    },
    "oos": {
      "sharpe": 0.949336977667936,
      "cagr": 0.48349656427707766,
      "mdd": -0.6988086070106683,
      "vol": 0.6171201484919014
    }
  },
  "variant_A_no_crypto": {
    "full": {
      "sharpe": 2.1368383768786274,
      "cagr": 0.42592115957331167,
      "mdd": -0.20932831348426373,
      "vol": 0.1731923149994955
    },
    "is": {
      "sharpe": 2.417446525138791,
      "cagr": 0.42064757111443374,
      "mdd": -0.1909585180561716,
      "vol": 0.14999811429744714
    },
    "oos": {
      "sharpe": 1.9189882461612493,
      "cagr": 0.4322833620665192,
      "mdd": -0.20932831348426262,
      "vol": 0.1975317967426486
    },
    "weights": {
      "V": 0.26224148180181783,
      "O": 0.3632367968528288,
      "H": 0.2054699512123419,
      "Q": 0.1690517701330115
    }
  },
  "variant_B_crypto_invvol": {
    "full": {
      "sharpe": 2.257046926085577,
      "cagr": 0.4514829960478757,
      "mdd": -0.2003124250877405,
      "vol": 0.17173173528655722
    },
    "is": {
      "sharpe": 2.488889024439411,
      "cagr": 0.441464019041774,
      "mdd": -0.17939927108511078,
      "vol": 0.15163143533244205
    },
    "oos": {
      "sharpe": 2.0700182761041557,
      "cagr": 0.4636131092086566,
      "mdd": -0.20031242508774072,
      "vol": 0.19317578236480165
    },
    "weights": {
      "V": 0.23584382071422844,
      "O": 0.32667278038990755,
      "H": 0.1847870062468085,
      "Q": 0.1520347394803218,
      "C": 0.10066165316873381
    }
  },
  "variant_C_crypto_capped10pct": {
    "full": {
      "sharpe": 2.257280839308943,
      "cagr": 0.4513327329674264,
      "mdd": -0.20024981289981003,
      "vol": 0.1716629148330912
    },
    "is": {
      "sharpe": 2.489908618387467,
      "cagr": 0.4413454577249776,
      "mdd": -0.17930502224188594,
      "vol": 0.15153032270266492
    },
    "oos": {
      "sharpe": 2.0697316855506336,
      "cagr": 0.4634241811305253,
      "mdd": -0.20024981289981003,
      "vol": 0.19313642296074313
    },
    "weights": {
      "V": 0.23601733362163604,
      "O": 0.3269131171675459,
      "H": 0.18492295609110773,
      "Q": 0.15214659311971035,
      "C": 0.1
    }
  },
  "oos_corr_crypto_vs_others": {
    "V": 0.2410565280293414,
    "O": -0.023793649880624,
    "H": 0.02087962659451885,
    "Q": -0.008650265443548954
  }
}