{
  "crypto_sleeve_standalone": {
    "full": {
      "sharpe": 0.361958752752043,
      "cagr": 0.05402529659732824,
      "mdd": -0.49841998880985194,
      "vol": 0.2042835969424156
    },
    "is": {
      "sharpe": 0.9595589132335279,
      "cagr": 0.00244743125210678,
      "mdd": -0.004317039452336635,
      "vol": 0.0025508647746815267
    },
    "oos": {
      "sharpe": 0.5277554403842648,
      "cagr": 0.11966537537106148,
      "mdd": -0.4984199888098523,
      "vol": 0.30322881335981583
    }
  },
  "variant_A_no_crypto": {
    "full": {
      "sharpe": 2.0910780358949577,
      "cagr": 0.4136290841045227,
      "mdd": -0.20932294338414748,
      "vol": 0.17280446827876567
    },
    "is": {
      "sharpe": 2.3978958455425055,
      "cagr": 0.41596253654193105,
      "mdd": -0.1909632811414118,
      "vol": 0.14983115216883144
    },
    "oos": {
      "sharpe": 1.847026846811224,
      "cagr": 0.4108244158861425,
      "mdd": -0.20932294338414736,
      "vol": 0.19698572260564284
    },
    "weights": {
      "V": 0.2621033655561683,
      "O": 0.36357216463058145,
      "H": 0.205361735158725,
      "Q": 0.16896273465452522
    }
  },
  "variant_B_crypto_invvol": {
    "full": {
      "sharpe": 0.42513218836958433,
      "cagr": 0.06613506099126476,
      "mdd": -0.485026331853497,
      "vol": 0.19745204382356982
    },
    "is": {
      "sharpe": 2.5905746869733988,
      "cagr": 0.014958434698224998,
      "mdd": -0.007387022526959441,
      "vol": 0.005737936235742199
    },
    "oos": {
      "sharpe": 0.5703196236756293,
      "cagr": 0.13119410961472378,
      "mdd": -0.4850263318534972,
      "vol": 0.2930332891006166
    },
    "weights": {
      "V": 0.009120536754039212,
      "O": 0.012651395312007948,
      "H": 0.0071460709762883046,
      "Q": 0.0058794774657303355,
      "C": 0.9652025194919341
    }
  },
  "variant_C_crypto_capped10pct": {
    "full": {
      "sharpe": 2.1120117435570247,
      "cagr": 0.37711284724566907,
      "mdd": -0.20023620779076534,
      "vol": 0.15748354142460183
    },
    "is": {
      "sharpe": 2.3997635014036085,
      "cagr": 0.3693079521307052,
      "mdd": -0.17318797000387076,
      "vol": 0.13484508698480885
    },
    "oos": {
      "sharpe": 1.8969120329479023,
      "cagr": 0.38656998210180915,
      "mdd": -0.20023620779076567,
      "vol": 0.18106121206973314
    },
    "weights": {
      "V": 0.23589302900055148,
      "O": 0.32721494816752333,
      "H": 0.1848255616428525,
      "Q": 0.1520664611890727,
      "C": 0.1
    }
  },
  "oos_corr_crypto_vs_others": {
    "V": 0.1621426672088005,
    "O": -0.03949921306688572,
    "H": 0.005368743047216011,
    "Q": -0.00585068473256595
  }
}