{
  "crypto_sleeve_standalone": {
    "full": {
      "sharpe": 0.8390102875106815,
      "cagr": 0.39894910268702777,
      "mdd": -0.7151404216305095,
      "vol": 0.6234457311255801
    },
    "is": {
      "sharpe": 0.805489186973607,
      "cagr": 0.38158737777693497,
      "mdd": -0.7151404216305095,
      "vol": 0.6324787359176233
    },
    "oos": {
      "sharpe": 0.8798357791001419,
      "cagr": 0.41971299508383497,
      "mdd": -0.6988086070106683,
      "vol": 0.6127838441328136
    }
  },
  "variant_A_no_crypto": {
    "full": {
      "sharpe": 2.1146849036409465,
      "cagr": 0.42409996363729596,
      "mdd": -0.20932831348426373,
      "vol": 0.17450967384776148
    },
    "is": {
      "sharpe": 2.417446525138791,
      "cagr": 0.42064757111443374,
      "mdd": -0.19095851805617148,
      "vol": 0.14999811429744714
    },
    "oos": {
      "sharpe": 1.8864751492429228,
      "cagr": 0.42818384185402625,
      "mdd": -0.2093283134842625,
      "vol": 0.1996357381202746
    },
    "weights": {
      "V": 0.26224148180181783,
      "O": 0.3632367968528288,
      "H": 0.2054699512123419,
      "Q": 0.1690517701330115
    }
  },
  "variant_B_crypto_invvol": {
    "full": {
      "sharpe": 2.225454154810248,
      "cagr": 0.44677983633033747,
      "mdd": -0.2003124250877405,
      "vol": 0.1727913994071337
    },
    "is": {
      "sharpe": 2.488889024439411,
      "cagr": 0.441464019041774,
      "mdd": -0.17939927108511067,
      "vol": 0.15163143533244205
    },
    "oos": {
      "sharpe": 2.0166378003379495,
      "cagr": 0.45307658244235993,
      "mdd": -0.20031242508774072,
      "vol": 0.19486371522220947
    },
    "weights": {
      "V": 0.23584382071422844,
      "O": 0.32667278038990755,
      "H": 0.1847870062468085,
      "Q": 0.1520347394803218,
      "C": 0.10066165316873381
    }
  },
  "variant_C_crypto_capped10pct": {
    "full": {
      "sharpe": 2.2257168529501192,
      "cagr": 0.44664865904321305,
      "mdd": -0.20024981289981003,
      "vol": 0.1727252113156208
    },
    "is": {
      "sharpe": 2.489908618387467,
      "cagr": 0.4413454577249778,
      "mdd": -0.17930502224188583,
      "vol": 0.15153032270266492
    },
    "oos": {
      "sharpe": 2.0164495812243217,
      "cagr": 0.4529304035137076,
      "mdd": -0.20024981289981003,
      "vol": 0.19482856984300295
    },
    "weights": {
      "V": 0.23601733362163604,
      "O": 0.3269131171675459,
      "H": 0.18492295609110773,
      "Q": 0.15214659311971035,
      "C": 0.1
    }
  },
  "oos_corr_crypto_vs_others": {
    "V": 0.2331087163873627,
    "O": -0.02016312645934804,
    "H": 0.02057265638685763,
    "Q": -0.007918835611675498
  }
}