{
  "crypto_sleeve_standalone": {
    "full": {
      "sharpe": 0.8690358221346293,
      "cagr": 0.42596630363771704,
      "mdd": -0.7151404216305095,
      "vol": 0.6250453900961926
    },
    "is": {
      "sharpe": 0.805489186973607,
      "cagr": 0.38158737777693497,
      "mdd": -0.7151404216305095,
      "vol": 0.6324787359176233
    },
    "oos": {
      "sharpe": 0.9470927708361115,
      "cagr": 0.48099546413412564,
      "mdd": -0.6988086070106683,
      "vol": 0.6161858410265066
    }
  },
  "variant_A_no_crypto": {
    "full": {
      "sharpe": 2.153536980785383,
      "cagr": 0.430379287706794,
      "mdd": -0.20932831348426373,
      "vol": 0.17331017024632409
    },
    "is": {
      "sharpe": 2.417446525138791,
      "cagr": 0.42064757111443374,
      "mdd": -0.19095851805617148,
      "vol": 0.14999811429744714
    },
    "oos": {
      "sharpe": 1.9523414765771963,
      "cagr": 0.4421219941015173,
      "mdd": -0.2093283134842625,
      "vol": 0.19768343247544587
    },
    "weights": {
      "V": 0.26224148180181783,
      "O": 0.3632367968528288,
      "H": 0.2054699512123419,
      "Q": 0.1690517701330115
    }
  },
  "variant_B_crypto_invvol": {
    "full": {
      "sharpe": 2.2719269569802467,
      "cagr": 0.4554283301214901,
      "mdd": -0.2003124250877405,
      "vol": 0.17180922542900745
    },
    "is": {
      "sharpe": 2.488889024439411,
      "cagr": 0.441464019041774,
      "mdd": -0.17939927108511067,
      "vol": 0.15163143533244205
    },
    "oos": {
      "sharpe": 2.0999718290173544,
      "cagr": 0.4723304645276918,
      "mdd": -0.20031242508774072,
      "vol": 0.19325987463981795
    },
    "weights": {
      "V": 0.23584382071422844,
      "O": 0.32667278038990755,
      "H": 0.1847870062468085,
      "Q": 0.1520347394803218,
      "C": 0.10066165316873381
    }
  },
  "variant_C_crypto_capped10pct": {
    "full": {
      "sharpe": 2.272177334382116,
      "cagr": 0.45528152980407954,
      "mdd": -0.20024981289981003,
      "vol": 0.17174080219666873
    },
    "is": {
      "sharpe": 2.489908618387467,
      "cagr": 0.4413454577249778,
      "mdd": -0.17930502224188583,
      "vol": 0.15153032270266492
    },
    "oos": {
      "sharpe": 2.0997156110785644,
      "cagr": 0.47214913913434775,
      "mdd": -0.20024981289981003,
      "vol": 0.1932211778684354
    },
    "weights": {
      "V": 0.23601733362163604,
      "O": 0.3269131171675459,
      "H": 0.18492295609110773,
      "Q": 0.15214659311971035,
      "C": 0.1
    }
  },
  "oos_corr_crypto_vs_others": {
    "V": 0.24091551447494552,
    "O": -0.02402692029980307,
    "H": 0.020837768575940066,
    "Q": -0.008456980424291697
  }
}