{
  "crypto_sleeve_standalone": {
    "full": {
      "sharpe": 0.8388482754166819,
      "cagr": 0.39875755515574096,
      "mdd": -0.7151404216305095,
      "vol": 0.6232939568210188
    },
    "is": {
      "sharpe": 0.805489186973607,
      "cagr": 0.38158737777693497,
      "mdd": -0.7151404216305095,
      "vol": 0.6324787359176233
    },
    "oos": {
      "sharpe": 0.8794627061229205,
      "cagr": 0.4192673209586615,
      "mdd": -0.6988086070106683,
      "vol": 0.6124587910158588
    }
  },
  "variant_A_no_crypto": {
    "full": {
      "sharpe": 2.0962438861716026,
      "cagr": 0.41950674934349097,
      "mdd": -0.20932831348426373,
      "vol": 0.174500905349214
    },
    "is": {
      "sharpe": 2.417446525138791,
      "cagr": 0.42064757111443374,
      "mdd": -0.19095851805617148,
      "vol": 0.14999811429744714
    },
    "oos": {
      "sharpe": 1.8514959567325322,
      "cagr": 0.4181634286901723,
      "mdd": -0.2093283134842625,
      "vol": 0.19959479111094236
    },
    "weights": {
      "V": 0.26224148180181783,
      "O": 0.3632367968528288,
      "H": 0.2054699512123419,
      "Q": 0.1690517701330115
    }
  },
  "variant_B_crypto_invvol": {
    "full": {
      "sharpe": 2.2086195902955446,
      "cagr": 0.4425505463275923,
      "mdd": -0.2003124250877405,
      "vol": 0.1727801530325898
    },
    "is": {
      "sharpe": 2.488889024439411,
      "cagr": 0.441464019041774,
      "mdd": -0.17939927108511067,
      "vol": 0.15163143533244205
    },
    "oos": {
      "sharpe": 1.9842315124392846,
      "cagr": 0.4438321065178976,
      "mdd": -0.20031242508774072,
      "vol": 0.19482071225292
    },
    "weights": {
      "V": 0.23584382071422844,
      "O": 0.32667278038990755,
      "H": 0.1847870062468085,
      "Q": 0.1520347394803218,
      "C": 0.10066165316873381
    }
  },
  "variant_C_crypto_capped10pct": {
    "full": {
      "sharpe": 2.2088636993225728,
      "cagr": 0.4424168703882372,
      "mdd": -0.20024981289981003,
      "vol": 0.1727140142533131
    },
    "is": {
      "sharpe": 2.489908618387467,
      "cagr": 0.4413454577249778,
      "mdd": -0.17930502224188583,
      "vol": 0.15153032270266492
    },
    "oos": {
      "sharpe": 1.9840144560861401,
      "cagr": 0.4436805885245374,
      "mdd": -0.20024981289981003,
      "vol": 0.19478563739400734
    },
    "weights": {
      "V": 0.23601733362163604,
      "O": 0.3269131171675459,
      "H": 0.18492295609110773,
      "Q": 0.15214659311971035,
      "C": 0.1
    }
  },
  "oos_corr_crypto_vs_others": {
    "V": 0.23195314314465845,
    "O": -0.02003070954979616,
    "H": 0.020619298839591717,
    "Q": -0.007919064873975598
  }
}