{
  "crypto_sleeve_standalone": {
    "full": {
      "sharpe": 0.8697408252491712,
      "cagr": 0.4266216019943998,
      "mdd": -0.7151404216305095,
      "vol": 0.6251189198485194
    },
    "is": {
      "sharpe": 0.805489186973607,
      "cagr": 0.38158737777693497,
      "mdd": -0.7151404216305095,
      "vol": 0.6324787359176233
    },
    "oos": {
      "sharpe": 0.9486837959473501,
      "cagr": 0.48252231726252304,
      "mdd": -0.6988086070106683,
      "vol": 0.6163447235982257
    }
  },
  "variant_A_no_crypto": {
    "full": {
      "sharpe": 2.1553524936506947,
      "cagr": 0.43086491221295753,
      "mdd": -0.20932831348426373,
      "vol": 0.17332293840886787
    },
    "is": {
      "sharpe": 2.417446525138791,
      "cagr": 0.42064757111443374,
      "mdd": -0.19095851805617148,
      "vol": 0.14999811429744714
    },
    "oos": {
      "sharpe": 1.9558173021348715,
      "cagr": 0.4432048860530038,
      "mdd": -0.2093283134842625,
      "vol": 0.19772021085614744
    },
    "weights": {
      "V": 0.26224148180181783,
      "O": 0.3632367968528288,
      "H": 0.2054699512123419,
      "Q": 0.1690517701330115
    }
  },
  "variant_B_crypto_invvol": {
    "full": {
      "sharpe": 2.2738604145395085,
      "cagr": 0.45594652970501404,
      "mdd": -0.2003124250877405,
      "vol": 0.17182080607594816
    },
    "is": {
      "sharpe": 2.488889024439411,
      "cagr": 0.441464019041774,
      "mdd": -0.17939927108511067,
      "vol": 0.15163143533244205
    },
    "oos": {
      "sharpe": 2.1037303692160596,
      "cagr": 0.4734922740317815,
      "mdd": -0.20031242508774072,
      "vol": 0.19329320649519965
    },
    "weights": {
      "V": 0.23584382071422844,
      "O": 0.32667278038990755,
      "H": 0.1847870062468085,
      "Q": 0.1520347394803218,
      "C": 0.10066165316873381
    }
  },
  "variant_C_crypto_capped10pct": {
    "full": {
      "sharpe": 2.274111006041055,
      "cagr": 0.4557995237714614,
      "mdd": -0.20024981289981003,
      "vol": 0.17175237630924955
    },
    "is": {
      "sharpe": 2.489908618387467,
      "cagr": 0.4413454577249778,
      "mdd": -0.17930502224188583,
      "vol": 0.15153032270266492
    },
    "oos": {
      "sharpe": 2.1034737044695113,
      "cagr": 0.47331044665415933,
      "mdd": -0.20024981289981003,
      "vol": 0.1932545069484647
    },
    "weights": {
      "V": 0.23601733362163604,
      "O": 0.3269131171675459,
      "H": 0.18492295609110773,
      "Q": 0.15214659311971035,
      "C": 0.1
    }
  },
  "oos_corr_crypto_vs_others": {
    "V": 0.24101095360038446,
    "O": -0.024017527717516512,
    "H": 0.0207102766134855,
    "Q": -0.008549229663713473
  }
}