{
  "crypto_sleeve_standalone": {
    "full": {
      "sharpe": 0.36200334939253564,
      "cagr": 0.05403895992060814,
      "mdd": -0.49841998880985194,
      "vol": 0.20430875278195057
    },
    "is": {
      "sharpe": 0.9595589132335279,
      "cagr": 0.00244743125210678,
      "mdd": -0.004317039452336635,
      "vol": 0.0025508647746815267
    },
    "oos": {
      "sharpe": 0.5278988355038442,
      "cagr": 0.11973412035499265,
      "mdd": -0.4984199888098523,
      "vol": 0.3033111102040962
    }
  },
  "variant_A_no_crypto": {
    "full": {
      "sharpe": 2.085422919325936,
      "cagr": 0.4121721797054101,
      "mdd": -0.20932294338414703,
      "vol": 0.17277556681728065
    },
    "is": {
      "sharpe": 2.3978958455425055,
      "cagr": 0.4159625365419308,
      "mdd": -0.1909632811414118,
      "vol": 0.14983115216883144
    },
    "oos": {
      "sharpe": 1.8358267416279361,
      "cagr": 0.4076191067947823,
      "mdd": -0.20932294338414748,
      "vol": 0.19694222810297696
    },
    "weights": {
      "V": 0.2621033655561683,
      "O": 0.36357216463058145,
      "H": 0.205361735158725,
      "Q": 0.16896273465452522
    }
  },
  "variant_B_crypto_invvol": {
    "full": {
      "sharpe": 0.4249860655039021,
      "cagr": 0.06611010245202342,
      "mdd": -0.485026331853497,
      "vol": 0.197476357069626
    },
    "is": {
      "sharpe": 2.590574686973399,
      "cagr": 0.014958434698224998,
      "mdd": -0.007387022526959441,
      "vol": 0.005737936235742198
    },
    "oos": {
      "sharpe": 0.5701795508280633,
      "cagr": 0.13117211899805015,
      "mdd": -0.4850263318534972,
      "vol": 0.2931129066595184
    },
    "weights": {
      "V": 0.009120536754039212,
      "O": 0.012651395312007948,
      "H": 0.0071460709762883046,
      "Q": 0.0058794774657303355,
      "C": 0.9652025194919341
    }
  },
  "variant_C_crypto_capped10pct": {
    "full": {
      "sharpe": 2.106428953292033,
      "cagr": 0.3758370636197914,
      "mdd": -0.20023620779076545,
      "vol": 0.1574585076841197
    },
    "is": {
      "sharpe": 2.3997635014036085,
      "cagr": 0.3693079521307052,
      "mdd": -0.17318797000387076,
      "vol": 0.13484508698480885
    },
    "oos": {
      "sharpe": 1.8859670756658358,
      "cagr": 0.3837445676519482,
      "mdd": -0.20023620779076556,
      "vol": 0.1810256343330857
    },
    "weights": {
      "V": 0.23589302900055148,
      "O": 0.32721494816752333,
      "H": 0.1848255616428525,
      "Q": 0.1520664611890727,
      "C": 0.1
    }
  },
  "oos_corr_crypto_vs_others": {
    "V": 0.16274177303872636,
    "O": -0.03950051176952813,
    "H": 0.00536778249227957,
    "Q": -0.00584721804391452
  }
}