{
  "crypto_sleeve_standalone": {
    "full": {
      "sharpe": 0.8511812747861043,
      "cagr": 0.4099438749533031,
      "mdd": -0.7151404216305095,
      "vol": 0.6244336088712598
    },
    "is": {
      "sharpe": 0.805489186973607,
      "cagr": 0.38158737777693497,
      "mdd": -0.7151404216305095,
      "vol": 0.6324787359176233
    },
    "oos": {
      "sharpe": 0.9070673614809208,
      "cagr": 0.4444449511014097,
      "mdd": -0.6988086070106683,
      "vol": 0.6148887137701634
    }
  },
  "variant_A_no_crypto": {
    "full": {
      "sharpe": 2.1464730851660137,
      "cagr": 0.42944049448317667,
      "mdd": -0.20932831348426373,
      "vol": 0.17359753547709245
    },
    "is": {
      "sharpe": 2.417446525138791,
      "cagr": 0.42064757111443374,
      "mdd": -0.19095851805617148,
      "vol": 0.14999811429744714
    },
    "oos": {
      "sharpe": 1.9412219428188595,
      "cagr": 0.4399742539100464,
      "mdd": -0.2093283134842625,
      "vol": 0.19808837439376709
    },
    "weights": {
      "V": 0.26224148180181783,
      "O": 0.3632367968528288,
      "H": 0.2054699512123419,
      "Q": 0.1690517701330115
    }
  },
  "variant_B_crypto_invvol": {
    "full": {
      "sharpe": 2.2589168255447514,
      "cagr": 0.45287052431368036,
      "mdd": -0.2003124250877405,
      "vol": 0.17203640916141005
    },
    "is": {
      "sharpe": 2.488889024439411,
      "cagr": 0.441464019041774,
      "mdd": -0.17939927108511067,
      "vol": 0.15163143533244205
    },
    "oos": {
      "sharpe": 2.076577719344338,
      "cagr": 0.46656094715032115,
      "mdd": -0.20031242508774072,
      "vol": 0.19357296378821506
    },
    "weights": {
      "V": 0.23584382071422844,
      "O": 0.32667278038990755,
      "H": 0.1847870062468085,
      "Q": 0.1520347394803218,
      "C": 0.10066165316873381
    }
  },
  "variant_C_crypto_capped10pct": {
    "full": {
      "sharpe": 2.259195870393587,
      "cagr": 0.45273447402074707,
      "mdd": -0.20024981289981003,
      "vol": 0.17196862760359333
    },
    "is": {
      "sharpe": 2.489908618387467,
      "cagr": 0.4413454577249778,
      "mdd": -0.17930502224188583,
      "vol": 0.15153032270266492
    },
    "oos": {
      "sharpe": 2.076390156411547,
      "cagr": 0.4664037355120001,
      "mdd": -0.20024981289981003,
      "vol": 0.193535254523808
    },
    "weights": {
      "V": 0.23601733362163604,
      "O": 0.3269131171675459,
      "H": 0.18492295609110773,
      "Q": 0.15214659311971035,
      "C": 0.1
    }
  },
  "oos_corr_crypto_vs_others": {
    "V": 0.2392319930488084,
    "O": -0.022352397072004076,
    "H": 0.020842541109598454,
    "Q": -0.008626053670731128
  }
}