{
  "crypto_sleeve_standalone": {
    "full": {
      "sharpe": 0.85703255182603,
      "cagr": 0.4151448138461542,
      "mdd": -0.7151404216305095,
      "vol": 0.6245594137843274
    },
    "is": {
      "sharpe": 0.805489186973607,
      "cagr": 0.38158737777693497,
      "mdd": -0.7151404216305095,
      "vol": 0.6324787359176233
    },
    "oos": {
      "sharpe": 0.920150956279116,
      "cagr": 0.4562059099457394,
      "mdd": -0.6988086070106683,
      "vol": 0.6151517546712439
    }
  },
  "variant_A_no_crypto": {
    "full": {
      "sharpe": 2.1362426706356676,
      "cagr": 0.42667757473067947,
      "mdd": -0.20932831348426373,
      "vol": 0.17351523199365013
    },
    "is": {
      "sharpe": 2.417446525138791,
      "cagr": 0.42064757111443374,
      "mdd": -0.19095851805617148,
      "vol": 0.14999811429744714
    },
    "oos": {
      "sharpe": 1.9208875921113624,
      "cagr": 0.4338977675447486,
      "mdd": -0.2093283134842625,
      "vol": 0.1979682175481131
    },
    "weights": {
      "V": 0.26224148180181783,
      "O": 0.3632367968528288,
      "H": 0.2054699512123419,
      "Q": 0.1690517701330115
    }
  },
  "variant_B_crypto_invvol": {
    "full": {
      "sharpe": 2.2513933139428888,
      "cagr": 0.4508840020522895,
      "mdd": -0.2003124250877405,
      "vol": 0.17199982648328102
    },
    "is": {
      "sharpe": 2.488889024439411,
      "cagr": 0.441464019041774,
      "mdd": -0.17939927108511067,
      "vol": 0.15163143533244205
    },
    "oos": {
      "sharpe": 2.0615022414548347,
      "cagr": 0.4621914821681332,
      "mdd": -0.20031242508774072,
      "vol": 0.19353526286936196
    },
    "weights": {
      "V": 0.23584382071422844,
      "O": 0.32667278038990755,
      "H": 0.1847870062468085,
      "Q": 0.1520347394803218,
      "C": 0.10066165316873381
    }
  },
  "variant_C_crypto_capped10pct": {
    "full": {
      "sharpe": 2.2516517306156323,
      "cagr": 0.4507427377030646,
      "mdd": -0.20024981289981003,
      "vol": 0.17193171922794775
    },
    "is": {
      "sharpe": 2.489908618387467,
      "cagr": 0.4413454577249778,
      "mdd": -0.17930502224188583,
      "vol": 0.15153032270266492
    },
    "oos": {
      "sharpe": 2.0612749403848714,
      "cagr": 0.46202277885094634,
      "mdd": -0.20024981289981003,
      "vol": 0.19349697760639184
    },
    "weights": {
      "V": 0.23601733362163604,
      "O": 0.3269131171675459,
      "H": 0.18492295609110773,
      "Q": 0.15214659311971035,
      "C": 0.1
    }
  },
  "oos_corr_crypto_vs_others": {
    "V": 0.24016078276250036,
    "O": -0.021232498157982574,
    "H": 0.020993407784348068,
    "Q": -0.008668292018905885
  }
}