{
  "crypto_sleeve_standalone": {
    "full": {
      "sharpe": 0.37117415395940395,
      "cagr": 0.05588802205454391,
      "mdd": -0.4984199888098523,
      "vol": 0.2035769230744578
    },
    "is": {
      "sharpe": 0.9595589132335279,
      "cagr": 0.00244743125210678,
      "mdd": -0.004317039452336635,
      "vol": 0.0025508647746815267
    },
    "oos": {
      "sharpe": 0.5412586138438171,
      "cagr": 0.12395514098818339,
      "mdd": -0.4984199888098523,
      "vol": 0.30208557078217874
    }
  },
  "variant_A_no_crypto": {
    "full": {
      "sharpe": 2.0888557923171427,
      "cagr": 0.4130260226875815,
      "mdd": -0.20932294338414703,
      "vol": 0.17278187669646156
    },
    "is": {
      "sharpe": 2.3978958455425055,
      "cagr": 0.4159625365419308,
      "mdd": -0.1909632811414118,
      "vol": 0.14983115216883144
    },
    "oos": {
      "sharpe": 1.8428297728181,
      "cagr": 0.4095019920163614,
      "mdd": -0.20932294338414748,
      "vol": 0.19691745668053623
    },
    "weights": {
      "V": 0.2621033655561683,
      "O": 0.36357216463058145,
      "H": 0.205361735158725,
      "Q": 0.16896273465452522
    }
  },
  "variant_B_crypto_invvol": {
    "full": {
      "sharpe": 0.43446462777879585,
      "cagr": 0.06793114636624131,
      "mdd": -0.48502633185349675,
      "vol": 0.19677572027696263
    },
    "is": {
      "sharpe": 2.590574686973399,
      "cagr": 0.014958434698224998,
      "mdd": -0.007387022526959441,
      "vol": 0.005737936235742198
    },
    "oos": {
      "sharpe": 0.5838370227582932,
      "cagr": 0.13532331062773295,
      "mdd": -0.4850263318534972,
      "vol": 0.29193815269010576
    },
    "weights": {
      "V": 0.009120536754039212,
      "O": 0.012651395312007948,
      "H": 0.0071460709762883046,
      "Q": 0.0058794774657303355,
      "C": 0.9652025194919341
    }
  },
  "variant_C_crypto_capped10pct": {
    "full": {
      "sharpe": 2.110751603156142,
      "cagr": 0.3768048047075505,
      "mdd": -0.20023620779076567,
      "vol": 0.1574704623093167
    },
    "is": {
      "sharpe": 2.3997635014036085,
      "cagr": 0.3693079521307052,
      "mdd": -0.17318797000387076,
      "vol": 0.13484508698480885
    },
    "oos": {
      "sharpe": 1.8946081936038421,
      "cagr": 0.3858765646016964,
      "mdd": -0.20023620779076556,
      "vol": 0.1810123378811625
    },
    "weights": {
      "V": 0.23589302900055148,
      "O": 0.32721494816752333,
      "H": 0.1848255616428525,
      "Q": 0.1520664611890727,
      "C": 0.1
    }
  },
  "oos_corr_crypto_vs_others": {
    "V": 0.16268636680444512,
    "O": -0.037285592432914946,
    "H": 0.0038139657330092266,
    "Q": -0.004562171665545929
  }
}