{
  "params": {
    "weights": {
      "VANGUARD": 0.236,
      "ORION": 0.327,
      "HELIOS": 0.185,
      "QUANTUM": 0.152,
      "CRYPTO": 0.101
    },
    "target_vol": 0.15,
    "vol_cap": 1.0,
    "vol_floor": 0.25,
    "vol_win": 60,
    "dd_floor": -0.1,
    "dd_win": 252,
    "vol_gate_pct": 0.99,
    "tc_bps_per_lev_chg": 10.0
  },
  "full": {
    "sharpe": 2.3401,
    "sortino": 3.4722,
    "cagr": 0.3682,
    "vol": 0.1381,
    "mdd": -0.1765,
    "calmar": 2.0856,
    "navx": 198.9501,
    "n": 4255
  },
  "is": {
    "sharpe": 2.5577,
    "sortino": 3.8638,
    "cagr": 0.3822,
    "vol": 0.1299,
    "mdd": -0.1632,
    "calmar": 2.3423,
    "navx": 19.137,
    "n": 2298
  },
  "oos": {
    "sharpe": 2.1238,
    "sortino": 3.1311,
    "cagr": 0.3521,
    "vol": 0.1472,
    "mdd": -0.1765,
    "calmar": 1.9945,
    "navx": 10.3961,
    "n": 1956
  },
  "is_oos_gap": 0.4339,
  "avg_total_mult": 0.8512625364425388,
  "avg_vol_target_mult": 0.8906387797546798,
  "correlations": {
    "VANGUARD": {
      "VANGUARD": 1.0,
      "ORION": -0.018,
      "HELIOS": -0.058,
      "QUANTUM": 0.041,
      "CRYPTO": 0.127
    },
    "ORION": {
      "VANGUARD": -0.018,
      "ORION": 1.0,
      "HELIOS": -0.018,
      "QUANTUM": 0.185,
      "CRYPTO": 0.001
    },
    "HELIOS": {
      "VANGUARD": -0.058,
      "ORION": -0.018,
      "HELIOS": 1.0,
      "QUANTUM": -0.036,
      "CRYPTO": 0.016
    },
    "QUANTUM": {
      "VANGUARD": 0.041,
      "ORION": 0.185,
      "HELIOS": -0.036,
      "QUANTUM": 1.0,
      "CRYPTO": 0.006
    },
    "CRYPTO": {
      "VANGUARD": 0.127,
      "ORION": 0.001,
      "HELIOS": 0.016,
      "QUANTUM": 0.006,
      "CRYPTO": 1.0
    }
  }
}