{
  "crypto_sleeve_standalone": {
    "full": {
      "sharpe": 0.8634715260432845,
      "cagr": 0.4209181186033504,
      "mdd": -0.7151404216305095,
      "vol": 0.6247700697323105
    },
    "is": {
      "sharpe": 0.805489186973607,
      "cagr": 0.38158737777693497,
      "mdd": -0.7151404216305095,
      "vol": 0.6324787359176233
    },
    "oos": {
      "sharpe": 0.934574262903803,
      "cagr": 0.4693647377720269,
      "mdd": -0.6988086070106683,
      "vol": 0.6155987202069849
    }
  },
  "variant_A_no_crypto": {
    "full": {
      "sharpe": 2.1341319893401662,
      "cagr": 0.42595986175801515,
      "mdd": -0.20932831348426373,
      "vol": 0.17344512655853994
    },
    "is": {
      "sharpe": 2.417446525138791,
      "cagr": 0.42064757111443374,
      "mdd": -0.19095851805617148,
      "vol": 0.14999811429744714
    },
    "oos": {
      "sharpe": 1.916098858300578,
      "cagr": 0.43233089802410984,
      "mdd": -0.2093283134842625,
      "vol": 0.19788300492004793
    },
    "weights": {
      "V": 0.26224148180181783,
      "O": 0.3632367968528288,
      "H": 0.2054699512123419,
      "Q": 0.1690517701330115
    }
  },
  "variant_B_crypto_invvol": {
    "full": {
      "sharpe": 2.251795368449434,
      "cagr": 0.45083690862499104,
      "mdd": -0.2003124250877405,
      "vol": 0.17195099713709486
    },
    "is": {
      "sharpe": 2.488889024439411,
      "cagr": 0.441464019041774,
      "mdd": -0.17939927108511067,
      "vol": 0.15163143533244205
    },
    "oos": {
      "sharpe": 2.0617177894244265,
      "cagr": 0.4621117865694748,
      "mdd": -0.20031242508774072,
      "vol": 0.19348386249769797
    },
    "weights": {
      "V": 0.23584382071422844,
      "O": 0.32667278038990755,
      "H": 0.1847870062468085,
      "Q": 0.1520347394803218,
      "C": 0.10066165316873381
    }
  },
  "variant_C_crypto_capped10pct": {
    "full": {
      "sharpe": 2.2520385874179687,
      "cagr": 0.4506911716759656,
      "mdd": -0.20024981289981003,
      "vol": 0.17188268105253007
    },
    "is": {
      "sharpe": 2.489908618387467,
      "cagr": 0.4413454577249778,
      "mdd": -0.17930502224188583,
      "vol": 0.15153032270266492
    },
    "oos": {
      "sharpe": 2.061458412009111,
      "cagr": 0.46193313483176324,
      "mdd": -0.20024981289981003,
      "vol": 0.19344524707316127
    },
    "weights": {
      "V": 0.23601733362163604,
      "O": 0.3269131171675459,
      "H": 0.18492295609110773,
      "Q": 0.15214659311971035,
      "C": 0.1
    }
  },
  "oos_corr_crypto_vs_others": {
    "V": 0.24030843990196668,
    "O": -0.021552590678720403,
    "H": 0.021113085845013826,
    "Q": -0.008514881787271368
  }
}