{
  "crypto_sleeve_standalone": {
    "full": {
      "sharpe": 0.8399086556837336,
      "cagr": 0.3999853105908855,
      "mdd": -0.7151404216305095,
      "vol": 0.6242061064674721
    },
    "is": {
      "sharpe": 0.805489186973607,
      "cagr": 0.38158737777693497,
      "mdd": -0.7151404216305095,
      "vol": 0.6324787359176233
    },
    "oos": {
      "sharpe": 0.8819027559927646,
      "cagr": 0.42212491960458887,
      "mdd": -0.6988086070106683,
      "vol": 0.614416533901534
    }
  },
  "variant_A_no_crypto": {
    "full": {
      "sharpe": 2.0985065318407816,
      "cagr": 0.4188939393290041,
      "mdd": -0.20932831348426373,
      "vol": 0.17407133618124473
    },
    "is": {
      "sharpe": 2.417446525138791,
      "cagr": 0.42064757111443374,
      "mdd": -0.19095851805617148,
      "vol": 0.14999811429744714
    },
    "oos": {
      "sharpe": 1.8522883404969965,
      "cagr": 0.4168167694184868,
      "mdd": -0.2093283134842625,
      "vol": 0.19892448750067346
    },
    "weights": {
      "V": 0.26224148180181783,
      "O": 0.3632367968528288,
      "H": 0.2054699512123419,
      "Q": 0.1690517701330115
    }
  },
  "variant_B_crypto_invvol": {
    "full": {
      "sharpe": 2.2107267126274754,
      "cagr": 0.44217664337085627,
      "mdd": -0.2003124250877405,
      "vol": 0.17247435205574493
    },
    "is": {
      "sharpe": 2.488889024439411,
      "cagr": 0.441464019041774,
      "mdd": -0.17939927108511067,
      "vol": 0.15163143533244205
    },
    "oos": {
      "sharpe": 1.9855774410868279,
      "cagr": 0.44302234118206085,
      "mdd": -0.20031242508774072,
      "vol": 0.1943612158111383
    },
    "weights": {
      "V": 0.23584382071422844,
      "O": 0.32667278038990755,
      "H": 0.1847870062468085,
      "Q": 0.1520347394803218,
      "C": 0.10066165316873381
    }
  },
  "variant_C_crypto_capped10pct": {
    "full": {
      "sharpe": 2.2109792639857178,
      "cagr": 0.44204141077170767,
      "mdd": -0.20024981289981003,
      "vol": 0.17240707308689834
    },
    "is": {
      "sharpe": 2.489908618387467,
      "cagr": 0.4413454577249778,
      "mdd": -0.17930502224188583,
      "vol": 0.15153032270266492
    },
    "oos": {
      "sharpe": 1.9853650287461502,
      "cagr": 0.44286731375165034,
      "mdd": -0.20024981289981003,
      "vol": 0.19432422543190256
    },
    "weights": {
      "V": 0.23601733362163604,
      "O": 0.3269131171675459,
      "H": 0.18492295609110773,
      "Q": 0.15214659311971035,
      "C": 0.1
    }
  },
  "oos_corr_crypto_vs_others": {
    "V": 0.23841009001173671,
    "O": -0.020265808348769322,
    "H": 0.02075472711573977,
    "Q": -0.007864868484044333
  }
}