{
  "crypto_sleeve_standalone": {
    "full": {
      "sharpe": 0.3700580595604213,
      "cagr": 0.05583433390730419,
      "mdd": -0.49841998880985205,
      "vol": 0.20465226071921708
    },
    "is": {
      "sharpe": 0.9595589132335279,
      "cagr": 0.00244743125210678,
      "mdd": -0.004317039452336635,
      "vol": 0.0025508647746815267
    },
    "oos": {
      "sharpe": 0.540352650312888,
      "cagr": 0.12417331324336267,
      "mdd": -0.4984199888098524,
      "vol": 0.30408814741623
    }
  },
  "variant_A_no_crypto": {
    "full": {
      "sharpe": 1.8528930108541573,
      "cagr": 0.34004656367730823,
      "mdd": -0.2620246718312482,
      "vol": 0.16545732494065038
    },
    "is": {
      "sharpe": 2.1881861714138213,
      "cagr": 0.34468828086942804,
      "mdd": -0.1772814362752011,
      "vol": 0.1398992994657805
    },
    "oos": {
      "sharpe": 1.6004132939209677,
      "cagr": 0.33445741324559064,
      "mdd": -0.2620246718312481,
      "vol": 0.1918988347565929
    },
    "weights": {
      "V": 0.22157014386351806,
      "O": 0.3297749318057716,
      "H": 0.2951764319249795,
      "Q": 0.15347849240573078
    }
  },
  "variant_B_crypto_invvol": {
    "full": {
      "sharpe": 0.42891408925661484,
      "cagr": 0.0668533340816082,
      "mdd": -0.4849333372484116,
      "vol": 0.19711498267561056
    },
    "is": {
      "sharpe": 2.4002199006986737,
      "cagr": 0.014121640704819693,
      "mdd": -0.007435473725397657,
      "vol": 0.005849610038100019
    },
    "oos": {
      "sharpe": 0.5797417735919456,
      "cagr": 0.13426432910436437,
      "mdd": -0.48493333724841137,
      "vol": 0.29283072273048566
    },
    "weights": {
      "V": 0.008458248686567145,
      "O": 0.012588872919300406,
      "H": 0.011268105098008723,
      "Q": 0.005858908759867543,
      "C": 0.9618258645362562
    }
  },
  "variant_C_crypto_capped10pct": {
    "full": {
      "sharpe": 1.879053632662814,
      "cagr": 0.31252549200367596,
      "mdd": -0.24465771238680623,
      "vol": 0.15086880214608125
    },
    "is": {
      "sharpe": 2.1901803852296147,
      "cagr": 0.30693857413689574,
      "mdd": -0.16067891128048895,
      "vol": 0.12590648404859198
    },
    "oos": {
      "sharpe": 1.6598618279347377,
      "cagr": 0.31931039770868397,
      "mdd": -0.24465771238680611,
      "vol": 0.1764226276665591
    },
    "weights": {
      "V": 0.19941312947716625,
      "O": 0.2967974386251945,
      "H": 0.26565878873248155,
      "Q": 0.1381306431651577,
      "C": 0.1
    }
  },
  "oos_corr_crypto_vs_others": {
    "V": 0.1613564225485525,
    "O": -0.040689608977985334,
    "H": 0.008168067974633757,
    "Q": -0.0059094430996193955
  }
}