{
  "crypto_sleeve_standalone": {
    "full": {
      "sharpe": 0.8638334054350507,
      "cagr": 0.4212668663309782,
      "mdd": -0.7151404216305095,
      "vol": 0.624845662609157
    },
    "is": {
      "sharpe": 0.805489186973607,
      "cagr": 0.38158737777693497,
      "mdd": -0.7151404216305095,
      "vol": 0.6324787359176233
    },
    "oos": {
      "sharpe": 0.9353965112234446,
      "cagr": 0.47018302792758204,
      "mdd": -0.6988086070106683,
      "vol": 0.6157620279626401
    }
  },
  "variant_A_no_crypto": {
    "full": {
      "sharpe": 2.1297167674098976,
      "cagr": 0.42490980139030143,
      "mdd": -0.20932831348426373,
      "vol": 0.1734594747386693
    },
    "is": {
      "sharpe": 2.417446525138791,
      "cagr": 0.42064757111443374,
      "mdd": -0.19095851805617148,
      "vol": 0.14999811429744714
    },
    "oos": {
      "sharpe": 1.9075796369525009,
      "cagr": 0.4300201255269218,
      "mdd": -0.2093283134842625,
      "vol": 0.1979232532228669
    },
    "weights": {
      "V": 0.26224148180181783,
      "O": 0.3632367968528288,
      "H": 0.2054699512123419,
      "Q": 0.1690517701330115
    }
  },
  "variant_B_crypto_invvol": {
    "full": {
      "sharpe": 2.2479214976054465,
      "cagr": 0.4499180242677252,
      "mdd": -0.2003124250877405,
      "vol": 0.17196621888100685
    },
    "is": {
      "sharpe": 2.488889024439411,
      "cagr": 0.441464019041774,
      "mdd": -0.17939927108511067,
      "vol": 0.15163143533244205
    },
    "oos": {
      "sharpe": 2.0541465033580586,
      "cagr": 0.4600859802890853,
      "mdd": -0.20031242508774072,
      "vol": 0.19352484617662064
    },
    "weights": {
      "V": 0.23584382071422844,
      "O": 0.32667278038990755,
      "H": 0.1847870062468085,
      "Q": 0.1520347394803218,
      "C": 0.10066165316873381
    }
  },
  "variant_C_crypto_capped10pct": {
    "full": {
      "sharpe": 2.2481594324279275,
      "cagr": 0.44977140165970586,
      "mdd": -0.20024981289981003,
      "vol": 0.17189788531959008
    },
    "is": {
      "sharpe": 2.489908618387467,
      "cagr": 0.4413454577249778,
      "mdd": -0.17930502224188583,
      "vol": 0.15153032270266492
    },
    "oos": {
      "sharpe": 2.053878189923949,
      "cagr": 0.45990539730625124,
      "mdd": -0.20024981289981003,
      "vol": 0.1934862047779612
    },
    "weights": {
      "V": 0.23601733362163604,
      "O": 0.3269131171675459,
      "H": 0.18492295609110773,
      "Q": 0.15214659311971035,
      "C": 0.1
    }
  },
  "oos_corr_crypto_vs_others": {
    "V": 0.24037119036074403,
    "O": -0.021646818260266144,
    "H": 0.0211317061610209,
    "Q": -0.008474151197121915
  }
}