{
  "weights_5sleeve_invvol": {
    "V": 0.2357418548519544,
    "O": 0.3270194880497271,
    "H": 0.18471527687084546,
    "Q": 0.15190212014051385,
    "C": 0.10062126008695925
  },
  "with_crypto_overlayed": {
    "full": {
      "sharpe": 2.2342622595789834,
      "cagr": 0.4074921398363194,
      "mdd": -0.19282008700359576,
      "vol": 0.15871864654041026,
      "sortino": 3.2574035973851005
    },
    "is": {
      "sharpe": 2.5243247392098196,
      "cagr": 0.4064318416176491,
      "mdd": -0.164927937713492,
      "vol": 0.13901265333941987,
      "sortino": 3.817802433396326
    },
    "oos": {
      "sharpe": 1.997863173054755,
      "cagr": 0.40903557411269964,
      "mdd": -0.19282008700359576,
      "vol": 0.17984603853496164,
      "sortino": 2.9199556632372756
    }
  },
  "avg_mult": 0.9492961107134336
}