{
  "FULL": {
    "observed_sharpe": 2.310363483534587,
    "ci_5pct": 1.813898831588803,
    "ci_95pct": 2.8006848346025803,
    "se": 0.3020128462843058,
    "p_value": 0.0
  },
  "IS": {
    "observed_sharpe": 2.523315614912663,
    "ci_5pct": 1.8991351490969526,
    "ci_95pct": 3.1570859653611207,
    "se": 0.379246291839525,
    "p_value": 0.0
  },
  "OOS": {
    "observed_sharpe": 2.0913235774999475,
    "ci_5pct": 1.3095949291617999,
    "ci_95pct": 2.8722897038389634,
    "se": 0.4752535610734368,
    "p_value": 0.0
  }
}