{
  "crypto_sleeve_standalone": {
    "full": {
      "sharpe": 0.3701415188743233,
      "cagr": 0.05590394218909567,
      "mdd": -0.49841998880985205,
      "vol": 0.2049558983202502
    },
    "is": {
      "sharpe": 0.9595589132335279,
      "cagr": 0.00244743125210678,
      "mdd": -0.004317039452336635,
      "vol": 0.0025508647746815267
    },
    "oos": {
      "sharpe": 0.5414352716956984,
      "cagr": 0.12480186849953956,
      "mdd": -0.4984199888098524,
      "vol": 0.30508710707571196
    }
  },
  "variant_A_no_crypto": {
    "full": {
      "sharpe": 1.8115562368462683,
      "cagr": 0.3305508647063793,
      "mdd": -0.2620246718312481,
      "vol": 0.16528754377052715
    },
    "is": {
      "sharpe": 2.1881861714138213,
      "cagr": 0.34468828086942804,
      "mdd": -0.177281436275201,
      "vol": 0.1398992994657805
    },
    "oos": {
      "sharpe": 1.5191695586818783,
      "cagr": 0.3135504912382847,
      "mdd": -0.2620246718312478,
      "vol": 0.1917352450875607
    },
    "weights": {
      "V": 0.22157014386351806,
      "O": 0.3297749318057716,
      "H": 0.2951764319249795,
      "Q": 0.15347849240573078
    }
  },
  "variant_B_crypto_invvol": {
    "full": {
      "sharpe": 0.42752809704522615,
      "cagr": 0.06663248900767371,
      "mdd": -0.4849333372484116,
      "vol": 0.19740711412507428
    },
    "is": {
      "sharpe": 2.4002199006986737,
      "cagr": 0.014121640704819693,
      "mdd": -0.007435473725397657,
      "vol": 0.005849610038100019
    },
    "oos": {
      "sharpe": 0.5786335067032329,
      "cagr": 0.13420127200091203,
      "mdd": -0.48493333724841137,
      "vol": 0.29379292125779694
    },
    "weights": {
      "V": 0.008458248686567145,
      "O": 0.012588872919300406,
      "H": 0.011268105098008723,
      "Q": 0.005858908759867543,
      "C": 0.9618258645362562
    }
  },
  "variant_C_crypto_capped10pct": {
    "full": {
      "sharpe": 1.8382641796489478,
      "cagr": 0.3041636735892619,
      "mdd": -0.24465771238680623,
      "vol": 0.15072435427372147
    },
    "is": {
      "sharpe": 2.1901803852296147,
      "cagr": 0.30693857413689574,
      "mdd": -0.16067891128048895,
      "vol": 0.12590648404859198
    },
    "oos": {
      "sharpe": 1.5805923361969894,
      "cagr": 0.3007954628702081,
      "mdd": -0.24465771238680634,
      "vol": 0.1763066912235091
    },
    "weights": {
      "V": 0.19941312947716625,
      "O": 0.2967974386251945,
      "H": 0.26565878873248155,
      "Q": 0.1381306431651577,
      "C": 0.1
    }
  },
  "oos_corr_crypto_vs_others": {
    "V": 0.1621836529730879,
    "O": -0.04076797391823174,
    "H": 0.008299747904860372,
    "Q": -0.005919353270481785
  }
}