{
  "crypto_sleeve_standalone": {
    "full": {
      "sharpe": 0.37008699805467715,
      "cagr": 0.0558277158603242,
      "mdd": -0.49841998880985205,
      "vol": 0.20457656513165923
    },
    "is": {
      "sharpe": 0.9595589132335279,
      "cagr": 0.00244743125210678,
      "mdd": -0.004317039452336635,
      "vol": 0.0025508647746815267
    },
    "oos": {
      "sharpe": 0.5401578051045609,
      "cagr": 0.12404269329598727,
      "mdd": -0.4984199888098524,
      "vol": 0.30383991587787007
    }
  },
  "variant_A_no_crypto": {
    "full": {
      "sharpe": 2.0959995289983873,
      "cagr": 0.41469910862531845,
      "mdd": -0.20932294338414703,
      "vol": 0.17275623734846496
    },
    "is": {
      "sharpe": 2.3978958455425055,
      "cagr": 0.4159625365419308,
      "mdd": -0.1909632811414118,
      "vol": 0.14983115216883144
    },
    "oos": {
      "sharpe": 1.8558643043272023,
      "cagr": 0.41317597238674075,
      "mdd": -0.20932294338414748,
      "vol": 0.19694165847263498
    },
    "weights": {
      "V": 0.2621033655561683,
      "O": 0.36357216463058145,
      "H": 0.205361735158725,
      "Q": 0.16896273465452522
    }
  },
  "variant_B_crypto_invvol": {
    "full": {
      "sharpe": 0.43329790639948207,
      "cagr": 0.06792523557104846,
      "mdd": -0.48502633185349686,
      "vol": 0.19773147333607205
    },
    "is": {
      "sharpe": 2.590574686973399,
      "cagr": 0.014958434698224998,
      "mdd": -0.007387022526959441,
      "vol": 0.005737936235742198
    },
    "oos": {
      "sharpe": 0.582827591514782,
      "cagr": 0.13553625988549345,
      "mdd": -0.4850263318534971,
      "vol": 0.29361832608891203
    },
    "weights": {
      "V": 0.009120536754039212,
      "O": 0.012651395312007948,
      "H": 0.0071460709762883046,
      "Q": 0.0058794774657303355,
      "C": 0.9652025194919341
    }
  },
  "variant_C_crypto_capped10pct": {
    "full": {
      "sharpe": 2.1180740051212443,
      "cagr": 0.378294770759547,
      "mdd": -0.20023620779076523,
      "vol": 0.1574347283345408
    },
    "is": {
      "sharpe": 2.3997635014036085,
      "cagr": 0.3693079521307052,
      "mdd": -0.17318797000387076,
      "vol": 0.13484508698480885
    },
    "oos": {
      "sharpe": 1.907904837265011,
      "cagr": 0.38921815031025675,
      "mdd": -0.20023620779076534,
      "vol": 0.18101502656514806
    },
    "weights": {
      "V": 0.23589302900055148,
      "O": 0.32721494816752333,
      "H": 0.1848255616428525,
      "Q": 0.1520664611890727,
      "C": 0.1
    }
  },
  "oos_corr_crypto_vs_others": {
    "V": 0.16429000362742815,
    "O": -0.04080661991038511,
    "H": 0.004970307256302907,
    "Q": -0.005922442494106283
  }
}