{
  "crypto_sleeve_standalone": {
    "full": {
      "sharpe": 0.8392048180465642,
      "cagr": 0.3991690460894377,
      "mdd": -0.7151404216305095,
      "vol": 0.6235975545446583
    },
    "is": {
      "sharpe": 0.805489186973607,
      "cagr": 0.38158737777693497,
      "mdd": -0.7151404216305095,
      "vol": 0.6324787359176233
    },
    "oos": {
      "sharpe": 0.8802813693915167,
      "cagr": 0.4202221503657615,
      "mdd": -0.6988086070106683,
      "vol": 0.6131092735325884
    }
  },
  "variant_A_no_crypto": {
    "full": {
      "sharpe": 2.1026865945015647,
      "cagr": 0.4211428565998012,
      "mdd": -0.20932831348426373,
      "vol": 0.17451604530416923
    },
    "is": {
      "sharpe": 2.417446525138791,
      "cagr": 0.42064757111443374,
      "mdd": -0.19095851805617148,
      "vol": 0.14999811429744714
    },
    "oos": {
      "sharpe": 1.863433777229482,
      "cagr": 0.4217280327836588,
      "mdd": -0.2093283134842625,
      "vol": 0.19967354630573655
    },
    "weights": {
      "V": 0.26224148180181783,
      "O": 0.3632367968528288,
      "H": 0.2054699512123419,
      "Q": 0.1690517701330115
    }
  },
  "variant_B_crypto_invvol": {
    "full": {
      "sharpe": 2.214581482973464,
      "cagr": 0.444111826588103,
      "mdd": -0.2003124250877405,
      "vol": 0.17280617999244627
    },
    "is": {
      "sharpe": 2.488889024439411,
      "cagr": 0.441464019041774,
      "mdd": -0.17939927108511067,
      "vol": 0.15163143533244205
    },
    "oos": {
      "sharpe": 1.995496413642784,
      "cagr": 0.4472452678607053,
      "mdd": -0.20031242508774072,
      "vol": 0.19491509233213414
    },
    "weights": {
      "V": 0.23584382071422844,
      "O": 0.32667278038990755,
      "H": 0.1847870062468085,
      "Q": 0.1520347394803218,
      "C": 0.10066165316873381
    }
  },
  "variant_C_crypto_capped10pct": {
    "full": {
      "sharpe": 2.214832134943509,
      "cagr": 0.44397868978416155,
      "mdd": -0.20024981289981003,
      "vol": 0.17273990894447866
    },
    "is": {
      "sharpe": 2.489908618387467,
      "cagr": 0.4413454577249778,
      "mdd": -0.17930502224188583,
      "vol": 0.15153032270266492
    },
    "oos": {
      "sharpe": 1.9952885568549437,
      "cagr": 0.4470948484920336,
      "mdd": -0.20024981289981003,
      "vol": 0.19487980988918846
    },
    "weights": {
      "V": 0.23601733362163604,
      "O": 0.3269131171675459,
      "H": 0.18492295609110773,
      "Q": 0.15214659311971035,
      "C": 0.1
    }
  },
  "oos_corr_crypto_vs_others": {
    "V": 0.2334891645611271,
    "O": -0.020133446044218583,
    "H": 0.020634888835491347,
    "Q": -0.007903830583377673
  }
}