{
  "crypto_sleeve_standalone": {
    "full": {
      "sharpe": 0.8393778834994524,
      "cagr": 0.3993704278401884,
      "mdd": -0.7151404216305095,
      "vol": 0.6237495313711157
    },
    "is": {
      "sharpe": 0.805489186973607,
      "cagr": 0.38158737777693497,
      "mdd": -0.7151404216305095,
      "vol": 0.6324787359176233
    },
    "oos": {
      "sharpe": 0.880679719649772,
      "cagr": 0.4206908969859575,
      "mdd": -0.6988086070106683,
      "vol": 0.613435319317007
    }
  },
  "variant_A_no_crypto": {
    "full": {
      "sharpe": 2.125962173133537,
      "cagr": 0.42617107454034,
      "mdd": -0.20932831348426373,
      "vol": 0.17424663594164996
    },
    "is": {
      "sharpe": 2.417446525138791,
      "cagr": 0.42064757111443374,
      "mdd": -0.19095851805617148,
      "vol": 0.14999811429744714
    },
    "oos": {
      "sharpe": 1.9062754306815979,
      "cagr": 0.43272923939368124,
      "mdd": -0.2093283134842625,
      "vol": 0.1991833903361555
    },
    "weights": {
      "V": 0.26224148180181783,
      "O": 0.3632367968528288,
      "H": 0.2054699512123419,
      "Q": 0.1690517701330115
    }
  },
  "variant_B_crypto_invvol": {
    "full": {
      "sharpe": 2.235673357345208,
      "cagr": 0.4487328337954555,
      "mdd": -0.2003124250877405,
      "vol": 0.17259008263027223
    },
    "is": {
      "sharpe": 2.488889024439411,
      "cagr": 0.441464019041774,
      "mdd": -0.17939927108511067,
      "vol": 0.15163143533244205
    },
    "oos": {
      "sharpe": 2.035077128528132,
      "cagr": 0.4573740745956256,
      "mdd": -0.20031242508774072,
      "vol": 0.19451783164316133
    },
    "weights": {
      "V": 0.23584382071422844,
      "O": 0.32667278038990755,
      "H": 0.1847870062468085,
      "Q": 0.1520347394803218,
      "C": 0.10066165316873381
    }
  },
  "variant_C_crypto_capped10pct": {
    "full": {
      "sharpe": 2.2359510026821097,
      "cagr": 0.44860248522754387,
      "mdd": -0.20024981289981003,
      "vol": 0.17252334099084746
    },
    "is": {
      "sharpe": 2.489908618387467,
      "cagr": 0.4413454577249778,
      "mdd": -0.17930502224188583,
      "vol": 0.15153032270266492
    },
    "oos": {
      "sharpe": 2.0349084877445023,
      "cagr": 0.45722964050014925,
      "mdd": -0.20024981289981003,
      "vol": 0.19448175176688082
    },
    "weights": {
      "V": 0.23601733362163604,
      "O": 0.3269131171675459,
      "H": 0.18492295609110773,
      "Q": 0.15214659311971035,
      "C": 0.1
    }
  },
  "oos_corr_crypto_vs_others": {
    "V": 0.23553747405667394,
    "O": -0.0203107178519683,
    "H": 0.020680722925437583,
    "Q": -0.007921992250139733
  }
}