{
  "crypto_sleeve_standalone": {
    "full": {
      "sharpe": 0.8478208526434515,
      "cagr": 0.40698525583915557,
      "mdd": -0.7151404216305095,
      "vol": 0.6244151042992032
    },
    "is": {
      "sharpe": 0.805489186973607,
      "cagr": 0.38158737777693497,
      "mdd": -0.7151404216305095,
      "vol": 0.6324787359176233
    },
    "oos": {
      "sharpe": 0.8995690922294547,
      "cagr": 0.4377988612511996,
      "mdd": -0.6988086070106683,
      "vol": 0.6148534686580387
    }
  },
  "variant_A_no_crypto": {
    "full": {
      "sharpe": 2.152176777323458,
      "cagr": 0.4309497505418518,
      "mdd": -0.20932831348426373,
      "vol": 0.1736311874631608
    },
    "is": {
      "sharpe": 2.417446525138791,
      "cagr": 0.42064757111443374,
      "mdd": -0.19095851805617148,
      "vol": 0.14999811429744714
    },
    "oos": {
      "sharpe": 1.9524239615202783,
      "cagr": 0.44329918910363597,
      "mdd": -0.2093283134842625,
      "vol": 0.19814004711458386
    },
    "weights": {
      "V": 0.26224148180181783,
      "O": 0.3632367968528288,
      "H": 0.2054699512123419,
      "Q": 0.1690517701330115
    }
  },
  "variant_B_crypto_invvol": {
    "full": {
      "sharpe": 2.2631221594686166,
      "cagr": 0.4539463781174975,
      "mdd": -0.2003124250877405,
      "vol": 0.17204495375291734
    },
    "is": {
      "sharpe": 2.488889024439411,
      "cagr": 0.441464019041774,
      "mdd": -0.17939927108511067,
      "vol": 0.15163143533244205
    },
    "oos": {
      "sharpe": 2.084885102471132,
      "cagr": 0.46893214245099046,
      "mdd": -0.20031242508774072,
      "vol": 0.19357822406887462
    },
    "weights": {
      "V": 0.23584382071422844,
      "O": 0.32667278038990755,
      "H": 0.1847870062468085,
      "Q": 0.1520347394803218,
      "C": 0.10066165316873381
    }
  },
  "variant_C_crypto_capped10pct": {
    "full": {
      "sharpe": 2.2634129722634935,
      "cagr": 0.45381324015128155,
      "mdd": -0.20024981289981003,
      "vol": 0.17197733153987801
    },
    "is": {
      "sharpe": 2.489908618387467,
      "cagr": 0.4413454577249778,
      "mdd": -0.17930502224188583,
      "vol": 0.15153032270266492
    },
    "oos": {
      "sharpe": 2.0847198255659376,
      "cagr": 0.468781351657253,
      "mdd": -0.20024981289981003,
      "vol": 0.1935408062361069
    },
    "weights": {
      "V": 0.23601733362163604,
      "O": 0.3269131171675459,
      "H": 0.18492295609110773,
      "Q": 0.15214659311971035,
      "C": 0.1
    }
  },
  "oos_corr_crypto_vs_others": {
    "V": 0.23863613312265802,
    "O": -0.023100030442279016,
    "H": 0.020488632603583173,
    "Q": -0.008204298107588007
  }
}