{
  "crypto_sleeve_standalone": {
    "full": {
      "sharpe": 0.872479302859356,
      "cagr": 0.42988039166109493,
      "mdd": -0.7151404216305095,
      "vol": 0.6272492489590445
    },
    "is": {
      "sharpe": 0.805489186973607,
      "cagr": 0.38158737777693497,
      "mdd": -0.7151404216305095,
      "vol": 0.6324787359176233
    },
    "oos": {
      "sharpe": 0.9553500443875687,
      "cagr": 0.4909193824381317,
      "mdd": -0.6988086070106685,
      "vol": 0.6209881940952359
    }
  },
  "variant_A_no_crypto": {
    "full": {
      "sharpe": 2.0670424408492125,
      "cagr": 0.4071356782006732,
      "mdd": -0.20932294338414748,
      "vol": 0.172563580341204
    },
    "is": {
      "sharpe": 2.3978958455425055,
      "cagr": 0.41596253654193105,
      "mdd": -0.1909632811414118,
      "vol": 0.14983115216883144
    },
    "oos": {
      "sharpe": 1.79693076162231,
      "cagr": 0.39647042037048674,
      "mdd": -0.20932294338414736,
      "vol": 0.19675397094706912
    },
    "weights": {
      "V": 0.2621033655561683,
      "O": 0.36357216463058145,
      "H": 0.205361735158725,
      "Q": 0.16896273465452522
    }
  },
  "variant_B_crypto_invvol": {
    "full": {
      "sharpe": 2.194137215337678,
      "cagr": 0.43467492771104155,
      "mdd": -0.20029431630401617,
      "vol": 0.17130643329301382
    },
    "is": {
      "sharpe": 2.471535193233966,
      "cagr": 0.4371785498434906,
      "mdd": -0.17941486471014945,
      "vol": 0.15148043620785087
    },
    "oos": {
      "sharpe": 1.9594792409698978,
      "cagr": 0.43163471179475144,
      "mdd": -0.20029431630401617,
      "vol": 0.19274060795641795
    },
    "weights": {
      "V": 0.23573210506515663,
      "O": 0.3269917253050155,
      "H": 0.18469947543815562,
      "Q": 0.1519627229248273,
      "C": 0.10061397126684497
    }
  },
  "variant_C_crypto_capped10pct": {
    "full": {
      "sharpe": 2.194294871559967,
      "cagr": 0.4345229857792212,
      "mdd": -0.20023620779076534,
      "vol": 0.17124080427581712
    },
    "is": {
      "sharpe": 2.4724608625221416,
      "cagr": 0.4370659411342763,
      "mdd": -0.17932742933148316,
      "vol": 0.15138643104023058
    },
    "oos": {
      "sharpe": 1.9591166023312738,
      "cagr": 0.43143510077089164,
      "mdd": -0.20023620779076523,
      "vol": 0.19270116235530976
    },
    "weights": {
      "V": 0.23589302900055148,
      "O": 0.32721494816752333,
      "H": 0.1848255616428525,
      "Q": 0.1520664611890727,
      "C": 0.1
    }
  },
  "oos_corr_crypto_vs_others": {
    "V": 0.24544242403212754,
    "O": -0.023699905594836937,
    "H": 0.021490637628949597,
    "Q": -0.008643203796361016
  }
}