{
  "crypto_sleeve_standalone": {
    "full": {
      "sharpe": 0.8398056835572004,
      "cagr": 0.3998701180939035,
      "mdd": -0.7151404216305095,
      "vol": 0.624129969346491
    },
    "is": {
      "sharpe": 0.805489186973607,
      "cagr": 0.38158737777693497,
      "mdd": -0.7151404216305095,
      "vol": 0.6324787359176233
    },
    "oos": {
      "sharpe": 0.8816664461442962,
      "cagr": 0.4218572780988139,
      "mdd": -0.6988086070106683,
      "vol": 0.6142527363296539
    }
  },
  "variant_A_no_crypto": {
    "full": {
      "sharpe": 2.101609679910638,
      "cagr": 0.41955422866531533,
      "mdd": -0.20932831348426373,
      "vol": 0.1740327802254525
    },
    "is": {
      "sharpe": 2.417446525138791,
      "cagr": 0.42064757111443374,
      "mdd": -0.1909585180561716,
      "vol": 0.14999811429744714
    },
    "oos": {
      "sharpe": 1.8581301771354828,
      "cagr": 0.41825920233921465,
      "mdd": -0.20932831348426262,
      "vol": 0.1988381913603327
    },
    "weights": {
      "V": 0.26224148180181783,
      "O": 0.3632367968528288,
      "H": 0.2054699512123419,
      "Q": 0.1690517701330115
    }
  },
  "variant_B_crypto_invvol": {
    "full": {
      "sharpe": 2.2135038741381234,
      "cagr": 0.4427617128928545,
      "mdd": -0.2003124250877405,
      "vol": 0.17243867388247894
    },
    "is": {
      "sharpe": 2.488889024439411,
      "cagr": 0.441464019041774,
      "mdd": -0.17939927108511078,
      "vol": 0.15163143533244205
    },
    "oos": {
      "sharpe": 1.9908857133883227,
      "cagr": 0.4443015934982377,
      "mdd": -0.20031242508774072,
      "vol": 0.19428086161448735
    },
    "weights": {
      "V": 0.23584382071422844,
      "O": 0.32667278038990755,
      "H": 0.1847870062468085,
      "Q": 0.1520347394803218,
      "C": 0.10066165316873381
    }
  },
  "variant_C_crypto_capped10pct": {
    "full": {
      "sharpe": 2.2137600142604326,
      "cagr": 0.44262698610674356,
      "mdd": -0.20024981289981003,
      "vol": 0.17237137950124692
    },
    "is": {
      "sharpe": 2.489908618387467,
      "cagr": 0.4413454577249776,
      "mdd": -0.17930502224188594,
      "vol": 0.15153032270266492
    },
    "oos": {
      "sharpe": 1.9906789327947938,
      "cagr": 0.44414766580649023,
      "mdd": -0.20024981289981003,
      "vol": 0.19424384098185674
    },
    "weights": {
      "V": 0.23601733362163604,
      "O": 0.3269131171675459,
      "H": 0.18492295609110773,
      "Q": 0.15214659311971035,
      "C": 0.1
    }
  },
  "oos_corr_crypto_vs_others": {
    "V": 0.23840373116818747,
    "O": -0.020266211006501934,
    "H": 0.02074475462071663,
    "Q": -0.007901072792479156
  }
}