{
  "crypto_sleeve_standalone": {
    "full": {
      "sharpe": 0.8403836741007381,
      "cagr": 0.40047587544492713,
      "mdd": -0.7151404216305095,
      "vol": 0.62443416214671
    },
    "is": {
      "sharpe": 0.805489186973607,
      "cagr": 0.38158737777693497,
      "mdd": -0.7151404216305095,
      "vol": 0.6324787359176233
    },
    "oos": {
      "sharpe": 0.8829815268701914,
      "cagr": 0.4232513606912638,
      "mdd": -0.6988086070106683,
      "vol": 0.6149075251977655
    }
  },
  "variant_A_no_crypto": {
    "full": {
      "sharpe": 2.1293431524685498,
      "cagr": 0.42569831987039874,
      "mdd": -0.20932831348426373,
      "vol": 0.17377588901104224
    },
    "is": {
      "sharpe": 2.417446525138791,
      "cagr": 0.42064757111443374,
      "mdd": -0.19095851805617148,
      "vol": 0.14999811429744714
    },
    "oos": {
      "sharpe": 1.9095214052801701,
      "cagr": 0.43172196322209877,
      "mdd": -0.2093283134842625,
      "vol": 0.19839464286399067
    },
    "weights": {
      "V": 0.26224148180181783,
      "O": 0.3632367968528288,
      "H": 0.2054699512123419,
      "Q": 0.1690517701330115
    }
  },
  "variant_B_crypto_invvol": {
    "full": {
      "sharpe": 2.238851674134912,
      "cagr": 0.44845879226382124,
      "mdd": -0.2003124250877405,
      "vol": 0.1722331420210172
    },
    "is": {
      "sharpe": 2.488889024439411,
      "cagr": 0.441464019041774,
      "mdd": -0.17939927108511067,
      "vol": 0.15163143533244205
    },
    "oos": {
      "sharpe": 2.0387260194809427,
      "cagr": 0.45681272544303164,
      "mdd": -0.20031242508774072,
      "vol": 0.19392439998597727
    },
    "weights": {
      "V": 0.23584382071422844,
      "O": 0.32667278038990755,
      "H": 0.1847870062468085,
      "Q": 0.1520347394803218,
      "C": 0.10066165316873381
    }
  },
  "variant_C_crypto_capped10pct": {
    "full": {
      "sharpe": 2.2391385381774165,
      "cagr": 0.4483271454083033,
      "mdd": -0.20024981289981003,
      "vol": 0.17216535304353714
    },
    "is": {
      "sharpe": 2.489908618387467,
      "cagr": 0.4413454577249778,
      "mdd": -0.17930502224188583,
      "vol": 0.15153032270266492
    },
    "oos": {
      "sharpe": 2.0385639069087254,
      "cagr": 0.4566653715820286,
      "mdd": -0.20024981289981003,
      "vol": 0.19388655549445116
    },
    "weights": {
      "V": 0.23601733362163604,
      "O": 0.3269131171675459,
      "H": 0.18492295609110773,
      "Q": 0.15214659311971035,
      "C": 0.1
    }
  },
  "oos_corr_crypto_vs_others": {
    "V": 0.24033961899838915,
    "O": -0.020845602604532033,
    "H": 0.020804182991514545,
    "Q": -0.007911568337490241
  }
}