{
  "crypto_sleeve_standalone": {
    "full": {
      "sharpe": 0.8572134290587605,
      "cagr": 0.4152767010777121,
      "mdd": -0.7151404216305095,
      "vol": 0.6244828802630727
    },
    "is": {
      "sharpe": 0.805489186973607,
      "cagr": 0.38158737777693497,
      "mdd": -0.7151404216305095,
      "vol": 0.6324787359176233
    },
    "oos": {
      "sharpe": 0.9205400947652189,
      "cagr": 0.456480928504867,
      "mdd": -0.6988086070106683,
      "vol": 0.6149865036861502
    }
  },
  "variant_A_no_crypto": {
    "full": {
      "sharpe": 2.141503930121769,
      "cagr": 0.4282066657336421,
      "mdd": -0.20932831348426373,
      "vol": 0.1735964945204361
    },
    "is": {
      "sharpe": 2.417446525138791,
      "cagr": 0.42064757111443374,
      "mdd": -0.19095851805617148,
      "vol": 0.14999811429744714
    },
    "oos": {
      "sharpe": 1.9314942161196578,
      "cagr": 0.4372635096526325,
      "mdd": -0.2093283134842625,
      "vol": 0.1981114983879603
    },
    "weights": {
      "V": 0.26224148180181783,
      "O": 0.3632367968528288,
      "H": 0.2054699512123419,
      "Q": 0.1690517701330115
    }
  },
  "variant_B_crypto_invvol": {
    "full": {
      "sharpe": 2.2563696946362604,
      "cagr": 0.45229361055435047,
      "mdd": -0.2003124250877405,
      "vol": 0.17205582407281703
    },
    "is": {
      "sharpe": 2.488889024439411,
      "cagr": 0.441464019041774,
      "mdd": -0.17939927108511067,
      "vol": 0.15163143533244205
    },
    "oos": {
      "sharpe": 2.0715463685995297,
      "cagr": 0.4652999694156543,
      "mdd": -0.20031242508774072,
      "vol": 0.19363286480167624
    },
    "weights": {
      "V": 0.23584382071422844,
      "O": 0.32667278038990755,
      "H": 0.1847870062468085,
      "Q": 0.1520347394803218,
      "C": 0.10066165316873381
    }
  },
  "variant_C_crypto_capped10pct": {
    "full": {
      "sharpe": 2.256631366297082,
      "cagr": 0.4521531627161106,
      "mdd": -0.20024981289981003,
      "vol": 0.17198791732587038
    },
    "is": {
      "sharpe": 2.489908618387467,
      "cagr": 0.4413454577249778,
      "mdd": -0.17930502224188583,
      "vol": 0.15153032270266492
    },
    "oos": {
      "sharpe": 2.0713251961277157,
      "cagr": 0.4651330301685461,
      "mdd": -0.20024981289981003,
      "vol": 0.193594934365083
    },
    "weights": {
      "V": 0.23601733362163604,
      "O": 0.3269131171675459,
      "H": 0.18492295609110773,
      "Q": 0.15214659311971035,
      "C": 0.1
    }
  },
  "oos_corr_crypto_vs_others": {
    "V": 0.23977679781166802,
    "O": -0.021968001143133922,
    "H": 0.021291699369924314,
    "Q": -0.008663812206242794
  }
}