{
  "params": {
    "weights": {
      "VANGUARD": 0.236,
      "ORION": 0.327,
      "HELIOS": 0.185,
      "QUANTUM": 0.152,
      "CRYPTO": 0.101
    },
    "target_vol": 0.15,
    "vol_cap": 1.0,
    "vol_floor": 0.25,
    "vol_win": 60,
    "dd_floor": -0.1,
    "dd_win": 252,
    "vol_gate_pct": 0.99,
    "tc_bps_per_lev_chg": 10.0
  },
  "full": {
    "sharpe": 2.3669,
    "sortino": 3.5111,
    "cagr": 0.3726,
    "vol": 0.1379,
    "mdd": -0.1765,
    "calmar": 2.1106,
    "navx": 203.8353,
    "n": 4231
  },
  "is": {
    "sharpe": 2.5577,
    "sortino": 3.8638,
    "cagr": 0.3822,
    "vol": 0.1299,
    "mdd": -0.1632,
    "calmar": 2.3423,
    "navx": 19.137,
    "n": 2298
  },
  "oos": {
    "sharpe": 2.1753,
    "sortino": 3.2029,
    "cagr": 0.3615,
    "vol": 0.1469,
    "mdd": -0.1765,
    "calmar": 2.0476,
    "navx": 10.6514,
    "n": 1932
  },
  "is_oos_gap": 0.3824,
  "avg_total_mult": 0.8524872535089449,
  "avg_vol_target_mult": 0.8920868553272288,
  "correlations": {
    "VANGUARD": {
      "VANGUARD": 1.0,
      "ORION": -0.016,
      "HELIOS": -0.048,
      "QUANTUM": 0.039,
      "CRYPTO": 0.129
    },
    "ORION": {
      "VANGUARD": -0.016,
      "ORION": 1.0,
      "HELIOS": -0.017,
      "QUANTUM": 0.184,
      "CRYPTO": 0.001
    },
    "HELIOS": {
      "VANGUARD": -0.048,
      "ORION": -0.017,
      "HELIOS": 1.0,
      "QUANTUM": -0.036,
      "CRYPTO": 0.017
    },
    "QUANTUM": {
      "VANGUARD": 0.039,
      "ORION": 0.184,
      "HELIOS": -0.036,
      "QUANTUM": 1.0,
      "CRYPTO": 0.005
    },
    "CRYPTO": {
      "VANGUARD": 0.129,
      "ORION": 0.001,
      "HELIOS": 0.017,
      "QUANTUM": 0.005,
      "CRYPTO": 1.0
    }
  }
}