{
  "crypto_sleeve_standalone": {
    "full": {
      "sharpe": 0.8387457348875693,
      "cagr": 0.3986430996608119,
      "mdd": -0.7151404216305095,
      "vol": 0.6232181529504048
    },
    "is": {
      "sharpe": 0.805489186973607,
      "cagr": 0.38158737777693497,
      "mdd": -0.7151404216305095,
      "vol": 0.6324787359176233
    },
    "oos": {
      "sharpe": 0.8792285552751344,
      "cagr": 0.41900343505917936,
      "mdd": -0.6988086070106683,
      "vol": 0.6122965538023163
    }
  },
  "variant_A_no_crypto": {
    "full": {
      "sharpe": 2.1072871299294005,
      "cagr": 0.42215221139950554,
      "mdd": -0.20932831348426373,
      "vol": 0.17446848452247912
    },
    "is": {
      "sharpe": 2.417446525138791,
      "cagr": 0.42064757111443374,
      "mdd": -0.19095851805617148,
      "vol": 0.14999811429744714
    },
    "oos": {
      "sharpe": 1.8724680999101282,
      "cagr": 0.423926582834778,
      "mdd": -0.2093283134842625,
      "vol": 0.19952014737198262
    },
    "weights": {
      "V": 0.26224148180181783,
      "O": 0.3632367968528288,
      "H": 0.2054699512123419,
      "Q": 0.1690517701330115
    }
  },
  "variant_B_crypto_invvol": {
    "full": {
      "sharpe": 2.2186310924667274,
      "cagr": 0.44495001346099583,
      "mdd": -0.2003124250877405,
      "vol": 0.17274815585187353
    },
    "is": {
      "sharpe": 2.488889024439411,
      "cagr": 0.441464019041774,
      "mdd": -0.17939927108511067,
      "vol": 0.15163143533244205
    },
    "oos": {
      "sharpe": 2.0035157141143727,
      "cagr": 0.4490670079096182,
      "mdd": -0.20031242508774072,
      "vol": 0.1947473975311029
    },
    "weights": {
      "V": 0.23584382071422844,
      "O": 0.32667278038990755,
      "H": 0.1847870062468085,
      "Q": 0.1520347394803218,
      "C": 0.10066165316873381
    }
  },
  "variant_C_crypto_capped10pct": {
    "full": {
      "sharpe": 2.2188866775767293,
      "cagr": 0.44481800936528537,
      "mdd": -0.20024981289981003,
      "vol": 0.17268201817268009
    },
    "is": {
      "sharpe": 2.489908618387467,
      "cagr": 0.4413454577249778,
      "mdd": -0.17930502224188583,
      "vol": 0.15153032270266492
    },
    "oos": {
      "sharpe": 2.0033167686171134,
      "cagr": 0.44891908708904404,
      "mdd": -0.20024981289981003,
      "vol": 0.1947123229184993
    },
    "weights": {
      "V": 0.23601733362163604,
      "O": 0.3269131171675459,
      "H": 0.18492295609110773,
      "Q": 0.15214659311971035,
      "C": 0.1
    }
  },
  "oos_corr_crypto_vs_others": {
    "V": 0.2315888462793469,
    "O": -0.020059630880684277,
    "H": 0.02054940751665755,
    "Q": -0.007896342464657041
  }
}