{
  "crypto_sleeve_standalone": {
    "full": {
      "sharpe": 0.8702247341630649,
      "cagr": 0.42708103388658025,
      "mdd": -0.7151404216305095,
      "vol": 0.6251940198731067
    },
    "is": {
      "sharpe": 0.805489186973607,
      "cagr": 0.38158737777693497,
      "mdd": -0.7151404216305095,
      "vol": 0.6324787359176233
    },
    "oos": {
      "sharpe": 0.9497817029270119,
      "cagr": 0.48360318233120436,
      "mdd": -0.6988086070106683,
      "vol": 0.6165072542645403
    }
  },
  "variant_A_no_crypto": {
    "full": {
      "sharpe": 2.1545476112231663,
      "cagr": 0.43074201540270396,
      "mdd": -0.20932831348426373,
      "vol": 0.17334993357238193
    },
    "is": {
      "sharpe": 2.417446525138791,
      "cagr": 0.42064757111443374,
      "mdd": -0.19095851805617148,
      "vol": 0.14999811429744714
    },
    "oos": {
      "sharpe": 1.954311319343823,
      "cagr": 0.44293902706497845,
      "mdd": -0.2093283134842625,
      "vol": 0.19778468214842107
    },
    "weights": {
      "V": 0.26224148180181783,
      "O": 0.3632367968528288,
      "H": 0.2054699512123419,
      "Q": 0.1690517701330115
    }
  },
  "variant_B_crypto_invvol": {
    "full": {
      "sharpe": 2.2732829808121,
      "cagr": 0.45588709144898676,
      "mdd": -0.2003124250877405,
      "vol": 0.17184855879877758
    },
    "is": {
      "sharpe": 2.488889024439411,
      "cagr": 0.441464019041774,
      "mdd": -0.17939927108511067,
      "vol": 0.15163143533244205
    },
    "oos": {
      "sharpe": 2.102654202399211,
      "cagr": 0.47336954256646124,
      "mdd": -0.20031242508774072,
      "vol": 0.1933584551728798
    },
    "weights": {
      "V": 0.23584382071422844,
      "O": 0.32667278038990755,
      "H": 0.1847870062468085,
      "Q": 0.1520347394803218,
      "C": 0.10066165316873381
    }
  },
  "variant_C_crypto_capped10pct": {
    "full": {
      "sharpe": 2.2735317052427972,
      "cagr": 0.4557396646592329,
      "mdd": -0.20024981289981003,
      "vol": 0.17178011893544126
    },
    "is": {
      "sharpe": 2.489908618387467,
      "cagr": 0.4413454577249778,
      "mdd": -0.17930502224188583,
      "vol": 0.15153032270266492
    },
    "oos": {
      "sharpe": 2.102394152036354,
      "cagr": 0.4731867625956965,
      "mdd": -0.20024981289981003,
      "vol": 0.19331973949436987
    },
    "weights": {
      "V": 0.23601733362163604,
      "O": 0.3269131171675459,
      "H": 0.18492295609110773,
      "Q": 0.15214659311971035,
      "C": 0.1
    }
  },
  "oos_corr_crypto_vs_others": {
    "V": 0.241029243089675,
    "O": -0.023962789491728573,
    "H": 0.020760199439408617,
    "Q": -0.00853533445787946
  }
}