{
  "params": {
    "weights": {
      "VANGUARD": 0.236,
      "ORION": 0.327,
      "HELIOS": 0.185,
      "QUANTUM": 0.152,
      "CRYPTO": 0.101
    },
    "target_vol": 0.15,
    "vol_cap": 1.0,
    "vol_floor": 0.25,
    "vol_win": 60,
    "dd_floor": -0.1,
    "dd_win": 252,
    "vol_gate_pct": 0.99,
    "tc_bps_per_lev_chg": 10.0
  },
  "full": {
    "sharpe": 2.3579,
    "sortino": 3.5016,
    "cagr": 0.3718,
    "vol": 0.1382,
    "mdd": -0.1765,
    "calmar": 2.1063,
    "navx": 205.0368,
    "n": 4243
  },
  "is": {
    "sharpe": 2.5577,
    "sortino": 3.8638,
    "cagr": 0.3822,
    "vol": 0.1299,
    "mdd": -0.1632,
    "calmar": 2.3423,
    "navx": 19.137,
    "n": 2298
  },
  "oos": {
    "sharpe": 2.1595,
    "sortino": 3.1885,
    "cagr": 0.3599,
    "vol": 0.1475,
    "mdd": -0.1765,
    "calmar": 2.0388,
    "navx": 10.7142,
    "n": 1944
  },
  "is_oos_gap": 0.3982,
  "avg_total_mult": 0.8519225136245212,
  "avg_vol_target_mult": 0.8914101203398545,
  "correlations": {
    "VANGUARD": {
      "VANGUARD": 1.0,
      "ORION": -0.015,
      "HELIOS": -0.048,
      "QUANTUM": 0.042,
      "CRYPTO": 0.128
    },
    "ORION": {
      "VANGUARD": -0.015,
      "ORION": 1.0,
      "HELIOS": -0.016,
      "QUANTUM": 0.185,
      "CRYPTO": 0.001
    },
    "HELIOS": {
      "VANGUARD": -0.048,
      "ORION": -0.016,
      "HELIOS": 1.0,
      "QUANTUM": -0.036,
      "CRYPTO": 0.016
    },
    "QUANTUM": {
      "VANGUARD": 0.042,
      "ORION": 0.185,
      "HELIOS": -0.036,
      "QUANTUM": 1.0,
      "CRYPTO": 0.005
    },
    "CRYPTO": {
      "VANGUARD": 0.128,
      "ORION": 0.001,
      "HELIOS": 0.016,
      "QUANTUM": 0.005,
      "CRYPTO": 1.0
    }
  }
}