{
  "crypto_sleeve_standalone": {
    "full": {
      "sharpe": 0.8698980828241647,
      "cagr": 0.426869594013241,
      "mdd": -0.7151404216305095,
      "vol": 0.6254003025986894
    },
    "is": {
      "sharpe": 0.805489186973607,
      "cagr": 0.38158737777693497,
      "mdd": -0.7151404216305095,
      "vol": 0.6324787359176233
    },
    "oos": {
      "sharpe": 0.9491155775229624,
      "cagr": 0.4832130168001756,
      "mdd": -0.6988086070106683,
      "vol": 0.6169534914633136
    }
  },
  "variant_A_no_crypto": {
    "full": {
      "sharpe": 2.142795195524293,
      "cagr": 0.42760163242179683,
      "mdd": -0.20932831348426373,
      "vol": 0.17326720665630865
    },
    "is": {
      "sharpe": 2.417446525138791,
      "cagr": 0.42064757111443374,
      "mdd": -0.19095851805617148,
      "vol": 0.14999811429744714
    },
    "oos": {
      "sharpe": 1.9309593350314165,
      "cagr": 0.435997527870025,
      "mdd": -0.2093283134842625,
      "vol": 0.19766346058737125
    },
    "weights": {
      "V": 0.26224148180181783,
      "O": 0.3632367968528288,
      "H": 0.2054699512123419,
      "Q": 0.1690517701330115
    }
  },
  "variant_B_crypto_invvol": {
    "full": {
      "sharpe": 2.262479174519468,
      "cagr": 0.4530059993676885,
      "mdd": -0.2003124250877405,
      "vol": 0.1717877835528006
    },
    "is": {
      "sharpe": 2.488889024439411,
      "cagr": 0.441464019041774,
      "mdd": -0.17939927108511067,
      "vol": 0.15163143533244205
    },
    "oos": {
      "sharpe": 2.081000335244782,
      "cagr": 0.4669885675722356,
      "mdd": -0.20031242508774072,
      "vol": 0.19327387986865405
    },
    "weights": {
      "V": 0.23584382071422844,
      "O": 0.32667278038990755,
      "H": 0.1847870062468085,
      "Q": 0.1520347394803218,
      "C": 0.10066165316873381
    }
  },
  "variant_C_crypto_capped10pct": {
    "full": {
      "sharpe": 2.2627181180512794,
      "cagr": 0.4528568084033797,
      "mdd": -0.20024981289981003,
      "vol": 0.17171912554711216
    },
    "is": {
      "sharpe": 2.489908618387467,
      "cagr": 0.4413454577249778,
      "mdd": -0.17930502224188583,
      "vol": 0.15153032270266492
    },
    "oos": {
      "sharpe": 2.080723061617856,
      "cagr": 0.4668019566453063,
      "mdd": -0.20024981289981003,
      "vol": 0.19323480300020993
    },
    "weights": {
      "V": 0.23601733362163604,
      "O": 0.3269131171675459,
      "H": 0.18492295609110773,
      "Q": 0.15214659311971035,
      "C": 0.1
    }
  },
  "oos_corr_crypto_vs_others": {
    "V": 0.24072343720036424,
    "O": -0.02381948065404799,
    "H": 0.020855848767752937,
    "Q": -0.008641974887109471
  }
}