{
  "crypto_sleeve_standalone": {
    "full": {
      "sharpe": 0.8383838662460859,
      "cagr": 0.398303424005678,
      "mdd": -0.7151404216305095,
      "vol": 0.6231432503815015
    },
    "is": {
      "sharpe": 0.805489186973607,
      "cagr": 0.38158737777693497,
      "mdd": -0.7151404216305095,
      "vol": 0.6324787359176233
    },
    "oos": {
      "sharpe": 0.8784194994035622,
      "cagr": 0.4182423269798987,
      "mdd": -0.6988086070106683,
      "vol": 0.6121364173243197
    }
  },
  "variant_A_no_crypto": {
    "full": {
      "sharpe": 2.106036567171871,
      "cagr": 0.42170298715126875,
      "mdd": -0.20932831348426373,
      "vol": 0.17441768280280412
    },
    "is": {
      "sharpe": 2.417446525138791,
      "cagr": 0.42064757111443374,
      "mdd": -0.19095851805617148,
      "vol": 0.14999811429744714
    },
    "oos": {
      "sharpe": 1.869926799286983,
      "cagr": 0.4229465148052107,
      "mdd": -0.2093283134842625,
      "vol": 0.1994109944802632
    },
    "weights": {
      "V": 0.26224148180181783,
      "O": 0.3632367968528288,
      "H": 0.2054699512123419,
      "Q": 0.1690517701330115
    }
  },
  "variant_B_crypto_invvol": {
    "full": {
      "sharpe": 2.2173467932575357,
      "cagr": 0.44449740115016256,
      "mdd": -0.2003124250877405,
      "vol": 0.1727032355089556
    },
    "is": {
      "sharpe": 2.488889024439411,
      "cagr": 0.441464019041774,
      "mdd": -0.17939927108511067,
      "vol": 0.15163143533244205
    },
    "oos": {
      "sharpe": 2.000906909201903,
      "cagr": 0.4480767306467843,
      "mdd": -0.20031242508774072,
      "vol": 0.19464967634893382
    },
    "weights": {
      "V": 0.23584382071422844,
      "O": 0.32667278038990755,
      "H": 0.1847870062468085,
      "Q": 0.1520347394803218,
      "C": 0.10066165316873381
    }
  },
  "variant_C_crypto_capped10pct": {
    "full": {
      "sharpe": 2.2176023051743043,
      "cagr": 0.44436540825921367,
      "mdd": -0.20024981289981003,
      "vol": 0.1726370594061901
    },
    "is": {
      "sharpe": 2.489908618387467,
      "cagr": 0.4413454577249778,
      "mdd": -0.17930502224188583,
      "vol": 0.15153032270266492
    },
    "oos": {
      "sharpe": 2.000707870431102,
      "cagr": 0.447928853363208,
      "mdd": -0.20024981289981003,
      "vol": 0.19461453052082747
    },
    "weights": {
      "V": 0.23601733362163604,
      "O": 0.3269131171675459,
      "H": 0.18492295609110773,
      "Q": 0.15214659311971035,
      "C": 0.1
    }
  },
  "oos_corr_crypto_vs_others": {
    "V": 0.23146034877277263,
    "O": -0.020051526106708774,
    "H": 0.020571723242099438,
    "Q": -0.007865268242499451
  }
}