{
  "crypto_sleeve_standalone": {
    "full": {
      "sharpe": 0.8392913352798317,
      "cagr": 0.3992697099083182,
      "mdd": -0.7151404216305095,
      "vol": 0.6236735289205328
    },
    "is": {
      "sharpe": 0.805489186973607,
      "cagr": 0.38158737777693497,
      "mdd": -0.7151404216305095,
      "vol": 0.6324787359176233
    },
    "oos": {
      "sharpe": 0.8804804630699542,
      "cagr": 0.42045638203248425,
      "mdd": -0.6988086070106683,
      "vol": 0.6132722310893043
    }
  },
  "variant_A_no_crypto": {
    "full": {
      "sharpe": 2.1349579715553713,
      "cagr": 0.42838122720949046,
      "mdd": -0.20932831348426373,
      "vol": 0.1742381001561922
    },
    "is": {
      "sharpe": 2.417446525138791,
      "cagr": 0.42064757111443374,
      "mdd": -0.19095851805617148,
      "vol": 0.14999811429744714
    },
    "oos": {
      "sharpe": 1.923504217861922,
      "cagr": 0.4375741643240083,
      "mdd": -0.2093283134842625,
      "vol": 0.19915394800302744
    },
    "weights": {
      "V": 0.26224148180181783,
      "O": 0.3632367968528288,
      "H": 0.2054699512123419,
      "Q": 0.1690517701330115
    }
  },
  "variant_B_crypto_invvol": {
    "full": {
      "sharpe": 2.2438365633235287,
      "cagr": 0.45073560341030894,
      "mdd": -0.2003124250877405,
      "vol": 0.17257785758974317
    },
    "is": {
      "sharpe": 2.488889024439411,
      "cagr": 0.441464019041774,
      "mdd": -0.17939927108511067,
      "vol": 0.15163143533244205
    },
    "oos": {
      "sharpe": 2.050916785025187,
      "cagr": 0.46176848386763525,
      "mdd": -0.20031242508774072,
      "vol": 0.19448246349504875
    },
    "weights": {
      "V": 0.23584382071422844,
      "O": 0.32667278038990755,
      "H": 0.1847870062468085,
      "Q": 0.1520347394803218,
      "C": 0.10066165316873381
    }
  },
  "variant_C_crypto_capped10pct": {
    "full": {
      "sharpe": 2.244123312867087,
      "cagr": 0.45060666305703023,
      "mdd": -0.20024981289981003,
      "vol": 0.1725111518856103
    },
    "is": {
      "sharpe": 2.489908618387467,
      "cagr": 0.4413454577249778,
      "mdd": -0.17930502224188583,
      "vol": 0.15153032270266492
    },
    "oos": {
      "sharpe": 2.050762813449664,
      "cagr": 0.46162711309316373,
      "mdd": -0.20024981289981003,
      "vol": 0.19444644318466064
    },
    "weights": {
      "V": 0.23601733362163604,
      "O": 0.3269131171675459,
      "H": 0.18492295609110773,
      "Q": 0.15214659311971035,
      "C": 0.1
    }
  },
  "oos_corr_crypto_vs_others": {
    "V": 0.23542093432464653,
    "O": -0.0203380440442543,
    "H": 0.020609651617937045,
    "Q": -0.007904486880956086
  }
}