{
  "crypto_sleeve_standalone": {
    "full": {
      "sharpe": 0.8397352094664257,
      "cagr": 0.39978326882182746,
      "mdd": -0.7151404216305095,
      "vol": 0.6240537980453887
    },
    "is": {
      "sharpe": 0.805489186973607,
      "cagr": 0.38158737777693497,
      "mdd": -0.7151404216305095,
      "vol": 0.6324787359176233
    },
    "oos": {
      "sharpe": 0.8815024164040721,
      "cagr": 0.4216527186503205,
      "mdd": -0.6988086070106683,
      "vol": 0.6140889269868729
    }
  },
  "variant_A_no_crypto": {
    "full": {
      "sharpe": 2.1154044278153434,
      "cagr": 0.4230492164271775,
      "mdd": -0.20932831348426373,
      "vol": 0.17406433506243918
    },
    "is": {
      "sharpe": 2.417446525138791,
      "cagr": 0.42064757111443374,
      "mdd": -0.19095851805617148,
      "vol": 0.14999811429744714
    },
    "oos": {
      "sharpe": 1.8847838779607644,
      "cagr": 0.4259000111543969,
      "mdd": -0.2093283134842625,
      "vol": 0.19888556177970995
    },
    "weights": {
      "V": 0.26224148180181783,
      "O": 0.3632367968528288,
      "H": 0.2054699512123419,
      "Q": 0.1690517701330115
    }
  },
  "variant_B_crypto_invvol": {
    "full": {
      "sharpe": 2.226056431930701,
      "cagr": 0.4459420811653185,
      "mdd": -0.2003124250877405,
      "vol": 0.1724583028893384
    },
    "is": {
      "sharpe": 2.488889024439411,
      "cagr": 0.441464019041774,
      "mdd": -0.17939927108511067,
      "vol": 0.15163143533244205
    },
    "oos": {
      "sharpe": 2.0154308281421174,
      "cagr": 0.45126582884223554,
      "mdd": -0.20031242508774072,
      "vol": 0.1943072885497938
    },
    "weights": {
      "V": 0.23584382071422844,
      "O": 0.32667278038990755,
      "H": 0.1847870062468085,
      "Q": 0.1520347394803218,
      "C": 0.10066165316873381
    }
  },
  "variant_C_crypto_capped10pct": {
    "full": {
      "sharpe": 2.226326014265346,
      "cagr": 0.4458094967755697,
      "mdd": -0.20024981289981003,
      "vol": 0.17239111020893305
    },
    "is": {
      "sharpe": 2.489908618387467,
      "cagr": 0.4413454577249778,
      "mdd": -0.17930502224188583,
      "vol": 0.15153032270266492
    },
    "oos": {
      "sharpe": 2.0152461208936243,
      "cagr": 0.4511165183525456,
      "mdd": -0.20024981289981003,
      "vol": 0.19427044349818504
    },
    "weights": {
      "V": 0.23601733362163604,
      "O": 0.3269131171675459,
      "H": 0.18492295609110773,
      "Q": 0.15214659311971035,
      "C": 0.1
    }
  },
  "oos_corr_crypto_vs_others": {
    "V": 0.23717960439315364,
    "O": -0.02030077543788521,
    "H": 0.02071281608927824,
    "Q": -0.00790767595228692
  }
}