{
  "crypto_sleeve_standalone": {
    "full": {
      "sharpe": 0.839459060399311,
      "cagr": 0.3994664963265029,
      "mdd": -0.7151404216305095,
      "vol": 0.6238255717896243
    },
    "is": {
      "sharpe": 0.805489186973607,
      "cagr": 0.38158737777693497,
      "mdd": -0.7151404216305095,
      "vol": 0.6324787359176233
    },
    "oos": {
      "sharpe": 0.8808671467542935,
      "cagr": 0.42091527070546464,
      "mdd": -0.6988086070106683,
      "vol": 0.6135985611128363
    }
  },
  "variant_A_no_crypto": {
    "full": {
      "sharpe": 2.122652246245006,
      "cagr": 0.4254617525522246,
      "mdd": -0.20932831348426373,
      "vol": 0.17428696099966215
    },
    "is": {
      "sharpe": 2.417446525138791,
      "cagr": 0.42064757111443374,
      "mdd": -0.1909585180561716,
      "vol": 0.14999811429744714
    },
    "oos": {
      "sharpe": 1.9000620231996033,
      "cagr": 0.4311776760372532,
      "mdd": -0.20932831348426262,
      "vol": 0.19927307271708505
    },
    "weights": {
      "V": 0.26224148180181783,
      "O": 0.3632367968528288,
      "H": 0.2054699512123419,
      "Q": 0.1690517701330115
    }
  },
  "variant_B_crypto_invvol": {
    "full": {
      "sharpe": 2.2327004437009452,
      "cagr": 0.4481013899250703,
      "mdd": -0.2003124250877405,
      "vol": 0.17262721703855807
    },
    "is": {
      "sharpe": 2.488889024439411,
      "cagr": 0.441464019041774,
      "mdd": -0.17939927108511078,
      "vol": 0.15163143533244205
    },
    "oos": {
      "sharpe": 2.029409258717682,
      "cagr": 0.4559924284423391,
      "mdd": -0.20031242508774072,
      "vol": 0.1946009942780337
    },
    "weights": {
      "V": 0.23584382071422844,
      "O": 0.32667278038990755,
      "H": 0.1847870062468085,
      "Q": 0.1520347394803218,
      "C": 0.10066165316873381
    }
  },
  "variant_C_crypto_capped10pct": {
    "full": {
      "sharpe": 2.2329743238202773,
      "cagr": 0.44797051747626826,
      "mdd": -0.20024981289981003,
      "vol": 0.1725604934439922
    },
    "is": {
      "sharpe": 2.489908618387467,
      "cagr": 0.4413454577249776,
      "mdd": -0.17930502224188594,
      "vol": 0.15153032270266492
    },
    "oos": {
      "sharpe": 2.029234765053814,
      "cagr": 0.4558468496719623,
      "mdd": -0.20024981289981003,
      "vol": 0.1945649493699433
    },
    "weights": {
      "V": 0.23601733362163604,
      "O": 0.3269131171675459,
      "H": 0.18492295609110773,
      "Q": 0.15214659311971035,
      "C": 0.1
    }
  },
  "oos_corr_crypto_vs_others": {
    "V": 0.2355516626596707,
    "O": -0.020292162558540917,
    "H": 0.02069122582535047,
    "Q": -0.007927684883124207
  }
}