{
  "params": {
    "weights": {
      "VANGUARD": 0.236,
      "ORION": 0.327,
      "HELIOS": 0.185,
      "QUANTUM": 0.152,
      "CRYPTO": 0.101
    },
    "target_vol": 0.15,
    "vol_cap": 1.0,
    "vol_floor": 0.25,
    "vol_win": 60,
    "dd_floor": -0.1,
    "dd_win": 252,
    "vol_gate_pct": 0.99,
    "tc_bps_per_lev_chg": 10.0
  },
  "full": {
    "sharpe": 2.3772,
    "sortino": 3.5264,
    "cagr": 0.3743,
    "vol": 0.1378,
    "mdd": -0.1765,
    "calmar": 2.1205,
    "navx": 204.6105,
    "n": 4217
  },
  "is": {
    "sharpe": 2.5577,
    "sortino": 3.8638,
    "cagr": 0.3822,
    "vol": 0.1299,
    "mdd": -0.1632,
    "calmar": 2.3423,
    "navx": 19.137,
    "n": 2298
  },
  "oos": {
    "sharpe": 2.1951,
    "sortino": 3.2311,
    "cagr": 0.3652,
    "vol": 0.1468,
    "mdd": -0.1765,
    "calmar": 2.0688,
    "navx": 10.6919,
    "n": 1918
  },
  "is_oos_gap": 0.3626,
  "avg_total_mult": 0.8530502562053309,
  "avg_vol_target_mult": 0.8927813245698456,
  "correlations": {
    "VANGUARD": {
      "VANGUARD": 1.0,
      "ORION": -0.015,
      "HELIOS": -0.048,
      "QUANTUM": 0.038,
      "CRYPTO": 0.128
    },
    "ORION": {
      "VANGUARD": -0.015,
      "ORION": 1.0,
      "HELIOS": -0.018,
      "QUANTUM": 0.184,
      "CRYPTO": -0.001
    },
    "HELIOS": {
      "VANGUARD": -0.048,
      "ORION": -0.018,
      "HELIOS": 1.0,
      "QUANTUM": -0.036,
      "CRYPTO": 0.017
    },
    "QUANTUM": {
      "VANGUARD": 0.038,
      "ORION": 0.184,
      "HELIOS": -0.036,
      "QUANTUM": 1.0,
      "CRYPTO": 0.005
    },
    "CRYPTO": {
      "VANGUARD": 0.128,
      "ORION": -0.001,
      "HELIOS": 0.017,
      "QUANTUM": 0.005,
      "CRYPTO": 1.0
    }
  }
}