{
  "crypto_sleeve_standalone": {
    "full": {
      "sharpe": 0.36202622875416823,
      "cagr": 0.05405201902708212,
      "mdd": -0.49841998880985194,
      "vol": 0.20435910821461367
    },
    "is": {
      "sharpe": 0.9595589132335279,
      "cagr": 0.00244743125210678,
      "mdd": -0.004317039452336635,
      "vol": 0.0025508647746815267
    },
    "oos": {
      "sharpe": 0.5280873312789157,
      "cagr": 0.11983835847449731,
      "mdd": -0.4984199888098523,
      "vol": 0.3034759624436815
    }
  },
  "variant_A_no_crypto": {
    "full": {
      "sharpe": 2.0954716736874435,
      "cagr": 0.41451473104893877,
      "mdd": -0.20932294338414748,
      "vol": 0.17273577721751093
    },
    "is": {
      "sharpe": 2.3978958455425055,
      "cagr": 0.41596253654193105,
      "mdd": -0.1909632811414118,
      "vol": 0.14983115216883144
    },
    "oos": {
      "sharpe": 1.854842358039586,
      "cagr": 0.41277051623331196,
      "mdd": -0.20932294338414736,
      "vol": 0.19688971759007556
    },
    "weights": {
      "V": 0.2621033655561683,
      "O": 0.36357216463058145,
      "H": 0.205361735158725,
      "Q": 0.16896273465452522
    }
  },
  "variant_B_crypto_invvol": {
    "full": {
      "sharpe": 0.42528473751906287,
      "cagr": 0.0661845369692664,
      "mdd": -0.485026331853497,
      "vol": 0.19752488945363234
    },
    "is": {
      "sharpe": 2.5905746869733988,
      "cagr": 0.014958434698224998,
      "mdd": -0.007387022526959441,
      "vol": 0.005737936235742199
    },
    "oos": {
      "sharpe": 0.5707779765374853,
      "cagr": 0.13141924495178148,
      "mdd": -0.4850263318534972,
      "vol": 0.29327186635403363
    },
    "weights": {
      "V": 0.009120536754039212,
      "O": 0.012651395312007948,
      "H": 0.0071460709762883046,
      "Q": 0.0058794774657303355,
      "C": 0.9652025194919341
    }
  },
  "variant_C_crypto_capped10pct": {
    "full": {
      "sharpe": 2.1163553234917387,
      "cagr": 0.37789327043429655,
      "mdd": -0.20023620779076534,
      "vol": 0.15742392943198122
    },
    "is": {
      "sharpe": 2.3997635014036085,
      "cagr": 0.3693079521307052,
      "mdd": -0.17318797000387076,
      "vol": 0.13484508698480885
    },
    "oos": {
      "sharpe": 1.9046354435759256,
      "cagr": 0.38831958191004734,
      "mdd": -0.20023620779076567,
      "vol": 0.18098247174688198
    },
    "weights": {
      "V": 0.23589302900055148,
      "O": 0.32721494816752333,
      "H": 0.1848255616428525,
      "Q": 0.1520664611890727,
      "C": 0.1
    }
  },
  "oos_corr_crypto_vs_others": {
    "V": 0.16359484984375658,
    "O": -0.03950268052902988,
    "H": 0.005366189691707796,
    "Q": -0.005840037591677466
  }
}