{
  "crypto_sleeve_standalone": {
    "full": {
      "sharpe": 0.36113294140941116,
      "cagr": 0.05384371349366246,
      "mdd": -0.49841998880985194,
      "vol": 0.2042596778899169
    },
    "is": {
      "sharpe": 0.9595589132335279,
      "cagr": 0.00244743125210678,
      "mdd": -0.004317039452336635,
      "vol": 0.0025508647746815267
    },
    "oos": {
      "sharpe": 0.5264516490134713,
      "cagr": 0.11920370070350561,
      "mdd": -0.4984199888098523,
      "vol": 0.303148801054209
    }
  },
  "variant_A_no_crypto": {
    "full": {
      "sharpe": 2.0874982119969165,
      "cagr": 0.4127478199474113,
      "mdd": -0.20932294338414703,
      "vol": 0.17280140165407012
    },
    "is": {
      "sharpe": 2.3978958455425055,
      "cagr": 0.4159625365419308,
      "mdd": -0.1909632811414118,
      "vol": 0.14983115216883144
    },
    "oos": {
      "sharpe": 1.8401986038160842,
      "cagr": 0.40888867227178216,
      "mdd": -0.20932294338414748,
      "vol": 0.19696752905129922
    },
    "weights": {
      "V": 0.2621033655561683,
      "O": 0.36357216463058145,
      "H": 0.205361735158725,
      "Q": 0.16896273465452522
    }
  },
  "variant_B_crypto_invvol": {
    "full": {
      "sharpe": 0.42420414532604844,
      "cagr": 0.06593437567532745,
      "mdd": -0.485026331853497,
      "vol": 0.19742924446508164
    },
    "is": {
      "sharpe": 2.590574686973399,
      "cagr": 0.014958434698224998,
      "mdd": -0.007387022526959441,
      "vol": 0.005737936235742198
    },
    "oos": {
      "sharpe": 0.5688640484675798,
      "cagr": 0.13068863261602592,
      "mdd": -0.4850263318534972,
      "vol": 0.29295649602855867
    },
    "weights": {
      "V": 0.009120536754039212,
      "O": 0.012651395312007948,
      "H": 0.0071460709762883046,
      "Q": 0.0058794774657303355,
      "C": 0.9652025194919341
    }
  },
  "variant_C_crypto_capped10pct": {
    "full": {
      "sharpe": 2.108356300876557,
      "cagr": 0.3763155252941326,
      "mdd": -0.20023620779076545,
      "vol": 0.15748137303728985
    },
    "is": {
      "sharpe": 2.3997635014036085,
      "cagr": 0.3693079521307052,
      "mdd": -0.17318797000387076,
      "vol": 0.13484508698480885
    },
    "oos": {
      "sharpe": 1.889983319610402,
      "cagr": 0.38479651379531066,
      "mdd": -0.20023620779076556,
      "vol": 0.18104538269324713
    },
    "weights": {
      "V": 0.23589302900055148,
      "O": 0.32721494816752333,
      "H": 0.1848255616428525,
      "Q": 0.1520664611890727,
      "C": 0.1
    }
  },
  "oos_corr_crypto_vs_others": {
    "V": 0.16216804084822778,
    "O": -0.03949263889247949,
    "H": 0.005373561223015435,
    "Q": -0.0058325305731150925
  }
}