{
  "crypto_sleeve_standalone": {
    "full": {
      "sharpe": 0.8422045972485421,
      "cagr": 0.40208624141968863,
      "mdd": -0.7151404216305095,
      "vol": 0.6244923629486882
    },
    "is": {
      "sharpe": 0.805489186973607,
      "cagr": 0.38158737777693497,
      "mdd": -0.7151404216305095,
      "vol": 0.6324787359176233
    },
    "oos": {
      "sharpe": 0.8870401689782954,
      "cagr": 0.4268479713286857,
      "mdd": -0.6988086070106683,
      "vol": 0.6150314453393547
    }
  },
  "variant_A_no_crypto": {
    "full": {
      "sharpe": 2.140588272756055,
      "cagr": 0.42821293172314645,
      "mdd": -0.20932831348426373,
      "vol": 0.17367950444468802
    },
    "is": {
      "sharpe": 2.417446525138791,
      "cagr": 0.42064757111443374,
      "mdd": -0.19095851805617148,
      "vol": 0.14999811429744714
    },
    "oos": {
      "sharpe": 1.9305122089646227,
      "cagr": 0.4372578347031044,
      "mdd": -0.2093283134842625,
      "vol": 0.19822141717497554
    },
    "weights": {
      "V": 0.26224148180181783,
      "O": 0.3632367968528288,
      "H": 0.2054699512123419,
      "Q": 0.1690517701330115
    }
  },
  "variant_B_crypto_invvol": {
    "full": {
      "sharpe": 2.250026466364101,
      "cagr": 0.4509331703864188,
      "mdd": -0.2003124250877405,
      "vol": 0.17212940772725258
    },
    "is": {
      "sharpe": 2.488889024439411,
      "cagr": 0.441464019041774,
      "mdd": -0.17939927108511067,
      "vol": 0.15163143533244205
    },
    "oos": {
      "sharpe": 2.0598755311613304,
      "cagr": 0.46226951633437907,
      "mdd": -0.20031242508774072,
      "vol": 0.1937328294207118
    },
    "weights": {
      "V": 0.23584382071422844,
      "O": 0.32667278038990755,
      "H": 0.1847870062468085,
      "Q": 0.1520347394803218,
      "C": 0.10066165316873381
    }
  },
  "variant_C_crypto_capped10pct": {
    "full": {
      "sharpe": 2.250320401799453,
      "cagr": 0.450801833639773,
      "mdd": -0.20024981289981003,
      "vol": 0.1720615930876893
    },
    "is": {
      "sharpe": 2.489908618387467,
      "cagr": 0.4413454577249778,
      "mdd": -0.17930502224188583,
      "vol": 0.15153032270266492
    },
    "oos": {
      "sharpe": 2.059721526097142,
      "cagr": 0.4621227825450194,
      "mdd": -0.20024981289981003,
      "vol": 0.19369498934991797
    },
    "weights": {
      "V": 0.23601733362163604,
      "O": 0.3269131171675459,
      "H": 0.18492295609110773,
      "Q": 0.15214659311971035,
      "C": 0.1
    }
  },
  "oos_corr_crypto_vs_others": {
    "V": 0.24011574036928032,
    "O": -0.0218258278907617,
    "H": 0.020718425046170566,
    "Q": -0.008445139175725421
  }
}