{
  "n_trials": 2000,
  "perturbation": "+/-30% multiplicative, renormalized",
  "full_sharpe_percentiles": {
    "5": 1.9376825769888726,
    "25": 2.0019009470668476,
    "50": 2.0492144270947708,
    "75": 2.090265338822321,
    "95": 2.1423609271540776
  },
  "oos_sharpe_percentiles": {
    "5": 1.7271357790992212,
    "25": 1.7567104415012764,
    "50": 1.781017494725938,
    "75": 1.8005692710925043,
    "95": 1.8237889592932723
  },
  "is_sharpe_percentiles": {
    "5": 2.168119194314193,
    "25": 2.279121239479582,
    "50": 2.3786987962827135,
    "75": 2.463666984580602,
    "95": 2.5740043261441627
  },
  "full_mean": 2.0452428833564085,
  "oos_mean": 1.7782121011324443,
  "base_full_sharpe": 2.0670981874302474,
  "base_oos_sharpe": 1.7969448863583692,
  "equal_weight_full_sharpe": 2.145012157438885,
  "equal_weight_oos_sharpe": 1.7027898130506427,
  "note": "RAW blend (no overlay). Overlay adds ~+0.08 Sharpe on top."
}