{
  "test": "survivorship_bias",
  "N": 42,
  "K": 5,
  "survivors_only": {
    "FULL": {
      "sharpe": 0.5596896799174955,
      "cagr": 0.15172961385577755,
      "vol": 0.3961837984970595,
      "mdd": -0.6966679072680018,
      "navx": 9.633844475562892
    },
    "IS": {
      "sharpe": 0.5990858313584886,
      "cagr": 0.15546561353818555,
      "vol": 0.33702507587212904,
      "mdd": -0.5709469781304928,
      "navx": 3.5674791084905073
    },
    "OOS": {
      "sharpe": 0.5367595380811079,
      "cagr": 0.14720039896069426,
      "vol": 0.4580642551525844,
      "mdd": -0.696667907268002,
      "navx": 2.7004627588805405
    }
  },
  "plus_collapsed": {
    "FULL": {
      "sharpe": 0.4860370792625934,
      "cagr": 0.11819193272614226,
      "vol": 0.38617616043590647,
      "mdd": -0.6966679072680018,
      "navx": 5.997833449789132
    },
    "IS": {
      "sharpe": 0.6418105317473709,
      "cagr": 0.1745918780806337,
      "vol": 0.3406550526767595,
      "mdd": -0.4343181991543874,
      "navx": 4.1220805550190285
    },
    "OOS": {
      "sharpe": 0.3447304520499206,
      "cagr": 0.05321058545745205,
      "vol": 0.4352731261975077,
      "mdd": -0.696667907268002,
      "navx": 1.4550500335288643
    }
  },
  "n_collapsed_picks": 82,
  "n_total_picks": 389,
  "collapsed_pick_pct": 0.21079691516709512
}