{
  "phoenix_v2_4sleeve__FULL": {
    "observed_sharpe": 2.1033588352096584,
    "ci_5pct": 1.6015319955373033,
    "ci_50pct": 2.1074715229473853,
    "ci_95pct": 2.607554788254805,
    "se": 0.3075542068295674,
    "p_value_vs_null": 0.0,
    "n_obs": 4191
  },
  "phoenix_v2_4sleeve__IS": {
    "observed_sharpe": 2.399299049472048,
    "ci_5pct": 1.7548943058350701,
    "ci_50pct": 2.4052208548326712,
    "ci_95pct": 3.0772530567770753,
    "se": 0.4003982921479917,
    "p_value_vs_null": 0.0,
    "n_obs": 2298
  },
  "phoenix_v2_4sleeve__OOS": {
    "observed_sharpe": 1.8586914232703753,
    "ci_5pct": 1.0959052113469554,
    "ci_50pct": 1.862306332661439,
    "ci_95pct": 2.647334483903407,
    "se": 0.4667534623615598,
    "p_value_vs_null": 0.0,
    "n_obs": 1892
  },
  "phoenix_v2_5sleeve_crypto__FULL": {
    "observed_sharpe": 2.234528862080922,
    "ci_5pct": 1.7366710721335166,
    "ci_50pct": 2.2374018796583623,
    "ci_95pct": 2.729402045446466,
    "se": 0.30025561330142786,
    "p_value_vs_null": 0.0,
    "n_obs": 4191
  },
  "phoenix_v2_5sleeve_crypto__IS": {
    "observed_sharpe": 2.5248741623829773,
    "ci_5pct": 1.908931452816119,
    "ci_50pct": 2.5221155253217082,
    "ci_95pct": 3.152131906400652,
    "se": 0.377345906783081,
    "p_value_vs_null": 0.0,
    "n_obs": 2298
  },
  "phoenix_v2_5sleeve_crypto__OOS": {
    "observed_sharpe": 1.998391358965647,
    "ci_5pct": 1.2446461919199996,
    "ci_50pct": 2.0042334304388456,
    "ci_95pct": 2.7601690491148214,
    "se": 0.46219187296291553,
    "p_value_vs_null": 0.0,
    "n_obs": 1892
  }
}