{
  "standalone": {
    "full": {
      "sharpe": 0.34466020359006466,
      "cagr": 0.05827885576985947,
      "mdd": -0.8283085059545323,
      "vol": 0.3970402756905102,
      "sortino": 0.3670130117330215
    },
    "is": {
      "sharpe": 0.13644294920533778,
      "cagr": -0.00923574576963937,
      "mdd": -0.5531336245529125,
      "vol": 0.32606812313609285,
      "sortino": 0.14729698966239882
    },
    "oos": {
      "sharpe": 0.531215915173947,
      "cagr": 0.14665637982774782,
      "mdd": -0.7025712917395098,
      "vol": 0.46912978441440517,
      "sortino": 0.564121413523573
    }
  },
  "vs_quantum_ml": {
    "full": {
      "sharpe": 1.7339112094373812,
      "cagr": 1.0693460853409618,
      "mdd": -0.5201085784628199,
      "vol": 0.4897388972683331,
      "sortino": 2.267142624636629
    },
    "is": {
      "sharpe": 2.7336901377820904,
      "cagr": 1.873269696873026,
      "mdd": -0.24701550461269506,
      "vol": 0.4187618919804802,
      "sortino": 4.004427282427791
    },
    "oos": {
      "sharpe": 0.8687411884127518,
      "cagr": 0.38804705897381564,
      "mdd": -0.5201085784628192,
      "vol": 0.5634734343841434,
      "sortino": 1.0819805284424338
    }
  },
  "blend_weights": {
    "V": 0.250090930064203,
    "O": 0.3469093218432266,
    "H": 0.19594982016527338,
    "R": 0.2070499279272969
  },
  "blend_overlayed": {
    "full": {
      "sharpe": 1.4188209960764544,
      "cagr": 0.24191485073577867,
      "mdd": -0.2418954299784699,
      "vol": 0.16203730668399044,
      "sortino": 1.924705195313357
    },
    "is": {
      "sharpe": 1.1352546159114199,
      "cagr": 0.16016925749920663,
      "mdd": -0.2418954299784699,
      "vol": 0.1394873638546511,
      "sortino": 1.5346661732077729
    },
    "oos": {
      "sharpe": 1.7066867293153396,
      "cagr": 0.34917875042998103,
      "mdd": -0.23932271505308,
      "vol": 0.18571244714757076,
      "sortino": 2.3636695360789233
    }
  }
}