{
  "best_blend": "IV",
  "blend_weights": {
    "V1_MOM_LEV": 0.1932909872498951,
    "V2_RISK_SAFE": 0.20484383081593907,
    "V3_SECTOR": 0.23374735748283085,
    "V4_ML5": 0.11104344132410553,
    "V6_SHORT_MR": 0.2570743831272295
  },
  "target_vol": 0.25,
  "dd_floor": -0.12
}