{
  "blend_weights": {
    "V1_MOM_LEV": 0.08494089044729194,
    "V2_RISK_SAFE": 0.09001773771089128,
    "V3_SECTOR": 0.10271926780850925,
    "V4_ML5": 0.10824245288883029,
    "V5_ML63": 0.10640973041853169,
    "V6_SHORT_MR": 0.11297022859004001,
    "V7_CALENDAR": 0.15152070646606833,
    "V9_VOL_REG": 0.2431789856698373
  },
  "target_vol": 0.22,
  "dd_floor": -0.12,
  "is_end": "2018-12-31"
}