{
  "blend_weights": {
    "PX_VANGUARD": 0.06447856541237226,
    "PX_ORION": 0.06567765324998831,
    "PX_HELIOS": 0.04958213726890615,
    "PX_CRYPTO": 0.6117682125699128,
    "V3_SECTOR": 0.0696815365608199,
    "V4_ML5": 0.06438320178299714,
    "V6_SHORT_MR": 0.07442869315500349
  },
  "target_vol": 0.18,
  "dd_floor": -0.1
}