{
  "apex_full": {
    "sharpe": 0.7997,
    "sortino": 1.0511,
    "cagr": 0.1573,
    "vol": 0.2106,
    "mdd": -0.389,
    "calmar": 0.4044,
    "hit": 0.5142,
    "nav": 52.2,
    "n": 6822
  },
  "bootstrap_sharpe": {
    "p2.5": 0.4473907110294344,
    "median": 0.7953368246747603,
    "p97.5": 1.1705975801269026,
    "mean": 0.8007162138106566
  },
  "rolling_3y_sharpe": {
    "min": -0.6255665832824269,
    "median": 0.861912099832422,
    "max": 1.5135231939436393,
    "mean": 0.7842178448233844
  },
  "deflated_sharpe_z": 55.38193654889605,
  "n_trials_assumed": 30
}