Date,ret
2010-03-11,-0.0002
2010-03-12,0.0
2010-03-15,-0.00021806590765427458
2010-03-16,-0.0012000000000000001
2010-03-17,0.011818549325093297
2010-03-18,0.0063678095125937265
2010-03-19,0.0
2010-03-22,-2.3274796723260494e-07
2010-03-23,-0.0012000000000000001
2010-03-24,0.00680569035437073
2010-03-25,0.01582410003579713
2010-03-26,0.0
2010-03-29,-0.0011994514239289868
2010-03-30,-0.011721824381487831
2010-03-31,-0.008976167251177891
2010-04-01,0.007588883958043892
2010-04-05,-0.0009813378335109747
2010-04-06,0.0136799077549834
2010-04-07,0.011910464625654704
2010-04-08,-0.01357934045682676
2010-04-09,0.00021811347076616805
2010-04-12,-0.00021806590765427458
2010-04-13,-0.000981886529233832
2010-04-14,0.03290009350839185
2010-04-15,0.018408297240338413
2010-04-16,0.0
2010-04-19,-2.3274796723260494e-07
2010-04-20,-0.0011997672519786996
2010-04-21,0.01955041278734404
2010-04-22,-0.03296999369081712
2010-04-23,0.00021811347076616805
2010-04-26,-0.0002182986048671065
2010-04-27,-0.0011997672519786996
2010-04-28,-0.03796612464936466
2010-04-29,-0.0010913195746184972
2010-04-30,0.01061194555134546
2010-05-03,0.00021788067203343253
2010-05-04,-0.0014178332103872639
2010-05-05,-0.08223875554939253
2010-05-06,-0.006733184186774398
2010-05-07,0.00021811347076616805
2010-05-10,0.0
2010-05-11,-0.0012000000000000001
2010-05-12,0.04247981585310279
2010-05-13,0.028452245875215977
2010-05-14,-3.158278764070488e-07
2010-05-17,0.0
2010-05-18,-0.001199684172023784
2010-05-19,-0.07732210966843844
2010-05-20,-0.07048051042921002
2010-05-21,0.0
2010-05-24,0.0
2010-05-25,-0.0014181015285074307
2010-05-26,0.0891974231574102
2010-05-27,0.01586510562259913
2010-05-28,-0.012964814418928959
2010-06-01,-0.0014181015285074307
2010-06-02,-0.000997314427394702
2010-06-03,0.059467803409405696
2010-06-04,-3.5305288692555337e-08
2010-06-07,0.0002178685233678035
2010-06-08,-0.0011997194773235788
2010-06-09,0.007340179563514626
2010-06-10,-0.009202053480986148
2010-06-11,0.0
2010-06-14,0.0002180536601332772
2010-06-15,-0.00141797082550723
2010-06-16,0.054669197601759034
2010-06-17,0.03579102689420619
2010-06-18,-0.00021841728750127132
2010-06-21,3.158279759940541e-07
2010-06-22,-0.0012003158278762961
2010-06-23,-0.031193638994884032
2010-06-24,-0.030006195908875342
2010-06-25,0.00021814910716111413
2010-06-28,-0.0014181015285074307
2010-06-29,0.015589089661304236
2010-06-30,-0.08170200608528422
2010-07-01,-0.030860381781864808
2010-07-02,-0.0002181015285074306
2010-07-06,-0.0009815349959651156
2010-07-07,-0.023440628648477624
2010-07-08,0.10998565870138552
2010-07-09,3.158279759940541e-07
2010-07-12,0.00021783321038726378
2010-07-13,-0.0012000000000000001
2010-07-14,0.019171309100161738
2010-07-15,0.001972220932305292
2010-07-16,0.0
2010-07-19,0.00021846500403488456
2010-07-20,-0.0012000000000000001
2010-07-21,0.12644246982438245
2010-07-22,-0.03505012367994611
2010-07-23,0.00021783321038726378
2010-07-26,5.485760710133292e-07
2010-07-27,-0.0014181015285074307
2010-07-28,-0.01676255115250669
2010-07-29,-0.006826281448659819
2010-07-30,0.06586113163893267
2010-08-02,-0.00021783321038726378
2010-08-03,-0.0012000000000000001
2010-08-04,0.004545134900674208
2010-08-05,-0.0008848083666431962
2010-08-06,0.0
2010-08-09,0.00021811347076616805
2010-08-10,-0.0012002327479672327
2010-08-11,-0.05189663911517628
2010-08-12,-0.09012924496804312
2010-08-13,0.0
2010-08-16,0.00021846500403488456
2010-08-17,-0.0012003158278764072
2010-08-18,0.010179334259373451
2010-08-19,-0.0014311601988553847
2010-08-20,-3.158278764070488e-07
2010-08-23,-0.00021778576941389183
2010-08-24,-0.0012000000000000001
2010-08-25,-0.04451429932485851
2010-08-26,0.06273034106860828
2010-08-27,-0.0014181015285075417
2010-08-30,-0.04598549498569826
2010-08-31,0.06000204951247512
2010-09-01,0.04893975728330102
2010-09-02,0.04886516697946872
2010-09-03,0.0
2010-09-07,-0.001199684172024006
2010-09-08,-8.132060880239322e-08
2010-09-09,0.054571958854959225
2010-09-10,0.00021814910716111413
2010-09-13,-0.0002181015285075416
2010-09-14,-0.0012003158278762961
2010-09-15,0.00889541594900467
2010-09-16,0.023293920608743558
2010-09-17,3.158279759940541e-07
2010-09-20,0.0
2010-09-21,-0.000981850892838886
2010-09-22,-0.015103246454734487
2010-09-23,-0.015310086187974269
2010-09-24,0.00021783321038726378
2010-09-27,-0.0002181015285074306
2010-09-28,-0.001199684172024006
2010-09-29,-0.014670553267652986
2010-09-30,0.013779283263751198
2010-10-01,0.0
2010-10-04,-3.158278762960265e-07
2010-10-05,-0.001199684172024006
2010-10-06,0.03332960075548708
2010-10-07,-0.005997384972565543
2010-10-08,0.0
2010-10-11,0.0
2010-10-12,-0.0012000000000000001
2010-10-13,0.04648584127683497
2010-10-14,0.005740214927469768
2010-10-15,3.158279759940541e-07
2010-10-18,-3.158278762960265e-07
2010-10-19,-0.0009815349959651156
2010-10-20,0.00960664805381839
2010-10-21,0.03013226869224348
2010-10-22,0.00021783321038726378
2010-10-25,-0.00021778576941389183
2010-10-26,-0.0012003158278762961
2010-10-27,0.009017671829142815
2010-10-28,0.03554807804331439
2010-10-29,0.004018364212027815
2010-11-01,0.00021814910716111413
2010-11-02,-0.001417553072081711
2010-11-03,0.011183611722532794
2010-11-04,0.0433356843783411
2010-11-05,0.0
2010-11-08,0.0
2010-11-09,-0.0012000000000000001
2010-11-10,-0.024811370239793518
2010-11-11,-0.03822447538105369
2010-11-12,-5.485757700318672e-07
2010-11-15,0.00021814910716111413
2010-11-16,-0.0014181015285074307
2010-11-17,-0.02710841320798152
2010-11-18,0.03891228618746543
2010-11-19,0.0
2010-11-22,0.0
2010-11-23,-0.000981850892838886
2010-11-24,0.009733643126567104
2010-11-26,0.011221946475658884
2010-11-29,-0.007660243893860439
2010-11-30,0.047342045397042565
2010-12-01,0.03910811716517881
2010-12-02,0.0202534183959596
2010-12-03,-3.158278762960265e-07
2010-12-06,3.158279759940541e-07
2010-12-07,-0.0012000000000000001
2010-12-08,-0.025183003357071354
2010-12-09,0.019481168005347584
2010-12-10,0.0
2010-12-13,0.0
2010-12-14,-0.0012000000000000001
2010-12-15,-0.004497047650819486
2010-12-16,-0.009549245922973147
2010-12-17,-3.158278762960265e-07
2010-12-20,0.0
2010-12-21,-0.000981850892838886
2010-12-22,0.0049909232661726755
2010-12-23,-0.005502929862881055
2010-12-27,-0.0012000000000000001
2010-12-28,0.014854365950076255
2010-12-29,-0.0009815349959651156
2010-12-30,0.03530145405074814
2010-12-31,0.019922528731818857
2011-01-03,-3.158278762960265e-07
2011-01-04,0.00021814910716111413
2011-01-05,-0.0002181015285074306
2011-01-06,0.00021814910716111413
2011-01-07,-0.00021778576941389183
2011-01-10,-3.158278762960265e-07
2011-01-11,0.00021814910716111413
2011-01-12,-0.00021778576941389183
2011-01-13,0.0
2011-01-14,0.0
2011-01-18,-0.0012000000000000001
2011-01-19,0.038481643309623205
2011-01-20,0.0
2011-01-21,-0.00021778576941389183
2011-01-24,0.0
2011-01-25,0.00021783321038726378
2011-01-26,3.158279762160987e-07
2011-01-27,-0.0014184172875012714
2011-01-28,-0.009014952163518664
2011-01-31,0.026415712573572538
2011-02-01,0.0
2011-02-02,0.0
2011-02-03,0.00021814910716111413
2011-02-04,-0.00021841728750127132
2011-02-07,0.00021846500403488456
2011-02-08,0.0
2011-02-09,-3.158278764070488e-07
2011-02-10,-0.00021778576941389183
2011-02-11,0.00021814910716111413
2011-02-14,0.0
2011-02-15,-3.158278764070488e-07
2011-02-16,0.0
2011-02-17,-0.0002181015285074306
2011-02-18,3.158279759940541e-07
2011-02-22,-0.000981850892838886
2011-02-23,-0.051647005046256654
2011-02-24,-0.0012000000000000001
2011-02-25,0.0015697312260276597
2011-02-28,0.01728955195136859
2011-03-01,0.0
2011-03-02,-3.158278764070488e-07
2011-03-03,3.158279762160987e-07
2011-03-04,-0.00021841728750127132
2011-03-07,0.00021846500403488456
2011-03-08,0.0
2011-03-09,0.0
2011-03-10,-0.0002181015285075416
2011-03-11,-3.158278762960265e-07
2011-03-14,0.0
2011-03-15,0.00043649565985992567
2011-03-16,-0.0002179708255072299
2011-03-17,0.0002180183471462982
2011-03-18,-0.0002179708255072299
2011-03-21,0.0
2011-03-22,-0.00021806623091780164
2011-03-23,-3.158278762960265e-07
2011-03-24,3.158279759940541e-07
2011-03-25,0.0
2011-03-28,-3.158278762960265e-07
2011-03-29,-0.0009815349959651156
2011-03-30,-0.007123236250876297
2011-03-31,0.02874404341145751
2011-04-01,0.00021814910716111413
2011-04-04,-0.0002181015285075416
2011-04-05,0.00021814910716111413
2011-04-06,-0.0002181015285075416
2011-04-07,-3.158278762960265e-07
2011-04-08,0.00021846500403488456
2011-04-11,-0.0002181015285075416
2011-04-12,0.00021783321038726378
2011-04-13,0.0
2011-04-14,0.00021833424397876833
2011-04-15,-0.0004363405044119917
2011-04-18,3.158279759940541e-07
2011-04-19,0.0
2011-04-20,0.00021814910716111413
2011-04-21,-0.0002181015285075416
2011-04-25,-0.000981850892838886
2011-04-26,0.01079172394287018
2011-04-27,-0.0014181015285075417
2011-04-28,-0.007899800925084022
2011-04-29,0.0064676887165314514
2011-05-02,0.00021814910716111413
2011-05-03,0.0
2011-05-04,0.00021798303416065146
2011-05-05,-0.0002179708255072299
2011-05-06,0.0
2011-05-09,0.0
2011-05-10,0.0002180183471462982
2011-05-11,-0.0002179708255072299
2011-05-12,0.0002180183471462982
2011-05-13,-2.805225977065007e-07
2011-05-16,0.0
2011-05-17,0.0
2011-05-18,-0.0004357091239771682
2011-05-19,-3.5305288692555337e-08
2011-05-20,0.0002178685233678035
2011-05-23,0.0
2011-05-24,-0.0002181015285074306
2011-05-25,0.00021814910716111413
2011-05-26,-0.0012000000000000001
2011-05-27,0.0050841749375512
2011-05-31,-0.0009352591248030766
2011-06-01,0.010897220545834065
2011-06-02,0.0
2011-06-03,0.0
2011-06-06,0.00021814910716111413
2011-06-07,-3.158278764070488e-07
2011-06-08,-0.0002181015285074306
2011-06-09,0.00021846500403488456
2011-06-10,-0.00021841728750127132
2011-06-13,0.00021846500403488456
2011-06-14,-0.00021841728750127132
2011-06-15,0.00021814910716111413
2011-06-16,0.0
2011-06-17,0.0
2011-06-20,0.0
2011-06-21,-0.001199684172023784
2011-06-22,0.03781143105561422
2011-06-23,0.00021814910716111413
2011-06-24,3.158279762160987e-07
2011-06-27,0.0
2011-06-28,-0.0012000000000000001
2011-06-29,-0.01786208662571931
2011-06-30,-0.023244348128579027
2011-07-01,0.00021846500403488456
2011-07-05,-0.0012000000000000001
2011-07-06,0.007258017102844773
2011-07-07,3.158279759940541e-07
2011-07-08,0.0
2011-07-11,0.00021838190595624418
2011-07-12,-2.3274796712158263e-07
2011-07-13,-0.00021841728750127132
2011-07-14,0.00021814910716111413
2011-07-15,-0.0002181015285074306
2011-07-18,0.0
2011-07-19,0.00021814910716111413
2011-07-20,-0.00021778576941389183
2011-07-21,0.00021814910716111413
2011-07-22,-0.00021841728750127132
2011-07-25,0.00021814910716111413
2011-07-26,-0.0002181015285074306
2011-07-27,-0.000981850892838886
2011-07-28,0.023557953472585824
2011-07-29,0.023403134676883132
2011-08-01,0.0
2011-08-02,0.0
2011-08-03,0.00021814910716111413
2011-08-04,0.0
2011-08-05,0.0
2011-08-08,-0.0002181015285074306
2011-08-09,-0.000981850892838886
2011-08-10,0.020464657622002003
2011-08-11,-0.019063553881069083
2011-08-12,0.00021814910716111413
2011-08-15,-0.0002181015285074306
2011-08-16,-0.000981850892838886
2011-08-17,0.0075915651056492894
2011-08-18,-0.10306767095787486
2011-08-19,-5.485757700318672e-07
2011-08-22,-0.00021755307208171093
2011-08-23,-0.001200548575770032
2011-08-24,0.09449520387947619
2011-08-25,0.025547250906930198
2011-08-26,-5.485757700318672e-07
2011-08-29,-0.0012000000000000001
2011-08-30,0.04805949202024329
2011-08-31,0.05045045443584195
2011-09-01,-0.0072020510628229215
2011-09-02,0.00021814910716111413
2011-09-06,-0.001417785769413892
2011-09-07,0.1225221385239601
2011-09-08,0.013231157043164112
2011-09-09,-2.3274796723260494e-07
2011-09-12,0.0
2011-09-13,-0.0009816537304469177
2011-09-14,0.044823622481291014
2011-09-15,0.059689221090043355
2011-09-16,0.0
2011-09-19,-2.3274796723260494e-07
2011-09-20,-0.00021806590765427458
2011-09-21,0.00021811347076616805
2011-09-22,-0.00021783321038726378
2011-09-23,0.00021788067203343253
2011-09-26,0.0
2011-09-27,-0.0014178332103872639
2011-09-28,-0.007051730618338414
2011-09-29,-0.014927251724570987
2011-09-30,0.059379257102323814
2011-10-03,0.0
2011-10-04,-0.0012000000000000001
2011-10-05,0.08739880501893027
2011-10-06,0.08091444085377461
2011-10-07,-0.0002182986048671065
2011-10-10,2.3274802130046623e-07
2011-10-11,-0.0012002327479672327
2011-10-12,0.05790111810114849
2011-10-13,-0.0002182986048671065
2011-10-14,0.00021834626955308245
2011-10-17,-0.00021806590765427458
2011-10-18,-2.3274796723260494e-07
2011-10-19,0.0
2011-10-20,0.0
2011-10-21,2.3274802130046623e-07
2011-10-24,0.0
2011-10-25,-2.3274796723260494e-07
2011-10-26,0.0
2011-10-27,-0.0011997672519786996
2011-10-28,-0.0504055248699552
2011-10-31,0.07933036005497249
2011-11-01,1.5059919156179546e-07
2011-11-02,2.3274802130046623e-07
2011-11-03,-3.833471011738254e-07
2011-11-04,3.833472481673539e-07
2011-11-07,-0.0002182986048671065
2011-11-08,0.0
2011-11-09,0.00021834626955308245
2011-11-10,-0.0002182986048671065
2011-11-11,2.3274802130046623e-07
2011-11-14,0.00021788067203343253
2011-11-15,2.3274802130046623e-07
2011-11-16,-0.0002182986048671065
2011-11-17,0.0
2011-11-18,0.00021811347076616805
2011-11-21,0.0
2011-11-22,-0.0011997672519786996
2011-11-23,-0.003347698293673318
2011-11-25,-0.05729851316109802
2011-11-28,0.05844251647363885
2011-11-29,0.03463959807100414
2011-11-30,0.0656149046007084
2011-12-01,0.02577737834721603
2011-12-02,0.00021854448551050787
2011-12-05,0.0
2011-12-06,-0.00021834616796778672
2011-12-07,0.000218393853428811
2011-12-08,0.0
2011-12-09,-0.00021849673425411442
2011-12-12,0.0
2011-12-13,0.0
2011-12-14,-0.0011996166527518328
2011-12-15,-0.00884693152809881
2011-12-16,3.833472481673539e-07
2011-12-19,-0.00021811347076616805
2011-12-20,-0.0009818389453689837
2011-12-21,0.020516244780875416
2011-12-22,0.0
2011-12-23,0.0
2011-12-27,-0.0014184967342541145
2011-12-28,0.007029734499756747
2011-12-29,0.04186453036000426
2011-12-30,0.016041583874590294
2012-01-03,-0.0012002907200634673
2012-01-04,-0.0053784458990454795
2012-01-05,-0.00021824429043959537
2012-01-06,0.0
2012-01-09,0.0002185827150171793
2012-01-10,-0.0002182442904397064
2012-01-11,0.00021800114788206315
2012-01-12,-0.00021824429043959537
2012-01-13,0.0
2012-01-17,-0.0012000000000000001
2012-01-18,0.0048850591342742625
2012-01-19,0.0
2012-01-20,0.0
2012-01-23,0.00021829193140732173
2012-01-24,-0.00021824429043959537
2012-01-25,0.0
2012-01-26,0.00021829193140732173
2012-01-27,-0.0014182442904395955
2012-01-30,0.0524949322457442
2012-01-31,-0.016032365292294924
2012-02-01,-0.00021824429043959537
2012-02-02,0.0
2012-02-03,0.0
2012-02-06,2.907201479551702e-07
2012-02-07,-2.9072006335617573e-07
2012-02-08,2.907201479551702e-07
2012-02-09,-2.9072006335617573e-07
2012-02-10,0.0002185827150171793
2012-02-13,-0.00021853494705503795
2012-02-14,2.907201479551702e-07
2012-02-15,0.00021800114788206315
2012-02-16,2.907201479551702e-07
2012-02-17,-0.00021853494705503795
2012-02-21,-0.0012000000000000001
2012-02-22,-0.0027075561672752703
2012-02-23,0.00021829193140732173
2012-02-24,-0.00021795363373977583
2012-02-27,-0.000981998852117937
2012-02-28,0.009168711869073753
2012-02-29,-0.014307202636780557
2012-03-01,-2.9072006335617573e-07
2012-03-02,0.0
2012-03-05,-0.0002182086774290548
2012-03-06,0.00021825630284832975
2012-03-07,0.0
2012-03-08,2.907201479551702e-07
2012-03-09,0.0
2012-03-12,0.00021829193140732173
2012-03-13,0.0
2012-03-14,-0.00021853494705503795
2012-03-15,0.00021829193140732173
2012-03-16,-0.00021824429043959537
2012-03-19,0.0002185827150171793
2012-03-20,-0.0002182442904397064
2012-03-21,0.0
2012-03-22,0.00021829193140732173
2012-03-23,-0.0002182442904397064
2012-03-26,0.00021829193140732173
2012-03-27,-2.9072006346719803e-07
2012-03-28,-0.001417953633739776
2012-03-29,0.030640152050782188
2012-03-30,0.003191874986065858
2012-04-02,2.4231993567269683e-07
2012-04-03,-0.00021845094442973778
2012-04-04,0.00021849867567191872
2012-04-05,-2.4231987705292113e-07
2012-04-09,-0.001199709279852045
2012-04-10,0.012526039960998638
2012-04-11,0.0
2012-04-12,0.00021800114788206315
2012-04-13,-0.00043616313088457037
2012-04-16,0.00021801393008336056
2012-04-17,0.0
2012-04-18,0.0
2012-04-19,2.907201479551702e-07
2012-04-20,0.00021800114788206315
2012-04-23,-0.00021795363373977583
2012-04-24,0.00021829193140732173
2012-04-25,-0.00021853494705503795
2012-04-26,-0.0009814172849828208
2012-04-27,-0.009279316413447591
2012-04-30,0.012225222957823335
2012-05-01,0.0
2012-05-02,0.0
2012-05-03,-2.9072006335617573e-07
2012-05-04,0.0
2012-05-07,2.907201479551702e-07
2012-05-08,0.00021829193140732173
2012-05-09,-0.0002182442904397064
2012-05-10,0.0
2012-05-11,0.00021829193140732173
2012-05-14,-0.0002182442904397064
2012-05-15,0.0
2012-05-16,0.00021829193140732173
2012-05-17,0.0
2012-05-18,-0.0002182442904397064
2012-05-21,0.0
2012-05-22,-4.840019807161866e-08
2012-05-23,-0.0002182086774289438
2012-05-24,4.840020029206471e-08
2012-05-25,0.0002182563028481077
2012-05-29,-0.0009817080685926784
2012-05-30,-0.020106096140185548
2012-05-31,0.03903318392935438
2012-06-01,0.0
2012-06-04,0.0
2012-06-05,-0.0002182442904397064
2012-06-06,0.00021800114788206315
2012-06-07,0.0
2012-06-08,-0.00021824429043959537
2012-06-11,0.0
2012-06-12,0.0002185827150171793
2012-06-13,-0.0002182442904397064
2012-06-14,0.0
2012-06-15,-2.9072006335617573e-07
2012-06-18,0.0002185827150171793
2012-06-19,-4.840019807161866e-08
2012-06-20,-0.0004364053450706118
2012-06-21,4.840020029206471e-08
2012-06-22,0.00021796551933328523
2012-06-25,2.907201479551702e-07
2012-06-26,0.0
2012-06-27,-0.0012002907200633563
2012-06-28,0.01704570477084233
2012-06-29,-0.053908484496011176
2012-07-02,-0.0002182086774289438
2012-07-03,0.0
2012-07-05,-0.0012000000000000001
2012-07-06,-0.010314066070654014
2012-07-09,0.0
2012-07-10,-0.0002182086774289438
2012-07-11,0.0
2012-07-12,0.0
2012-07-13,-2.4231987716394343e-07
2012-07-16,2.4231993589474143e-07
2012-07-17,0.0
2012-07-18,0.0002182563028481077
2012-07-19,-2.4231987705292113e-07
2012-07-20,-0.00021796641036953002
2012-07-23,0.0002182563028481077
2012-07-24,-0.00021845094442973778
2012-07-25,0.00021854708644752918
2012-07-26,-2.9072006335617573e-07
2012-07-27,-0.001199709279852045
2012-07-30,-0.034565287682696955
2012-07-31,0.032712282143205186
2012-08-01,0.0004363534521725221
2012-08-02,-0.00021824429043959537
2012-08-03,0.0
2012-08-06,2.907201479551702e-07
2012-08-07,-2.9072006335617573e-07
2012-08-08,2.4231993567269683e-07
2012-08-09,-0.0002182086774289438
2012-08-10,0.0
2012-08-13,0.0002182563028481077
2012-08-14,-0.0002182086774289438
2012-08-15,0.0
2012-08-16,0.0
2012-08-17,0.0
2012-08-20,0.0
2012-08-21,0.0
2012-08-22,0.0
2012-08-23,0.0
2012-08-24,0.0002182563028481077
2012-08-27,-0.0002182086774289438
2012-08-28,0.0
2012-08-29,-0.0012000000000000001
2012-08-30,0.015388539848327776
2012-08-31,-0.013249646847303141
2012-09-04,-0.0012000000000000001
2012-09-05,-0.0015402187606722508
2012-09-06,-0.0002182086774290548
2012-09-07,2.4231993589474143e-07
2012-09-10,0.0
2012-09-11,0.0002182563028481077
2012-09-12,-0.0002182086774289438
2012-09-13,0.0
2012-09-14,0.0
2012-09-17,0.0
2012-09-18,0.0002182563028481077
2012-09-19,-0.0002182086774289438
2012-09-20,0.0
2012-09-21,0.0
2012-09-24,0.0002182563028481077
2012-09-25,-0.0002182086774289438
2012-09-26,-0.0012000000000000001
2012-09-27,-0.0002592674504874326
2012-09-28,0.004370842284639
2012-10-01,-0.0002182086774289438
2012-10-02,-2.4231987716394343e-07
2012-10-03,2.4231993589474143e-07
2012-10-04,0.0
2012-10-05,0.0002182563028481077
2012-10-08,0.0
2012-10-09,-0.0002182086774289438
2012-10-10,-2.4231987716394343e-07
2012-10-11,0.0
2012-10-12,0.00021849867567191872
2012-10-15,-0.00021845094442973778
2012-10-16,2.4231993589474143e-07
2012-10-17,-2.4231987716394343e-07
2012-10-18,2.4231993589474143e-07
2012-10-19,0.0002182563028481077
2012-10-22,-0.0002182086774289438
2012-10-23,0.00021801393008336056
2012-10-24,-0.0002182086774290548
2012-10-25,-0.0011997576800641054
2012-10-26,0.022519886921475107
2012-10-31,0.026854280942321118
2012-11-01,0.001493979361171106
2012-11-02,0.0
2012-11-05,-0.00021796641036953002
2012-11-06,0.0
2012-11-07,-2.4231987716394343e-07
2012-11-08,0.00021825630284832975
2012-11-09,-0.0002182086774290548
2012-11-12,0.00021825630284832975
2012-11-13,-0.001418208677429055
2012-11-14,0.015973623005764326
2012-11-15,-0.04836390482757049
2012-11-16,0.0
2012-11-19,0.0
2012-11-20,-0.0011997576800641054
2012-11-21,0.003121540116180821
2012-11-23,0.022604339470420953
2012-11-26,0.018876174448859785
2012-11-27,-0.0012000000000000001
2012-11-28,-0.023045398540013085
2012-11-29,0.05557662707555244
2012-11-30,0.013012269201588468
2012-12-03,-0.0002182086774289438
2012-12-04,0.0002182563028481077
2012-12-05,-0.0002182086774289438
2012-12-06,0.0
2012-12-07,0.0
2012-12-10,0.0
2012-12-11,-0.0012000000000000001
2012-12-12,0.030390299527347377
2012-12-13,0.0
2012-12-14,0.0002182563028481077
2012-12-17,-0.0002182086774289438
2012-12-18,-2.4231987716394343e-07
2012-12-19,2.4231993589474143e-07
2012-12-20,0.0
2012-12-21,0.0
2012-12-24,0.0002182563028481077
2012-12-26,-0.001418208677428944
2012-12-27,-0.027141013970184757
2012-12-28,0.030981260179112402
2012-12-31,-0.009672566617197086
2013-01-02,-0.001418208677428944
2013-01-03,0.01843943050422934
2013-01-04,-0.00021845094442973778
2013-01-07,-0.00021807988255651
2013-01-08,0.0002183872575782786
2013-01-09,-0.00021833957499728385
2013-01-10,0.0
2013-01-11,0.0002183872575782786
2013-01-14,0.0
2013-01-15,-0.00021833957499728385
2013-01-16,0.0
2013-01-17,-1.7429214071995602e-08
2013-01-18,0.00021840469059886125
2013-01-22,-0.001418339574997284
2013-01-23,0.016332448087564046
2013-01-24,-1.7429214071995602e-08
2013-01-25,1.7429214294040207e-08
2013-01-28,0.0
2013-01-29,-0.0009816127424217215
2013-01-30,-0.026853769563264906
2013-01-31,0.011343305562122465
2013-02-01,-0.0002183221495886123
2013-02-04,0.0
2013-02-05,-1.7429214071995602e-08
2013-02-06,0.00021838725757850064
2013-02-07,-0.00021833957499739487
2013-02-08,0.00021838725757850064
2013-02-11,-0.00021833957499739487
2013-02-12,0.00021838725757850064
2013-02-13,1.7429214294040207e-08
2013-02-14,-0.00021835700040584438
2013-02-15,0.00021840469059886125
2013-02-19,-0.0012000000000000001
2013-02-20,0.013252623643222529
2013-02-21,1.7429214294040207e-08
2013-02-22,-0.00021835700040584438
2013-02-25,0.00021840469059886125
2013-02-26,-0.001418339574997284
2013-02-27,0.020157444317706164
2013-02-28,-0.026625380184123103
2013-03-01,0.0
2013-03-04,-0.0002183221495886123
2013-03-05,-1.7429214071995602e-08
2013-03-06,1.7429214294040207e-08
2013-03-07,-1.7429214071995602e-08
2013-03-08,0.00021840469059886125
2013-03-11,-0.00021835700040584438
2013-03-12,1.7429214294040207e-08
2013-03-13,-1.7429214071995602e-08
2013-03-14,0.00021838725757850064
2013-03-15,-0.00021833957499739487
2013-03-18,0.00021840469059886125
2013-03-19,-0.00021833957499728385
2013-03-20,0.0
2013-03-21,0.0
2013-03-22,-1.7429214071995602e-08
2013-03-25,1.7429214294040207e-08
2013-03-26,-0.00098163017544186
2013-03-27,0.035504098793101235
2013-03-28,-0.004643380251579864
2013-04-01,-0.0009815953094011389
2013-04-02,-0.010683921863168931
2013-04-03,1.7429214294040207e-08
2013-04-04,-0.00021833957499728385
2013-04-05,-1.7429214071995602e-08
2013-04-08,0.00021838725757850064
2013-04-09,0.0
2013-04-10,0.0
2013-04-11,1.7429214294040207e-08
2013-04-12,-1.7429213849950997e-08
2013-04-15,-0.00021833957499739487
2013-04-16,0.00021838725757850064
2013-04-17,-0.00021833957499739487
2013-04-18,1.7429214294040207e-08
2013-04-19,0.00021836982455814002
2013-04-22,-0.00021833957499739487
2013-04-23,0.0
2013-04-24,0.00021838725757850064
2013-04-25,-0.0002183221495886123
2013-04-26,-0.0012000000000000001
2013-04-29,0.00979336853509638
2013-04-30,-0.006835502548781201
2013-05-01,-0.00021833957499728385
2013-05-02,0.00021836982455814002
2013-05-03,1.7429214294040207e-08
2013-05-06,-0.00021833957499728385
2013-05-07,0.0
2013-05-08,-1.7429214071995602e-08
2013-05-09,0.0
2013-05-10,1.7429214294040207e-08
2013-05-13,0.00021836982455814002
2013-05-14,1.7429214294040207e-08
2013-05-15,-0.00021833957499728385
2013-05-16,0.0002183872575782786
2013-05-17,-0.00021835700040584438
2013-05-20,1.7429214294040207e-08
2013-05-21,0.00021836982455814002
2013-05-22,-0.00021833957499739487
2013-05-23,0.00021838725757850064
2013-05-24,0.0
2013-05-28,-0.0014183221495886124
2013-05-29,-0.02804249689877547
2013-05-30,0.014316089185300473
2013-05-31,-0.006066916382318731
2013-06-03,0.0
2013-06-04,0.0
2013-06-05,0.0
2013-06-06,0.00021840469059886125
2013-06-07,-0.0004366132994497729
2013-06-10,0.0004368040138915674
2013-06-11,-1.7429213849950997e-08
2013-06-12,1.7429214294040207e-08
2013-06-13,-0.00021835700040584438
2013-06-14,1.7429214294040207e-08
2013-06-17,0.0
2013-06-18,0.0
2013-06-19,0.0002183872575782786
2013-06-20,0.0
2013-06-21,-1.7429213849950997e-08
2013-06-24,-0.00021833957499739487
2013-06-25,0.0
2013-06-26,-0.0012000000000000001
2013-06-27,0.014968808027527869
2013-06-28,-0.013489801438098435
2013-07-01,-0.00021835700040584438
2013-07-02,0.00021840469059886125
2013-07-03,-1.7429213849950997e-08
2013-07-05,-0.0012000000000000001
2013-07-08,0.020265330196438926
2013-07-09,-0.0002183039672436493
2013-07-10,0.0
2013-07-11,0.0
2013-07-12,0.0
2013-07-15,0.0
2013-07-16,0.00021835163427175175
2013-07-17,0.0
2013-07-18,-3.452670210846165e-07
2013-07-19,-0.0002183039672435383
2013-07-22,0.0002183516342715297
2013-07-23,-0.0002183039672435383
2013-07-24,0.00021833420125183522
2013-07-25,3.626963607228362e-07
2013-07-26,0.00021838725757805655
2013-07-29,-0.0016369409941241688
2013-07-30,0.00039859472505288096
2013-07-31,-0.0471977601296222
2013-08-01,-0.00021795877547658993
2013-08-02,-3.452670209735942e-07
2013-08-05,0.0002183516342715297
2013-08-06,0.0
2013-08-07,3.4526714021154703e-07
2013-08-08,-0.0002183039672436493
2013-08-09,-3.452670209735942e-07
2013-08-12,0.0002183516342715297
2013-08-13,0.0
2013-08-14,-0.0002183039672435383
2013-08-15,0.0002183516342715297
2013-08-16,0.0
2013-08-19,3.4526714021154703e-07
2013-08-20,-3.452670210846165e-07
2013-08-21,-0.0002183039672435383
2013-08-22,0.00021869697680143574
2013-08-23,-3.452670210846165e-07
2013-08-26,-0.00021795877547658993
2013-08-27,0.00021835163427175175
2013-08-28,-0.0014183039672436494
2013-08-29,-0.017577143452098487
2013-08-30,0.030919033430358935
2013-09-03,-0.0012000000000000001
2013-09-04,0.0006685087972307722
2013-09-05,0.0
2013-09-06,0.0
2013-09-09,0.00021850883747043248
2013-09-10,1.8809822988075098e-07
2013-09-11,0.0
2013-09-12,0.0
2013-09-13,-3.452670210846165e-07
2013-09-16,-0.00021795877547658993
2013-09-17,0.0
2013-09-18,-3.452670209735942e-07
2013-09-19,0.0
2013-09-20,0.00021869697680143574
2013-09-23,-0.0002183039672436493
2013-09-24,0.00021835163427175175
2013-09-25,-0.0002183039672436493
2013-09-26,-0.0009816483657282484
2013-09-27,-0.007595838761179863
2013-09-30,0.011418876760958076
2013-10-01,0.00021800629186108367
2013-10-02,0.0
2013-10-03,0.0
2013-10-04,-0.0002183039672435383
2013-10-07,0.0002183516342715297
2013-10-08,-0.0002183039672435383
2013-10-09,-0.00021808975107096007
2013-10-10,-1.880981946866811e-07
2013-10-11,0.0002179025261475065
2013-10-14,-0.0004367865770644741
2013-10-15,0.00021844704901030632
2013-10-16,-0.00021781945248611212
2013-10-17,0.00043697744294601826
2013-10-18,-0.00021824688565019734
2013-10-21,0.00021848266704171948
2013-10-22,-0.00021843494279272235
2013-10-23,0.00021848266704171948
2013-10-24,-0.00021862299990016432
2013-10-25,1.8809823010279558e-07
2013-10-28,0.0
2013-10-29,-0.0012001880981946868
2013-10-30,0.008506339987663258
2013-10-31,-0.0029655477178899482
2013-11-01,0.0
2013-11-04,-0.0002184349427929444
2013-11-05,0.00021848266704194153
2013-11-06,1.8809822988075098e-07
2013-11-07,-0.00021862299990016432
2013-11-08,0.00021848266704194153
2013-11-11,-0.00021824688565019734
2013-11-12,0.00021848266704171948
2013-11-13,-0.00021843494279272235
2013-11-14,0.0002182945277509063
2013-11-15,0.0
2013-11-18,-0.0002184349427929444
2013-11-19,0.0
2013-11-20,0.00021848266704194153
2013-11-21,1.8809822988075098e-07
2013-11-22,-0.00021862299990016432
2013-11-25,0.00021848266704194153
2013-11-26,-0.0014184349427929445
2013-11-27,0.0038813482519191034
2013-11-29,-0.018752813640296573
2013-12-02,0.008842209424475202
2013-12-03,1.8809823010279558e-07
2013-12-04,0.00021848266704171948
2013-12-05,0.0
2013-12-06,0.0
2013-12-09,-0.00021843494279272235
2013-12-10,-1.880981946866811e-07
2013-12-11,1.8809823010279558e-07
2013-12-12,0.00021848266704171948
2013-12-13,0.0
2013-12-16,-1.880981944646365e-07
2013-12-17,-0.0002184349427929444
2013-12-18,1.8809823010279558e-07
2013-12-19,0.0
2013-12-20,0.0002182945277509063
2013-12-23,-0.0002184349427929444
2013-12-24,-0.00021839934031897545
2013-12-26,-0.0007630225570539819
2013-12-27,0.006397958739375655
2013-12-30,0.001593282950909547
2013-12-31,0.002662539858330738
2014-01-02,-0.0012000000000000001
2014-01-03,-0.011166271405923432
2014-01-06,-0.00021897922781555224
2014-01-07,5.800145077561325e-07
2014-01-08,0.00021844704901030632
2014-01-09,-0.00021897922781555224
2014-01-10,0.00021902719022048878
2014-01-13,0.0
2014-01-14,-0.00021839934031897545
2014-01-15,0.0
2014-01-16,0.00021844704901030632
2014-01-17,-5.800141712475337e-07
2014-01-21,-0.0014178194524861122
2014-01-22,0.009859758814169207
2014-01-23,0.0
2014-01-24,-5.800141712475337e-07
2014-01-27,0.0
2014-01-28,0.00021844704901030632
2014-01-29,-0.0014178194524861122
2014-01-30,0.002161312518877745
2014-01-31,0.019584449434121166
2014-02-03,0.0
2014-02-04,5.800145077561325e-07
2014-02-05,-0.00021897922781555224
2014-02-06,0.0
2014-02-07,5.800145077561325e-07
2014-02-10,-5.800141712475337e-07
2014-02-11,-0.00021853039393560092
2014-02-12,0.0002191583011932341
2014-02-13,0.0
2014-02-14,0.0
2014-02-18,-0.0009821330918632566
2014-02-19,0.003375220783512135
2014-02-20,-0.00021839934031897545
2014-02-21,-5.800141712475337e-07
2014-02-24,5.800145077561325e-07
2014-02-25,0.00021844704901030632
2014-02-26,-0.0014183993403189756
2014-02-27,0.02821304399403446
2014-02-28,-0.003105287139771783
2014-03-03,0.0
2014-03-04,-5.800141712475337e-07
2014-03-05,5.800145077561325e-07
2014-03-06,0.0
2014-03-07,-5.800141712475337e-07
2014-03-10,0.0
2014-03-11,0.0
2014-03-12,0.0
2014-03-13,0.0
2014-03-14,0.0
2014-03-17,0.0
2014-03-18,0.0
2014-03-19,5.800145077561325e-07
2014-03-20,-5.800141712475337e-07
2014-03-21,0.00021902719022048878
2014-03-24,-0.00021839934031897545
2014-03-25,0.00021844704901030632
2014-03-26,-5.800141712475337e-07
2014-03-27,-0.0014183993403189756
2014-03-28,0.007516508529436194
2014-03-31,-0.030312336211211675
2014-04-01,-0.00021839934031897545
2014-04-02,0.0
2014-04-03,5.800145077561325e-07
2014-04-04,-5.800141712475337e-07
2014-04-07,0.0
2014-04-08,0.00021844704901030632
2014-04-09,-0.00021839934031897545
2014-04-10,0.0
2014-04-11,0.0
2014-04-14,0.0
2014-04-15,0.0
2014-04-16,0.0
2014-04-17,0.00021902719022048878
2014-04-21,-0.0016374617681341954
2014-04-22,0.022985454354909153
2014-04-23,0.00021794355292836798
2014-04-24,-0.00021853039393560092
2014-04-25,0.0
2014-04-28,-0.0009814218400928877
2014-04-29,-0.022958919158580948
2014-04-30,0.011535850125310755
2014-05-01,6.344687002446392e-07
2014-05-02,-0.00021916472358263217
2014-05-05,0.0
2014-05-06,0.0002192127672882016
2014-05-07,-0.0002185303939354899
2014-05-08,0.00021857815990689033
2014-05-09,-0.00021916472358263217
2014-05-12,6.344687002446392e-07
2014-05-13,-6.344682977887928e-07
2014-05-14,0.0
2014-05-15,0.0
2014-05-16,0.0
2014-05-19,0.0
2014-05-20,0.0
2014-05-21,0.0002192127672882016
2014-05-22,-0.0002185303939354899
2014-05-23,0.00021794355292836798
2014-05-27,-0.001417896063886003
2014-05-28,0.020380441806905347
2014-05-29,0.018652105942143393
2014-05-30,-0.025193443702912453
2014-06-02,6.344687002446392e-07
2014-06-03,0.0
2014-06-04,0.00021857815990689033
2014-06-05,0.0
2014-06-06,0.0
2014-06-09,-0.00021916472358263217
2014-06-10,0.0
2014-06-11,6.344687002446392e-07
2014-06-12,-6.344682977887928e-07
2014-06-13,-0.00021786046669225456
2014-06-16,-6.344682976777705e-07
2014-06-17,0.00021917715453256825
2014-06-18,-6.344682977887928e-07
2014-06-19,0.0
2014-06-20,0.00021857815990711238
2014-06-23,-0.00021853039393560092
2014-06-24,0.00021857815990711238
2014-06-25,-0.0002178960638860028
2014-06-26,-0.0009814218400931098
2014-06-27,0.014278641463012054
2014-06-30,-0.006054716270651482
2014-07-01,-6.344682977887928e-07
2014-07-02,0.0
2014-07-03,6.344687002446392e-07
2014-07-07,-0.001200634468297789
2014-07-08,-0.01186112018581855
2014-07-09,6.344687002446392e-07
2014-07-10,-0.0002185303939354899
2014-07-11,0.0
2014-07-14,0.0
2014-07-15,-0.00021849479676450123
2014-07-16,0.0
2014-07-17,0.0
2014-07-18,0.00021837375271172021
2014-07-21,-0.00021832607602711995
2014-07-22,0.00021837375271172021
2014-07-23,-0.00021832607602711995
2014-07-24,0.00021854254717390553
2014-07-25,-0.00021849479676450123
2014-07-28,0.0
2014-07-29,-0.0009814574528260946
2014-07-30,-0.017990711584972785
2014-07-31,-0.04296363871245614
2014-08-01,1.6875760988632749e-07
2014-08-04,-0.00021849479676450123
2014-08-05,-1.6875758135359575e-07
2014-08-06,0.0
2014-08-07,1.6875760988632749e-07
2014-08-08,0.00021837375271172021
2014-08-11,0.0
2014-08-12,-0.0002184947967642792
2014-08-13,1.6875760988632749e-07
2014-08-14,0.00021837375271172021
2014-08-15,1.6875760988632749e-07
2014-08-18,-0.00021866351747312773
2014-08-19,1.6875760988632749e-07
2014-08-20,-1.6875758135359575e-07
2014-08-21,1.6875760988632749e-07
2014-08-22,0.00021854254717390553
2014-08-25,-0.00021849479676450123
2014-08-26,0.0
2014-08-27,-0.0012001687575813537
2014-08-28,0.038099615769304984
2014-08-29,-0.0063632144506673635
2014-09-02,-0.0012001687575813537
2014-09-03,0.006718440271414085
2014-09-04,-1.6875758135359575e-07
2014-09-05,0.00021871134166451256
2014-09-08,-1.6875758146461806e-07
2014-09-09,-0.0002184947967642792
2014-09-10,1.6875760988632749e-07
2014-09-11,-1.6875758135359575e-07
2014-09-12,0.0
2014-09-15,0.0
2014-09-16,0.0002185425471736835
2014-09-17,0.0
2014-09-18,1.6875760988632749e-07
2014-09-19,-0.00021849479676450123
2014-09-22,0.0
2014-09-23,0.0
2014-09-24,0.00021854254717390553
2014-09-25,-0.00021849479676450123
2014-09-26,-0.0012000000000000001
2014-09-29,0.02639545428058221
2014-09-30,-0.010898663069151125
2014-10-01,0.00021854254717390553
2014-10-02,-0.00021849479676450123
2014-10-03,0.00021851364304636967
2014-10-06,-0.00043698959352889144
2014-10-07,0.00021845042811352577
2014-10-08,0.0
2014-10-09,-0.0002185425471737945
2014-10-10,0.0
2014-10-13,0.00021859031845883337
2014-10-14,-0.00021840271794626442
2014-10-15,0.0
2014-10-16,0.00021845042811352577
2014-10-17,0.0
2014-10-20,0.0
2014-10-21,1.3985979285813244e-07
2014-10-22,-0.00021868237638178467
2014-10-23,1.3985979285813244e-07
2014-10-24,0.0
2014-10-27,0.0
2014-10-28,0.00021859031845883337
2014-10-29,-0.0012001398597733183
2014-10-30,0.03444878334009238
2014-10-31,-0.027086332422333957
2014-11-03,0.00021873020882368088
2014-11-04,-0.00021868237638178467
2014-11-05,0.00021873020882368088
2014-11-06,-1.398597733182072e-07
2014-11-07,1.3985979285813244e-07
2014-11-10,-1.398597733182072e-07
2014-11-11,-0.0002185425471737945
2014-11-12,0.00021859031845883337
2014-11-13,1.3985979285813244e-07
2014-11-14,-0.0002185425471737945
2014-11-17,0.00021845042811352577
2014-11-18,-0.00021840271794626442
2014-11-19,0.00021859031845883337
2014-11-20,-0.0002185425471737945
2014-11-21,0.0
2014-11-24,-1.398597733182072e-07
2014-11-25,-0.0012000000000000001
2014-11-26,0.030952839215364847
2014-11-28,0.01242696188083814
2014-12-01,-0.0036839213964701347
2014-12-02,0.00021859031845883337
2014-12-03,-0.0002185425471737945
2014-12-04,0.0
2014-12-05,-1.398597733182072e-07
2014-12-08,0.00021859031845883337
2014-12-09,1.3985979285813244e-07
2014-12-10,-0.0002185425471737945
2014-12-11,0.0
2014-12-12,-1.398597733182072e-07
2014-12-15,0.00021915948057182888
2014-12-16,-0.0002185425471736835
2014-12-17,0.00021859031845861132
2014-12-18,-0.00043759746577565206
2014-12-19,4.291778741283281e-07
2014-12-22,0.0
2014-12-23,0.00021872154669999588
2014-12-24,-0.00021910280188630615
2014-12-26,-0.0011995708221258718
2014-12-29,0.008059187469350084
2014-12-30,0.024996926963309685
2014-12-31,-0.007354739540732756
2015-01-02,-0.0014182446340219802
2015-01-05,-0.037618765947083375
2015-01-06,4.291778741283281e-07
2015-01-07,0.00021872154669999588
2015-01-08,0.0
2015-01-09,0.0
2015-01-12,-0.00021867371804618063
2015-01-13,0.00021872154669999588
2015-01-14,-0.00021867371804618063
2015-01-15,0.0
2015-01-16,0.0
2015-01-20,-0.0012000000000000001
2015-01-21,-0.005116343048511406
2015-01-22,4.291778741283281e-07
2015-01-23,-4.291776899423283e-07
2015-01-26,0.00021872154669999588
2015-01-27,-0.00021867371804618063
2015-01-28,-0.0011995708221258718
2015-01-29,0.029527208660674598
2015-01-30,0.03471989737133683
2015-02-02,0.00021872154669999588
2015-02-03,-0.00021910280188630615
2015-02-04,4.291778741283281e-07
2015-02-05,0.0
2015-02-06,0.00021872154669999588
2015-02-09,-0.0002191512203564283
2015-02-10,4.776069784107051e-07
2015-02-11,-0.00021911563119869637
2015-02-12,0.0
2015-02-13,4.776069784107051e-07
2015-02-17,-0.00098131405804338
2015-02-18,-0.0016673688631683383
2015-02-19,-0.00021863812887146228
2015-02-20,-4.776067502598735e-07
2015-02-23,0.00021916365338081611
2015-02-24,-0.00021911563119869637
2015-02-25,-0.0011995223930215894
2015-02-26,0.005940481430253941
2015-02-27,-0.018487619608481907
2015-03-02,-0.00021911563119869637
2015-03-03,0.00021916365338081611
2015-03-04,-0.00021863812887146228
2015-03-05,0.0
2015-03-06,-4.776067502598735e-07
2015-03-09,0.00021916365338081611
2015-03-10,0.0
2015-03-11,-0.00021863812887146228
2015-03-12,0.0002182082307604638
2015-03-13,-0.00021816062631618838
2015-03-16,0.0
2015-03-17,0.0
2015-03-18,0.0
2015-03-19,0.0
2015-03-20,0.0
2015-03-23,-4.776067502598735e-07
2015-03-24,4.776069784107051e-07
2015-03-25,-4.776067502598735e-07
2015-03-26,0.0
2015-03-27,-0.0012000000000000001
2015-03-30,0.020634716310240053
2015-03-31,-0.016494151825274382
2015-04-01,0.00021866599904196704
2015-04-02,-0.0002190956970127278
2015-04-06,-0.0009811827514591078
2015-04-07,0.04037062023561542
2015-04-08,0.0
2015-04-09,-0.00021911563119869637
2015-04-10,-0.00021876937802745022
2015-04-13,3.263904959638353e-07
2015-04-14,0.00021849078673152889
2015-04-15,-0.00021844305893581328
2015-04-16,-3.2639038938242493e-07
2015-04-17,3.263904959638353e-07
2015-04-20,0.00021881724854089235
2015-04-21,-0.0002190956970127278
2015-04-22,0.00021914371045683723
2015-04-23,-0.00021876937802756125
2015-04-24,0.0
2015-04-27,-3.2639038938242493e-07
2015-04-28,-0.0012000000000000001
2015-04-29,-0.054111455059048796
2015-04-30,-0.019600688206644644
2015-05-01,3.263904959638353e-07
2015-05-04,0.00021849078673152889
2015-05-05,0.0
2015-05-06,0.0
2015-05-07,3.263904959638353e-07
2015-05-08,-0.0002190956970127278
2015-05-11,3.263904959638353e-07
2015-05-12,-3.2639038938242493e-07
2015-05-13,0.0
2015-05-14,3.263904959638353e-07
2015-05-15,0.00021881724854089235
2015-05-18,0.0
2015-05-19,0.0
2015-05-20,-0.00021876937802756125
2015-05-21,-3.2639038938242493e-07
2015-05-22,0.0
2015-05-26,-0.0009811827514591078
2015-05-27,-0.021254391801182826
2015-05-28,0.008265629557477228
2015-05-29,0.01647637724786475
2015-06-01,0.0
2015-06-02,-3.2639038949344723e-07
2015-06-03,0.0
2015-06-04,3.263904959638353e-07
2015-06-05,0.0
2015-06-08,-0.0002188352642104041
2015-06-09,0.0
2015-06-10,-0.00021866790802305136
2015-06-11,0.0002184551873551932
2015-06-12,0.00021914371045683723
2015-06-15,-3.2639038949344723e-07
2015-06-16,-0.0004371949440623579
2015-06-17,0.0002185211023559841
2015-06-18,0.00021907779541496808
2015-06-19,-0.0002187693780273392
2015-06-22,-0.00021866790802305136
2015-06-23,-6.590060008804244e-08
2015-06-24,0.00021878164915301035
2015-06-25,6.590060430688993e-08
2015-06-26,-0.001418799680398063
2015-06-29,0.03334341545225694
2015-06-30,0.007935147851992765
2015-07-01,0.0
2015-07-02,0.0
2015-07-06,-0.0014187337942125557
2015-07-07,0.014168856570477041
2015-07-08,0.00021878164915301035
2015-07-09,-0.0002187337942127776
2015-07-10,0.00021878164915301035
2015-07-13,-0.0002187337942127776
2015-07-14,6.590060452893454e-08
2015-07-15,0.00021871573413512202
2015-07-16,-0.0002187337942127776
2015-07-17,0.00021884756417511753
2015-07-20,-0.00021879968039806297
2015-07-21,0.00021884756417511753
2015-07-22,-6.590059986599783e-08
2015-07-23,-0.0002187337942127776
2015-07-24,6.590060452893454e-08
2015-07-27,-6.590060008804244e-08
2015-07-28,0.00021878164915301035
2015-07-29,-0.0011999340993956932
2015-07-30,0.0021320351531994852
2015-07-31,0.03190743474280442
2015-08-03,0.0002187816491527883
2015-08-04,-0.00021879968039806297
2015-08-05,0.0
2015-08-06,0.00021878164915301035
2015-08-07,0.0
2015-08-10,-0.00021866790802305136
2015-08-11,-6.590060008804244e-08
2015-08-12,0.00021878164915301035
2015-08-13,0.0
2015-08-14,-0.00021892221085140218
2015-08-17,-0.00021886512173929784
2015-08-18,1.8845789639954091e-07
2015-08-19,0.00021897894919797878
2015-08-20,-0.00021893100791592346
2015-08-21,0.0004377425774746424
2015-08-24,0.0
2015-08-25,-0.0014187337942127777
2015-08-26,-0.030279118950771844
2015-08-27,0.10181343965538159
2015-08-28,0.032709645330234904
2015-08-31,0.004501302602866054
2015-09-01,-0.0012000000000000001
2015-09-02,0.033037501826806315
2015-09-03,0.04048482971043486
2015-09-04,-0.00021879968039806297
2015-09-08,-0.0012000000000000001
2015-09-09,0.061873075099692754
2015-09-10,-0.07182470078612416
2015-09-11,-0.0002186767050897931
2015-09-14,0.0
2015-09-15,-0.0007624459628822401
2015-09-16,0.029302637437268464
2015-09-17,0.012385112521178777
2015-09-18,0.00021891303416721186
2015-09-21,-0.0002186767050897931
2015-09-22,-0.0009810869658330103
2015-09-23,0.009272050107688612
2015-09-24,-0.035941477755094285
2015-09-25,-0.00021886512173929784
2015-09-28,-0.0009808984666807232
2015-09-29,0.029525491828791717
2015-09-30,0.018777568300257785
2015-10-01,0.02885427467406574
2015-10-02,0.00021891303416698982
2015-10-05,-0.00021905353835316443
2015-10-06,-0.0012000000000000001
2015-10-07,0.010669783829317492
2015-10-08,-0.013602405382395454
2015-10-09,0.0
2015-10-12,0.00021891303416721186
2015-10-13,-0.00021886512173929784
2015-10-14,-0.0012000000000000001
2015-10-15,0.004981422805584314
2015-10-16,0.00021891303416721186
2015-10-19,-0.00021886512173929784
2015-10-20,-2.720495443364612e-07
2015-10-21,-0.00021855755322153225
2015-10-22,0.00021887744015769428
2015-10-23,-0.00021882954330731952
2015-10-26,0.00021860533106776714
2015-10-27,-0.00021882954330743054
2015-10-28,-0.0012000000000000001
2015-10-29,-0.027076693156280363
2015-10-30,-0.024223610852823783
2015-11-02,0.0
2015-11-03,0.00021914954932156228
2015-11-04,-0.00021910153331927695
2015-11-05,0.0
2015-11-06,0.0
2015-11-09,2.7204961838833697e-07
2015-11-10,0.00021860533106776714
2015-11-11,-0.00021855755322153225
2015-11-12,0.0
2015-11-13,0.00021860533106776714
2015-11-16,2.7204961838833697e-07
2015-11-17,-0.00021910153331927695
2015-11-18,0.0
2015-11-19,0.00021914954932156228
2015-11-20,-2.720495443364612e-07
2015-11-23,-0.00021855755322153225
2015-11-24,-2.7204954444748353e-07
2015-11-25,-0.0012000000000000001
2015-11-27,-0.0006752256079796109
2015-11-30,0.005253118638871658
2015-12-01,-2.720495443364612e-07
2015-12-02,0.0
2015-12-03,2.7204961838833697e-07
2015-12-04,0.0
2015-12-07,-0.00021882954330731952
2015-12-08,0.00021860533106776714
2015-12-09,-0.00021891511112037687
2015-12-10,0.00021896304543989054
2015-12-11,-0.00021855755322153225
2015-12-14,0.0
2015-12-15,-2.7204954444748353e-07
2015-12-16,0.00021914954932156228
2015-12-17,-0.00021910153331927695
2015-12-18,2.7204961838833697e-07
2015-12-21,-2.7204954444748353e-07
2015-12-22,0.0
2015-12-23,0.00021887744015769428
2015-12-24,-0.00021855755322153225
2015-12-28,-0.000981394668932233
2015-12-29,0.02229896124037012
2015-12-30,-0.045372410157661025
2015-12-31,0.014959770977931976
2016-01-04,-0.0011997279503816118
2016-01-05,0.016432551288809362
2016-01-06,-3.576360629864439e-07
2016-01-07,0.00021896304543989054
2016-01-08,-0.00021882954330743054
2016-01-11,0.0
2016-01-12,-0.0014186889592417086
2016-01-13,0.018801785646347602
2016-01-14,-0.10529556893513162
2016-01-15,-0.0004377425774746424
2016-01-19,-0.000980905491017391
2016-01-20,-0.07896914334445115
2016-01-21,0.05161159785523326
2016-01-22,0.00021851972581621304
2016-01-25,-0.00021874397548715674
2016-01-26,-0.0012000855865418538
2016-01-27,-0.0033487555378672873
2016-01-28,-0.014976322522065598
2016-01-29,0.041601239547506365
2016-02-01,0.00021865118930097793
2016-02-02,-0.0014189609492917467
2016-02-03,-0.03440146572154956
2016-02-04,-0.04318961491833031
2016-02-05,0.00021887744015769428
2016-02-08,-2.720495443364612e-07
2016-02-09,-0.0011997279503816118
2016-02-10,0.06871883409352142
2016-02-11,-0.06195103705081941
2016-02-12,-2.720495443364612e-07
2016-02-16,-0.0012000000000000001
2016-02-17,0.04510387317818498
2016-02-18,0.05253196117896928
2016-02-19,0.0
2016-02-22,0.0
2016-02-23,-0.0012002720495443366
2016-02-24,-0.06553119839467603
2016-02-25,0.07089220523501893
2016-02-26,-0.024836218882840932
2016-02-29,0.0024231676054980787
2016-03-01,-0.0014188295433073196
2016-03-02,0.062435272149135246
2016-03-03,0.0010727938550044512
2016-03-04,0.00021887744015769428
2016-03-07,0.0
2016-03-08,-0.001419101533319277
2016-03-09,0.008104504505164867
2016-03-10,0.02046152907013985
2016-03-11,-2.7204954444748353e-07
2016-03-14,0.0
2016-03-15,-0.0009811225598423058
2016-03-16,0.0006384665062710848
2016-03-17,0.025602972646973622
2016-03-18,0.0
2016-03-21,-0.00021855755322153225
2016-03-22,0.0
2016-03-23,-2.7204954444748353e-07
2016-03-24,2.7204961838833697e-07
2016-03-28,-0.0009811225598423058
2016-03-29,-0.018944931578418145
2016-03-30,0.07077816469366938
2016-03-31,-0.0017354102441679222
2016-04-01,0.0
2016-04-04,0.0
2016-04-05,0.00021910153331927695
2016-04-06,-0.00021886512173918682
2016-04-07,-1.8845786087240413e-07
2016-04-08,1.8845789639954091e-07
2016-04-11,-1.8845786087240413e-07
2016-04-12,0.00021891303416721186
2016-04-13,-0.0002186767050897931
2016-04-14,0.0
2016-04-15,0.00021872453505045186
2016-04-18,-0.0002186767050897931
2016-04-19,0.0
2016-04-20,0.00021891303416698982
2016-04-21,-1.8845786076138182e-07
2016-04-22,1.884578961774963e-07
2016-04-25,-0.00021905353835316443
2016-04-26,1.8845789639954091e-07
2016-04-27,-0.0009810869658330103
2016-04-28,0.00808597515268561
2016-04-29,0.003145452914760628
2016-05-02,0.00021871573413512202
2016-05-03,-0.0014186679080230515
2016-05-04,-0.024067644856871406
2016-05-05,0.006836882372296717
2016-05-06,6.590060452893454e-08
2016-05-09,0.0002187816491527883
2016-05-10,-0.0014187337942125557
2016-05-11,0.02471735353451763
2016-05-12,0.0
2016-05-13,-0.00021886512173929784
2016-05-16,0.0
2016-05-17,-0.0009810869658327882
2016-05-18,-0.04263148689472496
2016-05-19,0.0034179114048434665
2016-05-20,0.00021910153331927695
2016-05-23,6.590060452893454e-08
2016-05-24,-0.001200254358448415
2016-05-25,0.054035124705704575
2016-05-26,-0.0012000000000000001
2016-05-27,0.0055812999387219175
2016-05-31,-0.024734752786718994
2016-06-01,-0.009816551438701214
2016-06-02,-6.590060008804244e-08
2016-06-03,0.00021884756417511753
2016-06-06,-3.2639038938242493e-07
2016-06-07,0.0
2016-06-08,0.0
2016-06-09,0.00021907779541496808
2016-06-10,-0.00043745531998395926
2016-06-13,0.00021878164915301035
2016-06-14,-0.0002187337942127776
2016-06-15,0.00021878164915301035
2016-06-16,6.590060430688993e-08
2016-06-17,-6.590059986599783e-08
2016-06-20,-0.00021866790802305136
2016-06-21,0.0002187816491527883
2016-06-22,0.0
2016-06-23,-0.00021873379421255557
2016-06-24,-6.590060008804244e-08
2016-06-27,0.0
2016-06-28,-0.0009812183508469898
2016-06-29,0.056495926541684005
2016-06-30,0.03183511993855035
2016-07-01,-2.60489806724884e-07
2016-07-05,-0.0012000000000000001
2016-07-06,-0.019668885605480767
2016-07-07,-0.0002190956970127278
2016-07-08,0.00021914371045683723
2016-07-11,-3.2639038949344723e-07
2016-07-12,-0.00021850894514019448
2016-07-13,-0.00021866790802305136
2016-07-14,0.0002184551873551932
2016-07-15,3.263904959638353e-07
2016-07-18,0.0
2016-07-19,-3.2639038938242493e-07
2016-07-20,0.0
2016-07-21,0.0
2016-07-22,0.0
2016-07-25,3.263904959638353e-07
2016-07-26,0.0
2016-07-27,-0.0009815092132684712
2016-07-28,0.006149245968691819
2016-07-29,0.012399215943811416
2016-08-01,-0.00021844305893581328
2016-08-02,-3.2639038938242493e-07
2016-08-03,3.263904959638353e-07
2016-08-04,0.0
2016-08-05,0.0
2016-08-08,0.0
2016-08-09,0.00021881724854089235
2016-08-10,-0.00021876937802756125
2016-08-11,0.0
2016-08-12,0.00021881724854089235
2016-08-15,-0.00021876937802756125
2016-08-16,0.0
2016-08-17,0.0
2016-08-18,-3.2639038938242493e-07
2016-08-19,3.263904959638353e-07
2016-08-22,0.0
2016-08-23,0.00021881724854089235
2016-08-24,-0.0002190956970127278
2016-08-25,0.00021914371045683723
2016-08-26,-0.00021876937802756125
2016-08-29,-0.0009815092132684712
2016-08-30,0.016302484763608405
2016-08-31,-0.013828157814357332
2016-09-01,0.0
2016-09-02,4.776069784107051e-07
2016-09-06,-0.0012000000000000001
2016-09-07,0.014413374184919371
2016-09-08,-0.00021863812887146228
2016-09-09,0.00021916365338081611
2016-09-12,-1.512164102823732e-07
2016-09-13,-3.2639038938242493e-07
2016-09-14,0.0
2016-09-15,-0.00021863812887146228
2016-09-16,0.00021868594195662006
2016-09-19,0.0
2016-09-20,-0.00021863812887146228
2016-09-21,0.0
2016-09-22,0.00021916365338081611
2016-09-23,0.0
2016-09-26,-0.00021863812887146228
2016-09-27,0.0002182082307604638
2016-09-28,-0.0014186381288714624
2016-09-29,-0.020170117076942273
2016-09-30,0.020829944597436124
2016-10-03,0.0002182082307604638
2016-10-04,-0.00021816062631618838
2016-10-05,0.0
2016-10-06,0.00021868594195662006
2016-10-07,0.0
2016-10-10,0.0
2016-10-11,-4.776067502598735e-07
2016-10-12,-0.00021816062631618838
2016-10-13,0.0002182082307604638
2016-10-14,-0.00021863812887146228
2016-10-17,0.00021868594195662006
2016-10-18,-0.00021863812887146228
2016-10-19,4.776069784107051e-07
2016-10-20,0.0002182082307604638
2016-10-21,-0.00021863812887146228
2016-10-24,0.00021868594195662006
2016-10-25,0.0
2016-10-26,-0.00021816062631618838
2016-10-27,-0.0009817917692395363
2016-10-28,-0.017507345619826697
2016-10-31,0.012376652832754777
2016-11-01,0.00021915081844459117
2016-11-02,-4.291776899423283e-07
2016-11-03,4.291778741283281e-07
2016-11-04,-0.00021910280188630615
2016-11-07,0.00021915081844459117
2016-11-08,-0.00021910280188630615
2016-11-09,-4.8429081078715797e-08
2016-11-10,-0.00021863812887146228
2016-11-11,0.00021894648879650092
2016-11-14,-0.00021889856172507827
2016-11-15,0.00021916365338081611
2016-11-16,0.0
2016-11-17,-4.291776899423283e-07
2016-11-18,4.291778741283281e-07
2016-11-21,-4.776067502598735e-07
2016-11-22,0.0
2016-11-23,-0.00021863812887146228
2016-11-25,-0.000980836346619184
2016-11-28,-0.0016849811349806103
2016-11-29,0.003695902060465439
2016-11-30,-0.03960076770942302
2016-12-01,2.177412952786284e-05
2016-12-02,0.0004377647963536013
2016-12-05,0.0
2016-12-06,-0.00021888732603503325
2016-12-07,0.0
2016-12-08,0.0
2016-12-09,0.00021881724854089235
2016-12-12,-0.00021865143000610043
2016-12-13,-0.00021885174222435744
2016-12-14,0.00043764677089219717
2016-12-15,0.0
2016-12-16,1.1797383048239851e-07
2016-12-19,-0.00021888732603503325
2016-12-20,1.1797383048239851e-07
2016-12-21,0.000218699248909493
2016-12-22,1.1797383048239851e-07
2016-12-23,-0.00021876937802745022
2016-12-27,-0.0012001179738166047
2016-12-28,0.013269686827309892
2016-12-29,0.024041346371386885
2016-12-30,0.0015950064407100682
2017-01-03,-0.0009813185767325807
2017-01-04,0.008830367062799917
2017-01-05,-1.476324749116742e-07
2017-01-06,1.4763249667204548e-07
2017-01-09,-0.00021876937802745022
2017-01-10,0.00021866958376137724
2017-01-11,-0.0002186217778282762
2017-01-12,0.0
2017-01-13,0.0
2017-01-17,-0.0012000000000000001
2017-01-18,0.0030493495924287304
2017-01-19,0.00021881724854089235
2017-01-20,-0.0002186217778282762
2017-01-23,-1.476324750226965e-07
2017-01-24,0.0
2017-01-25,1.4763249689409008e-07
2017-01-26,0.0002188425357529944
2017-01-27,-0.0012001729141505536
2017-01-30,0.0022134593695324334
2017-01-31,-0.0028563999612451142
2017-02-01,-0.0001534227629736984
2017-02-02,0.0
2017-02-03,0.000219127255222773
2017-02-06,-2.6011929699087943e-07
2017-02-07,0.0002188172485406703
2017-02-08,-0.0002187693780273392
2017-02-09,0.0
2017-02-10,0.00021873181877141157
2017-02-13,-0.00021876937802756125
2017-02-14,0.00021890267831747856
2017-02-15,-8.541107987536378e-08
2017-02-16,-0.00021876937802756125
2017-02-17,0.00021890267831747856
2017-02-21,-0.0014188547704220501
2017-02-22,0.004540170610015527
2017-02-23,0.0
2017-02-24,-0.0012000000000000001
2017-02-27,0.012092637459430344
2017-02-28,-0.00847273646025206
2017-03-01,-0.000394325253452954
2017-03-02,0.0
2017-03-03,0.00021899599439967332
2017-03-06,-0.00021839746270968519
2017-03-07,0.0004370958266615155
2017-03-08,-0.00021876937802756125
2017-03-09,-0.00021873379421255557
2017-03-10,0.00021899599439967332
2017-03-13,-2.1429831642549857e-07
2017-03-14,-0.00021873379421255557
2017-03-15,2.142983623887318e-07
2017-03-16,3.36405086009961e-07
2017-03-17,0.0
2017-03-20,-3.364049729892571e-07
2017-03-21,0.0004379833232048824
2017-03-22,-0.0004374553199840703
2017-03-23,0.00043731021869275466
2017-03-24,-0.00021843304653657025
2017-03-27,-0.00021873379421255557
2017-03-28,0.00043764677089219717
2017-03-29,-0.0012000000000000001
2017-03-30,0.00424580690157117
2017-03-31,-0.021284211807886887
2017-04-03,-0.0005684634369006458
2017-04-04,0.00021891303416721186
2017-04-05,0.00021878164915301035
2017-04-06,-0.0002187337942126666
2017-04-07,0.00021878164915301035
2017-04-10,0.0002188172485406703
2017-04-11,-0.00021923897177300589
2017-04-12,0.00021928704803997334
2017-04-13,-0.00043792481101345704
2017-04-17,-0.0012000000000000001
2017-04-18,0.004568549560584591
2017-04-19,0.0
2017-04-20,0.0
2017-04-21,0.00021881724854089235
2017-04-24,-5.777275303708862e-07
2017-04-25,0.0
2017-04-26,-0.0014181917765525788
2017-04-27,0.005221946641732478
2017-04-28,-0.004316949560989623
2017-05-01,0.00037154750295842476
2017-05-02,-0.0004374183658879538
2017-05-03,0.0
2017-05-04,-3.697026740301368e-08
2017-05-05,3.697026884630361e-08
2017-05-08,0.0002187446707970775
2017-05-09,0.00021881724854089235
2017-05-10,1.8785558664191626e-07
2017-05-11,-0.00021876937802745022
2017-05-12,0.000218629351883326
2017-05-15,1.8785558664191626e-07
2017-05-16,0.0
2017-05-17,3.73917319995698e-07
2017-05-18,0.0
2017-05-19,-3.739171801075969e-07
2017-05-22,3.73917319995698e-07
2017-05-23,0.0
2017-05-24,-3.739171801075969e-07
2017-05-25,3.73917319995698e-07
2017-05-26,-0.0012004285710974995
2017-05-30,0.01139956382641505
2017-05-31,0.012494517777208981
2017-06-01,-6.563965968842123e-05
2017-06-02,1.6615751685655766e-07
2017-06-05,-1.6615748932302665e-07
2017-06-06,1.6615751685655766e-07
2017-06-07,-1.076146920464538e-07
2017-06-08,0.0004375882024676425
2017-06-09,-0.00021871084802782548
2017-06-12,0.00021875869292697914
2017-06-13,-0.00021871084802782548
2017-06-14,0.00021875869292697914
2017-06-15,-0.00021876937802745022
2017-06-16,4.05808745940206e-07
2017-06-19,0.00021846990675511435
2017-06-20,0.000218685941956398
2017-06-21,3.472659186876115e-07
2017-06-22,-1.46857473959372e-07
2017-06-23,0.00021886843631646613
2017-06-26,-0.00043761115045604093
2017-06-27,0.000218685941956398
2017-06-28,-0.0011997995916063421
2017-06-29,-0.040900882891195645
2017-06-30,0.0035913488871738074
2017-07-03,0.0001087058616329184
2017-07-05,-0.0009808136993526774
2017-07-06,-0.004125092526418815
2017-07-07,0.0
2017-07-10,0.0
2017-07-11,0.0002188172485406703
2017-07-12,-0.0002184004873779788
2017-07-13,0.00021881724854089235
2017-07-14,-0.00021891066375234747
2017-07-17,0.00021858954410158837
2017-07-18,0.0
2017-07-19,0.0
2017-07-20,0.0
2017-07-21,0.0
2017-07-24,0.0
2017-07-25,0.0
2017-07-26,2.2765467622143376e-07
2017-07-27,-0.0007625030932469014
2017-07-28,0.005497214180234744
2017-07-31,0.003273318448394048
2017-08-01,-0.0003932989894375183
2017-08-02,0.0002190804049839734
2017-08-03,-0.0002187337942126666
2017-08-04,0.0002187816491527883
2017-08-07,-0.0002187337942126666
2017-08-08,0.0004376467708924192
2017-08-09,0.0
2017-08-10,-0.00021876937802756125
2017-08-11,0.00021837883019171223
2017-08-14,0.0002191243604403592
2017-08-15,-0.00021907635547413484
2017-08-16,0.0002191243604403592
2017-08-17,-0.00021907635547413484
2017-08-18,0.0002191243604403592
2017-08-21,-4.3832243667996096e-07
2017-08-22,7.086509548059894e-07
2017-08-23,0.00021872154670021793
2017-08-24,-0.00021867371804629165
2017-08-25,-7.086504527631377e-07
2017-08-28,0.0002194303526523722
2017-08-29,-0.0012000000000000001
2017-08-30,-0.01932329127400978
2017-08-31,-0.0007527616086135049
2017-09-01,0.00028419998788753453
2017-09-05,-0.001200159892962759
2017-09-06,-0.010650048144234446
2017-09-07,0.00021881724854089235
2017-09-08,-0.00021870508551835588
2017-09-11,0.00021881724854089235
2017-09-12,-0.00021871209419221938
2017-09-13,0.0002188172485406703
2017-09-14,-1.2160293616503282e-07
2017-09-15,0.00021868594195662006
2017-09-18,0.0
2017-09-19,4.6707663736711424e-07
2017-09-20,0.00021872154669999588
2017-09-21,-0.00021867371804618063
2017-09-22,0.00021872154669999588
2017-09-25,0.0
2017-09-26,-0.00021867371804618063
2017-09-27,-0.0009812784533000042
2017-09-28,-0.017200380681767657
2017-09-29,0.014842471436018558
2017-10-02,0.0002621278117578285
2017-10-03,-0.00021876937802745022
2017-10-04,1.2403765792257104e-08
2017-10-05,-1.2403765681234802e-08
2017-10-06,0.00021882965502073581
2017-10-09,-0.00021876937802745022
2017-10-10,0.0
2017-10-11,0.00021881724854089235
2017-10-12,4.6818340959653426e-07
2017-10-13,0.000218685941956398
2017-10-16,-0.00021911861074708217
2017-10-17,4.805871813839957e-07
2017-10-18,0.000218685941956398
2017-10-19,0.0
2017-10-20,4.993467033198584e-07
2017-10-23,0.0002182220910280641
2017-10-24,-0.00021861534541967043
2017-10-25,0.00021872154669999588
2017-10-26,0.0
2017-10-27,-0.0012000000000000001
2017-10-30,1.196847752016339e-07
2017-10-31,0.03678096258325434
2017-11-01,0.00032761381230761444
2017-11-02,7.746742936021178e-08
2017-11-03,-0.00021876937802756125
2017-11-06,-7.746742314296284e-08
2017-11-07,0.0
2017-11-08,0.00021881724854089235
2017-11-09,7.746742936021178e-08
2017-11-10,-7.746742336500745e-08
2017-11-13,0.000218685941956398
2017-11-14,0.0
2017-11-15,-0.00021863812887135126
2017-11-16,3.1292501034840825e-07
2017-11-17,-3.129249123157152e-07
2017-11-20,3.1292501034840825e-07
2017-11-21,0.00021922232123738894
2017-11-22,0.0
2017-11-24,-0.0009818148323123212
2017-11-27,0.004906009890778808
2017-11-28,-0.0012000715548108544
2017-11-29,-0.029972554935900564
2017-11-30,-0.007754536706483538
2017-12-01,-4.4210064744198974e-05
2017-12-04,-0.00010966768808007288
2017-12-05,0.00010923986475841474
2017-12-06,0.00010956541487150417
2017-12-07,-0.0001095534116064556
2017-12-08,0.00010982267952708291
2017-12-11,0.00010887522897062851
2017-12-12,0.00010979875862093813
2017-12-13,-0.00010978670417716163
2017-12-14,4.259775938653121e-07
2017-12-15,3.4246644897706346e-07
2017-12-18,-3.73208233428457e-07
2017-12-19,0.00013095181420075264
2017-12-20,-0.00010937302622393563
2017-12-21,0.00010938498999135682
2017-12-22,0.0002190950198495134
2017-12-26,-0.0010908117515290518
2017-12-27,-0.002141915168321627
2017-12-28,0.02234629873437255
2017-12-29,-0.0034767050645273735
2018-01-02,-0.0011997557142745742
2018-01-03,0.03804794840545376
2018-01-04,0.00010923215009750464
2018-01-05,-0.0001093846890136696
2018-01-08,3.276128193174799e-07
2018-01-09,0.0
2018-01-10,0.00010939665533271636
2018-01-11,0.00010897360442241322
2018-01-12,0.00010947359291590963
2018-01-16,-0.0013091340328021052
2018-01-17,-0.015650620529333324
2018-01-18,0.00010937273443678563
2018-01-19,0.00011001344252870027
2018-01-22,0.00021771603717346544
2018-01-23,0.0
2018-01-24,0.00010946689519930608
2018-01-25,0.0
2018-01-26,4.692807518136277e-07
2018-01-29,-0.000981926835915602
2018-01-30,-0.014492525979182047
2018-01-31,0.010970405356619396
2018-02-01,-0.00015361031715976914
2018-02-02,0.00032801320681263846
2018-02-05,0.00010946630666608392
2018-02-06,-0.00032819975787823363
2018-02-07,0.00010963326611079793
2018-02-08,-2.2461721493893805e-07
2018-02-09,6.719239993291382e-07
2018-02-12,0.00032810652079984237
2018-02-13,-0.00021863812887135126
2018-02-14,0.00010930125294272841
2018-02-15,0.00021827420619180415
2018-02-16,-0.00010879963369492263
2018-02-20,-0.0010906392266500022
2018-02-21,0.030046312739220628
2018-02-22,5.492412431529203e-07
2018-02-23,0.00010859875689073206
2018-02-26,-0.0011993453685471768
2018-02-27,-0.004437016494945434
2018-02-28,-0.0017571604808929377
2018-03-01,-1.0962646869727699e-05
2018-03-02,0.0001094366798768398
2018-03-05,0.000218709865467126
2018-03-06,0.0
2018-03-07,-0.00010928930748443921
2018-03-08,-2.8052536515943416e-08
2018-03-09,0.00010968183163462264
2018-03-12,0.0002184861026384155
2018-03-13,-0.00021869762975812446
2018-03-14,0.0
2018-03-15,0.0002190048351762286
2018-03-16,-1.1079567452387806e-07
2018-03-19,0.0
2018-03-20,0.00010920028478467181
2018-03-21,-6.389197354517151e-07
2018-03-22,4.5430978046212545e-07
2018-03-23,0.00021853497518331544
2018-03-26,5.533118363487688e-08
2018-03-27,-0.0009811789876382972
2018-03-28,0.040948353976618
2018-03-29,-0.0012001690270499123
2018-04-02,-0.0010363622866210944
2018-04-03,-0.04226166412990242
2018-04-04,-0.00010935715212478936
2018-04-05,0.00032812950839478106
2018-04-06,0.0
2018-04-09,0.00010958744502675977
2018-04-10,-2.2664683907436256e-07
2018-04-11,0.00010949660086700952
2018-04-12,-0.0001093368590230348
2018-04-13,0.00010934881487911774
2018-04-16,0.00021861780597731695
2018-04-17,-0.00010931296426752724
2018-04-18,0.00010950561111755519
2018-04-19,0.00010864620387684987
2018-04-20,-0.00010930101624917476
2018-04-23,0.00010931296426730519
2018-04-24,4.579258083836635e-09
2018-04-25,0.00010944420059555426
2018-04-26,-0.0010905861821849596
2018-04-27,0.018760799561153174
2018-04-30,0.01330900720663717
2018-05-01,-0.0001419171996049906
2018-05-02,0.00010906991656756126
2018-05-03,0.00021868594195662006
2018-05-04,0.00011006659479018133
2018-05-07,-0.0001093488148788957
2018-05-08,0.0001091541254478745
2018-05-09,-0.00010934881487922876
2018-05-10,0.00021872154669999588
2018-05-11,0.00021859031845883337
2018-05-14,-0.0002185425471737945
2018-05-15,0.00010882199494322009
2018-05-16,0.0001091184043611193
2018-05-17,0.00010931296426730519
2018-05-18,0.0001093995681971105
2018-05-21,0.0
2018-05-22,0.00010928907995344517
2018-05-23,0.00010947731978006026
2018-05-24,-6.3217813206506435e-09
2018-05-25,0.00010954862861267678
2018-05-29,-0.0012000000000000001
2018-05-30,0.009133283214705525
2018-05-31,0.012921237902047224
2018-06-01,-4.3993666579700275e-05
2018-06-04,4.957837185237679e-08
2018-06-05,0.00010937273443700768
2018-06-06,-4.9578369409886136e-08
2018-06-07,4.957837185237679e-08
2018-06-08,0.00021912545679070305
2018-06-11,1.3290300171497904e-07
2018-06-12,0.00010925345943579856
2018-06-13,-0.00010937441288683125
2018-06-14,0.0002181113635384424
2018-06-15,0.00010931296426752724
2018-06-18,0.00010947274336459145
2018-06-19,-1.2215967803985706e-07
2018-06-20,0.0001091561536501473
2018-06-21,0.00010941006347509052
2018-06-22,5.570805448051885e-07
2018-06-25,0.00010885662566728627
2018-06-26,-0.00010930276103648939
2018-06-27,-0.0009812690818619342
2018-06-28,0.01084163756320744
2018-06-29,-0.0012000179655879063
2018-07-02,-3.305553530918992e-05
2018-07-03,-3.238360162249876e-07
2018-07-05,-0.0010906272655632145
2018-07-06,0.021760519136278057
2018-07-09,0.0
2018-07-10,0.0002184939941791697
2018-07-11,-0.00010924152442126633
2018-07-12,0.00010925345943579856
2018-07-13,0.00021824337965181684
2018-07-16,-3.048808728811636e-07
2018-07-17,0.00010921764400206868
2018-07-18,-0.00010871755634966895
2018-07-19,0.0001096224410532809
2018-07-20,0.0002180704869934047
2018-07-23,0.00010977281465596178
2018-07-24,-0.00010966014360924703
2018-07-25,0.00010916455263831892
2018-07-26,0.00021852383828302457
2018-07-27,-0.0011998168069494932
2018-07-30,-0.020529182143251168
2018-07-31,0.018104770348328227
2018-08-01,-5.5092135850531854e-05
2018-08-02,0.00021872661429589435
2018-08-03,0.0
2018-08-06,0.00021896482754302227
2018-08-07,-1.6192738994114109e-07
2018-08-08,1.6192741614240447e-07
2018-08-09,-1.6192738994114109e-07
2018-08-10,0.00021865372501284064
2018-08-13,0.00010894857637322453
2018-08-14,2.2245391173569828e-07
2018-08-15,-0.00010952344579706619
2018-08-16,0.0002185425471736835
2018-08-17,6.301756876325726e-07
2018-08-20,0.0
2018-08-21,0.00021871999403955122
2018-08-22,0.0
2018-08-23,0.00021753878380392777
2018-08-24,0.0
2018-08-27,5.465288896999709e-07
2018-08-28,0.0
2018-08-29,-0.0009820639809564814
2018-08-30,0.009973681047263927
2018-08-31,0.013352872890583935
2018-09-04,-0.0012220745724048844
2018-09-05,-0.010548026140269194
2018-09-06,0.00021887777396689678
2018-09-07,-2.6604377878491903e-07
2018-09-10,0.0
2018-09-11,7.808296431655037e-08
2018-09-12,0.00010925345943579856
2018-09-13,0.00032789135421706916
2018-09-14,-5.284724591270162e-07
2018-09-17,-0.00010835983575496755
2018-09-18,0.0002185186602514655
2018-09-19,-0.00010927713715569443
2018-09-20,0.00021832991769854537
2018-09-21,0.0
2018-09-24,0.00010912342032987077
2018-09-25,0.0
2018-09-26,-0.0009815768170414953
2018-09-27,0.006972532471059445
2018-09-28,0.014380045120757502
2018-10-01,0.00017469259719571362
2018-10-02,-1.1396451093936832e-07
2018-10-03,0.00010930125294295046
2018-10-04,0.00021875468994503322
2018-10-05,0.00010945439608844865
2018-10-08,0.0
2018-10-09,-1.055696543517115e-07
2018-10-10,0.0001090431901036304
2018-10-11,0.00010953144668013337
2018-10-12,0.0
2018-10-15,0.00010861099458203682
2018-10-16,5.926342756534808e-07
2018-10-17,0.0
2018-10-18,0.00021851866025124345
2018-10-19,3.0733738975996516e-07
2018-10-22,9.166517545011743e-09
2018-10-23,0.0
2018-10-24,0.0003274323687962877
2018-10-25,-2.9797157519162454e-07
2018-10-26,0.00021919343020981863
2018-10-29,-0.0012000000000000001
2018-10-30,-0.017347066880853856
2018-10-31,0.10834783403184955
2018-11-01,0.026507228934780837
2018-11-02,-0.00010936077334999794
2018-11-05,0.00010950071414339568
2018-11-06,-0.0010906392266500022
2018-11-07,0.06029935866527025
2018-11-08,0.04062738855843993
2018-11-09,0.00010947992999899014
2018-11-12,0.00010938664311010982
2018-11-13,-0.0013093746789812001
2018-11-14,0.01637354535917801
2018-11-15,-0.05867805475411405
2018-11-16,0.00010920351949650353
2018-11-19,7.360962084312916e-08
2018-11-20,-0.0010902776407831984
2018-11-21,0.05536921489232238
2018-11-23,-0.03974574712064827
2018-11-26,0.04373858062087641
2018-11-27,-0.0012000000000000001
2018-11-28,0.04885720317254538
2018-11-29,0.05611946749681285
2018-11-30,0.009204108765985854
2018-12-03,-0.0001424823760093341
2018-12-04,0.00010941372762807156
2018-12-06,-0.0009810958392610027
2018-12-07,0.07063067979813784
2018-12-10,0.00010956709928389152
2018-12-11,-0.0012002421578535473
2018-12-12,0.006179230607425756
2018-12-13,0.0004943127316579875
2018-12-14,-1.6022936732973392e-07
2018-12-17,0.00010933000525970016
2018-12-18,-0.0010907228628441947
2018-12-19,-0.009007143516334248
2018-12-20,-0.0807874645971858
2018-12-21,0.00021878942684017133
2018-12-24,0.00010927025963103354
2018-12-26,-0.0011999331436946194
2018-12-27,0.1034310865983612
2018-12-28,-0.02180696435429219
2018-12-31,0.004638685935479316
2019-01-02,-0.0010910918525978354
2019-01-03,0.033302869318684626
2019-01-04,0.00021884877522326818
2019-01-07,-0.00010924152442137736
2019-01-08,-0.0010907465405642016
2019-01-09,0.010567644430726553
2019-01-10,-0.01287297058400063
2019-01-11,-4.1780365278576426e-07
2019-01-14,0.00010945629118275235
2019-01-15,-0.0011998153463969254
2019-01-16,0.04958477287763907
2019-01-17,-0.016792323212452852
2019-01-18,0.00010916992356935218
2019-01-22,-0.0011996483164457218
2019-01-23,-0.024085501064886272
2019-01-24,-0.004226664699188996
2019-01-25,-9.535045577546697e-07
2019-01-28,0.0002193648204027454
2019-01-29,-0.0013091817068423763
2019-01-30,0.0025469618971190044
2019-01-31,0.05699853701279687
2019-02-01,0.00020787243355657736
2019-02-04,-0.0001096240814820737
2019-02-05,-0.0010906272655632145
2019-02-06,0.021748175766904333
2019-02-07,0.0001093488148788957
2019-02-08,0.00021854811868160517
2019-02-11,6.278821218508313e-08
2019-02-12,-0.0011999251255624612
2019-02-13,0.03594415387381078
2019-02-14,-0.024465094807863207
2019-02-15,0.00010927713715580545
2019-02-19,-0.0010901589658240053
2019-02-20,0.016758204785191612
2019-02-21,0.00021834354780470022
2019-02-22,-2.5374605083783308e-08
2019-02-25,0.0001088915150908587
2019-02-26,-0.0011996621507243334
2019-02-27,-0.01443323243380712
2019-02-28,-0.016890404260283896
2019-03-01,0.00021812430885548295
2019-03-04,-0.00010890692481879682
2019-03-05,0.00010891878682883771
2019-03-06,0.00010970771103058219
2019-03-07,0.00021899100395361693
2019-03-08,0.00010887113640056789
2019-03-11,0.0
2019-03-12,0.000109259502725223
2019-03-13,0.00010974778418515463
2019-03-14,0.0
2019-03-15,0.00010873541512479434
2019-03-18,1.346502833676766e-07
2019-03-19,0.00021857815990711238
2019-03-20,0.0
2019-03-21,0.00010935239555975862
2019-03-22,0.00010916992356935218
2019-03-25,0.00010924133352085974
2019-03-26,-1.6533399072038435e-07
2019-03-27,-0.0011998654294153245
2019-03-28,0.02035020538462806
2019-03-29,-0.016042472205468637
2019-04-01,6.558117016441933e-05
2019-04-02,0.00010947233880220786
2019-04-03,-7.567518478523994e-08
2019-04-04,0.0002188421107278682
2019-04-05,0.0
2019-04-08,0.00021872154669999588
2019-04-09,-0.00010921277720998823
2019-04-10,0.00021861422105118322
2019-04-11,0.00010948090641837993
2019-04-12,0.0
2019-04-15,0.00010862179721549126
2019-04-16,0.00010921764400184664
2019-04-17,0.00021872650262411142
2019-04-18,0.00010988827825419989
2019-04-22,-0.0012000000000000001
2019-04-23,0.02825339422322224
2019-04-24,0.00021815566055050084
2019-04-25,0.00021840740394107883
2019-04-26,-0.0012003070188265842
2019-04-29,-0.01764723932744572
2019-04-30,-0.00868496344433791
2019-05-01,4.368713428859472e-05
2019-05-02,0.00021912474774277158
2019-05-03,-2.9960122782668464e-07
2019-05-06,0.00010958803573868359
2019-05-07,0.00010927691188222788
2019-05-08,0.0
2019-05-09,0.0002187297791740317
2019-05-10,0.00010894161296470806
2019-05-13,8.379556337700933e-08
2019-05-14,0.00010922915955124957
2019-05-15,4.144765821667562e-07
2019-05-16,0.0001087189401149935
2019-05-17,0.0002189926457487612
2019-05-20,0.00010918140196825021
2019-05-21,0.0
2019-05-22,0.00010898611710041806
2019-05-23,0.00010927304607188937
2019-05-24,0.0001092294011555417
2019-05-28,-0.0010905675283487061
2019-05-29,-0.03958695105986654
2019-05-30,-0.008572670079407652
2019-05-31,0.034684348470339944
2019-06-03,-4.349509893841752e-05
2019-06-04,-0.001090804833259317
2019-06-05,0.07917226810941366
2019-06-06,0.00010945850701782334
2019-06-07,0.00021852603485106314
2019-06-10,0.00010951733935371522
2019-06-11,-0.00010941718934098787
2019-06-12,0.00010942916277234538
2019-06-13,0.00021844126396386443
2019-06-14,0.00021858292483689645
2019-06-17,0.0
2019-06-18,0.0
2019-06-19,0.00010925864262878449
2019-06-20,0.0002184279465218264
2019-06-21,0.0
2019-06-24,0.00010923416315855583
2019-06-25,0.00010913416287516853
2019-06-26,-0.0011998078282268389
2019-06-27,-0.009626968853579054
2019-06-28,0.004875490897434533
2019-07-01,-5.402665519804728e-05
2019-07-02,8.988261090969729e-08
2019-07-03,0.0003282368860968443
2019-07-05,-0.0013098398532952684
2019-07-08,-0.005808987857960156
2019-07-09,5.03049527145194e-07
2019-07-10,-2.080850577401705e-07
2019-07-11,0.00021840462028932528
2019-07-12,0.0002185331098718546
2019-07-15,0.0
2019-07-16,-2.9130421164147435e-07
2019-07-17,0.00010928907995366721
2019-07-18,0.0001095784517941567
2019-07-19,0.00010926519696785597
2019-07-22,0.0
2019-07-23,3.071426377676545e-07
2019-07-24,0.000109266119332041
2019-07-25,0.00010923828300257732
2019-07-26,0.00021798805584571923
2019-07-29,-0.00109089660508923
2019-07-30,0.0012285846870079276
2019-07-31,-0.006926082514597275
2019-08-01,0.00016414905034500826
2019-08-02,0.0001093488148788957
2019-08-05,-4.163459919048762e-07
2019-08-06,4.1634616532171265e-07
2019-08-07,-3.727988076018818e-07
2019-08-08,0.00032804608472014607
2019-08-09,-0.00010941987150103749
2019-08-12,0.00010983229750927137
2019-08-13,-7.939553703373292e-08
2019-08-14,0.00021859807314394963
2019-08-15,0.00021812191237802203
2019-08-16,0.00010906683859301936
2019-08-19,0.00010924133352108178
2019-08-20,-0.00010912633867965482
2019-08-21,-1.0307372388940195e-07
2019-08-22,0.00010928483843031245
2019-08-23,0.00010920965889682499
2019-08-26,0.00010915390513233092
2019-08-27,-2.930673668188888e-07
2019-08-28,-0.00119970693254725
2019-08-29,-0.03048594819147621
2019-08-30,-0.014845880181429759
2019-09-03,-0.0010038731537493008
2019-09-04,0.017184311376407503
2019-09-05,0.00010917991606906874
2019-09-06,2.1509690539822657e-07
2019-09-09,0.0
2019-09-10,0.0002187318816266881
2019-09-11,-0.00010944097628473592
2019-09-12,0.00021880694695730618
2019-09-13,0.00010931296426752724
2019-09-16,0.0
2019-09-17,-8.182670685474847e-08
2019-09-18,0.00010893955023538737
2019-09-19,0.00032786723986055755
2019-09-20,-0.00010913723658312335
2019-09-23,1.1756876738822086e-07
2019-09-24,0.00021844704901030632
2019-09-25,0.0
2019-09-26,-0.0010909221851000063
2019-09-27,0.000994273871458784
2019-09-30,-0.011792763367838098
2019-10-01,0.0001857943041945198
2019-10-02,0.0
2019-10-03,0.00010941553606080845
2019-10-04,0.0
2019-10-07,0.00021874881989281114
2019-10-08,0.0
2019-10-09,0.00010932491489801244
2019-10-10,0.00021854607158222628
2019-10-11,-6.303310473576573e-08
2019-10-14,-0.00010914269058559523
2019-10-15,-6.303310484678804e-08
2019-10-16,0.000108972482985914
2019-10-17,0.00010934025512776557
2019-10-18,0.0
2019-10-21,0.00021880296567355906
2019-10-22,0.0
2019-10-23,-0.0001092532593889306
2019-10-24,0.00021833642940927156
2019-10-25,0.0
2019-10-28,0.00010928892951223013
2019-10-29,-0.0012002925850831615
2019-10-30,0.0014675623899118584
2019-10-31,0.058162663529017646
2019-11-01,9.805288512554355e-05
2019-11-04,1.8122448475210717e-07
2019-11-05,-1.8122445177848334e-07
2019-11-06,0.00010954201765334126
2019-11-07,0.00010949858941300405
2019-11-08,0.00010925345943579856
2019-11-11,0.0
2019-11-12,0.00010930875530568152
2019-11-13,0.0
2019-11-14,-1.6154293902559402e-08
2019-11-15,0.00010932912032757258
2019-11-18,-4.756369254010906e-08
2019-11-19,0.0001092490568324056
2019-11-20,-3.140939908163887e-08
2019-11-21,0.00010928907995344517
2019-11-22,-3.11978577416383e-07
2019-11-25,0.0001092771371555834
2019-11-26,-0.001199917509460934
2019-11-27,-0.008919625251189833
2019-11-29,-0.0006152945109618706
2019-12-02,-0.007209111739231687
2019-12-03,0.00010947233254587907
2019-12-04,-1.710608765748134e-07
2019-12-05,0.00021853224400381066
2019-12-06,-0.00010934881487922876
2019-12-09,0.00010969768079394093
2019-12-10,0.00010934881487911774
2019-12-11,0.0
2019-12-12,0.0002184605360944225
2019-12-13,-0.00010918322443309592
2019-12-16,-1.2975400132120285e-07
2019-12-17,0.00010948076112193839
2019-12-18,0.00010909982320983502
2019-12-19,-7.240871502389723e-08
2019-12-20,0.0001643813008231909
2019-12-23,-0.00010942058669471955
2019-12-24,0.00021807929415329497
2019-12-26,-0.0013090275384157958
2019-12-27,0.03023923559554209
2019-12-30,-0.033357982849788415
2019-12-31,0.005701713476855642
2020-01-02,-0.0011998114731216693
2020-01-03,-0.01720744489453132
2020-01-06,-2.975456598885984e-07
2020-01-07,0.0
2020-01-08,4.471694792229641e-09
2020-01-09,0.0002187237823030319
2020-01-10,-0.00010933685902314583
2020-01-13,0.00010934881487911774
2020-01-14,0.0
2020-01-15,0.00010943750891878601
2020-01-16,4.428044153570454e-09
2020-01-17,0.00021864761553191947
2020-01-21,-0.001199997786219952
2020-01-22,0.021015479963852536
2020-01-23,0.00010940161253247815
2020-01-24,0.00010928907995366721
2020-01-27,-0.00010956999589650795
2020-01-28,0.00010928907995366721
2020-01-29,-0.0012000961257979882
2020-01-30,0.031557961678470026
2020-01-31,0.00421749955186166
2020-02-03,8.786307315333808e-05
2020-02-04,0.0
2020-02-05,-7.191154771657438e-08
2020-02-06,0.00010944255819711479
2020-02-07,0.00010936077334999794
2020-02-10,-6.98161195522573e-08
2020-02-11,-0.00010927900638901811
2020-02-12,0.00010933227220033537
2020-02-13,0.000218570822086539
2020-02-14,0.00010932491489801244
2020-02-18,-0.001309439711770132
2020-02-19,0.03324937811345605
2020-02-20,0.00010931296426730519
2020-02-21,2.2294729151717263e-07
2020-02-24,0.00010906447971525957
2020-02-25,0.0
2020-02-26,-0.0010907827558500828
2020-02-27,0.0553155228434663
2020-02-28,0.03347091922318777
2020-03-02,0.00018620644471512016
2020-03-03,0.00010935191196592697
2020-03-04,0.000437112559357411
2020-03-05,0.00032802195680203816
2020-03-06,0.0
2020-03-09,0.0004366653773104634
2020-03-10,-0.0013090125140050803
2020-03-11,-0.033562713030710144
2020-03-12,4.44295238599679e-07
2020-03-13,0.0003271204009087647
2020-03-16,0.000436924641883607
2020-03-17,-0.0012000000000000001
2020-03-18,-0.07821219299044568
2020-03-19,0.06904791835723487
2020-03-20,-0.0001094800119938455
2020-03-23,-0.00010898262698610939
2020-03-24,-0.0012000000000000001
2020-03-25,0.07203482790510307
2020-03-26,-0.009571079723425434
2020-03-27,-0.0009817349274005229
2020-03-30,0.058421538079567625
2020-03-31,-0.05252303711204864
2020-04-01,-0.10306513132249606
2020-04-02,-0.05624575297102576
2020-04-03,-0.00010898863445985008
2020-04-06,0.00010931466408781176
2020-04-07,-0.0012003575402118817
2020-04-08,-0.05742424538982582
2020-04-09,0.060291971442744875
2020-04-13,-0.0014183304013377853
2020-04-14,0.1108370117146241
2020-04-15,0.00021848093573506588
2020-04-16,-2.842176811679309e-07
2020-04-17,3.5754033977930533e-07
2020-04-20,0.00010909659301328034
2020-04-21,0.00010924133352085974
2020-04-22,-0.00010922940115531965
2020-04-23,7.332255691494538e-08
2020-04-24,-7.332255158587486e-08
2020-04-27,-0.00010915800679811571
2020-04-28,-0.001090830076430648
2020-04-29,0.015446671874611129
2020-04-30,-0.01575050432252747
2020-05-01,0.0002619475187168874
2020-05-04,0.0
2020-05-05,-0.00021850651877797223
2020-05-06,0.00021842949601835748
2020-05-07,1.247510439394972e-07
2020-05-08,-0.00021850651877797223
2020-05-11,-1.2475102839637486e-07
2020-05-12,0.0
2020-05-13,0.00010927713715580545
2020-05-14,1.6942321123813997e-07
2020-05-15,-4.46721598601485e-08
2020-05-18,-0.00010926519696774495
2020-05-19,0.0001092771371555834
2020-05-20,0.0
2020-05-21,-0.00010938993436526712
2020-05-22,0.00010940190183217346
2020-05-26,-0.0012001247510282855
2020-05-27,-0.061482239379135106
2020-05-28,-0.015504036914849584
2020-05-29,0.012770190422816664
2020-06-01,-1.2475102839637486e-07
2020-06-02,0.00010927713715580545
2020-06-03,-0.00010926519696785597
2020-06-04,0.00010927713715580545
2020-06-05,-0.00010881955401920163
2020-06-08,0.00010895616162409638
2020-06-09,-0.00010926519696774495
2020-06-10,-0.00010940187455155126
2020-06-11,0.00010973482030984805
2020-06-12,0.00010883139700323952
2020-06-15,0.0
2020-06-16,-0.00010926519696785597
2020-06-17,0.0
2020-06-18,0.00010940190183217346
2020-06-19,-0.00010926519696774495
2020-06-22,0.0
2020-06-23,0.0
2020-06-24,0.0
2020-06-25,-1.2475102839637486e-07
2020-06-26,-0.0011998752489560606
2020-06-29,0.012970989366902774
2020-06-30,0.0036318429750937585
2020-07-01,0.0
2020-07-02,0.00010915237249498055
2020-07-06,-0.0013091404595549018
2020-07-07,0.029088735784208765
2020-07-08,0.0001092771371555834
2020-07-09,-0.00010926519696774495
2020-07-10,0.00010915237249498055
2020-07-13,-0.00010926519696785597
2020-07-14,0.00010927713715580545
2020-07-15,-0.00010926519696785597
2020-07-16,0.00010940190183217346
2020-07-17,-0.00010938993436526712
2020-07-20,0.00010927713715580545
2020-07-21,0.0
2020-07-22,-0.0001091404595549017
2020-07-23,-1.2475102839637486e-07
2020-07-24,0.00010940190183217346
2020-07-27,-0.00010926519696774495
2020-07-28,-1.2475102839637486e-07
2020-07-29,-0.0012000000000000001
2020-07-30,0.018334369222039015
2020-07-31,-0.01573363908927019
2020-08-03,1.247510439394972e-07
2020-08-04,0.00010915237249498055
2020-08-05,-0.0001091404595549017
2020-08-06,0.0
2020-08-07,0.00010915237249498055
2020-08-10,-0.00010926519696785597
2020-08-11,1.247510439394972e-07
2020-08-12,0.0
2020-08-13,0.00010915237249498055
2020-08-14,-0.0001091404595549017
2020-08-17,0.0001092771371555834
2020-08-18,-1.2475102828535256e-07
2020-08-19,0.0
2020-08-20,-0.00010926519696785597
2020-08-21,0.00010927713715580545
2020-08-24,-0.00010926519696785597
2020-08-25,1.247510439394972e-07
2020-08-26,0.0
2020-08-27,-0.0012000000000000001
2020-08-28,-0.052785164659121975
2020-08-31,-0.005565627676100825
2020-09-01,0.00010927713715580545
2020-09-02,0.0
2020-09-03,1.247510439394972e-07
2020-09-04,-0.00010938993436526712
2020-09-08,-0.0012000000000000001
2020-09-09,0.0314532056749711
2020-09-10,-0.00010926519696774495
2020-09-11,0.00010959811279054321
2020-09-14,-0.00010971083971789142
2020-09-15,4.4569164714403087e-07
2020-09-16,-0.00010972277990028978
2020-09-17,0.00010928907995344517
2020-09-18,4.4569164714403087e-07
2020-09-21,-0.00010927713715569443
2020-09-22,0.00021857815990711238
2020-09-23,-0.00010926519696796699
2020-09-24,-3.209404602078081e-07
2020-09-25,3.2094056323650477e-07
2020-09-28,-0.001200320940460208
2020-09-29,-0.001214234130983316
2020-09-30,-0.016999307610476987
2020-10-01,-0.00010927713715569443
2020-10-02,0.00010928907995344517
2020-10-05,0.0
2020-10-06,-0.000109598042544512
2020-10-07,3.2094056323650477e-07
2020-10-08,0.0
2020-10-09,0.0
2020-10-12,-3.209404602078081e-07
2020-10-13,0.00010961005559195769
2020-10-14,-0.00010927713715569443
2020-10-15,0.00010928907995344517
2020-10-16,-3.209404602078081e-07
2020-10-19,0.0
2020-10-20,-0.00010895623166384816
2020-10-21,0.0
2020-10-22,-3.209404602078081e-07
2020-10-23,0.00010928907995344517
2020-10-26,-0.00010927713715569443
2020-10-27,3.2094056323650477e-07
2020-10-28,-0.001090710920046555
2020-10-29,-0.01245479769170399
2020-10-30,-0.03404276699206612
2020-11-02,-0.00010927713715569443
2020-11-03,0.0
2020-11-04,0.00010961005559195769
2020-11-05,-0.000109598042544512
2020-11-06,0.00010961005559195769
2020-11-09,-3.209404602078081e-07
2020-11-10,-0.00010895623166384816
2020-11-11,0.0
2020-11-12,0.00010928907995344517
2020-11-13,-0.000109598042544512
2020-11-16,0.0
2020-11-17,0.0
2020-11-18,0.00010928907995344517
2020-11-19,0.0
2020-11-20,-0.00010927713715569443
2020-11-23,0.00010928907995344517
2020-11-24,-0.00010927713715569443
2020-11-25,-0.0011996790594367636
2020-11-27,0.0037004073393167598
2020-11-30,0.009566514464619848
2020-12-01,-7.67975029336565e-05
2020-12-02,2.492454902469632e-07
2020-12-03,0.00010921764400206868
2020-12-04,-2.2643178199110991e-07
2020-12-07,-2.2813651301412108e-08
2020-12-08,-0.00010920571681083402
2020-12-09,0.00010921764400206868
2020-12-10,0.0
2020-12-11,-0.0001089564985397029
2020-12-14,-2.492454280744738e-07
2020-12-15,0.0
2020-12-16,2.492454902469632e-07
2020-12-17,0.0
2020-12-18,0.00010921764400206868
2020-12-21,-0.00010920571681083402
2020-12-22,0.00010921764400206868
2020-12-23,-0.00010945493502001469
2020-12-24,0.00010946691671431807
2020-12-28,-0.0013092057168108341
2020-12-29,0.01580528596553421
2020-12-30,0.009643962277676499
2020-12-31,0.009508999426468191
2021-01-04,-0.0010907823559979314
2021-01-05,-0.06530289379341106
2021-01-06,2.492454902469632e-07
2021-01-07,0.0
2021-01-08,-2.492454280744738e-07
2021-01-11,2.492454902469632e-07
2021-01-12,0.00010896837135176973
2021-01-13,-0.00010920571681083402
2021-01-14,2.492454902469632e-07
2021-01-15,0.0
2021-01-19,-0.0012000000000000001
2021-01-20,0.055344618176423756
2021-01-21,0.0
2021-01-22,-2.492454280744738e-07
2021-01-25,2.492454902469632e-07
2021-01-26,-2.492454280744738e-07
2021-01-27,-0.0010907823559979314
2021-01-28,-0.011670932555367663
2021-01-29,-0.039733149440303615
2021-02-01,0.00010921764400206868
2021-02-02,-0.00010945493502001469
2021-02-03,0.00010921764400206868
2021-02-04,-0.0001089564985397029
2021-02-05,0.00010921764400206868
2021-02-08,-0.00010920571681083402
2021-02-09,0.0
2021-02-10,0.00010896837135176973
2021-02-11,-0.0001089564985397029
2021-02-12,-2.492454280744738e-07
2021-02-16,-0.0011997507545097531
2021-02-17,-0.04382791135717636
2021-02-18,-2.492454280744738e-07
2021-02-19,2.492454902469632e-07
2021-02-22,-2.492454280744738e-07
2021-02-23,0.0
2021-02-24,-0.001199871620527836
2021-02-25,0.003320891391574321
2021-02-26,0.024451518525470874
2021-03-01,1.2837947216404189e-07
2021-03-02,0.0
2021-03-03,-0.00010942938167302074
2021-03-04,0.00010931296426730519
2021-03-05,-0.00010930101624928579
2021-03-08,1.2837947216404189e-07
2021-03-09,0.0
2021-03-10,0.0
2021-03-11,-1.2837945573274112e-07
2021-03-12,1.2837947216404189e-07
2021-03-15,0.0
2021-03-16,0.0
2021-03-17,-1.2837945573274112e-07
2021-03-18,1.2837947216404189e-07
2021-03-19,0.00010931296426730519
2021-03-22,-0.00010930101624928579
2021-03-23,0.00010918457077813137
2021-03-24,-0.00010917265080911953
2021-03-25,0.0
2021-03-26,0.0
2021-03-29,-0.0012000000000000001
2021-03-30,-0.03318601674740407
2021-03-31,0.02259864882324001
2021-04-01,0.00010918457077813137
2021-04-05,-0.0013091726508091196
2021-04-06,0.03087409788275628
2021-04-07,0.00010932491489779039
2021-04-08,-0.00010914705969466976
2021-04-09,-1.6592268259341125e-07
2021-04-12,0.0
2021-04-13,0.00010932491489779039
2021-04-14,-0.00010931296426730519
2021-04-15,0.00010949085574751827
2021-04-16,-0.00010931296426741621
2021-04-19,-1.6592268259341125e-07
2021-04-20,0.0
2021-04-21,0.0
2021-04-22,1.6592271023796457e-07
2021-04-23,0.00010932491489801244
2021-04-26,-0.00010947886881251812
2021-04-27,1.6592271023796457e-07
2021-04-28,-0.0012001659226825935
2021-04-29,-0.025553764300827675
2021-04-30,0.02283840067734886
2021-05-03,0.0
2021-05-04,-1.6592268259341125e-07
2021-05-05,1.6592271023796457e-07
2021-05-06,0.0
2021-05-07,-0.00010940742897835865
2021-05-10,0.0
2021-05-11,0.0
2021-05-12,0.00010939659972475368
2021-05-13,-0.00010924152442126633
2021-05-14,0.0
2021-05-17,-1.4312463170185197e-07
2021-05-18,0.00010925345943579856
2021-05-19,-0.00010909841540440723
2021-05-20,0.0
2021-05-21,-1.4312463170185197e-07
2021-05-24,1.4312465212995562e-07
2021-05-25,0.0
2021-05-26,-0.0010907465405642016
2021-05-27,-0.024116546064236077
2021-05-28,-0.0007739221631096961
2021-06-01,-0.0011998568753478702
2021-06-02,-0.01949554602190886
2021-06-03,-0.00010924152442126633
2021-06-04,-1.4312463170185197e-07
2021-06-07,3.696893122739908e-07
2021-06-08,-0.00010933685902314583
2021-06-09,0.00010934881487911774
2021-06-10,-0.00010933685902314583
2021-06-11,-2.2656457643321914e-07
2021-06-14,2.2656462772552288e-07
2021-06-15,0.0
2021-06-16,-2.2656457643321914e-07
2021-06-17,0.00010957540428147006
2021-06-18,-0.00010956339882772781
2021-06-21,0.00010957540428147006
2021-06-22,-0.00010933685902314583
2021-06-23,0.0
2021-06-24,-2.2656457643321914e-07
2021-06-25,0.0
2021-06-28,-0.00109042459571853
2021-06-29,0.007803226634709448
2021-06-30,0.021641910190989357
2021-07-01,-0.00010956339882772781
2021-07-02,2.2656462772552288e-07
2021-07-06,-0.0013094166200215075
2021-07-07,0.02586958988394148
2021-07-08,6.781256245425027e-08
2021-07-09,0.00010936077334999794
2021-07-12,-0.00010934881487900672
2021-07-13,0.0
2021-07-14,-6.781255779131357e-08
2021-07-15,6.781256245425027e-08
2021-07-16,0.0
2021-07-19,-6.781255779131357e-08
2021-07-20,0.0
2021-07-21,0.0
2021-07-22,6.781256245425027e-08
2021-07-23,-6.781255779131357e-08
2021-07-26,6.781256245425027e-08
2021-07-27,0.00010929295337613887
2021-07-28,-0.0013093488148790068
2021-07-29,0.0020772906049297823
2021-07-30,0.0057110899342279545
2021-08-02,0.0
2021-08-03,0.0
2021-08-04,0.0
2021-08-05,0.0
2021-08-06,6.781256245425027e-08
2021-08-09,0.0
2021-08-10,0.00010929295337613887
2021-08-11,-0.00010934881487900672
2021-08-12,0.0
2021-08-13,0.00010942859332829791
2021-08-16,-0.00010938629776513498
2021-08-17,0.00010936077334999794
2021-08-18,-0.00021869762975823548
2021-08-19,3.748698684802321e-08
2021-08-20,0.00010937273443700768
2021-08-23,-3.7486985404733275e-08
2021-08-24,-0.00010936077335010896
2021-08-25,0.0
2021-08-26,0.00010934240554671959
2021-08-27,-0.0012000000000000001
2021-08-30,0.010431326007906971
2021-08-31,0.01084414577706947
2021-09-01,0.00010937273443700768
2021-09-02,-0.0001093232904629815
2021-09-03,0.0001093352433514383
2021-09-07,-0.0012000000000000001
2021-09-08,0.0005157301188435169
2021-09-09,0.0
2021-09-10,-3.032557327475871e-08
2021-09-13,0.0
2021-09-14,0.0001094030633279619
2021-09-15,-0.00010936077335010896
2021-09-16,0.00010934240554671959
2021-09-17,-0.0001093304510921822
2021-09-20,-3.032557327475871e-08
2021-09-21,3.032557427395943e-08
2021-09-22,0.0
2021-09-23,-3.032557327475871e-08
2021-09-24,0.0001094030633279619
2021-09-27,0.0
2021-09-28,-0.0012000000000000001
2021-09-29,0.009893371472048385
2021-09-30,-0.01551813059831255
2021-10-01,0.00010937273443678563
2021-10-04,-0.00010938354915202009
2021-10-05,-0.0001092362094194943
2021-10-06,0.0
2021-10-07,0.0
2021-10-08,0.00010930125294272841
2021-10-11,-0.00010928930748443921
2021-10-12,0.0
2021-10-13,0.0
2021-10-14,0.0001092481432725112
2021-10-15,-0.0001092362094194943
2021-10-18,-5.310386586021565e-08
2021-10-19,0.0
2021-10-20,0.00010930125294272841
2021-10-21,-0.00010928930748455024
2021-10-22,0.0
2021-10-25,0.0001093543626158322
2021-10-26,-0.0001095084065571017
2021-10-27,-0.0012000000000000001
2021-10-28,0.028467350814924908
2021-10-29,-0.02816962546690329
2021-11-01,0.0
2021-11-02,-2.191230205061956e-07
2021-11-03,0.0
2021-11-04,1.6601919106129515e-07
2021-11-05,0.0
2021-11-08,5.310386863577321e-08
2021-11-09,-2.191230205061956e-07
2021-11-10,0.0
2021-11-11,1.6601919106129515e-07
2021-11-12,-0.00010938468901389165
2021-11-15,0.00010939665533293841
2021-11-16,-1.6601916341674183e-07
2021-11-17,-0.00010938468901378062
2021-11-18,1.6601919083925054e-07
2021-11-19,0.00010939665533293841
2021-11-22,-0.00010938468901389165
2021-11-23,-1.6601916330571953e-07
2021-11-24,1.6601919083925054e-07
2021-11-26,-0.0012001660191633058
2021-11-29,-0.005477625199614143
2021-11-30,0.04858821473629602
2021-12-01,1.6601919106129515e-07
2021-12-02,0.0
2021-12-03,-1.6601916341674183e-07
2021-12-06,0.0
2021-12-07,0.0
2021-12-08,-0.00010921868798285939
2021-12-09,-1.6601916330571953e-07
2021-12-10,0.00010956269268569407
2021-12-13,-0.00010938468901389165
2021-12-14,0.00010939665533293841
2021-12-15,-0.00010938468901389165
2021-12-16,-1.6601916330571953e-07
2021-12-17,0.00010956269268569407
2021-12-20,-0.00010955069001716833
2021-12-21,3.031487505467112e-08
2021-12-22,0.0
2021-12-23,-0.00010939665533293841
2021-12-27,-0.0012000303148741666
2021-12-28,0.044703401443511794
2021-12-29,-0.0013093966553329385
2021-12-30,0.006172792919550085
2021-12-31,0.009987142352726776
2022-01-03,0.00010943894246229213
2022-01-04,-0.0001094269668907577
2022-01-05,0.00010940862427033515
2022-01-06,0.0
2022-01-07,0.0
2022-01-10,-0.00010936634377411991
2022-01-11,-5.3141947065071804e-08
2022-01-12,5.314194995165167e-08
2022-01-13,-3.03148741664927e-08
2022-01-14,0.0
2022-01-18,-0.0010906142053007874
2022-01-19,-0.017698449786224056
2022-01-20,0.0
2022-01-21,-0.00010936634377411991
2022-01-24,-0.00010935548150203811
2022-01-25,-0.0010906857063276644
2022-01-26,0.05244673038881853
2022-01-27,-0.029899458609572993
2022-01-28,-0.006843847126344782
2022-01-31,-0.0003892547728271624
2022-02-01,-0.0013092948583812926
2022-02-02,0.043657558432558564
2022-02-03,0.0
2022-02-04,-2.282707367573522e-08
2022-02-07,0.0
2022-02-08,-0.0011999468580500485
2022-02-09,0.0838027589753565
2022-02-10,-0.03774964245452719
2022-02-11,0.0
2022-02-14,3.0319009969304034e-08
2022-02-15,-0.001199977177060684
2022-02-16,0.007881070274254443
2022-02-17,-0.012395995767098732
2022-02-18,5.314194995165167e-08
2022-02-22,-0.0013093251699422205
2022-02-23,0.02446980112989916
2022-02-24,-0.19069439125988796
2022-02-25,-0.045533570045652505
2022-02-28,0.03196694374620921
2022-03-01,-0.0009589289808705982
2022-03-02,-0.024075525575607437
2022-03-03,0.059585331134442844
2022-03-04,-0.00010932516994222041
2022-03-07,-0.00010942058669483057
2022-03-08,-0.0009812183508469898
2022-03-09,0.07100732684898325
2022-03-10,-0.012213216146977256
2022-03-11,7.138117652516485e-08
2022-03-14,-0.00010939654330988091
2022-03-15,-0.0010908293764712242
2022-03-16,0.10496703174078115
2022-03-17,0.05260847983004888
2022-03-18,0.00010940851222285275
2022-03-21,-0.00010932516994222041
2022-03-22,-0.0010906628767580963
2022-03-23,0.028076164290359085
2022-03-24,-0.0035826139598515096
2022-03-25,0.00010943851787192926
2022-03-28,-0.00010939665533293841
2022-03-29,-0.0012000000000000001
2022-03-30,0.0006006613261686517
2022-03-31,0.04440101318271914
2022-04-01,-0.00010939665533293841
2022-04-04,-0.00010936665624849962
2022-04-05,7.138117652516485e-08
2022-04-06,-0.0010907342657341603
2022-04-07,-0.030204093997265445
2022-04-08,7.138117652516485e-08
2022-04-11,0.00010926573426583985
2022-04-12,-0.0013093251699422205
2022-04-13,-0.04984062264947586
2022-04-14,0.05671039156773303
2022-04-18,-0.0012000713811714183
2022-04-19,0.005595038040764555
2022-04-20,0.08217423722779937
2022-04-21,-0.01959044368986442
2022-04-22,-0.00021875134723503553
2022-04-25,4.149084409377224e-08
2022-04-26,-0.001090704372137229
2022-04-27,-0.09592651456697898
2022-04-28,0.04148985331479205
2022-04-29,-0.02909099149616281
2022-05-02,0.000109438150716068
2022-05-03,-0.0012000414908425396
2022-05-04,0.007855450017913101
2022-05-05,0.05102124384546212
2022-05-06,-0.0001093846890136696
2022-05-09,0.00021896285927613945
2022-05-10,-0.0013092893074844393
2022-05-11,-0.05715161969230087
2022-05-12,-0.1120590467229963
2022-05-13,-0.00010916165219132523
2022-05-16,0.00010917356975848058
2022-05-17,-0.0013093846890136697
2022-05-18,-0.0299107797035425
2022-05-19,-0.12580257937103315
2022-05-20,0.0
2022-05-23,0.0
2022-05-24,-0.0010901780991584777
2022-05-25,-0.026150883623212273
2022-05-26,0.04792429022541134
2022-05-27,0.007096897355788334
2022-05-31,-0.05485400676827312
2022-06-01,0.012312460928062707
2022-06-02,-0.05430008438553504
2022-06-03,-3.0315919452572615e-07
2022-06-06,2.0065500372368206e-07
2022-06-07,-0.0012002006549634227
2022-06-08,0.05283282376580689
2022-06-09,-0.03173225174440399
2022-06-10,-3.0315919452572615e-07
2022-06-13,-0.00010918405595861103
2022-06-14,-0.0013095972883452535
2022-06-15,0.017766535229958524
2022-06-16,-0.04567224055469934
2022-06-17,0.00010950504662643468
2022-06-21,-0.0010906065485795304
2022-06-22,-0.004617931899317584
2022-06-23,0.05067693741073929
2022-06-24,3.83505347034685e-07
2022-06-27,-0.00010934881487911774
2022-06-28,-0.0012003835051999302
2022-06-29,-0.09759628604299575
2022-06-30,-0.030255915712970503
2022-07-01,3.266554155612056e-05
2022-07-05,-0.0012000000000000001
2022-07-06,0.10081185013679717
2022-07-07,0.022470809734251952
2022-07-08,-0.00010961990984803549
2022-07-11,-0.00010916143444605897
2022-07-12,-0.0010908266480341923
2022-07-13,-0.09833579963951322
2022-07-14,0.025226025597154457
2022-07-15,0.00021852241190778443
2022-07-18,-0.00010939665533282739
2022-07-19,-0.001090591375729665
2022-07-20,0.05561703926312167
2022-07-21,0.045903731742530464
2022-07-22,0.00021894506435327088
2022-07-25,-2.3514740166152848e-07
2022-07-26,-0.0012000000000000001
2022-07-27,0.003861120732880252
2022-07-28,0.07072728922699434
2022-07-29,-0.010808409984344312
2022-08-01,7.613563398423118e-05
2022-08-02,-0.0010902019132445141
2022-08-03,0.031038700640422023
2022-08-04,0.06258501976582273
2022-08-05,0.00010897269784537755
2022-08-08,-0.00010901029790044703
2022-08-09,-0.0012003149063697584
2022-08-10,0.05425889346833279
2022-08-11,0.0317275185857838
2022-08-12,2.233565847831187e-07
2022-08-15,-3.003030629722403e-07
2022-08-16,-0.0009810136892182343
2022-08-17,-0.02723026031610054
2022-08-18,-0.007864820257653803
2022-08-19,0.0
2022-08-22,3.1465260530438854e-07
2022-08-23,-0.0009813392141665646
2022-08-24,-0.004008708024284102
2022-08-25,0.029140458292922534
2022-08-26,0.0
2022-08-29,-0.0010907823559979314
2022-08-30,-0.009692359100649804
2022-08-31,-0.02114815379521129
2022-09-01,-0.07253053586854444
2022-09-02,1.4828359229390742e-07
2022-09-06,-0.0012000000000000001
2022-09-07,-0.021674349092150158
2022-09-08,0.031267650583601016
2022-09-09,-0.00010934881487900672
2022-09-12,0.000109408056928606
2022-09-13,-0.001309052375575458
2022-09-14,-0.07471668713379243
2022-09-15,-0.01076752164811947
2022-09-16,0.00021864982979580283
2022-09-19,0.0
2022-09-20,-0.0010902463746366377
2022-09-21,0.011414612800382917
2022-09-22,-0.08020034925619826
2022-09-23,0.00010926519696763393
2022-09-26,0.00010898574159901031
2022-09-27,-0.0012001560799629542
2022-09-28,-0.036205167078491196
2022-09-29,0.011314389746674538
2022-09-30,0.04027455134786959
2022-10-03,5.450327004608013e-05
2022-10-04,-0.001199734831557019
2022-10-05,-0.010502262385507888
2022-10-06,0.02787209582195236
2022-10-07,-0.00010933685902325685
2022-10-10,0.00021887002700782254
2022-10-11,-0.0013092415244212664
2022-10-12,-0.015658903496097998
2022-10-13,-0.09500132254380758
2022-10-14,0.00010931296426730519
2022-10-17,0.00010921764400206868
2022-10-18,-0.0013092057168109452
2022-10-19,-0.06995711651916914
2022-10-20,-0.005321419277856364
2022-10-21,0.00021840553666208073
2022-10-24,1.48705171287844e-07
2022-10-25,-0.0012000000000000001
2022-10-26,-0.013966600317545597
2022-10-27,-0.02041351055552587
2022-10-28,-0.00692534987981086
2022-10-31,-0.017936287182045783
2022-11-01,-0.0010028865455463877
2022-11-02,-0.06715728646503272
2022-11-03,-0.1308843267811747
2022-11-04,0.00021879698239191114
2022-11-07,0.00010925656557114749
2022-11-08,-0.0011998958036053766
2022-11-09,-0.01697605290746651
2022-11-10,0.0862256915428393
2022-11-11,0.00010899026013544422
2022-11-14,0.00010927713715580545
2022-11-15,-0.0011998890092227645
2022-11-16,-0.04862582030289331
2022-11-17,-0.0700890512636401
2022-11-18,0.0
2022-11-21,0.0002177846852129406
2022-11-22,-0.0011995973891162572
2022-11-23,0.0337557692388899
2022-11-25,0.013151621095595312
2022-11-28,-0.026171917278242862
2022-11-29,-0.04227626550206087
2022-11-30,-0.02204475581599874
2022-12-01,0.13549059752910617
2022-12-02,0.00021869782611605437
2022-12-05,7.139286561930192e-08
2022-12-06,-0.0009811935403053686
2022-12-07,-0.07303884111204395
2022-12-08,0.013877841996013808
2022-12-09,0.00021872478784068505
2022-12-12,0.00021834814675725234
2022-12-13,-0.0012000000000000001
2022-12-14,-0.08147237648340733
2022-12-15,-0.06198333525469071
2022-12-16,0.00021835163427175175
2022-12-19,0.00012096091931201869
2022-12-20,-0.0010908450162553586
2022-12-21,0.022777984258548933
2022-12-22,-0.005838174063913314
2022-12-23,0.00010944453766592588
2022-12-27,-0.0010905674391302957
2022-12-28,-0.0406643671901783
2022-12-29,-0.0067761795780773
2022-12-30,-0.005096316800567789
2023-01-03,-0.001090405781308056
2023-01-04,-0.023111508142461656
2023-01-05,-0.031205828079045726
2023-01-06,3.354264088706316e-07
2023-01-09,-1.8691769310130724e-07
2023-01-10,-0.0010908355605975463
2023-01-11,0.04826044170334698
2023-01-12,0.043768085751188936
2023-01-13,0.00010958314722819829
2023-01-17,-0.0010907705988446805
2023-01-18,0.025922081987310275
2023-01-19,-0.07457221964460728
2023-01-20,0.0002185012745961057
2023-01-23,0.00010914596570366086
2023-01-24,-0.0010912008645299833
2023-01-25,-0.03745325423623025
2023-01-26,0.07953935240884577
2023-01-27,-0.0009817992995134962
2023-01-30,0.006607896180086392
2023-01-31,0.012223120674650591
2023-02-01,0.040732456202726565
2023-02-02,0.0002190482065111965
2023-02-03,0.00021836060492930187
2023-02-06,0.00010920470228503731
2023-02-07,0.00010967507817594147
2023-02-08,0.00010925345943579856
2023-02-09,0.00021855442167795225
2023-02-10,0.0001093378580308002
2023-02-13,0.00021855540181792144
2023-02-14,0.0
2023-02-15,0.00021831487327661492
2023-02-16,0.0005464871601055243
2023-02-17,0.00010892953472652067
2023-02-21,-0.0010909134846503123
2023-02-22,-0.029338464920027472
2023-02-23,0.0005460923375275595
2023-02-24,-0.0010909611719759561
2023-02-27,-0.0012771819291350628
2023-02-28,-0.02166044098544375
2023-03-01,0.00016391643887114782
2023-03-02,0.00032830270588846133
2023-03-03,-5.368225708402008e-08
2023-03-06,0.00021835868970976335
2023-03-07,0.00010928907995344517
2023-03-08,0.00010951190477959116
2023-03-09,0.00021790002051158552
2023-03-10,0.00021890962059734065
2023-03-13,0.0005457582283394657
2023-03-14,-0.00010895734305371718
2023-03-15,0.0003272313794118187
2023-03-16,0.0004363204279269617
2023-03-17,1.3840788715135943e-07
2023-03-20,0.00032748520091274713
2023-03-21,0.0
2023-03-22,0.00021756838061914863
2023-03-23,0.0003269741098625989
2023-03-24,0.00032719551342985653
2023-03-27,-2.001542342977558e-07
2023-03-28,0.0002180497458210695
2023-03-29,-0.0012000000000000001
2023-03-30,0.019393938648396336
2023-03-31,0.027337641580670403
2023-04-03,0.00013199074529213206
2023-04-04,1.5298494404625274e-07
2023-04-05,0.0005464912198354099
2023-04-06,0.0002187071785302308
2023-04-10,-0.0010911558664609346
2023-04-11,0.02582702249374611
2023-04-12,0.00021897982772767222
2023-04-13,0.0004366645733757668
2023-04-14,0.00010908651534968783
2023-04-17,0.00010888952941745522
2023-04-18,0.00010939429025413894
2023-04-19,0.00032755487167213104
2023-04-20,0.00043601559055583827
2023-04-21,0.00010919717349056057
2023-04-24,0.00021784814950742692
2023-04-25,-0.00010886873146542797
2023-04-26,-0.001200089379571633
2023-04-27,-0.04565703466291815
2023-04-28,0.02330409672352638
2023-05-01,0.00025106071819269715
2023-05-02,4.5319647767883e-07
2023-05-03,-0.00010976051527178399
2023-05-04,0.0003285308779845675
2023-05-05,0.00010891974138549365
2023-05-08,0.00010965325617195987
2023-05-09,0.00021869183423439686
2023-05-10,0.00010914023079311441
2023-05-11,0.0005460413714666323
2023-05-12,0.00021890028539028883
2023-05-15,6.06879302367247e-09
2023-05-16,0.00010912809342000784
2023-05-17,0.00010894377433778857
2023-05-18,0.0004367697311589147
2023-05-19,0.00021829193140732173
2023-05-22,1.808413685466803e-08
2023-05-23,0.0
2023-05-24,0.00010903890941116323
2023-05-25,0.0006548532256107631
2023-05-26,-0.0009822668571401118
2023-05-30,0.03915233044449318
2023-05-31,-0.03810455593234554
2023-06-01,0.0005585545840143258
2023-06-02,0.00010913874414963942
2023-06-05,0.00010936077334999794
2023-06-06,0.00010945127464934146
2023-06-07,0.00010929303467888118
2023-06-08,0.0004371755716690018
2023-06-09,0.00010894841625708196
2023-06-12,0.00021877155982430452
2023-06-13,0.00010905882812406453
2023-06-14,0.00021856114857832232
2023-06-15,0.0005461374506749994
2023-06-16,0.00021815327616936386
2023-06-20,-0.0012000042516454802
2023-06-21,-0.0032659060810126474
2023-06-22,0.0003271200968137933
2023-06-23,0.00010911374705235843
2023-06-26,0.00021816423006959518
2023-06-27,0.00010883318781895746
2023-06-28,-0.000982001864228498
2023-06-29,-0.035264359474324825
2023-06-30,-0.006421964341711182
2023-07-03,0.00014191902760907205
2023-07-05,-0.0009811036464439028
2023-07-06,-0.019618320363899676
2023-07-07,0.00010909723316920861
2023-07-10,0.00010944922708056026
2023-07-11,0.00021835053141816552
2023-07-12,0.00010903507979143079
2023-07-13,0.00043709644061751263
2023-07-14,0.00010917911145003067
2023-07-17,0.00021815986383333374
2023-07-18,0.00010915787984577818
2023-07-19,0.00010930594218194756
2023-07-20,0.00043683027902696736
2023-07-21,0.00010900323448370663
2023-07-24,0.00010877673386522346
2023-07-25,0.00021811080074596312
2023-07-26,0.00010903559511987737
2023-07-27,-0.0008729084403415123
2023-07-28,-0.03708832080760749
2023-07-31,0.004506397991532386
2023-08-01,0.00026249652779242183
2023-08-02,0.00010938414088368376
2023-08-03,0.0004377715682877259
2023-08-04,0.00010931177104955836
2023-08-07,0.00021864982979602487
2023-08-08,0.00010899328752578263
2023-08-09,0.00010946497064412419
2023-08-10,0.0003275803857312187
2023-08-11,0.00021874177843050902
2023-08-14,0.00010893336226991401
2023-08-15,0.00010928716148406181
2023-08-16,0.000218539608103141
2023-08-17,0.00043662900114571634
2023-08-18,0.0002178663401521952
2023-08-21,0.00010936796319893638
2023-08-22,0.0002180663267188354
2023-08-23,-2.1303891828416965e-07
2023-08-24,0.0004360251156434458
2023-08-25,0.00010907330030285323
2023-08-28,0.00021789834291707777
2023-08-29,-0.0009820285663623353
2023-08-30,0.039734980182131396
2023-08-31,0.008354250050142654
2023-09-01,0.0002730671300590348
2023-09-05,-0.000981446999161272
2023-09-06,0.002850400259264286
2023-09-07,0.00032771820111232586
2023-09-08,0.00010943931993279143
2023-09-11,0.00032771224597838433
2023-09-12,-8.649882254907482e-08
2023-09-13,0.00010938108620850429
2023-09-14,0.00043671047550697395
2023-09-15,0.00021856993802371605
2023-09-18,0.00021826655214418622
2023-09-19,-4.935946981143857e-07
2023-09-20,0.00010919047623070277
2023-09-21,0.0004363143560162097
2023-09-22,0.00021819359719632558
2023-09-25,0.00021814602309011555
2023-09-26,-3.0598562550387953e-07
2023-09-27,-0.0008728434423494126
2023-09-28,-0.06425686908618022
2023-09-29,0.05459404235951335
2023-10-02,0.0002623482784105402
2023-10-03,0.00010940157823280394
2023-10-04,2.5302284312189727e-07
2023-10-05,0.000656094160502052
2023-10-06,0.00021857815990689033
2023-10-09,-2.1403749084214496e-07
2023-10-10,0.00010926519696785597
2023-10-11,2.8773294857842302e-08
2023-10-12,0.0005462605408577126
2023-10-13,0.00010904576936465737
2023-10-16,0.00032761116483515096
2023-10-17,-1.2053758613461696e-07
2023-10-18,0.00010911870510987853
2023-10-19,0.0004367069590927031
2023-10-20,0.00021783870633074187
2023-10-23,0.00021809807513206714
2023-10-24,0.00010902165249304652
2023-10-25,0.00010880341420538286
2023-10-26,0.00043613793626451347
2023-10-27,-0.0010909378118119308
2023-10-30,-0.014778211436879629
2023-10-31,0.02129987995334135
2023-11-01,0.0003063296587426656
2023-11-02,0.000328010139747148
2023-11-03,0.00010939388346797863
2023-11-06,0.0002187187908220256
2023-11-07,0.0001092170509526813
2023-11-08,0.00021846110393042295
2023-11-09,0.00032787066027673006
2023-11-10,0.00021824888405563847
2023-11-13,0.0001094483163772697
2023-11-14,0.00010897183816549472
2023-11-15,0.0003274947173128595
2023-11-16,0.00032773686810227964
2023-11-17,0.00010902638410370535
2023-11-20,0.00021822049591491144
2023-11-21,0.0003271157299629124
2023-11-22,0.0004360116773221012
2023-11-24,-0.0011998623533072896
2023-11-27,-0.006623776299028571
2023-11-28,-0.0009817420047709903
2023-11-29,0.03952565392268448
2023-11-30,-0.00690344750035634
2023-12-01,0.00031703904325719456
2023-12-04,0.0
2023-12-05,0.00021884683574024955
2023-12-06,-1.762438295305202e-07
2023-12-07,0.0004372459468633405
2023-12-08,0.0002187125374948362
2023-12-11,0.00021829456515010115
2023-12-12,0.00010916992356935218
2023-12-13,2.773161635882815e-07
2023-12-14,0.0004368161045826824
2023-12-15,0.00021822001518367884
2023-12-18,0.00022991346723610917
2023-12-19,0.0001096484991955915
2023-12-20,0.00010975587773431883
2023-12-21,0.0005476487696847165
2023-12-22,0.00010970766122997411
2023-12-26,-0.00087121464385178
2023-12-27,0.012020376001276258
2023-12-28,0.007838530239634878
2023-12-29,-0.029916740619010528
2024-01-02,-0.001199663647391568
2024-01-03,-0.045374136449056766
2024-01-04,0.0005471983083593646
2024-01-05,0.00021859672006940833
2024-01-08,-3.260996095377777e-08
2024-01-09,0.0002186411172027114
2024-01-10,0.00010943203853752692
2024-01-11,0.0005463420099138805
2024-01-12,0.0001094523614493248
2024-01-16,-0.0009820341714687143
2024-01-17,-0.0174390278956287
2024-01-18,0.00043692035870956936
2024-01-19,0.00021835135791681282
2024-01-22,0.00010890560900689294
2024-01-23,0.0001091696630841632
2024-01-24,0.00010897382430341551
2024-01-25,0.0005452695065797375
2024-01-26,0.0001090863708572698
2024-01-29,-0.001091017418559125
2024-01-30,0.03720509457218513
2024-01-31,0.022072082350128676
2024-02-01,0.0003939156254464393
2024-02-02,0.00021916157064749697
2024-02-05,0.00010930125294272841
2024-02-06,0.00010934137262297305
2024-02-07,0.0002187559402475614
2024-02-08,0.00043721804582608215
2024-02-09,-6.570605193267909e-08
2024-02-12,0.00021864689306339002
2024-02-13,0.0
2024-02-14,0.00021832401429366932
2024-02-15,0.0006553447637223098
2024-02-16,6.032570509795221e-08
2024-02-20,-0.0008723563269416247
2024-02-21,-0.029655253986301554
2024-02-22,0.0004366995096791726
2024-02-23,0.00010876291795614002
2024-02-26,0.00021814910716111413
2024-02-27,-0.001090606082838307
2024-02-28,-0.005681838048282817
2024-02-29,0.022038113599008292
2024-03-01,0.00016385533084983805
2024-03-04,0.00021838855771982857
2024-03-05,0.00010936077334999794
2024-03-06,0.00021902526213857243
2024-03-07,0.0004371079968261693
2024-03-08,-2.3043695285274168e-08
2024-03-11,0.00021862259017613184
2024-03-12,0.00010909280739057614
2024-03-13,0.00021848266704194153
2024-03-14,0.0003275603036476671
2024-03-15,0.0002184086452219347
2024-03-18,0.0001089523519610669
2024-03-19,0.00010919119431473945
2024-03-20,0.00010937672692312717
2024-03-21,0.00043597137634487915
2024-03-22,0.00010914275251994177
2024-03-25,0.0003272411654042795
2024-03-26,-0.001200122111287082
2024-03-27,0.013447021570673678
2024-03-28,0.013750384180323573
2024-04-01,-0.0009266662361576907
2024-04-02,-0.03430728388352502
2024-04-03,0.00010930125294272841
2024-04-04,0.00032809124088006847
2024-04-05,0.00021857304921502063
2024-04-08,0.00021867419279875122
2024-04-09,-2.398312654028345e-07
2024-04-10,0.00010955227984887905
2024-04-11,0.0004368666361811435
2024-04-12,0.00010945183900901156
2024-04-15,0.0001090259833880225
2024-04-16,0.0003275663703616871
2024-04-17,0.00010903624765279396
2024-04-18,0.00032747975608482527
2024-04-19,0.00021820163674424187
2024-04-22,0.00021818702832265835
2024-04-23,0.0001092058835010512
2024-04-24,0.0
2024-04-25,0.0005449713458895999
2024-04-26,-0.001091079919319248
2024-04-29,0.013651782155091219
2024-04-30,-0.008831743600142404
2024-05-01,0.0003063158705280955
2024-05-02,0.0004375622234191745
2024-05-03,0.00010938017958639357
2024-05-06,0.00010925345943579856
2024-05-07,0.00010934906072224138
2024-05-08,0.00010928506916951797
2024-05-09,0.00043699128171881263
2024-05-10,0.00010916992356935218
2024-05-13,0.00010930401666597866
2024-05-14,0.0003274479533597052
2024-05-15,0.00010940597943775998
2024-05-16,0.0004365806313482157
2024-05-17,0.00010925581918130867
2024-05-20,0.00010873255983856467
2024-05-21,0.00021834225453098988
2024-05-22,0.00010905864172672253
2024-05-23,0.0005451085679968326
2024-05-24,0.00010921988022793983
2024-05-28,-0.0012002047490862412
2024-05-29,-0.026597594349147102
2024-05-30,0.008359066059520748
2024-05-31,0.025850629445636965
2024-06-03,0.00038277741364001194
2024-06-04,1.7373402227960355e-07
2024-06-05,0.00021856497980943246
2024-06-06,0.00010943908005400793
2024-06-07,0.00032801067151644325
2024-06-10,0.00010903051855648549
2024-06-11,0.00032786727479239275
2024-06-12,0.00010925332921440933
2024-06-13,0.00021839254986333323
2024-06-14,0.00021834500895079323
2024-06-17,0.0003275809227161197
2024-06-18,0.00010933804322932339
2024-06-20,-0.0009820750316097628
2024-06-21,-0.03424929859841965
2024-06-24,0.00021823916006091792
2024-06-25,0.00010905076425382632
2024-06-26,-0.0011999999811415298
2024-06-27,0.0068628631162126474
2024-06-28,0.004837062418504658
2024-07-01,0.00034977739680908115
2024-07-02,0.00010948069566807384
2024-07-03,0.0003280466297164164
2024-07-05,-0.000762430614364228
2024-07-08,0.026951239578155796
2024-07-09,0.00021854254717390553
2024-07-10,0.0002183564476068156
2024-07-11,-1.78164302200301e-08
2024-07-12,0.00043707929771086285
2024-07-15,0.00010918183054986486
2024-07-16,0.00021841110667963903
2024-07-17,0.00010894246510551042
2024-07-18,0.0001090687281584124
2024-07-19,0.0005456463573356718
2024-07-22,1.437076755372857e-07
2024-07-23,0.00010909834421002351
2024-07-24,0.00032720598087010444
2024-07-25,0.0
2024-07-26,0.0005450753286220245
2024-07-29,-0.0010910086455665703
2024-07-30,0.0021467651310786984
2024-07-31,0.022558649823109046
2024-08-01,0.00024033232312636876
2024-08-02,0.0005470408947694239
2024-08-05,0.00010936077334999794
2024-08-06,0.00010933343952790331
2024-08-07,0.00021849155767772466
2024-08-08,0.00010925757372315381
2024-08-09,0.00032789977893954436
2024-08-12,0.00010920052002205693
2024-08-13,0.00021873127608751375
2024-08-14,0.00010899535246466918
2024-08-15,0.00021839164510906173
2024-08-16,0.0003276022199336648
2024-08-19,0.00032747363953777864
2024-08-20,-1.0460547050783475e-07
2024-08-21,0.0003273631429518975
2024-08-22,0.0
2024-08-23,0.00043623788589974843
2024-08-26,0.00010890042942079958
2024-08-27,0.0002179555024757196
2024-08-28,-0.0010910459958869624
2024-08-29,-0.019052526331457598
2024-08-30,0.006674152775846355
2024-09-03,-0.0010246126523233636
2024-09-04,-0.09367698469934874
2024-09-05,0.00010909520003377082
2024-09-06,0.0005465741165366911
2024-09-09,0.0001092771371555834
2024-09-10,1.240225346865742e-07
2024-09-11,0.00021844704901052836
2024-09-12,0.0001090769456888463
2024-09-13,0.0004368075283807116
2024-09-16,0.00021821270896760225
2024-09-17,0.00032775394521200596
2024-09-18,-6.743310931867086e-08
2024-09-19,0.00021818813553120542
2024-09-20,0.00043644750593996307
2024-09-23,0.00021775978541116459
2024-09-24,0.0001091293299770868
2024-09-25,0.00010903653057936502
2024-09-26,-0.00109107991931947
2024-09-27,0.011424539083942031
2024-09-30,0.0022228963713214265
2024-10-01,0.00022971553692441304
2024-10-02,0.00010937590093185179
2024-10-03,0.00010946245971688029
2024-10-04,0.000437033465776393
2024-10-07,-1.5232782668572753e-07
2024-10-08,0.00021857815990689033
2024-10-09,1.0376263959166465e-07
2024-10-10,0.0002184621723346769
2024-10-11,0.0004369470238809736
2024-10-14,-1.5104669515153546e-08
2024-10-15,0.00010906181407022153
2024-10-16,0.00021828013244395983
2024-10-17,0.00010909428599115145
2024-10-18,0.0004367177776389841
2024-10-21,3.0174953868922216e-08
2024-10-22,0.00021821177425040972
2024-10-23,0.00010907455358055707
2024-10-24,0.00010890077952141475
2024-10-25,0.00021807341156776516
2024-10-28,0.00021805398873731008
2024-10-29,-0.001091143461229648
2024-10-30,0.05551952776364977
2024-10-31,-0.021746562993668082
2024-11-01,0.0005354407503461722
2024-11-04,0.00021846708545569804
2024-11-05,0.0
2024-11-06,0.00010945473448487064
2024-11-07,0.00010915852198900566
2024-11-08,0.0005464147231595273
2024-11-11,5.908902767082225e-08
2024-11-12,0.00010917030567680897
2024-11-13,0.00010936401450689637
2024-11-14,0.00021841110667963903
2024-11-15,0.00032710316985173904
2024-11-18,0.00010917512572627963
2024-11-19,0.00010921656442008931
2024-11-20,0.00010924436015202765
2024-11-21,0.0002178969773931616
2024-11-22,0.00021826029241278633
2024-11-25,0.00010900366135935258
2024-11-26,-0.0010909492357463958
2024-11-27,0.028130271773015858
2024-11-29,0.02001194155811703
2024-12-02,0.028878148933936344
2024-12-03,0.00010930836874289973
2024-12-04,0.00032790926632286777
2024-12-05,0.00010946373837961154
2024-12-06,0.00032770293778572324
2024-12-09,0.0001092353568992177
2024-12-10,0.00010920552206949985
2024-12-11,0.00010920688745463814
2024-12-12,0.00021831584337661525
2024-12-13,0.0004366329432217153
2024-12-16,0.00010912809028207349
2024-12-17,0.000109204037860966
2024-12-18,0.0
2024-12-19,0.00025197778465835263
2024-12-20,0.00021913439798781909
2024-12-23,0.00010952843039735427
2024-12-24,0.00021887203729309412
2024-12-26,-0.0009811758571928388
2024-12-27,-0.01626620365255238
2024-12-30,0.011440091229764748
2024-12-31,0.007159849914574724
2025-01-02,-0.0010906882366263017
2025-01-03,-0.008028910415674571
2025-01-06,-0.00010937330306304283
2025-01-07,0.00021853708139474293
2025-01-08,0.0002189275390160894
2025-01-10,-0.0007631681824628246
2025-01-13,-0.0614792188045328
2025-01-14,0.00010909284870663782
2025-01-15,0.00021870898408038464
2025-01-16,0.00010913416287516853
2025-01-17,0.0003275136342009155
2025-01-21,-0.0010909134846505343
2025-01-22,0.027100839327286998
2025-01-23,0.00021829193140732173
2025-01-24,0.0003273959465359688
2025-01-27,-4.059890645891073e-08
2025-01-28,0.00021808967754344266
2025-01-29,-0.0010908862555366818
2025-01-30,-0.0009758648106958923
2025-01-31,-0.0024209698053158303
2025-02-03,0.0002844634207133101
2025-02-04,0.00010937273443678563
2025-02-05,-7.547951974551381e-08
2025-02-06,0.00021865796251319125
2025-02-07,0.00032803437165762617
2025-02-10,0.000109142200970469
2025-02-11,7.944826130312777e-09
2025-02-12,0.00010930096185712834
2025-02-13,0.0002187526160184472
2025-02-14,0.0003276207983875512
2025-02-18,-0.0010909332945089546
2025-02-19,-0.008151231626682097
2025-02-20,0.00010928871430482268
2025-02-21,0.0003274616543740283
2025-02-24,0.00021801842481727896
2025-02-25,0.0001091102479573447
2025-02-26,-0.0010907907820870912
2025-02-27,-0.004651198016414337
2025-02-28,0.01637913394483368
2025-03-03,0.00020758483451221998
2025-03-04,0.00010937273443678563
2025-03-05,1.8978110749579002e-07
2025-03-06,0.00021856295729683062
2025-03-07,0.0002187361343268801
2025-03-10,0.00010923785248517781
2025-03-11,-0.0010907667624903352
2025-03-12,0.042760989212836664
2025-03-13,-0.019604881428099706
2025-03-14,0.0004372696693646372
2025-03-17,0.00021829213279511706
2025-03-18,-0.0012000000000000001
2025-03-19,-0.017646107366994568
2025-03-20,-0.0015296022513397113
2025-03-21,0.00043646872122660163
2025-03-24,0.00010903890941116323
2025-03-25,-0.0011999011994160637
2025-03-26,0.004164067981612042
2025-03-27,-0.001199885687933965
2025-03-28,0.03486106037451209
2025-03-31,0.043794147504675564
2025-04-01,-0.0009704300537970658
2025-04-02,-0.008645034864160683
2025-04-03,-0.06811581509508538
2025-04-04,0.0003281448947605181
2025-04-07,0.00021865369649187727
2025-04-08,-0.001309353017570979
2025-04-09,-0.1460673410211829
2025-04-10,0.25473392388134763
2025-04-11,0.0004370372555237978
2025-04-14,0.00010916992356957422
2025-04-15,-0.0010905386434557842
2025-04-16,-0.06265016875342033
2025-04-17,-0.017001839338231982
2025-04-21,-0.0012001932314602772
2025-04-22,0.002075103705403869
2025-04-23,0.13299583452814123
2025-04-24,-0.011354256307114084
2025-04-25,0.0003274562981980811
2025-04-28,-0.0010911898639837316
2025-04-29,0.01978764868335925
2025-04-30,-0.0203620110826791
2025-05-01,0.10657525392845177
2025-05-02,0.00021865515376795486
2025-05-05,0.00021874546887379331
2025-05-06,-0.001199832653478249
2025-05-07,0.01605413529490396
2025-05-08,0.038125896247298875
2025-05-09,0.00043733451956051717
2025-05-12,0.0
2025-05-13,0.00021846225558985743
2025-05-14,0.0
2025-05-15,0.0002185469411921659
2025-05-16,0.00032767699111602155
2025-05-19,0.0
2025-05-20,0.00010910166776567642
2025-05-21,0.00021823110164520543
2025-05-22,0.00010906597968607379
2025-05-23,0.00043674532914539377
2025-05-27,-0.0010909016557899766
2025-05-28,0.03206287110238493
2025-05-29,0.01277785031238965
2025-05-30,0.009222410248415615
2025-06-02,0.00028417292753823986
2025-06-03,1.0014220874765556e-07
2025-06-04,0.00010937273443678563
2025-06-05,0.00010928293930434485
2025-06-06,0.00032798534527689327
2025-06-09,0.00010932690380860421
2025-06-10,0.00010931212308973315
2025-06-11,0.00010928907995366721
2025-06-12,0.00010911323749396296
2025-06-13,0.0004370081021731753
2025-06-16,0.00010913416287516853
2025-06-17,2.720919647369868e-07
2025-06-18,0.00021834168820555888
2025-06-20,-0.0007635146739476619
2025-06-23,-0.02835368325413825
2025-06-24,0.00010913405416190791
2025-06-25,0.00021816661954665584
2025-06-26,-0.0012001636336267598
2025-06-27,-0.0013017831428461246
2025-06-30,0.0076633692757469354
2025-07-01,6.599383969740913e-05
2025-07-02,0.00010937178752601362
2025-07-03,0.00043725460117216564
2025-07-07,-0.0010904303884226242
2025-07-08,-0.002635345731392812
2025-07-09,0.00010903055439626108
2025-07-10,0.00010934913984050887
2025-07-11,0.00032780562613998754
2025-07-14,0.00021829814424667582
2025-07-15,1.5869870018114796e-07
2025-07-16,0.00010919168692802295
2025-07-17,0.00021841110667963903
2025-07-18,0.00021814035009315447
2025-07-21,0.0003274478933672498
2025-07-22,0.00010919498951000861
2025-07-23,-9.85719256219042e-08
2025-07-24,0.00010911024795756674
2025-07-25,0.00032725642404618505
2025-07-28,0.00021811244365488314
2025-07-29,-0.0011999272210322588
2025-07-30,0.01721788206140662
2025-07-31,0.011427615832203399
2025-08-01,0.0004265901099254066
2025-08-04,0.00010938371945723446
2025-08-05,0.00010925345943579856
2025-08-06,0.00010942740251418392
2025-08-07,0.00010931296426730519
2025-08-08,0.0004369664616883373
2025-08-11,3.487591104800458e-08
2025-08-12,0.00010920261651858887
2025-08-13,0.00010910518697682114
2025-08-14,0.0002184958699178452
2025-08-15,0.0003276684242923267
2025-08-18,0.0
2025-08-19,0.00021815290202753523
2025-08-20,0.00010913021971670211
2025-08-21,0.00010913405416190791
2025-08-22,0.00043642445114988604
2025-08-25,-5.2741266687306165e-08
2025-08-26,0.00021818392611594462
2025-08-27,-0.0012000505527024687
2025-08-28,0.021661526436139056
2025-08-29,-0.0028100151383766638
2025-09-02,-0.0009594258980579963
2025-09-03,0.04133320464537724
2025-09-04,0.00010949194573095511
2025-09-05,0.0003276957067630537
2025-09-08,0.00021865567771639505
2025-09-09,0.0001092574651313516
2025-09-10,-9.608200124411326e-09
2025-09-11,0.0002184154538606986
2025-09-12,0.00021843561604728556
2025-09-15,0.00010919782274054768
2025-09-16,0.00021846469623088005
2025-09-17,0.00010899175136791506
2025-09-18,0.00021830803351585715
2025-09-19,0.00032728614932753253
2025-09-22,7.736894924725846e-08
2025-09-23,0.00010909834421002351
2025-09-24,0.00010898591154373527
2025-09-25,0.00010907455358055707
2025-09-26,-0.0008728351893229282
2025-09-29,0.00955733915997592
2025-09-30,0.01050904826153052
2025-10-01,0.0002296637861618489
2025-10-02,0.00010940741391229913
2025-10-03,0.00032788469575639745
2025-10-06,0.00010940621154120755
2025-10-07,0.0
2025-10-08,0.00021844035962192976
2025-10-09,0.0
2025-10-10,0.0003277630028177825
2025-10-13,0.00010928791825048911
2025-10-14,0.0002183754846898367
2025-10-15,0.00010908074165816295
2025-10-16,1.3145774291345447e-07
2025-10-17,0.0003275058445320056
2025-10-20,0.00010916453408627014
2025-10-21,0.00010914596570366086
2025-10-22,0.00010905746060552168
2025-10-23,-3.986824215207463e-08
2025-10-24,0.0004363753295393291
2025-10-27,0.0
2025-10-28,0.0002181956303906052
2025-10-29,-0.0012000316089234788
2025-10-30,-0.04763003013597722
2025-10-31,0.0033684187166605826
2025-11-03,0.00014217980967057287
2025-11-04,0.00010920364785937942
2025-11-05,0.0002186132956738529
2025-11-06,1.0896960978001857e-07
2025-11-07,0.0003277576145208627
2025-11-10,0.0002186028113915217
2025-11-11,-2.4260585096413934e-08
2025-11-12,2.4260585762547748e-08
2025-11-13,0.00010919287168609237
2025-11-14,0.000436893072409239
2025-11-17,0.0
2025-11-18,0.00021843573953872486
2025-11-19,0.00010908651534924374
2025-11-20,-3.742081167157352e-08
2025-11-21,0.0003274375314759048
2025-11-24,0.0
2025-11-25,-0.0009818763419783484
2025-11-26,-0.005296128544286294
2025-11-28,0.006712432944762094
2025-12-01,-0.014392070883303985
2025-12-02,0.0001094418960994048
2025-12-03,0.00010929034179163466
2025-12-04,0.00021861735394157478
2025-12-05,0.00032782407775466815
2025-12-08,-5.738355990381194e-08
2025-12-09,0.00021852392448695745
2025-12-10,0.0
2025-12-11,0.00010928028426726577
2025-12-12,0.00043690461936796154
2025-12-15,0.0
2025-12-16,0.00010922062439600033
2025-12-17,0.00010912436551424598
2025-12-18,0.00016434326273562228
2025-12-19,0.00021912839373672277
2025-12-22,0.00010956442250154019
2025-12-23,0.00010946885544194096
2025-12-24,0.00021911596385493226
2025-12-26,-0.000981015581678867
2025-12-29,-0.02415415785209607
2025-12-30,-0.007561915529322616
2025-12-31,-0.0035646730349479174
2026-01-02,-0.0008717870993319101
2026-01-05,-0.005261249398041422
2026-01-06,0.00010933637533661056
2026-01-07,0.00010950394343667291
2026-01-08,0.00010930125294272841
2026-01-09,0.00021868515278433698
2026-01-12,0.00010936073184208972
2026-01-13,0.00010926465893890125
2026-01-14,0.00010933682672931155
2026-01-15,0.00010931296426730519
2026-01-16,0.0003277825067196094
2026-01-20,-0.0010907348030325882
2026-01-21,-0.007426857355303816
2026-01-22,0.00010933658401213187
2026-01-23,0.00021841047551651727
2026-01-26,0.00010920555334004156
2026-01-27,-7.211030739195934e-08
2026-01-28,-0.0010907104651408863
2026-01-29,-0.012309244144964593
2026-01-30,0.00584405767710381
2026-02-02,0.0002623028343033962
2026-02-03,0.0
2026-02-04,0.00010948548435862904
2026-02-05,0.00010943256086948239
2026-02-06,0.0003281553055831665
2026-02-09,0.0
2026-02-10,0.0002187059429838989
2026-02-11,-4.296508393508702e-08
2026-02-12,0.00021872154669999588
2026-02-13,0.00021858781633410374
2026-02-17,-0.0009814374643168024
2026-02-18,0.017481768030923474
2026-02-19,0.00010928907995344517
2026-02-20,0.0004370022338053836
2026-02-23,0.0
2026-02-24,0.00010927026965346087
2026-02-25,-0.0010908458724449223
2026-02-26,0.011892923143938638
2026-02-27,0.018388661450432144
2026-03-02,0.00014226546065065904
2026-03-03,0.00010942584335338346
2026-03-04,0.0001094138706485559
2026-03-05,0.00010931819597170822
2026-03-06,0.0003281887549517748
2026-03-09,0.00010935381038090775
2026-03-10,-1.8676843627218886e-08
2026-03-11,0.0
2026-03-12,0.00010940707751916356
2026-03-13,0.0004372555763683117
2026-03-16,0.00010921764400206868
2026-03-17,0.00010935378869580958
2026-03-18,-3.7328923951918114e-08
2026-03-19,0.00010927713715536136
2026-03-20,0.0003277396097518537
2026-03-23,0.00010921074389735885
2026-03-24,-0.0012000188918107825
2026-03-25,0.021302640188467503
2026-03-26,-0.03408593278776619
2026-03-27,-0.0009815853901095285
2026-03-30,0.03870595591941983
2026-03-31,0.008845367062782607
2026-04-01,0.09056026865461608
2026-04-02,-0.04225090209131845
2026-04-06,-0.0012000000000000001
2026-04-07,-0.0034403145970444138
2026-04-08,0.11944760726300796
2026-04-09,-0.013946688726659738
2026-04-10,0.00032799890222112715
2026-04-13,0.00010932491489801244
2026-04-14,0.0
2026-04-15,0.00010931296426752724
2026-04-16,0.00010921764400184664
2026-04-17,0.0003278672398603355
2026-04-20,0.00010916992356979627
2026-04-21,0.0001092413335206377
2026-04-22,0.0
2026-04-23,0.00010922940115531965
2026-04-24,0.00043678657706469615
2026-04-27,0.0
2026-04-28,-0.0010909134846507564
2026-04-29,-0.00507615086923674
2026-04-30,-0.004884729532764441
