Date,ret
2010-03-11,-0.001
2010-03-12,0.03881936956331833
2010-03-15,-0.014586062626280556
2010-03-16,0.01508213446622575
2010-03-17,0.03459884630698473
2010-03-18,0.018317481657767143
2010-03-19,-0.03349805461988901
2010-03-22,-0.02608863347951958
2010-03-23,0.0672402037426573
2010-03-24,-0.0051783221125824
2010-03-25,0.023454317521126034
2010-03-26,-0.016881460114169727
2010-03-29,0.0032856856797068845
2010-03-30,0.0035445278989931026
2010-03-31,-0.016101566887503155
2010-04-01,0.014308473028828317
2010-04-05,-0.0006087337426067263
2010-04-06,0.012695477488381327
2010-04-07,0.008496186917696786
2010-04-08,-0.016670102621540152
2010-04-09,0.01890355048791762
2010-04-12,0.018997818983837567
2010-04-13,0.004454974181091975
2010-04-14,0.05145823079663217
2010-04-15,0.04690367218370959
2010-04-16,0.0
2010-04-19,-2.3274796723260494e-07
2010-04-20,2.3274802130046623e-07
2010-04-21,0.0
2010-04-22,-0.0012000000000000001
2010-04-23,0.04030609165443503
2010-04-26,0.032534211665048364
2010-04-27,-0.022235424020683976
2010-04-28,-0.0347964185860556
2010-04-29,0.0027141110954283327
2010-04-30,0.023564125621533018
2010-05-03,-0.043874041468842176
2010-05-04,-0.011385145544882087
2010-05-05,-0.07801024910098231
2010-05-06,-0.004953949464817159
2010-05-07,-0.014950029034442654
2010-05-10,-0.031902941475899074
2010-05-11,0.021188242037713734
2010-05-12,0.0281071830889018
2010-05-13,0.00021256326088088333
2010-05-14,-0.041602205390844284
2010-05-17,-0.03638712464308326
2010-05-18,-0.009780619966331503
2010-05-19,-0.003691047198330725
2010-05-20,-0.012074013080349135
2010-05-21,0.013188552857324452
2010-05-24,0.0003526759533373225
2010-05-25,0.01342015744641752
2010-05-26,-0.006833739209009723
2010-05-27,-0.01823684367404121
2010-05-28,-0.002789205321157118
2010-06-01,0.02200680608210548
2010-06-02,-0.007139805954777736
2010-06-03,-0.021069765189328606
2010-06-04,0.011553609799946275
2010-06-07,0.010756597150278399
2010-06-08,0.02065822476162752
2010-06-09,-0.010495620146932986
2010-06-10,-0.009369564263128701
2010-06-11,0.0011969536477698752
2010-06-14,-0.009405724154671299
2010-06-15,0.007100877465965476
2010-06-16,0.005250047563172962
2010-06-17,0.009959094014618067
2010-06-18,0.016970417797581495
2010-06-21,-0.008745568771061474
2010-06-22,-0.016710916235530265
2010-06-23,-0.022801747732207073
2010-06-24,0.004890320883712846
2010-06-25,-0.012151292543428473
2010-06-28,0.015122902831807498
2010-06-29,-0.02192777016840049
2010-06-30,-0.016170956405388136
2010-07-01,0.004570457862690058
2010-07-02,-0.020362953955762226
2010-07-06,-0.0061861180722641755
2010-07-07,-7.677719426675393e-06
2010-07-08,0.049144763516713964
2010-07-09,-0.004019388067907988
2010-07-12,0.007814996732654364
2010-07-13,0.006563665097493103
2010-07-14,-0.012384284336806975
2010-07-15,0.013404574994474523
2010-07-16,-0.0148296268777263
2010-07-19,-0.01733608786488764
2010-07-20,-0.010985754142572118
2010-07-21,0.038307403809031824
2010-07-22,-0.014691740921825715
2010-07-23,0.021646451355894603
2010-07-26,-0.0074258074162200085
2010-07-27,-0.0027337364328174543
2010-07-28,-0.025451128026175624
2010-07-29,0.005994952471107373
2010-07-30,0.011672826412612948
2010-08-02,0.03412025713648869
2010-08-03,0.01427879296788907
2010-08-04,0.002260672269436381
2010-08-05,-0.01335994077140153
2010-08-06,-0.015400255626253433
2010-08-09,0.025863972833864546
2010-08-10,-0.01944152301038145
2010-08-11,-0.03168608882288514
2010-08-12,-0.02943691904223104
2010-08-13,0.015132878648466793
2010-08-16,0.02234084368023041
2010-08-17,0.028022013085814496
2010-08-18,-0.0032301478195645808
2010-08-19,0.005306597395180171
2010-08-20,0.0030275350990082144
2010-08-23,-0.007012406828071545
2010-08-24,-0.015375185749455327
2010-08-25,0.019470636131305286
2010-08-26,-0.0019375348082340711
2010-08-27,0.0003496640998992274
2010-08-30,-0.014639155322321221
2010-08-31,0.016156325216560442
2010-09-01,0.015299336651434604
2010-09-02,0.0015780420856097432
2010-09-03,-0.003898849887122413
2010-09-07,0.026538476127531904
2010-09-08,-0.005133991859846383
2010-09-09,0.021254613545823992
2010-09-10,-0.02956260369257905
2010-09-13,0.0330950497068249
2010-09-14,0.015738541564051557
2010-09-15,-0.0023328672429747677
2010-09-16,0.012303520628897169
2010-09-17,0.010464442937455853
2010-09-20,0.001990750054230587
2010-09-21,0.033888218365176415
2010-09-22,-0.01609307624797
2010-09-23,-0.02704372088143688
2010-09-24,0.013849571839424996
2010-09-27,0.021461243555977522
2010-09-28,-0.016704717240334507
2010-09-29,0.009521599655121227
2010-09-30,0.01880706301698091
2010-10-01,0.00850177298948333
2010-10-04,-0.009588509441918395
2010-10-05,0.01511387788169009
2010-10-06,0.024321988221347308
2010-10-07,0.01198642174776047
2010-10-08,-0.02573292380719531
2010-10-11,0.019784952649581983
2010-10-12,-0.011371612292535433
2010-10-13,0.03526570494700391
2010-10-14,0.014752451741585643
2010-10-15,0.014015416800596368
2010-10-18,-0.005879163432876533
2010-10-19,-0.045177654340425755
2010-10-20,-0.009774277995884779
2010-10-21,0.05426541510326317
2010-10-22,-0.022703589872318797
2010-10-25,0.022995681941537928
2010-10-26,-0.008841572966942324
2010-10-27,-0.006743666011382727
2010-10-28,0.008755324016611388
2010-10-29,-0.020830678477259685
2010-11-01,0.020289990083336353
2010-11-02,0.01625422897224908
2010-11-03,0.012735878573255347
2010-11-04,0.048359138737143814
2010-11-05,0.009873440049946279
2010-11-08,-0.009984850077703037
2010-11-09,0.021435098708292966
2010-11-10,-0.042778275341511754
2010-11-11,-0.019914204861324
2010-11-12,-0.005994432813564635
2010-11-15,-0.033802414846346565
2010-11-16,-0.07859480098882976
2010-11-17,-0.029374927884514197
2010-11-18,0.04122455148052502
2010-11-19,0.012148134416603968
2010-11-22,0.001554936122952729
2010-11-23,-0.01800394330354619
2010-11-24,0.013321905920354723
2010-11-26,0.018980654301413193
2010-11-29,-0.0152083624241283
2010-11-30,-0.018858725931438152
2010-12-01,0.05111546620576616
2010-12-02,0.03113213638434938
2010-12-03,0.021998166115688573
2010-12-06,0.02984450968853158
2010-12-07,0.030709163111242166
2010-12-08,-0.03823470624946797
2010-12-09,0.026156257650246317
2010-12-10,-0.0034575047865882755
2010-12-13,0.02329628137761763
2010-12-14,-0.020985441729060916
2010-12-15,-0.01566066097151142
2010-12-16,-0.005009168687635826
2010-12-17,0.016170527608536284
2010-12-20,0.010878893717961653
2010-12-21,0.007518952436872098
2010-12-22,0.007670104595307259
2010-12-23,-0.0027203089382748695
2010-12-27,-0.01250399728721759
2010-12-28,0.022267042876621474
2010-12-29,0.0030492782739129547
2010-12-30,0.0028475381599669673
2010-12-31,-0.00505269507959009
2011-01-03,0.025391078543022985
2011-01-04,0.01580170632972962
2011-01-05,-0.024355555406393704
2011-01-06,0.028390999475462458
2011-01-07,0.010406451230124883
2011-01-10,-0.018118197704939498
2011-01-11,0.0276078355703618
2011-01-12,0.009476369587953615
2011-01-13,0.009235190916858576
2011-01-14,-0.005711899382045119
2011-01-18,0.039215908993446805
2011-01-19,0.0290297549784478
2011-01-20,-0.08715618719964524
2011-01-21,0.026577945437217327
2011-01-24,-0.026218713415495528
2011-01-25,0.020404555498219956
2011-01-26,0.02273947134912387
2011-01-27,0.015736981593010846
2011-01-28,0.008591986929821216
2011-01-31,-0.10667762362163001
2011-02-01,0.06004238793997592
2011-02-02,0.030886888521670722
2011-02-03,0.007642410160887328
2011-02-04,0.02265945138888692
2011-02-07,0.0063200498038338635
2011-02-08,0.01867738081709332
2011-02-09,0.0017496350851452513
2011-02-10,-0.01554526176715217
2011-02-11,0.008369753393074886
2011-02-14,0.034140562243813566
2011-02-15,-0.0029015158264117003
2011-02-16,0.004051032413163735
2011-02-17,-0.00024126428717885506
2011-02-18,0.026283820050956936
2011-02-22,-0.03808385492055448
2011-02-23,-0.0604543505265845
2011-02-24,-0.01478343564693848
2011-02-25,0.02519439830971685
2011-02-28,0.05266527280861629
2011-03-01,0.030299170318700327
2011-03-02,-0.04873596860783898
2011-03-03,0.008491202781021926
2011-03-04,0.012894610896612035
2011-03-07,-0.0023233898594215243
2011-03-08,-0.01841571325993348
2011-03-09,-0.00926916482362831
2011-03-10,-0.03566006463030798
2011-03-11,-0.061220289142370425
2011-03-14,0.03347085464437708
2011-03-15,-0.0696918992331342
2011-03-16,0.03613504955161521
2011-03-17,-0.00559722668811861
2011-03-18,0.02326967015936946
2011-03-21,0.021166174217353596
2011-03-22,0.00667857575833064
2011-03-23,0.01669109393889945
2011-03-24,0.01391884923306663
2011-03-25,-0.007402198602800853
2011-03-28,-0.011839658076803539
2011-03-29,-0.0005946252895456063
2011-03-30,0.02675417563424768
2011-03-31,0.02298549622414381
2011-04-01,-3.7376551003480245e-05
2011-04-04,0.010422535345830264
2011-04-05,-0.0042273835603043874
2011-04-06,0.026656395362840108
2011-04-07,-0.018179197573531477
2011-04-08,0.02753830362339123
2011-04-11,-0.004130455170734255
2011-04-12,-0.04375457885706602
2011-04-13,-0.0036798144197037
2011-04-14,-0.011279147119263774
2011-04-15,0.016997680925607456
2011-04-18,-0.012413269790829424
2011-04-19,0.004875736589612378
2011-04-20,0.03472379115008661
2011-04-21,0.010911666098234463
2011-04-25,0.010507052468597695
2011-04-26,0.006263054787854012
2011-04-27,0.019813675848933267
2011-04-28,0.017351600061225193
2011-04-29,0.02216519629072507
2011-05-02,0.0117866824704701
2011-05-03,-0.02094675447148904
2011-05-04,-0.017719609906300983
2011-05-05,-0.03896745193368001
2011-05-06,0.029439174526959173
2011-05-09,-0.012535390021358984
2011-05-10,0.016796205245318774
2011-05-11,0.008800892528955698
2011-05-12,-0.03506631819656432
2011-05-13,0.032234713272588866
2011-05-16,-0.03852956811028618
2011-05-17,-0.041515994417082945
2011-05-18,0.003217750159882311
2011-05-19,0.0345114995706739
2011-05-20,-0.010351232448920184
2011-05-23,-0.05187529322563074
2011-05-24,0.0029604501595039325
2011-05-25,-0.009127140790279912
2011-05-26,0.010427020862739314
2011-05-27,0.029360380520982922
2011-05-31,0.023999696866658034
2011-06-01,0.002567691294138475
2011-06-02,-0.061298542678348625
2011-06-03,-0.04384462848802036
2011-06-06,0.006626665230900978
2011-06-07,-0.01195496813382683
2011-06-08,-0.017098745024182845
2011-06-09,-0.0013192879310091566
2011-06-10,-0.004170069451353305
2011-06-13,-0.001724933061433583
2011-06-14,-0.00453485761852405
2011-06-15,0.0023057855614777947
2011-06-16,0.0028619542566403013
2011-06-17,0.0003338417367946267
2011-06-20,0.005335996306289115
2011-06-21,0.0006567166504443112
2011-06-22,0.003294176853969377
2011-06-23,-0.01027123296220637
2011-06-24,-0.0036816323568603644
2011-06-27,-0.008842086318059198
2011-06-28,0.0007822699362784272
2011-06-29,0.0028894413827549315
2011-06-30,0.0009616053237004731
2011-07-01,-0.0044939345935516295
2011-07-05,0.04022049765978175
2011-07-06,0.009918561198569303
2011-07-07,0.031072432244988086
2011-07-08,-0.01824915412972472
2011-07-11,-0.01693133678342736
2011-07-12,-0.024724268936409072
2011-07-13,0.01334876511057122
2011-07-14,-0.008903765999182077
2011-07-15,-0.014724895854939447
2011-07-18,0.007295046806395699
2011-07-19,0.013731547231149886
2011-07-20,0.023118740011825862
2011-07-21,0.006484374027057002
2011-07-22,0.010623722733240266
2011-07-25,0.0013578356289272921
2011-07-26,0.0055260285576577885
2011-07-27,-0.0001724640147649321
2011-07-28,-0.045665643221184715
2011-07-29,-0.012061829628339866
2011-08-01,0.028309651195232023
2011-08-02,-0.030974133635231604
2011-08-03,-0.024631289259069777
2011-08-04,0.004711922797254105
2011-08-05,0.0007972243081932531
2011-08-08,0.012894228846274149
2011-08-09,0.03467076355516433
2011-08-10,0.035593949354394486
2011-08-11,-0.004410209533091532
2011-08-12,-0.03989738911569907
2011-08-15,0.0036166611524816776
2011-08-16,0.010024982264792462
2011-08-17,0.02063992025395163
2011-08-18,0.048140840419612856
2011-08-19,0.022142977518968432
2011-08-22,-0.0009770188145088454
2011-08-23,-0.004969860565364636
2011-08-24,-0.020344979096911978
2011-08-25,-0.06468183439877591
2011-08-26,0.04509608641218517
2011-08-29,-0.009650094584650713
2011-08-30,0.02320572885329889
2011-08-31,0.0038652824934083023
2011-09-01,-0.010956322677058742
2011-09-02,0.0565693623811141
2011-09-06,0.03451849373221597
2011-09-07,-0.04985320593134771
2011-09-08,0.020840447198354685
2011-09-09,-0.0038086090399725254
2011-09-12,0.005020649310852628
2011-09-13,-0.0057574043891590225
2011-09-14,-0.013802486289120878
2011-09-15,-0.009830878347891684
2011-09-16,-0.009533191210954046
2011-09-19,0.036749566411914805
2011-09-20,-0.011648776392598016
2011-09-21,0.008676142381202068
2011-09-22,0.039618733192517734
2011-09-23,-0.004426074982289898
2011-09-26,-0.054667710224248836
2011-09-27,-0.010513511013302558
2011-09-28,-0.0019826745009856226
2011-09-29,-0.00464331284885781
2011-09-30,0.016969822681808865
2011-10-03,0.018426837673488995
2011-10-04,0.01991774277720163
2011-10-05,-0.021576032057188905
2011-10-06,-0.008200264542966627
2011-10-07,-0.023889032304397647
2011-10-10,-0.007211675651016991
2011-10-11,0.0029992367013347287
2011-10-12,-0.0215694541500504
2011-10-13,0.0027108833318941388
2011-10-14,-0.010381310665796098
2011-10-17,0.0043239373261356
2011-10-18,0.015136540122282419
2011-10-19,-0.013437457743031104
2011-10-20,-0.0008683108285103176
2011-10-21,-0.006132346306093805
2011-10-24,0.010673202610151478
2011-10-25,0.02129917688272398
2011-10-26,0.0035499653228309915
2011-10-27,0.013029477324577855
2011-10-28,-0.02365675844775398
2011-10-31,-0.011014130285350882
2011-11-01,-0.10057757650936772
2011-11-02,0.03008510899828335
2011-11-03,0.02682086161880289
2011-11-04,0.012228551350242221
2011-11-07,0.00804569976398169
2011-11-08,0.03133966361799219
2011-11-09,-0.02118454084622886
2011-11-10,-0.024161631683614404
2011-11-11,-0.011547742520636395
2011-11-14,0.022495865575784754
2011-11-15,-0.0008211026770131493
2011-11-16,0.01664066216394818
2011-11-17,-0.019012281111573937
2011-11-18,-0.03199703866463353
2011-11-21,0.00975948198364196
2011-11-22,-0.00018958944834694216
2011-11-23,0.006878179681965616
2011-11-25,0.005484198902778366
2011-11-28,-0.026482713371963913
2011-11-29,0.012213098957555438
2011-11-30,-0.013936489494363288
2011-12-01,-0.015790520821987855
2011-12-02,0.03643305515698847
2011-12-05,0.010669387057601712
2011-12-06,0.0015908604360263716
2011-12-07,-0.015543153563031077
2011-12-08,-0.002382216996928606
2011-12-09,-0.0034632352916908297
2011-12-12,-0.006649075845224709
2011-12-13,0.003254634216044031
2011-12-14,-0.021445551943226834
2011-12-15,0.0013878409373450085
2011-12-16,-0.008323862957254586
2011-12-19,0.011576797083934331
2011-12-20,0.0024522951037255027
2011-12-21,-0.002732428885421835
2011-12-22,-0.021792610021386584
2011-12-23,0.007821066147593295
2011-12-27,0.0088880793119596
2011-12-28,0.012632666749165558
2011-12-29,-0.003835821779988941
2011-12-30,0.013362497305391186
2012-01-03,0.019886127709276114
2012-01-04,-0.0067293619666061915
2012-01-05,-0.0010498084922511142
2012-01-06,0.016345014492738102
2012-01-09,0.01517272396951282
2012-01-10,0.006249445796097763
2012-01-11,-0.0012548709912120208
2012-01-12,0.017981428326786286
2012-01-13,-0.015916215727404016
2012-01-17,0.029503519345214224
2012-01-18,-0.003548060067900057
2012-01-19,0.049608295550929084
2012-01-20,-0.00011388164357243702
2012-01-23,0.009536264981638102
2012-01-24,-0.009981700001764349
2012-01-25,0.0325473306779156
2012-01-26,0.023691240894752275
2012-01-27,-0.0238288124013557
2012-01-30,-0.0111589351544585
2012-01-31,0.039476238165642386
2012-02-01,0.012702758541911718
2012-02-02,0.01340529177440423
2012-02-03,0.026983763311283118
2012-02-06,0.0031388753314218754
2012-02-07,0.0041357686442222335
2012-02-08,0.007994817217484887
2012-02-09,0.020462641981738562
2012-02-10,-0.01614224843671726
2012-02-13,0.023685081634271594
2012-02-14,-0.004687693026827884
2012-02-15,0.022961047570308292
2012-02-16,-0.02973968361827502
2012-02-17,0.048334336824517335
2012-02-21,-0.004225379822546374
2012-02-22,-0.0036869778225037853
2012-02-23,-0.007436022729530108
2012-02-24,0.024494857318162328
2012-02-27,-0.01754360424432111
2012-02-28,0.026009868300313745
2012-02-29,0.022723562845042622
2012-03-01,-0.0067310504461797205
2012-03-02,0.005928308154231843
2012-03-05,-0.006839284661866932
2012-03-06,-0.051651026622633725
2012-03-07,0.009017503666173413
2012-03-08,0.026895488456265472
2012-03-09,0.018542482142814398
2012-03-12,0.005760636942227393
2012-03-13,0.019451759661998747
2012-03-14,0.04317520870070283
2012-03-15,0.013737309096283826
2012-03-16,0.010303704436970483
2012-03-19,-0.0023517730161245845
2012-03-20,-0.0008640802056700815
2012-03-21,0.017907920830450525
2012-03-22,-0.02485180035490897
2012-03-23,0.01117772230958991
2012-03-26,0.018719702490531454
2012-03-27,0.03070696617201333
2012-03-28,-0.0031282512310028356
2012-03-29,-0.02829769204263303
2012-03-30,0.022923312914943317
2012-04-02,-0.009244587486404481
2012-04-03,0.028540055037053813
2012-04-04,-0.029939717112954956
2012-04-05,-0.022593676446361233
2012-04-09,-0.025462869894505448
2012-04-10,0.009886986917123048
2012-04-11,-0.01741129677494605
2012-04-12,-0.00500899251588971
2012-04-13,0.02294010126661187
2012-04-16,-0.02096255820677343
2012-04-17,-0.010503237172154697
2012-04-18,0.025416937745752377
2012-04-19,-0.015101553979720348
2012-04-20,-0.002056177880059554
2012-04-23,-0.037763140919000494
2012-04-24,-0.0013070933452018858
2012-04-25,0.048744273716866994
2012-04-26,0.011380005366910343
2012-04-27,0.030301860441876695
2012-04-30,-0.0060448933863028
2012-05-01,-0.006609479815701961
2012-05-02,0.003360218301878196
2012-05-03,0.019020729279423776
2012-05-04,-0.04356386911594178
2012-05-07,-0.04389549525437657
2012-05-08,0.006209766115012191
2012-05-09,-0.008501498836054038
2012-05-10,0.010930946646815263
2012-05-11,-0.007858307136183703
2012-05-14,0.0022567368869877615
2012-05-15,-0.0032660808059947013
2012-05-16,-0.004049264754622195
2012-05-17,-0.014049441930112792
2012-05-18,0.009258267792653374
2012-05-21,0.005238842697834626
2012-05-22,-0.00904788774104918
2012-05-23,0.0062793596511911964
2012-05-24,-0.002821106017949863
2012-05-25,0.0015237690248837883
2012-05-29,-0.0004743244195667776
2012-05-30,0.01614549627184732
2012-05-31,0.013411061309784792
2012-06-01,0.01651219108931053
2012-06-04,0.0029062516488299233
2012-06-05,-0.005830923208021513
2012-06-06,-0.00763204735657778
2012-06-07,-0.02292931289649084
2012-06-08,0.016828497910507924
2012-06-11,-0.015251867174937872
2012-06-12,0.0018598312800902996
2012-06-13,-0.0010408949612363088
2012-06-14,0.009104977229148862
2012-06-15,0.003485560390728434
2012-06-18,0.005794797151697358
2012-06-19,0.021520286746724238
2012-06-20,-0.008713387078866708
2012-06-21,0.011959985285547018
2012-06-22,-0.032049752596031676
2012-06-25,-0.01897453040251577
2012-06-26,0.0016509741644304228
2012-06-27,0.01169928667430146
2012-06-28,0.0025232640449451465
2012-06-29,0.036620395829069285
2012-07-02,0.028957306372254576
2012-07-03,0.01094194660560584
2012-07-05,0.002828456456217025
2012-07-06,-0.01416623027969266
2012-07-09,0.017290330712979324
2012-07-10,0.011965796297072135
2012-07-11,-0.022388187268706283
2012-07-12,-0.005800304752738332
2012-07-13,0.01553785072668042
2012-07-16,0.0289237351589194
2012-07-17,0.0022958674379361206
2012-07-18,0.004927830685917806
2012-07-19,0.0032533555713264058
2012-07-20,-0.01392991975515397
2012-07-23,-0.017160635129782532
2012-07-24,0.002908991885588314
2012-07-25,0.0030953341776463654
2012-07-26,0.018613972766637343
2012-07-27,-0.0023740201780719037
2012-07-30,0.005911597638798744
2012-07-31,0.015306891454815303
2012-08-01,-0.004689668220609603
2012-08-02,-0.02081616957681313
2012-08-03,0.01661091719118949
2012-08-06,0.009737194434780418
2012-08-07,-0.011654257618246565
2012-08-08,-0.018972869894775573
2012-08-09,0.004101953568610945
2012-08-10,-0.00832592629935828
2012-08-13,0.012207968448537887
2012-08-14,0.014030997344324817
2012-08-15,-0.017524486229795667
2012-08-16,0.015583462940912913
2012-08-17,0.02912774841048882
2012-08-20,0.0026888151190450622
2012-08-21,0.014359058756029386
2012-08-22,-0.029822327614204926
2012-08-23,0.0033571681392387345
2012-08-24,-0.02188766787974646
2012-08-27,0.037951773529628266
2012-08-28,-0.014047364636906515
2012-08-29,0.006741213202106003
2012-08-30,-0.014032364778303273
2012-08-31,0.004164188153351326
2012-09-04,-0.0046496329019586335
2012-09-05,0.0008511646262745476
2012-09-06,0.01555880675121113
2012-09-07,0.03535087586046785
2012-09-10,-0.002890838490256731
2012-09-11,-0.021687527751192794
2012-09-12,0.011479319018338208
2012-09-13,0.0007815214698123264
2012-09-14,0.04776526795544647
2012-09-17,0.007571297259226191
2012-09-18,-0.012590514663168257
2012-09-19,0.000675215394753792
2012-09-20,-0.021548439354182564
2012-09-21,0.026987314718473595
2012-09-24,-0.03487175285769062
2012-09-25,0.01544277799457642
2012-09-26,-0.049942945083409865
2012-09-27,-0.00894917133935232
2012-09-28,0.016615859418622092
2012-10-01,0.002916445351585454
2012-10-02,-0.0006597196566195578
2012-10-03,-0.00034914109919714775
2012-10-04,0.014806051406011841
2012-10-05,0.013981972892281794
2012-10-08,-0.02950482095874714
2012-10-09,-0.006719333549444022
2012-10-10,-0.02712063042822891
2012-10-11,0.005621191471099666
2012-10-12,-0.017769384153904385
2012-10-15,-0.010530693237327655
2012-10-16,0.019205438435571726
2012-10-17,0.012677320789816758
2012-10-18,0.004932047045750713
2012-10-19,0.0034235354469236423
2012-10-22,-0.04078528825710204
2012-10-23,-0.044186449402019656
2012-10-24,0.0019702671936790614
2012-10-25,-0.00079748737496188
2012-10-26,-0.023816981742691902
2012-10-31,4.130813495550846e-05
2012-11-01,0.009097804133650281
2012-11-02,0.04082146274984473
2012-11-05,-0.028986256071056794
2012-11-06,0.007484118147720542
2012-11-07,-0.01635464433883756
2012-11-08,-0.025597470238925665
2012-11-09,-0.04323220407674714
2012-11-12,0.015221870647019223
2012-11-13,-0.007647261254610608
2012-11-14,-0.0013597782310880522
2012-11-15,-0.018624342338460373
2012-11-16,-0.003908949098369733
2012-11-19,0.0016488617721682006
2012-11-20,-0.00047399814986556543
2012-11-21,-0.003373987363359551
2012-11-23,0.008382390013668806
2012-11-26,0.013610453922304533
2012-11-27,-0.00299756639766809
2012-11-28,-0.03454147518604722
2012-11-29,0.03781546275109308
2012-11-30,-0.0017746096010244166
2012-12-03,0.007072373441245894
2012-12-04,-0.02489026795535487
2012-12-05,0.0011991350209149543
2012-12-06,0.004606955422759795
2012-12-07,0.020800177131390447
2012-12-10,0.0010806861310640086
2012-12-11,0.008458041368147096
2012-12-12,0.022983224326154218
2012-12-13,-0.007745967783657289
2012-12-14,0.008748585445371012
2012-12-17,-0.0012593802059090251
2012-12-18,0.026041865352360485
2012-12-19,0.036478657405273784
2012-12-20,-0.0006462133666529368
2012-12-21,-0.03777277325293408
2012-12-24,0.014141076560752289
2012-12-26,0.009560332398063604
2012-12-27,0.004271568757412487
2012-12-28,-0.017933975269415054
2012-12-31,0.011032590404760345
2013-01-02,0.0818771718178269
2013-01-03,0.027193934796871634
2013-01-04,-0.002527019239647636
2013-01-07,0.011055609768692909
2013-01-08,-0.020442384966694777
2013-01-09,0.006716093029645967
2013-01-10,0.03575874694699144
2013-01-11,0.001347440633221379
2013-01-14,-0.003178418308654507
2013-01-15,-0.0062380351650353685
2013-01-16,0.01534454567740832
2013-01-17,0.009682512273528232
2013-01-18,0.004450250031888814
2013-01-22,0.0038713999188204617
2013-01-23,0.021179240510329708
2013-01-24,0.003554966197184576
2013-01-25,0.012110760469352963
2013-01-28,0.007756228072180644
2013-01-29,-0.007239330606344591
2013-01-30,0.011763184254261667
2013-01-31,-0.01893061888275708
2013-02-01,0.009144197853746946
2013-02-04,-0.005993224705115244
2013-02-05,0.006318655970833993
2013-02-06,-0.0014635584128376655
2013-02-07,0.017253024901670022
2013-02-08,-0.0038695417354131325
2013-02-11,0.012383245933642298
2013-02-12,0.0015096853696753285
2013-02-13,0.01446561629685535
2013-02-14,-0.011024698916987022
2013-02-15,0.021552172494217182
2013-02-19,-0.015606423346477438
2013-02-20,0.02923438827080297
2013-02-21,-0.08575054565094671
2013-02-22,0.0059744683641682235
2013-02-25,0.0496485410839097
2013-02-26,-0.06021309655795729
2013-02-27,0.0020356089755558804
2013-02-28,0.03645278118798948
2013-03-01,-0.016869515093672627
2013-03-04,0.015610398932411599
2013-03-05,0.041292683442511205
2013-03-06,0.023492403125975482
2013-03-07,-0.0037656114794112714
2013-03-08,0.010025124847378645
2013-03-11,-0.004723203691124518
2013-03-12,0.013496467151779285
2013-03-13,-0.003912314020565762
2013-03-14,0.007981683990983979
2013-03-15,0.016946665783843885
2013-03-18,-0.03243791503573423
2013-03-19,0.009970391526870995
2013-03-20,-0.011388371013278607
2013-03-21,-0.010696043876697573
2013-03-22,0.0035769343713915047
2013-03-25,0.017508976579276636
2013-03-26,-0.002864965169621314
2013-03-27,0.0008425843406036915
2013-03-28,0.018102417884809707
2013-04-01,0.0031455858134842307
2013-04-02,0.0016735398352537194
2013-04-03,0.0003087899759196171
2013-04-04,-0.0325263921207661
2013-04-05,-0.016893626983159882
2013-04-08,0.04151698152725032
2013-04-09,0.02371073072369227
2013-04-10,0.009060925556674149
2013-04-11,0.021452636088311675
2013-04-12,0.0010970864906151285
2013-04-15,-0.004971923359572749
2013-04-16,-0.03307660755560208
2013-04-17,-0.0005026400463696472
2013-04-18,-0.024267652230418227
2013-04-19,-0.02020142820852026
2013-04-22,0.0444555057754196
2013-04-23,0.01659955921027308
2013-04-24,0.008695867591107076
2013-04-25,0.009832645594212522
2013-04-26,-0.005304254041116896
2013-04-29,0.0062935601929838825
2013-04-30,0.014046940946176237
2013-05-01,0.027388429389505697
2013-05-02,-0.019977996503357926
2013-05-03,0.07810040670880625
2013-05-06,0.013134874531405048
2013-05-07,0.026212864470452697
2013-05-08,-1.7429214071995602e-08
2013-05-09,0.0
2013-05-10,1.7429214294040207e-08
2013-05-13,0.00021836982455814002
2013-05-14,-0.0015333159041190393
2013-05-15,0.028959413418495394
2013-05-16,0.020637599494732463
2013-05-17,0.006328608392167866
2013-05-20,0.015813296918798514
2013-05-21,0.016214256076217886
2013-05-22,-0.0002836095095602271
2013-05-23,-0.10864890466037472
2013-05-24,-0.004442454947964728
2013-05-28,0.06661868397006517
2013-05-29,-0.06315131378344825
2013-05-30,0.00254181287779683
2013-05-31,0.008088238318439966
2013-06-03,-0.024985786226796647
2013-06-04,0.0
2013-06-05,0.0
2013-06-06,0.00021840469059886125
2013-06-07,-0.0004366132994497729
2013-06-10,0.0004368040138915674
2013-06-11,-1.7429213849950997e-08
2013-06-12,1.7429214294040207e-08
2013-06-13,-0.00021835700040584438
2013-06-14,1.7429214294040207e-08
2013-06-17,0.0
2013-06-18,0.0
2013-06-19,0.0002183872575782786
2013-06-20,0.0
2013-06-21,-1.7429213849950997e-08
2013-06-24,-0.00021833957499739487
2013-06-25,0.0
2013-06-26,0.0
2013-06-27,0.00021840469059886125
2013-06-28,0.0
2013-07-01,-0.00021835700040584438
2013-07-02,0.00021840469059886125
2013-07-03,-1.7429213849950997e-08
2013-07-05,0.0
2013-07-08,-0.00021797695782777016
2013-07-09,-0.0002183039672436493
2013-07-10,0.0
2013-07-11,0.0
2013-07-12,-0.0012000000000000001
2013-07-15,0.012294375884869702
2013-07-16,0.009633923829072872
2013-07-17,-0.006870685257714578
2013-07-18,0.01024290062048753
2013-07-19,-0.01982842298797797
2013-07-22,0.001579942575224461
2013-07-23,-0.005312828733191906
2013-07-24,0.006314900984555598
2013-07-25,-0.056974928138639566
2013-07-26,0.0031611908171881677
2013-07-29,0.002580613358242778
2013-07-30,-0.003721120413527071
2013-07-31,0.00021800629186108367
2013-08-01,-0.00141795877547659
2013-08-02,0.0064404777044047914
2013-08-05,0.0002183516342715297
2013-08-06,0.0
2013-08-07,3.4526714021154703e-07
2013-08-08,-0.0002183039672436493
2013-08-09,-3.452670209735942e-07
2013-08-12,0.0002183516342715297
2013-08-13,0.0
2013-08-14,-0.0002183039672435383
2013-08-15,0.0002183516342715297
2013-08-16,0.0
2013-08-19,3.4526714021154703e-07
2013-08-20,-3.452670210846165e-07
2013-08-21,-0.0002183039672435383
2013-08-22,0.00021869697680143574
2013-08-23,-3.452670210846165e-07
2013-08-26,-0.00021795877547658993
2013-08-27,0.00021835163427175175
2013-08-28,-0.0002183039672436493
2013-08-29,0.00021800629186108367
2013-08-30,-0.0002183039672435383
2013-09-03,0.0
2013-09-04,0.0
2013-09-05,0.0
2013-09-06,0.0
2013-09-09,0.00021850883747043248
2013-09-10,1.8809822988075098e-07
2013-09-11,0.0
2013-09-12,0.0
2013-09-13,-3.452670210846165e-07
2013-09-16,-0.00021795877547658993
2013-09-17,-0.0012000000000000001
2013-09-18,0.017438084999102633
2013-09-19,0.03706611969719109
2013-09-20,-0.0011070527546882532
2013-09-23,-0.011184084468408831
2013-09-24,-0.009307446513410237
2013-09-25,-0.0007133375034151053
2013-09-26,0.005359016459581441
2013-09-27,-0.016624053796856532
2013-09-30,-0.030557544868765052
2013-10-01,0.027240372687301097
2013-10-02,0.002168732170931424
2013-10-03,0.01675547097558964
2013-10-04,-0.018892645915182877
2013-10-07,-0.0036081684000760137
2013-10-08,0.004535222486638771
2013-10-09,-0.04534139456077168
2013-10-10,0.01896158931709231
2013-10-11,0.023913144354459494
2013-10-14,0.003673611793158467
2013-10-15,0.03933041161133273
2013-10-16,-0.006753481237268452
2013-10-17,0.002926827896053067
2013-10-18,0.05154418746993496
2013-10-21,0.00021848266704171948
2013-10-22,-0.00021843494279272235
2013-10-23,0.00021848266704171948
2013-10-24,-0.00021862299990016432
2013-10-25,-0.0011998119017698973
2013-10-28,0.0003620803722275874
2013-10-29,0.013717948398496604
2013-10-30,0.010082185279058168
2013-10-31,-0.02060494626338716
2013-11-01,0.004564491775479573
2013-11-04,-0.0005999358408813976
2013-11-05,-0.022136712971451145
2013-11-06,0.026024455916096402
2013-11-07,-0.0025331982718254467
2013-11-08,-0.04705691701070377
2013-11-11,0.026078284640941158
2013-11-12,-0.0031086442867311877
2013-11-13,-0.007365134372042373
2013-11-14,0.037235475140041885
2013-11-15,0.01625559789298814
2013-11-18,0.012049556186330596
2013-11-19,-0.018908308793119333
2013-11-20,0.0013846580862885518
2013-11-21,-0.004493872591972166
2013-11-22,0.022447295442058774
2013-11-25,0.015041507821344094
2013-11-26,-0.010889405919731754
2013-11-27,-0.004284055045886618
2013-11-29,0.004591160625793345
2013-12-02,-0.010631228919260272
2013-12-03,-0.01624239374484367
2013-12-04,-0.008715133276364232
2013-12-05,0.008676116878537346
2013-12-06,0.021196259867162743
2013-12-09,0.009218492713465753
2013-12-10,-0.006546106631370007
2013-12-11,0.0006051248255781738
2013-12-12,-0.03590930187582331
2013-12-13,-0.0035397253674954343
2013-12-16,-0.0001845391133219452
2013-12-17,0.003932625103508558
2013-12-18,-0.004217552583199705
2013-12-19,0.03532500550553489
2013-12-20,0.005155528651210531
2013-12-23,0.03550617498724843
2013-12-24,0.0152497309697448
2013-12-26,0.01568559016954296
2013-12-27,0.012832301146023406
2013-12-30,-0.015566094402956754
2013-12-31,0.011684882225684756
2014-01-02,-0.0005031594234100969
2014-01-03,-0.013526311495259586
2014-01-06,0.008342793658524639
2014-01-07,-0.0064497883124760005
2014-01-08,0.011768044497260507
2014-01-09,0.011960272274131878
2014-01-10,-0.007740914818678187
2014-01-13,-0.007464355037073951
2014-01-14,-0.022403885399064905
2014-01-15,0.0360190036110218
2014-01-16,0.008325054966298318
2014-01-17,-0.011717492955638065
2014-01-21,0.009056832070595044
2014-01-22,0.004970031447507406
2014-01-23,-0.008145505647387806
2014-01-24,-0.01600011593645878
2014-01-27,-0.04409244493475121
2014-01-28,-0.046086520805392175
2014-01-29,-0.009569841271469943
2014-01-30,0.031716236979173244
2014-01-31,-0.021176869065253474
2014-02-03,0.01638575645864278
2014-02-04,-0.05358341386252851
2014-02-05,-0.003924268741040311
2014-02-06,0.01668456887034009
2014-02-07,0.04631176961518846
2014-02-10,0.02556460622353677
2014-02-11,0.016750445862116527
2014-02-12,0.035023683741959744
2014-02-13,-0.02148291273774938
2014-02-14,0.04480455153678038
2014-02-18,0.018131417514846593
2014-02-19,-0.0035388646630939435
2014-02-20,-0.0061009125924042324
2014-02-21,0.02303685848158484
2014-02-24,-0.009191729195624165
2014-02-25,0.005912386948076609
2014-02-26,-0.003072686127615132
2014-02-27,-0.0011655166963601138
2014-02-28,0.01704931605293854
2014-03-03,-0.041366914384743825
2014-03-04,0.04978792521499368
2014-03-05,0.021135727617254574
2014-03-06,0.013416272883216857
2014-03-07,0.011836738265954105
2014-03-10,-0.022860426092334664
2014-03-11,0.011411862070305052
2014-03-12,-0.04503030564560362
2014-03-13,0.04139215310393251
2014-03-14,-0.0744104977061208
2014-03-17,0.012059650669630662
2014-03-18,0.019980462548053374
2014-03-19,0.028946933340723957
2014-03-20,-0.019404308011415423
2014-03-21,0.05855757235488205
2014-03-24,-0.01817404328904489
2014-03-25,-0.009167546661375831
2014-03-26,0.018303545755127493
2014-03-27,-0.05488750864544312
2014-03-28,-7.566637771268606e-05
2014-03-31,0.02716231870605027
2014-04-01,0.004686432747992297
2014-04-02,0.020632713552312554
2014-04-03,0.010803348075553238
2014-04-04,0.012391813018978442
2014-04-07,-0.04969304698001934
2014-04-08,-0.03225264515504015
2014-04-09,0.022018365994781314
2014-04-10,0.009581983655780519
2014-04-11,-0.07146861551496196
2014-04-14,0.016948636978868947
2014-04-15,0.016725265701215943
2014-04-16,0.03908797066274583
2014-04-17,0.0049693094780233205
2014-04-21,0.01768672668706624
2014-04-22,0.012118472338276565
2014-04-23,0.003911308851144805
2014-04-24,0.019208159020318433
2014-04-25,-0.025851612417310894
2014-04-28,-0.00394908126247447
2014-04-29,0.005527384488597797
2014-04-30,-6.695114272499875e-05
2014-05-01,0.00831187586033825
2014-05-02,0.003295142884388702
2014-05-05,-0.01653884811922294
2014-05-06,0.021950416974185538
2014-05-07,-0.0046993491873530404
2014-05-08,-0.00022521885406538234
2014-05-09,-0.008909506481770468
2014-05-12,0.01605780625953764
2014-05-13,0.017502632624944038
2014-05-14,-0.012519662389258241
2014-05-15,-0.006420683930255077
2014-05-16,-0.015893019915012907
2014-05-19,0.013883947037925282
2014-05-20,-0.006198347986518674
2014-05-21,-0.0069214483100676905
2014-05-22,-0.003954017910817435
2014-05-23,0.0032078240705430967
2014-05-27,0.023530432894360187
2014-05-28,0.008441529565151946
2014-05-29,0.0013780896619759084
2014-05-30,0.002047779165983717
2014-06-02,0.003676459215774419
2014-06-03,-0.009536221115392502
2014-06-04,0.010541620307518151
2014-06-05,0.015116411208855762
2014-06-06,0.03305319806908609
2014-06-09,-0.00042635878388919135
2014-06-10,-0.01488246232914457
2014-06-11,6.344687002446392e-07
2014-06-12,-6.344682977887928e-07
2014-06-13,-0.00021786046669225456
2014-06-16,-6.344682976777705e-07
2014-06-17,-0.0009808228454674319
2014-06-18,0.009502282495068645
2014-06-19,0.003165533487655765
2014-06-20,0.01368646814429253
2014-06-23,0.014075860945289044
2014-06-24,-0.011534835350146431
2014-06-25,-0.0326204920075055
2014-06-26,0.024603993024942573
2014-06-27,-0.007835133820362605
2014-06-30,0.012512978467744832
2014-07-01,0.011602010137852966
2014-07-02,0.033286995329508
2014-07-03,0.0066221785482006475
2014-07-07,0.010241893039504069
2014-07-08,-0.014208595973215738
2014-07-09,-0.014354855151796981
2014-07-10,-0.024025605433190655
2014-07-11,0.02990787237822134
2014-07-14,0.01821361351776048
2014-07-15,0.010372917469859392
2014-07-16,0.009368215840187172
2014-07-17,-0.011467812046547638
2014-07-18,-0.007782584632154939
2014-07-21,0.011249976733583337
2014-07-22,0.024282500897447653
2014-07-23,0.006105468786074151
2014-07-24,0.00021854254717390553
2014-07-25,-0.00021849479676450123
2014-07-28,0.0
2014-07-29,0.00021854254717390553
2014-07-30,-0.0012000000000000001
2014-07-31,-0.03221601712500748
2014-08-01,0.00275450135906663
2014-08-04,0.008317616921862909
2014-08-05,-0.004283729096194085
2014-08-06,0.012065313566485214
2014-08-07,-0.004902496725295339
2014-08-08,0.010097357609047434
2014-08-11,-0.002768154616644443
2014-08-12,-0.0030772094518322956
2014-08-13,0.012428116592746712
2014-08-14,-0.0007052079161494005
2014-08-15,0.01580444510225224
2014-08-18,0.0029731388260433676
2014-08-19,0.008886847560906295
2014-08-20,-0.02030744026370738
2014-08-21,0.007477860073464996
2014-08-22,0.0027254613482537247
2014-08-25,0.0075486814317050985
2014-08-26,-0.002583105423234181
2014-08-27,0.00397350225727137
2014-08-28,-0.025008616773731302
2014-08-29,0.016896875115824862
2014-09-02,0.011275478819873341
2014-09-03,0.027959964134395866
2014-09-04,-0.02121467898566809
2014-09-05,-0.008288218838516678
2014-09-08,0.01625149270130007
2014-09-09,-0.014211636675219887
2014-09-10,-0.055807459187763135
2014-09-11,-1.6875758135359575e-07
2014-09-12,0.0
2014-09-15,0.0
2014-09-16,0.0002185425471736835
2014-09-17,0.0
2014-09-18,1.6875760988632749e-07
2014-09-19,-0.00021849479676450123
2014-09-22,0.0
2014-09-23,0.0
2014-09-24,0.00021854254717390553
2014-09-25,-0.00021849479676450123
2014-09-26,0.0
2014-09-29,0.00021837375271172021
2014-09-30,-0.00021832607602711995
2014-10-01,0.00021854254717390553
2014-10-02,-0.0006184947967645012
2014-10-03,-0.006396740287366291
2014-10-06,0.004774598060229766
2014-10-07,0.0060955032549687704
2014-10-08,0.009333863027967126
2014-10-09,-0.0012920668757603335
2014-10-10,0.001978654682630291
2014-10-13,0.004948798132281477
2014-10-14,0.009594656601166577
2014-10-15,0.02641953782059795
2014-10-16,-0.002939729466283144
2014-10-17,-0.023150895345946165
2014-10-20,0.005284044762500217
2014-10-21,-0.00715201181050366
2014-10-22,-0.0048439810460984885
2014-10-23,-0.000987940197898917
2014-10-24,-0.0012206430350182687
2014-10-27,-0.0013899281840865781
2014-10-28,0.008951046116630727
2014-10-29,-0.0036781316425191406
2014-10-30,0.010937325968066618
2014-10-31,-1.398597733182072e-07
2014-11-03,0.00021873020882368088
2014-11-04,-0.0014186823763817848
2014-11-05,0.019509123071051584
2014-11-06,-1.398597733182072e-07
2014-11-07,-0.001199860140207142
2014-11-10,0.004092684701130889
2014-11-11,0.01295380082823579
2014-11-12,-0.013376120407393591
2014-11-13,0.01693287372202142
2014-11-14,0.0028773622585968575
2014-11-17,0.00021845042811352577
2014-11-18,-0.00021840271794626442
2014-11-19,0.00021859031845883337
2014-11-20,-0.0002185425471737945
2014-11-21,0.0
2014-11-24,-1.398597733182072e-07
2014-11-25,0.0
2014-11-26,1.3985979285813244e-07
2014-11-28,-1.398597733182072e-07
2014-12-01,1.3985979285813244e-07
2014-12-02,0.00021859031845883337
2014-12-03,-0.0002185425471737945
2014-12-04,0.0
2014-12-05,-1.398597733182072e-07
2014-12-08,0.00021859031845883337
2014-12-09,1.3985979285813244e-07
2014-12-10,-0.0002185425471737945
2014-12-11,0.0
2014-12-12,-0.00040013985977331817
2014-12-15,0.0016397482622639477
2014-12-16,0.013901219042565064
2014-12-17,-0.003909215145455391
2014-12-18,-0.015875121136871655
2014-12-19,-0.0034299604340531616
2014-12-22,0.0
2014-12-23,0.00021872154669999588
2014-12-24,-0.00021910280188630615
2014-12-26,4.291778741283281e-07
2014-12-29,0.0
2014-12-30,0.00021872154669999588
2014-12-31,-4.291776899423283e-07
2015-01-02,-0.00021824463402198013
2015-01-05,-4.291776899423283e-07
2015-01-06,-0.00039957082212587164
2015-01-07,-0.0006524171264030708
2015-01-08,-0.0026091178903565604
2015-01-09,-0.008730347084838958
2015-01-12,0.013968154980013026
2015-01-13,0.0030128127612164914
2015-01-14,0.017765840533003896
2015-01-15,-0.0064352943781219585
2015-01-16,0.010936597407975368
2015-01-20,-0.0016686740646877731
2015-01-21,0.007643019136519916
2015-01-22,-0.00860662032249245
2015-01-23,0.001391340326414451
2015-01-26,0.004754378609237663
2015-01-27,0.0061430893902854646
2015-01-28,-0.0026957568582255025
2015-01-29,-0.004037341814966412
2015-01-30,0.01131908975175002
2015-02-02,-0.030730376653447477
2015-02-03,-0.008609599538683654
2015-02-04,0.015353496025270405
2015-02-05,-0.010752841366749847
2015-02-06,0.003799750855470685
2015-02-09,-0.04370424061014018
2015-02-10,0.007089082623138417
2015-02-11,-0.0029735702166620017
2015-02-12,0.024333598770274856
2015-02-13,0.023344153279518144
2015-02-17,0.011217077521990118
2015-02-18,-0.0003168308855165576
2015-02-19,0.001306561646729154
2015-02-20,0.010307020596727945
2015-02-23,0.02122396880592999
2015-02-24,0.0009746084507284238
2015-02-25,0.0041726232460058315
2015-02-26,-0.004330062012975662
2015-02-27,0.00732796611481438
2015-03-02,-0.008907083676636618
2015-03-03,0.015167797322272579
2015-03-04,-0.01937160634540965
2015-03-05,0.00445028777057003
2015-03-06,-0.013411270317933505
2015-03-09,-0.026191196133535707
2015-03-10,-0.016238739736932423
2015-03-11,-0.02876740880277654
2015-03-12,-0.018224330465448503
2015-03-13,0.025939966003574545
2015-03-16,-0.00250970491655352
2015-03-17,0.013830829628715438
2015-03-18,-0.0006546138345261623
2015-03-19,-0.0012000000000000001
2015-03-20,0.009380951069803576
2015-03-23,-0.00120047760675026
2015-03-24,-0.011165520791652523
2015-03-25,-0.009081439585978216
2015-03-26,-0.07125768761604344
2015-03-27,0.019568421963949884
2015-03-30,0.044216431755795295
2015-03-31,0.004243414485822106
2015-04-01,0.008726054688700247
2015-04-02,-0.0015641885528456787
2015-04-06,0.006851013296402733
2015-04-07,0.0386183546503908
2015-04-08,0.045246578462886634
2015-04-09,0.025679610775928213
2015-04-10,0.008291171912207334
2015-04-13,0.040309849620401295
2015-04-14,-0.03233695426606127
2015-04-15,0.01685198036250705
2015-04-16,0.01567255664892227
2015-04-17,-0.05767359725517185
2015-04-20,0.011323927205627136
2015-04-21,0.053557629040940594
2015-04-22,0.007928601152666432
2015-04-23,-0.01065124169828413
2015-04-24,0.031260419453026
2015-04-27,0.023502836564184355
2015-04-28,-0.014683596394703253
2015-04-29,-0.018487096145974324
2015-04-30,-0.019521608353799347
2015-05-01,-0.011782972177418265
2015-05-04,0.02220874736121292
2015-05-05,-0.0224158417245562
2015-05-06,-0.024020582806676183
2015-05-07,-0.04664857604143883
2015-05-08,0.05772129345162365
2015-05-11,0.015889758645574993
2015-05-12,-0.026921482880331915
2015-05-13,0.012567230732060045
2015-05-14,0.015597353491465514
2015-05-15,0.018720721067643886
2015-05-18,-0.010921073804149601
2015-05-19,0.020448134431573745
2015-05-20,0.003038091513518193
2015-05-21,-0.010269544744108756
2015-05-22,0.0005639291168381509
2015-05-26,-0.0066450232375862735
2015-05-27,-0.01799050203053435
2015-05-28,0.025554824503059827
2015-05-29,-0.000791431165782619
2015-06-01,-0.002891876385763232
2015-06-02,-0.01891123019384444
2015-06-03,0.005801687383341377
2015-06-04,-0.028408508778782794
2015-06-05,-0.013063290584078919
2015-06-08,-0.003937398755378373
2015-06-09,0.0
2015-06-10,-0.00021866790802305136
2015-06-11,0.0002184551873551932
2015-06-12,0.00021914371045683723
2015-06-15,-3.2639038949344723e-07
2015-06-16,-0.0004371949440623579
2015-06-17,0.0002185211023559841
2015-06-18,0.00021907779541496808
2015-06-19,-0.0002187693780273392
2015-06-22,-0.00021866790802305136
2015-06-23,-0.0012000659006000882
2015-06-24,-0.006131706275898931
2015-06-25,6.590060430688993e-08
2015-06-26,-0.00021879968039806297
2015-06-29,6.590060452893454e-08
2015-06-30,0.0002187816491527883
2015-07-01,0.0
2015-07-02,0.0
2015-07-06,-0.00021873379421255557
2015-07-07,-6.590060008804244e-08
2015-07-08,0.00021878164915301035
2015-07-09,-0.0002187337942127776
2015-07-10,0.00021878164915301035
2015-07-13,-0.0002187337942127776
2015-07-14,6.590060452893454e-08
2015-07-15,0.00021871573413512202
2015-07-16,-0.0002187337942127776
2015-07-17,0.00021884756417511753
2015-07-20,-0.00021879968039806297
2015-07-21,0.00021884756417511753
2015-07-22,-6.590059986599783e-08
2015-07-23,-0.0002187337942127776
2015-07-24,6.590060452893454e-08
2015-07-27,-6.590060008804244e-08
2015-07-28,0.00021878164915301035
2015-07-29,6.590060430688993e-08
2015-07-30,-0.00021873379421255557
2015-07-31,0.0
2015-08-03,0.0002187816491527883
2015-08-04,-0.00021879968039806297
2015-08-05,0.0
2015-08-06,0.00021878164915301035
2015-08-07,0.0
2015-08-10,-0.00021866790802305136
2015-08-11,-6.590060008804244e-08
2015-08-12,0.00021878164915301035
2015-08-13,0.0
2015-08-14,-0.00021892221085140218
2015-08-17,-0.00021886512173929784
2015-08-18,1.8845789639954091e-07
2015-08-19,0.00021897894919797878
2015-08-20,-0.00021893100791592346
2015-08-21,0.0004377425774746424
2015-08-24,0.0
2015-08-25,-0.0006187337942127776
2015-08-26,-0.012031476327755475
2015-08-27,-0.00979740864553998
2015-08-28,0.010903259043814506
2015-08-31,0.0019004342009553512
2015-09-01,-0.012661736068675383
2015-09-02,-0.00021879968039806297
2015-09-03,0.00021884756417511753
2015-09-04,-0.00021879968039806297
2015-09-08,0.0
2015-09-09,0.0
2015-09-10,-1.8845786076138182e-07
2015-09-11,-0.0002186767050897931
2015-09-14,0.0
2015-09-15,0.00043755403711776
2015-09-16,-0.0004375510427534479
2015-09-17,0.0
2015-09-18,0.00021891303416721186
2015-09-21,-0.0002186767050897931
2015-09-22,0.00021891303416698982
2015-09-23,-1.8845786076138182e-07
2015-09-24,0.0
2015-09-25,-0.00021886512173929784
2015-09-28,0.00021910153331927695
2015-09-29,-0.00021886512173918682
2015-09-30,-0.0001812754649495481
2015-10-01,0.007885754490638034
2015-10-02,0.011848391646217314
2015-10-05,-0.014545633255359217
2015-10-06,-0.00961871335579978
2015-10-07,0.001307696770425778
2015-10-08,0.0
2015-10-09,0.0
2015-10-12,0.00021891303416721186
2015-10-13,-0.00021886512173929784
2015-10-14,0.0
2015-10-15,0.0
2015-10-16,0.00021891303416721186
2015-10-19,-0.00021886512173929784
2015-10-20,-2.720495443364612e-07
2015-10-21,-0.00021855755322153225
2015-10-22,0.00021887744015769428
2015-10-23,-0.00021882954330731952
2015-10-26,0.00021860533106776714
2015-10-27,-0.00021882954330743054
2015-10-28,0.0
2015-10-29,0.00021887744015769428
2015-10-30,-0.00021882954330743054
2015-11-02,0.0
2015-11-03,0.00021914954932156228
2015-11-04,-0.001419101533319277
2015-11-05,-0.009384436919160893
2015-11-06,0.0
2015-11-09,2.7204961838833697e-07
2015-11-10,0.00021860533106776714
2015-11-11,-0.00021855755322153225
2015-11-12,0.0
2015-11-13,0.00021860533106776714
2015-11-16,2.7204961838833697e-07
2015-11-17,-0.00021910153331927695
2015-11-18,0.0
2015-11-19,0.00021914954932156228
2015-11-20,-2.720495443364612e-07
2015-11-23,-0.00021855755322153225
2015-11-24,-2.7204954444748353e-07
2015-11-25,0.0
2015-11-27,2.7204961838833697e-07
2015-11-30,0.00021887744015769428
2015-12-01,-2.720495443364612e-07
2015-12-02,0.0
2015-12-03,2.7204961838833697e-07
2015-12-04,0.0
2015-12-07,-0.00021882954330731952
2015-12-08,0.00021860533106776714
2015-12-09,-0.00021891511112037687
2015-12-10,0.00021896304543989054
2015-12-11,-0.00021855755322153225
2015-12-14,0.0
2015-12-15,-2.7204954444748353e-07
2015-12-16,0.00021914954932156228
2015-12-17,-0.00021910153331927695
2015-12-18,2.7204961838833697e-07
2015-12-21,-2.7204954444748353e-07
2015-12-22,0.0
2015-12-23,0.00021887744015769428
2015-12-24,-0.00021855755322153225
2015-12-28,0.00021860533106776714
2015-12-29,0.0
2015-12-30,2.7204961838833697e-07
2015-12-31,-2.720495443364612e-07
2016-01-04,2.7204961838833697e-07
2016-01-05,-0.00021882954330731952
2016-01-06,-3.576360629864439e-07
2016-01-07,0.00021896304543989054
2016-01-08,-0.00021882954330743054
2016-01-11,-0.00039999999999999996
2016-01-12,0.00235067070749991
2016-01-13,0.009715971352529143
2016-01-14,0.007580078875900323
2016-01-15,0.007223880829800929
2016-01-19,-0.002277493001407116
2016-01-20,0.01464762093015189
2016-01-21,-7.653263463081038e-05
2016-01-22,-0.015920809970800105
2016-01-25,0.008435240519935642
2016-01-26,0.0004320105743160033
2016-01-27,-0.0017258995204660899
2016-01-28,-0.0018414203610301512
2016-01-29,0.014267261215581046
2016-02-01,-0.002780551514129407
2016-02-02,0.010819466313689944
2016-02-03,0.0010369292641589922
2016-02-04,-0.0004811371142077932
2016-02-05,-0.0025604763273724775
2016-02-08,0.014278120917445845
2016-02-09,0.017592996447068642
2016-02-10,-0.007822666469720407
2016-02-11,0.05127969095320346
2016-02-12,-0.016823403913895068
2016-02-16,-0.028063234544897415
2016-02-17,-0.010432467578170918
2016-02-18,-0.003677151505089071
2016-02-19,0.0264824759717767
2016-02-22,-0.010623535301705565
2016-02-23,-0.0021234177807461694
2016-02-24,0.03259100462478681
2016-02-25,-0.01645754566928181
2016-02-26,-0.009710094203578601
2016-02-29,0.003733004153905354
2016-03-01,0.01214058861238454
2016-03-02,-0.02432942796463245
2016-03-03,0.01670337574808885
2016-03-04,0.008377283804244849
2016-03-07,-0.0032673234752902403
2016-03-08,0.011061124162559851
2016-03-09,-0.021750525849886754
2016-03-10,0.01565859997540775
2016-03-11,0.002347746422887412
2016-03-14,4.1705514558065815e-05
2016-03-15,-0.015206149862701968
2016-03-16,-0.0055397159069697395
2016-03-17,0.049637553013401225
2016-03-18,0.01784369834505084
2016-03-21,-0.015935245900101237
2016-03-22,-0.006392731159669356
2016-03-23,-0.010250277083077831
2016-03-24,-0.01992454637915634
2016-03-28,0.01190173015409098
2016-03-29,0.008165646581948441
2016-03-30,0.053222028117137464
2016-03-31,-0.007723943481691881
2016-04-01,-0.010172132014155417
2016-04-04,0.0300981980936937
2016-04-05,-0.029218247199547943
2016-04-06,-0.0058508216746112245
2016-04-07,0.0033499890846057086
2016-04-08,-0.0016064426771584817
2016-04-11,0.0058367882179354656
2016-04-12,-0.015862990530921772
2016-04-13,0.036268138257126305
2016-04-14,-0.0004004106447895355
2016-04-15,-0.004425597097754289
2016-04-18,-0.007981556548304977
2016-04-19,0.03039421530686244
2016-04-20,-0.005524689695240633
2016-04-21,-0.01875109468541617
2016-04-22,-0.04103796099660924
2016-04-25,0.002757423768649847
2016-04-26,0.020706005003368277
2016-04-27,-0.02125538893500467
2016-04-28,0.00788166710738388
2016-04-29,0.002574354618760877
2016-05-02,0.008012924340310644
2016-05-03,0.0087294661529983
2016-05-04,-0.016933888325939523
2016-05-05,0.025384492089642295
2016-05-06,0.008558261131195325
2016-05-09,-0.0005605079091622151
2016-05-10,0.011189351537608323
2016-05-11,0.0041969929008445215
2016-05-12,-0.023852145016514927
2016-05-13,-0.004261734322308178
2016-05-16,0.005537796877479572
2016-05-17,-0.0022637447380337754
2016-05-18,-0.015377095490589372
2016-05-19,-0.02246229334764538
2016-05-20,0.010399806060340966
2016-05-23,-7.414495502518648e-05
2016-05-24,-0.0033468615270255313
2016-05-25,0.001192003694365746
2016-05-26,0.009259603896387063
2016-05-27,0.003090158176181153
2016-05-31,0.0057766071038981934
2016-06-01,0.0029311398110409455
2016-06-02,0.006357386925294047
2016-06-03,0.01396766462190091
2016-06-06,-0.0004939365420139807
2016-06-07,0.001469401198167704
2016-06-08,0.009156592193711713
2016-06-09,0.0008607055875644223
2016-06-10,-0.003838180406845507
2016-06-13,-0.015397878549801309
2016-06-14,-0.0009495697178146072
2016-06-15,0.006514316736038417
2016-06-16,-0.016911968956069424
2016-06-17,0.012660900194404136
2016-06-20,-0.01767104828074373
2016-06-21,-0.0020562440687089305
2016-06-22,-0.008829416521268008
2016-06-23,-0.006649367183523011
2016-06-24,0.04568461424150393
2016-06-27,-0.029640843069826985
2016-06-28,-0.00567279256216909
2016-06-29,0.060728531899818375
2016-06-30,0.02929989928693466
2016-07-01,0.027537244466286175
2016-07-05,0.00976153062045711
2016-07-06,0.025271759211054214
2016-07-07,-0.01284949480631196
2016-07-08,0.0015906869967187527
2016-07-11,0.009019516534168734
2016-07-12,-0.008421597679309906
2016-07-13,0.011211934817071723
2016-07-14,-0.020108687570573675
2016-07-15,-0.010812711989759822
2016-07-18,0.005807078500962145
2016-07-19,0.00616102387562171
2016-07-20,0.012010398599144137
2016-07-21,0.019974161540927977
2016-07-22,-0.017762081883012128
2016-07-25,0.015104707096527187
2016-07-26,0.0005458065071756908
2016-07-27,0.008314243019492424
2016-07-28,-0.013174266988571862
2016-07-29,0.014143655989023635
2016-08-01,0.013738566595560792
2016-08-02,0.0026594935069926087
2016-08-03,-0.02761617417844745
2016-08-04,0.00551842274947778
2016-08-05,0.012003828541532886
2016-08-08,0.011063690419261215
2016-08-09,-0.00034481495755204605
2016-08-10,0.01936563992807209
2016-08-11,-0.008527007725477431
2016-08-12,0.006413589390475871
2016-08-15,0.02151687495041162
2016-08-16,0.009702898456994938
2016-08-17,-0.011629204154484318
2016-08-18,-0.0007257056453660407
2016-08-19,0.009466671165378804
2016-08-22,0.006109411549913142
2016-08-23,0.016526914912812808
2016-08-24,-0.003920647866673714
2016-08-25,-0.019828109533260155
2016-08-26,0.006253010951287052
2016-08-29,0.0029231024928453313
2016-08-30,-0.0005487714389301366
2016-08-31,-0.00874118977969888
2016-09-01,0.0007391196593267146
2016-09-02,0.02710490886230706
2016-09-06,0.00017655243714394784
2016-09-07,-0.006917723425154472
2016-09-08,-0.010109104997936822
2016-09-09,-0.021408467394845993
2016-09-12,-0.08339471941411358
2016-09-13,0.048816390682154896
2016-09-14,-0.01695399600638773
2016-09-15,-0.0007959052897534105
2016-09-16,0.023623979208184116
2016-09-19,0.008340551639659077
2016-09-20,0.00012426402798382404
2016-09-21,-0.0003351228464280043
2016-09-22,0.0378828995411753
2016-09-23,-0.006565402100041676
2016-09-26,-0.03375222074683837
2016-09-27,-0.009827102889660894
2016-09-28,0.030080666891364457
2016-09-29,0.0027337760852156334
2016-09-30,-0.008946787621023558
2016-10-03,0.002799090808187299
2016-10-04,0.005565199789685134
2016-10-05,-0.008786573302177062
2016-10-06,0.0035854666305585496
2016-10-07,0.012913939565009006
2016-10-10,0.004046549854800055
2016-10-11,-0.009958036869164704
2016-10-12,-0.03595880446596004
2016-10-13,-0.018826477712120537
2016-10-14,0.017087634480572746
2016-10-17,-0.015850091229282305
2016-10-18,0.020130241262836798
2016-10-19,-0.00825609577251644
2016-10-20,-0.0012903372223123468
2016-10-21,-0.002723224213650788
2016-10-24,0.023199679571963852
2016-10-25,0.010266396612532
2016-10-26,-0.02404201993381745
2016-10-27,0.014204028130031816
2016-10-28,-0.02271984027230474
2016-10-31,0.001582720578977903
2016-11-01,-0.0027380190376824105
2016-11-02,-0.03460325293409775
2016-11-03,-0.017992675084805176
2016-11-04,-0.020069998765779824
2016-11-07,0.04254698652355082
2016-11-08,0.02026283912118498
2016-11-09,-0.01777792648677556
2016-11-10,0.0734014015653405
2016-11-11,-0.03774512678364185
2016-11-14,-0.00021889856172507827
2016-11-15,0.00021916365338081611
2016-11-16,-0.0012000000000000001
2016-11-17,0.024961793241792502
2016-11-18,4.291778741283281e-07
2016-11-21,-4.776067502598735e-07
2016-11-22,-0.0015333333333333334
2016-11-23,-0.006182236390478287
2016-11-25,0.017632516724688314
2016-11-28,-0.001860925262297826
2016-11-29,-0.04324696403054499
2016-11-30,0.05482603279288697
2016-12-01,-0.031005208280696375
2016-12-02,-0.04093307913650984
2016-12-05,-0.0012000000000000001
2016-12-06,0.009830085127956615
2016-12-07,-0.0022271751331038856
2016-12-08,0.045848137956809934
2016-12-09,0.01593130990104874
2016-12-12,0.025248588090816648
2016-12-13,-0.008775888078173939
2016-12-14,-0.007647304400422234
2016-12-15,-0.026108715207894814
2016-12-16,0.04483292734985755
2016-12-19,-0.022247049445659323
2016-12-20,0.02986510174844714
2016-12-21,-0.0021967778163831655
2016-12-22,0.003670194487166471
2016-12-23,-0.01989724561005479
2016-12-27,0.020345802302166538
2016-12-28,0.03238990319464781
2016-12-29,-0.06476560504807508
2016-12-30,0.0035453859779960664
2017-01-03,-0.009220985101090522
2017-01-04,0.010088588329675444
2017-01-05,0.010153442412198732
2017-01-06,0.009285797085461697
2017-01-09,0.017371458713891563
2017-01-10,2.1515622559179935e-05
2017-01-11,0.0006367232727322686
2017-01-12,0.0020765017623676956
2017-01-13,0.005517884688947279
2017-01-17,-0.004010553977561707
2017-01-18,0.004554539546146448
2017-01-19,0.0033813315128408865
2017-01-20,0.004044998157479607
2017-01-23,-0.003056656548198236
2017-01-24,0.006267853428655619
2017-01-25,0.0538396042816925
2017-01-26,0.01154126858580969
2017-01-27,0.0005462098051505955
2017-01-30,-0.006429420682157719
2017-01-31,-0.020845131186086552
2017-02-01,0.02166704265480246
2017-02-02,-0.01106777684431226
2017-02-03,0.018940320830577763
2017-02-06,0.002647077988252553
2017-02-07,0.00591028904117293
2017-02-08,-0.009349151815580232
2017-02-09,0.016007453483727486
2017-02-10,0.01834625747212907
2017-02-13,0.014559976970999793
2017-02-14,0.01661028375954743
2017-02-15,0.021889606302866328
2017-02-16,0.027533161032883793
2017-02-17,-0.023411514892844505
2017-02-21,0.03997520370432731
2017-02-22,0.01135680517978806
2017-02-23,0.00756036099723667
2017-02-24,-0.05306548950466328
2017-02-27,0.035369161015329054
2017-02-28,0.012196737939137782
2017-03-01,0.01098176870055941
2017-03-02,0.01842020318813294
2017-03-03,-0.018804968491405522
2017-03-06,-0.005831483745068995
2017-03-07,0.002021696542565047
2017-03-08,0.0017717070556400039
2017-03-09,-0.0025754977450256713
2017-03-10,0.015694668493459275
2017-03-13,-0.0019543536915366624
2017-03-14,-0.003281883631061669
2017-03-15,0.005792245212612753
2017-03-16,0.02565250211028891
2017-03-17,-0.004033809985997265
2017-03-20,-0.002960109510981505
2017-03-21,0.017026125640314544
2017-03-22,-0.0814443601567919
2017-03-23,0.019999221534431417
2017-03-24,0.018472838887284643
2017-03-27,-0.04181569909692288
2017-03-28,0.03154595818192
2017-03-29,0.009090708628349523
2017-03-30,0.00038276260197341505
2017-03-31,-4.060929537141964e-05
2017-04-03,0.0043391854398875385
2017-04-04,-0.0184819210878376
2017-04-05,0.01575884491816463
2017-04-06,-0.01711574640316767
2017-04-07,-0.0032317404142795008
2017-04-10,0.006265906599669227
2017-04-11,-0.018270984153334908
2017-04-12,-0.00795045103401452
2017-04-13,-0.013451798151698575
2017-04-17,-0.002598392681065357
2017-04-18,0.008008561189022007
2017-04-19,0.014754190714408939
2017-04-20,-0.0012184656252743527
2017-04-21,0.015991458857792146
2017-04-24,0.02663931636907553
2017-04-25,0.012519420415643134
2017-04-26,0.007775195280531797
2017-04-27,0.0014033901750637083
2017-04-28,0.014882173443682218
2017-05-01,-0.005749014320898063
2017-05-02,0.023909213938704932
2017-05-03,-0.020190867181512192
2017-05-04,-0.005511984943031695
2017-05-05,-0.001778421754966157
2017-05-08,0.019473411536147824
2017-05-09,0.013814681893526526
2017-05-10,0.007596651390568902
2017-05-11,0.010350701911008248
2017-05-12,0.012470974715918699
2017-05-15,0.01832001223585481
2017-05-16,0.03150141971000808
2017-05-17,-0.022005382225336136
2017-05-18,-0.10017472197639765
2017-05-19,0.07442555017198489
2017-05-22,0.018586681774556503
2017-05-23,0.026665975967963197
2017-05-24,0.0011597930462421057
2017-05-25,0.023988177932187844
2017-05-26,0.0037082260773475166
2017-05-30,0.0024062334171037016
2017-05-31,0.007886482906855377
2017-06-01,0.00013402529264864703
2017-06-02,0.0165933710007935
2017-06-05,0.014177521536190785
2017-06-06,-0.0055826573826697565
2017-06-07,0.012728320873923615
2017-06-08,0.013573329564356603
2017-06-09,0.019936070752447705
2017-06-12,-0.12997351676039165
2017-06-13,0.046511418717746
2017-06-14,0.003692274478095096
2017-06-15,-0.0704902612774364
2017-06-16,0.013349831355288
2017-06-19,0.019874871834122027
2017-06-20,-0.0012086896377881962
2017-06-21,-0.008756354867037519
2017-06-22,0.006342670621760008
2017-06-23,-0.0013425361706449106
2017-06-26,0.02703240465557018
2017-06-27,-0.02255747827287602
2017-06-28,-0.016956488732336385
2017-06-29,0.010403560957715479
2017-06-30,-0.010997939604008225
2017-07-03,0.014580086194250514
2017-07-05,-0.013735672606981608
2017-07-06,-0.010708310715615066
2017-07-07,-0.011654136518362777
2017-07-10,0.006001293263475723
2017-07-11,0.01165630326404558
2017-07-12,0.01715863501066546
2017-07-13,0.014882883524302372
2017-07-14,0.008841118193207804
2017-07-17,0.009151710075808209
2017-07-18,-0.007238265909440507
2017-07-19,0.03428505404455502
2017-07-20,0.0048942624710635405
2017-07-21,-0.009663486248534598
2017-07-24,0.007353183579705898
2017-07-25,0.006041089854496029
2017-07-26,0.0073946269542652186
2017-07-27,0.013952835646146095
2017-07-28,-0.039178148064280875
2017-07-31,0.017955856008755156
2017-08-01,0.009496804011143539
2017-08-02,0.008248954356422884
2017-08-03,-0.011820515486343625
2017-08-04,-0.003065323158132274
2017-08-07,0.0024390517747386875
2017-08-08,0.001225053135342343
2017-08-09,-0.018905458885207595
2017-08-10,0.0005426648566260553
2017-08-11,-0.033707177569895864
2017-08-14,0.023460894590676757
2017-08-15,0.026725621779220367
2017-08-16,0.0005450142064000001
2017-08-17,-0.013532473514203983
2017-08-18,-0.04291722193813693
2017-08-21,0.005058225650262371
2017-08-22,0.015855467374281746
2017-08-23,0.009516260889511925
2017-08-24,0.020675278940010124
2017-08-25,0.0015081112412341047
2017-08-28,0.0005345746442418178
2017-08-29,-0.029635273951084375
2017-08-30,0.026058937028033004
2017-08-31,0.009409143667148808
2017-09-01,0.010786802094770639
2017-09-05,-0.02072983879239102
2017-09-06,-0.007872152545996897
2017-09-07,0.005995813180378228
2017-09-08,0.000954217021620722
2017-09-11,0.004695031873918363
2017-09-12,0.009378923611584248
2017-09-13,-0.008158687396923011
2017-09-14,-0.008192726907688241
2017-09-15,0.010884890944488301
2017-09-18,-0.004178284148117419
2017-09-19,0.00975817124443686
2017-09-20,0.0026127358279537383
2017-09-21,-0.01828272778467432
2017-09-22,-0.019232014315632668
2017-09-25,-0.005309793120107633
2017-09-26,-0.0022950284752096444
2017-09-27,0.01116965764325591
2017-09-28,0.006237964602589814
2017-09-29,0.005539881209994342
2017-10-02,0.017649007133541374
2017-10-03,0.014639296888964554
2017-10-04,0.00028678036317545763
2017-10-05,0.0144506349049498
2017-10-06,0.007812222310590753
2017-10-09,0.021545573692560493
2017-10-10,0.015738121888886642
2017-10-11,-0.011646137576939107
2017-10-12,0.017894655856773856
2017-10-13,-0.0010717690029941052
2017-10-16,0.015233785661987076
2017-10-17,-0.002794641573823253
2017-10-18,0.007275844077696177
2017-10-19,-0.03249578020911285
2017-10-20,0.03363905036219431
2017-10-23,0.002112767033663218
2017-10-24,-0.007058976383493175
2017-10-25,-0.0012681363474240643
2017-10-26,-0.007087533139049492
2017-10-27,0.030044652834337878
2017-10-30,-0.000999992814269989
2017-10-31,0.037367324833597095
2017-11-01,0.037409774477865344
2017-11-02,-0.026572958481682986
2017-11-03,0.02168856749812746
2017-11-06,0.027536828880610303
2017-11-07,0.013087806390722637
2017-11-08,-0.003556439884907503
2017-11-09,-0.013640804885184338
2017-11-10,-0.01042595369508176
2017-11-13,0.000218685941956398
2017-11-14,0.0
2017-11-15,-0.00021863812887135126
2017-11-16,3.1292501034840825e-07
2017-11-17,-0.0012003129249123158
2017-11-20,-0.00530028968428094
2017-11-21,0.02550678954453023
2017-11-22,0.014683989833192745
2017-11-24,-0.0013893705005616113
2017-11-27,-0.00493409372484536
2017-11-28,0.004031357867983883
2017-11-29,0.008253643875836972
2017-11-30,-0.02645718240146866
2017-12-01,-0.0009738554426084178
2017-12-04,0.021572961684534375
2017-12-05,-0.05015656575961317
2017-12-06,-0.021045656521352114
2017-12-07,-0.002233287696475905
2017-12-08,0.022518147309447414
2017-12-11,0.007289597696360062
2017-12-12,0.0030103594545326158
2017-12-13,0.011650828436924554
2017-12-14,-0.006857506391815963
2017-12-15,-0.0029038322605668965
2017-12-18,0.03425660418299421
2017-12-19,0.004744031601631949
2017-12-20,-0.024537600993044972
2017-12-21,-0.0014239483433419766
2017-12-22,-0.014451545455746635
2017-12-26,-0.007254291031435562
2017-12-27,0.01050187639296703
2017-12-28,0.003947088272868603
2017-12-29,0.012159975765120882
2018-01-02,-0.0017371301532543848
2018-01-03,0.003748503722089124
2018-01-04,0.02267363645819618
2018-01-05,-0.0001093846890136696
2018-01-08,3.276128193174799e-07
2018-01-09,0.0
2018-01-10,0.00010939665533271636
2018-01-11,-0.001091026395577587
2018-01-12,0.004697654042209787
2018-01-16,0.02724126936163351
2018-01-17,-0.015391819497408716
2018-01-18,0.013357188205127544
2018-01-19,-0.007182918585717066
2018-01-22,0.004504154716778822
2018-01-23,0.062487450808626235
2018-01-24,0.028654075553284693
2018-01-25,-0.01875677897534663
2018-01-26,0.0013736752751485354
2018-01-29,0.004388689485645414
2018-01-30,-0.043807603443411204
2018-01-31,0.015110505547348977
2018-02-01,-0.019549885678973606
2018-02-02,-0.019420503584403663
2018-02-05,0.0009363368281773236
2018-02-06,-0.0023324717201646714
2018-02-07,-0.005599338457064136
2018-02-08,-0.0037670906679385663
2018-02-09,-0.0016154868356697432
2018-02-12,0.007868073670026138
2018-02-13,0.0038852216681402037
2018-02-14,0.0017739028796399288
2018-02-15,0.008720383072453486
2018-02-16,0.004652953931555804
2018-02-20,-0.004992714452384731
2018-02-21,-0.004759505999780071
2018-02-22,-0.0031629514461178156
2018-02-23,0.00198858023686362
2018-02-26,0.0015880917376924022
2018-02-27,-0.001969431169659049
2018-02-28,-0.005336847850307598
2018-03-01,-0.004935380983105493
2018-03-02,0.008601018973888392
2018-03-05,-0.0016931600002397793
2018-03-06,0.004823945184657674
2018-03-07,0.00024412492454069695
2018-03-08,-0.00364213351677356
2018-03-09,-0.003769334344648915
2018-03-12,0.0008794393111162557
2018-03-13,-0.00021869762975812446
2018-03-14,0.0
2018-03-15,0.0002190048351762286
2018-03-16,-1.1079567452387806e-07
2018-03-19,0.0
2018-03-20,0.00010920028478467181
2018-03-21,-6.389197354517151e-07
2018-03-22,4.5430978046212545e-07
2018-03-23,0.00021853497518331544
2018-03-26,-0.000799944668816365
2018-03-27,-0.005501313308479175
2018-03-28,0.010052569261315997
2018-03-29,-0.006208206542237785
2018-04-02,0.00812088760652078
2018-04-03,-0.000487791617715209
2018-04-04,0.004218268983495458
2018-04-05,-0.022255983630649734
2018-04-06,0.011507689052666414
2018-04-09,-0.00047206397949091833
2018-04-10,0.006954232387105611
2018-04-11,0.010415565607366074
2018-04-12,-0.0065349204189603105
2018-04-13,0.0009406316603682114
2018-04-16,-0.000927783072639706
2018-04-17,-0.007487157288703528
2018-04-18,0.029119933059012986
2018-04-19,-0.003930285163908845
2018-04-20,-0.024344674390013716
2018-04-23,-0.01129816135648017
2018-04-24,0.00925489356136624
2018-04-25,-0.002986627007248314
2018-04-26,0.0021044718578226984
2018-04-27,-0.0025040593559479732
2018-04-30,-0.011207169770317955
2018-05-01,-0.002991997215500896
2018-05-02,-0.001141770998164607
2018-05-03,0.010623706422420815
2018-05-04,-0.002960675018751931
2018-05-07,0.000947700155939317
2018-05-08,-0.007704855049351366
2018-05-09,0.009383727744703366
2018-05-10,0.003711177706122563
2018-05-11,0.00850478603203153
2018-05-14,-0.0018232583334022818
2018-05-15,-0.01977597376131542
2018-05-16,-0.0017064277844825106
2018-05-17,-0.001090687035732695
2018-05-18,0.001477305997479121
2018-05-21,0.008494204840272487
2018-05-22,0.016313317583407518
2018-05-23,-0.03846341858320642
2018-05-24,-0.0010574242724272747
2018-05-25,-0.042069248413986335
2018-05-29,-0.03874426709564105
2018-05-30,0.015599491119961123
2018-05-31,0.004125513852068518
2018-06-01,0.00010840345223617209
2018-06-04,0.027904979185800666
2018-06-05,0.013914007709371382
2018-06-06,-0.0024664647848038333
2018-06-07,0.015195748529968743
2018-06-08,-0.04968035241987197
2018-06-11,0.012278917494178273
2018-06-12,0.009277682434816562
2018-06-13,0.01021499645465703
2018-06-14,0.0001446292468011423
2018-06-15,-0.002862330526009852
2018-06-18,-0.017295202909797764
2018-06-19,-0.017065840943646937
2018-06-20,0.033249849930715
2018-06-21,0.006829428017421664
2018-06-22,-0.017731741492632198
2018-06-25,-0.03644824462906045
2018-06-26,-0.02666313404780033
2018-06-27,0.008917463117677457
2018-06-28,-0.013347761391083882
2018-06-29,0.03182838118111997
2018-07-02,-0.009399077108812676
2018-07-03,0.01669854554024819
2018-07-05,-0.003664976330019497
2018-07-06,-0.0016371762037489992
2018-07-09,0.015630787731024477
2018-07-10,-0.001078712647122486
2018-07-11,-0.005665928595603922
2018-07-12,-0.029406370990118665
2018-07-13,0.027371446202709183
2018-07-16,-0.0030805671739712413
2018-07-17,-0.027466889749088397
2018-07-18,0.020810655679197855
2018-07-19,-0.011775441657225029
2018-07-20,-0.0005150525092437002
2018-07-23,-0.00905767210764093
2018-07-24,0.03981324866025182
2018-07-25,-0.011375165793789535
2018-07-26,0.0023964747060958302
2018-07-27,0.007206928899953964
2018-07-30,-0.045431536481071046
2018-07-31,-0.025981896930289034
2018-08-01,0.014819932226690572
2018-08-02,-0.02110775151351533
2018-08-03,0.012112267875583725
2018-08-06,0.016138581725661034
2018-08-07,0.013426695190647615
2018-08-08,-0.009826629486511435
2018-08-09,-0.005518153896758987
2018-08-10,-0.02212453175106236
2018-08-13,0.0010390264178386694
2018-08-14,-0.00012099435643560719
2018-08-15,-0.011221133646528509
2018-08-16,0.010363481256041437
2018-08-17,0.001974828751308536
2018-08-20,0.02262572021805124
2018-08-21,-0.0006375419061922512
2018-08-22,-0.00937196519286983
2018-08-23,0.00017996046844019132
2018-08-24,0.013316749293141118
2018-08-27,0.03270636851132728
2018-08-28,0.0192727115532915
2018-08-29,-0.0009795396411198163
2018-08-30,0.015474995026221591
2018-08-31,-0.011489195494254126
2018-09-04,-0.0013687824515961806
2018-09-05,-0.016067673723663096
2018-09-06,-0.015865526441221262
2018-09-07,-0.03720865387181918
2018-09-10,0.007582489567658168
2018-09-11,-0.012547605172708032
2018-09-12,0.021176068713923593
2018-09-13,0.010283459775423479
2018-09-14,0.00955816920924657
2018-09-17,-0.01127347782423497
2018-09-18,-0.016550932945779435
2018-09-19,0.009466286219997197
2018-09-20,-0.003886915598008911
2018-09-21,0.02349837435627644
2018-09-24,-0.0327960254279405
2018-09-25,0.018535844985852735
2018-09-26,0.00018059160537372198
2018-09-27,0.0019378381035859054
2018-09-28,-0.0005824040197594704
2018-10-01,0.02676015147198966
2018-10-02,0.012554391789382374
2018-10-03,0.0028023916763404806
2018-10-04,-0.005012505398975946
2018-10-05,-0.03515981373674211
2018-10-08,-0.03250568788495696
2018-10-09,0.003105368195845096
2018-10-10,0.0021123948685259535
2018-10-11,-0.11989825756545834
2018-10-12,0.0
2018-10-15,-0.0010913890054179633
2018-10-16,-0.0026684618306905454
2018-10-17,0.014650773789433467
2018-10-18,-0.0383320239357748
2018-10-19,-0.00028285247709764144
2018-10-22,9.166517545011743e-09
2018-10-23,0.0
2018-10-24,0.0003274323687962877
2018-10-25,-2.9797157519162454e-07
2018-10-26,0.00021919343020981863
2018-10-29,0.0
2018-10-30,0.00010913416287516853
2018-10-31,-2.1465202848514053e-07
2018-11-01,0.00021842029287877374
2018-11-02,-0.00010936077334999794
2018-11-05,0.00010950071414339568
2018-11-06,0.00010936077334999794
2018-11-07,0.00010947676658057404
2018-11-08,-0.0010907368098717275
2018-11-09,-0.010319517088374048
2018-11-12,-0.02235896452824543
2018-11-13,-0.00010937467898120001
2018-11-14,0.00010938664311010982
2018-11-15,0.00021817949367819445
2018-11-16,-0.00029079648050349643
2018-11-19,0.002699870050120475
2018-11-20,0.006665743204037048
2018-11-21,-0.002408226717663016
2018-11-23,0.0064431853927071625
2018-11-26,-0.006517767849859838
2018-11-27,-0.0010188404839011067
2018-11-28,0.0008176375668584127
2018-11-29,-5.8637154031759815e-05
2018-11-30,0.0036139814332500166
2018-12-03,-0.003325466825814101
2018-12-04,0.01882941375108745
2018-12-06,0.015007862931274502
2018-12-07,-0.005840013610543574
2018-12-10,0.00835003230769408
2018-12-11,0.0005175843263811155
2018-12-12,-0.00271485074601537
2018-12-13,-0.003035089865727906
2018-12-14,-0.0034378084501776036
2018-12-17,0.003872631290537868
2018-12-18,0.008786455175614197
2018-12-19,0.011386026567978453
2018-12-20,0.019555365081402876
2018-12-21,-0.0055911663196294885
2018-12-24,0.0021304088440848483
2018-12-26,0.00465443391690908
2018-12-27,0.0006052173770560628
2018-12-28,-0.006383791563027745
2018-12-31,0.003873698631880214
2019-01-02,0.010535644019224872
2019-01-03,0.00754795187735513
2019-01-04,-0.0012767690835192211
2019-01-07,0.004307065248843241
2019-01-08,-0.013146757875091342
2019-01-09,-0.0019126273578836373
2019-01-10,-0.006185521577840729
2019-01-11,0.01879126559005221
2019-01-14,0.0024855050625150663
2019-01-15,-0.004841586429851033
2019-01-16,0.0026676872442485964
2019-01-17,0.01101054653761165
2019-01-18,-0.003780917948464986
2019-01-22,0.0014863502589059037
2019-01-23,-0.007720806661088652
2019-01-24,0.006202075522638332
2019-01-25,0.010528370106136017
2019-01-28,0.011611918623588605
2019-01-29,0.018413565358958325
2019-01-30,0.013257914511067762
2019-01-31,0.023307359927221993
2019-02-01,0.0055602158220728155
2019-02-04,-0.02042247508822233
2019-02-05,0.013156947830618826
2019-02-06,0.00803468050150539
2019-02-07,-0.008493634148292961
2019-02-08,0.014854475060851172
2019-02-11,-0.0002374287427169275
2019-02-12,0.00527624538534773
2019-02-13,-0.01943537804712055
2019-02-14,0.019515871186151758
2019-02-15,-0.0034230087706332837
2019-02-19,0.01993319483049838
2019-02-20,0.004259428186203839
2019-02-21,-0.020293369550128094
2019-02-22,0.004716027571173323
2019-02-25,0.003542888504120211
2019-02-26,-0.007093705251573303
2019-02-27,-0.011366002200995854
2019-02-28,-0.010853989236680978
2019-03-01,-0.012079804055002233
2019-03-04,-0.012445731816126218
2019-03-05,-0.00931176000850579
2019-03-06,0.011130566570763206
2019-03-07,-0.008083094567371996
2019-03-08,-0.017167155928023908
2019-03-11,0.01755953946442109
2019-03-12,0.004935192594455851
2019-03-13,0.016552753803411147
2019-03-14,-0.002247255231566362
2019-03-15,0.00706393588342872
2019-03-18,-0.0037217573099566814
2019-03-19,-0.0019884559273171854
2019-03-20,-0.0009065355212264743
2019-03-21,0.007508250133518635
2019-03-22,0.027262833175553926
2019-03-25,-0.01025482676496577
2019-03-26,0.0018216530544355272
2019-03-27,0.013405992552379842
2019-03-28,-0.001539249456209535
2019-03-29,0.01529344142211423
2019-04-01,0.006068163798968498
2019-04-02,-0.004300362065464211
2019-04-03,0.010812084951614526
2019-04-04,0.0019148105091835914
2019-04-05,-0.0036089900400415966
2019-04-08,0.0047024872866179655
2019-04-09,-9.920145135448389e-05
2019-04-10,-0.009179016855881367
2019-04-11,0.022156442846306725
2019-04-12,0.012494482716873515
2019-04-15,0.004438897411662256
2019-04-16,0.007987590362543448
2019-04-17,0.0345060293384708
2019-04-18,-0.017357720649514352
2019-04-22,-0.011848650029873526
2019-04-23,0.025193516619963274
2019-04-24,0.027836018327184554
2019-04-25,0.005384955527860447
2019-04-26,-0.01601581616429918
2019-04-29,0.009209280748161186
2019-04-30,-0.007315198015617049
2019-05-01,0.022635986364141436
2019-05-02,-0.03279668744593285
2019-05-03,0.008511128442676872
2019-05-06,-0.04763871023891671
2019-05-07,0.01326938504940626
2019-05-08,-0.03617494790930146
2019-05-09,-0.024707373166944747
2019-05-10,0.008418018620405105
2019-05-13,-0.030000785593359575
2019-05-14,-0.0039295407046972715
2019-05-15,0.014513951272366949
2019-05-16,-0.003102693913059322
2019-05-17,0.0022416249541990685
2019-05-20,-0.008346616882849359
2019-05-21,-0.013756735175108002
2019-05-22,0.0035053349707641064
2019-05-23,0.0012546628219975622
2019-05-24,0.013862120358360947
2019-05-28,0.005755561911792124
2019-05-29,-0.020740594672185326
2019-05-30,-0.01316581748555571
2019-05-31,0.020606411673569358
2019-06-03,0.022710823116439266
2019-06-04,-0.0004926811228691981
2019-06-05,-0.004665379027534906
2019-06-06,0.023807642608385488
2019-06-07,0.012914438075616244
2019-06-10,-0.014424942005890506
2019-06-11,-0.006534126947239538
2019-06-12,0.0041346683993068725
2019-06-13,0.009408560855612036
2019-06-14,0.00892997989461978
2019-06-17,0.006689004303364868
2019-06-18,0.023334240926578355
2019-06-19,-0.019047781461808817
2019-06-20,0.04064657996496387
2019-06-21,0.006675907884622133
2019-06-24,-0.012223702415038116
2019-06-25,0.0032867968577147133
2019-06-26,-0.019209724394616323
2019-06-27,-0.008168735651464623
2019-06-28,0.00991444847533233
2019-07-01,0.007223141118132381
2019-07-02,-0.004292564680017966
2019-07-03,0.0231026158870653
2019-07-05,-0.009572387151665715
2019-07-08,0.0002634536150038693
2019-07-09,-0.013199378552854838
2019-07-10,0.02117877385450887
2019-07-11,-0.0012396353659558
2019-07-12,-0.017503152642846038
2019-07-15,0.016503129192121747
2019-07-16,-0.002741988123264279
2019-07-17,-0.00997674551720895
2019-07-18,-0.024617923391094323
2019-07-19,0.030719065288608533
2019-07-22,-0.02473220664624498
2019-07-23,0.015411132560230039
2019-07-24,-0.001670484140989581
2019-07-25,0.010039104685595768
2019-07-26,-0.010489477946423593
2019-07-29,0.005498593836157435
2019-07-30,-0.038188368295753006
2019-07-31,0.022991927847916184
2019-08-01,-0.08457545739814958
2019-08-02,-0.01446910722688129
2019-08-05,-0.017968028466883758
2019-08-06,-0.013414457961739974
2019-08-07,0.01619967115362575
2019-08-08,0.0137504297422929
2019-08-09,0.02364196999473337
2019-08-12,0.01434691139273836
2019-08-13,0.020743440322642782
2019-08-14,-0.0016289877620078164
2019-08-15,0.001848901596835447
2019-08-16,0.009660822413615764
2019-08-19,-0.01317720813747843
2019-08-20,0.018962567435423607
2019-08-21,-0.014364191773510115
2019-08-22,0.00019371614014514638
2019-08-23,-0.0012652543704811206
2019-08-26,0.02314739814995222
2019-08-27,0.013701117900678256
2019-08-28,0.00790651199878789
2019-08-29,0.0003972240374366942
2019-08-30,-0.008099867354586083
2019-09-03,0.002430859984360323
2019-09-04,0.018699765794131643
2019-09-05,0.0011120688311921558
2019-09-06,-0.01689978520180198
2019-09-09,0.0004291572067107365
2019-09-10,-0.03131286557540221
2019-09-11,0.0014911858761973429
2019-09-12,0.02478109045896759
2019-09-13,-0.007134411344494698
2019-09-16,-0.027623704652752618
2019-09-17,0.0024389984808445377
2019-09-18,0.00868120729649043
2019-09-19,0.011558052240207598
2019-09-20,-0.0033525560430353396
2019-09-23,-0.0284578406651141
2019-09-24,0.019700565628876232
2019-09-25,-0.02545687280981379
2019-09-26,0.013323853492081797
2019-09-27,0.013679893295461449
2019-09-30,-0.022811202872906645
2019-10-01,0.012765582746972
2019-10-02,-0.05341775549106657
2019-10-03,-0.031168280938622707
2019-10-04,0.030117063050730218
2019-10-07,-0.0004202589643777326
2019-10-08,0.008734251738526969
2019-10-09,-0.00727018022807735
2019-10-10,-0.017375956993875098
2019-10-11,-0.01877270844312188
2019-10-14,-0.003851560393180649
2019-10-15,0.008287768512929672
2019-10-16,0.0060743422829055245
2019-10-17,0.004186331011569511
2019-10-18,0.0013053453305152218
2019-10-21,0.006099428970688047
2019-10-22,0.022225407405966603
2019-10-23,-0.026263893599550798
2019-10-24,0.021076907836246862
2019-10-25,-0.011361720546810948
2019-10-28,0.00660268031136842
2019-10-29,-0.004308886632769626
2019-10-30,0.006771644476481079
2019-10-31,0.01096590196965726
2019-11-01,-0.004183817864246855
2019-11-04,0.03651862805345455
2019-11-05,-2.7851981711697897e-06
2019-11-06,-0.007413286735102146
2019-11-07,0.014799462757828653
2019-11-08,-0.008190485666356532
2019-11-11,-0.0015201545274109067
2019-11-12,0.019678388273242677
2019-11-13,-0.010965134232535015
2019-11-14,0.007066068138025905
2019-11-15,0.03156689299748976
2019-11-18,0.0032209625363999184
2019-11-19,0.01637957315923222
2019-11-20,-0.014066030793602061
2019-11-21,-0.011591156872545156
2019-11-22,0.001304829989222212
2019-11-25,0.009813310801762471
2019-11-26,0.018555863911473715
2019-11-27,0.012529108122606658
2019-11-29,0.0033925897284570183
2019-12-02,-0.003319759685788754
2019-12-03,-0.06961505834361466
2019-12-04,0.02718194595806718
2019-12-05,0.010846847183605623
2019-12-06,0.02263049165984099
2019-12-09,0.0032241018724806416
2019-12-10,-0.005519189750133583
2019-12-11,0.0035079796412867213
2019-12-12,0.013635037700796698
2019-12-13,0.045291643248104085
2019-12-16,0.019897861002756777
2019-12-17,0.00973626228115328
2019-12-18,-0.003155264166911735
2019-12-19,-0.0006374720557518199
2019-12-20,0.02878369304407761
2019-12-23,0.010235751119366403
2019-12-24,-0.004693421935461813
2019-12-26,0.008080754427423287
2019-12-27,0.03906282188426369
2019-12-30,-0.01922095164874164
2019-12-31,-0.04801218466178698
2020-01-02,0.034040432159064826
2020-01-03,-0.02030202313709132
2020-01-06,-0.011640914071998298
2020-01-07,0.02732706011454152
2020-01-08,-0.006971126150264034
2020-01-09,0.014567629930093048
2020-01-10,0.008233330367873362
2020-01-13,-0.004488718626966536
2020-01-14,0.005357386099425154
2020-01-15,-0.00034428973980615764
2020-01-16,0.007701565738524393
2020-01-17,0.027574757612128277
2020-01-21,-0.00682052110592235
2020-01-22,0.02286643934914149
2020-01-23,-0.004395434325270675
2020-01-24,0.03740740652338707
2020-01-27,-0.12065224864794355
2020-01-28,0.019921345944816427
2020-01-29,0.039121104842869084
2020-01-30,-0.03951177232659682
2020-01-31,0.006048353382403319
2020-02-03,-0.03489301294475292
2020-02-04,0.027951718251409997
2020-02-05,0.03431666637409888
2020-02-06,-0.005709015341901341
2020-02-07,-0.0019414689080486194
2020-02-10,-0.01799643657161846
2020-02-11,0.06430419768775009
2020-02-12,-0.0021941311699984842
2020-02-13,-0.011425927242731709
2020-02-14,0.00010932491489801244
2020-02-18,-0.00010943971177013179
2020-02-19,0.00010932491489801244
2020-02-20,0.00010931296426730519
2020-02-21,-0.001199777052708483
2020-02-24,0.02821770625728433
2020-02-25,-0.014713642520442494
2020-02-26,-0.03558038485870248
2020-02-27,-0.0002102191819166599
2020-02-28,-0.06695378829628958
2020-03-02,-0.0062176598408805175
2020-03-03,-0.005623143885495489
2020-03-04,0.032426094658978714
2020-03-05,0.010937933692526484
2020-03-06,0.04514679438443036
2020-03-09,0.06911063120890913
2020-03-10,-0.057139879312224785
2020-03-11,-0.026696652951546846
2020-03-12,-0.05335970962263448
2020-03-13,-0.03773677675914729
2020-03-16,-0.01289841676578866
2020-03-17,0.024047960109847256
2020-03-18,-0.06089682100627258
2020-03-19,-0.051834842958976925
2020-03-20,0.05375354744320893
2020-03-23,0.033503408633286415
2020-03-24,0.09580711116664778
2020-03-25,0.0004738379396465418
2020-03-26,0.008716825937970702
2020-03-27,0.0011801897325381574
2020-03-30,0.017945639254159523
2020-03-31,-0.025292650908593707
2020-04-01,0.0020632815099598974
2020-04-02,0.017503011686389902
2020-04-03,0.004699278942162229
2020-04-06,0.0063012883631139065
2020-04-07,-0.00657015584815157
2020-04-08,7.273356629999837e-05
2020-04-09,0.010437248035325159
2020-04-13,0.0036369868966054097
2020-04-14,0.009525242893897112
2020-04-15,0.010112335561215897
2020-04-16,0.012344563500172285
2020-04-17,-0.007677947024972968
2020-04-20,-0.0137344263330171
2020-04-21,0.013318140447589758
2020-04-22,0.006256819861097718
2020-04-23,0.006363527421376876
2020-04-24,0.002632375509435662
2020-04-27,-0.0069675830929151195
2020-04-28,-0.010276115146457319
2020-04-29,-0.00015521450682035956
2020-04-30,-0.005089557591422415
2020-05-01,-0.016516885510013696
2020-05-04,0.010973792786450979
2020-05-05,-0.013305734837805394
2020-05-06,-0.02000558503759727
2020-05-07,0.00357861827448865
2020-05-08,0.011494864047028448
2020-05-11,-0.008216673428928511
2020-05-12,-0.0027502573120065468
2020-05-13,0.01407412933853765
2020-05-14,0.016819483786518392
2020-05-15,0.017808325082839027
2020-05-18,-0.020153420839483422
2020-05-19,-0.018374923990615206
2020-05-20,0.007161708227661823
2020-05-21,0.007216491312193892
2020-05-22,-0.0035340285023192086
2020-05-26,-0.00710853575992824
2020-05-27,-0.022438582884167564
2020-05-28,0.011848406430249835
2020-05-29,0.01202249612348553
2020-06-01,0.005435362806604616
2020-06-02,0.010748098578756842
2020-06-03,0.0022098208999499942
2020-06-04,0.0026217493328532324
2020-06-05,-0.008628169178526601
2020-06-08,0.03223996412879049
2020-06-09,0.01634809516336892
2020-06-10,0.056016272830370285
2020-06-11,-0.05410058074376104
2020-06-12,-0.041679808470342694
2020-06-15,-0.09599550392778805
2020-06-16,0.17509766711069244
2020-06-17,0.0012204869862176095
2020-06-18,-0.006442929125887545
2020-06-19,0.03309830225537761
2020-06-22,-0.015825027452227726
2020-06-23,0.035157192955705074
2020-06-24,-0.008577172399261663
2020-06-25,-0.03494600594346845
2020-06-26,0.012453457269986812
2020-06-29,-0.032844519491609825
2020-06-30,0.02058060667218727
2020-07-01,0.04198458677139091
2020-07-02,0.02776493464388522
2020-07-06,0.024900428420547696
2020-07-07,0.01071263330240409
2020-07-08,0.012140634455805339
2020-07-09,0.029897942949475044
2020-07-10,-0.00844562741874392
2020-07-13,0.029316001220332916
2020-07-14,-0.08195043051654019
2020-07-15,0.05333740847779415
2020-07-16,-0.032990223650919415
2020-07-17,0.01564280342421716
2020-07-20,0.006685477950743553
2020-07-21,0.06277485205771685
2020-07-22,-0.019591588411560758
2020-07-23,0.011152532994637735
2020-07-24,-0.0582639270452141
2020-07-27,0.034436601158138735
2020-07-28,0.01782820670689696
2020-07-29,-0.0035150968558158567
2020-07-30,0.010044369934344469
2020-07-31,0.026297076769216887
2020-08-03,-0.004793459941048739
2020-08-04,0.023042368562426363
2020-08-05,0.03094343891007512
2020-08-06,0.012149575609537036
2020-08-07,0.01656529772381854
2020-08-10,-0.035979867398527876
2020-08-11,-0.06563496997252583
2020-08-12,-0.028677462863300487
2020-08-13,0.026152793917611047
2020-08-14,-0.018510159785531867
2020-08-17,0.009623529419266658
2020-08-18,0.011793666527171693
2020-08-19,-0.0017560787600198558
2020-08-20,-0.027548377043897083
2020-08-21,0.04455933279667208
2020-08-24,0.05586953148196068
2020-08-25,-0.01106351390564042
2020-08-26,0.035860307756953445
2020-08-27,0.04883079424942586
2020-08-28,-0.011188458098925397
2020-08-31,0.030014671858626718
2020-09-01,0.02739740112876954
2020-09-02,0.08610643966436766
2020-09-03,-0.03500936782315163
2020-09-04,-0.16984381774522578
2020-09-08,-0.158261437402055
2020-09-09,0.03998634410055649
2020-09-10,0.06586024622326118
2020-09-11,-0.010541565765089687
2020-09-14,0.016912789368300835
2020-09-15,0.022026293849945883
2020-09-16,0.006965639579711819
2020-09-17,-0.04052178069050849
2020-09-18,0.010181332016653239
2020-09-21,-0.03398329941077426
2020-09-22,0.002075903544777935
2020-09-23,-0.01933128268468309
2020-09-24,-0.0325968067701247
2020-09-25,-0.008834931296128518
2020-09-28,0.042295771548188275
2020-09-29,-0.013029043779537397
2020-09-30,0.02048527181541774
2020-10-01,0.0245844039961246
2020-10-02,-0.02267039738984607
2020-10-05,-0.0040325435945820845
2020-10-06,0.022374548546142885
2020-10-07,0.017492924276768886
2020-10-08,0.022251358992758135
2020-10-09,0.02954781580311653
2020-10-12,0.039649309839728586
2020-10-13,0.008782575920520525
2020-10-14,-0.003500465007809206
2020-10-15,-0.06443246867898658
2020-10-16,0.05028768304515344
2020-10-19,-0.003021501995145355
2020-10-20,-0.02295213621020431
2020-10-21,0.002526344357203632
2020-10-22,-0.006119247503432475
2020-10-23,-0.006903400846170434
2020-10-26,-0.024801039229868316
2020-10-27,-0.007231857199522906
2020-10-28,-0.048357581335863355
2020-10-29,-0.015601623687690466
2020-10-30,-0.02117524458273956
2020-11-02,0.022727568922232485
2020-11-03,0.0009747427640468907
2020-11-04,0.06593219062177631
2020-11-05,0.07395892814464253
2020-11-06,0.0022503521790770975
2020-11-09,0.12040831296534511
2020-11-10,-0.10305479124034689
2020-11-11,-0.02668801565079992
2020-11-12,0.040091839357894614
2020-11-13,-0.0012527354807913
2020-11-16,0.037668291730996575
2020-11-17,0.0052155909640024065
2020-11-18,0.008729126835102222
2020-11-19,-0.036939750289065
2020-11-20,0.03078015521480141
2020-11-23,0.013480302609328679
2020-11-24,0.024427265550204098
2020-11-25,0.0014048106723776686
2020-11-27,0.017352068037277325
2020-11-30,-0.00905629642103008
2020-12-01,0.0313696233058313
2020-12-02,0.004719100790067246
2020-12-03,0.02900373133794439
2020-12-04,0.010983279715676586
2020-12-07,0.00848024715130439
2020-12-08,0.0015624411349252818
2020-12-09,0.017660649415007557
2020-12-10,-0.05623542074999251
2020-12-11,0.011243436306343575
2020-12-14,0.01951851199434388
2020-12-15,0.004184931768835573
2020-12-16,0.02198444691863018
2020-12-17,0.026365868981468976
2020-12-18,0.0030256672427900386
2020-12-21,-0.07053346358886954
2020-12-22,0.045508553411298294
2020-12-23,0.008077806329657045
2020-12-24,-0.014610818117700633
2020-12-28,0.03879012898311167
2020-12-29,0.019566184588048076
2020-12-30,-0.01061106007908578
2020-12-31,-0.008883569805644049
2021-01-04,0.02227172903942061
2021-01-05,-0.06571622774071646
2021-01-06,0.022473084755353513
2021-01-07,0.044661206302771
2021-01-08,0.07048592285729996
2021-01-11,-0.03456889680731278
2021-01-12,0.034462040912338246
2021-01-13,0.011996298452352578
2021-01-14,0.013679810372805077
2021-01-15,-0.014080382600640484
2021-01-19,0.0002581847581984982
2021-01-20,0.037274377141889525
2021-01-21,-0.0026367241584572443
2021-01-22,-0.032025010599209
2021-01-25,0.05060837313690883
2021-01-26,-0.03336938769875767
2021-01-27,-0.08430820140074438
2021-01-28,-0.03618109597346693
2021-01-29,-0.011620725609180888
2021-02-01,-0.018337528681009685
2021-02-02,0.0614440933317301
2021-02-03,0.027200033419267466
2021-02-04,-0.004867495076976554
2021-02-05,0.03683196696452088
2021-02-08,0.006971240802340165
2021-02-09,0.0029478239344108426
2021-02-10,0.01854992054765529
2021-02-11,5.380220285133852e-05
2021-02-12,-0.008681572729587583
2021-02-16,0.03209587997864231
2021-02-17,-0.02818496711836297
2021-02-18,-0.02444785215198397
2021-02-19,0.029273243291943876
2021-02-22,-0.05486233047365352
2021-02-23,-0.008979376110620052
2021-02-24,-0.021915425752129642
2021-02-25,0.046510864782889204
2021-02-26,-0.07743676055898618
2021-03-01,0.005431765905952809
2021-03-02,0.012861144995763258
2021-03-03,-0.015521440377896229
2021-03-04,0.011247303729566248
2021-03-05,0.030254397964210252
2021-03-08,0.03416011621184981
2021-03-09,-0.005507396533110054
2021-03-10,0.0042617169840491655
2021-03-11,0.037237037376044814
2021-03-12,0.008084474463617486
2021-03-15,0.009318459647887986
2021-03-16,-0.022205374766904613
2021-03-17,-0.017902432396436442
2021-03-18,0.010813988662546495
2021-03-19,-0.02961649978904385
2021-03-22,-0.001309301016249286
2021-03-23,-0.00039937235548178317
2021-03-24,-0.007740464598608701
2021-03-25,-0.027701344863577743
2021-03-26,0.059210199902593345
2021-03-29,0.013649521641041752
2021-03-30,0.006104420776193774
2021-03-31,0.00799715874154372
2021-04-01,-0.002631340635114535
2021-04-05,0.055590686700155434
2021-04-06,0.0017602193726616129
2021-04-07,-0.0020727885490995357
2021-04-08,0.009297035697330536
2021-04-09,0.0068806795240497305
2021-04-12,0.021254886119166667
2021-04-13,0.004273338354037869
2021-04-14,0.00016934810056523641
2021-04-15,0.012200905191160941
2021-04-16,0.018172264472190114
2021-04-19,-0.011983972244878313
2021-04-20,-0.01870185439976846
2021-04-21,-0.014032188190858606
2021-04-22,0.041124979942230855
2021-04-23,-0.03273942534594172
2021-04-26,0.04163524993022023
2021-04-27,0.006817234895164873
2021-04-28,0.007839089583318248
2021-04-29,0.00949995841811783
2021-04-30,-0.0005798936766666278
2021-05-03,0.02039161938928391
2021-05-04,-0.023145809270308477
2021-05-05,0.01475432744585244
2021-05-06,-0.013102929052098235
2021-05-07,0.01916182688517365
2021-05-10,0.052368895241598525
2021-05-11,-0.06306565015830223
2021-05-12,0.00035784792805245314
2021-05-13,-0.042297887283255856
2021-05-14,0.04868445912427987
2021-05-17,0.01669477612340923
2021-05-18,0.009033845426931936
2021-05-19,-0.0670769572046311
2021-05-20,0.012550235928352138
2021-05-21,0.019720071854745964
2021-05-24,0.006194160526910795
2021-05-25,0.020744845415506363
2021-05-26,-0.010840495275848145
2021-05-27,0.01390536436425475
2021-05-28,0.004354896828912251
2021-06-01,0.027392921687314477
2021-06-02,0.016428006898003427
2021-06-03,0.004341438313537356
2021-06-04,0.016693017104535558
2021-06-07,0.0012514867560926208
2021-06-08,-0.018958762333458983
2021-06-09,0.021130012411815148
2021-06-10,0.004607726618777471
2021-06-11,-0.02126192036507361
2021-06-14,0.004172925836711399
2021-06-15,0.01343716823071476
2021-06-16,-0.003541109433568704
2021-06-17,-0.014642738037752621
2021-06-18,-0.01123514269452719
2021-06-21,0.0033089201383910143
2021-06-22,0.026051469508091264
2021-06-23,0.030368876312049393
2021-06-24,0.003145443945853626
2021-06-25,0.010663880813263305
2021-06-28,0.00225543905343099
2021-06-29,0.006811500269477818
2021-06-30,0.004150177602371981
2021-07-01,0.018571263149895063
2021-07-02,0.005142276109452837
2021-07-06,0.01627599240943848
2021-07-07,0.006870890937150542
2021-07-08,-0.061780138457092515
2021-07-09,0.03877900087944856
2021-07-12,0.03180150784804581
2021-07-13,0.004370861303806224
2021-07-14,0.009459643517435631
2021-07-15,-0.00557726373603155
2021-07-16,-0.0018843974020891965
2021-07-19,-0.08095876561236795
2021-07-20,0.004376545484344999
2021-07-21,0.04251265896516047
2021-07-22,0.012347369764610558
2021-07-23,0.014015691104093213
2021-07-26,0.01271087672626736
2021-07-27,0.0031858502526845487
2021-07-28,-0.01546937406093592
2021-07-29,-0.0030549034643174338
2021-07-30,-0.014323821812625294
2021-08-02,0.02709380939726043
2021-08-03,-0.01477441395342897
2021-08-04,0.008022048315575478
2021-08-05,0.016961991736656946
2021-08-06,0.0012953322455735439
2021-08-09,0.0007029826375571186
2021-08-10,-0.008194448317679421
2021-08-11,-0.005758231064247073
2021-08-12,-0.01177718745057384
2021-08-13,0.01793335272342896
2021-08-16,-0.0006988125595629815
2021-08-17,-0.004217940602926683
2021-08-18,-0.010186541339539407
2021-08-19,-0.045689290017742204
2021-08-20,0.04325979603232999
2021-08-23,0.032578313573642305
2021-08-24,0.03159563064649884
2021-08-25,0.0024680306443414972
2021-08-26,-0.005555169931017566
2021-08-27,-0.010273805113424017
2021-08-30,0.03107907006247597
2021-08-31,0.020036944767054088
2021-09-01,0.005111927248772186
2021-09-02,0.012883023923345983
2021-09-03,-0.014330858622265612
2021-09-07,0.02059649525035197
2021-09-08,-0.024390919290380914
2021-09-09,-0.014111898025850368
2021-09-10,0.01421685754305176
2021-09-13,-0.005806576803064251
2021-09-14,-0.0013678833352133526
2021-09-15,-0.01079647838727593
2021-09-16,0.00626482251458386
2021-09-17,0.0069821795346478215
2021-09-20,-0.08178125471937903
2021-09-21,0.005873006774794187
2021-09-22,0.0001769992587916661
2021-09-23,0.032527455282604326
2021-09-24,0.009878984155116418
2021-09-27,0.0196056101332777
2021-09-28,-0.01015799678265261
2021-09-29,-0.040008017574808645
2021-09-30,-0.005809137239770612
2021-10-01,-0.01076842262767937
2021-10-04,0.05319999630528323
2021-10-05,0.026586965435171434
2021-10-06,-0.01949222484602627
2021-10-07,0.018957014613740216
2021-10-08,0.027283071415839154
2021-10-11,0.03678231698194206
2021-10-12,0.0
2021-10-13,0.0
2021-10-14,0.0001092481432725112
2021-10-15,-0.0013092362094194944
2021-10-18,0.009614767411604792
2021-10-19,-0.005312624358947266
2021-10-20,0.004190642329888823
2021-10-21,0.021033896411877768
2021-10-22,-0.004915869379548798
2021-10-25,0.028063807355056626
2021-10-26,-0.0001095084065571017
2021-10-27,-0.0012000000000000001
2021-10-28,-0.026603192982012323
2021-10-29,-0.0012000000000000001
2021-11-01,0.016899534624740527
2021-11-02,-2.191230205061956e-07
2021-11-03,-0.0015333333333333334
2021-11-04,0.051354125267021024
2021-11-05,0.06969686462973586
2021-11-08,0.010047951750670376
2021-11-09,0.021113025664066105
2021-11-10,-0.0658247210001035
2021-11-11,-0.01097562296652136
2021-11-12,0.004942117856378932
2021-11-15,-0.0010906033446670617
2021-11-16,-0.009269283070171146
2021-11-17,-0.00010938468901378062
2021-11-18,1.6601919083925054e-07
2021-11-19,0.00010939665533293841
2021-11-22,-0.00010938468901389165
2021-11-23,-1.6601916330571953e-07
2021-11-24,1.6601919083925054e-07
2021-11-26,-1.6601916330571953e-07
2021-11-29,1.6601919083925054e-07
2021-11-30,0.00010923061800771627
2021-12-01,1.6601919106129515e-07
2021-12-02,-0.00039999999999999996
2021-12-03,-0.007928984257550249
2021-12-06,0.01613427303806055
2021-12-07,-0.015494118285263148
2021-12-08,-0.009217087480922995
2021-12-09,-0.014676516937900135
2021-12-10,-0.004147156195854358
2021-12-13,-0.0013093846890138918
2021-12-14,-0.03772099798564828
2021-12-15,-0.011601260022712688
2021-12-16,-0.0012001660191633058
2021-12-17,-0.06903775947310971
2021-12-20,-0.03245402203738286
2021-12-21,0.032834224513723136
2021-12-22,-0.0012000000000000001
2021-12-23,0.040910980615537884
2021-12-27,0.011842436850258986
2021-12-28,0.04742057913173925
2021-12-29,-0.003014724060272811
2021-12-30,0.008975322306597292
2021-12-31,-0.010310112143915416
2022-01-03,0.005237822564281958
2022-01-04,0.0064922254245473035
2022-01-05,-0.02803053536489582
2022-01-06,-0.07762977660788671
2022-01-07,0.0
2022-01-10,-0.00010936634377411991
2022-01-11,-5.3141947065071804e-08
2022-01-12,5.314194995165167e-08
2022-01-13,-0.0012000303148741666
2022-01-14,-0.04983079449374663
2022-01-18,0.00010938579469921272
2022-01-19,2.2827074230846733e-08
2022-01-20,0.0
2022-01-21,-0.00010936634377411991
2022-01-24,-0.0005093554815020381
2022-01-25,0.0006258638691030161
2022-01-26,-0.0021706787688804035
2022-01-27,-0.013555568136077056
2022-01-28,-0.006123554596989507
2022-01-31,0.004615643051090146
2022-02-01,-0.00010929485838129249
2022-02-02,0.00010930680505305546
2022-02-03,0.0
2022-02-04,-2.282707367573522e-08
2022-02-07,0.0
2022-02-08,5.314194995165167e-08
2022-02-09,-0.00010937830607959942
2022-02-10,0.0
2022-02-11,0.0
2022-02-14,-0.00039996968099003066
2022-02-15,-0.002654094150848755
2022-02-16,0.0017108889083124652
2022-02-17,0.012387917034418846
2022-02-18,0.0014144649592745158
2022-02-22,0.0020137180991579573
2022-02-23,-0.0008294996815438511
2022-02-24,0.019561510247657177
2022-02-25,-0.022241856041748553
2022-02-28,0.009522293461478926
2022-03-01,0.000569909620662834
2022-03-02,0.004240111525183554
2022-03-03,-0.0009080394164832825
2022-03-04,0.008171917846625593
2022-03-07,0.008367741600989074
2022-03-08,0.015262354945600428
2022-03-09,-0.008611933260328053
2022-03-10,0.003167390671046544
2022-03-11,-0.011660521172940289
2022-03-14,-0.002547828481698877
2022-03-15,-0.01469204127957576
2022-03-16,-0.00027740165706946485
2022-03-17,0.007524536902683879
2022-03-18,-0.0047325830285321144
2022-03-21,-0.0022568456751368426
2022-03-22,0.0014021457529186745
2022-03-23,0.0019130391640693003
2022-03-24,0.008273361089606338
2022-03-25,-0.0021996514132131364
2022-03-28,-0.005544743465162686
2022-03-29,-0.012891806494519308
2022-03-30,-0.00010935505700471193
2022-03-31,0.0002187577099364013
2022-04-01,-0.00010939665533293841
2022-04-04,-0.00010936665624849962
2022-04-05,7.138117652516485e-08
2022-04-06,0.00010926573426583985
2022-04-07,-0.00010932516994222041
2022-04-08,7.138117652516485e-08
2022-04-11,0.00010926573426583985
2022-04-12,-0.0005093251699422204
2022-04-13,0.0019476167651582
2022-04-14,-0.0009680855642068368
2022-04-18,0.006019943662343301
2022-04-19,-0.01044345452795048
2022-04-20,-0.005612186544632654
2022-04-21,0.0005464284859164614
2022-04-22,-0.00419687283836223
2022-04-25,-0.013264427903001308
2022-04-26,0.0030255029366648145
2022-04-27,-0.005435335636745475
2022-04-28,-0.002337843810853002
2022-04-29,0.008312785437285086
2022-05-02,-0.016844343189427995
2022-05-03,0.0012651173489266476
2022-05-04,0.0013335274991626012
2022-05-05,0.012911836763761656
2022-05-06,-0.008112008941566532
2022-05-09,-0.004484405487727401
2022-05-10,-0.0018746505319423938
2022-05-11,-0.0052881226420435174
2022-05-12,-0.0016560946645773529
2022-05-13,-0.014872636696804905
2022-05-16,0.00048343411749107723
2022-05-17,0.008130050688363625
2022-05-18,-0.005645602574569067
2022-05-19,0.010022091641270325
2022-05-20,0.0003389908095537593
2022-05-23,0.0056439777443702726
2022-05-24,0.001016705360125029
2022-05-25,-0.002286930143929629
2022-05-26,-0.002896979040198329
2022-05-27,0.005316271819902463
2022-05-31,-0.0034309858649010185
2022-06-01,-0.0018381596100395248
2022-06-02,0.005662774227798298
2022-06-03,-0.0013268901481754412
2022-06-06,-0.0020533834800907642
2022-06-07,-0.0026806472746369416
2022-06-08,0.0026627124228724153
2022-06-09,-0.0015082085832800463
2022-06-10,-0.006116925588664797
2022-06-13,0.0008990174374647145
2022-06-14,-0.00645700774906884
2022-06-15,0.003312544792544392
2022-06-16,0.0004757183778770398
2022-06-17,0.006624723994581064
2022-06-21,-0.0042106824030138474
2022-06-22,0.0021851152322361527
2022-06-23,-0.0008916214358960876
2022-06-24,-0.0047226406829667935
2022-06-27,0.0015432553603367258
2022-06-28,-0.0021830189616002618
2022-06-29,0.0019509892798891626
2022-06-30,-0.004149067817462196
2022-07-01,-0.009761592736520218
2022-07-05,0.0005999428344696984
2022-07-06,-0.011917605006121934
2022-07-07,-0.007814757154284367
2022-07-08,-0.0003911655016146283
2022-07-11,-0.001982989162631732
2022-07-12,-0.0030652124560498852
2022-07-13,-0.004533769111236633
2022-07-14,-0.004987214646241485
2022-07-15,0.0006112289364566721
2022-07-18,0.0038455132660495384
2022-07-19,-0.0026184082800789765
2022-07-20,0.0008603075300903651
2022-07-21,-0.00567643783432803
2022-07-22,0.009614133297997835
2022-07-25,0.0002610310648086441
2022-07-26,-0.0018920918291982132
2022-07-27,-0.0004593155897342956
2022-07-28,0.013937324710543207
2022-07-29,0.0016601488731803563
2022-08-01,0.005174897689529167
2022-08-02,-0.006390355104309112
2022-08-03,-0.004519444409206708
2022-08-04,-0.01446375340772458
2022-08-05,-0.0508571531033017
2022-08-08,0.05620210462695651
2022-08-09,-0.0013211815919988617
2022-08-10,0.03412462730062167
2022-08-11,0.014219355845797957
2022-08-12,-0.006349925374760127
2022-08-15,0.007940567528860448
2022-08-16,0.01095416618640499
2022-08-17,-0.014201357991303804
2022-08-18,0.006119982330260823
2022-08-19,-0.02330285105967304
2022-08-22,-0.0405205919421164
2022-08-23,-0.00994968406708835
2022-08-24,-4.409657207160578e-07
2022-08-25,0.00010971096088918664
2022-08-26,-0.0012000000000000001
2022-08-29,-0.07897218811580688
2022-08-30,-0.0025102858046741985
2022-08-31,-0.007150734662172161
2022-09-01,-0.0057089862614554026
2022-09-02,0.004943885420347256
2022-09-06,-0.0006673492645373758
2022-09-07,-0.00434633320908162
2022-09-08,0.006321216122439225
2022-09-09,0.0007256562670169645
2022-09-12,0.005715920211073773
2022-09-13,-0.012702724126988413
2022-09-14,-0.03982115875554972
2022-09-15,0.00010890175544875369
2022-09-16,0.00021864982979580283
2022-09-19,0.0
2022-09-20,0.00010975362536336242
2022-09-21,-0.00010951006596993107
2022-09-22,0.0003280070672460056
2022-09-23,0.00010926519696763393
2022-09-26,0.00010898574159901031
2022-09-27,-0.00040015607996295405
2022-09-28,0.004548746073129864
2022-09-29,0.004127981027219155
2022-09-30,0.003792749094480315
2022-10-03,0.0018759896431645255
2022-10-04,0.016255200530828292
2022-10-05,0.0004025857013046548
2022-10-06,0.0005535713766177489
2022-10-07,-0.004156713955657421
2022-10-10,-0.0106985929804538
2022-10-11,-0.0021745723950995126
2022-10-12,-0.0007026903981061834
2022-10-13,-0.007983098986029075
2022-10-14,0.0026798752363612617
2022-10-17,0.003737410044916789
2022-10-18,-0.0036975523516315687
2022-10-19,-0.00898085165696949
2022-10-20,-0.000665677606395391
2022-10-21,0.00021964423076018907
2022-10-24,0.006586832200408935
2022-10-25,0.0021772206623648462
2022-10-26,0.0036778837605955235
2022-10-27,-0.0003523613191665682
2022-10-28,-0.007572691933823668
2022-10-31,-0.004237188838833408
2022-11-01,0.03944867580598992
2022-11-02,0.00010963607357394878
2022-11-03,0.00021892119385880093
2022-11-04,0.00021879698239191114
2022-11-07,0.00010925656557114749
2022-11-08,1.041963946235569e-07
2022-11-09,0.0004369284757934633
2022-11-10,0.00010951646388801528
2022-11-11,-0.001091009739864556
2022-11-14,-0.0010862362105918209
2022-11-15,-0.005808168030419687
2022-11-16,-0.01077208593759371
2022-11-17,-0.03945744360599941
2022-11-18,0.015415092427298807
2022-11-21,-0.017829156704885864
2022-11-22,0.024597931674130376
2022-11-23,0.0005582758108062156
2022-11-25,0.01625249874816433
2022-11-28,-0.023368303705069482
2022-11-29,-0.008977523845398997
2022-11-30,0.020094352881769046
2022-12-01,0.03636666649958216
2022-12-02,-0.03684977470729681
2022-12-05,0.010030736381725578
2022-12-06,-0.05602601629608423
2022-12-07,-0.02438896282118656
2022-12-08,0.01964873449329533
2022-12-09,-0.02034577716059482
2022-12-12,-0.013494862300419961
2022-12-13,0.07655186850577776
2022-12-14,-0.021424883970234565
2022-12-15,-0.05273721833344983
2022-12-16,-0.021601369317644226
2022-12-19,0.014234396373838127
2022-12-20,-0.0014827172529850996
2022-12-21,0.03645300314441191
2022-12-22,-0.0044952592566849985
2022-12-23,-0.01507200660214262
2022-12-27,0.030152092811518275
2022-12-28,-0.001322386976995604
2022-12-29,-0.014596657570862087
2022-12-30,0.0019470938971650614
2023-01-03,0.022418258593744092
2023-01-04,-0.017504649011184648
2023-01-05,0.0024447832969131476
2023-01-06,0.02819488101276568
2023-01-09,0.04643955363881165
2023-01-10,-0.01845350392545956
2023-01-11,0.017668168451630367
2023-01-12,0.012648038994660382
2023-01-13,-0.0041360833110861694
2023-01-17,0.027973860424134706
2023-01-18,-0.0037231370981477543
2023-01-19,-0.046804076564968836
2023-01-20,0.019674551682034174
2023-01-23,0.01901358344618805
2023-01-24,0.008834603102198154
2023-01-25,-0.011474446144722667
2023-01-26,0.03765367883543883
2023-01-27,0.002404103090534404
2023-01-30,-0.018415912171918403
2023-01-31,-0.012848536857268758
2023-02-01,0.011126962732568746
2023-02-02,0.008873064613303651
2023-02-03,-0.045938032093935356
2023-02-06,-0.006366554442196655
2023-02-07,-0.0010825127424107424
2023-02-08,0.03182017189714278
2023-02-09,0.003501822985487328
2023-02-10,-0.024963010849938756
2023-02-13,0.01616590254980384
2023-02-14,0.003035546912994864
2023-02-15,-0.019787180484424034
2023-02-16,-0.008827373212908569
2023-02-17,-0.021468244733302777
2023-02-21,-0.013969079232504825
2023-02-22,-0.016006802470614086
2023-02-23,-0.004588304297772697
2023-02-24,-0.023301428379752055
2023-02-27,0.025125502494336795
2023-02-28,0.00044336031703351463
2023-03-01,-0.010282977613747782
2023-03-02,0.0045402201712821935
2023-03-03,0.005613807643050639
2023-03-06,0.0300746476251
2023-03-07,-0.010312139357479173
2023-03-08,-0.04228667287323621
2023-03-09,-0.0024240596530215406
2023-03-10,-0.05419338293179637
2023-03-13,0.018683445342821882
2023-03-14,0.002416182544137631
2023-03-15,0.005664233856300068
2023-03-16,0.002887285210235365
2023-03-17,0.005174987453485273
2023-03-20,-0.004287449414253866
2023-03-21,-0.0055755284998489545
2023-03-22,-0.009187018913688352
2023-03-23,0.02200465586431033
2023-03-24,0.007401784310065758
2023-03-27,-0.01614493839095924
2023-03-28,0.004414026642638383
2023-03-29,0.0006401991718093154
2023-03-30,-0.00017555890884643976
2023-03-31,0.002226007259866547
2023-04-03,0.01556222785962291
2023-04-04,0.00782176628313939
2023-04-05,-0.02972148992882084
2023-04-06,-0.035504478189478064
2023-04-10,-0.0077818234783021785
2023-04-11,0.0428401364421671
2023-04-12,0.0024816073181628258
2023-04-13,-0.026011783977249937
2023-04-14,0.008356683824629915
2023-04-17,-0.019058312419646097
2023-04-18,0.028165590112081713
2023-04-19,-0.033440256515109436
2023-04-20,-0.006335889974317183
2023-04-21,0.0013326344889706965
2023-04-24,-0.01323952816642626
2023-04-25,-0.011320496982088812
2023-04-26,-0.01212979290046793
2023-04-27,-0.008829334252223911
2023-04-28,0.030774465126665408
2023-05-01,0.023800521771254763
2023-05-02,-0.006090907935776565
2023-05-03,-0.006001844783749951
2023-05-04,-0.020355652578963324
2023-05-05,0.005845372085202489
2023-05-08,0.025821135475012486
2023-05-09,-0.007567357556130619
2023-05-10,0.01520249828270992
2023-05-11,0.003696521137128335
2023-05-12,-0.001997826076292323
2023-05-15,-0.005334078372134176
2023-05-16,0.003348488266456913
2023-05-17,0.004335258432860926
2023-05-18,-0.008926864311526944
2023-05-19,0.03756435522668118
2023-05-22,-0.004922987694555532
2023-05-23,-0.002425581930772839
2023-05-24,-0.027941758166674026
2023-05-25,0.09594532827774946
2023-05-26,0.00021773314285988832
2023-05-30,0.00010893802095690575
2023-05-31,-0.0010914362955226843
2023-06-01,-0.011876330436584778
2023-06-02,-0.0010908612558503607
2023-06-05,0.00934311779859968
2023-06-06,-0.012549461034260651
2023-06-07,0.00785741997785975
2023-06-08,-0.03497959402581703
2023-06-09,0.03748721860051063
2023-06-12,0.013538558234781117
2023-06-13,0.053376416458206746
2023-06-14,0.0003031353579244409
2023-06-15,0.008174807247038562
2023-06-16,0.08222840379632404
2023-06-20,-0.07714958438058894
2023-06-21,-0.017156564250409234
2023-06-22,-0.060865113267555504
2023-06-23,-0.004569595367532209
2023-06-26,0.0012280753384381984
2023-06-27,-0.011874179581019993
2023-06-28,0.021724032777330555
2023-06-29,0.01543821657403166
2023-06-30,0.03140995038982456
2023-07-03,0.014906580240815998
2023-07-05,-0.014956550651867405
2023-07-06,-0.02151663511202362
2023-07-07,0.004718232133257727
2023-07-10,-0.010588166139290959
2023-07-11,0.015883163816847363
2023-07-12,0.03799772723162105
2023-07-13,0.020291644136096076
2023-07-14,0.02383326044802699
2023-07-17,-0.005281507960822199
2023-07-18,0.01733673017903429
2023-07-19,0.03993894869862398
2023-07-20,-0.026845720683938312
2023-07-21,-0.016627293426235958
2023-07-24,-0.01128894437732142
2023-07-25,0.0014006465126784604
2023-07-26,-7.931522710554395e-05
2023-07-27,0.0342792319945601
2023-07-28,-0.019806245349564357
2023-07-31,0.014851118704346447
2023-08-01,-0.016253557667888014
2023-08-02,-0.029804022774160905
2023-08-03,-0.05940156402144754
2023-08-04,0.019296919134765462
2023-08-07,0.0017420857754767058
2023-08-08,-0.023651051443188464
2023-08-09,0.009509804093455587
2023-08-10,-0.002772718840068282
2023-08-11,-0.03994162869113804
2023-08-14,-0.013810172119962641
2023-08-15,-0.010615054398654436
2023-08-16,-0.029524511393933563
2023-08-17,0.001546123721250921
2023-08-18,-0.036510277626125756
2023-08-21,0.030097456173856504
2023-08-22,0.02163053670063597
2023-08-23,-0.022287098699741287
2023-08-24,0.03313605638761363
2023-08-25,-0.0369220856424306
2023-08-28,0.025949303907978633
2023-08-29,0.0036464559708211386
2023-08-30,0.0409511899374629
2023-08-31,0.01207341620957858
2023-09-01,0.017523737695763097
2023-09-05,-0.005706836685372381
2023-09-06,-0.010102531427921094
2023-09-07,-0.0063527333995870485
2023-09-08,0.00608376885148972
2023-09-11,0.020131577943984198
2023-09-12,-0.007860680996168545
2023-09-13,0.012147426013149628
2023-09-14,0.012600938864521774
2023-09-15,-0.009669729426180829
2023-09-18,0.0016386745737243897
2023-09-19,0.004329748097527028
2023-09-20,-0.02044936457045269
2023-09-21,-0.014645451531282938
2023-09-22,-0.016096239217219584
2023-09-25,-0.01956014661840851
2023-09-26,-0.001117761611149922
2023-09-27,0.017674219488567934
2023-09-28,0.00021796616504032862
2023-09-29,0.00021770954602184922
2023-10-02,0.0002623482784105402
2023-10-03,0.00010940157823280394
2023-10-04,2.5302284312189727e-07
2023-10-05,0.000656094160502052
2023-10-06,0.00021857815990689033
2023-10-09,-2.1403749084214496e-07
2023-10-10,0.00010926519696785597
2023-10-11,2.8773294857842302e-08
2023-10-12,0.0005462605408577126
2023-10-13,0.00010904576936465737
2023-10-16,0.00032761116483515096
2023-10-17,-1.2053758613461696e-07
2023-10-18,0.00010911870510987853
2023-10-19,0.0004367069590927031
2023-10-20,0.00021783870633074187
2023-10-23,0.00021809807513206714
2023-10-24,-0.00029097834750695345
2023-10-25,0.005099076797460355
2023-10-26,-0.00026562302816764594
2023-10-27,0.0017446650455517816
2023-10-30,0.006394241563869733
2023-10-31,-0.0017777117213102118
2023-11-01,-0.004064366563907665
2023-11-02,0.0008284666988389588
2023-11-03,0.0002136008150115245
2023-11-06,0.002790996068976037
2023-11-07,-0.049578246070807214
2023-11-08,0.017940470015774625
2023-11-09,0.00031367046334544214
2023-11-10,-0.005754307634064889
2023-11-13,0.022274365214067227
2023-11-14,0.040047888200218866
2023-11-15,0.03492340919940973
2023-11-16,-0.015053574523886261
2023-11-17,0.006393151553358844
2023-11-20,0.012564811802260323
2023-11-21,0.023266676702808017
2023-11-22,0.0017283475055926236
2023-11-24,-0.01066969886551176
2023-11-27,-0.005993786298582936
2023-11-28,-0.00809077663592624
2023-11-29,0.03679479524455294
2023-11-30,-0.013417002788920884
2023-12-01,-0.01106689146353997
2023-12-04,-0.010121240603995107
2023-12-05,-0.013624938746547872
2023-12-06,0.04152847870587295
2023-12-07,-0.021226149792578232
2023-12-08,0.008219598373577847
2023-12-11,0.019326693529214973
2023-12-12,0.02173019812783772
2023-12-13,0.029241376822733235
2023-12-14,0.08494898651727345
2023-12-15,0.0044671959162760535
2023-12-18,0.021384870096565978
2023-12-19,0.008234590963735945
2023-12-20,0.009161095986277124
2023-12-21,-0.028465367923875842
2023-12-22,0.0304242475417494
2023-12-26,0.003467343088738602
2023-12-27,0.02939058277876283
2023-12-28,0.012371428857766173
2023-12-29,-0.010483969340281063
2024-01-02,-0.05110666569687845
2024-01-03,-0.061149698266822296
2024-01-04,-0.03612637553381374
2024-01-05,0.010963473798348536
2024-01-08,-0.0024119082136382
2024-01-09,0.013157787839813695
2024-01-10,-0.00024371094860982856
2024-01-11,0.007311788713240489
2024-01-12,0.009540656495819515
2024-01-16,-0.011235944998163938
2024-01-17,-0.016224194844616346
2024-01-18,0.02985330372615347
2024-01-19,0.03308662544669816
2024-01-22,0.05383447832348375
2024-01-23,-0.0069932249290186235
2024-01-24,0.04704597578170773
2024-01-25,0.03258444860902383
2024-01-26,-0.061427108193134676
2024-01-29,-0.01073586178348599
2024-01-30,0.01775520471353098
2024-01-31,-0.00885262289058834
2024-02-01,-0.026749735886798406
2024-02-02,0.023334733599205123
2024-02-05,0.01965887620023706
2024-02-06,0.008576729106645418
2024-02-07,-0.001542725567753144
2024-02-08,0.019539433811074442
2024-02-09,0.02523544269709495
2024-02-12,0.02453847051841029
2024-02-13,-0.09592239022062901
2024-02-14,0.049020908378500476
2024-02-15,0.030460415305833283
2024-02-16,0.0038457094483794747
2024-02-20,-0.06234905243970945
2024-02-21,-0.021951744643738426
2024-02-22,0.07693687728415248
2024-02-23,0.034211178753990934
2024-02-26,-0.00865165999185058
2024-02-27,-0.0016990320772696976
2024-02-28,-0.02456511691516701
2024-02-29,0.02341641084422741
2024-03-01,0.031110224231408967
2024-03-04,0.06065065063798535
2024-03-05,-0.029010638673931867
2024-03-06,0.015536328785085854
2024-03-07,0.032099569733734734
2024-03-08,0.03384839369108468
2024-03-11,-0.07544148582472768
2024-03-12,0.02360728859881437
2024-03-13,0.0028794728729385115
2024-03-14,0.0063563558196649455
2024-03-15,-0.026422942101231785
2024-03-18,0.012825629655349427
2024-03-19,-0.011091116421024855
2024-03-20,0.014367468770148346
2024-03-21,0.034254393067966474
2024-03-22,0.005970804908886906
2024-03-25,-0.01724007191912121
2024-03-26,0.007837209504121775
2024-03-27,-0.006760479189476272
2024-03-28,0.009411872283768902
2024-04-01,0.006729060785194567
2024-04-02,-0.01473647031746354
2024-04-03,0.0027392587912207977
2024-04-04,0.02196392441034689
2024-04-05,-0.010263445961843365
2024-04-08,0.024850118211480123
2024-04-09,0.007819881268720944
2024-04-10,-0.019911031611966574
2024-04-11,0.012605422244391502
2024-04-12,0.0028227389839106474
2024-04-15,-0.028054323784416635
2024-04-16,-0.028514038018728326
2024-04-17,0.002864640594701336
2024-04-18,0.000739957227123685
2024-04-19,-0.002458674551168956
2024-04-22,-0.012614499765444782
2024-04-23,-0.007738986738892335
2024-04-24,0.0293881904651135
2024-04-25,-0.002504100116623239
2024-04-26,0.0037072825840226793
2024-04-29,-0.005197668413448523
2024-04-30,-0.008291965592505815
2024-05-01,-0.02889620690747084
2024-05-02,-0.0007624377765808256
2024-05-03,0.03245097252824395
2024-05-06,0.011325062542420234
2024-05-07,0.011332972448482859
2024-05-08,-0.013456049228119011
2024-05-09,0.016417153317286548
2024-05-10,0.022816426290539482
2024-05-13,0.005408703657089416
2024-05-14,-0.003517981856296037
2024-05-15,0.03398813846912725
2024-05-16,0.021237158115300803
2024-05-17,-0.002378697759108298
2024-05-20,-0.0008474630359909993
2024-05-21,-0.0029278418288834667
2024-05-22,0.009240167791508899
2024-05-23,0.023446154647182617
2024-05-24,-0.03730298962775558
2024-05-28,0.024498248689000336
2024-05-29,-0.029416909544084893
2024-05-30,-0.008185207391399052
2024-05-31,-0.021230173552286326
2024-06-03,0.022619898696698115
2024-06-04,-0.014817456460019342
2024-06-05,0.03055003403759815
2024-06-06,0.03419557452643625
2024-06-07,-0.015542596514703983
2024-06-10,-0.014694010643893862
2024-06-11,0.024230449383259463
2024-06-12,0.05647343035525394
2024-06-13,0.03083182967547537
2024-06-14,-0.01613210640142637
2024-06-17,0.027355725134824274
2024-06-18,0.047753869086600245
2024-06-20,0.02128299624009511
2024-06-21,-0.06899537979264285
2024-06-24,-0.017354552231763964
2024-06-25,-0.012762783506999553
2024-06-26,0.01288967041144351
2024-06-27,0.004911756143136103
2024-06-28,0.013424138473211814
2024-07-01,-0.011396387213372253
2024-07-02,-0.004722909094968678
2024-07-03,0.03231060930484464
2024-07-05,0.031208743386378652
2024-07-08,0.021623846376622177
2024-07-09,0.012197576235477865
2024-07-10,0.01029158361545875
2024-07-11,0.035342446319243694
2024-07-12,-0.05304475427781482
2024-07-15,0.0203389292475679
2024-07-16,0.013572562461103315
2024-07-17,0.0010391032144039247
2024-07-18,0.010299036777090764
2024-07-19,-0.026878971076856956
2024-07-22,-0.008366323879558378
2024-07-23,0.014310004884817706
2024-07-24,-0.019405423877963106
2024-07-25,-0.027090539224173888
2024-07-26,0.0008858644771457085
2024-07-29,0.031576393393248685
2024-07-30,0.011987674353946579
2024-07-31,0.020604839627414846
2024-08-01,0.009251594878913583
2024-08-02,-0.01683659377529508
2024-08-05,-0.07310875097554347
2024-08-06,-0.023860369183280973
2024-08-07,0.004329078508947998
2024-08-08,-0.01925062721176196
2024-08-09,0.031829837585796675
2024-08-12,-0.0001772893517301517
2024-08-13,0.02008907390778199
2024-08-14,-0.0002593205371739602
2024-08-15,-0.009928809001080433
2024-08-16,0.01694591955162139
2024-08-19,-0.0010851435469425197
2024-08-20,0.021533930219049886
2024-08-21,-0.005120633223251366
2024-08-22,-0.003967944049790692
2024-08-23,0.01788589540801803
2024-08-26,0.036534466944426004
2024-08-27,-0.015581643445966131
2024-08-28,0.01063351673165262
2024-08-29,0.00557772782394968
2024-08-30,0.0075706008822463335
2024-09-03,-0.004240119323200971
2024-09-04,-0.011266383400579874
2024-09-05,0.012423413826601948
2024-09-06,-0.027491161524957525
2024-09-09,-0.014523765954164823
2024-09-10,0.029030660139740615
2024-09-11,0.008347922168261227
2024-09-12,0.014276161216855968
2024-09-13,0.015521521258474872
2024-09-16,0.010620820647587145
2024-09-17,0.004676694963030543
2024-09-18,-0.01897051352578042
2024-09-19,-0.008296161880266311
2024-09-20,-0.009811672436575176
2024-09-23,0.011480271168314035
2024-09-24,-0.0041974753589011
2024-09-25,0.012676569038837293
2024-09-26,0.00268574017882243
2024-09-27,-0.010208003465172217
2024-09-30,-0.019810802196370915
2024-10-01,0.024125421160630618
2024-10-02,-0.03277183821778906
2024-10-03,-0.00035469201078001467
2024-10-04,0.005457788680065263
2024-10-07,-0.004020788276953364
2024-10-08,-0.007824029273643266
2024-10-09,-0.04783015257834148
2024-10-10,0.04660504768017012
2024-10-11,-0.027958323986586337
2024-10-14,0.024850864701794206
2024-10-15,-0.03213428029844726
2024-10-16,-0.002556105820376243
2024-10-17,0.023873598980632977
2024-10-18,0.0007550130998493403
2024-10-21,0.005002699714172035
2024-10-22,-0.01489086317337155
2024-10-23,0.0008106745486703055
2024-10-24,-0.0006699633950428087
2024-10-25,0.002898049146954868
2024-10-28,-0.005962597867385807
2024-10-29,0.0035948301061435872
2024-10-30,0.005885442998073401
2024-10-31,-0.010994796691269274
2024-11-01,-0.02139677723992439
2024-11-04,-0.003712709203863795
2024-11-05,-0.006990671389124533
2024-11-06,0.07186106943465295
2024-11-07,0.01996354575869811
2024-11-08,-0.0003497158204416326
2024-11-11,0.0009684821649265825
2024-11-12,-0.0028088875308827075
2024-11-13,-0.005401956964222483
2024-11-14,-0.000523939850149498
2024-11-15,-0.037023999327011316
2024-11-18,-0.009246243690663514
2024-11-19,-0.012687552206933923
2024-11-20,0.01972856884216704
2024-11-21,0.00949123264953718
2024-11-22,0.008784340538400862
2024-11-25,0.02830662423619623
2024-11-26,-0.01355172122611466
2024-11-27,0.01453295650523804
2024-11-29,0.00766480811923013
2024-12-02,-0.007603494924641924
2024-12-03,-0.015664280249396846
2024-12-04,-0.01723350491836206
2024-12-05,0.013341351285491188
2024-12-06,-0.004414131555656471
2024-12-09,0.005028302189989842
2024-12-10,-0.015198209762550263
2024-12-11,0.0005164767818431524
2024-12-12,0.005079735174125743
2024-12-13,0.01398472888579801
2024-12-16,0.0003266332999177406
2024-12-17,0.004000637288920639
2024-12-18,0.001970998439389526
2024-12-19,-0.07551050016367973
2024-12-20,-0.050072288860203186
2024-12-23,-0.0010904715696026458
2024-12-24,0.02900194211231177
2024-12-26,0.016939578206084677
2024-12-27,-0.011598585177368337
2024-12-30,-0.058160098169983576
2024-12-31,0.010354343569333919
2025-01-02,-0.010580303636698965
2025-01-03,-0.01095187359350517
2025-01-06,0.030200771118363202
2025-01-07,0.01703120255362204
2025-01-08,-0.03580787929695624
2025-01-10,-0.0054289476973776
2025-01-13,-0.055755428624358776
2025-01-14,0.01100299370818921
2025-01-15,0.024763188943537868
2025-01-16,0.016078675147260652
2025-01-17,-0.0009611677835008976
2025-01-21,-0.0009027477916918972
2025-01-22,0.01432529219510248
2025-01-23,-0.0021297720350761016
2025-01-24,0.003526678755119546
2025-01-27,-0.028783044406372617
2025-01-28,0.017578310597804164
2025-01-29,0.004914674173944052
2025-01-30,0.018195489638301122
2025-01-31,0.012321228014977962
2025-02-03,-0.044460705800695464
2025-02-04,0.023148308524020424
2025-02-05,0.010550158254594155
2025-02-06,0.019573730532892686
2025-02-07,0.008932746961229032
2025-02-10,-0.0035140518941492163
2025-02-11,-0.014195142421141688
2025-02-12,-0.009284104240048774
2025-02-13,0.01805097453769059
2025-02-14,0.01573117311197706
2025-02-18,0.0012296285448814745
2025-02-19,0.003623336754025486
2025-02-20,0.003854957211127534
2025-02-21,-0.018257033720054678
2025-02-24,-0.06535221469667989
2025-02-25,-0.03869074174474363
2025-02-26,-0.02847248932591761
2025-02-27,-0.012037283447611272
2025-02-28,-0.035258270661542634
2025-03-03,0.030492526651451742
2025-03-04,-0.02423461413897258
2025-03-05,0.005431813018673233
2025-03-06,0.030321269540323915
2025-03-07,-0.013654745371065256
2025-03-10,-0.044838392982831834
2025-03-11,0.004270388210604325
2025-03-12,-0.0025771200309390534
2025-03-13,-0.010443527773552397
2025-03-14,0.07430536286464758
2025-03-17,0.00763545011508234
2025-03-18,0.051846062802868076
2025-03-19,4.0968356963063334e-05
2025-03-20,-0.05269959633760764
2025-03-21,-0.026351341841512294
2025-03-24,0.016747991633973815
2025-03-25,-0.011532833957106655
2025-03-26,-0.008172438270287795
2025-03-27,-0.006538565554715953
2025-03-28,-0.0022197281939387485
2025-03-31,-0.021638141232316405
2025-04-01,0.027876339031558617
2025-04-02,-0.0046290570061158585
2025-04-03,-0.06510409049662287
2025-04-04,-0.08700668210092706
2025-04-07,-0.011173756898217497
2025-04-08,-0.0032533701151988463
2025-04-09,0.010404687980253024
2025-04-10,0.02155206620531391
2025-04-11,-0.0009432830165293157
2025-04-14,0.0127529515571837
2025-04-15,0.00047567903234461495
2025-04-16,0.02408813671435982
2025-04-17,0.003250972114061001
2025-04-21,0.018312832475565255
2025-04-22,0.005587153605041584
2025-04-23,-0.027346575630181058
2025-04-24,0.006006878561940413
2025-04-25,-0.012359536603407953
2025-04-28,0.016546743472091542
2025-04-29,0.004142195146197254
2025-04-30,-0.004616520469246802
2025-05-01,0.00232073756720904
2025-05-02,0.049713902726131444
2025-05-05,0.017125313061922255
2025-05-06,-0.00048177321996197356
2025-05-07,-0.0013483167178632472
2025-05-08,0.004392373704172631
2025-05-09,0.004300470734163472
2025-05-12,0.023987704873505915
2025-05-13,-0.011788016830955464
2025-05-14,0.007878775729027397
2025-05-15,-0.00667286375107634
2025-05-16,0.01535967264097789
2025-05-19,-0.023290277734056453
2025-05-20,0.015482965129083018
2025-05-21,-0.008159824593386563
2025-05-22,-0.03704260907445529
2025-05-23,-0.00456419118358938
2025-05-27,0.009508123224648002
2025-05-28,0.007739136188414226
2025-05-29,0.00641006275128005
2025-05-30,-0.021425457738718547
2025-06-02,0.012397748449205935
2025-06-03,0.006967741402286175
2025-06-04,0.018076234710386847
2025-06-05,0.01032187213143439
2025-06-06,-0.00436556761058667
2025-06-09,0.0041956092531504705
2025-06-10,0.014853171731829724
2025-06-11,0.012720424693760408
2025-06-12,0.0021361795559362573
2025-06-13,-0.007689714850031744
2025-06-16,0.022840938062772393
2025-06-17,-0.0002495792556572365
2025-06-18,-0.010008466952727871
2025-06-20,0.010348005582064685
2025-06-23,-0.030176503919258187
2025-06-24,-0.05119389415529373
2025-06-25,0.0053654239938164166
2025-06-26,0.011887922596531892
2025-06-27,-0.008101297890056128
2025-06-30,0.006469372127586991
2025-07-01,-0.003388413050143553
2025-07-02,0.0034787606446227875
2025-07-03,0.020097193472572585
2025-07-07,0.008787656741015743
2025-07-08,-0.014286573063405784
2025-07-09,0.009072424119668613
2025-07-10,0.011131759631895461
2025-07-11,-0.020209859392696372
2025-07-14,-0.00013494408284608905
2025-07-15,0.03061776101562907
2025-07-16,-0.02874078717614477
2025-07-17,0.006759773866809185
2025-07-18,0.02505119844046118
2025-07-21,-0.003937577060242928
2025-07-22,-0.0024885898956260944
2025-07-23,0.019432189351111052
2025-07-24,0.01689473827209261
2025-07-25,-0.020048996762777826
2025-07-28,0.01486822694920405
2025-07-29,0.01461864490561704
2025-07-30,-0.013528198561411298
2025-07-31,0.02947334051228689
2025-08-01,-0.07595744812576713
2025-08-04,-0.00406266404221541
2025-08-05,0.034741861095447
2025-08-06,-0.022902387078378217
2025-08-07,0.05133232460331638
2025-08-08,-0.012053602544495279
2025-08-11,0.016951169210387935
2025-08-12,0.001302639560527674
2025-08-13,0.03904797054681415
2025-08-14,-0.020933936455835706
2025-08-15,0.008500273093865474
2025-08-18,-0.019019663814884846
2025-08-19,0.0029736080065800126
2025-08-20,-0.027195049198565337
2025-08-21,-0.015144304760826842
2025-08-22,0.009083992757641674
2025-08-25,0.03203587224486407
2025-08-26,-0.00985845350157984
2025-08-27,-0.036519276995070106
2025-08-28,0.007999080503663231
2025-08-29,0.01018778677767577
2025-09-02,-0.02378963981782012
2025-09-03,0.022842055341244803
2025-09-04,-0.013197549536586473
2025-09-05,0.026840290889419118
2025-09-08,-0.0053566745166287255
2025-09-09,0.017811074698953856
2025-09-10,0.005662656051906042
2025-09-11,0.0068217487920666136
2025-09-12,0.026479013596664897
2025-09-15,0.019369707038691193
2025-09-16,0.010274267550576255
2025-09-17,0.02484099031881596
2025-09-18,-0.0007959984840519106
2025-09-19,0.016549680952406165
2025-09-22,-0.0030279050277139587
2025-09-23,0.021024117771440455
2025-09-24,-0.00458227698393639
2025-09-25,-0.028406851892153785
2025-09-26,0.011479285454490618
2025-09-29,0.03625867803704026
2025-09-30,-0.008385876460282956
2025-10-01,0.015699566388475656
2025-10-02,0.0641175097879146
2025-10-03,0.002126577291370113
2025-10-06,0.03614957526417158
2025-10-07,0.014766546651952242
2025-10-08,-0.03316648092904036
2025-10-09,0.017063523684801053
2025-10-10,-0.013743050980428863
2025-10-13,-0.02120264302814967
2025-10-14,-0.010572920192589891
2025-10-15,0.04250968366695206
2025-10-16,0.00415348741382974
2025-10-17,0.0059020193295717584
2025-10-20,0.01496726755948415
2025-10-21,-0.007457039197206047
2025-10-22,-0.023357683921282898
2025-10-23,-0.019899097653796716
2025-10-24,0.02993079973693517
2025-10-27,0.01996821608688078
2025-10-28,0.02082282253549598
2025-10-29,0.009562868326859857
2025-10-30,-0.026233294115098373
2025-10-31,0.010476272850117391
2025-11-03,0.006546252848724196
2025-11-04,-0.08726493142024241
2025-11-05,-0.03460026895085684
2025-11-06,0.011935681018104159
2025-11-07,-0.03204662364351355
2025-11-10,0.03516372380713095
2025-11-11,0.01206799500083755
2025-11-12,0.010197813919023007
2025-11-13,-8.442820077832636e-05
2025-11-14,-0.058559233990796614
2025-11-17,0.0003671818557576074
2025-11-18,-0.04585239821273124
2025-11-19,-0.0028400232507739247
2025-11-20,0.015259662342376225
2025-11-21,-0.032277279740120804
2025-11-24,0.010646875710345949
2025-11-25,0.00650737113968199
2025-11-26,0.008767061617959888
2025-11-28,0.015874355887078563
2025-12-01,-0.01821395185895121
2025-12-02,-0.0003290650690869947
2025-12-03,0.00036454486836179356
2025-12-04,0.019105865533414795
2025-12-05,0.0011647192656126424
2025-12-08,-0.0012782219924005374
2025-12-09,-0.012119006285479867
2025-12-10,0.0006119106792570699
2025-12-11,0.01622674538862275
2025-12-12,-0.0012944738171989374
2025-12-15,-0.037525884315805724
2025-12-16,-0.03862001105876004
2025-12-17,-0.007501219671327256
2025-12-18,-0.005692391097484019
2025-12-19,-0.0034881194245956664
2025-12-22,0.033102796919598054
2025-12-23,0.014845956631594085
2025-12-24,0.011742745582493514
2025-12-26,0.0137142627249911
2025-12-29,-0.028837766251994114
2025-12-30,-0.0049647512631502124
2025-12-31,-0.011834471190388494
2026-01-02,-0.004486793669471504
2026-01-05,0.005997979990074381
2026-01-06,0.011187679564963433
2026-01-07,-0.010969073239789684
2026-01-08,-0.016572771557424683
2026-01-09,0.018674482742040567
2026-01-12,0.014708405200756003
2026-01-13,0.03729648551171875
2026-01-14,-0.014568069373789256
2026-01-15,0.05133308801918557
2026-01-16,-0.003589064918771201
2026-01-20,-0.05081529693876655
2026-01-21,0.020992276321008897
2026-01-22,0.047475369969749326
2026-01-23,-0.03479701435311925
2026-01-26,0.004626249092734607
2026-01-27,0.026976548891686103
2026-01-28,0.048539999805613444
2026-01-29,0.051719643731891043
2026-01-30,-0.0830362041116969
2026-02-02,-0.07260163650232006
2026-02-03,0.05284609850863031
2026-02-04,-0.008115788497592164
2026-02-05,-0.03181435789081255
2026-02-06,0.003185913545456942
2026-02-09,0.031013683664194693
2026-02-10,0.02844964524577431
2026-02-11,0.02258650232656626
2026-02-12,0.015268857842028877
2026-02-13,-0.03872299613801511
2026-02-17,0.020537970021479578
2026-02-18,0.007360568626027262
2026-02-19,-0.017934301232479632
2026-02-20,0.0026014757824791936
2026-02-23,0.018810224568128902
2026-02-24,0.00850543492930574
2026-02-25,0.018864194648327337
2026-02-26,-0.01190048147383275
2026-02-27,-0.047364251769730616
2026-03-02,-0.01487989258244471
2026-03-03,-0.06839667705434734
2026-03-04,-0.0014350047473841905
2026-03-05,0.020286333858576328
2026-03-06,0.031161777365507105
2026-03-09,0.02119566946220726
2026-03-10,-0.02658921901778107
2026-03-11,-0.009012551562300334
2026-03-12,-0.005079719418742412
2026-03-13,0.008896036139392627
2026-03-16,0.00287697716702436
2026-03-17,0.002136028858088797
2026-03-18,-0.0017341125905384008
2026-03-19,-0.017536194735010058
2026-03-20,0.0003277396097518537
2026-03-23,0.00010921074389735885
2026-03-24,-1.8891810782406537e-08
2026-03-25,-0.00029084694325214283
2026-03-26,-0.004712795044785167
2026-03-27,-0.009938440754696076
2026-03-30,0.012974697222111567
2026-03-31,0.0036878942741580545
2026-04-01,-0.0034929055234698136
2026-04-02,-0.0008938370666435138
2026-04-06,0.002177018126997614
2026-04-07,0.020253546015264783
2026-04-08,-0.0644279162234738
2026-04-09,0.04000851369045666
2026-04-10,0.05362903736445545
2026-04-13,-0.0033828327804355327
2026-04-14,0.05382899037275365
2026-04-15,0.0276442301365889
2026-04-16,0.009893689388639215
2026-04-17,0.048872486362086034
2026-04-20,0.016946746153266856
2026-04-21,0.009518524410284668
2026-04-22,0.017692257584563387
2026-04-23,0.02327459815581715
2026-04-24,0.07016255079610818
2026-04-27,0.028021931963094028
2026-04-28,-0.07951533912822002
2026-04-29,0.028598373340684713
2026-04-30,0.042984769406952984
2026-05-01,0.01863032536762558
2026-05-04,0.01515915623450607
2026-05-05,0.006857316375153447
2026-05-06,-0.00652188535622078
2026-05-07,-0.0011809001340798088
2026-05-08,0.00021868594195662006
2026-05-11,0.00021872154669999588
2026-05-12,0.00010925345943557652
2026-05-13,0.0
2026-05-14,-0.0010906750851019877
2026-05-15,-0.016672091866265726
2026-05-18,0.007282957366268161
2026-05-19,-0.05144494296140434
2026-05-20,0.019680759298983327
2026-05-21,-0.0009815173329585027
2026-05-22,0.031209689042188973
2026-05-26,0.018268951914890124
2026-05-27,0.009834953248131918
2026-05-28,-0.011935756152033756
2026-05-29,0.01519761140780251
2026-06-01,0.019884446553426284
2026-06-02,0.04293268040597738
2026-06-03,0.019537143831310926
2026-06-04,-0.08443557348780176
2026-06-05,-0.047280247753547
2026-06-08,-0.023762282028247962
2026-06-09,-0.0036691675374280744
2026-06-10,-0.022682763621067248
2026-06-11,-0.011347670953169834
2026-06-12,0.04064269964720912
2026-06-15,0.0495963324462317
2026-06-16,0.007831027594002041
2026-06-17,-0.018971244271249483
2026-06-18,-0.020396547110422082
2026-06-22,0.0003008905869304665
2026-06-23,-0.16436775945044646
2026-06-24,-0.003930219133363888
2026-06-25,0.08770391347067844
2026-06-26,-0.1132449770544489
2026-06-29,0.003470999726502149
2026-06-30,-0.01281616441303309
2026-07-01,-0.01991995803067903
