Date,ret
2010-03-11,-0.001
2010-03-12,0.021371688861397065
2010-03-15,-0.011679264493886565
2010-03-16,0.00935505571104045
2010-03-17,0.016829304351586583
2010-03-18,0.00599642288528246
2010-03-19,-0.011683388040985898
2010-03-22,-0.011580124446765816
2010-03-23,0.024896197373517337
2010-03-24,0.004377966995652516
2010-03-25,0.01142614025557842
2010-03-26,-0.01223831478536963
2010-03-29,0.004288300373014087
2010-03-30,0.004508301300179873
2010-03-31,-0.009211188948005877
2010-04-01,0.014064076408155213
2010-04-05,0.008697492943550378
2010-04-06,0.0027968577081982637
2010-04-07,0.006042769612428556
2010-04-08,-0.013860807939756858
2010-04-09,0.01780294314110753
2010-04-12,0.011277051725054443
2010-04-13,-0.0009100660640045666
2010-04-14,0.010706061787571608
2010-04-15,0.011719498401997264
2010-04-16,-0.0017817055849310703
2010-04-19,-0.031019746036533125
2010-04-20,0.02648487148562695
2010-04-21,0.005834146350361946
2010-04-22,-0.018514666108520483
2010-04-23,0.018636830333698118
2010-04-26,0.015394682761452172
2010-04-27,-0.019995325689830867
2010-04-28,-0.02645772021489834
2010-04-29,0.017733517157383805
2010-04-30,0.01176738091747076
2010-05-03,-0.024379336995200895
2010-05-04,-0.006418981613726116
2010-05-05,-0.041762929448693864
2010-05-06,-0.004333925045483578
2010-05-07,-0.06432005938243726
2010-05-10,0.0
2010-05-11,-0.0012000000000000001
2010-05-12,0.020366731085496338
2010-05-13,-0.001199684172023784
2010-05-14,-0.03444970594754049
2010-05-17,-0.017304941680035955
2010-05-18,3.158279762160987e-07
2010-05-19,-0.00021841728750127132
2010-05-20,0.00021814910716111413
2010-05-21,0.0
2010-05-24,0.0
2010-05-25,-0.0002181015285074306
2010-05-26,0.0002184296910332506
2010-05-27,3.530528980277836e-08
2010-05-28,-3.158278764070488e-07
2010-06-01,-0.0002181015285074306
2010-06-02,2.805226761992685e-07
2010-06-03,3.530528980277836e-08
2010-06-04,-3.5305288692555337e-08
2010-06-07,0.0002178685233678035
2010-06-08,2.805226764213131e-07
2010-06-09,0.0002180183471462982
2010-06-10,-0.0002179708255072299
2010-06-11,0.0
2010-06-14,0.0002180536601332772
2010-06-15,-0.0002179708255072299
2010-06-16,-0.0012000000000000001
2010-06-17,0.016017558749762628
2010-06-18,0.0010508002988223186
2010-06-21,0.022834564785916278
2010-06-22,-0.02948288208862926
2010-06-23,-0.03232618473885984
2010-06-24,-0.016976847186341515
2010-06-25,-0.019306440379458854
2010-06-28,-0.0014181015285074307
2010-06-29,-0.036692295539669906
2010-06-30,-0.04192650641251185
2010-07-01,0.0002178685233678035
2010-07-02,-0.0002181015285074306
2010-07-06,0.00021846500403488456
2010-07-07,-0.0012000000000000001
2010-07-08,0.07575286180094332
2010-07-09,0.003174589869912703
2010-07-12,0.008342694155852648
2010-07-13,0.02881630376288169
2010-07-14,0.002772783400594392
2010-07-15,0.005531325511586749
2010-07-16,-0.009626112806816356
2010-07-19,-0.03748909805412404
2010-07-20,-0.02279332547446311
2010-07-21,0.061116311295895454
2010-07-22,-0.013355354851286028
2010-07-23,0.0166380591072135
2010-07-26,0.025520150511394446
2010-07-27,0.028130752101588774
2010-07-28,-0.015258963075172383
2010-07-29,0.0034730620068099682
2010-07-30,-0.04179978182221189
2010-08-02,0.051959056009252436
2010-08-03,0.008451847921099764
2010-08-04,0.0007860150584133585
2010-08-05,-0.004711224868657937
2010-08-06,-0.009991633900124808
2010-08-09,0.022045202503777395
2010-08-10,-0.015593107430572628
2010-08-11,-0.02507887246888496
2010-08-12,-0.05442733051536652
2010-08-13,0.012313584521656429
2010-08-16,-0.013295542469399013
2010-08-17,0.029816426642377936
2010-08-18,0.006403274158922612
2010-08-19,-0.006915266679996979
2010-08-20,-0.02980516054007376
2010-08-23,0.008900318567350851
2010-08-24,-0.03841740510147673
2010-08-25,-0.019236998329301813
2010-08-26,0.028364736691941728
2010-08-27,-0.010270158162296816
2010-08-30,0.013045284562381854
2010-08-31,-0.0313142385821209
2010-09-01,0.03474340871658543
2010-09-02,0.03707998869900275
2010-09-03,0.03378433814863868
2010-09-07,-0.0038127126772837805
2010-09-08,-0.009294844325998697
2010-09-09,0.033112044131678786
2010-09-10,-0.009348029146576842
2010-09-13,0.02588284137869512
2010-09-14,-0.001313804111211958
2010-09-15,-0.0034213732408675535
2010-09-16,0.007394228840179817
2010-09-17,0.015988748134176056
2010-09-20,-0.002063071870013533
2010-09-21,0.025031656192394003
2010-09-22,-0.008854276745822731
2010-09-23,-0.023481207092945544
2010-09-24,0.02247746578151477
2010-09-27,0.019172310964189032
2010-09-28,-0.007274152363705433
2010-09-29,-0.0007574986445063603
2010-09-30,0.011630562210839246
2010-10-01,-0.0017498131652029514
2010-10-04,-0.010265269525079557
2010-10-05,0.007336511229084186
2010-10-06,0.020843613325241872
2010-10-07,0.00885597658272208
2010-10-08,-0.007803113207643153
2010-10-11,0.011551045766786894
2010-10-12,-0.0077748897946000595
2010-10-13,0.023506410628819197
2010-10-14,0.002392580958647361
2010-10-15,0.008353371331864645
2010-10-18,-0.009467752625860748
2010-10-19,-0.009796668812306009
2010-10-20,-0.004102669466915954
2010-10-21,0.02495762115438027
2010-10-22,-0.001891016558542069
2010-10-25,0.014211111538313226
2010-10-26,-0.017514943824963214
2010-10-27,-0.003803365245164003
2010-10-28,0.020520220409842693
2010-10-29,-0.013326764357669107
2010-11-01,0.013980676770468214
2010-11-02,0.005842825610803404
2010-11-03,0.003252664886629786
2010-11-04,0.027095980812623432
2010-11-05,0.01736175496485326
2010-11-08,-0.00022168282016721275
2010-11-09,0.008202364521061378
2010-11-10,-0.020228777692778088
2010-11-11,-0.009200678747157243
2010-11-12,-0.003624741742966231
2010-11-15,-0.004091610424325487
2010-11-16,-0.02122803394021311
2010-11-17,-0.018423364655172247
2010-11-18,0.01924474924181596
2010-11-19,0.008391387586397014
2010-11-22,-0.0030052518409356965
2010-11-23,-0.015766253403820873
2010-11-24,0.007302468096817227
2010-11-26,-0.00046717314639654894
2010-11-29,-0.011465118838268284
2010-11-30,-0.00852064648219597
2010-12-01,0.03724027496757443
2010-12-02,0.01634056189613675
2010-12-03,0.015625171966181295
2010-12-06,0.008026917064666295
2010-12-07,0.021233954723981263
2010-12-08,-0.015594355214812228
2010-12-09,0.01672177228934424
2010-12-10,0.0021640711146562186
2010-12-13,0.014683433687519898
2010-12-14,-0.004468955385013462
2010-12-15,-0.005130294171671879
2010-12-16,-0.0030080419273534886
2010-12-17,0.007327190704601971
2010-12-20,0.009199843255551343
2010-12-21,0.005936063880938036
2010-12-22,0.00695471098230982
2010-12-23,0.003139032589621449
2010-12-27,-0.008138773254475318
2010-12-28,0.011992859516953835
2010-12-29,0.0016629477416598704
2010-12-30,-0.0033208537970935703
2010-12-31,-0.004789633408450955
2011-01-03,0.019250603687801737
2011-01-04,0.01006011490727654
2011-01-05,-0.012195693813168207
2011-01-06,0.0174900029521603
2011-01-07,-0.0018198830364206664
2011-01-10,-0.015397208227585613
2011-01-11,0.013786269264943751
2011-01-12,0.0119745685733601
2011-01-13,0.0060168705472425366
2011-01-14,-0.006180198589315511
2011-01-18,0.015045020225686212
2011-01-19,0.003755056488089714
2011-01-20,-0.022642179083637304
2011-01-21,0.014101512253944737
2011-01-24,-0.009137992264842909
2011-01-25,0.00721745942877372
2011-01-26,0.011345527975940906
2011-01-27,0.0033453309024136235
2011-01-28,0.006473634340238732
2011-01-31,-0.03137822590934325
2011-02-01,0.021529318039273493
2011-02-02,0.014181686876411526
2011-02-03,-0.0021366242087351717
2011-02-04,0.008953286759624035
2011-02-07,0.00945179101577387
2011-02-08,0.009746125298992325
2011-02-09,0.0015139367249037416
2011-02-10,-0.009259173218933991
2011-02-11,0.003242397030956301
2011-02-14,0.018441144682175503
2011-02-15,-0.00018692092776917413
2011-02-16,0.006721665591806314
2011-02-17,-0.0003707634812460947
2011-02-18,0.013358020320359154
2011-02-22,-0.018674642725329482
2011-02-23,-0.020522420048340595
2011-02-24,-0.01333340563052643
2011-02-25,0.009459554208138377
2011-02-28,0.02008031546542499
2011-03-01,0.011061081098312053
2011-03-02,-0.04190590572052755
2011-03-03,0.025159305405363597
2011-03-04,0.014725318805959509
2011-03-07,-0.007627726495631926
2011-03-08,-0.018560559380088715
2011-03-09,0.009551333736403489
2011-03-10,-0.019488851987887745
2011-03-11,-0.02277143198767717
2011-03-14,0.00730635895118148
2011-03-15,-0.05273443794907462
2011-03-16,0.025455092948437397
2011-03-17,-0.0032290149031541926
2011-03-18,0.021866574122531013
2011-03-21,0.008123952970554127
2011-03-22,0.005110009159364548
2011-03-23,-0.01223444106816729
2011-03-24,0.02401264443510942
2011-03-25,0.011821787664664907
2011-03-28,0.005554513852888965
2011-03-29,-0.011047875010135821
2011-03-30,0.02523136625467748
2011-03-31,0.001127355704162003
2011-04-01,0.012572619463149248
2011-04-04,0.00018521752547839831
2011-04-05,-0.006855920739025856
2011-04-06,0.013432659913259481
2011-04-07,-0.007179286223060077
2011-04-08,0.007231489742945074
2011-04-11,-0.013070745650351157
2011-04-12,-0.019958767071708627
2011-04-13,0.005710024057473673
2011-04-14,-0.02062876992188145
2011-04-15,0.0166188483099301
2011-04-18,-0.01805769008221436
2011-04-19,0.0021293858081661288
2011-04-20,0.03264436520843983
2011-04-21,0.013468158947719688
2011-04-25,-0.0016614488862710663
2011-04-26,0.005546650572878509
2011-04-27,0.015075969592605265
2011-04-28,0.005434135798475959
2011-04-29,0.0104486195011535
2011-05-02,0.013905934070459924
2011-05-03,-0.016352942140522186
2011-05-04,-0.00411158673921197
2011-05-05,-0.02369426049534218
2011-05-06,0.012134844832892622
2011-05-09,-0.010172859451760496
2011-05-10,0.014131015451664286
2011-05-11,0.0070581062326036115
2011-05-12,-0.02282132994324393
2011-05-13,0.01581438528229695
2011-05-16,-0.023533776410895046
2011-05-17,-0.013162584601295824
2011-05-18,0.00845395739854271
2011-05-19,0.02328594236746473
2011-05-20,-0.0069177637006789805
2011-05-23,-0.03556369294544315
2011-05-24,0.007603084332840071
2011-05-25,-0.01546874954820432
2011-05-26,0.00881355411198892
2011-05-27,0.02032364265359754
2011-05-31,0.020848654271311773
2011-06-01,-0.0036472841861936445
2011-06-02,-0.03788428512836084
2011-06-03,-0.027772514181848673
2011-06-06,-0.0005865974345889979
2011-06-07,-0.007243702264762342
2011-06-08,-0.013804319505357765
2011-06-09,-0.0012001735159683715
2011-06-10,-0.00021841728750127132
2011-06-13,0.00021846500403488456
2011-06-14,-0.00021841728750127132
2011-06-15,0.00021814910716111413
2011-06-16,0.0
2011-06-17,0.0
2011-06-20,0.0
2011-06-21,3.158279762160987e-07
2011-06-22,-0.00021841728750127132
2011-06-23,0.00021814910716111413
2011-06-24,3.158279762160987e-07
2011-06-27,0.0
2011-06-28,0.0
2011-06-29,-0.00021841728750127132
2011-06-30,-0.0012000000000000001
2011-07-01,0.012830282832301254
2011-07-05,0.02684820805776056
2011-07-06,-0.004234578723056548
2011-07-07,0.024962693849581274
2011-07-08,-0.019483919181428444
2011-07-11,-0.016007480819150155
2011-07-12,-0.016080824857827136
2011-07-13,0.006081394760638181
2011-07-14,0.0007555221366437603
2011-07-15,-0.007549970768897074
2011-07-18,-0.009129119608172975
2011-07-19,0.0038390466429245595
2011-07-20,0.026003746867790056
2011-07-21,0.005031456412127211
2011-07-22,0.017244932022616677
2011-07-25,-0.018410857832042993
2011-07-26,0.006500006761199328
2011-07-27,-0.016974308335241717
2011-07-28,-0.030217924865902468
2011-07-29,-0.025933509461636306
2011-08-01,0.030200357208298723
2011-08-02,-0.045901215744010626
2011-08-03,-0.03516036952721171
2011-08-04,0.0
2011-08-05,0.0
2011-08-08,-0.0002181015285074306
2011-08-09,0.00021814910716111413
2011-08-10,-0.0002181015285074306
2011-08-11,0.0
2011-08-12,0.00021814910716111413
2011-08-15,-0.0002181015285074306
2011-08-16,0.00021814910716111413
2011-08-17,0.0
2011-08-18,5.485760710133292e-07
2011-08-19,-5.485757700318672e-07
2011-08-22,-0.00021755307208171093
2011-08-23,-5.485757700318672e-07
2011-08-24,0.00021814910716111413
2011-08-25,5.485760710133292e-07
2011-08-26,-5.485757700318672e-07
2011-08-29,0.0
2011-08-30,-0.0002181015285074306
2011-08-31,0.00021814910716111413
2011-09-01,-0.0002181015285074306
2011-09-02,0.00021814910716111413
2011-09-06,-0.00021778576941389183
2011-09-07,2.3274802130046623e-07
2011-09-08,-0.00021806590765427458
2011-09-09,-2.3274796723260494e-07
2011-09-12,0.0
2011-09-13,0.00021834626955308245
2011-09-14,0.0
2011-09-15,0.0
2011-09-16,0.0
2011-09-19,-2.3274796723260494e-07
2011-09-20,-0.00021806590765427458
2011-09-21,0.00021811347076616805
2011-09-22,-0.00021783321038726378
2011-09-23,0.00021788067203343253
2011-09-26,0.0
2011-09-27,-0.00021783321038726378
2011-09-28,0.00021788067203343253
2011-09-29,0.0
2011-09-30,0.0
2011-10-03,0.0
2011-10-04,0.0
2011-10-05,0.0
2011-10-06,2.3274802130046623e-07
2011-10-07,-0.0002182986048671065
2011-10-10,2.3274802130046623e-07
2011-10-11,-2.3274796723260494e-07
2011-10-12,0.00021834626955308245
2011-10-13,-0.0002182986048671065
2011-10-14,0.00021834626955308245
2011-10-17,-0.00021806590765427458
2011-10-18,-2.3274796723260494e-07
2011-10-19,0.0
2011-10-20,0.0
2011-10-21,-0.0011997672519786996
2011-10-24,0.01655490037844931
2011-10-25,0.012543670162978415
2011-10-26,-0.00912828400220056
2011-10-27,0.05242362795656841
2011-10-28,0.0060442042162185405
2011-10-31,-0.014087443692802126
2011-11-01,-0.07984846234649912
2011-11-02,0.029458826543185657
2011-11-03,0.023513378114016437
2011-11-04,-0.0015169990755387053
2011-11-07,0.002387517945565465
2011-11-08,0.02403655194594645
2011-11-09,-0.03171920294479591
2011-11-10,-0.0032756509285915003
2011-11-11,0.016651995457429125
2011-11-14,0.005603326593655256
2011-11-15,-0.01564501359980086
2011-11-16,-0.006314059961524121
2011-11-17,-0.015118341441777816
2011-11-18,-0.023891676988519704
2011-11-21,0.0
2011-11-22,2.3274802130046623e-07
2011-11-23,-2.3274796723260494e-07
2011-11-25,0.0
2011-11-28,-0.00021806590765427458
2011-11-29,-1.5059916891324576e-07
2011-11-30,3.833472481673539e-07
2011-12-01,-0.0014184967342541145
2011-12-02,0.020686019706462888
2011-12-05,0.01099681673918429
2011-12-06,-0.009596890607428743
2011-12-07,-0.006029418484594151
2011-12-08,0.0012994158256343091
2011-12-09,-0.022500269566032682
2011-12-12,0.006197084070677317
2011-12-13,-0.0013199405226327343
2011-12-14,-0.036784290599107594
2011-12-15,0.0070892536837048326
2011-12-16,-0.0006812759071881391
2011-12-19,-0.0024993005173894467
2011-12-20,0.0011387318955835557
2011-12-21,0.028214207502153865
2011-12-22,0.011063883147597542
2011-12-23,0.017926564913059773
2011-12-27,0.007096843042450063
2011-12-28,0.005552061181044232
2011-12-29,-0.019961640855426843
2011-12-30,0.012350856052146142
2012-01-03,0.026755259762878847
2012-01-04,-0.008546700352026537
2012-01-05,-0.002523476373624378
2012-01-06,0.018549853315022347
2012-01-09,-0.0033113742231438703
2012-01-10,0.021802252442033154
2012-01-11,-0.010567020628382884
2012-01-12,0.012733683574698063
2012-01-13,-0.014195642300481093
2012-01-17,0.02242326198881006
2012-01-18,-0.011468993087715984
2012-01-19,0.029106695042315556
2012-01-20,0.000593364279122488
2012-01-23,0.0043484866312055726
2012-01-24,-0.011021445652050765
2012-01-25,0.006965010896563983
2012-01-26,0.028854240512813822
2012-01-27,-0.028236934247253487
2012-01-30,-0.011069298403570405
2012-01-31,0.022986097824793106
2012-02-01,0.004103361189851329
2012-02-02,0.006226651723162835
2012-02-03,0.019338598451490663
2012-02-06,-0.00018956562911875974
2012-02-07,0.0024667498396007126
2012-02-08,0.010599816505178383
2012-02-09,0.00805415024458589
2012-02-10,-0.01895205236559372
2012-02-13,0.01742424194903891
2012-02-14,-0.00483981532573452
2012-02-15,0.009913871181079115
2012-02-16,-0.015743726146892345
2012-02-17,0.029356261306496156
2012-02-21,0.002742381004475547
2012-02-22,-0.007292648117569356
2012-02-23,-0.0045909618204234
2012-02-24,0.014390681374264247
2012-02-27,-0.01309560017614364
2012-02-28,0.017508489961373774
2012-02-29,0.0077881120497520495
2012-03-01,-0.006649917505127112
2012-03-02,0.005789775727702118
2012-03-05,-0.008274803798125618
2012-03-06,-0.02575716607157974
2012-03-07,-0.0042824937713039635
2012-03-08,0.021129609659596316
2012-03-09,0.011719387754916655
2012-03-12,0.0032579406474502193
2012-03-13,0.011365601344953014
2012-03-14,0.02568697451915214
2012-03-15,0.0003479844985316838
2012-03-16,0.01182156462800088
2012-03-19,-0.0017179547394373662
2012-03-20,-0.0022377371748864006
2012-03-21,0.005814707463646096
2012-03-22,-0.01890995928243555
2012-03-23,0.002628241711838397
2012-03-26,0.018350390016454776
2012-03-27,0.01596015639477888
2012-03-28,-0.00912151672178163
2012-03-29,-0.020627644979176463
2012-03-30,0.01845095980464495
2012-04-02,-0.0044435638621961315
2012-04-03,0.014077091093585459
2012-04-04,-0.020822828839266783
2012-04-05,-0.010373258036149968
2012-04-09,-0.020440496928427532
2012-04-10,-0.001248352962259447
2012-04-11,-0.009821349645035227
2012-04-12,-0.002164292831126291
2012-04-13,0.0195195298316011
2012-04-16,-0.009927563942007334
2012-04-17,0.000716423761170315
2012-04-18,0.00840947803702452
2012-04-19,0.0021290274478260596
2012-04-20,-0.004072387561587454
2012-04-23,-0.026310906332863593
2012-04-24,0.006207887673842505
2012-04-25,0.02522223708605642
2012-04-26,0.003362549464735798
2012-04-27,0.024166631219344037
2012-04-30,-0.006717306104655929
2012-05-01,-0.0041615345248270375
2012-05-02,0.0008704310810596638
2012-05-03,0.006611301793370217
2012-05-04,-0.026443184196829228
2012-05-07,-0.02822658090748431
2012-05-08,-0.003836462848589739
2012-05-09,-0.017054814150213038
2012-05-10,0.023880876922523386
2012-05-11,-0.02314153088885229
2012-05-14,-0.0126842465072452
2012-05-15,-0.004345277419061433
2012-05-16,-0.0011385127120653316
2012-05-17,-0.01715775990713666
2012-05-18,-0.0002182442904397064
2012-05-21,0.0
2012-05-22,-4.840019807161866e-08
2012-05-23,-0.0002182086774289438
2012-05-24,4.840020029206471e-08
2012-05-25,0.0002182563028481077
2012-05-29,0.00021829193140732173
2012-05-30,0.0
2012-05-31,0.0
2012-06-01,0.0
2012-06-04,0.0
2012-06-05,-0.0002182442904397064
2012-06-06,0.00021800114788206315
2012-06-07,0.0
2012-06-08,-0.00021824429043959537
2012-06-11,0.0
2012-06-12,0.0002185827150171793
2012-06-13,-0.0002182442904397064
2012-06-14,0.0
2012-06-15,-0.0012002907200633563
2012-06-18,0.002854739304615439
2012-06-19,0.023344415072556357
2012-06-20,0.008493804452194942
2012-06-21,-0.0009207062036133973
2012-06-22,-0.03722155231641622
2012-06-25,-0.016267625763844995
2012-06-26,-0.005836788183903097
2012-06-27,0.010763126462420392
2012-06-28,-0.001935935450617654
2012-06-29,0.04481106363094112
2012-07-02,0.01800937148863957
2012-07-03,0.000182244816685051
2012-07-05,0.0065648579982240385
2012-07-06,-0.02119548171500596
2012-07-09,-0.0012955693330147788
2012-07-10,0.00908072972616969
2012-07-11,-0.026262680840646424
2012-07-12,-0.013014059792772592
2012-07-13,0.007835090344185724
2012-07-16,0.022752993945365008
2012-07-17,0.008713362985716344
2012-07-18,0.0011027104502780993
2012-07-19,0.023315765316146653
2012-07-20,-0.010764450880656029
2012-07-23,-0.03608995096472767
2012-07-24,0.011288903475350054
2012-07-25,-0.014883673514219486
2012-07-26,0.024551497929639066
2012-07-27,0.014746274994503317
2012-07-30,0.0239782391703125
2012-07-31,-0.00035457132808758285
2012-08-01,0.0023067653288373346
2012-08-02,-0.030630125804909425
2012-08-03,0.02977174976829189
2012-08-06,0.016317791865612774
2012-08-07,0.006806396748543664
2012-08-08,-0.004680520889899231
2012-08-09,0.0055728874510552195
2012-08-10,-0.0025976930719392444
2012-08-13,0.007640191448917921
2012-08-14,0.009650245776019917
2012-08-15,-0.009216664860918766
2012-08-16,0.006373902859519109
2012-08-17,0.01609042407831307
2012-08-20,-0.0035377203893768305
2012-08-21,0.007945941785198807
2012-08-22,-0.015934533215925084
2012-08-23,0.0010229095330096527
2012-08-24,-0.01651641278786542
2012-08-27,0.02216071037379086
2012-08-28,-0.009993213863373818
2012-08-29,0.0049617143065745495
2012-08-30,-0.009192880161805861
2012-08-31,0.005841566184222824
2012-09-04,-0.003416469573990666
2012-09-05,0.0005140517836457192
2012-09-06,0.009251339341540099
2012-09-07,0.03157403901795797
2012-09-10,0.00246805280138207
2012-09-11,-0.008043369217259011
2012-09-12,0.01092202953277388
2012-09-13,-3.593554112057973e-07
2012-09-14,0.03437557406906566
2012-09-17,0.0007913474700851353
2012-09-18,-0.005376075986618933
2012-09-19,0.0034975739375038284
2012-09-20,-0.010931722838402824
2012-09-21,0.02050294990257462
2012-09-24,-0.02087571114219855
2012-09-25,0.01135989365420631
2012-09-26,-0.026044186934248037
2012-09-27,-0.0024459189811091298
2012-09-28,0.0021248694865365625
2012-10-01,0.006524213039787119
2012-10-02,0.005509823212844767
2012-10-03,-0.0009670825809513506
2012-10-04,0.010324171057134457
2012-10-05,0.017882882372875164
2012-10-08,-0.018196024132779876
2012-10-09,-0.001278352446508979
2012-10-10,-0.01807690451668309
2012-10-11,0.000977483141952895
2012-10-12,-0.011067564717166634
2012-10-15,-0.002962701948883928
2012-10-16,0.02030378652785525
2012-10-17,0.01261932458916748
2012-10-18,0.002396629814280793
2012-10-19,-0.0039847259785275035
2012-10-22,-0.03264528938911604
2012-10-23,-0.018031437875770884
2012-10-24,0.00033699066425763036
2012-10-25,0.0013471478894175881
2012-10-26,-0.010090757327622324
2012-10-31,0.007815115465815703
2012-11-01,-0.002697003627078698
2012-11-02,0.028059294970916637
2012-11-05,-0.03239062884006705
2012-11-06,0.013423926907528694
2012-11-07,-0.00855141793750791
2012-11-08,-0.028243062255530527
2012-11-09,-0.029759408849306612
2012-11-12,0.014349662439970379
2012-11-13,-0.015738164780378483
2012-11-14,0.010420228376496476
2012-11-15,-0.033561264905123366
2012-11-16,0.0
2012-11-19,0.0
2012-11-20,-0.0011997576800641054
2012-11-21,0.006170595538944834
2012-11-23,0.01209024019002869
2012-11-26,0.006925431373477453
2012-11-27,0.003782618250477876
2012-11-28,-0.016786596414201882
2012-11-29,0.032578272919028484
2012-11-30,0.0020245976106187946
2012-12-03,0.009766104821316013
2012-12-04,-0.01950987263785353
2012-12-05,-0.001020242722555964
2012-12-06,-0.0003404720777613335
2012-12-07,0.016859787747085964
2012-12-10,-0.004689427030371007
2012-12-11,0.012114948744932352
2012-12-12,0.01263501342825335
2012-12-13,-0.007387876280155359
2012-12-14,-0.016043526378947237
2012-12-17,0.0025213737623008825
2012-12-18,0.021294370687590325
2012-12-19,0.021999477189907468
2012-12-20,-0.016385274411314543
2012-12-21,-0.017148649852397724
2012-12-24,0.00498491365785636
2012-12-26,0.0025226237809061747
2012-12-27,-0.012392632587177044
2012-12-28,-0.016061411510286172
2012-12-31,-0.013943543002750136
2013-01-02,0.07811691123386955
2013-01-03,0.01151635022883557
2013-01-04,-0.00031646126570494815
2013-01-07,-0.001106932992335219
2013-01-08,-0.0022170132509592433
2013-01-09,0.0023804562898939174
2013-01-10,0.011558142857941656
2013-01-11,0.0042262448720207235
2013-01-14,-0.002182447291682932
2013-01-15,-0.008434907811259773
2013-01-16,0.007246620488388533
2013-01-17,0.011885865540324003
2013-01-18,0.004482254979647049
2013-01-22,0.00446196166642765
2013-01-23,0.010876379338687014
2013-01-24,-0.0001513648553872482
2013-01-25,0.010154783446067128
2013-01-28,0.005401325857554928
2013-01-29,-0.0074616686613613314
2013-01-30,0.011727484776302033
2013-01-31,-0.009956642483380684
2013-02-01,0.009906680178125127
2013-02-04,-0.0041613931957847905
2013-02-05,0.0002982071138266651
2013-02-06,0.00193967740024803
2013-02-07,0.009233103005004129
2013-02-08,0.00029520888167611226
2013-02-11,0.0067859754870194244
2013-02-12,0.00014626399571482374
2013-02-13,0.007031309563633403
2013-02-14,-0.008436940567131623
2013-02-15,0.010269784932850579
2013-02-19,-0.001016743762506711
2013-02-20,0.009885108491602956
2013-02-21,-0.028069417654712603
2013-02-22,0.0020736451818581525
2013-02-25,0.019213691059403626
2013-02-26,-0.03770322350943878
2013-02-27,0.0019590132952815864
2013-02-28,0.026771159648248055
2013-03-01,-0.010546599465379947
2013-03-04,0.009326385557588024
2013-03-05,0.02449431467803631
2013-03-06,0.0160342578649062
2013-03-07,-0.0018316418518841138
2013-03-08,0.009175390042369669
2013-03-11,-0.001539059469513826
2013-03-12,0.007705472607970609
2013-03-13,-0.0020850397223218797
2013-03-14,0.006686531866680667
2013-03-15,0.003460083659385882
2013-03-18,-0.020135174275875523
2013-03-19,0.01323002964641451
2013-03-20,0.00197790197511738
2013-03-21,-0.009708848185392194
2013-03-22,0.00140077379238579
2013-03-25,0.015105110530179822
2013-03-26,-0.004822755692767355
2013-03-27,-0.005537764741085471
2013-03-28,0.011694327084375233
2013-04-01,0.005229229528118218
2013-04-02,0.0005472444270879784
2013-04-03,0.003557484391682131
2013-04-04,-0.018950624876857725
2013-04-05,-0.01917743456130061
2013-04-08,0.017569091425067018
2013-04-09,0.01545534428712525
2013-04-10,0.00891265536698116
2013-04-11,0.019162321479774702
2013-04-12,6.081891212872392e-07
2013-04-15,-0.008667849733687727
2013-04-16,-0.022329878734958175
2013-04-17,-0.0004130382444763603
2013-04-18,-0.01169955841035164
2013-04-19,-0.011281586873626792
2013-04-22,0.016340610694395297
2013-04-23,0.014968488792969747
2013-04-24,0.011743978840677682
2013-04-25,0.005263691869917153
2013-04-26,0.00040303361239701907
2013-04-29,0.0045629787203935734
2013-04-30,0.007481647693670768
2013-05-01,0.000662962200322692
2013-05-02,-0.008746407379653154
2013-05-03,0.03141762495600031
2013-05-06,0.004147147329692347
2013-05-07,0.0076160812003196465
2013-05-08,0.004227905304660551
2013-05-09,0.010332362656803706
2013-05-10,-0.0035346868017510635
2013-05-13,0.002154056896214618
2013-05-14,0.005562824382399967
2013-05-15,0.016848900829699698
2013-05-16,0.009397924165160276
2013-05-17,0.0013476109694503524
2013-05-20,0.010643683362646872
2013-05-21,0.0030263023787779897
2013-05-22,0.003499731497349945
2013-05-23,-0.03812369157454343
2013-05-24,0.003250598936651139
2013-05-28,0.0325273398917576
2013-05-29,-0.0201572182881109
2013-05-30,-0.0003693051324774599
2013-05-31,0.0001236735120717647
2013-06-03,-0.020051740951006168
2013-06-04,0.0
2013-06-05,0.0
2013-06-06,0.00021840469059886125
2013-06-07,-0.0004366132994497729
2013-06-10,0.0004368040138915674
2013-06-11,-1.7429213849950997e-08
2013-06-12,1.7429214294040207e-08
2013-06-13,-0.00021835700040584438
2013-06-14,1.7429214294040207e-08
2013-06-17,0.0
2013-06-18,0.0
2013-06-19,0.0002183872575782786
2013-06-20,0.0
2013-06-21,-1.7429213849950997e-08
2013-06-24,-0.00021833957499739487
2013-06-25,0.0
2013-06-26,0.0
2013-06-27,0.00021840469059886125
2013-06-28,0.0
2013-07-01,-0.00021835700040584438
2013-07-02,0.00021840469059886125
2013-07-03,-1.7429213849950997e-08
2013-07-05,0.0
2013-07-08,-0.00021797695782777016
2013-07-09,-0.0002183039672436493
2013-07-10,0.0
2013-07-11,0.0
2013-07-12,-0.0012000000000000001
2013-07-15,0.00682181638332735
2013-07-16,0.0032091609527968856
2013-07-17,-0.0008290446625909276
2013-07-18,0.0013043088184381268
2013-07-19,0.002486675462400667
2013-07-22,0.011104675190396707
2013-07-23,0.004673556860817829
2013-07-24,-0.00034908538583322546
2013-07-25,-0.019543929408095906
2013-07-26,0.000593392377248092
2013-07-29,0.00569208521055109
2013-07-30,0.0036341513670129287
2013-07-31,0.00021800629186108367
2013-08-01,-0.00141795877547659
2013-08-02,0.002400413479925679
2013-08-05,0.0002183516342715297
2013-08-06,0.0
2013-08-07,3.4526714021154703e-07
2013-08-08,-0.0002183039672436493
2013-08-09,-3.452670209735942e-07
2013-08-12,0.0002183516342715297
2013-08-13,0.0
2013-08-14,-0.0002183039672435383
2013-08-15,0.0002183516342715297
2013-08-16,0.0
2013-08-19,3.4526714021154703e-07
2013-08-20,-3.452670210846165e-07
2013-08-21,-0.0002183039672435383
2013-08-22,0.00021869697680143574
2013-08-23,-3.452670210846165e-07
2013-08-26,-0.00021795877547658993
2013-08-27,0.00021835163427175175
2013-08-28,-0.0002183039672436493
2013-08-29,0.00021800629186108367
2013-08-30,-0.0002183039672435383
2013-09-03,0.0
2013-09-04,0.0
2013-09-05,0.0
2013-09-06,0.0
2013-09-09,0.00021850883747043248
2013-09-10,1.8809822988075098e-07
2013-09-11,0.0
2013-09-12,0.0
2013-09-13,-3.452670210846165e-07
2013-09-16,-0.00021795877547658993
2013-09-17,-0.0012000000000000001
2013-09-18,0.006138938189617971
2013-09-19,0.02992981174851761
2013-09-20,-0.0045830147300859325
2013-09-23,-0.020884375484947815
2013-09-24,-0.007339846630360358
2013-09-25,-0.0029327333890455387
2013-09-26,-0.003827475383986423
2013-09-27,-0.005704898675272463
2013-09-30,-0.01627642752710623
2013-10-01,0.007856361768182829
2013-10-02,0.00200797335581826
2013-10-03,0.0058929872096438185
2013-10-04,-0.012771824935061904
2013-10-07,-0.004154679082881252
2013-10-08,2.632640352384641e-07
2013-10-09,-0.01942837325992297
2013-10-10,0.017868284678773216
2013-10-11,0.018867511590717756
2013-10-14,0.0038681930552166843
2013-10-15,0.01482774520257002
2013-10-16,0.0025313006449700914
2013-10-17,0.007688375887321852
2013-10-18,0.029039998018845825
2013-10-21,0.006861619153691656
2013-10-22,0.005165860799096311
2013-10-23,-0.001421591083445528
2013-10-24,0.0012047964605190753
2013-10-25,0.00678130408135158
2013-10-28,0.004127956701341251
2013-10-29,0.008330504472102929
2013-10-30,0.008905548044966904
2013-10-31,-0.013824962178375477
2013-11-01,-0.001617989307794998
2013-11-04,0.007669075925126556
2013-11-05,-0.006431540622230503
2013-11-06,0.01024928235836886
2013-11-07,0.005019388522437884
2013-11-08,-0.029752561785451714
2013-11-11,0.026064983321349988
2013-11-12,-0.0022412119593425706
2013-11-13,-0.009627847341667661
2013-11-14,0.027867874426276362
2013-11-15,0.011559399004914983
2013-11-18,0.008830218942784906
2013-11-19,-0.011636428559702594
2013-11-20,0.0004167689974003963
2013-11-21,-0.004582193176940974
2013-11-22,0.011090052851390197
2013-11-25,0.012728037848755758
2013-11-26,-0.004393802080106091
2013-11-27,0.001539224577903564
2013-11-29,0.004918482056549545
2013-12-02,-0.002447240215689983
2013-12-03,-0.012674946424744316
2013-12-04,-0.009835443139071254
2013-12-05,0.0038687276308349006
2013-12-06,0.013748465887161387
2013-12-09,0.008527820674367081
2013-12-10,-0.005195562666811315
2013-12-11,-0.0019460195778084888
2013-12-12,-0.024317230928460387
2013-12-13,-0.0011569687602731582
2013-12-16,0.004737540386392958
2013-12-17,0.0046109491706003425
2013-12-18,-0.00490244829483244
2013-12-19,0.025262024234221858
2013-12-20,0.005112183500611378
2013-12-23,0.01922448204467475
2013-12-24,0.0011380425851759135
2013-12-26,0.008680911827874782
2013-12-27,0.008507159316259338
2013-12-30,-0.0027464697710604113
2013-12-31,0.0022624031392091126
2014-01-02,-0.0013739907990802935
2014-01-03,-0.008254660017538273
2014-01-06,0.0025761080574984163
2014-01-07,-0.004150636264895202
2014-01-08,0.00367202732353622
2014-01-09,0.007020346102522668
2014-01-10,-0.0012763470164095514
2014-01-13,-0.003539350011880771
2014-01-14,-0.015195270417347917
2014-01-15,0.01963734231583869
2014-01-16,0.0020636004737941693
2014-01-17,-0.0017646990450880251
2014-01-21,0.005991835902282139
2014-01-22,-0.0018552368360201799
2014-01-23,-0.012228441821377056
2014-01-24,-0.01941182174612066
2014-01-27,-0.02838107972516446
2014-01-28,-0.010186853230865323
2014-01-29,-0.006616602369518776
2014-01-30,0.013955256796239546
2014-01-31,-0.02043595594625236
2014-02-03,0.010431173624066314
2014-02-04,-0.03392003230285667
2014-02-05,-0.0023985632279286406
2014-02-06,0.00907211943730779
2014-02-07,0.031087664515509372
2014-02-10,0.01544289529668652
2014-02-11,0.0057932578763790765
2014-02-12,0.022629034500304845
2014-02-13,-0.015489824174982791
2014-02-14,0.02257864714922575
2014-02-18,0.014187127880853856
2014-02-19,-0.0043345788191406776
2014-02-20,-0.005342881795043497
2014-02-21,0.013030943969013054
2014-02-24,-0.0026509250942694518
2014-02-25,0.008368667358714443
2014-02-26,0.0009759332022181155
2014-02-27,-0.005754645363734379
2014-02-28,0.01275376389866123
2014-03-03,-0.011915178852594743
2014-03-04,0.022548977315998364
2014-03-05,0.010546880191506958
2014-03-06,0.0050278596951274235
2014-03-07,0.007363753086674141
2014-03-10,-0.01030828816900009
2014-03-11,0.005397069432584001
2014-03-12,-0.022508845725167426
2014-03-13,0.016475509122280574
2014-03-14,-0.03270138272819034
2014-03-17,0.00872118772583197
2014-03-18,0.01194855205953882
2014-03-19,0.010463885440103349
2014-03-20,-0.015295540435041777
2014-03-21,0.024409220930170505
2014-03-24,-0.009229842422617929
2014-03-25,-0.0051330668310352046
2014-03-26,0.0075505169127585425
2014-03-27,-0.024568449595996245
2014-03-28,0.0037928287261430604
2014-03-31,0.01598509684664995
2014-04-01,0.010680057811569554
2014-04-02,0.009151730514717293
2014-04-03,0.0075728066103259994
2014-04-04,0.005011155670078038
2014-04-07,-0.039239517345656894
2014-04-08,-0.01845076446524685
2014-04-09,0.01468565230696317
2014-04-10,0.016113361304450624
2014-04-11,-0.05232181219922549
2014-04-14,0.008016274990254812
2014-04-15,0.003976204186313836
2014-04-16,0.023663115186315364
2014-04-17,0.004449000893455457
2014-04-21,0.006066767471884615
2014-04-22,0.00832683228921538
2014-04-23,0.00598006940926088
2014-04-24,0.0062274939425905895
2014-04-25,-0.012471568216697593
2014-04-28,-0.001899287542232675
2014-04-29,0.004661727644027058
2014-04-30,-0.00047357118316215807
2014-05-01,0.008432166868246549
2014-05-02,0.000563703144283334
2014-05-05,-0.012394442618735568
2014-05-06,0.009222431618805427
2014-05-07,-0.006217642274635171
2014-05-08,0.0029386123043146917
2014-05-09,-0.0002837961411080725
2014-05-12,0.011440204693670575
2014-05-13,0.013086617261562461
2014-05-14,-0.002122368191192381
2014-05-15,-0.012205039556103192
2014-05-16,-0.012075167683703869
2014-05-19,0.00179998838656803
2014-05-20,0.01021472098727716
2014-05-21,-0.006553428283063489
2014-05-22,0.011685684821115538
2014-05-23,0.006054995598263613
2014-05-27,0.01388908793214605
2014-05-28,0.004748611572014783
2014-05-29,0.003272135669523113
2014-05-30,0.003895840405407025
2014-06-02,0.007760787150432158
2014-06-03,-0.005552012743170076
2014-06-04,0.00018016535273046586
2014-06-05,0.009903593165244029
2014-06-06,0.015244807807159422
2014-06-09,0.004566059873933881
2014-06-10,0.00017496431907204624
2014-06-11,-0.004282489158844105
2014-06-12,-0.0027210362074601147
2014-06-13,-0.007656970170519362
2014-06-16,-0.0003548881587600583
2014-06-17,0.0008870513257401846
2014-06-18,0.00877599989041511
2014-06-19,0.015993039374504026
2014-06-20,0.005535439530380826
2014-06-23,-0.0006021192646327167
2014-06-24,-0.004561450136099987
2014-06-25,-0.012877485852512915
2014-06-26,0.014200513429969863
2014-06-27,-0.006568716138800612
2014-06-30,0.007308048821560442
2014-07-01,0.0049229568000142
2014-07-02,0.008079199658757252
2014-07-03,0.007758674626451967
2014-07-07,0.00033847268162934263
2014-07-08,-0.0068505807121216344
2014-07-09,-0.004513435662338194
2014-07-10,-0.015483272918154434
2014-07-11,0.010600574221837133
2014-07-14,0.013756359752622016
2014-07-15,0.0014415740296651602
2014-07-16,0.0037263810634189376
2014-07-17,-0.007256252046891731
2014-07-18,-0.010368676917779762
2014-07-21,0.006956171037408421
2014-07-22,0.009808171449751102
2014-07-23,0.004223141123785856
2014-07-24,0.003868831051332844
2014-07-25,-0.007624064675381237
2014-07-28,-0.003292336967650855
2014-07-29,0.0039807203476847075
2014-07-30,-0.00548379263419041
2014-07-31,-0.022068711785009264
2014-08-01,1.6875760988632749e-07
2014-08-04,-0.00021849479676450123
2014-08-05,-1.6875758135359575e-07
2014-08-06,0.0
2014-08-07,1.6875760988632749e-07
2014-08-08,0.00021837375271172021
2014-08-11,0.0
2014-08-12,-0.0014184947967642793
2014-08-13,0.0069962017547777755
2014-08-14,0.00914606668620288
2014-08-15,0.013507699198693102
2014-08-18,0.003439257380859706
2014-08-19,0.009940025164716815
2014-08-20,0.003393974796581656
2014-08-21,0.009808824743342326
2014-08-22,0.002344506099939192
2014-08-25,0.007852933066555545
2014-08-26,0.0019066070492634868
2014-08-27,0.0009102620273928608
2014-08-28,-0.008596478582245104
2014-08-29,0.009087832245490146
2014-09-02,0.005205326062872384
2014-09-03,0.0036166655842289064
2014-09-04,-0.005487481904434932
2014-09-05,-0.006752929207058278
2014-09-08,0.007793981971179642
2014-09-09,-0.005429905878539976
2014-09-10,-0.01054738950323366
2014-09-11,-1.6875758135359575e-07
2014-09-12,0.0
2014-09-15,0.0
2014-09-16,0.0002185425471736835
2014-09-17,0.0
2014-09-18,1.6875760988632749e-07
2014-09-19,-0.00021849479676450123
2014-09-22,0.0
2014-09-23,0.0
2014-09-24,0.00021854254717390553
2014-09-25,-0.00021849479676450123
2014-09-26,0.0
2014-09-29,0.00021837375271172021
2014-09-30,-0.00021832607602711995
2014-10-01,0.00021854254717390553
2014-10-02,-0.00021849479676450123
2014-10-03,0.00021851364304636967
2014-10-06,-0.00043698959352889144
2014-10-07,0.00021845042811352577
2014-10-08,0.0
2014-10-09,-0.0002185425471737945
2014-10-10,0.0
2014-10-13,0.00021859031845883337
2014-10-14,-0.00021840271794626442
2014-10-15,0.0
2014-10-16,0.00021845042811352577
2014-10-17,0.0
2014-10-20,0.0
2014-10-21,1.3985979285813244e-07
2014-10-22,-0.0014186823763817848
2014-10-23,0.0007243964531567846
2014-10-24,0.0
2014-10-27,-0.0012000000000000001
2014-10-28,0.01011253898948903
2014-10-29,-1.398597733182072e-07
2014-10-30,-0.00021840271794626442
2014-10-31,-1.398597733182072e-07
2014-11-03,0.00021873020882368088
2014-11-04,-0.0014186823763817848
2014-11-05,0.011633455116129766
2014-11-06,-1.398597733182072e-07
2014-11-07,-0.001199860140207142
2014-11-10,0.002325598280794594
2014-11-11,0.006400523013236015
2014-11-12,-0.006995743361936202
2014-11-13,0.007925621009147843
2014-11-14,-0.002073564296620333
2014-11-17,0.00021845042811352577
2014-11-18,-0.00021840271794626442
2014-11-19,0.00021859031845883337
2014-11-20,-0.0002185425471737945
2014-11-21,0.0
2014-11-24,-1.398597733182072e-07
2014-11-25,0.0
2014-11-26,1.3985979285813244e-07
2014-11-28,-0.0012001398597733183
2014-12-01,-0.01204962450287752
2014-12-02,0.00021859031845883337
2014-12-03,-0.0002185425471737945
2014-12-04,0.0
2014-12-05,-1.398597733182072e-07
2014-12-08,0.00021859031845883337
2014-12-09,1.3985979285813244e-07
2014-12-10,-0.0002185425471737945
2014-12-11,0.0
2014-12-12,-1.398597733182072e-07
2014-12-15,0.00021915948057182888
2014-12-16,-0.0002185425471736835
2014-12-17,0.00021859031845861132
2014-12-18,-0.00043759746577565206
2014-12-19,4.291778741283281e-07
2014-12-22,0.0
2014-12-23,0.00021872154669999588
2014-12-24,-0.00021910280188630615
2014-12-26,4.291778741283281e-07
2014-12-29,0.0
2014-12-30,0.00021872154669999588
2014-12-31,-4.291776899423283e-07
2015-01-02,-0.00021824463402198013
2015-01-05,-4.291776899423283e-07
2015-01-06,4.291778741283281e-07
2015-01-07,0.00021872154669999588
2015-01-08,0.0
2015-01-09,0.0
2015-01-12,-0.00021867371804618063
2015-01-13,0.00021872154669999588
2015-01-14,-0.00021867371804618063
2015-01-15,0.0
2015-01-16,0.0
2015-01-20,0.0
2015-01-21,-4.291776899423283e-07
2015-01-22,4.291778741283281e-07
2015-01-23,-4.291776899423283e-07
2015-01-26,0.00021872154669999588
2015-01-27,-0.0014186737180461807
2015-01-28,0.011380154564178069
2015-01-29,-0.03812555308571199
2015-01-30,-0.00098131405804338
2015-02-02,-0.0059663286876173935
2015-02-03,-0.0014191028018863063
2015-02-04,0.008908971660871012
2015-02-05,0.010262568434275643
2015-02-06,0.016064375466381398
2015-02-09,-0.017902919319806032
2015-02-10,0.011205794151816884
2015-02-11,0.006711300071115867
2015-02-12,0.012946066323344052
2015-02-13,0.010866746654228931
2015-02-17,0.003709858842007696
2015-02-18,0.0018856090277652449
2015-02-19,-0.002107809267905103
2015-02-20,0.00045241141983032307
2015-02-23,0.014101520780678722
2015-02-24,0.001487592813999461
2015-02-25,0.0051971739985183785
2015-02-26,-0.001551549256127882
2015-02-27,-0.0022933361012534847
2015-03-02,-0.004671275365409788
2015-03-03,0.006406689337143723
2015-03-04,-0.01036311812352575
2015-03-05,0.002243840422944343
2015-03-06,-0.01179196856864273
2015-03-09,-0.016011026262472305
2015-03-10,-0.010514732545146677
2015-03-11,-0.013729403446634314
2015-03-12,0.00023579966050513157
2015-03-13,0.014546499004345348
2015-03-16,-0.0006977115474504636
2015-03-17,0.00884155569471412
2015-03-18,-0.0039676750467205965
2015-03-19,-0.0012000000000000001
2015-03-20,0.005268320777339942
2015-03-23,-0.00120047760675026
2015-03-24,-0.005419563875770805
2015-03-25,-0.007564738002988847
2015-03-26,-0.0389599865451874
2015-03-27,0.0017249921598325724
2015-03-30,0.017925651375427343
2015-03-31,0.002306996473679934
2015-04-01,-0.008516177814138826
2015-04-02,-0.007351196641716795
2015-04-06,-0.0026504349174431008
2015-04-07,0.024151737678564045
2015-04-08,-0.002976230426298132
2015-04-09,0.002143285422629315
2015-04-10,0.013672485231048359
2015-04-13,0.006329791854734035
2015-04-14,-0.009734347264766963
2015-04-15,0.01164481021365149
2015-04-16,-0.00022486155668099972
2015-04-17,-0.010690642434842856
2015-04-20,0.0011337805675764034
2015-04-21,0.015398410008699015
2015-04-22,-0.006392959027182066
2015-04-23,0.0012715539974528234
2015-04-24,0.014571240591113144
2015-04-27,0.006185956218180744
2015-04-28,-0.014931374782783835
2015-04-29,-0.004087303042828894
2015-04-30,-0.004177901142010665
2015-05-01,-0.004720434670560603
2015-05-04,0.017239375062529483
2015-05-05,-0.0019239589478318164
2015-05-06,-0.014236479934310986
2015-05-07,-0.015419305576861109
2015-05-08,0.028265841077440346
2015-05-11,0.006166430051055327
2015-05-12,-0.018237863351159733
2015-05-13,0.008348355680920738
2015-05-14,0.007458315882790778
2015-05-15,0.011031872336352277
2015-05-18,-0.001977602671908829
2015-05-19,0.009538598927059772
2015-05-20,-0.0012357801520898049
2015-05-21,-0.0037840650604280546
2015-05-22,0.0027762097181471823
2015-05-26,-0.005682058977428683
2015-05-27,-0.010842865635905752
2015-05-28,0.009628891331372014
2015-05-29,0.0002930762607544768
2015-06-01,-0.00410668911929668
2015-06-02,-0.008541761683083737
2015-06-03,0.00906091616881377
2015-06-04,-0.008538405791921666
2015-06-05,-0.010986990303992306
2015-06-08,-0.0037524670633845227
2015-06-09,0.0
2015-06-10,-0.00021866790802305136
2015-06-11,0.0002184551873551932
2015-06-12,0.00021914371045683723
2015-06-15,-3.2639038949344723e-07
2015-06-16,-0.0004371949440623579
2015-06-17,0.0002185211023559841
2015-06-18,0.00021907779541496808
2015-06-19,-0.0002187693780273392
2015-06-22,-0.00021866790802305136
2015-06-23,-0.0012000659006000882
2015-06-24,-0.0053146448638208485
2015-06-25,6.590060430688993e-08
2015-06-26,-0.00021879968039806297
2015-06-29,6.590060452893454e-08
2015-06-30,0.0002187816491527883
2015-07-01,0.0
2015-07-02,0.0
2015-07-06,-0.00021873379421255557
2015-07-07,-6.590060008804244e-08
2015-07-08,0.00021878164915301035
2015-07-09,-0.0002187337942127776
2015-07-10,0.00021878164915301035
2015-07-13,-0.0002187337942127776
2015-07-14,6.590060452893454e-08
2015-07-15,0.00021871573413512202
2015-07-16,-0.0002187337942127776
2015-07-17,0.00021884756417511753
2015-07-20,-0.00021879968039806297
2015-07-21,0.00021884756417511753
2015-07-22,-6.590059986599783e-08
2015-07-23,-0.0002187337942127776
2015-07-24,6.590060452893454e-08
2015-07-27,-6.590060008804244e-08
2015-07-28,0.00021878164915301035
2015-07-29,6.590060430688993e-08
2015-07-30,-0.00021873379421255557
2015-07-31,0.0
2015-08-03,0.0002187816491527883
2015-08-04,-0.00021879968039806297
2015-08-05,0.0
2015-08-06,0.00021878164915301035
2015-08-07,0.0
2015-08-10,-0.00021866790802305136
2015-08-11,-6.590060008804244e-08
2015-08-12,0.00021878164915301035
2015-08-13,0.0
2015-08-14,-0.00021892221085140218
2015-08-17,-0.00021886512173929784
2015-08-18,1.8845789639954091e-07
2015-08-19,0.00021897894919797878
2015-08-20,-0.00021893100791592346
2015-08-21,0.0004377425774746424
2015-08-24,0.0
2015-08-25,-0.0002187337942127776
2015-08-26,6.590060452893454e-08
2015-08-27,0.00021871573413512202
2015-08-28,6.590060430688993e-08
2015-08-31,0.0
2015-09-01,0.0
2015-09-02,-0.00021879968039806297
2015-09-03,0.00021884756417511753
2015-09-04,-0.00021879968039806297
2015-09-08,0.0
2015-09-09,0.0
2015-09-10,-1.8845786076138182e-07
2015-09-11,-0.0002186767050897931
2015-09-14,0.0
2015-09-15,0.00043755403711776
2015-09-16,-0.0004375510427534479
2015-09-17,0.0
2015-09-18,0.00021891303416721186
2015-09-21,-0.0002186767050897931
2015-09-22,0.00021891303416698982
2015-09-23,-1.8845786076138182e-07
2015-09-24,0.0
2015-09-25,-0.00021886512173929784
2015-09-28,0.00021910153331927695
2015-09-29,-0.00021886512173918682
2015-09-30,0.00021872453505045186
2015-10-01,-0.0002186767050897931
2015-10-02,0.00021891303416698982
2015-10-05,-0.00021905353835316443
2015-10-06,0.0
2015-10-07,0.0
2015-10-08,0.0
2015-10-09,0.0
2015-10-12,0.00021891303416721186
2015-10-13,-0.00021886512173929784
2015-10-14,0.0
2015-10-15,0.0
2015-10-16,0.00021891303416721186
2015-10-19,-0.00021886512173929784
2015-10-20,-2.720495443364612e-07
2015-10-21,-0.00021855755322153225
2015-10-22,0.00021887744015769428
2015-10-23,-0.00021882954330731952
2015-10-26,0.00021860533106776714
2015-10-27,-0.00021882954330743054
2015-10-28,0.0
2015-10-29,0.00021887744015769428
2015-10-30,-0.00021882954330743054
2015-11-02,0.0
2015-11-03,0.00021914954932156228
2015-11-04,-0.001419101533319277
2015-11-05,-0.009794140187760501
2015-11-06,0.0
2015-11-09,2.7204961838833697e-07
2015-11-10,0.00021860533106776714
2015-11-11,-0.00021855755322153225
2015-11-12,0.0
2015-11-13,0.00021860533106776714
2015-11-16,2.7204961838833697e-07
2015-11-17,-0.00021910153331927695
2015-11-18,0.0
2015-11-19,0.00021914954932156228
2015-11-20,-2.720495443364612e-07
2015-11-23,-0.00021855755322153225
2015-11-24,-2.7204954444748353e-07
2015-11-25,0.0
2015-11-27,2.7204961838833697e-07
2015-11-30,0.00021887744015769428
2015-12-01,-2.720495443364612e-07
2015-12-02,0.0
2015-12-03,2.7204961838833697e-07
2015-12-04,0.0
2015-12-07,-0.00021882954330731952
2015-12-08,0.00021860533106776714
2015-12-09,-0.00021891511112037687
2015-12-10,0.00021896304543989054
2015-12-11,-0.00021855755322153225
2015-12-14,0.0
2015-12-15,-2.7204954444748353e-07
2015-12-16,0.00021914954932156228
2015-12-17,-0.00021910153331927695
2015-12-18,2.7204961838833697e-07
2015-12-21,-2.7204954444748353e-07
2015-12-22,0.0
2015-12-23,0.00021887744015769428
2015-12-24,-0.00021855755322153225
2015-12-28,0.00021860533106776714
2015-12-29,0.0
2015-12-30,2.7204961838833697e-07
2015-12-31,-2.720495443364612e-07
2016-01-04,2.7204961838833697e-07
2016-01-05,-0.00021882954330731952
2016-01-06,-3.576360629864439e-07
2016-01-07,0.00021896304543989054
2016-01-08,-0.00021882954330743054
2016-01-11,0.0
2016-01-12,-0.0002186889592417085
2016-01-13,0.00021873679456363426
2016-01-14,0.0002187918348828255
2016-01-15,-0.0004377425774746424
2016-01-19,0.00021909450898260907
2016-01-20,0.0
2016-01-21,2.7204961838833697e-07
2016-01-22,0.00021851972581621304
2016-01-25,-0.00021874397548715674
2016-01-26,-8.55865418536439e-08
2016-01-27,8.558654918111586e-08
2016-01-28,-0.0002189609492918576
2016-01-29,2.7204961838833697e-07
2016-02-01,0.00021865118930097793
2016-02-02,-0.0002189609492917466
2016-02-03,0.00021909450898260907
2016-02-04,2.7204961838833697e-07
2016-02-05,0.00021887744015769428
2016-02-08,-2.720495443364612e-07
2016-02-09,2.7204961838833697e-07
2016-02-10,-0.00021910153331927695
2016-02-11,0.00021914954932156228
2016-02-12,-2.720495443364612e-07
2016-02-16,0.0
2016-02-17,0.0
2016-02-18,2.7204961838833697e-07
2016-02-19,0.0
2016-02-22,0.0
2016-02-23,-2.720495443364612e-07
2016-02-24,2.7204961838833697e-07
2016-02-25,-0.00021910153331927695
2016-02-26,0.0
2016-02-29,0.00021914954932156228
2016-03-01,-0.00021882954330731952
2016-03-02,-0.000981394668932233
2016-03-03,0.010397123760996108
2016-03-04,0.012145518096068342
2016-03-07,-0.007166693396621127
2016-03-08,0.00016805800603769683
2016-03-09,-1.6703533423090278e-07
2016-03-10,0.008056561560987774
2016-03-11,0.010655820962219176
2016-03-14,0.009061108663890538
2016-03-15,-0.00897973076869607
2016-03-16,0.0031302016016134804
2016-03-17,0.017080024298506746
2016-03-18,0.018730835194096684
2016-03-21,-0.0007923708515772399
2016-03-22,-0.0031727933163874233
2016-03-23,0.0012730354049963477
2016-03-24,-0.02081993081999045
2016-03-28,0.016555648946112722
2016-03-29,-0.008462384193573369
2016-03-30,0.03494349678150077
2016-03-31,-0.0038897480874673374
2016-04-01,-0.015151337904978579
2016-04-04,0.02458348799632981
2016-04-05,-0.021516955061725906
2016-04-06,-0.0034803468002864157
2016-04-07,0.008096378449336417
2016-04-08,0.0018899444801159238
2016-04-11,-0.0006289302168734912
2016-04-12,-0.010537789359783667
2016-04-13,0.026863630290726137
2016-04-14,0.010836064510839627
2016-04-15,-0.0013784175811650812
2016-04-18,-0.008894362617473783
2016-04-19,0.026303838733247042
2016-04-20,0.0024118737019209746
2016-04-21,0.00045136171339477116
2016-04-22,-0.013980725588656151
2016-04-25,-0.003354182508079062
2016-04-26,0.007495833383564188
2016-04-27,-0.004858953943926547
2016-04-28,-0.00030511845087921596
2016-04-29,-0.016788847105510873
2016-05-02,0.0017077380988121948
2016-05-03,-0.004649074384988183
2016-05-04,-0.014323582752676867
2016-05-05,0.005686276214923458
2016-05-06,-0.014606347237158812
2016-05-09,0.014185444341123565
2016-05-10,0.011786673196029218
2016-05-11,0.010873145928809835
2016-05-12,-0.005839039278536684
2016-05-13,-0.01081894834084085
2016-05-16,-0.011562617287350974
2016-05-17,0.01391081349369383
2016-05-18,-0.01948858619334215
2016-05-19,-0.003975285622487168
2016-05-20,0.008939975772580544
2016-05-23,0.005537941203670016
2016-05-24,0.006766471832018839
2016-05-25,0.023600911014342252
2016-05-26,0.00794019744519403
2016-05-27,0.00045421727027683545
2016-05-31,0.009539877758438564
2016-06-01,-0.013799160350520423
2016-06-02,0.006844005360603811
2016-06-03,0.004229833951180817
2016-06-06,0.004512468290866378
2016-06-07,0.007487414776268908
2016-06-08,0.002972311554986673
2016-06-09,-0.003408388743855073
2016-06-10,-0.00966517733587302
2016-06-13,-0.010510765230414498
2016-06-14,-0.013353487028064381
2016-06-15,0.004767941319187674
2016-06-16,-0.017296901252288555
2016-06-17,0.015264886518236986
2016-06-20,0.015648872834417737
2016-06-21,-0.004984818398328317
2016-06-22,0.0034493519729508204
2016-06-23,0.010149879046376098
2016-06-24,-0.05938829140019086
2016-06-27,-0.0189730819974272
2016-06-28,-0.0017877942982955641
2016-06-29,0.03256257929727324
2016-06-30,0.023336164399823334
2016-07-01,0.020647649694042425
2016-07-05,-0.003623652537046218
2016-07-06,-0.011363171354064283
2016-07-07,0.020076302685671843
2016-07-08,0.010817328121042413
2016-07-11,0.020808614269053782
2016-07-12,0.01193936718994637
2016-07-13,0.008489626129928096
2016-07-14,0.008988150296705077
2016-07-15,0.0033936595734003205
2016-07-18,-0.007327973142503774
2016-07-19,-0.0005678471397413398
2016-07-20,0.007528173460524812
2016-07-21,0.0019738653553318386
2016-07-22,-0.005206063793127269
2016-07-25,0.005375073710879086
2016-07-26,-0.003939431665191173
2016-07-27,0.006073361038563041
2016-07-28,-0.008563727511710306
2016-07-29,0.0015578241694793604
2016-08-01,0.006503611283745991
2016-08-02,-0.005056742774374734
2016-08-03,-0.011294991408456134
2016-08-04,0.007996525463149995
2016-08-05,0.008783296379523575
2016-08-08,0.010812928265661936
2016-08-09,-0.0026396619684948552
2016-08-10,0.0016715220122627272
2016-08-11,-0.0008342215978187628
2016-08-12,2.388069320069519e-08
2016-08-15,0.005706199630409081
2016-08-16,-0.0029062624782133506
2016-08-17,-0.005273885373707876
2016-08-18,0.0029302512094049327
2016-08-19,-0.0004176481285724787
2016-08-22,-0.00041773631011321477
2016-08-23,0.008911228872028332
2016-08-24,-0.004001890138227826
2016-08-25,-0.012748184030827447
2016-08-26,0.004772039252205484
2016-08-29,-0.004329847573779189
2016-08-30,0.007295051527953511
2016-08-31,-0.005710627079072994
2016-09-01,-0.002380922915110606
2016-09-02,0.008845568871605147
2016-09-06,0.003340859231740323
2016-09-07,0.0005542084800282954
2016-09-08,-0.0016633194637807325
2016-09-09,-0.014859238745814296
2016-09-12,-0.04271202109625827
2016-09-13,0.022677219674803073
2016-09-14,-0.01425504188550586
2016-09-15,-0.003505339413659825
2016-09-16,0.014218590644649254
2016-09-19,0.0069373563214405465
2016-09-20,0.0021530229374520093
2016-09-21,-0.0016985521344807797
2016-09-22,0.02584752685636138
2016-09-23,-0.00251958069910474
2016-09-26,-0.015296265708833134
2016-09-27,-0.009263327071953431
2016-09-28,0.016542138927231775
2016-09-29,0.0050939429298686445
2016-09-30,-0.007602325205489202
2016-10-03,0.0017021448103795578
2016-10-04,0.0011333690070338687
2016-10-05,-0.004809952962001596
2016-10-06,-0.0011368980668001738
2016-10-07,0.007115062276103812
2016-10-10,0.0004242255291575514
2016-10-11,-0.0046610694071246295
2016-10-12,-0.019015320872136643
2016-10-13,-0.013307832316001633
2016-10-14,0.018618700482458506
2016-10-17,-0.010218841925743516
2016-10-18,0.010178821852731001
2016-10-19,-0.0017277353945603924
2016-10-20,-0.0012974511334574723
2016-10-21,-0.008229533017765522
2016-10-24,0.018634243243675686
2016-10-25,-0.002572329313815014
2016-10-26,-0.013899372725856618
2016-10-27,0.013078190460039663
2016-10-28,-0.013482772822273503
2016-10-31,-0.002035554218387303
2016-11-01,-0.00014550733625462442
2016-11-02,-0.021564876306641056
2016-11-03,-0.006552770186707524
2016-11-04,-0.010343185341039174
2016-11-07,0.024235070475159715
2016-11-08,0.011534784445358603
2016-11-09,0.012573706716824118
2016-11-10,0.03089776047917825
2016-11-11,-0.012684513452024503
2016-11-14,-0.00021889856172507827
2016-11-15,0.00021916365338081611
2016-11-16,-0.0012000000000000001
2016-11-17,0.0031330346686927256
2016-11-18,4.291778741283281e-07
2016-11-21,-4.776067502598735e-07
2016-11-22,-0.0012000000000000001
2016-11-23,-0.005306000830448188
2016-11-25,0.010395739551306349
2016-11-28,0.0001352315462295195
2016-11-29,-0.0056852731302518
2016-11-30,0.010073472945709927
2016-12-01,-0.00849038833139748
2016-12-02,-0.010850481990710613
2016-12-05,-0.0012000000000000001
2016-12-06,0.005442356732273224
2016-12-07,0.002164957384939381
2016-12-08,0.027950410904362677
2016-12-09,0.007224317756916676
2016-12-12,0.008737473247095728
2016-12-13,0.004913115421984804
2016-12-14,0.0038591018055826876
2016-12-15,-0.011021351695179371
2016-12-16,0.010496648121320007
2016-12-19,-0.006539947421350445
2016-12-20,0.008260967827999455
2016-12-21,0.00043490070635798794
2016-12-22,-0.006021972090895389
2016-12-23,-0.001675722389830936
2016-12-27,0.005164450538737819
2016-12-28,0.004496066711688895
2016-12-29,-0.018030853099654576
2016-12-30,0.0022138647073515205
2017-01-03,0.002209012010975675
2017-01-04,0.0051859488453700475
2017-01-05,0.005675423235052435
2017-01-06,0.0021805905771774547
2017-01-09,0.0030711903677167474
2017-01-10,-0.003700077849798422
2017-01-11,-0.001408696990784053
2017-01-12,0.0014106512952034578
2017-01-13,0.0019210489341543457
2017-01-17,-0.0038344430556968012
2017-01-18,0.002181203313463609
2017-01-19,0.002432221145324487
2017-01-20,-0.0014046899139307234
2017-01-23,-0.0034531864841417237
2017-01-24,0.0006418481367416184
2017-01-25,0.02039213943615059
2017-01-26,0.006033479222093963
2017-01-27,9.673771073082094e-08
2017-01-30,-0.010744910803348051
2017-01-31,-0.010734968373456444
2017-02-01,0.011107182514152436
2017-02-02,-0.009091382918421376
2017-02-03,0.013761652353000642
2017-02-06,0.0007541410279954253
2017-02-07,0.004395875414563433
2017-02-08,-0.006752037586440052
2017-02-09,0.008057251155972223
2017-02-10,0.012988555552464698
2017-02-13,0.008999761480236401
2017-02-14,0.003910332248811432
2017-02-15,0.00791116330768471
2017-02-16,0.012679779395990076
2017-02-17,-0.008466812028759652
2017-02-21,0.013229633030185095
2017-02-22,0.003916915467983895
2017-02-23,0.007566484704744969
2017-02-24,-0.012438300059588125
2017-02-27,0.01057526779320761
2017-02-28,0.00023471544420705648
2017-03-01,-0.001410338387474508
2017-03-02,0.025426755779781818
2017-03-03,-0.011594478795844743
2017-03-06,-0.005923581630676744
2017-03-07,-0.0011683442064709393
2017-03-08,-0.00011658238725742454
2017-03-09,-0.005849374857838319
2017-03-10,0.010943686451535317
2017-03-13,-0.003026358429110698
2017-03-14,-0.0040867264873537534
2017-03-15,0.0035170939478714747
2017-03-16,0.013084509937843158
2017-03-17,-0.0027680219822270313
2017-03-20,-0.006590841101266398
2017-03-21,0.003840848897169735
2017-03-22,-0.031087210208165628
2017-03-23,0.0022763926060467288
2017-03-24,0.0032271649385171575
2017-03-27,-0.021565384803890808
2017-03-28,0.01266440556464099
2017-03-29,0.013467959232597915
2017-03-30,0.004627171794382656
2017-03-31,0.002835000860820003
2017-04-03,-0.00035325287185172805
2017-04-04,-0.0071869335032219706
2017-04-05,0.010561208756243667
2017-04-06,-0.010567987695621506
2017-04-07,0.0011865269267481438
2017-04-10,0.0017782537925754571
2017-04-11,-0.00402333107612074
2017-04-12,-0.0014255814781205522
2017-04-13,-0.009517929188320284
2017-04-17,-0.004564814562499908
2017-04-18,0.00494738388101057
2017-04-19,0.006844725023431586
2017-04-20,-0.0033396157908109902
2017-04-21,0.009333537910849232
2017-04-24,0.016360363262866162
2017-04-25,0.005948935343753181
2017-04-26,0.005218117201567507
2017-04-27,0.0020765114111447325
2017-04-28,0.0009204290224344991
2017-05-01,-0.0019548697398587
2017-05-02,0.001498404721014479
2017-05-03,-0.004717845483470651
2017-05-04,0.004046303265671902
2017-05-05,0.0028784133625678887
2017-05-08,0.005051574590011709
2017-05-09,0.0012568586353376432
2017-05-10,-0.00456368307158328
2017-05-11,-0.0006877123839250654
2017-05-12,-0.001950124384045071
2017-05-15,0.0028730996354080496
2017-05-16,0.0098546204993879
2017-05-17,-0.021105423826913605
2017-05-18,-0.02028496597203011
2017-05-19,0.013724673358014972
2017-05-22,0.012487978090123253
2017-05-23,0.008991516223203044
2017-05-24,0.0031987949051870412
2017-05-25,0.007060912194578828
2017-05-26,0.003166170518485778
2017-05-30,-0.002254399243272198
2017-05-31,0.0045194429961923355
2017-06-01,0.0006747846793158097
2017-06-02,0.012138670371315996
2017-06-05,0.00466437894323124
2017-06-06,-0.005637132229742603
2017-06-07,0.0023343829819351125
2017-06-08,0.0009980304916461513
2017-06-09,0.0026586531745285136
2017-06-12,-0.008176532907704592
2017-06-13,0.007129963692314778
2017-06-14,0.0071902085706374574
2017-06-15,-0.01768233413023146
2017-06-16,0.010621348420150944
2017-06-19,0.006306124282385861
2017-06-20,0.005056985203419684
2017-06-21,-0.007085398530958242
2017-06-22,-0.0033083824331696654
2017-06-23,-0.00022088039387446745
2017-06-26,0.007413737345780547
2017-06-27,-0.006919952257904205
2017-06-28,-0.005088129488675097
2017-06-29,0.009894503851356262
2017-06-30,-0.0119991097978136
2017-07-03,0.005236901333966815
2017-07-05,-0.00210623320350245
2017-07-06,-0.006109101027127362
2017-07-07,-0.006034543729982467
2017-07-10,0.006408580988713775
2017-07-11,0.0014525501744395708
2017-07-12,0.009816799791087183
2017-07-13,0.005634466233489732
2017-07-14,0.003075994375731028
2017-07-17,0.008651487051867024
2017-07-18,-0.003257006734105672
2017-07-19,0.007624889672875668
2017-07-20,0.010162327182840603
2017-07-21,-0.0071705310439484915
2017-07-24,0.002910532366227292
2017-07-25,0.007416335317534273
2017-07-26,-0.000213234316851163
2017-07-27,0.0019206190068485895
2017-07-28,-0.01075761798796937
2017-07-31,0.005814202892287401
2017-08-01,0.0005353415997224609
2017-08-02,0.00021387030110875394
2017-08-03,-0.001604687334543775
2017-08-04,0.0018215827329985945
2017-08-07,-0.0005347823016498277
2017-08-08,1.1369771857339117e-07
2017-08-09,-0.008666960355387054
2017-08-10,-0.0010791174695219397
2017-08-11,-0.01890839569749614
2017-08-14,0.01299512978958739
2017-08-15,0.011089433786216851
2017-08-16,0.0007529031776873918
2017-08-17,-0.0067694079735725055
2017-08-18,-0.027477326435065286
2017-08-21,-0.0025584568783155737
2017-08-22,0.007918003266879081
2017-08-23,0.006196201902834542
2017-08-24,0.005387914420808659
2017-08-25,-0.0007655439675944287
2017-08-28,0.0016419320969076612
2017-08-29,-0.016828604136970293
2017-08-30,0.014560260855114082
2017-08-31,0.015118332086775599
2017-09-01,0.009820771560738129
2017-09-05,-0.005877940093463319
2017-09-06,-0.002902480994637302
2017-09-07,0.002910685674856639
2017-09-08,-0.00601982856221539
2017-09-11,0.012005117676170185
2017-09-12,0.013038233792881382
2017-09-13,0.0003168192958915572
2017-09-14,0.0007380349502512651
2017-09-15,0.0009483995780030785
2017-09-18,0.0073699308362811244
2017-09-19,0.0028217735440818625
2017-09-20,0.0005212485647221321
2017-09-21,-0.0015624804835149275
2017-09-22,-0.006781389528707993
2017-09-25,0.0007351504762200811
2017-09-26,0.001994539044724908
2017-09-27,0.0039869540746257925
2017-09-28,-0.001566503226727467
2017-09-29,0.004602477114965087
2017-10-02,0.009267056025018316
2017-10-03,0.007737740246543057
2017-10-04,0.0017399178980241903
2017-10-05,0.006438762400183373
2017-10-06,0.004873725434692444
2017-10-09,0.0035368339090340317
2017-10-10,-0.0002016040704840849
2017-10-11,-0.0008051381461730012
2017-10-12,0.0011086514655813673
2017-10-13,0.0037251182910347236
2017-10-16,0.0004012161543256454
2017-10-17,-0.00010011263448495011
2017-10-18,0.005415131527843453
2017-10-19,-0.009076463119503053
2017-10-20,0.015400100279937767
2017-10-23,0.0055511901688019005
2017-10-24,-0.006703573208941882
2017-10-25,-0.00337429684376811
2017-10-26,-0.0017924062783198913
2017-10-27,0.0037908809807625232
2017-10-30,-1.3615773242214857e-07
2017-10-31,0.005366892874157481
2017-11-01,0.006623132849748803
2017-11-02,-0.005106484095147246
2017-11-03,0.0026649605735644677
2017-11-06,0.0037409289131713486
2017-11-07,0.005296110364427786
2017-11-08,-0.003999944792257182
2017-11-09,-0.005779111978900575
2017-11-10,-0.0012000444726208083
2017-11-13,0.000218685941956398
2017-11-14,0.0
2017-11-15,-0.00021863812887135126
2017-11-16,3.1292501034840825e-07
2017-11-17,-0.0012003129249123158
2017-11-20,-0.0004911491809166391
2017-11-21,0.007861566407708631
2017-11-22,0.006045347249386435
2017-11-24,0.002132279850075358
2017-11-27,0.0007735678334070961
2017-11-28,0.0029957390825201546
2017-11-29,0.017150070069634094
2017-11-30,0.005399286889048227
2017-12-01,0.007725662285932522
2017-12-04,0.011312704107767413
2017-12-05,-0.014144645335129269
2017-12-06,-0.012096652661261253
2017-12-07,0.001613843486230504
2017-12-08,0.014689092483320731
2017-12-11,0.0040157543780565685
2017-12-12,0.008000195551627787
2017-12-13,0.0031374436046329723
2017-12-14,0.0004601254975389324
2017-12-15,-0.0023906753636732114
2017-12-18,0.019356563675035687
2017-12-19,0.0030744831309121867
2017-12-20,-0.003003018707291382
2017-12-21,-0.0010906150100086433
2017-12-22,-0.0009072261103364454
2017-12-26,-0.004173001180175384
2017-12-27,0.002100202753853475
2017-12-28,0.0034626833235964494
2017-12-29,0.004812894456154293
2018-01-02,-0.004428161719219337
2018-01-03,0.008260547465028356
2018-01-04,0.01611601939182461
2018-01-05,0.009746460099590681
2018-01-08,0.005352936351908921
2018-01-09,0.008029706901894418
2018-01-10,-0.005368195647808438
2018-01-11,0.007660767165801996
2018-01-12,0.01218159472434599
2018-01-16,0.020911441955246524
2018-01-17,-0.009614689342192673
2018-01-18,0.010214501156599942
2018-01-19,0.0021726770886827396
2018-01-22,0.0021679537971892593
2018-01-23,0.01880375347333385
2018-01-24,0.009146464282317135
2018-01-25,0.0006473887163918057
2018-01-26,0.00048528102084999247
2018-01-29,0.011559318593440837
2018-01-30,-0.02373361241006533
2018-01-31,0.0012280401346211889
2018-02-01,-0.012426763945711627
2018-02-02,-0.007905185923110868
2018-02-05,0.00010946630666608392
2018-02-06,-0.00032819975787823363
2018-02-07,0.00010963326611079793
2018-02-08,-2.2461721493893805e-07
2018-02-09,6.719239993291382e-07
2018-02-12,0.00032810652079984237
2018-02-13,-0.00021863812887135126
2018-02-14,0.00010930125294272841
2018-02-15,0.00021827420619180415
2018-02-16,-0.00010879963369492263
2018-02-20,0.00010936077334999794
2018-02-21,0.00010879951387865461
2018-02-22,5.492412431529203e-07
2018-02-23,0.00010859875689073206
2018-02-26,6.546314528232955e-07
2018-02-27,-0.00010989608393274786
2018-02-28,0.0002188334552568616
2018-03-01,-1.0962646869727699e-05
2018-03-02,0.0001094366798768398
2018-03-05,0.000218709865467126
2018-03-06,0.0
2018-03-07,-0.00010928930748443921
2018-03-08,-2.8052536515943416e-08
2018-03-09,0.00010968183163462264
2018-03-12,0.0002184861026384155
2018-03-13,-0.00021869762975812446
2018-03-14,0.0
2018-03-15,0.0002190048351762286
2018-03-16,-1.1079567452387806e-07
2018-03-19,0.0
2018-03-20,0.00010920028478467181
2018-03-21,-6.389197354517151e-07
2018-03-22,4.5430978046212545e-07
2018-03-23,0.00021853497518331544
2018-03-26,5.533118363487688e-08
2018-03-27,0.00021882101236170293
2018-03-28,-5.534950020535945e-08
2018-03-29,0.00010917840513569033
2018-04-02,0.00016363771337890576
2018-04-03,-2.298809254064338e-08
2018-04-04,-0.00010935715212478936
2018-04-05,0.00032812950839478106
2018-04-06,0.0
2018-04-09,0.00010958744502675977
2018-04-10,-2.2664683907436256e-07
2018-04-11,-0.0010905033991329906
2018-04-12,0.013694656383655524
2018-04-13,0.016605583511859923
2018-04-16,-0.004244979081854061
2018-04-17,0.018165069388760724
2018-04-18,0.01010361817774541
2018-04-19,-0.009011467257236006
2018-04-20,-0.005455986770982246
2018-04-23,-0.011611904574876597
2018-04-24,0.0019453124406575216
2018-04-25,0.00010944420059555426
2018-04-26,0.00010941381781504056
2018-04-27,-0.0010906999103105432
2018-04-30,0.0021348062721133765
2018-05-01,-0.025929093573021998
2018-05-02,-0.0010909300834324388
2018-05-03,-0.019438665182112035
2018-05-04,0.00011006659479018133
2018-05-07,-0.0013093488148788958
2018-05-08,-0.0033471000718439115
2018-05-09,0.007942034762112284
2018-05-10,-0.0009812784533000042
2018-05-11,0.013141294824379424
2018-05-14,0.008587425414980476
2018-05-15,-0.012948986126292472
2018-05-16,-0.004973906819456107
2018-05-17,-0.001090687035732695
2018-05-18,-0.0020632078621185546
2018-05-21,0.009885950856256986
2018-05-22,0.007030522247308824
2018-05-23,-0.020325249609146723
2018-05-24,0.012448126661843473
2018-05-25,-0.005078329186874897
2018-05-29,-0.014596520789586842
2018-05-30,0.0009807514602802945
2018-05-31,-0.0008723481729208328
2018-06-01,0.0017933474068989597
2018-06-04,0.015304691534326231
2018-06-05,0.003437857090563101
2018-06-06,0.005359010933385644
2018-06-07,0.015553890517804536
2018-06-08,-0.008001982693476739
2018-06-11,0.011102349541965761
2018-06-12,0.004889749089913575
2018-06-13,0.0007685173930631617
2018-06-14,-0.0017062981432447444
2018-06-15,-0.008031899072007187
2018-06-18,-0.008527918548535074
2018-06-19,-0.010686342213143907
2018-06-20,0.016773952104333745
2018-06-21,-0.0030277587806685213
2018-06-22,-0.0019091862821905003
2018-06-25,-0.016605662616162475
2018-06-26,-0.01343823612695505
2018-06-27,0.004570181697408859
2018-06-28,-0.02221223533641925
2018-06-29,0.02134839634039909
2018-07-02,-0.019205025346875515
2018-07-03,0.02495448035280834
2018-07-05,-0.005598072583872682
2018-07-06,0.0072378400273223065
2018-07-09,0.024929275689284047
2018-07-10,0.013416372910885155
2018-07-11,-0.009224475822213307
2018-07-12,0.007758593635490918
2018-07-13,0.00667226848427438
2018-07-16,0.0028893074765126148
2018-07-17,-0.008388534829568695
2018-07-18,0.014782603775127745
2018-07-19,-0.0016839250237761227
2018-07-20,-0.003964319545595951
2018-07-23,-0.0028793581430109905
2018-07-24,0.01656062343056086
2018-07-25,-0.0028404010450180373
2018-07-26,0.012566843292272756
2018-07-27,0.003971770682195119
2018-07-30,-0.015740923978740273
2018-07-31,-0.004605150911919598
2018-08-01,0.004037708658785055
2018-08-02,-0.014326456463344184
2018-08-03,0.02192948389863969
2018-08-06,0.0074854845590541785
2018-08-07,0.012466004161312716
2018-08-08,-0.0001631428290792547
2018-08-09,0.0006526197852001481
2018-08-10,-0.015158944152999787
2018-08-13,0.0005793745323221522
2018-08-14,-0.003804749727077228
2018-08-15,-0.004317032289790079
2018-08-16,0.007087334241716148
2018-08-17,0.002318301922527466
2018-08-20,0.013381895852875747
2018-08-21,0.004238628995264504
2018-08-22,-0.002922041268560105
2018-08-23,0.00040703350646142944
2018-08-24,0.0030107437342572485
2018-08-27,0.016550647164607524
2018-08-28,0.01037490766739868
2018-08-29,-0.0010268277972054207
2018-08-30,0.004744313441486847
2018-08-31,-0.007633781393866057
2018-09-04,0.00015867721700235649
2018-09-05,-0.0033300790921602097
2018-09-06,-0.0019094564209880538
2018-09-07,-0.015223881597561384
2018-09-10,0.0122217625078338
2018-09-11,-0.00927555895376242
2018-09-12,0.011702843098794213
2018-09-13,0.008057458966537201
2018-09-14,0.005302438436344703
2018-09-17,-0.0014959226583304286
2018-09-18,-0.009302753670276331
2018-09-19,0.009469891623371307
2018-09-20,0.01135202868899654
2018-09-21,0.01254959727670113
2018-09-24,-0.012163104821760307
2018-09-25,0.0011688944421897052
2018-09-26,-0.00435784258180405
2018-09-27,-0.003599797899749735
2018-09-28,-0.0029843115224017502
2018-10-01,0.01441501333245454
2018-10-02,-0.004270931677789469
2018-10-03,0.008110632612400082
2018-10-04,-0.010830076175876502
2018-10-05,-0.010401172084519072
2018-10-08,-0.018334152325974684
2018-10-09,0.0020124460431638624
2018-10-10,-0.00361529718512843
2018-10-11,-0.06901169401192012
2018-10-12,0.0
2018-10-15,-0.0010913890054179633
2018-10-16,0.0075330894121616865
2018-10-17,0.027473515513268376
2018-10-18,-0.007361595989217262
2018-10-19,-0.01739647266142321
2018-10-22,9.166517545011743e-09
2018-10-23,0.0
2018-10-24,0.0003274323687962877
2018-10-25,-2.9797157519162454e-07
2018-10-26,0.00021919343020981863
2018-10-29,0.0
2018-10-30,0.00010913416287516853
2018-10-31,-2.1465202848514053e-07
2018-11-01,0.00021842029287877374
2018-11-02,-0.00010936077334999794
2018-11-05,0.00010950071414339568
2018-11-06,0.00010936077334999794
2018-11-07,0.00010947676658057404
2018-11-08,-0.0010907368098717275
2018-11-09,-0.008268165368324532
2018-11-12,-0.014865478880498849
2018-11-13,-0.00010937467898120001
2018-11-14,0.00010938664311010982
2018-11-15,0.00021817949367819445
2018-11-16,0.00010920351949650353
2018-11-19,7.360962084312916e-08
2018-11-20,0.00010972235921680173
2018-11-21,0.00032720954743026276
2018-11-23,-0.0001092174713964722
2018-11-26,0.00010935721120186592
2018-11-27,0.0
2018-11-28,1.1039235014997928e-07
2018-11-29,0.0002178752869579359
2018-11-30,0.00021891776688209852
2018-12-03,-0.0001424823760093341
2018-12-04,0.00010941372762807156
2018-12-06,0.00021890416073899743
2018-12-07,0.00010917656718678614
2018-12-10,0.00010956709928389152
2018-12-11,-2.42157853547198e-07
2018-12-12,0.00010959607692884177
2018-12-13,0.00010924134501233418
2018-12-14,-1.6022936732973392e-07
2018-12-17,0.00010933000525970016
2018-12-18,0.00010927713715580545
2018-12-19,0.0001091211261849967
2018-12-20,1.8496696019276726e-07
2018-12-21,0.00021878942684017133
2018-12-24,0.00010927025963103354
2018-12-26,6.685630538072473e-08
2018-12-27,0.00010954370007443259
2018-12-28,0.0002185424991063556
2018-12-31,0.00010982536059489512
2019-01-02,0.0001089081474021647
2019-01-03,5.161296834366169e-08
2019-01-04,0.00021884877522326818
2019-01-07,-0.00010924152442137736
2019-01-08,0.00010925345943579856
2019-01-09,-0.0010906750851019877
2019-01-10,-0.009979646322031632
2019-01-11,0.010903215425611679
2019-01-14,-0.006817231324174222
2019-01-15,0.0077858289219625565
2019-01-16,0.02297466714354668
2019-01-17,-0.006558776759844731
2019-01-18,0.038411472796115786
2019-01-22,-0.0018301767678963188
2019-01-23,-0.006079956824414534
2019-01-24,-0.006311104349985719
2019-01-25,0.017783636147913118
2019-01-28,-0.016416957277225586
2019-01-29,0.0038067043302321135
2019-01-30,0.00884861668978898
2019-01-31,0.01792778341052914
2019-02-01,0.01931638557134341
2019-02-04,-0.0003714202855626958
2019-02-05,0.017563435638219937
2019-02-06,0.0020091234809607172
2019-02-07,-0.013762313071992271
2019-02-08,-0.016541894741447738
2019-02-11,0.01860540790756926
2019-02-12,0.00867149947581547
2019-02-13,0.01948065811383315
2019-02-14,-0.009957909595864178
2019-02-15,0.019119146626257022
2019-02-19,0.0004445897047178349
2019-02-20,0.009953644039852438
2019-02-21,-0.001143841709922766
2019-02-22,0.002819402840207097
2019-02-25,0.018448361063616803
2019-02-26,-0.011731062264299208
2019-02-27,-0.004189791150169264
2019-02-28,0.0025417007120434043
2019-03-01,0.011016203457131724
2019-03-04,0.008042231927111843
2019-03-05,-0.014841032032755774
2019-03-06,-0.0031347749424665006
2019-03-07,-0.01668402087537446
2019-03-08,-0.028160260027926598
2019-03-11,0.017001793288642375
2019-03-12,0.027413218806229267
2019-03-13,0.010497962473799083
2019-03-14,0.005800189826158375
2019-03-15,0.0024100610745627637
2019-03-18,0.007298580121587239
2019-03-19,0.013980319316767797
2019-03-20,-0.009756671349324786
2019-03-21,-0.010801909357703976
2019-03-22,0.01779886008172138
2019-03-25,-0.030582072307099528
2019-03-26,0.01490186763317669
2019-03-27,0.001030285949261689
2019-03-28,-0.005747205831137636
2019-03-29,0.014494153970298962
2019-04-01,0.016072799619002653
2019-04-02,0.009206399971906531
2019-04-03,0.00879101381319991
2019-04-04,-0.0038639004126891363
2019-04-05,0.00792270135381079
2019-04-08,0.0007369697228323258
2019-04-09,-0.0027819406569554728
2019-04-10,0.000410327274965816
2019-04-11,0.007053175746217999
2019-04-12,0.008225687569974438
2019-04-15,0.0015345252925649255
2019-04-16,0.0044359112651222166
2019-04-17,0.002810426901711738
2019-04-18,-0.008887959259625822
2019-04-22,-0.006705426065077957
2019-04-23,0.010410671610684208
2019-04-24,0.014247896449991027
2019-04-25,-0.004523771610809857
2019-04-26,-0.00039884550637070415
2019-04-29,0.009650602973010125
2019-04-30,-0.0007108084251551405
2019-05-01,0.008537724562645455
2019-05-02,-0.021163254006650645
2019-05-03,0.007927522604474158
2019-05-06,-0.024867041902486675
2019-05-07,0.006599474261063554
2019-05-08,-0.018211192701352186
2019-05-09,-0.016570499474097167
2019-05-10,0.0028500491678571382
2019-05-13,-0.02298764924140062
2019-05-14,-0.0034221466134362055
2019-05-15,-0.0030048807220967033
2019-05-16,0.029880269094903822
2019-05-17,-0.005100346504703479
2019-05-20,-0.007395221552879194
2019-05-21,0.01210707257058985
2019-05-22,-0.003011628207566286
2019-05-23,-0.016026039501731426
2019-05-24,0.004007850172787153
2019-05-28,-0.0050960549478566985
2019-05-29,-0.029622627548200664
2019-05-30,0.0009676996358849443
2019-05-31,-0.020654030216654462
2019-06-03,-0.008109882568229775
2019-06-04,-0.001090804833259317
2019-06-05,0.037634892412579335
2019-06-06,0.006188100586230538
2019-06-07,0.018963363656370857
2019-06-10,0.02389113974987911
2019-06-11,0.01121667329003273
2019-06-12,-0.01619314154605367
2019-06-13,0.0051025694971398305
2019-06-14,-0.0013919371417796533
2019-06-17,0.0018038467221055399
2019-06-18,0.012604294037310781
2019-06-19,0.00808277473757446
2019-06-20,0.023653094184535428
2019-06-21,-0.003524574856498708
2019-06-24,0.0004713431959648684
2019-06-25,-0.0034097170860714066
2019-06-26,-0.013509156004006817
2019-06-27,-0.0032032912105409705
2019-06-28,0.008516011678633362
2019-07-01,0.027722529314354594
2019-07-02,-0.0072861812228854905
2019-07-03,0.010697146322673712
2019-07-05,0.0013904873151393549
2019-07-08,-0.003162796918847688
2019-07-09,-0.010061333882887102
2019-07-10,0.01946695679624444
2019-07-11,0.0060583611434537055
2019-07-12,0.00320122867678152
2019-07-15,0.008434264329116425
2019-07-16,-0.003164676117612397
2019-07-17,-0.00634910821506951
2019-07-18,-0.017268067649578
2019-07-19,0.019274304172019807
2019-07-22,-0.01632744431794486
2019-07-23,0.010036216264698972
2019-07-24,0.000534728393884798
2019-07-25,0.011536207539683652
2019-07-26,-0.0015108564163992533
2019-07-29,0.007034337233739807
2019-07-30,-0.013068917340918196
2019-07-31,0.007077490192048952
2019-08-01,-0.02282178070184171
2019-08-02,-0.025133433473932487
2019-08-05,-0.03902884769503823
2019-08-06,-0.016097303836291488
2019-08-07,-0.011074674432198561
2019-08-08,0.03715963704484704
2019-08-09,0.020040945706092828
2019-08-12,-0.01860462233566529
2019-08-13,-0.015280360304472551
2019-08-14,0.0020746468248176164
2019-08-15,-0.023020937479232395
2019-08-16,0.011103516646703504
2019-08-19,0.04015425751025292
2019-08-20,-0.0030625733416751455
2019-08-21,0.004527164542015516
2019-08-22,0.004748113847264035
2019-08-23,-0.015618720119939589
2019-08-26,-0.025874758002771947
2019-08-27,0.015786707573773873
2019-08-28,-0.024011073606373445
2019-08-29,0.03959897641369592
2019-08-30,0.01677615226786555
2019-09-03,-0.02462930510385486
2019-09-04,0.017814639768763296
2019-09-05,0.02448799855619943
2019-09-06,0.00963973129286777
2019-09-09,0.006132109891725301
2019-09-10,-0.01249799501828941
2019-09-11,0.007734311105224823
2019-09-12,0.018296093848923833
2019-09-13,0.00357810230072908
2019-09-16,-0.013351481833442924
2019-09-17,0.00038443217488470793
2019-09-18,0.0040734655435590295
2019-09-19,0.006582828292522658
2019-09-20,0.0015968600484610462
2019-09-23,-0.019056798179902024
2019-09-24,0.012770968228289936
2019-09-25,-0.02353858092326422
2019-09-26,0.011740047051192803
2019-09-27,0.0010828994969471761
2019-09-30,-0.012982092537784151
2019-10-01,0.0120568264734775
2019-10-02,-0.04169569990676669
2019-10-03,-0.025750741622680207
2019-10-04,0.023448520230030523
2019-10-07,0.015381987151336984
2019-10-08,-0.016743658127597816
2019-10-09,-0.0021083447038928727
2019-10-10,0.0022754765082304562
2019-10-11,0.03534924901222447
2019-10-14,-0.0023491117223402025
2019-10-15,0.007613598224700979
2019-10-16,0.008413205223056996
2019-10-17,0.008884057022368053
2019-10-18,-0.006508520567357068
2019-10-21,0.004701321264947156
2019-10-22,0.007747582423870414
2019-10-23,-0.012635786914540925
2019-10-24,0.014493736291000703
2019-10-25,-0.007599446536941001
2019-10-28,0.020752194233110366
2019-10-29,0.0005247951740607881
2019-10-30,0.002999619613268001
2019-10-31,0.0038870824439718454
2019-11-01,0.004988878811827746
2019-11-04,0.019487655599745857
2019-11-05,-0.0020348545680937136
2019-11-06,-0.003350434336752306
2019-11-07,0.009353254141337697
2019-11-08,-0.004633252533761123
2019-11-11,-0.002327552277043954
2019-11-12,0.008092234574828439
2019-11-13,-0.005351531234727314
2019-11-14,0.005234827331038749
2019-11-15,0.014248627664731561
2019-11-18,0.003494564988914872
2019-11-19,0.007461416618680161
2019-11-20,-0.00909957072478007
2019-11-21,-0.0031316003764749745
2019-11-22,0.0015706454516732915
2019-11-25,0.005561160443184887
2019-11-26,0.009359137213298174
2019-11-27,0.007586119732684082
2019-11-29,0.0010460470327349203
2019-12-02,-0.0018804302687863705
2019-12-03,-0.03781753746330263
2019-12-04,0.013270477567751904
2019-12-05,0.00973300813281397
2019-12-06,0.01226191283911815
2019-12-09,0.001750419063432096
2019-12-10,-0.004054096108955019
2019-12-11,0.001263053705175654
2019-12-12,0.0022431177447557182
2019-12-13,0.015735568365239372
2019-12-16,0.014665116185395455
2019-12-17,0.004749902489488145
2019-12-18,-6.744476697972956e-05
2019-12-19,-0.001620964742953701
2019-12-20,0.01420648395652746
2019-12-23,0.0070037293038109905
2019-12-24,-0.0009315225400123861
2019-12-26,0.0008634070147728323
2019-12-27,0.0131396176730052
2019-12-30,-0.005370865897953103
2019-12-31,-0.015146906273346805
2020-01-02,0.019057436030159636
2020-01-03,-0.015354316568953363
2020-01-06,-0.00406519433625363
2020-01-07,0.015925197515965994
2020-01-08,-0.0003291885736228517
2020-01-09,0.01963351692564763
2020-01-10,0.007236869534182455
2020-01-13,-0.005966104817846318
2020-01-14,0.006389393060425297
2020-01-15,-0.000769552942285312
2020-01-16,0.013926189718022286
2020-01-17,0.01215270362892129
2020-01-21,-0.005252702927354802
2020-01-22,0.00836103744311445
2020-01-23,-0.009912927717831588
2020-01-24,0.011271427355167507
2020-01-27,-0.05666285844672625
2020-01-28,0.012277452847351489
2020-01-29,0.0206051826847915
2020-01-30,-0.024853051163040707
2020-01-31,0.01657597219793261
2020-02-03,-0.022557355804779577
2020-02-04,0.029210163775634124
2020-02-05,0.02549788670137554
2020-02-06,0.009558649065821045
2020-02-07,-0.006311903439370048
2020-02-10,-0.010088361838297533
2020-02-11,0.03025907992503929
2020-02-12,0.0038467616582436026
2020-02-13,-0.006265086203446235
2020-02-14,0.009732104827230303
2020-02-18,-0.005819341921466714
2020-02-19,0.007499917987915161
2020-02-20,-0.0006053519156922205
2020-02-21,-0.013504080316634637
2020-02-24,-0.0739104603931785
2020-02-25,0.005435257236847457
2020-02-26,-0.061247256897074664
2020-02-27,-0.05548141845422394
2020-02-28,-0.11057622365043365
2020-03-02,0.00018620644471512016
2020-03-03,0.00010935191196592697
2020-03-04,0.000437112559357411
2020-03-05,-0.000871978043197962
2020-03-06,-0.07928970938061577
2020-03-09,0.0004366653773104634
2020-03-10,-0.00010901251400508016
2020-03-11,-2.0497973685085213e-07
2020-03-12,4.44295238599679e-07
2020-03-13,0.0003271204009087647
2020-03-16,0.000436924641883607
2020-03-17,0.0
2020-03-18,0.00010905389297843904
2020-03-19,-0.00010904200152372923
2020-03-20,-0.0001094800119938455
2020-03-23,-0.00010898262698610939
2020-03-24,0.0
2020-03-25,0.00010908651534968783
2020-03-26,-0.0001090746167797807
2020-03-27,0.00021826507259947725
2020-03-30,-0.00010914596570366086
2020-03-31,2.3331517517988232e-07
2020-04-01,2.1871568989251244e-05
2020-04-02,-0.00010932547893194311
2020-04-03,-0.00010898863445985008
2020-04-06,0.00010931466408781176
2020-04-07,-3.575402118816129e-07
2020-04-08,-0.0002180913289941966
2020-04-09,-1.761559002000368e-07
2020-04-13,-0.00021833040133778514
2020-04-14,7.332255691494538e-08
2020-04-15,0.00021848093573506588
2020-04-16,-2.842176811679309e-07
2020-04-17,3.5754033977930533e-07
2020-04-20,0.00010909659301328034
2020-04-21,0.00010924133352085974
2020-04-22,-0.00010922940115531965
2020-04-23,7.332255691494538e-08
2020-04-24,-7.332255158587486e-08
2020-04-27,-0.00010915800679811571
2020-04-28,0.00010916992356935218
2020-04-29,-2.842176811679309e-07
2020-04-30,-0.00021804187806595543
2020-05-01,0.0002619475187168874
2020-05-04,0.0
2020-05-05,-0.00021850651877797223
2020-05-06,0.00021842949601835748
2020-05-07,1.247510439394972e-07
2020-05-08,-0.00021850651877797223
2020-05-11,-1.2475102839637486e-07
2020-05-12,0.0
2020-05-13,0.00010927713715580545
2020-05-14,1.6942321123813997e-07
2020-05-15,-4.46721598601485e-08
2020-05-18,-0.00010926519696774495
2020-05-19,0.0001092771371555834
2020-05-20,0.0
2020-05-21,-0.00010938993436526712
2020-05-22,0.00010940190183217346
2020-05-26,-1.2475102828535256e-07
2020-05-27,-0.0013091404595549018
2020-05-28,0.016843007168566126
2020-05-29,-0.014513960171965712
2020-06-01,0.007155834886986456
2020-06-02,0.019580454058986785
2020-06-03,0.024147078285139845
2020-06-04,0.004905484416579231
2020-06-05,0.04062661840722237
2020-06-08,0.0187636466329395
2020-06-09,-0.0008911257905462877
2020-06-10,0.0074333591567665724
2020-06-11,-0.06242165842746206
2020-06-12,-0.024159734909597108
2020-06-15,-0.0655646910723452
2020-06-16,0.12108395148748619
2020-06-17,-0.008852973492208482
2020-06-18,-0.025864015053462586
2020-06-19,0.03619853406747775
2020-06-22,-0.03901213200925058
2020-06-23,0.035871476032673044
2020-06-24,-0.02318924266231681
2020-06-25,-0.04138634993863044
2020-06-26,0.01774814125139712
2020-06-29,-0.03138946552030564
2020-06-30,0.016496344878788927
2020-07-01,0.037070631978852964
2020-07-02,0.03034402334086983
2020-07-06,0.013645617526032439
2020-07-07,-0.006692680754957103
2020-07-08,-0.005053791712662292
2020-07-09,0.01416025243279151
2020-07-10,-0.01623909603529372
2020-07-13,0.0374113523097952
2020-07-14,-0.04230810067181978
2020-07-15,0.059005931689526614
2020-07-16,-0.016348567030174843
2020-07-17,0.012968602894624981
2020-07-20,-0.0029432349255766876
2020-07-21,0.03128925340131672
2020-07-22,-0.01101948024531274
2020-07-23,0.011287029704895923
2020-07-24,-0.033698401406456746
2020-07-27,0.00429453460269813
2020-07-28,0.004718269567261624
2020-07-29,-0.00190772006731732
2020-07-30,-0.0018378553099138717
2020-07-31,0.025263159277830738
2020-08-03,0.01479889100718057
2020-08-04,-0.0029024736067719825
2020-08-05,0.02208030641182268
2020-08-06,6.969470305806524e-05
2020-08-07,0.010626730468560552
2020-08-10,0.01051556226815431
2020-08-11,0.011086254175198373
2020-08-12,-0.009013747732412036
2020-08-13,0.006652269099849839
2020-08-14,-0.0010118909601078974
2020-08-17,0.009044980900724253
2020-08-18,0.0023414425799752614
2020-08-19,0.004404607628649693
2020-08-20,-0.021660841532682662
2020-08-21,0.01534903157162848
2020-08-24,0.024882720357970234
2020-08-25,0.008353830461770073
2020-08-26,0.006990711851976084
2020-08-27,0.021467764455761262
2020-08-28,0.0054115063557131915
2020-08-31,0.005007171414589839
2020-09-01,-0.0008719693787736515
2020-09-02,0.02592849311230694
2020-09-03,0.006075468648893745
2020-09-04,-0.055193272018861816
2020-09-08,-0.05432674986879604
2020-09-09,0.004730600805175733
2020-09-10,0.024620225458268363
2020-09-11,-0.03518884114365384
2020-09-14,0.010206470162755776
2020-09-15,0.02101592234259342
2020-09-16,0.003166545375897112
2020-09-17,-0.04721813820208165
2020-09-18,0.019740469598192645
2020-09-21,-0.057127338170649744
2020-09-22,0.017516087121343116
2020-09-23,0.01396938391949809
2020-09-24,-0.05830804127869105
2020-09-25,0.008571044996883881
2020-09-28,0.06651997221909345
2020-09-29,0.00439654848969484
2020-09-30,-0.005061201783907121
2020-10-01,0.026945364466746335
2020-10-02,-0.034939558251546377
2020-10-05,0.026217230502194155
2020-10-06,0.022979077532207848
2020-10-07,-0.011231535998396769
2020-10-08,0.027796282073716094
2020-10-09,0.015992908100413317
2020-10-12,0.02354751367766328
2020-10-13,0.014753611992214255
2020-10-14,-0.008501857456655881
2020-10-15,-0.04001496627081391
2020-10-16,0.030938382458044034
2020-10-19,-0.0018831863252419812
2020-10-20,-0.029941244989603488
2020-10-21,-0.0006481710761290227
2020-10-22,-0.0020763439316855425
2020-10-23,0.017555139205251313
2020-10-26,-0.02223614773290905
2020-10-27,-0.014246594474953134
2020-10-28,-0.045081159063542375
2020-10-29,-0.031657573917012516
2020-10-30,0.007599608106936939
2020-11-02,0.011811693092617537
2020-11-03,0.02095617448674214
2020-11-04,0.042843587902379854
2020-11-05,0.04953762700944386
2020-11-06,0.0036501182871970794
2020-11-09,0.08063731127613605
2020-11-10,-0.0562842736542527
2020-11-11,0.016969727627403897
2020-11-12,-0.004715609250389607
2020-11-13,-0.0020651743117000576
2020-11-16,0.0323836672532527
2020-11-17,-0.005778272803871665
2020-11-18,0.004862735751475222
2020-11-19,-0.029390903613947028
2020-11-20,0.010701712487538373
2020-11-23,-0.001203343087461839
2020-11-24,0.016022347695489714
2020-11-25,0.016243583763563496
2020-11-27,0.0038504105226015994
2020-11-30,-0.005578914201131546
2020-12-01,0.014843311093944322
2020-12-02,-0.0040306347306532375
2020-12-03,0.009944179321591529
2020-12-04,0.0034352056200350756
2020-12-07,0.009470443222872271
2020-12-08,-0.007460097880056082
2020-12-09,0.017537728971396493
2020-12-10,-0.030106396083403375
2020-12-11,-0.0024233694826160113
2020-12-14,0.020821401155409536
2020-12-15,-0.006685422900184035
2020-12-16,0.013118798207874649
2020-12-17,0.01103469253174727
2020-12-18,0.003564090333638248
2020-12-21,-0.03273768330869298
2020-12-22,0.017897847079873186
2020-12-23,0.00027556076086199255
2020-12-24,-0.0011280201335964746
2020-12-28,0.02032523238299011
2020-12-29,0.010513567221242859
2020-12-30,-0.007775497524914243
2020-12-31,-0.0025387436693177223
2021-01-04,0.018368963417372264
2021-01-05,-0.03857433197981475
2021-01-06,0.00881540478751397
2021-01-07,0.03517822028204587
2021-01-08,0.02348500932100439
2021-01-11,-0.014275189333565641
2021-01-12,0.005578055739439147
2021-01-13,-0.0010668305506871256
2021-01-14,0.009825026784774149
2021-01-15,-0.020516094349899427
2021-01-19,0.008421639926879498
2021-01-20,0.014560770628491149
2021-01-21,0.017834639139636677
2021-01-22,-0.012130683987871094
2021-01-25,0.007766440892784443
2021-01-26,0.008748151712516083
2021-01-27,-0.026842728785870573
2021-01-28,-0.020687494218685876
2021-01-29,-0.004008147928150185
2021-02-01,-0.01087670685604003
2021-02-02,0.03177918820287573
2021-02-03,0.015027075427236358
2021-02-04,0.002625127233418789
2021-02-05,0.027332509178758624
2021-02-08,0.005402745894393934
2021-02-09,0.0013181113989912951
2021-02-10,0.012758222386053841
2021-02-11,-0.003999047588310156
2021-02-12,-0.007729522605536832
2021-02-16,0.02144672287904026
2021-02-17,-0.018223266832743223
2021-02-18,-0.004337829653702552
2021-02-19,0.012765976407555835
2021-02-22,-0.02511011945866426
2021-02-23,-0.01313482241711561
2021-02-24,0.008942225037977813
2021-02-25,0.021333828551549416
2021-02-26,-0.0313824252830327
2021-03-01,0.0060423289738282815
2021-03-02,0.02205638650744124
2021-03-03,-0.020972717117403228
2021-03-04,-0.0241123336772866
2021-03-05,-0.004029809423661823
2021-03-08,0.021933597113065195
2021-03-09,0.005834555671871522
2021-03-10,0.020095459170484276
2021-03-11,0.012997308480611203
2021-03-12,-0.0004009078182176662
2021-03-15,0.01083016126390457
2021-03-16,0.01418658209303092
2021-03-17,-0.013303292785074472
2021-03-18,8.43717065102112e-08
2021-03-19,-0.01825163426767786
2021-03-22,-0.001309301016249286
2021-03-23,0.009471247849803577
2021-03-24,-0.004795616057910457
2021-03-25,-0.026001503798829373
2021-03-26,0.026283421722337996
2021-03-29,0.017274218319463186
2021-03-30,-9.874039484614183e-05
2021-03-31,0.004541680236444856
2021-04-01,0.01553003426433186
2021-04-05,0.025841901862490912
2021-04-06,0.010850056557273113
2021-04-07,0.0010268194700673305
2021-04-08,0.009603605268113435
2021-04-09,0.0024935433663979545
2021-04-12,0.011699785920959327
2021-04-13,0.0030958317660285672
2021-04-14,0.00635446442855736
2021-04-15,0.004329771111906355
2021-04-16,0.017154608641231528
2021-04-19,-0.004944680288134218
2021-04-20,-0.011624961272602485
2021-04-21,-0.011402328462984057
2021-04-22,0.021251637708500137
2021-04-23,-0.01440640935210169
2021-04-26,0.022015378325001667
2021-04-27,0.002030675808423421
2021-04-28,-0.00035230104246819494
2021-04-29,0.011810281261965372
2021-04-30,-0.013066159824008827
2021-05-03,0.008737813365565117
2021-05-04,-0.016099585203159017
2021-05-05,0.006402924040913804
2021-05-06,-0.007687477026810496
2021-05-07,0.01976858299240325
2021-05-10,0.012137639667723743
2021-05-11,-0.04399968613968119
2021-05-12,-0.009295234032545063
2021-05-13,-0.02058671668640133
2021-05-14,0.029948116833822036
2021-05-17,0.010565119635084441
2021-05-18,0.0014297736542661088
2021-05-19,-0.04220577274981663
2021-05-20,0.024315232689154476
2021-05-21,0.024920532175377152
2021-05-24,0.0020408480247444682
2021-05-25,0.014257932698487963
2021-05-26,-0.00698507284048655
2021-05-27,0.005891168275168779
2021-05-28,0.00402106384084
2021-06-01,0.007487363360410448
2021-06-02,-0.010629149966849605
2021-06-03,-0.012140951928659494
2021-06-04,0.014323724724621734
2021-06-07,0.008542617039363876
2021-06-08,0.0023335751717872277
2021-06-09,0.0004310259110837933
2021-06-10,-0.0012068027141750592
2021-06-11,0.006040960593050704
2021-06-14,0.000600462828203252
2021-06-15,0.004886372802757055
2021-06-16,-0.003412311206948515
2021-06-17,-0.014723499426755438
2021-06-18,-0.015117386220546924
2021-06-21,-0.0013231713402547252
2021-06-22,0.019379995402676764
2021-06-23,0.010922260093400471
2021-06-24,0.008060179881590024
2021-06-25,0.004763719547053125
2021-06-28,0.005672253637349245
2021-06-29,0.003367299105507815
2021-06-30,-0.0031881375183294702
2021-07-01,0.007911818652748925
2021-07-02,0.012609377076335138
2021-07-06,0.009648751618966722
2021-07-07,-0.00016323680017482634
2021-07-08,-0.02303734454774442
2021-07-09,0.01806158765924648
2021-07-12,0.01305957377843403
2021-07-13,0.003891678547611299
2021-07-14,0.00500738850411353
2021-07-15,-0.011732524267416666
2021-07-16,0.005285186472325565
2021-07-19,-0.044891927324271386
2021-07-20,-0.002455966654386854
2021-07-21,0.031496634726703165
2021-07-22,0.011111095259330073
2021-07-23,0.01261702742023263
2021-07-26,0.008038629421854848
2021-07-27,0.002791135921115684
2021-07-28,-0.0013518983875853152
2021-07-29,0.0008759238124180779
2021-07-30,-0.008831271743825808
2021-08-02,0.010595724292829178
2021-08-03,-0.00873715053416002
2021-08-04,0.006570543044780219
2021-08-05,0.0018307561581782927
2021-08-06,0.008661218372955082
2021-08-09,0.0014966144244838997
2021-08-10,0.00039330372142853953
2021-08-11,0.005661401964436541
2021-08-12,-0.0012509331337889895
2021-08-13,0.00915911525635682
2021-08-16,-0.005119574169694663
2021-08-17,-0.0011698095236589712
2021-08-18,-0.005854846401872282
2021-08-19,-0.030153058847662506
2021-08-20,0.018460039459814448
2021-08-23,0.022020694543751995
2021-08-24,0.012445764191685083
2021-08-25,0.001229155836593998
2021-08-26,0.0023020693000772585
2021-08-27,-0.007120077920741652
2021-08-30,0.016886662067103764
2021-08-31,0.0050801517436218635
2021-09-01,0.001961256042563031
2021-09-02,0.003238141816928053
2021-09-03,-0.005553668272102574
2021-09-07,0.0026413477762829984
2021-09-08,-0.007828296429063686
2021-09-09,-0.0011383342630602034
2021-09-10,0.0017469578704698563
2021-09-13,-0.010842376038169288
2021-09-14,-0.0026061668986706588
2021-09-15,-0.0158315178647207
2021-09-16,0.01233813055784827
2021-09-17,-0.004782480814429557
2021-09-20,-0.04472197244013154
2021-09-21,0.00730233714167694
2021-09-22,-0.0021070766302647703
2021-09-23,0.017601879853865743
2021-09-24,0.0070618911743884905
2021-09-27,0.005987932426333664
2021-09-28,-0.014332554491213623
2021-09-29,-0.020500705277401887
2021-09-30,0.003731663428446552
2021-10-01,-0.023357294067535395
2021-10-04,0.00943404263174763
2021-10-05,-0.013034984082179957
2021-10-06,-0.004651463949320367
2021-10-07,0.04297746707705996
2021-10-08,0.00472061420689851
2021-10-11,-0.01163225037821005
2021-10-12,0.0
2021-10-13,0.0
2021-10-14,0.0001092481432725112
2021-10-15,-0.0013092362094194944
2021-10-18,-0.003966559993873631
2021-10-19,0.022411212116979273
2021-10-20,0.009470930031038494
2021-10-21,0.003101828461698597
2021-10-22,0.005732501484072783
2021-10-25,0.0038245032701274893
2021-10-26,-0.0001095084065571017
2021-10-27,-0.0012000000000000001
2021-10-28,-0.005708782654844667
2021-10-29,-0.0012000000000000001
2021-11-01,0.018365909738431753
2021-11-02,-2.191230205061956e-07
2021-11-03,-0.0012000000000000001
2021-11-04,0.01751746354215622
2021-11-05,0.017002049904732974
2021-11-08,0.0014689729443875255
2021-11-09,-0.0016762490469632851
2021-11-10,-0.016091905055192757
2021-11-11,-0.0016355143313209197
2021-11-12,-0.00148475642007475
2021-11-15,-0.0010906033446670617
2021-11-16,-0.00744755828862189
2021-11-17,-0.00010938468901378062
2021-11-18,1.6601919083925054e-07
2021-11-19,0.00010939665533293841
2021-11-22,-0.00010938468901389165
2021-11-23,-1.6601916330571953e-07
2021-11-24,1.6601919083925054e-07
2021-11-26,-1.6601916330571953e-07
2021-11-29,1.6601919083925054e-07
2021-11-30,0.00010923061800771627
2021-12-01,1.6601919106129515e-07
2021-12-02,0.0
2021-12-03,-1.6601916341674183e-07
2021-12-06,0.0
2021-12-07,0.0
2021-12-08,-0.0013092186879828595
2021-12-09,-0.0028847502684152815
2021-12-10,0.003598529643840421
2021-12-13,-0.0013093846890138918
2021-12-14,-0.03050233345297304
2021-12-15,0.0004596455933239883
2021-12-16,-0.0012001660191633058
2021-12-17,-0.039919875148952344
2021-12-20,-0.030390240334837615
2021-12-21,0.017039861542679093
2021-12-22,-0.0012000000000000001
2021-12-23,0.026030566452870385
2021-12-27,0.01400951813841167
2021-12-28,0.02397080252003736
2021-12-29,-0.0031707991556990667
2021-12-30,0.0033161094615532516
2021-12-31,-0.00957851265758658
2022-01-03,0.0031329858926756327
2022-01-04,0.0120852145350685
2022-01-05,-0.00858668080440983
2022-01-06,-0.0403772319180661
2022-01-07,0.0
2022-01-10,-0.00010936634377411991
2022-01-11,-5.3141947065071804e-08
2022-01-12,5.314194995165167e-08
2022-01-13,-0.0012000303148741666
2022-01-14,-0.0480945597444298
2022-01-18,0.00010938579469921272
2022-01-19,2.2827074230846733e-08
2022-01-20,0.0
2022-01-21,-0.00010936634377411991
2022-01-24,-0.00010935548150203811
2022-01-25,0.0001093142936723357
2022-01-26,-0.00010927203380206585
2022-01-27,-3.03148740554704e-08
2022-01-28,0.0001093142936723357
2022-01-31,2.2827074230846733e-08
2022-02-01,-0.00010929485838129249
2022-02-02,0.00010930680505305546
2022-02-03,0.0
2022-02-04,-2.282707367573522e-08
2022-02-07,0.0
2022-02-08,5.314194995165167e-08
2022-02-09,-0.00010937830607959942
2022-02-10,0.0
2022-02-11,0.0
2022-02-14,3.0319009969304034e-08
2022-02-15,2.282293931621382e-08
2022-02-16,0.00010933712324168177
2022-02-17,-5.3141947065071804e-08
2022-02-18,5.314194995165167e-08
2022-02-22,-0.00010932516994222041
2022-02-23,-5.3141947176094106e-08
2022-02-24,0.00010933712324190381
2022-02-25,0.0
2022-02-28,0.0
2022-03-01,0.00024107101912940188
2022-03-02,0.0
2022-03-03,-7.138117141813893e-08
2022-03-04,-0.00010932516994222041
2022-03-07,-0.00010942058669483057
2022-03-08,0.00021878164915301035
2022-03-09,0.0
2022-03-10,0.0
2022-03-11,7.138117652516485e-08
2022-03-14,-0.00010939654330988091
2022-03-15,0.00010917062352877593
2022-03-16,-0.00010915870660466176
2022-03-17,0.0
2022-03-18,0.00010940851222285275
2022-03-21,-0.00010932516994222041
2022-03-22,0.00010933712324190381
2022-03-23,-0.00010935505700471193
2022-03-24,0.00010933712324168177
2022-03-25,0.00010943851787192926
2022-03-28,-0.00010939665533293841
2022-03-29,0.0
2022-03-30,-0.00010935505700471193
2022-03-31,0.0002187577099364013
2022-04-01,-0.00010939665533293841
2022-04-04,-0.00010936665624849962
2022-04-05,7.138117652516485e-08
2022-04-06,0.00010926573426583985
2022-04-07,-0.00010932516994222041
2022-04-08,7.138117652516485e-08
2022-04-11,0.00010926573426583985
2022-04-12,-0.00010932516994222041
2022-04-13,0.0
2022-04-14,7.138117652516485e-08
2022-04-18,-7.138117141813893e-08
2022-04-19,7.138117652516485e-08
2022-04-20,-2.989033021094656e-08
2022-04-21,0.0002187577099364013
2022-04-22,-0.00021875134723503553
2022-04-25,4.149084409377224e-08
2022-04-26,0.00010929562786277103
2022-04-27,0.0
2022-04-28,-2.1144759143609804e-07
2022-04-29,0.00010962009504056347
2022-05-02,0.000109438150716068
2022-05-03,-4.1490842539460004e-08
2022-05-04,-0.00021898077936055582
2022-05-05,0.00021881724854089235
2022-05-06,-0.0001093846890136696
2022-05-09,0.00021896285927613945
2022-05-10,-0.00010928930748443921
2022-05-11,-0.00010938468901378062
2022-05-12,0.0001091436892373121
2022-05-13,-0.00010916165219132523
2022-05-16,0.00010917356975848058
2022-05-17,-0.0001093846890136696
2022-05-18,0.00010939665533271636
2022-05-19,0.00010907517227476404
2022-05-20,0.0
2022-05-23,0.0
2022-05-24,0.00010982190084152244
2022-05-25,-0.00010980984131592209
2022-05-26,1.811292347220217e-07
2022-05-27,0.00021856430005051664
2022-05-31,4.4911728336316514e-07
2022-06-01,1.0767862878680035e-05
2022-06-02,-0.00010908156288824689
2022-06-03,-3.0315919452572615e-07
2022-06-06,2.0065500372368206e-07
2022-06-07,-2.0065496342258626e-07
2022-06-08,0.00010959733228754764
2022-06-09,1.0250426218938458e-07
2022-06-10,-3.0315919452572615e-07
2022-06-13,-0.00010918405595861103
2022-06-14,-0.0001095972883452534
2022-06-15,2.0065500372368206e-07
2022-06-16,0.000109402748453169
2022-06-17,0.00010950504662643468
2022-06-21,0.00010939345142046975
2022-06-22,0.00010878859762364357
2022-06-23,0.00010936077334999794
2022-06-24,3.83505347034685e-07
2022-06-27,-0.00010934881487911774
2022-06-28,-3.835051999301342e-07
2022-06-29,-0.00010906217606676538
2022-06-30,0.0003281079421963984
2022-07-01,3.266554155612056e-05
2022-07-05,0.0
2022-07-06,0.0
2022-07-07,0.00010939665533293841
2022-07-08,-0.00010961990984803549
2022-07-11,-0.00010916143444605897
2022-07-12,0.0001091733519658078
2022-07-13,-0.00010939665533282739
2022-07-14,-0.00010908994903868763
2022-07-15,0.00021852241190778443
2022-07-18,-0.00010939665533282739
2022-07-19,0.00010940862427033515
2022-07-20,0.0
2022-07-21,2.0077674123264444e-07
2022-07-22,0.00021894506435327088
2022-07-25,-2.3514740166152848e-07
2022-07-26,0.0
2022-07-27,0.0
2022-07-28,0.0001096079076123857
2022-07-29,-0.0012001569752619003
2022-08-01,0.006901774244485237
2022-08-02,-0.00019048233682750215
2022-08-03,0.005713243733630025
2022-08-04,0.01950392790632849
2022-08-05,-0.02303122231620669
2022-08-08,0.02756654901218214
2022-08-09,-0.014431080273362484
2022-08-10,0.031161946383357897
2022-08-11,0.020025630412868978
2022-08-12,-0.00464039466346966
2022-08-15,0.01237220576535214
2022-08-16,0.014169313848186205
2022-08-17,-0.008732106040832965
2022-08-18,0.0038759314304090964
2022-08-19,-0.00807300162717195
2022-08-22,-0.03786262788925854
2022-08-23,-0.021979655421123144
2022-08-24,-4.409657207160578e-07
2022-08-25,0.00010971096088918664
2022-08-26,-0.0012000000000000001
2022-08-29,-0.0833045977079028
2022-08-30,0.00010901646403049803
2022-08-31,0.00010951479605658676
2022-09-01,0.00031697739097436006
2022-09-02,1.4828359229390742e-07
2022-09-06,0.0
2022-09-07,3.610490995065163e-08
2022-09-08,0.00043711507951949
2022-09-09,-0.00010934881487900672
2022-09-12,0.000109408056928606
2022-09-13,-0.001309052375575458
2022-09-14,-0.03966175671311569
2022-09-15,0.00010890175544875369
2022-09-16,0.00021864982979580283
2022-09-19,0.0
2022-09-20,0.00010975362536336242
2022-09-21,-0.00010951006596993107
2022-09-22,0.0003280070672460056
2022-09-23,0.00010926519696763393
2022-09-26,0.00010898574159901031
2022-09-27,-1.56079962954081e-07
2022-09-28,0.00010948707960567461
2022-09-29,0.0003274960326926646
2022-09-30,0.0
2022-10-03,5.450327004608013e-05
2022-10-04,2.6516844298107856e-07
2022-10-05,0.0
2022-10-06,0.00032775116049021946
2022-10-07,-0.00010933685902325685
2022-10-10,0.00021887002700782254
2022-10-11,-0.00010924152442126633
2022-10-12,0.00010925345943579856
2022-10-13,0.00010929718452601378
2022-10-14,0.00010931296426730519
2022-10-17,0.00010921764400206868
2022-10-18,-0.00010920571681094504
2022-10-19,0.00010921764400206868
2022-10-20,0.00010941940307640508
2022-10-21,0.00021840553666208073
2022-10-24,1.48705171287844e-07
2022-10-25,0.0
2022-10-26,0.000109081698097091
2022-10-27,0.0003274179735406335
2022-10-28,0.00010934001808027283
2022-10-31,-0.0012000000000000001
2022-11-01,0.01793062168636981
2022-11-02,0.00010963607357394878
2022-11-03,0.00021892119385880093
2022-11-04,0.00021879698239191114
2022-11-07,0.00010925656557114749
2022-11-08,1.041963946235569e-07
2022-11-09,0.0004369284757934633
2022-11-10,0.00010951646388801528
2022-11-11,-0.001091009739864556
2022-11-14,0.0052159510732192604
2022-11-15,0.022208252505968806
2022-11-16,-0.021116783990552612
2022-11-17,-0.032773058994092
2022-11-18,0.03731496343981533
2022-11-21,-0.01612563737940864
2022-11-22,0.00966585193252989
2022-11-23,0.01477615982656566
2022-11-25,0.011689938808185918
2022-11-28,-0.01398745477955543
2022-11-29,-0.01603592867340764
2022-11-30,-0.0029253927641190725
2022-12-01,0.06789603278029532
2022-12-02,-0.03277074595714702
2022-12-05,0.008520892765963906
2022-12-06,-0.022731770310780663
2022-12-07,-0.0325234903540077
2022-12-08,0.010425253794869915
2022-12-09,-0.0012633606704639533
2022-12-12,-0.004216751400726193
2022-12-13,0.08320993158659995
2022-12-14,-0.041829555943128316
2022-12-15,-0.036923851147092845
2022-12-16,-0.03728013754028092
2022-12-19,-0.009240941047748752
2022-12-20,-0.022429541446796653
2022-12-21,0.02135393568174271
2022-12-22,-0.001826860919528439
2022-12-23,-0.017673290120385876
2022-12-27,0.016169260589577794
2022-12-28,-0.00784398394801844
2022-12-29,-0.01136494854755745
2022-12-30,-0.0012002453769210043
2023-01-03,0.019296452821129906
2023-01-04,-0.0060135785983148615
2023-01-05,-0.008514562619079014
2023-01-06,0.00429389989971396
2023-01-09,0.04027897685160142
2023-01-10,-0.016006677185275042
2023-01-11,0.025499986905186844
2023-01-12,0.021864788515814304
2023-01-13,-0.015103708224533996
2023-01-17,0.025346084183260453
2023-01-18,0.0018694341109577461
2023-01-19,-0.048932056716458616
2023-01-20,0.003924002419407158
2023-01-23,0.03365921881239675
2023-01-24,0.01092427541452734
2023-01-25,-0.0153781403920914
2023-01-26,0.03630214423330225
2023-01-27,0.0026477276768785973
2023-01-30,-0.005078233744382099
2023-01-31,-0.008574912634348175
2023-02-01,0.02038704079745557
2023-02-02,0.04742691780592012
2023-02-03,-0.0157995519141515
2023-02-06,-0.00880969349835603
2023-02-07,-0.00493770709462471
2023-02-08,0.020643129518419734
2023-02-09,0.005445230170709747
2023-02-10,-0.0413926830468907
2023-02-13,0.014729588177742725
2023-02-14,0.011930921350571166
2023-02-15,-0.004519777126423041
2023-02-16,-0.009080016186883477
2023-02-17,-0.013346626225530067
2023-02-21,-0.014940321490432118
2023-02-22,-0.0194416146325578
2023-02-23,-0.0006539076624724406
2023-02-24,-0.030804190530468123
2023-02-27,0.02261097641790566
2023-02-28,-0.013141477145985014
2023-03-01,-0.009300255661378154
2023-03-02,-0.014508268112036427
2023-03-03,0.03615510544075473
2023-03-06,0.026535578527378867
2023-03-07,-0.0034602005811965597
2023-03-08,-0.02982032839962745
2023-03-09,0.006105256947092741
2023-03-10,-0.045769939352872456
2023-03-13,0.0005457582283394657
2023-03-14,-0.00010895734305371718
2023-03-15,0.0003272313794118187
2023-03-16,0.0004363204279269617
2023-03-17,-0.0011998615921128488
2023-03-20,-0.01411140883599029
2023-03-21,0.0
2023-03-22,-0.0009824316193808515
2023-03-23,-0.019057471929229464
2023-03-24,-0.01785244519317366
2023-03-27,-2.001542342977558e-07
2023-03-28,0.0002180497458210695
2023-03-29,0.0
2023-03-30,-0.0009821894398004617
2023-03-31,0.0028613497950282785
2023-04-03,0.020175194619478365
2023-04-04,0.013383956512009743
2023-04-05,-0.01833231347516262
2023-04-06,-0.006024039917274071
2023-04-10,-0.001616254215680124
2023-04-11,0.018211315303622744
2023-04-12,0.0077502787858001465
2023-04-13,-0.012817819601170344
2023-04-14,0.017378965204310592
2023-04-17,-0.002552502700233883
2023-04-18,0.01574802001330755
2023-04-19,-0.016666561785486533
2023-04-20,-0.005518329704247704
2023-04-21,0.004756186449350386
2023-04-24,-0.0015778453444361684
2023-04-25,-0.006914161401025631
2023-04-26,-0.018898010319749803
2023-04-27,0.0008108887514812757
2023-04-28,0.02167749556775833
2023-05-01,0.018639757316099237
2023-05-02,-0.003309326064439677
2023-05-03,-0.01621086863423138
2023-05-04,-0.022831163690325784
2023-05-05,0.009955295119652208
2023-05-08,0.019312041935515056
2023-05-09,-0.009275671327834467
2023-05-10,0.013944270728126096
2023-05-11,-0.010216056534410156
2023-05-12,0.007343980028498898
2023-05-15,-0.006108254490504783
2023-05-16,-0.0021808073837450426
2023-05-17,0.0007867713184866796
2023-05-18,-0.0007632302688410854
2023-05-19,0.02547023710456786
2023-05-22,-0.007260300010092258
2023-05-23,-0.008467940313542921
2023-05-24,-0.02232154258869734
2023-05-25,0.009123753316232587
2023-05-26,0.00021773314285988832
2023-05-30,0.00010893802095690575
2023-05-31,-0.0010914362955226843
2023-06-01,-0.0021670144751586786
2023-06-02,-0.0010908612558503607
2023-06-05,0.017464687871087126
2023-06-06,-0.007936425352264243
2023-06-07,0.008558141991412693
2023-06-08,-0.009039028326636278
2023-06-09,0.015264425535847614
2023-06-12,0.0047670367153311854
2023-06-13,0.01989063162807425
2023-06-14,0.007872645428483871
2023-06-15,-0.003728133129733635
2023-06-16,0.038132647543016374
2023-06-20,-0.02523172258790196
2023-06-21,-0.006339236623330691
2023-06-22,-0.01045534111959967
2023-06-23,-0.005014277782127263
2023-06-26,-0.0014399468876548083
2023-06-27,-0.0014419718441589513
2023-06-28,0.0122743903449547
2023-06-29,0.0035661539538871523
2023-06-30,0.024698111266749923
2023-07-03,0.006415803059156122
2023-07-05,-0.00465194458857543
2023-07-06,-0.012117059603726776
2023-07-07,-0.0036797488795496935
2023-07-10,-0.0021103831387672134
2023-07-11,0.010222117337805425
2023-07-12,0.02738996500340285
2023-07-13,0.0052641415684360204
2023-07-14,0.011993130802488317
2023-07-17,-0.006843571150581762
2023-07-18,0.006386586440993325
2023-07-19,0.020040172871266915
2023-07-20,-0.00458426842050863
2023-07-21,-0.001151168767081101
2023-07-24,-0.0027993302153244137
2023-07-25,0.0023116264212930115
2023-07-26,0.002800628777736236
2023-07-27,0.019549992816953576
2023-07-28,-0.01401868181390864
2023-07-31,0.0062102099494365515
2023-08-01,-0.00535980640313094
2023-08-02,-0.013553196273420443
2023-08-03,-0.023340605247958113
2023-08-04,0.0116948991911201
2023-08-07,-0.00904670992891965
2023-08-08,-0.0032121410395632433
2023-08-09,0.004409808467705112
2023-08-10,-0.004728081713091914
2023-08-11,-0.01849350957784024
2023-08-14,0.002765797117624702
2023-08-15,0.006550636218690675
2023-08-16,-0.017126290537168964
2023-08-17,-0.006621425201937203
2023-08-18,-0.03508150887803951
2023-08-21,0.019451052346155073
2023-08-22,0.0164052488106583
2023-08-23,-0.009298378099517057
2023-08-24,0.024437826761246395
2023-08-25,-0.02748496605151407
2023-08-28,0.016352827888756805
2023-08-29,0.0015738799179756402
2023-08-30,0.030731566975795932
2023-08-31,0.009317307564743249
2023-09-01,0.006042361717927935
2023-09-05,-0.010343795324543215
2023-09-06,-0.010789009046004439
2023-09-07,-0.02402847908097383
2023-09-08,0.007857567441234004
2023-09-11,0.014553049862477074
2023-09-12,-0.0059768015582035705
2023-09-13,-0.0034359876283089896
2023-09-14,0.012756390524181427
2023-09-15,-0.0020423442807122605
2023-09-18,-0.018591202841832022
2023-09-19,-0.0017380308674724843
2023-09-20,0.0057451265613686076
2023-09-21,-0.03773580851289837
2023-09-22,-0.01583020831589943
2023-09-25,-0.015170850855686702
2023-09-26,-0.00037125508982038813
2023-09-27,-0.011040242778639263
2023-09-28,0.00021796616504032862
2023-09-29,0.00021770954602184922
2023-10-02,0.0002623482784105402
2023-10-03,0.00010940157823280394
2023-10-04,2.5302284312189727e-07
2023-10-05,0.000656094160502052
2023-10-06,0.00021857815990689033
2023-10-09,-2.1403749084214496e-07
2023-10-10,0.00010926519696785597
2023-10-11,2.8773294857842302e-08
2023-10-12,0.0005462605408577126
2023-10-13,0.00010904576936465737
2023-10-16,0.00032761116483515096
2023-10-17,-1.2053758613461696e-07
2023-10-18,0.00010911870510987853
2023-10-19,0.0004367069590927031
2023-10-20,0.00021783870633074187
2023-10-23,0.00021809807513206714
2023-10-24,0.00010902165249304652
2023-10-25,0.00010880341420538286
2023-10-26,0.00043613793626451347
2023-10-27,0.00010906218818806934
2023-10-30,0.00010875231358875581
2023-10-31,0.0001089438677317478
2023-11-01,0.0003063296587426656
2023-11-02,0.000328010139747148
2023-11-03,-0.0010906061165320215
2023-11-06,0.010491652718728428
2023-11-07,0.000728407972545364
2023-11-08,0.008372799373217887
2023-11-09,0.003790623892286682
2023-11-10,-0.011868381318965282
2023-11-13,0.014922756647195445
2023-11-14,0.0324547304189855
2023-11-15,0.016324981918778958
2023-11-16,-0.004101183626623817
2023-11-17,0.004118074828651785
2023-11-20,0.001196273650785562
2023-11-21,0.011094131310895206
2023-11-22,0.007427258035659801
2023-11-24,4.094018901668051e-09
2023-11-27,-0.001843135204035784
2023-11-28,-0.002853762356262002
2023-11-29,0.013467917975298782
2023-11-30,-0.007475122502833664
2023-12-01,0.0008368358309294166
2023-12-04,-0.001170603470852627
2023-12-05,-0.0018415272071724553
2023-12-06,0.015431132852748775
2023-12-07,-0.008919725543456214
2023-12-08,0.0028332035807130396
2023-12-11,0.009307053717881653
2023-12-12,0.008233018618549526
2023-12-13,0.012412423774364134
2023-12-14,0.03419890592181796
2023-12-15,-0.005303340689364777
2023-12-18,0.006115795502369847
2023-12-19,0.006545920395834237
2023-12-20,0.006001154200755643
2023-12-21,-0.012336092072376958
2023-12-22,0.010772717444840874
2023-12-26,0.0007725345622549007
2023-12-27,0.005401647888844563
2023-12-28,0.00521979898901348
2023-12-29,-0.0016799983483776204
2024-01-02,-0.018356984386519115
2024-01-03,-0.007480093942225485
2024-01-04,-0.009734786088916314
2024-01-05,-0.003963794339728599
2024-01-08,0.0038205587742785596
2024-01-09,0.014747755753708347
2024-01-10,0.009532844441686006
2024-01-11,0.013777021124856459
2024-01-12,0.00045793275961991675
2024-01-16,-0.010836506008750968
2024-01-17,-0.014503618425333653
2024-01-18,0.008454574196425702
2024-01-19,0.015525718607058758
2024-01-22,0.02598971621551538
2024-01-23,0.0002980712068905156
2024-01-24,0.015045351038160515
2024-01-25,-0.0013206661314036916
2024-01-26,0.0002937372823357265
2024-01-29,0.00014704375564944527
2024-01-30,0.01131007200980294
2024-01-31,-0.007988142647734064
2024-02-01,-0.017423364839817768
2024-02-02,0.020712337524406044
2024-02-05,0.01620442413183909
2024-02-06,-0.0008619330121764079
2024-02-07,0.011071200551698412
2024-02-08,0.006541363643058906
2024-02-09,0.003249664507072314
2024-02-12,0.00901263521773199
2024-02-13,-0.026796852351318456
2024-02-14,0.008748091659019464
2024-02-15,0.009383087730537643
2024-02-16,0.009718037381837297
2024-02-20,-0.016180578859072092
2024-02-21,-0.009641292696317971
2024-02-22,0.03421604118624044
2024-02-23,0.020487204933431258
2024-02-26,-0.003933795923708683
2024-02-27,-0.0065367874398568615
2024-02-28,-0.005483030898726593
2024-02-29,0.010613098140842991
2024-03-01,0.002864106085744611
2024-03-04,0.01210415108979812
2024-03-05,-0.007390333472502508
2024-03-06,0.0009474771292170558
2024-03-07,0.009466971573828475
2024-03-08,0.009110419148737892
2024-03-11,-0.019782051378359644
2024-03-12,0.01137743056289442
2024-03-13,0.014061819234204576
2024-03-14,-0.0010565026517440623
2024-03-15,-0.020094928910577292
2024-03-18,0.014570571229091556
2024-03-19,-0.0073137110513580295
2024-03-20,0.014306105920319556
2024-03-21,0.029123569967361096
2024-03-22,-0.0052738605205667755
2024-03-25,-0.009052317411720856
2024-03-26,0.005350616263747332
2024-03-27,0.0011680587191107428
2024-03-28,0.00570473626484902
2024-04-01,0.002062478112432542
2024-04-02,-0.021741772847467367
2024-04-03,-0.0021042317304938996
2024-04-04,0.022008482780633942
2024-04-05,-0.03455829636380836
2024-04-08,0.017764020476602083
2024-04-09,0.005511681495178555
2024-04-10,-0.02740785047694272
2024-04-11,0.007917455563293485
2024-04-12,-0.005325565484695094
2024-04-15,0.002810691309577562
2024-04-16,-0.041242656998961034
2024-04-17,0.00010903624765279396
2024-04-18,0.00032747975608482527
2024-04-19,0.00021820163674424187
2024-04-22,0.00021818702832265835
2024-04-23,-0.001090794116498949
2024-04-24,0.01860445574206171
2024-04-25,-0.029749169657407926
2024-04-26,0.029092781672694024
2024-04-29,0.014273920722882805
2024-04-30,-0.00587509152596255
2024-05-01,-0.02978726125046973
2024-05-02,-0.0007624377765808256
2024-05-03,0.027155665762395698
2024-05-06,0.010629744898349003
2024-05-07,0.014293410401406526
2024-05-08,-0.00904038277639152
2024-05-09,0.007915258722785756
2024-05-10,0.017037165509107055
2024-05-13,0.0026174183831557674
2024-05-14,-0.006004157028180801
2024-05-15,0.018253385106203224
2024-05-16,0.014701811103042806
2024-05-17,-0.00432137913653885
2024-05-20,0.0026808294355580298
2024-05-21,-0.00114572359855869
2024-05-22,0.004970610469827941
2024-05-23,0.007989855527662293
2024-05-24,-0.019250290278667204
2024-05-28,0.008851883887371681
2024-05-29,-0.017675365746849248
2024-05-30,-0.004401308942555415
2024-05-31,-0.004030619336023
2024-06-03,0.02049607897201433
2024-06-04,-0.009722405403838064
2024-06-05,0.01576013093511497
2024-06-06,0.016151848886293285
2024-06-07,-0.005506983319260583
2024-06-10,-0.002265493637629179
2024-06-11,0.0034057979730175436
2024-06-12,0.02828412912421996
2024-06-13,0.00525662853788611
2024-06-14,-0.00875589569451074
2024-06-17,0.004171276696192994
2024-06-18,0.01832617911612866
2024-06-20,0.008278403332167228
2024-06-21,-0.012375066179308392
2024-06-24,-0.000602535444933272
2024-06-25,-0.0014465098179036184
2024-06-26,-0.0013265324455010719
2024-06-27,0.006058323367032603
2024-06-28,0.00590135023125038
2024-07-01,-0.005627219360207825
2024-07-02,-0.0072246202901173895
2024-07-03,0.01807165696314561
2024-07-05,0.01060281779620098
2024-07-08,0.013085063686158138
2024-07-09,0.0025599118506816065
2024-07-10,0.0030175515491688287
2024-07-11,0.015505571728397172
2024-07-12,-0.014129343991482246
2024-07-15,0.015603366609076685
2024-07-16,0.002845183881190483
2024-07-17,-0.014752657184909368
2024-07-18,-0.0013823304265598857
2024-07-19,-0.022491172298232942
2024-07-22,0.0020056993642034726
2024-07-23,0.0052991234311612345
2024-07-24,-0.020733234652780985
2024-07-25,-0.027870911857575953
2024-07-26,0.002953246291845568
2024-07-29,0.013495323780549295
2024-07-30,0.0007263151251679645
2024-07-31,0.009314061006745034
2024-08-01,0.012943561573452111
2024-08-02,-0.06057752754891843
2024-08-05,-0.09005021644746003
2024-08-06,0.03031140393846754
2024-08-07,0.03600208601853616
2024-08-08,-0.017505308951277998
2024-08-09,0.021512480251792532
2024-08-12,0.016408215322049724
2024-08-13,0.008643770114774352
2024-08-14,0.023314505384137707
2024-08-15,0.02450733014705353
2024-08-16,0.006010301335174217
2024-08-19,0.011709966902862634
2024-08-20,0.01570782665270376
2024-08-21,0.0022095603099807626
2024-08-22,0.009861904739218996
2024-08-23,-0.011259176348850652
2024-08-26,0.01254926877922169
2024-08-27,-0.01331180317519065
2024-08-28,0.006047813217608278
2024-08-29,-0.0034681640100171496
2024-08-30,0.000928108200589195
2024-09-03,-0.0015067838166965553
2024-09-04,-0.037028393100781654
2024-09-05,0.0022903669053366826
2024-09-06,-0.0037283032575420316
2024-09-09,-0.02003869175794959
2024-09-10,0.013796472567677132
2024-09-11,0.0009720607744736487
2024-09-12,0.022942477760107494
2024-09-13,0.016375874160460047
2024-09-16,0.0070054197915077054
2024-09-17,0.011942076811503943
2024-09-18,-0.005041223712724863
2024-09-19,0.025564100498856046
2024-09-20,-0.005501813674198441
2024-09-23,0.0050805919376384345
2024-09-24,0.0038194766434351823
2024-09-25,0.0021810941702271602
2024-09-26,0.011188214825172516
2024-09-27,-0.003872502595473115
2024-09-30,-0.010551976426169007
2024-10-01,0.0101032788065476
2024-10-02,-0.020004563612646464
2024-10-03,-0.0011339648437763694
2024-10-04,0.016916474188128694
2024-10-07,-0.003795952596727825
2024-10-08,-0.0035862616627263533
2024-10-09,0.009672658186332672
2024-10-10,0.008800403389342959
2024-10-11,0.00033116122983178897
2024-10-14,0.017772297582875796
2024-10-15,0.011605315727382104
2024-10-16,-0.016618426316921453
2024-10-17,0.021151421109272484
2024-10-18,-0.006726585541564578
2024-10-21,-0.0010749294209475568
2024-10-22,-0.009792233750504864
2024-10-23,0.00032613352825316966
2024-10-24,-0.004454264124625684
2024-10-25,0.004910506767803247
2024-10-28,0.003366418518051084
2024-10-29,-0.009523943103694754
2024-10-30,0.004917044921889158
2024-10-31,-0.020006535361277056
2024-11-01,-0.015533066923822059
2024-11-04,-0.0007888660537380687
2024-11-05,-0.0013536903006862167
2024-11-06,0.06494253169069197
2024-11-07,0.012726532599677931
2024-11-08,0.009739250369198427
2024-11-11,0.012342066711845456
2024-11-12,-0.004200551285103771
2024-11-13,-0.004423910666912501
2024-11-14,-0.0004132128517723155
2024-11-15,-0.02574187353770996
2024-11-18,-0.012096801524754786
2024-11-19,-0.005585126359534676
2024-11-20,0.019442491618325786
2024-11-21,0.00995970937728008
2024-11-22,0.0003146811569745278
2024-11-25,0.019821771150367873
2024-11-26,-0.0026737913562451254
2024-11-27,0.005361909712643609
2024-11-29,-0.003487092832179961
2024-12-02,0.011012702814949371
2024-12-03,0.0012215924598710792
2024-12-04,0.007219057868986134
2024-12-05,0.006460781308542662
2024-12-06,-0.001203636173358169
2024-12-09,0.000702959076997578
2024-12-10,-0.007927664371854326
2024-12-11,0.0014159750879212396
2024-12-12,0.002323393058803802
2024-12-13,-0.0012093202991698693
2024-12-16,-0.0014124809504802993
2024-12-17,-0.0061636135619713706
2024-12-18,-0.0008133058238075641
2024-12-19,-0.04253158864245832
2024-12-20,-0.02734233426660628
2024-12-23,-0.0010904715696026458
2024-12-24,0.017190202640956498
2024-12-26,0.011266430898456248
2024-12-27,-0.007427332958499733
2024-12-30,-0.031905984974121115
2024-12-31,0.006441226308117942
2025-01-02,-0.002026733477219822
2025-01-03,-0.006733572313777247
2025-01-06,0.02916167378086687
2025-01-07,0.0041823002882031
2025-01-08,-0.029258529641421505
2025-01-10,-0.010404371688068959
2025-01-13,-0.03468464856391151
2025-01-14,0.030092035525760785
2025-01-15,0.020274693799887222
2025-01-16,0.012606845335624506
2025-01-17,0.008862740371896827
2025-01-21,0.012131263091603284
2025-01-22,0.017255697857612606
2025-01-23,-0.0008126359286226847
2025-01-24,0.013113683197310655
2025-01-27,-0.049367861617617415
2025-01-28,0.01973840278198047
2025-01-29,0.01024727771302869
2025-01-30,0.0006147867968728793
2025-01-31,0.01116107443112102
2025-02-03,-0.0488100582908747
2025-02-04,0.01767265930085915
2025-02-05,0.009206071119247428
2025-02-06,0.01762214281969854
2025-02-07,0.0025464225507427773
2025-02-10,-0.009652510237808665
2025-02-11,-0.005129723619595072
2025-02-12,-0.011343561210586217
2025-02-13,0.017732243681905624
2025-02-14,0.01742333096498072
2025-02-18,0.00282058912193639
2025-02-19,-0.0027121339611867468
2025-02-20,0.004633318178834056
2025-02-21,-0.005013054902048841
2025-02-24,-0.02730750883580635
2025-02-25,-0.016160769041792644
2025-02-26,-0.004001270798119738
2025-02-27,0.0027486069937407986
2025-02-28,-0.0382709295582101
2025-03-03,0.036176246041186744
2025-03-04,-0.05490888048541731
2025-03-05,-0.010970545171429591
2025-03-06,-0.004527557638456026
2025-03-07,-0.016372843802061943
2025-03-10,-0.012137417755585633
2025-03-11,-0.029721469322574023
2025-03-12,0.009889024145069758
2025-03-13,-0.013135889979686177
2025-03-14,-0.009438476174837285
2025-03-17,0.02345463878398868
2025-03-18,0.007400298509627756
2025-03-19,-0.007346066001123752
2025-03-20,0.0011937413236309258
2025-03-21,-0.008822081827828399
2025-03-24,0.04173679232339178
2025-03-25,0.015240705597926452
2025-03-26,-0.00027383477338727147
2025-03-27,-0.02815145455279977
2025-03-28,-0.006567267698576851
2025-03-31,-0.0554834275208107
2025-04-01,0.02787155283188425
2025-04-02,-0.008876533396544706
2025-04-03,-0.036437292398929455
2025-04-04,-0.08103194390547722
2025-04-07,0.00021865369649187727
2025-04-08,-0.00010935301757097893
2025-04-09,0.00010932491489779039
2025-04-10,0.0001092895811032335
2025-04-11,0.0004370372555237978
2025-04-14,0.00010916992356957422
2025-04-15,0.00010946135654421596
2025-04-16,0.0001091193588598216
2025-04-17,0.000546097339742202
2025-04-21,-1.9323146027705462e-07
2025-04-22,0.00010915787984577818
2025-04-23,0.00021825194224733835
2025-04-24,0.0
2025-04-25,-0.000872543701801919
2025-04-28,0.016953740176323562
2025-04-29,-0.00903538092723799
2025-04-30,-0.005650486652474029
2025-05-01,0.04739759344079664
2025-05-02,0.015289745966885038
2025-05-05,-0.00813697005032521
2025-05-06,-0.016529898357515838
2025-05-07,0.0077191473204789585
2025-05-08,0.018161702681842362
2025-05-09,0.0038829293638689144
2025-05-12,0.05258066892922475
2025-05-13,0.00654557490900598
2025-05-14,0.014831822043519516
2025-05-15,-0.008094341996860877
2025-05-16,0.019154343314936373
2025-05-19,-0.01078733588664027
2025-05-20,0.01686336762172247
2025-05-21,-0.016030994551060385
2025-05-22,-0.019999863095649384
2025-05-23,-0.023503940998968686
2025-05-27,0.03522379436560086
2025-05-28,0.018487065251305612
2025-05-29,0.0046769177173306975
2025-05-30,-0.014298266920700575
2025-06-02,-0.004160690292941416
2025-06-03,0.015582838864565351
2025-06-04,0.015454749502554987
2025-06-05,0.0021897665704240232
2025-06-06,0.00251284926757811
2025-06-09,0.0034873602850764573
2025-06-10,0.0016290277220845084
2025-06-11,0.012902557273763993
2025-06-12,-0.01391580843797624
2025-06-13,-0.00553606506805937
2025-06-16,0.006440167583763312
2025-06-17,-0.0010845247873088049
2025-06-18,-0.006406090658185759
2025-06-20,0.005245225162114231
2025-06-23,-0.011196845682902912
2025-06-24,0.03111271429397844
2025-06-25,0.011576139790896445
2025-06-26,0.0034858043845842346
2025-06-27,0.012315755229702852
2025-06-30,0.014453528925454817
2025-07-01,-0.0034849897127696705
2025-07-02,0.0026744053056018124
2025-07-03,0.016413630707920124
2025-07-07,0.0025232238561232467
2025-07-08,-0.00644326617126989
2025-07-09,0.004154497473236152
2025-07-10,0.004540885083488266
2025-07-11,-0.005123104424529901
2025-07-14,0.0009087069450786078
2025-07-15,0.014022028358620542
2025-07-16,-0.01203749617383576
2025-07-17,0.0017119258902320578
2025-07-18,0.015279407007722234
2025-07-21,-0.0017821150867116664
2025-07-22,0.0007934515257277397
2025-07-23,0.007829518172113525
2025-07-24,0.009342123501893562
2025-07-25,0.001266519173190428
2025-07-28,0.0072978016904714504
2025-07-29,0.0026082606282116227
2025-07-30,-0.007707899201002899
2025-07-31,0.010680585282158761
2025-08-01,-0.04121417795080584
2025-08-04,-0.0023045815959521487
2025-08-05,0.019383263401600903
2025-08-06,-0.00906407343774418
2025-08-07,0.022767992799741732
2025-08-08,-0.006999098451993091
2025-08-11,0.01047475014100141
2025-08-12,0.002228314484600924
2025-08-13,0.02068622256356889
2025-08-14,-0.006724113165044732
2025-08-15,0.009630104006411067
2025-08-18,-0.009916085385093032
2025-08-19,0.0005724465280738666
2025-08-20,-0.011916111644417304
2025-08-21,-0.010033733296947456
2025-08-22,0.004385396497279981
2025-08-25,0.01930927676111671
2025-08-26,-0.00580676259895152
2025-08-27,0.007181095192336562
2025-08-28,0.008365797698044242
2025-08-29,9.429892290291342e-05
2025-09-02,-0.031108596357449336
2025-09-03,0.016248308852331528
2025-09-04,0.005361400892841983
2025-09-05,0.021331379543862994
2025-09-08,-0.008671376556162347
2025-09-09,0.0007524457218575087
2025-09-10,0.014379619272724797
2025-09-11,0.0014825263603752692
2025-09-12,0.009991556270349866
2025-09-15,0.00595413463345329
2025-09-16,0.00519030532231235
2025-09-17,-0.004348251525245428
2025-09-18,0.005368007872422975
2025-09-19,0.006606306030529252
2025-09-22,-0.0008990653171874197
2025-09-23,0.013677762160512863
2025-09-24,-0.006936633574085804
2025-09-25,-0.019609683796482646
2025-09-26,0.004384121237520411
2025-09-29,0.01464027961939296
2025-09-30,-0.004660373804418305
2025-10-01,0.0006303656554706993
2025-10-02,0.021866226569792424
2025-10-03,-0.0017611718589678471
2025-10-06,0.004587177091129657
2025-10-07,0.002809892163786909
2025-10-08,-0.007180361285276549
2025-10-09,0.009701991192820225
2025-10-10,-0.004542351225401586
2025-10-13,-0.03510005620993473
2025-10-14,-0.010731136437128863
2025-10-15,0.02923323668864941
2025-10-16,8.943041943276775e-05
2025-10-17,-0.02241679111754946
2025-10-20,0.023752985347433864
2025-10-21,0.012225615699965386
2025-10-22,0.0014105401162276543
2025-10-23,-0.011796777421182902
2025-10-24,0.024766072812423934
2025-10-27,0.018603912127053812
2025-10-28,0.012119050879200177
2025-10-29,0.004637908779175248
2025-10-30,-0.0139331406581924
2025-10-31,0.002723856167205607
2025-11-03,0.001782683147989239
2025-11-04,-0.02813325377206899
2025-11-05,-0.0034004474812274754
2025-11-06,0.0041994139156380506
2025-11-07,-0.025614191403859565
2025-11-10,0.027807591079817673
2025-11-11,0.007568503691387951
2025-11-12,0.01450526187148582
2025-11-13,-0.012936136913414775
2025-11-14,-0.04474905415219854
2025-11-17,0.012997496103105632
2025-11-18,-0.02325573029846384
2025-11-19,-0.0038314884773950064
2025-11-20,0.03662995209100117
2025-11-21,-0.05335680030142531
2025-11-24,0.023889504929232253
2025-11-25,0.017681437821005508
2025-11-26,0.02686720936429632
2025-11-28,0.009070279302277884
2025-12-01,-0.006395842102307925
2025-12-02,0.008872640565368517
2025-12-03,-0.003793782645707844
2025-12-04,0.013501872039691776
2025-12-05,0.0001708201170043111
2025-12-08,0.00307374329857657
2025-12-09,-0.010044286445068717
2025-12-10,-0.0020636480260040058
2025-12-11,0.007409952388214069
2025-12-12,0.008894936151409016
2025-12-15,-0.007799162243955493
2025-12-16,-0.018967875201872597
2025-12-17,0.0015676614775839148
2025-12-18,-0.00730429112913078
2025-12-19,0.003153354176055556
2025-12-22,0.021306384744793405
2025-12-23,-0.000342089547683333
2025-12-24,0.011563753186817571
2025-12-26,0.007285623774049954
2025-12-29,-0.009251437567759258
2025-12-30,-0.00016981034176732912
2025-12-31,-0.0010188111524735977
2026-01-02,-0.00492945450446558
2026-01-05,0.002220606871736308
2026-01-06,0.0037498141072034308
2026-01-07,0.01239600977305333
2026-01-08,-0.009728272384447623
2026-01-09,0.004573214168935413
2026-01-12,1.811240135651815e-08
2026-01-13,0.014331404369120504
2026-01-14,-0.013464069183813376
2026-01-15,0.010277964553752739
2026-01-16,-0.0030019546632166216
2026-01-20,-0.035296150198548926
2026-01-21,-0.006068983785311399
2026-01-22,0.030006996835248767
2026-01-23,-0.005081264214920611
2026-01-26,0.006469115471922082
2026-01-27,0.010656359848187025
2026-01-28,0.00820081795824934
2026-01-29,-0.0023240538600568517
2026-01-30,-0.013477536348155739
2026-02-02,-0.006577807117700507
2026-02-03,0.019524579757225657
2026-02-04,-0.01765193359330064
2026-02-05,-0.02729272758346779
2026-02-06,0.0010456268454388518
2026-02-09,0.023328660273222113
2026-02-10,0.015991865558055096
2026-02-11,0.003851295168191937
2026-02-12,-0.00617178566233112
2026-02-13,-0.03675736139392516
2026-02-17,-0.005053142202382732
2026-02-18,0.01173387454026309
2026-02-19,-0.0008654982365868813
2026-02-20,-0.00519756043811459
2026-02-23,0.01619641394444593
2026-02-24,-0.01748064106334868
2026-02-25,0.024245573615412352
2026-02-26,0.009366468694452124
2026-02-27,-0.030200762042004836
2026-03-02,-0.013222002429383428
2026-03-03,-0.010578273261417803
2026-03-04,0.019600847902129237
2026-03-05,0.0006990478499735442
2026-03-06,-0.025497721173944
2026-03-09,-0.02114696685875439
2026-03-10,0.034236615567008855
2026-03-11,-0.00035406588758835067
2026-03-12,-0.019656448225910506
2026-03-13,-0.007161015132357916
2026-03-16,0.00010921764400206868
2026-03-17,0.00010935378869580958
2026-03-18,-0.001200037328923952
2026-03-19,-0.03565761240728773
2026-03-20,0.0003277396097518537
2026-03-23,0.00010921074389735885
2026-03-24,-1.8891810782406537e-08
2026-03-25,0.00010915305674785714
2026-03-26,0.00010916801038129975
2026-03-27,0.00021841460989047157
2026-03-30,0.00010906787345743574
2026-03-31,0.00010915787984577818
2026-04-01,0.0002626737364253007
2026-04-02,0.00032821421002249274
2026-04-06,-0.0012000000000000001
2026-04-07,0.0024658052050066104
2026-04-08,0.0599811177893379
2026-04-09,-0.004284214146833887
2026-04-10,0.018286132665571886
2026-04-13,-0.011619715779529027
2026-04-14,0.03081580977992182
2026-04-15,0.021772976662977728
2026-04-16,0.016235397719116973
2026-04-17,0.014145423064780616
2026-04-20,0.007220256831666827
2026-04-21,0.004072987873078748
2026-04-22,-0.0029206604260292313
2026-04-23,0.0006509506107519325
2026-04-24,0.0029272480983124627
2026-04-27,0.006486160819773268
2026-04-28,-0.003866567825833944
2026-04-29,-0.002587799731052387
2026-04-30,0.010377869682960172
2026-05-01,0.017974625376350195
2026-05-04,-0.003468409579767462
2026-05-05,0.004587896214644616
2026-05-06,0.01732281061608032
2026-05-07,0.019040300092674656
2026-05-08,-0.0009115173373727137
2026-05-11,0.0041052803138525995
2026-05-12,0.0010599590226196831
2026-05-13,0.0039328714843447354
2026-05-14,0.014012358997885999
2026-05-15,-0.005349191590299007
2026-05-18,-0.005826103606581312
2026-05-19,-0.013673983777305554
2026-05-20,0.0007804578706086317
2026-05-21,-0.0009815173329585027
2026-05-22,0.020217320337424516
2026-05-26,0.010204004495498076
2026-05-27,0.002049471448573037
2026-05-28,-0.0017530331999610071
2026-05-29,0.01448847998302849
2026-06-01,-0.001009805180790302
2026-06-02,0.0037545434834724833
2026-06-03,0.002877239851758695
2026-06-04,-0.016353455811511597
2026-06-05,0.00029162378817848555
2026-06-08,-0.024784910905485402
2026-06-09,0.0007475415191220414
2026-06-10,-0.02763677974369616
2026-06-11,-0.013058818896050317
2026-06-12,0.03237860990384278
2026-06-15,0.030156815579058138
2026-06-16,0.007025810290949952
2026-06-17,-0.008866287547874996
2026-06-18,-0.005132806730962836
2026-06-22,-0.00029476185356513973
2026-06-23,-0.03745209270063132
2026-06-24,0.0018382774023593118
2026-06-25,0.00993886102008279
2026-06-26,-0.027100693911015772
2026-06-29,0.020541544521362365
2026-06-30,0.0129612450501424
2026-07-01,0.009935210442313158
