Date,ret
2010-03-11,-0.0006937971698744423
2010-03-12,0.007481011820446089
2010-03-15,-0.005450319959536416
2010-03-16,0.006231488534090446
2010-03-17,0.004718158276999546
2010-03-18,0.0009394150333779419
2010-03-19,-0.006382782524588058
2010-03-22,-0.002263725136264449
2010-03-23,0.005262816040831121
2010-03-24,-0.002095350740345181
2010-03-25,-0.0009738819876049749
2010-03-26,-0.0010135359924317814
2010-03-29,0.003542557775996879
2010-03-30,0.0005462665534456908
2010-03-31,-0.00046067466010669934
2010-04-01,0.0040582696381141585
2010-04-05,0.0010591413210030345
2010-04-06,0.0050675161676882316
2010-04-07,0.006210045499225028
2010-04-08,-0.0014792423419320506
2010-04-09,0.005118188483516407
2010-04-12,0.0034026832753237236
2010-04-13,-0.0015638037489141851
2010-04-14,0.006184776912992739
2010-04-15,0.0023684822349190424
2010-04-16,-0.0014744535438869573
2010-04-19,-0.012108753571245223
2010-04-20,0.007307288821564227
2010-04-21,0.0033518166839952577
2010-04-22,-0.0056940430306049354
2010-04-23,0.005701797289546829
2010-04-26,0.003634956217023528
2010-04-27,-0.003431671309521703
2010-04-28,-0.002934593674592281
2010-04-29,9.148454179171137e-05
2010-04-30,0.007570076472955406
2010-05-03,-0.005898302080657407
2010-05-04,-0.0002789331442375907
2010-05-05,-0.015104967076234026
2010-05-06,0.0018378679406179854
2010-05-07,-0.0024511058970572213
2010-05-10,-0.0007994778288491291
2010-05-11,0.0015956653210254387
2010-05-12,0.002325561105368713
2010-05-13,0.000953402988823793
2010-05-14,-0.001467433364206428
2010-05-17,-0.001546523799158488
2010-05-18,-0.0003865850018430142
2010-05-19,7.10660968823362e-05
2010-05-20,-0.0001459392752407972
2010-05-21,0.0001467798153691579
2010-05-24,0.00017215130028973207
2010-05-25,0.000614769208914105
2010-05-26,0.006968672019801888
2010-05-27,0.0008074116211612668
2010-05-28,0.0036532362899113955
2010-06-01,-0.0015065627459007046
2010-06-02,-0.000450667749394019
2010-06-03,0.0040427087533685315
2010-06-04,-0.0033241798348349074
2010-06-07,-0.00013984844634530916
2010-06-08,0.001048177042357728
2010-06-09,-0.0006094212956484501
2010-06-10,-0.0004964011032124148
2010-06-11,0.00017026697456382734
2010-06-14,-0.00036293880617957594
2010-06-15,0.00031341035500432414
2010-06-16,0.00011593728415485226
2010-06-17,0.0008021626667300612
2010-06-18,0.003780842385262065
2010-06-21,-0.005972264669751974
2010-06-22,0.0024238661012473406
2010-06-23,0.004604906459057231
2010-06-24,0.003354309715767305
2010-06-25,-0.004944715942881244
2010-06-28,0.005909394865054252
2010-06-29,-0.0044526860457072505
2010-06-30,-0.004124804033646496
2010-07-01,-0.0002674008118335592
2010-07-02,-0.004894694931562912
2010-07-06,0.001156296125862356
2010-07-07,0.00028177399496057294
2010-07-08,-0.006426614536011601
2010-07-09,-0.0016172536055661575
2010-07-12,-0.000417118159799388
2010-07-13,-0.0014017262379848825
2010-07-14,-0.0008013549871299938
2010-07-15,0.0051090305261594976
2010-07-16,0.001403198716339595
2010-07-19,0.0009037673132578127
2010-07-20,0.000352848219144777
2010-07-21,-0.0005397000512898829
2010-07-22,0.0025162831379367994
2010-07-23,0.000281454086224557
2010-07-26,-0.0043787767508375085
2010-07-27,-0.0010332837368862875
2010-07-28,-0.0060340699695261265
2010-07-29,-0.0016905823354818324
2010-07-30,0.005757692572522587
2010-08-02,0.006134619182834606
2010-08-03,0.0017985243494720343
2010-08-04,0.003230163920527386
2010-08-05,-0.0016282502114740218
2010-08-06,0.0035506092090184338
2010-08-09,0.000932488086078633
2010-08-10,-0.000443953018434302
2010-08-11,0.0027195361399146188
2010-08-12,0.005479554247807212
2010-08-13,0.00013030040847428076
2010-08-16,0.01426523232283369
2010-08-17,0.0035642464001822693
2010-08-18,0.0006849778117309674
2010-08-19,-0.001158669588063969
2010-08-20,0.0034399939292978194
2010-08-23,-0.003250726675723633
2010-08-24,0.0033557216726738852
2010-08-25,0.009781765625949911
2010-08-26,-0.0021063113021338267
2010-08-27,-0.0024630291784022693
2010-08-30,-0.005793859189436719
2010-08-31,0.011374301228448316
2010-09-01,0.0018614396425059077
2010-09-02,-0.0018468333901860761
2010-09-03,-0.00358439131612442
2010-09-07,0.011097367579616118
2010-09-08,-0.0007345274545854668
2010-09-09,-0.005516003337274868
2010-09-10,-0.010370356139189497
2010-09-13,-0.000466079518106744
2010-09-14,0.00970941390070472
2010-09-15,-0.0014389456414040627
2010-09-16,-0.005149795842140434
2010-09-17,0.004523273115719708
2010-09-20,0.005185360640408022
2010-09-21,0.008074131211252633
2010-09-22,0.023767910254419773
2010-09-23,0.005744155306678465
2010-09-24,-0.006997173127042099
2010-09-27,0.008132634551213089
2010-09-28,0.002279672727637347
2010-09-29,0.004739644841873369
2010-09-30,-0.004891224098031352
2010-10-01,-0.006722558932833068
2010-10-04,-0.003611601119922073
2010-10-05,0.0076406116908492635
2010-10-06,0.015237091434822594
2010-10-07,0.004616955744415769
2010-10-08,-0.006435242246999819
2010-10-11,-0.00419197641944102
2010-10-12,0.004008233377422407
2010-10-13,-0.006713008477879241
2010-10-14,0.005936850805585524
2010-10-15,-0.010270509830146313
2010-10-18,0.00242030696710599
2010-10-19,-0.0072863316592997
2010-10-20,0.003809002646266612
2010-10-21,0.004028449516156526
2010-10-22,-0.007749625003845059
2010-10-25,0.021301106258522794
2010-10-26,-0.009083040467418944
2010-10-27,-0.0051327216245793655
2010-10-28,0.004532803505918056
2010-10-29,0.0010461379304220013
2010-11-01,0.008447197755758837
2010-11-02,2.046965703547879e-05
2010-11-03,0.006897536387165122
2010-11-04,-0.0014857835658371808
2010-11-05,-0.0020296621239589783
2010-11-08,0.0008743452058285327
2010-11-09,0.004676038062020858
2010-11-10,-0.028252687802083357
2010-11-11,-0.0006542499166684358
2010-11-12,-0.002646729873640942
2010-11-15,-0.004954785674375823
2010-11-16,-0.0047136610480758906
2010-11-17,-0.001981758822199363
2010-11-18,0.0018681602790590402
2010-11-19,4.848188308439139e-05
2010-11-22,0.004026354749853547
2010-11-23,0.004483406457022235
2010-11-24,-0.00036228555762192444
2010-11-26,-0.002124339069727319
2010-11-29,0.00198487644661251
2010-11-30,-0.00042794590104447243
2010-12-01,0.004733165339212122
2010-12-02,0.003149808232462339
2010-12-03,0.0077793311472800835
2010-12-06,0.005926874702475829
2010-12-07,0.00215888836631106
2010-12-08,-0.014996034909210539
2010-12-09,0.0010601950109549445
2010-12-10,-0.0041057597103155465
2010-12-13,0.0017553523810340424
2010-12-14,-0.0019263541466764055
2010-12-15,-0.004874994945518831
2010-12-16,-0.0066136433032080374
2010-12-17,0.00490002666804798
2010-12-20,0.00882991764268905
2010-12-21,0.000541877071996222
2010-12-22,0.0025649579599586565
2010-12-23,-0.004097764823873107
2010-12-27,-0.001551125324661173
2010-12-28,0.00821736506386335
2010-12-29,-0.00283118037299461
2010-12-30,0.0036395709110263338
2010-12-31,-0.0007315925450328028
2011-01-03,0.006193419146986811
2011-01-04,0.0030760888087727123
2011-01-05,-0.0163082663733819
2011-01-06,0.01321010633481585
2011-01-07,-0.0015216073038910065
2011-01-10,-0.0013584189511218836
2011-01-11,0.007254011754701263
2011-01-12,0.0022326125739001307
2011-01-13,0.003779245970657717
2011-01-14,-0.006919470384583412
2011-01-18,0.00199204175379051
2011-01-19,0.008354807799560575
2011-01-20,-0.016101138100868866
2011-01-21,-0.0011778141735913703
2011-01-24,-0.008292051386780257
2011-01-25,0.0021625869314364676
2011-01-26,0.0077338608145526505
2011-01-27,0.011557016617061513
2011-01-28,5.353152940865591e-05
2011-01-31,-0.02836413836234019
2011-02-01,0.02062540638404784
2011-02-02,0.01133979861264688
2011-02-03,-0.001844526006827572
2011-02-04,0.009218863981857318
2011-02-07,0.0017071980161440963
2011-02-08,0.005661391551842506
2011-02-09,0.001988749066356062
2011-02-10,-0.006596373555946871
2011-02-11,0.005227262798164354
2011-02-14,0.004335174673011045
2011-02-15,0.0037362637561926602
2011-02-16,0.0021693339337692918
2011-02-17,0.0013425872554787323
2011-02-18,0.0041058903337418675
2011-02-22,-0.0009163279510386071
2011-02-23,-0.0077469627441685085
2011-02-24,-0.005410989077896267
2011-02-25,0.009059452574983688
2011-02-28,0.018094466374893016
2011-03-01,0.005408602705974231
2011-03-02,-0.023559081045343322
2011-03-03,0.016017470550677464
2011-03-04,0.010316841251719389
2011-03-07,0.001240953294910207
2011-03-08,-0.015435654712443082
2011-03-09,0.0018273009049875996
2011-03-10,-0.01779034691478847
2011-03-11,-0.013831785781568693
2011-03-14,0.011802562895019113
2011-03-15,-0.028837220559405418
2011-03-16,0.013273471476007704
2011-03-17,-0.0029594552954734306
2011-03-18,0.004062153877001512
2011-03-21,0.006310711599989768
2011-03-22,-7.330411987241053e-05
2011-03-23,0.003805007722703773
2011-03-24,0.0040576302049350615
2011-03-25,0.007793350894490518
2011-03-28,-0.009073728387857602
2011-03-29,-0.010552778237435573
2011-03-30,0.016688520148229885
2011-03-31,0.009147437558345609
2011-04-01,-0.002732887015087765
2011-04-04,0.007938381805320891
2011-04-05,-0.00857952801641178
2011-04-06,0.012488742487156972
2011-04-07,-0.0034105820271602663
2011-04-08,0.005488296286539485
2011-04-11,-0.0028633151983321102
2011-04-12,-0.007848463401509126
2011-04-13,-0.00035409939275530796
2011-04-14,-0.006684249124244595
2011-04-15,0.009470537193822973
2011-04-18,-0.002257859673830344
2011-04-19,0.0018867304652435129
2011-04-20,0.021880054682024527
2011-04-21,0.008898926700722605
2011-04-25,0.0013154725414335111
2011-04-26,0.003628113539620278
2011-04-27,0.0116421073061473
2011-04-28,0.003968719547107831
2011-04-29,0.0038994925110242256
2011-05-02,0.01060439039781645
2011-05-03,-0.003965098443202135
2011-05-04,-0.005102686283963756
2011-05-05,-0.01390987913132449
2011-05-06,-0.004452891041977428
2011-05-09,0.005619053318844396
2011-05-10,0.004952769872223567
2011-05-11,-0.0002778151980333712
2011-05-12,-0.00874243208385358
2011-05-13,0.00667120109981411
2011-05-16,-0.011122282556194706
2011-05-17,-0.0025886472333648634
2011-05-18,0.010460253504262466
2011-05-19,-0.004929407124739335
2011-05-20,0.005062162628525734
2011-05-23,-0.007236719014248225
2011-05-24,0.005325040612419946
2011-05-25,-0.002364720957689368
2011-05-26,0.0012677740901234393
2011-05-27,0.019092642041392986
2011-05-31,0.01944678298140845
2011-06-01,0.012468132543325182
2011-06-02,-0.027003283630527793
2011-06-03,-0.012119455847076436
2011-06-06,-0.011795862126411974
2011-06-07,-0.004372859089231187
2011-06-08,0.0034273129423513697
2011-06-09,0.0039731950783086015
2011-06-10,-0.005112908067198047
2011-06-13,-0.009668901626680371
2011-06-14,-0.006376092570605044
2011-06-15,-0.005681519446785051
2011-06-16,0.010378628334383778
2011-06-17,0.0027314043259138608
2011-06-20,-0.005223092976371106
2011-06-21,0.002819027890064733
2011-06-22,0.004580526851159702
2011-06-23,-0.002730735686868532
2011-06-24,0.002556687391014087
2011-06-27,-0.00841709301375079
2011-06-28,-0.00012045103149140469
2011-06-29,0.004790651306911368
2011-06-30,-0.0010351202356099496
2011-07-01,0.005173187584582925
2011-07-05,0.016409436047604614
2011-07-06,0.00869617533508427
2011-07-07,0.00837124880558154
2011-07-08,0.009669521941770624
2011-07-11,0.010133066519632136
2011-07-12,0.005695106392474836
2011-07-13,0.0017410739409893725
2011-07-14,0.002502419465275605
2011-07-15,-0.015668192299206803
2011-07-18,0.008083936508907805
2011-07-19,-6.589305029272314e-05
2011-07-20,0.02004128512727711
2011-07-21,-0.01077931334620401
2011-07-22,0.008588933374114337
2011-07-25,-0.00660623840630528
2011-07-26,0.003501374365542324
2011-07-27,0.0002724036781532733
2011-07-28,-0.013980968352462092
2011-07-29,0.0009309119407827377
2011-08-01,0.026261039107178037
2011-08-02,-0.004898474515288803
2011-08-03,0.0006673423562284413
2011-08-04,-0.004340914561384029
2011-08-05,-0.011623278553696045
2011-08-08,-0.01650437421699233
2011-08-09,0.005658474279908806
2011-08-10,0.024392814555333535
2011-08-11,-0.003055842407152783
2011-08-12,-0.022349361801253385
2011-08-15,0.0034576803406701664
2011-08-16,-0.0007245441621341184
2011-08-17,0.012126700679742792
2011-08-18,0.0280911728367661
2011-08-19,0.0052785691806402765
2011-08-22,-0.0016516203373240328
2011-08-23,-0.003753338695903482
2011-08-24,-0.004862960608245454
2011-08-25,-0.021307996412314855
2011-08-26,0.016765605009444448
2011-08-29,0.003945479389158039
2011-08-30,0.017119131879516667
2011-08-31,0.009310314293639455
2011-09-01,-0.006981953470755439
2011-09-02,0.013952638492682655
2011-09-06,0.0074537113996120796
2011-09-07,0.0007075474189581044
2011-09-08,0.002453249092980289
2011-09-09,0.0010052052188346632
2011-09-12,0.00567563907650495
2011-09-13,-0.0016335486263203054
2011-09-14,-0.009686787447209569
2011-09-15,-0.0015931811757605764
2011-09-16,-0.005271311303860984
2011-09-19,0.021724844248223896
2011-09-20,-0.00038378695194797195
2011-09-21,0.002502003407355111
2011-09-22,0.04298593921727756
2011-09-23,0.008359627622052135
2011-09-26,-0.009117513185726145
2011-09-27,-0.00756747156251352
2011-09-28,-0.0003052694465265236
2011-09-29,0.0007467333747383077
2011-09-30,-0.00029595135026080243
2011-10-03,0.0027258136255039096
2011-10-04,0.002986134322607105
2011-10-05,-0.005095650093008652
2011-10-06,0.0042511776848712275
2011-10-07,-0.019177200500518906
2011-10-10,-0.0059989277469140925
2011-10-11,0.0007278219262971603
2011-10-12,-0.008663147959110253
2011-10-13,0.0010434941514852337
2011-10-14,-0.004017550524193926
2011-10-17,0.003075232841610293
2011-10-18,0.009681144948962857
2011-10-19,-0.009963280344245071
2011-10-20,-0.002243103862821287
2011-10-21,-0.003073574264490375
2011-10-24,0.0010577949036483629
2011-10-25,-0.004581730913768252
2011-10-26,0.020459851667802557
2011-10-27,-0.014989519262465986
2011-10-28,-0.014475288835541776
2011-10-31,0.022178394831490953
2011-11-01,0.025276230698004398
2011-11-02,-0.004687367447637325
2011-11-03,0.001205361224366506
2011-11-04,-0.0006937784895018851
2011-11-07,0.0067268587677230575
2011-11-08,0.001171369966761622
2011-11-09,0.009314937365675523
2011-11-10,-0.011909120717390928
2011-11-11,-0.007751823626271311
2011-11-14,0.005675410444884748
2011-11-15,0.009939988220898602
2011-11-16,0.00039514648618059386
2011-11-17,0.00011554634506257355
2011-11-18,0.006393897850643423
2011-11-21,0.007926142269430465
2011-11-22,-0.0010401018014378084
2011-11-23,0.005701202102474082
2011-11-25,0.0048723868154410994
2011-11-28,-0.014991544739909482
2011-11-29,0.015334661655319673
2011-11-30,-0.002815048869634396
2011-12-01,-0.009658051086717412
2011-12-02,0.010448322079538917
2011-12-05,0.003829409419859625
2011-12-06,0.005144558969403171
2011-12-07,-0.00339118763941397
2011-12-08,0.0025937254716414185
2011-12-09,0.013368254768121726
2011-12-12,-0.014013678444760064
2011-12-13,-0.006865587595977985
2011-12-14,0.02062880390538906
2011-12-15,0.006297813654260121
2011-12-16,0.006390225891544626
2011-12-19,0.010087332353966198
2011-12-20,0.0019944658035240762
2011-12-21,-0.01734834763357758
2011-12-22,-0.005773748577201027
2011-12-23,-0.012749439083242615
2011-12-27,-0.00391120893822222
2011-12-28,0.008896557713148045
2011-12-29,0.007698880243838448
2011-12-30,0.012295530186513767
2012-01-03,-0.010143724630553663
2012-01-04,-0.004458708504245539
2012-01-05,-0.00027950271027224233
2012-01-06,0.0040424389546631755
2012-01-09,0.003241741531121806
2012-01-10,-0.002859155661439004
2012-01-11,0.004896264885265246
2012-01-12,0.010273977101121209
2012-01-13,0.01090411684966338
2012-01-17,0.0010817376186914576
2012-01-18,0.006028414495687634
2012-01-19,-0.022213805209627464
2012-01-20,-0.016741494384645575
2012-01-23,-0.018143119395728873
2012-01-24,0.005213208345783288
2012-01-25,-0.0038181981112733504
2012-01-26,0.01370489767343847
2012-01-27,0.005183212890746225
2012-01-30,0.021697196982475134
2012-01-31,0.0024433481513141844
2012-02-01,0.00971059355657126
2012-02-02,-0.0032617754047001217
2012-02-03,-0.016833785056536276
2012-02-06,3.143333839226233e-05
2012-02-07,0.00014339778038534556
2012-02-08,-0.0031779020179032234
2012-02-09,-0.0013550223375283538
2012-02-10,0.005374840137916743
2012-02-13,0.0018823064486942662
2012-02-14,0.007284183809340351
2012-02-15,0.005394864224170351
2012-02-16,-0.009434548644998281
2012-02-17,-0.008571580212863698
2012-02-21,-0.0006982167326787165
2012-02-22,-0.000306078557347768
2012-02-23,0.002371138701477821
2012-02-24,0.006440230570258455
2012-02-27,0.0009246725221456614
2012-02-28,0.01099891957586812
2012-02-29,0.010721064186501398
2012-03-01,-0.017680253568610665
2012-03-02,0.0015763187224298938
2012-03-05,-0.003392579549495992
2012-03-06,-0.01326876706171335
2012-03-07,0.004856727628918464
2012-03-08,0.004558045382839441
2012-03-09,0.0006883354484922759
2012-03-12,0.006173141259173759
2012-03-13,-0.001337499304305696
2012-03-14,-0.0016376086066196456
2012-03-15,-0.0045695328287712516
2012-03-16,-0.0024183441250537584
2012-03-19,0.002569202816265795
2012-03-20,-0.003316020180170062
2012-03-21,0.004252773788014778
2012-03-22,0.0015437796240744745
2012-03-23,0.0026186132210143332
2012-03-26,0.004472697707501005
2012-03-27,0.009407038212953104
2012-03-28,-0.001011835863612554
2012-03-29,-0.007911737132606499
2012-03-30,0.008910296341973146
2012-04-02,-0.00922675806517061
2012-04-03,0.011915082944284519
2012-04-04,-0.01798972509789214
2012-04-05,-0.005297682747847467
2012-04-09,0.0017642064143656804
2012-04-10,0.002342184254163351
2012-04-11,-0.0052186678337245536
2012-04-12,0.00028460482421122096
2012-04-13,0.007359959892049338
2012-04-16,-0.00369120601925675
2012-04-17,-0.005913808696873494
2012-04-18,0.006758697022866181
2012-04-19,-0.0008497231223377232
2012-04-20,-0.003281747536380701
2012-04-23,-0.008496497996025686
2012-04-24,-0.0028299920424035333
2012-04-25,0.007609624225359928
2012-04-26,0.016202605727878953
2012-04-27,0.012059433423374274
2012-04-30,0.0030046858294074615
2012-05-01,-0.004901109682442224
2012-05-02,-0.005249270484166532
2012-05-03,0.010679021595483186
2012-05-04,-0.014553498911298538
2012-05-07,-0.0035026535958515787
2012-05-08,0.0014291892887105498
2012-05-09,-0.0049280793522089176
2012-05-10,-0.0035213222453813068
2012-05-11,0.005912396714286423
2012-05-14,0.010947695694345666
2012-05-15,0.0018871576527065169
2012-05-16,-0.003964699081454375
2012-05-17,0.002465516001078856
2012-05-18,-0.0038770934682111303
2012-05-21,-0.0041348316991136405
2012-05-22,0.007668874735472927
2012-05-23,-0.0005794945077672205
2012-05-24,0.004482393075056951
2012-05-25,-0.002032702683014629
2012-05-29,0.006439043991281349
2012-05-30,0.010895550111863366
2012-05-31,0.012582411273825837
2012-06-01,0.00043026197047851475
2012-06-04,-0.0028981988118507796
2012-06-05,-0.005203365124266248
2012-06-06,0.0069294064515836775
2012-06-07,-0.011147982420407798
2012-06-08,0.010246180894903362
2012-06-11,-0.0017144315918301602
2012-06-12,-0.011463319517326716
2012-06-13,0.0017566962019006632
2012-06-14,0.00833081660471004
2012-06-15,0.007256274789462902
2012-06-18,0.005687268364287392
2012-06-19,-0.002124732429705903
2012-06-20,-0.013374295251461076
2012-06-21,0.01282055770379182
2012-06-22,-0.009537046022498956
2012-06-25,0.004353383583699926
2012-06-26,-0.006347266470939214
2012-06-27,0.010073918331855527
2012-06-28,0.0033609766226222154
2012-06-29,0.0008922047373191187
2012-07-02,0.0207153845137613
2012-07-03,0.00740784783760905
2012-07-05,0.0008686428034418437
2012-07-06,0.009867930491984948
2012-07-09,0.0059130549765769504
2012-07-10,0.006143097101450947
2012-07-11,0.0012852072410141045
2012-07-12,0.0013489847301298536
2012-07-13,0.0025695208219389627
2012-07-16,0.01817544287110166
2012-07-17,-0.005442380128298688
2012-07-18,-0.0014824908390742577
2012-07-19,0.0047464037110111455
2012-07-20,0.009962169965585665
2012-07-23,0.007720034050804367
2012-07-24,-0.00498737245951071
2012-07-25,0.006561723497943932
2012-07-26,0.0027075302322910324
2012-07-27,-0.009372513468773838
2012-07-30,0.007512837222586336
2012-07-31,0.01177871814249188
2012-08-01,-0.004556129977976042
2012-08-02,-0.0108607520066087
2012-08-03,-0.0009135685679899472
2012-08-06,0.004205448747085196
2012-08-07,-0.014625366586128053
2012-08-08,0.0012012169134119012
2012-08-09,-0.012335221083204962
2012-08-10,0.012713777876429617
2012-08-13,0.0014131440317790502
2012-08-14,-0.017651481777765567
2012-08-15,-0.010905652839546651
2012-08-16,-0.005632115384240606
2012-08-17,-0.00399044048564595
2012-08-20,0.001177198023464455
2012-08-21,0.0004532581520099243
2012-08-22,0.018074941506434204
2012-08-23,0.011856751279097934
2012-08-24,0.003762750861446545
2012-08-27,0.008608086747115343
2012-08-28,-0.001417306483954843
2012-08-29,-0.0002125014641589844
2012-08-30,0.0016483338411446972
2012-08-31,-0.004601059355201652
2012-09-04,0.01175570183996217
2012-09-05,-0.0018919823139624246
2012-09-06,-0.008205576157058683
2012-09-07,0.01752273638348916
2012-09-10,-0.020921040491328036
2012-09-11,-0.0013184954160915733
2012-09-12,-0.01573860913052618
2012-09-13,0.0013489642567478459
2012-09-14,-0.001754850976554104
2012-09-17,-0.001817071113035147
2012-09-18,0.00465906515864899
2012-09-19,0.002095628219196369
2012-09-20,0.0016910555770116961
2012-09-21,0.0020020994704024017
2012-09-24,-0.0023661847047978363
2012-09-25,0.003618789381399761
2012-09-26,-0.010912860423491627
2012-09-27,-0.0040459249600829136
2012-09-28,0.007614429962451
2012-10-01,0.0005691563356923528
2012-10-02,-0.0015053123254607612
2012-10-03,0.000806328735440532
2012-10-04,0.006796457221962466
2012-10-05,0.0008488362507057013
2012-10-08,-0.009550072528867113
2012-10-09,-0.003956888484295753
2012-10-10,-0.0060226053381199
2012-10-11,0.005232580332305438
2012-10-12,-0.002119080136658184
2012-10-15,-0.0017706884950497827
2012-10-16,0.0025670859255476444
2012-10-17,0.00020102462152176716
2012-10-18,0.00015038245022101264
2012-10-19,-0.004565209406004814
2012-10-22,-0.014378017336360092
2012-10-23,-0.003612221000997608
2012-10-24,0.0014812356640575763
2012-10-25,-0.0047829253386697905
2012-10-26,-0.0035472861811358266
2012-10-31,0.0047788089464532455
2012-11-01,6.230386929524407e-05
2012-11-02,0.010900612930188062
2012-11-05,-0.010249854673576878
2012-11-06,0.006292546485370674
2012-11-07,0.002749604486128047
2012-11-08,-0.008141001100612335
2012-11-09,0.002624868241788337
2012-11-12,0.00464094326593549
2012-11-13,-0.002216462467428038
2012-11-14,-0.0005390747905607046
2012-11-15,-0.006344073562495266
2012-11-16,0.002370365139832139
2012-11-19,0.0031246633860428762
2012-11-20,0.0021885570932179813
2012-11-21,-0.006785177983689913
2012-11-23,0.0019869467826993024
2012-11-26,0.007774670335956305
2012-11-27,-0.0016561945773748998
2012-11-28,0.004569883271169077
2012-11-29,0.0025929013880823986
2012-11-30,0.0065705629356993984
2012-12-03,-0.01059964299782386
2012-12-04,0.006651683767819265
2012-12-05,0.0024257832719364377
2012-12-06,-0.0047282908401218736
2012-12-07,-0.002650507214561719
2012-12-10,0.0004447316780050274
2012-12-11,-0.0012350125375122142
2012-12-12,-0.00019032365737391054
2012-12-13,-0.016706367679827472
2012-12-14,0.0064601334478242385
2012-12-17,0.0014046718264378228
2012-12-18,-0.019240605003203216
2012-12-19,-5.333940630094418e-05
2012-12-20,0.0003361203410672741
2012-12-21,0.009328193994116869
2012-12-24,-0.002201576888369799
2012-12-26,0.0017918286885200143
2012-12-27,-0.004220772279125641
2012-12-28,0.004175853041892726
2012-12-31,-0.0059231664658439135
2013-01-02,0.019710792977349404
2013-01-03,0.005396003845620544
2013-01-04,-0.004897451667293622
2013-01-07,-0.0022283272287815944
2013-01-08,0.0010844328254632253
2013-01-09,0.0008697273195313936
2013-01-10,-0.0005799454119621613
2013-01-11,-0.0013722564323777667
2013-01-14,0.003907733339568271
2013-01-15,-0.0005466574599732102
2013-01-16,0.001166480156908221
2013-01-17,0.006712815073835162
2013-01-18,0.0025321014760115975
2013-01-22,-0.000671172048470245
2013-01-23,0.004730689273391764
2013-01-24,-0.0025548563895462107
2013-01-25,-0.004560695027863449
2013-01-28,-0.004284990067308291
2013-01-29,0.0016604759843356957
2013-01-30,0.0008741343205092272
2013-01-31,-0.0015776691385647483
2013-02-01,0.006108121916403735
2013-02-04,-0.001954471690035068
2013-02-05,-0.00768235775457228
2013-02-06,0.006841699841566204
2013-02-07,0.001754565112829431
2013-02-08,0.002497099677779088
2013-02-11,0.003545317535802543
2013-02-12,-0.00010970729109516532
2013-02-13,0.0010909099102199135
2013-02-14,-0.0032795613646057664
2013-02-15,0.003028952767524701
2013-02-19,-0.0003385424909734419
2013-02-20,0.0038239476364584396
2013-02-21,-0.012753807285616437
2013-02-22,-0.0006116002135251406
2013-02-25,0.012835705168858555
2013-02-26,-0.029177995132655263
2013-02-27,0.004073384525541581
2013-02-28,0.01686613879621425
2013-03-01,-0.008505201426142245
2013-03-04,0.007112194804018173
2013-03-05,0.021216737549965784
2013-03-06,0.01768830902906416
2013-03-07,-0.002856359412266777
2013-03-08,0.0033805728218023507
2013-03-11,-0.0019611253939810945
2013-03-12,0.0013011237817631368
2013-03-13,-0.0005193505165965219
2013-03-14,0.0014201939380956705
2013-03-15,0.0008639269891982108
2013-03-18,-0.007919984113492215
2013-03-19,0.005949221107949502
2013-03-20,9.562519750114202e-05
2013-03-21,-0.0035647987267564125
2013-03-22,-0.0031751453425332052
2013-03-25,0.009546991145409082
2013-03-26,-0.004600318494643712
2013-03-27,-0.005638060385169482
2013-03-28,0.012590568292949036
2013-04-01,0.00326541456453035
2013-04-02,-0.0029652405928164882
2013-04-03,0.0036582376447179188
2013-04-04,-0.012097876399091987
2013-04-05,-0.01060794252181196
2013-04-08,0.009649651741312139
2013-04-09,0.00983390864391396
2013-04-10,0.007291669394197121
2013-04-11,0.010879360189493759
2013-04-12,0.006656164097711285
2013-04-15,0.0011118070024084942
2013-04-16,-0.01312021964461791
2013-04-17,0.0012294375050909113
2013-04-18,-0.004889210092765125
2013-04-19,-0.012236864573146135
2013-04-22,0.011819299200889236
2013-04-23,0.012752862532044655
2013-04-24,-0.0011763094943309516
2013-04-25,0.0053187620215581
2013-04-26,0.005665592417698978
2013-04-29,0.00634287595504456
2013-04-30,0.006373061201075255
2013-05-01,0.009584138918773681
2013-05-02,-0.0021582042877701956
2013-05-03,0.00400853922406062
2013-05-06,-0.0069654125817104305
2013-05-07,-0.005840809399818061
2013-05-08,0.00042812889915398245
2013-05-09,0.003544475472116804
2013-05-10,-0.007442426656536477
2013-05-13,-0.01493620195787329
2013-05-14,0.002288327891698131
2013-05-15,-0.0007615044692474253
2013-05-16,0.006811238880515788
2013-05-17,-0.0013191021207094218
2013-05-20,-0.0007551361424352377
2013-05-21,-0.0032527966248327637
2013-05-22,0.009251860526286708
2013-05-23,-0.020771884441516227
2013-05-24,0.00042205412027522483
2013-05-28,0.004503369989709328
2013-05-29,-0.02613855915653228
2013-05-30,0.0036838124098605143
2013-05-31,0.00043404279272143183
2013-06-03,-0.004301716132884652
2013-06-04,0.004214114289436856
2013-06-05,-0.01247361562814444
2013-06-06,-0.013091728675979736
2013-06-07,0.009868881894230833
2013-06-10,0.008792612025296498
2013-06-11,-0.008615419013294136
2013-06-12,0.0019241998631562955
2013-06-13,-0.013834566457816127
2013-06-14,0.013892420214170205
2013-06-17,-0.0010524590424322992
2013-06-18,0.0038788531290017475
2013-06-19,0.004545572734942367
2013-06-20,-0.014094075006739266
2013-06-21,-0.007045986301493702
2013-06-24,-0.008498094695816784
2013-06-25,0.003003454014985269
2013-06-26,0.011485740628303655
2013-06-27,0.006176072071140767
2013-06-28,-0.004518763670160167
2013-07-01,0.010926139084598644
2013-07-02,-0.002074384158243913
2013-07-03,-0.005343490608755738
2013-07-05,0.021404774616833253
2013-07-08,0.005429408355045409
2013-07-09,-0.00045200367854132813
2013-07-10,0.00019135956976685934
2013-07-11,0.012279745549342583
2013-07-12,0.00559756749725908
2013-07-15,0.0038894646108611273
2013-07-16,0.0007888901470267249
2013-07-17,0.0005785660470425936
2013-07-18,8.832140072051597e-05
2013-07-19,-0.005346668193393573
2013-07-22,0.00238713554587858
2013-07-23,-0.0011119726720095061
2013-07-24,1.3618151555457754e-06
2013-07-25,-0.009960521498030674
2013-07-26,0.0007868435016983126
2013-07-29,0.006478573999357029
2013-07-30,0.0038922366227390724
2013-07-31,0.0066905146693084
2013-08-01,0.012187636350478087
2013-08-02,0.0043627937159101855
2013-08-05,0.0039995475711870135
2013-08-06,0.0002393099882878401
2013-08-07,-0.006007385936179088
2013-08-08,0.004204577178325253
2013-08-09,-0.0020709457945280894
2013-08-12,-0.008395459023566745
2013-08-13,0.00982950493695318
2013-08-14,0.002244653938545544
2013-08-15,-0.017612584046720694
2013-08-16,-0.010506522611868073
2013-08-19,-0.00032013910732010077
2013-08-20,-0.002403945358871165
2013-08-21,-0.00019560071027947552
2013-08-22,0.0031044477640163725
2013-08-23,0.012758437771913824
2013-08-26,0.00033837217993713445
2013-08-27,-0.014746354815901988
2013-08-28,-0.015615014153648157
2013-08-29,0.007918176560750147
2013-08-30,0.008337941327085185
2013-09-03,0.0023251420162303756
2013-09-04,-0.00028361180725572496
2013-09-05,0.013755075715093622
2013-09-06,0.007719355504701574
2013-09-09,0.0014970542115181754
2013-09-10,0.0158927004748712
2013-09-11,-0.00344658859223197
2013-09-12,0.003456585711968594
2013-09-13,-0.0008803672882209988
2013-09-16,0.006707640807594277
2013-09-17,-0.005527352401652957
2013-09-18,0.0038440572825189766
2013-09-19,0.01077958943637598
2013-09-20,0.0005157984233982275
2013-09-23,-0.002953743783634881
2013-09-24,-0.003898375712887344
2013-09-25,-0.000607486909596177
2013-09-26,0.0008127948673115466
2013-09-27,-0.0037918794729282492
2013-09-30,-0.01126310760637315
2013-10-01,0.012034882252081292
2013-10-02,0.004167569775693607
2013-10-03,0.008621789992924705
2013-10-04,-0.014234142357165384
2013-10-07,-0.0012033756018909527
2013-10-08,0.0005728204813006398
2013-10-09,-0.014638704842678107
2013-10-10,-0.0019486533396886009
2013-10-11,0.01725357483413164
2013-10-14,-0.0026127878963956
2013-10-15,0.010756483805256687
2013-10-16,-0.005452732445184431
2013-10-17,0.002832929319569328
2013-10-18,0.014539208848011815
2013-10-21,0.005535111697667202
2013-10-22,0.0021027360588060655
2013-10-23,-0.006817481734184275
2013-10-24,0.0021887903198450184
2013-10-25,0.0058426272548510825
2013-10-28,-0.0021794062028412825
2013-10-29,0.005175627416746463
2013-10-30,0.011862666627101028
2013-10-31,-0.010977749135551608
2013-11-01,0.001587682113475175
2013-11-04,-0.003136907720008587
2013-11-05,-0.016822241729329602
2013-11-06,0.004022839852938345
2013-11-07,-0.0023064172924418184
2013-11-08,-0.01194592476733204
2013-11-11,0.010214697944031854
2013-11-12,-0.002212405917675147
2013-11-13,-0.0009720651822465521
2013-11-14,0.017183919178610244
2013-11-15,0.004829661358900736
2013-11-18,0.001659749630449979
2013-11-19,-0.006653156341461636
2013-11-20,-0.0007491000040524717
2013-11-21,-0.015087967107827352
2013-11-22,0.017397921197823577
2013-11-25,0.00872241123320142
2013-11-26,0.0036381794976793522
2013-11-27,0.009443308164558217
2013-11-29,0.009793309556323017
2013-12-02,0.0043281359205087876
2013-12-03,-0.007241489686012654
2013-12-04,-0.011498012722546986
2013-12-05,0.004885874032270002
2013-12-06,0.004933885561474553
2013-12-09,0.006408207631019327
2013-12-10,0.003158661852527289
2013-12-11,-0.0017230830701423989
2013-12-12,-0.018769581919346894
2013-12-13,0.0009626391046281779
2013-12-16,0.0026177313754775656
2013-12-17,-0.004948428563470467
2013-12-18,0.0017814943480148008
2013-12-19,0.010216195897162324
2013-12-20,2.7354257472823257e-05
2013-12-23,0.01700912020118657
2013-12-24,0.0028988100135148532
2013-12-26,0.002595246168813512
2013-12-27,0.0032817162350093475
2013-12-30,-0.005745159244355835
2013-12-31,0.0022801826655588866
2014-01-02,0.0001267055257406811
2014-01-03,-0.004144607330096738
2014-01-06,-0.007034023610886711
2014-01-07,-0.0005070017952077617
2014-01-08,0.005978712771927495
2014-01-09,0.006803948979339854
2014-01-10,-0.0049481550336345345
2014-01-13,-0.0007408531160231803
2014-01-14,-0.01069205466143539
2014-01-15,0.02054346339295353
2014-01-16,0.008453958757805106
2014-01-17,-0.0011275030763634947
2014-01-21,0.006412669257021548
2014-01-22,0.0013246477826180502
2014-01-23,-0.0021905667455372362
2014-01-24,-0.0050545921211310125
2014-01-27,-0.01661258329954085
2014-01-28,-0.01452122672309915
2014-01-29,-0.005548650641848996
2014-01-30,0.014411673224499363
2014-01-31,-0.0086364140393211
2014-02-03,0.008219542612725731
2014-02-04,-0.023261849727741313
2014-02-05,-0.0017977243887606982
2014-02-06,-0.0005790325416479029
2014-02-07,0.003816322270667686
2014-02-10,0.00769474365726228
2014-02-11,0.005109774430141744
2014-02-12,0.006967111864790676
2014-02-13,-0.0028257403032328253
2014-02-14,0.010993471753605082
2014-02-18,0.003650058019708913
2014-02-19,0.003274112590099436
2014-02-20,-0.008157111716676328
2014-02-21,0.0022510221171889075
2014-02-24,0.0038392019612468594
2014-02-25,0.004463991143928936
2014-02-26,0.0034303609050931848
2014-02-27,0.0042109156251448005
2014-02-28,0.006749874750894353
2014-03-03,-0.005547274937654275
2014-03-04,0.011124837051464014
2014-03-05,-0.0030600132145042758
2014-03-06,-0.000722613021228151
2014-03-07,-0.008232433178768293
2014-03-10,-0.003836548671637894
2014-03-11,0.002966396398452805
2014-03-12,-0.0011102614399395305
2014-03-13,0.008573024990592735
2014-03-14,0.0015280982530502304
2014-03-17,-0.002230454905410975
2014-03-18,0.0012640807686677175
2014-03-19,0.013268526668020529
2014-03-20,-0.0159864686603388
2014-03-21,0.018443330098820244
2014-03-24,-0.007721358162896745
2014-03-25,-0.003356014524345919
2014-03-26,0.004292579599140989
2014-03-27,-0.02140444525708737
2014-03-28,-0.0005363345974593796
2014-03-31,0.0031842413336398163
2014-04-01,0.008136023691475631
2014-04-02,0.0072828093975338135
2014-04-03,1.3716550677462711e-05
2014-04-04,0.00490140520757039
2014-04-07,-0.01847573369287831
2014-04-08,0.0022545523117624205
2014-04-09,0.007707779903911048
2014-04-10,0.008934481490674537
2014-04-11,-0.00913524811809054
2014-04-14,0.002006608965333772
2014-04-15,0.0022138167891139872
2014-04-16,0.0060798138490941655
2014-04-17,0.007826112578098086
2014-04-21,-0.004559432842160049
2014-04-22,-0.0021666437519582997
2014-04-23,0.015094781644588445
2014-04-24,0.003938748140621812
2014-04-25,0.0015460867525955513
2014-04-28,-0.009670787819153256
2014-04-29,-0.00910724040765217
2014-04-30,0.0035544616595434954
2014-05-01,0.0168225363649797
2014-05-02,0.0065954657997905446
2014-05-05,0.007381872967250041
2014-05-06,0.002598779580700485
2014-05-07,-0.00040500325853593086
2014-05-08,-0.0025995044621511887
2014-05-09,-0.0033625122785945123
2014-05-12,-0.004591871753944781
2014-05-13,0.007249234692770567
2014-05-14,0.013635953870886473
2014-05-15,0.011059778156774827
2014-05-16,-0.004269524107790317
2014-05-19,0.004417421545369956
2014-05-20,-0.009229189570939994
2014-05-21,-0.0045262031895873306
2014-05-22,0.004460429064717822
2014-05-23,0.00676578796117483
2014-05-27,0.008436480161394054
2014-05-28,0.0187147615064071
2014-05-29,0.011292837797832926
2014-05-30,-0.00731243663077966
2014-06-02,-0.005980180386346455
2014-06-03,-0.011950169897443737
2014-06-04,-0.005954453815254449
2014-06-05,-0.0007920728151935526
2014-06-06,0.012971466117997224
2014-06-09,-0.005905919332479118
2014-06-10,-0.00557362389466607
2014-06-11,0.0013439959711709561
2014-06-12,0.004465297914352033
2014-06-13,0.0019412918885487987
2014-06-16,0.00690482670248828
2014-06-17,-0.0038337236539284216
2014-06-18,-0.0015109697373344886
2014-06-19,0.008795705515393056
2014-06-20,-0.013039125659875046
2014-06-23,0.012371750416162171
2014-06-24,-3.926480285985478e-07
2014-06-25,0.007983057747777982
2014-06-26,0.00921063410302679
2014-06-27,0.0046940461371239636
2014-06-30,0.0018035240621561309
2014-07-01,-0.0037739396568294585
2014-07-02,-0.0033957319789072954
2014-07-03,-0.01053501972655147
2014-07-07,0.010853409466679863
2014-07-08,0.009571400127929095
2014-07-09,0.00222965879440562
2014-07-10,0.007302844447012154
2014-07-11,0.00149951259180441
2014-07-14,0.004263962162059928
2014-07-15,-0.003237195921785749
2014-07-16,0.0032462748719466984
2014-07-17,0.010697271457928734
2014-07-18,0.0005267601707320598
2014-07-21,0.006040484841759166
2014-07-22,0.006019341338120322
2014-07-23,0.004497550117110498
2014-07-24,-0.011772799970788908
2014-07-25,0.000499981804965406
2014-07-28,-0.0037500491997915983
2014-07-29,0.0034071914354528816
2014-07-30,-0.004806627962309637
2014-07-31,-0.027359979139881044
2014-08-01,-0.015155833732115072
2014-08-04,0.011582574361833835
2014-08-05,-0.003955228803071348
2014-08-06,-0.00080241413011874
2014-08-07,0.0017582744970643166
2014-08-08,0.0038854460799644217
2014-08-11,0.00492677467259014
2014-08-12,-0.0014092671495359735
2014-08-13,-0.0008989468707736536
2014-08-14,0.012951374556917377
2014-08-15,0.01142623278099747
2014-08-18,0.006071815871597155
2014-08-19,-0.0002281938727770374
2014-08-20,-0.009469496806071797
2014-08-21,0.0019048581049538908
2014-08-22,0.006359025382790524
2014-08-25,0.009560573341606846
2014-08-26,0.003386069001199667
2014-08-27,-0.0018244987428740758
2014-08-28,0.009344672342841188
2014-08-29,0.003147976126857045
2014-09-02,-0.010432530435307251
2014-09-03,-0.006378490762926337
2014-09-04,-0.0032077446064107435
2014-09-05,-0.0024823079349219923
2014-09-08,0.003957687548907723
2014-09-09,-0.007017142876678643
2014-09-10,-0.007551679105421642
2014-09-11,-0.0015754836989942782
2014-09-12,-0.012989554428498348
2014-09-15,-0.0023068313005605687
2014-09-16,-0.009975871141269122
2014-09-17,0.010832456907172949
2014-09-18,-0.0010654131605515788
2014-09-19,0.010658559293657707
2014-09-22,0.000814347960659283
2014-09-23,-0.004429377134458939
2014-09-24,0.004447765576724439
2014-09-25,0.003479115700254263
2014-09-26,-0.00676942282742081
2014-09-29,0.005276617701978086
2014-09-30,0.010365589148450653
2014-10-01,-0.0019254304504428322
2014-10-02,-0.009904628549159467
2014-10-03,0.0006697830505605134
2014-10-06,0.010541450289621399
2014-10-07,-0.0009783300086051846
2014-10-08,0.0014011179387319892
2014-10-09,0.01061659317096933
2014-10-10,-0.0180471275502232
2014-10-13,-0.011511122688695643
2014-10-14,0.004147669052226117
2014-10-15,0.012396755757479208
2014-10-16,-0.00911055301358892
2014-10-17,-0.0047158423120215
2014-10-20,0.0034529240684428664
2014-10-21,0.00972735236530585
2014-10-22,0.005886035912572564
2014-10-23,-0.0019354207174060317
2014-10-24,0.002715423362432661
2014-10-27,-0.0007992644780351187
2014-10-28,-0.0021549983483961266
2014-10-29,0.0017232402998317994
2014-10-30,0.00863523304523956
2014-10-31,0.00899167817523008
2014-11-03,-0.0018838060298182943
2014-11-04,0.0034194885478800053
2014-11-05,0.0014148284133051444
2014-11-06,-0.0073751680095906665
2014-11-07,0.0032347232713975005
2014-11-10,0.0035115650280101154
2014-11-11,-0.006735782575799088
2014-11-12,0.0029513919432886844
2014-11-13,-0.0029948832691538527
2014-11-14,0.0020395114505221174
2014-11-17,0.009664835736747847
2014-11-18,-0.0020277793213977135
2014-11-19,-0.0011657301269563495
2014-11-20,0.005756622501412047
2014-11-21,0.0032479148939331083
2014-11-24,-0.0002771963640870974
2014-11-25,0.014523215292612275
2014-11-26,0.014770395938297752
2014-11-28,-0.004965306164321944
2014-12-01,0.02804191883461295
2014-12-02,-0.027034908565913222
2014-12-03,-0.0017689791702048506
2014-12-04,0.005045773155528795
2014-12-05,0.008953251588774138
2014-12-08,-0.00250771509674149
2014-12-09,0.014001674112671928
2014-12-10,0.0012564051748527741
2014-12-11,0.0012890036131103706
2014-12-12,0.010752288074976529
2014-12-15,0.0019410940264692014
2014-12-16,0.0008464291651493067
2014-12-17,-0.006355819228756625
2014-12-18,0.006875178637754074
2014-12-19,0.0031542739745767465
2014-12-22,0.007668140508817431
2014-12-23,0.00955139444112695
2014-12-24,-0.0242724392142066
2014-12-26,0.013917984450783592
2014-12-29,0.005970597635812855
2014-12-30,0.0033464158506515875
2014-12-31,-0.004220034353388457
2015-01-02,-0.0005314111682195842
2015-01-05,0.007138507557651808
2015-01-06,0.021310772072574945
2015-01-07,-0.012337348393603172
2015-01-08,0.0037734834620496874
2015-01-09,0.00037014751129002023
2015-01-12,0.00993319159514084
2015-01-13,0.0005818040504050482
2015-01-14,0.005718552198880265
2015-01-15,0.0010492229680313216
2015-01-16,0.0071547782796875506
2015-01-20,0.009543068507293619
2015-01-21,0.008500941304244884
2015-01-22,-0.0012831810284660104
2015-01-23,0.009465849575288206
2015-01-26,0.004574841426869496
2015-01-27,-0.0028114779949482156
2015-01-28,-0.004228909384880723
2015-01-29,-0.0057004438003437135
2015-01-30,0.018699385335365287
2015-02-02,-0.013491171515078816
2015-02-03,0.0017484990332488639
2015-02-04,-0.006704296846115771
2015-02-05,0.005602668941065357
2015-02-06,-0.005890145353916231
2015-02-09,-0.006364365811292234
2015-02-10,-0.0062436053712424736
2015-02-11,-0.0006824177353465564
2015-02-12,0.002446811683000537
2015-02-13,0.0013580971366126244
2015-02-17,-0.008241216160090681
2015-02-18,-0.009529473584316963
2015-02-19,0.00028526559112791847
2015-02-20,0.0011978020530248692
2015-02-23,0.002009225190180529
2015-02-24,0.0023567403906707973
2015-02-25,0.009108267321192635
2015-02-26,0.0017353618032187597
2015-02-27,-0.003989770775500503
2015-03-02,0.000727946678232973
2015-03-03,-0.01854221472247146
2015-03-04,-0.005788334128419472
2015-03-05,-0.001409007018309569
2015-03-06,-0.019396635607022303
2015-03-09,-0.00350082353618426
2015-03-10,0.008675284165367309
2015-03-11,-0.0026531445148811057
2015-03-12,0.01333507660716979
2015-03-13,-0.006278859285600494
2015-03-16,0.01450165235617228
2015-03-17,0.010109432999788698
2015-03-18,0.013302523602559898
2015-03-19,0.022727913947622285
2015-03-20,0.004594653504514385
2015-03-23,0.002577919329676611
2015-03-24,-0.0016604162498226687
2015-03-25,0.007035202294389934
2015-03-26,-0.02942900349302171
2015-03-27,-0.0037794983215849163
2015-03-30,0.011711548052198085
2015-03-31,-0.0017564819985518216
2015-04-01,0.002459743170798721
2015-04-02,2.671820345302437e-05
2015-04-06,-0.004342707060164451
2015-04-07,0.005159959719966282
2015-04-08,0.007529926181631398
2015-04-09,0.004046459724476906
2015-04-10,-0.005116941878447709
2015-04-13,0.003798778974760726
2015-04-14,0.006837086219501802
2015-04-15,-0.000454032762270742
2015-04-16,-0.0006870330533967727
2015-04-17,-0.005272827446804871
2015-04-20,-0.002227831802713208
2015-04-21,0.012842903193317415
2015-04-22,0.004146799716236505
2015-04-23,-0.005303611151977203
2015-04-24,0.01606426542531085
2015-04-27,-0.005067929639839273
2015-04-28,0.0035590704634442384
2015-04-29,-0.018332920230612112
2015-04-30,-0.009119447994375661
2015-05-01,0.0009520574883052041
2015-05-04,0.016196635849785944
2015-05-05,-0.011855652337543137
2015-05-06,-0.018396522687564452
2015-05-07,-0.013895443591673313
2015-05-08,0.027113849549381286
2015-05-11,-0.0007209643826439933
2015-05-12,-0.007595994868613284
2015-05-13,0.003613916802623835
2015-05-14,-0.0007303952759844037
2015-05-15,0.007962115841922373
2015-05-18,-0.0017045531981079438
2015-05-19,-0.006372386265051173
2015-05-20,0.0012272705250723213
2015-05-21,0.0024151527269644485
2015-05-22,0.004682120653521886
2015-05-26,0.0015649821177325433
2015-05-27,-0.0040555954092083455
2015-05-28,0.010671387201050818
2015-05-29,0.000792596048101119
2015-06-01,-0.0052858824344945805
2015-06-02,-0.01680168973888081
2015-06-03,0.0005871992418457622
2015-06-04,-0.005053924995681414
2015-06-05,-0.010142106158800955
2015-06-08,0.0008657951500145048
2015-06-09,-0.012537704911175404
2015-06-10,0.0015801040315707958
2015-06-11,0.010509719386965707
2015-06-12,-0.0031029944190428893
2015-06-15,-0.006832097584995256
2015-06-16,-0.0011274635021013958
2015-06-17,0.007756453067047331
2015-06-18,0.0016338378465376965
2015-06-19,0.004076707212856967
2015-06-22,0.0011971297618235816
2015-06-23,-0.0016077293161850918
2015-06-24,-2.7123203831992373e-05
2015-06-25,-0.0008039823682920301
2015-06-26,-0.008993915757282782
2015-06-29,-0.017781015766755344
2015-06-30,-0.004555329823921257
2015-07-01,0.004764345568857575
2015-07-02,8.311398640779665e-05
2015-07-06,-0.012574803956754733
2015-07-07,0.0005780387444645893
2015-07-08,-0.006977767510213202
2015-07-09,0.0018819974533744802
2015-07-10,-0.002428196736105864
2015-07-13,0.028032692797853743
2015-07-14,-0.00463028478065032
2015-07-15,0.0026958656565346665
2015-07-16,0.004997132676965034
2015-07-17,0.006851570936109031
2015-07-20,0.004045265408473269
2015-07-21,0.0032961662252652115
2015-07-22,-0.013048907516847336
2015-07-23,0.004902277121918454
2015-07-24,-0.0011925385054845769
2015-07-27,-0.003162001835033881
2015-07-28,0.0025433097653457626
2015-07-29,0.00816901219156884
2015-07-30,-0.002045646742634882
2015-07-31,0.011520397296159633
2015-08-03,-0.00777885069510757
2015-08-04,-0.0055977277138497495
2015-08-05,0.0050857121327158835
2015-08-06,0.002237098189874528
2015-08-07,0.0009504790120507733
2015-08-10,-0.002120758754658097
2015-08-11,0.008222605721379393
2015-08-12,0.0027135944530653276
2015-08-13,-0.007183679567196372
2015-08-14,-0.007572953379697272
2015-08-17,0.0077108583740491034
2015-08-18,-0.004299996215729172
2015-08-19,-0.025217443386480742
2015-08-20,0.01420027838010368
2015-08-21,0.001390620955435083
2015-08-24,-0.042412740585832165
2015-08-25,0.015384789951121382
2015-08-26,-0.011022958540361375
2015-08-27,0.017224779474253497
2015-08-28,0.00481570728058165
2015-08-31,0.006645329697467633
2015-09-01,-0.019974175134989544
2015-09-02,0.0036729647648453645
2015-09-03,0.005136051045275644
2015-09-04,-0.00344335707890147
2015-09-08,-0.005812468600966938
2015-09-09,-0.009408838756966395
2015-09-10,0.007261828388760325
2015-09-11,0.002360919462379771
2015-09-14,0.005060367655550098
2015-09-15,-0.007293453819742923
2015-09-16,-0.015236341950494387
2015-09-17,-0.0014158635621336953
2015-09-18,0.01765953259842213
2015-09-21,-0.002359271465166709
2015-09-22,0.0036492421797897907
2015-09-23,0.00047149254124120816
2015-09-24,0.011052850800426095
2015-09-25,-0.011458745723751867
2015-09-28,-0.007425860821955916
2015-09-29,0.0004424962868692425
2015-09-30,0.0021137896061845045
2015-10-01,0.011191609587495956
2015-10-02,0.005154572515497648
2015-10-05,0.0067704721994267265
2015-10-06,-0.005257880999712989
2015-10-07,-0.0005281818022243485
2015-10-08,0.004748846085214581
2015-10-09,-0.008734026113720601
2015-10-12,0.006457873849563142
2015-10-13,0.0027454226030593338
2015-10-14,0.003041573538911801
2015-10-15,0.0031139107177850164
2015-10-16,-0.00010289586647663289
2015-10-19,-0.002737338500252515
2015-10-20,-0.005821017425126404
2015-10-21,0.004682300750753629
2015-10-22,0.002058501593971595
2015-10-23,-0.004391392768245339
2015-10-26,0.0032876666510951425
2015-10-27,0.0031619620070178584
2015-10-28,0.002426081265477162
2015-10-29,-0.0046538409078215395
2015-10-30,-0.003754594488695367
2015-11-02,-0.005793571465313939
2015-11-03,0.021760571712381997
2015-11-04,0.019850847019689
2015-11-05,-0.001641647108321065
2015-11-06,-0.022982722857865685
2015-11-09,-0.01265655126503636
2015-11-10,0.0012227048228751333
2015-11-11,-0.013559925032289345
2015-11-12,-0.01391029165059601
2015-11-13,0.0066006836772633725
2015-11-16,-0.005266690621649112
2015-11-17,0.011825736586170678
2015-11-18,0.0028911484143561085
2015-11-19,0.010887042011880232
2015-11-20,0.0031481056141754644
2015-11-23,0.0006025770425332637
2015-11-24,-0.004618220455212655
2015-11-25,0.004712955300647654
2015-11-27,0.014674644108658718
2015-11-30,0.00977254564744898
2015-12-01,0.0012238787691677283
2015-12-02,0.00020565907531331414
2015-12-03,-0.015245691290663624
2015-12-04,-0.028149382208716184
2015-12-07,0.036293772929399205
2015-12-08,0.0003274155662833013
2015-12-09,0.0012521567768293126
2015-12-10,0.0005226701850665683
2015-12-11,-0.0019474679110517623
2015-12-14,-0.0011633939732016128
2015-12-15,-0.003436009836402254
2015-12-16,0.00913723745438258
2015-12-17,0.004669508421074916
2015-12-18,-0.006007880155704246
2015-12-21,0.0011981469451573612
2015-12-22,-0.002175282945441306
2015-12-23,-0.007429925648058938
2015-12-24,0.003583178064742828
2015-12-28,0.00231637110087454
2015-12-29,0.004643873380300298
2015-12-30,-0.0065862273597809785
2015-12-31,-0.010501896827201755
2016-01-04,-0.02766486077594675
2016-01-05,0.005201384575306901
2016-01-06,-0.02266453627538081
2016-01-07,-0.011943320512445782
2016-01-08,-0.0017187191099062628
2016-01-11,-0.0024150148650772664
2016-01-12,0.0024168359924359247
2016-01-13,0.0028673986225138484
2016-01-14,0.006076889784563317
2016-01-15,0.006566201591444396
2016-01-19,-0.0019988926535206685
2016-01-20,0.010169649274129581
2016-01-21,0.0022217445572159204
2016-01-22,-0.012933370693896886
2016-01-25,0.006768210185293973
2016-01-26,0.0002900409613227975
2016-01-27,-0.0015540977757920228
2016-01-28,-0.0037557436523553075
2016-01-29,0.0116022631993271
2016-02-01,0.004966754111948058
2016-02-02,0.00480228460445465
2016-02-03,-0.004909478774661684
2016-02-04,-0.007083693255066207
2016-02-05,-0.00238985038525515
2016-02-08,0.011621121181771013
2016-02-09,0.01646092412356038
2016-02-10,-0.0029357013501829267
2016-02-11,0.017376318214966536
2016-02-12,-0.010781622383375515
2016-02-16,-0.011895208285695997
2016-02-17,-0.007166260983092702
2016-02-18,-0.0019416655301352074
2016-02-19,0.008312560930821673
2016-02-22,0.005054049766853641
2016-02-23,-0.008494528020691729
2016-02-24,0.022603144798730157
2016-02-25,0.0037259702650939775
2016-02-26,-0.0037778280782919172
2016-02-29,-0.00240462195723784
2016-03-01,0.004272665926910471
2016-03-02,-0.008433650402624629
2016-03-03,0.0031615067055984934
2016-03-04,-0.001609737361009574
2016-03-07,-0.0020052967562815198
2016-03-08,0.015356635523790556
2016-03-09,-0.01326036248504588
2016-03-10,0.00023038037123458872
2016-03-11,-0.0013324662203318249
2016-03-14,-0.010090756961443879
2016-03-15,0.0012874166720898117
2016-03-16,-0.005851075073473862
2016-03-17,0.018975687152623582
2016-03-18,0.0041334245230973
2016-03-21,-0.00828623217182309
2016-03-22,0.004614269717623023
2016-03-23,-0.008867221777685813
2016-03-24,0.013933050606265858
2016-03-28,-0.005855870214165774
2016-03-29,0.006157669706614872
2016-03-30,0.015538340171259863
2016-03-31,-0.0020406035887093267
2016-04-01,0.006232411758816289
2016-04-04,0.006795257882421118
2016-04-05,0.0074295671323312135
2016-04-06,-0.008077604768547228
2016-04-07,0.005697981340793645
2016-04-08,0.0054077831436067075
2016-04-11,-0.007780723216499034
2016-04-12,-0.0014093357160393808
2016-04-13,-0.00048211616953106095
2016-04-14,0.0006130513127031653
2016-04-15,0.0015697418560038313
2016-04-18,0.0008580312240854258
2016-04-19,0.0009782059912613308
2016-04-20,-0.0007415466260026185
2016-04-21,-0.023988879447755563
2016-04-22,-0.0038661211078676767
2016-04-25,-0.006173350434159848
2016-04-26,-0.001469932027333673
2016-04-27,-0.00673822992427869
2016-04-28,0.004292200344912425
2016-04-29,-0.0090059640664526
2016-05-02,0.0054820473024422625
2016-05-03,0.005296955414896102
2016-05-04,-0.0062167087757318325
2016-05-05,0.00626697569982593
2016-05-06,0.0023869639301228166
2016-05-09,0.0015913934155615248
2016-05-10,0.006575977046487641
2016-05-11,0.0017880041637192848
2016-05-12,-0.0026246743687926644
2016-05-13,0.0012213833552724906
2016-05-16,0.00048671281539603155
2016-05-17,-0.002385207252782646
2016-05-18,-0.00818619678003961
2016-05-19,-0.012033859601884023
2016-05-20,-0.00998898051377228
2016-05-23,0.006902576335815279
2016-05-24,-0.0018742613945764764
2016-05-25,0.008438834182106687
2016-05-26,0.006607623327533319
2016-05-27,0.0023577590567178267
2016-05-31,-0.00012962805578148546
2016-06-01,0.005496028345140119
2016-06-02,0.0022335302516975964
2016-06-03,0.020282663925668274
2016-06-06,0.011488504227771423
2016-06-07,0.003302524497323985
2016-06-08,-4.336654621375042e-05
2016-06-09,0.012622018069823774
2016-06-10,0.0028548302826428558
2016-06-13,0.024980147451410986
2016-06-14,0.01460167009882826
2016-06-15,-0.008860139573723353
2016-06-16,0.008932857137549852
2016-06-17,0.015013280552394651
2016-06-20,-0.012004757537752417
2016-06-21,-0.006543305856201017
2016-06-22,-0.0180441690479866
2016-06-23,-0.017736980079257787
2016-06-24,0.019034713318716385
2016-06-27,0.013133772709797244
2016-06-28,0.010223852685643296
2016-06-29,0.019429581756556954
2016-06-30,0.004174741708149209
2016-07-01,0.03189895683954938
2016-07-05,0.007968429703149036
2016-07-06,-0.00181214926478282
2016-07-07,0.0034149474054121194
2016-07-08,-0.004710571134812747
2016-07-11,0.011520370667695543
2016-07-12,-0.021880805259243418
2016-07-13,0.009419011358514494
2016-07-14,-0.014774023993915055
2016-07-15,-0.003681899822989909
2016-07-18,0.004043978865648549
2016-07-19,-0.0017939476824529574
2016-07-20,-0.005158250849210703
2016-07-21,-0.007857015534313304
2016-07-22,0.005135793989376703
2016-07-25,0.007421125361283715
2016-07-26,0.004086319925020463
2016-07-27,0.0040735288861818535
2016-07-28,0.011024434584818086
2016-07-29,0.0007543609729650562
2016-08-01,-0.0029536050400713527
2016-08-02,-0.015584349010566972
2016-08-03,-0.014603252553374775
2016-08-04,0.018799743980577387
2016-08-05,0.0030055082707926605
2016-08-08,-0.0047456442549726734
2016-08-09,0.007140381102933163
2016-08-10,0.017139513804061906
2016-08-11,-0.002692476743564366
2016-08-12,0.000260019394210893
2016-08-15,-0.006333275063691674
2016-08-16,-0.004332760402777606
2016-08-17,-0.001311552801856291
2016-08-18,0.00431966190536131
2016-08-19,-0.004663761567356015
2016-08-22,0.00808979489235321
2016-08-23,0.00847229505199713
2016-08-24,-0.005707082489022792
2016-08-25,-0.009979209891104422
2016-08-26,0.0038330052029480017
2016-08-29,-0.0024092418656114787
2016-08-30,0.00263682249649032
2016-08-31,-0.0074883682378177625
2016-09-01,-0.005983606472603891
2016-09-02,0.009106623623774315
2016-09-06,0.00908201872795104
2016-09-07,0.017876121136626837
2016-09-08,-0.01166545231905363
2016-09-09,-0.025845468484894038
2016-09-12,-0.021744467467210017
2016-09-13,0.007336536710319584
2016-09-14,-0.008234628133238395
2016-09-15,0.0017846305823446405
2016-09-16,0.004203562858803338
2016-09-19,0.0009256835177305509
2016-09-20,0.00022728332266795111
2016-09-21,-0.0009599745692540159
2016-09-22,0.02567520294811632
2016-09-23,0.002603370808284785
2016-09-26,-0.0017209450916658773
2016-09-27,0.008723372976935468
2016-09-28,0.012605772703246929
2016-09-29,-0.005740511409556634
2016-09-30,0.013826249307736299
2016-10-03,-0.004408481387975273
2016-10-04,-0.010794533534331635
2016-10-05,-0.01616730383360399
2016-10-06,-0.00608440151341266
2016-10-07,0.0010678277487746093
2016-10-10,-0.002688364999114192
2016-10-11,-0.0011471688558307585
2016-10-12,-0.005853257349463783
2016-10-13,-0.0023376095272835194
2016-10-14,0.0034480186150197822
2016-10-17,-0.0030031439892015204
2016-10-18,0.00441282847675155
2016-10-19,-0.0024092285816081182
2016-10-20,0.001944894934895371
2016-10-21,-0.0009262470741145534
2016-10-24,0.008304549243065699
2016-10-25,0.0025941838481238215
2016-10-26,-0.004073672810100133
2016-10-27,0.000291987721081684
2016-10-28,-0.010353511020672397
2016-10-31,0.003952279878863477
2016-11-01,-0.0013497672724487376
2016-11-02,-0.009208256054034311
2016-11-03,-0.008597972228308104
2016-11-04,-0.02200332679913456
2016-11-07,0.013166520441781834
2016-11-08,0.002466563992840348
2016-11-09,-0.002864118597260051
2016-11-10,0.01850069256314716
2016-11-11,-0.019042336927519422
2016-11-14,0.006071135752090869
2016-11-15,-0.00139686064356435
2016-11-16,0.003757812295309641
2016-11-17,0.01817203477482271
2016-11-18,0.00849854834709148
2016-11-21,-0.0031920537082435634
2016-11-22,0.014109980398386473
2016-11-23,-0.00020492673396141432
2016-11-25,-0.0009989478303704061
2016-11-28,-0.001515520852184736
2016-11-29,0.00021905325822636534
2016-11-30,0.004706396835672948
2016-12-01,-0.012674403487019604
2016-12-02,-0.018460595462075572
2016-12-05,0.017530767796036132
2016-12-06,0.005389920774711663
2016-12-07,0.0022172921520835164
2016-12-08,0.020303906681187114
2016-12-09,0.009328512823824344
2016-12-12,-0.0033134663937237656
2016-12-13,0.00391302562569211
2016-12-14,0.00896593068147405
2016-12-15,-0.0017978899241804026
2016-12-16,0.003434990412530659
2016-12-19,-0.0014728055316353497
2016-12-20,0.004923053334608076
2016-12-21,0.0020448703374558587
2016-12-22,0.005517142823067458
2016-12-23,0.0020186281666539517
2016-12-27,0.010376582706877411
2016-12-28,0.010890750752576714
2016-12-29,-0.007864887346699106
2016-12-30,0.0006608208067246533
2017-01-03,0.0018295998439350077
2017-01-04,0.0063194223494666
2017-01-05,0.019066110610396526
2017-01-06,-0.013985329770455255
2017-01-09,-0.0060193129995577
2017-01-10,0.002570188981047223
2017-01-11,0.003318287667503255
2017-01-12,-0.01959844372639768
2017-01-13,0.005980843718421107
2017-01-17,0.004512292188982515
2017-01-18,0.01283003682577559
2017-01-19,-0.0020604366335211996
2017-01-20,0.003547687115756092
2017-01-23,0.0028828239551858246
2017-01-24,0.00026624929211911555
2017-01-25,0.006293185846266411
2017-01-26,0.005242737732426783
2017-01-27,0.003275612852695298
2017-01-30,-0.004664830351641689
2017-01-31,-0.008653461928007441
2017-02-01,0.01686692909842497
2017-02-02,-0.0008687410670970006
2017-02-03,0.010088267921283225
2017-02-06,0.002636378722407554
2017-02-07,0.005242842270641803
2017-02-08,0.0007858185131983088
2017-02-09,0.004680957197111656
2017-02-10,-0.003592800900570562
2017-02-13,0.003175611236360647
2017-02-14,0.0010090023441877776
2017-02-15,0.004095358225264714
2017-02-16,0.00488856893583564
2017-02-17,-0.00019205423045947023
2017-02-21,0.013600509423851614
2017-02-22,0.0057365309074033045
2017-02-23,0.0020805443928395106
2017-02-24,-0.005689000459335837
2017-02-27,0.005490022856317217
2017-02-28,0.005608753926218778
2017-03-01,0.003635404670584339
2017-03-02,0.011716851158537213
2017-03-03,-0.007985541481263722
2017-03-06,-0.0035020349424104546
2017-03-07,-0.0018597426099176513
2017-03-08,-0.00805971287854999
2017-03-09,-0.008548015127932216
2017-03-10,0.010968571797421426
2017-03-13,0.0031940079128492367
2017-03-14,0.0006047716386496701
2017-03-15,0.002572281281501991
2017-03-16,0.009942193072728436
2017-03-17,-0.008314489692967615
2017-03-20,-0.01559508306761221
2017-03-21,0.008343813730708957
2017-03-22,0.004671989220974404
2017-03-23,-0.0034786585860529027
2017-03-24,-0.0006595163702112429
2017-03-27,-0.011326032688071148
2017-03-28,0.017684230118231364
2017-03-29,0.004416364757053121
2017-03-30,0.004475165747339389
2017-03-31,-0.0054550187640469705
2017-04-03,0.014398374828529072
2017-04-04,0.0042896263781801395
2017-04-05,0.0001022947995678483
2017-04-06,-0.007118651977483294
2017-04-07,0.009802572552340127
2017-04-10,-0.0013240530291037593
2017-04-11,-0.0008353835909558583
2017-04-12,0.002880199925071059
2017-04-13,-0.004216228393285783
2017-04-17,-0.0024767384307928645
2017-04-18,0.006922259637942353
2017-04-19,0.01042825111185482
2017-04-20,-0.0021576704149672077
2017-04-21,0.007664731787443344
2017-04-24,-0.0022534543258744587
2017-04-25,0.006194860610736456
2017-04-26,0.0024339816975005152
2017-04-27,0.0041368895412603425
2017-04-28,0.011187598580093907
2017-05-01,0.005200461988065558
2017-05-02,0.011258280775797918
2017-05-03,0.00772276019087881
2017-05-04,-0.004144370510980835
2017-05-05,0.008786619747959289
2017-05-08,0.00436046859369447
2017-05-09,0.009141027582629576
2017-05-10,0.008660175097687794
2017-05-11,-0.004524653274346808
2017-05-12,0.013186311368481165
2017-05-15,3.118945637245235e-05
2017-05-16,-0.0006808314213842885
2017-05-17,0.0036626878907186095
2017-05-18,-0.001217877499728127
2017-05-19,0.020215225686322145
2017-05-22,0.015958672550623134
2017-05-23,0.019683838990417316
2017-05-24,0.004933057901131089
2017-05-25,0.015112179886780465
2017-05-26,0.0017534147648513372
2017-05-30,0.00027066761340274357
2017-05-31,0.0010949824947909998
2017-06-01,0.004057678339127501
2017-06-02,0.02330782087022202
2017-06-05,0.014669516919811025
2017-06-06,0.013222053931234188
2017-06-07,0.007644421398811299
2017-06-08,-0.00704370163109957
2017-06-09,-0.00021963274282159502
2017-06-12,-0.01897015007142817
2017-06-13,0.0004541550646528868
2017-06-14,0.018543810445533222
2017-06-15,-0.035869258751464496
2017-06-16,0.00553626998653147
2017-06-19,0.009215259257855313
2017-06-20,0.010756100236334058
2017-06-21,0.0009314999627748682
2017-06-22,0.009711446592995311
2017-06-23,-0.00317432231595547
2017-06-26,0.009213234367206299
2017-06-27,-0.019234318370429822
2017-06-28,-0.013721570064761207
2017-06-29,-0.0009798237934812858
2017-06-30,-0.014218506516683044
2017-07-03,-0.0003743380915089052
2017-07-05,-0.01428136544249464
2017-07-06,-0.004873410772390889
2017-07-07,-0.0013327775968630757
2017-07-10,0.004765952634526096
2017-07-11,-0.002823389319307567
2017-07-12,0.016414866418884753
2017-07-13,0.00789804300005875
2017-07-14,0.0033729860476137915
2017-07-17,-0.024112890798348083
2017-07-18,0.027004984957055306
2017-07-19,0.013902567239817532
2017-07-20,0.003908296465483051
2017-07-21,0.02614903315802906
2017-07-24,-0.003774800072503837
2017-07-25,-0.0028589217850059695
2017-07-26,-0.004665972211318529
2017-07-27,0.0024694449341938307
2017-07-28,-0.004859787908617466
2017-07-31,0.005750268226445649
2017-08-01,-3.206557646694285e-05
2017-08-02,0.004383497007169045
2017-08-03,-0.0010349571260892109
2017-08-04,-9.789053269918572e-05
2017-08-07,0.00828175784017033
2017-08-08,0.0136454606911173
2017-08-09,-0.0010783623120227375
2017-08-10,-0.0018078967968274866
2017-08-11,-0.004153021990811
2017-08-14,0.019749939234361837
2017-08-15,0.003414647748022232
2017-08-16,-0.0009848888560569289
2017-08-17,0.003076186915747405
2017-08-18,-0.002502214913043515
2017-08-21,-0.007844253169402314
2017-08-22,-0.000594133885584025
2017-08-23,0.006171743964292932
2017-08-24,0.003770580894544701
2017-08-25,0.005369907593595343
2017-08-28,-0.00027633349813834885
2017-08-29,-0.0008233919708082439
2017-08-30,0.015272641571309472
2017-08-31,0.015648830072345143
2017-09-01,0.014065209607713638
2017-09-05,-0.010703778541596
2017-09-06,0.009130125459992991
2017-09-07,0.005264215961784276
2017-09-08,0.00572308522599744
2017-09-11,-0.024743435540440176
2017-09-12,-0.0010750041113582322
2017-09-13,-0.0030824242668214103
2017-09-14,-0.012431979744141551
2017-09-15,-0.0184271697409735
2017-09-18,0.013931815831335986
2017-09-19,0.013679380056771462
2017-09-20,-0.005746592799531072
2017-09-21,-0.004178566016206488
2017-09-22,-0.010248293571471568
2017-09-25,0.0021387540591847162
2017-09-26,0.00959928455334082
2017-09-27,-0.005584364405057874
2017-09-28,0.008252656204105334
2017-09-29,0.009332632576822597
2017-10-02,0.013925748357530948
2017-10-03,-0.003894525330478907
2017-10-04,0.001018394431834767
2017-10-05,-0.000656247829496085
2017-10-06,-0.0053859583518088856
2017-10-09,0.018081642316726175
2017-10-10,0.009351262700843539
2017-10-11,0.003951673340752711
2017-10-12,0.002536836733238215
2017-10-13,0.02899333415598889
2017-10-16,0.006192389522815351
2017-10-17,-0.0016945254993091156
2017-10-18,-0.006805911582640962
2017-10-19,0.0025256225408397033
2017-10-20,-0.007998093219496828
2017-10-23,0.008784950094817355
2017-10-24,-0.008816466574761258
2017-10-25,-0.017635033563264513
2017-10-26,0.007834409639729631
2017-10-27,0.016950891707662445
2017-10-30,0.01634482425446291
2017-10-31,0.021646232512586384
2017-11-01,0.01346332647728178
2017-11-02,0.006336661034406647
2017-11-03,0.011815988448535415
2017-11-06,0.014134658114507185
2017-11-07,-0.003797676650379049
2017-11-08,0.004453387960460809
2017-11-09,-0.0008521911636909703
2017-11-10,-0.015596606636464295
2017-11-13,-0.02334894954650022
2017-11-14,0.01483139074810068
2017-11-15,0.007992149958441642
2017-11-16,0.015030905427560633
2017-11-17,0.013089695435540099
2017-11-20,0.002479193628858351
2017-11-21,0.015555440982795096
2017-11-22,-0.0013315100646706741
2017-11-24,0.009248785512830057
2017-11-27,0.016437204886860783
2017-11-28,0.005416253898842726
2017-11-29,-0.0117044268733547
2017-11-30,-0.027363982313362983
2017-12-01,-0.000893940767196034
2017-12-04,0.017092125664723453
2017-12-05,-0.01949626195267739
2017-12-06,-0.001042221748575115
2017-12-07,0.013545708893447032
2017-12-08,0.011590008156900105
2017-12-11,-0.006574498917265398
2017-12-12,0.01185547769412904
2017-12-13,0.018817128273363546
2017-12-14,0.002656690280340583
2017-12-15,0.005709940863432201
2017-12-18,0.015895232860345925
2017-12-19,-0.006093903807981091
2017-12-20,-0.015647000567638403
2017-12-21,-0.005041718830079573
2017-12-22,0.0019747759098689512
2017-12-26,-0.010500684285658143
2017-12-27,0.013719836508407192
2017-12-28,0.004854501184041869
2017-12-29,-0.004944920990909888
2018-01-02,-0.0003331317400761268
2018-01-03,0.023894252522650462
2018-01-04,0.014418411094984807
2018-01-05,0.005915927279852348
2018-01-08,0.016230106098952892
2018-01-09,-0.010633542374655027
2018-01-10,-0.008359458866005018
2018-01-11,0.0058403124457141855
2018-01-12,-0.004187780040282636
2018-01-16,0.01865679555988651
2018-01-17,-0.018645692943361908
2018-01-18,-0.0037614540539328395
2018-01-19,0.0033628464492220654
2018-01-22,0.0022360147415382723
2018-01-23,-0.0017376994902026587
2018-01-24,0.002009564371971375
2018-01-25,0.007409766851938956
2018-01-26,0.002342272651054023
2018-01-29,0.008773569735041753
2018-01-30,-0.016862281041914097
2018-01-31,-0.004718181140525806
2018-02-01,-0.0066079852610066575
2018-02-02,-0.01712517905872826
2018-02-05,-0.04261418670043899
2018-02-06,-0.06294765286659568
2018-02-07,0.009856050311217243
2018-02-08,-0.00263729247366346
2018-02-09,-0.0025441312630898184
2018-02-12,0.0018310970452458239
2018-02-13,0.00030421711985425875
2018-02-14,0.0015609924362940822
2018-02-15,0.013234271798994285
2018-02-16,0.00018118490315006228
2018-02-20,0.0013020735271599
2018-02-21,-1.706819619719405e-05
2018-02-22,-0.006319669951958526
2018-02-23,-0.002673916429497486
2018-02-26,0.009710644461820924
2018-02-27,0.007676245246548614
2018-02-28,-0.00408777851196151
2018-03-01,-0.01006849556010928
2018-03-02,-0.007570763964263766
2018-03-05,0.009654654854562461
2018-03-06,0.012504579604211887
2018-03-07,-0.00638847289230724
2018-03-08,-0.004701216194791841
2018-03-09,-0.00519595973219087
2018-03-12,0.007330648081382235
2018-03-13,-0.0005291661516762473
2018-03-14,-0.004359935002728035
2018-03-15,-0.012688602633315373
2018-03-16,-0.001865189795888194
2018-03-19,-0.0038841404547782592
2018-03-20,-0.003594227321649787
2018-03-21,0.003096252438081889
2018-03-22,-0.006277000954491134
2018-03-23,-0.003493569156143901
2018-03-26,-0.0035756399623293788
2018-03-27,0.02102479864356781
2018-03-28,-0.04539806373342437
2018-03-29,-0.004963125855701849
2018-04-02,0.006244353521696284
2018-04-03,-0.01010229107702958
2018-04-04,-0.011699937368009053
2018-04-05,0.029555149454961658
2018-04-06,-0.005132142895691898
2018-04-09,-0.0021045160366766295
2018-04-10,0.00718108066841403
2018-04-11,0.002843243039131452
2018-04-12,0.00303473430183657
2018-04-13,0.006535059314310555
2018-04-16,-0.0038563439819512156
2018-04-17,0.00010294087867363818
2018-04-18,0.004641573068469172
2018-04-19,-0.0018399748457197996
2018-04-20,-0.006041013643609651
2018-04-23,-0.006887176834508081
2018-04-24,-0.002795880456364396
2018-04-25,-0.010857410457388876
2018-04-26,0.01107317938382946
2018-04-27,0.01656879836669374
2018-04-30,-0.01212658748882128
2018-05-01,-0.011910420606747176
2018-05-02,0.01656021332896208
2018-05-03,-0.013171293196394549
2018-05-04,4.5279166104606155e-05
2018-05-07,0.013062356859792843
2018-05-08,-0.002059068849545591
2018-05-09,0.0003451018206383085
2018-05-10,0.0073961915039854175
2018-05-11,-0.00025819149245681703
2018-05-14,-0.0020975205950389693
2018-05-15,-0.004539883029843429
2018-05-16,-0.003681639710885875
2018-05-17,-0.00044575464577460575
2018-05-18,-0.007045116663102089
2018-05-21,0.003906781529881469
2018-05-22,0.0019107456572711003
2018-05-23,-0.009353834040374855
2018-05-24,0.014530034710561955
2018-05-25,0.003111660325685185
2018-05-29,0.0017684538828121482
2018-05-30,0.004682905457761808
2018-05-31,0.00656351411458281
2018-06-01,-0.0026528878506656074
2018-06-04,0.015594321483752357
2018-06-05,0.007676706645236054
2018-06-06,-0.002381473606064786
2018-06-07,0.0009546640725301534
2018-06-08,-0.0041033699613996
2018-06-11,-0.0008118703121456393
2018-06-12,0.002997268698448871
2018-06-13,0.006289241868634665
2018-06-14,0.004322962124860338
2018-06-15,0.007241557288616606
2018-06-18,-0.0069085826761302906
2018-06-19,-0.0027642331372188956
2018-06-20,0.008604482989956783
2018-06-21,0.00045844908618010135
2018-06-22,-0.006118887192227211
2018-06-25,-0.01038562166006223
2018-06-26,-0.010816425079973593
2018-06-27,0.013965242299193534
2018-06-28,-0.025242946792583758
2018-06-29,0.02246527470817703
2018-07-02,-0.008298342886014377
2018-07-03,0.033176667668439394
2018-07-05,-0.011716852203889102
2018-07-06,0.012170288586993207
2018-07-09,0.015046026924331579
2018-07-10,4.08509890034039e-05
2018-07-11,-0.011230478320177298
2018-07-12,0.0037880646998085165
2018-07-13,0.005171847737142918
2018-07-16,-0.0026795606906759237
2018-07-17,-0.00801032803443899
2018-07-18,0.00872306413089308
2018-07-19,-0.0038927198085592796
2018-07-20,-0.00021005523075484192
2018-07-23,-0.012762097925919529
2018-07-24,0.002430431780875575
2018-07-25,0.0013267264718503098
2018-07-26,-0.0016155621318278107
2018-07-27,0.00558707985017684
2018-07-30,-0.025162914142391773
2018-07-31,-0.008118318372118537
2018-08-01,0.0002109952577386895
2018-08-02,-0.0072721662145088795
2018-08-03,0.03419406411039943
2018-08-06,0.006625836598619952
2018-08-07,0.004816063788883886
2018-08-08,-0.002308529556520976
2018-08-09,0.0037638276669916086
2018-08-10,0.0011850106448649386
2018-08-13,-0.0009916901942715706
2018-08-14,0.0034300126641595876
2018-08-15,-0.007850057803510497
2018-08-16,0.001494198124084516
2018-08-17,-0.005194811107488198
2018-08-20,0.00891628609761462
2018-08-21,-1.9258443941939495e-06
2018-08-22,0.004321069807922455
2018-08-23,0.0038648944855944065
2018-08-24,0.00027732613466427154
2018-08-27,0.009211065285064891
2018-08-28,-0.0013119498666952414
2018-08-29,-0.0006044386292944171
2018-08-30,0.011440368230881197
2018-08-31,0.0016797277728520803
2018-09-04,-0.010016222839744885
2018-09-05,-0.00443264133733444
2018-09-06,-0.012840170739619846
2018-09-07,-0.023306646572901622
2018-09-10,0.008768029642636923
2018-09-11,-0.007451830036315609
2018-09-12,0.006820896224428504
2018-09-13,0.007022572240609547
2018-09-14,-0.00020912250729410511
2018-09-17,-0.006041838786748992
2018-09-18,-0.012008494345126122
2018-09-19,0.00041277430135023153
2018-09-20,0.00466983854079887
2018-09-21,0.004885834628530318
2018-09-24,-0.009664623661082651
2018-09-25,0.006361510763142872
2018-09-26,0.0023255552123547067
2018-09-27,0.004654454111491379
2018-09-28,0.0008283288144414548
2018-10-01,0.01219536066606678
2018-10-02,-0.00565215681195041
2018-10-03,0.004032552272661339
2018-10-04,-0.011037701378105808
2018-10-05,-0.012177363395014693
2018-10-08,-0.01658795821588923
2018-10-09,-0.0003442891530931616
2018-10-10,-0.0031792196671400225
2018-10-11,-0.039308467511300474
2018-10-12,0.00967789188814196
2018-10-15,-0.001691936550114453
2018-10-16,0.0009918031218982266
2018-10-17,0.012526866110108831
2018-10-18,-0.006021107828184736
2018-10-19,-0.008248242499548723
2018-10-22,-0.0016143669176035338
2018-10-23,-0.01606521182462514
2018-10-24,0.008900832167958329
2018-10-25,-0.007846506167236554
2018-10-26,-0.0023371674101426597
2018-10-29,0.011467082345018765
2018-10-30,-0.017169163494366795
2018-10-31,0.01682184164406002
2018-11-01,0.0011459696058827397
2018-11-02,0.00471734345623754
2018-11-05,-0.007392055580004274
2018-11-06,0.0009911790550566088
2018-11-07,0.0019155336675592699
2018-11-08,0.001718983059840377
2018-11-09,-0.0002496209071712995
2018-11-12,-4.523203816934947e-05
2018-11-13,-0.00044309834429243924
2018-11-14,-0.0005210989453492926
2018-11-15,-0.014977575065256456
2018-11-16,-0.004423858963363747
2018-11-19,0.0025071007271073313
2018-11-20,-0.000647054612756191
2018-11-21,-0.0005869346131097955
2018-11-23,0.00040591395535897014
2018-11-26,0.0009817404446106244
2018-11-27,-0.0016658702129090366
2018-11-28,0.008841622671090643
2018-11-29,0.012038076405013871
2018-11-30,0.0012278882352217571
2018-12-03,0.01578688327632951
2018-12-04,0.0011540998698803583
2018-12-06,-0.02859899416972953
2018-12-07,0.017369594583761607
2018-12-10,-0.0017967451915572644
2018-12-11,-0.00039988669120537344
2018-12-12,-0.001254577900721667
2018-12-13,-0.006554992585773705
2018-12-14,0.0024418976496200983
2018-12-17,-0.0005348196747598111
2018-12-18,0.000966433576074175
2018-12-19,0.00782325685923467
2018-12-20,0.012615752959507653
2018-12-21,-0.005832473081036561
2018-12-24,-0.0001650067049437975
2018-12-26,0.0008417077476288171
2018-12-27,0.016296872919541093
2018-12-28,0.005190235570719693
2018-12-31,0.0036216349085128937
2019-01-02,-0.0006945212942721488
2019-01-03,0.007297029191029203
2019-01-04,-0.0015856740592373653
2019-01-07,0.013861290648236765
2019-01-08,-0.006882301111602653
2019-01-09,-0.004018587063316812
2019-01-10,0.0010691933774737857
2019-01-11,-0.0033430358296948474
2019-01-14,0.0020684488856375595
2019-01-15,-0.003397425584852823
2019-01-16,-0.008316700202965011
2019-01-17,0.005361900593933552
2019-01-18,-0.004374806900149255
2019-01-22,0.0019353539719498005
2019-01-23,-0.0022489571016010733
2019-01-24,0.008339906664447708
2019-01-25,-0.002490928218304016
2019-01-28,-0.0007603110249691865
2019-01-29,0.0005737373699653633
2019-01-30,0.003341806666309491
2019-01-31,0.018733548833143827
2019-02-01,0.0057535105082392205
2019-02-04,-0.012672390629787356
2019-02-05,0.011433648216417019
2019-02-06,0.011596777417477479
2019-02-07,-0.0006408672897388338
2019-02-08,0.007326709067172741
2019-02-11,-0.002593641333640337
2019-02-12,-0.003052494449349159
2019-02-13,-0.005876238281957248
2019-02-14,0.011783805178642774
2019-02-15,-0.006679728168372468
2019-02-19,0.009506380105728181
2019-02-20,-0.0022762816314480187
2019-02-21,-0.011209979307970363
2019-02-22,0.004585111866738694
2019-02-25,-6.388114293360051e-05
2019-02-26,-0.0007012369462815372
2019-02-27,-0.006666949440801782
2019-02-28,-0.008267094638879407
2019-03-01,-0.006133998360884754
2019-03-04,0.0002803142637026815
2019-03-05,-0.006841119591273254
2019-03-06,0.017320748322624212
2019-03-07,0.008065690853651013
2019-03-08,0.0022732828982268594
2019-03-11,0.003645007121759746
2019-03-12,0.007019830222255724
2019-03-13,0.00806768131843935
2019-03-14,0.0004891121744818773
2019-03-15,0.00313660197241417
2019-03-18,0.013466776248056754
2019-03-19,-0.006915061303108766
2019-03-20,0.006495595129001238
2019-03-21,0.014909288569519343
2019-03-22,0.015441667817535115
2019-03-25,0.0009556593851725616
2019-03-26,0.0008275561140290062
2019-03-27,0.008652398933220142
2019-03-28,0.005595637899008096
2019-03-29,0.0017863586931840775
2019-04-01,0.008885824255301412
2019-04-02,-0.00429266227193894
2019-04-03,0.026116307115734975
2019-04-04,-0.0007036848726912038
2019-04-05,0.0023383945151954875
2019-04-08,0.013416417716162067
2019-04-09,0.006977805755437561
2019-04-10,-0.001749699782872568
2019-04-11,0.0003874104162402102
2019-04-12,-0.019224633215154364
2019-04-15,-0.0016584996263180134
2019-04-16,-0.006138857834878509
2019-04-17,-0.0006655904556529988
2019-04-18,0.0054581097174861495
2019-04-22,0.0008631299226976165
2019-04-23,0.0027209213951777207
2019-04-24,0.010885433380397557
2019-04-25,0.0011437850934363956
2019-04-26,-0.006681219636254107
2019-04-29,-0.003632173306656565
2019-04-30,-0.009871200441299731
2019-05-01,0.02693213745403874
2019-05-02,-0.016858277107556857
2019-05-03,0.011123419421574694
2019-05-06,-0.010615436273383239
2019-05-07,0.010779538136762579
2019-05-08,-0.005871926378497245
2019-05-09,-0.006698026927185477
2019-05-10,0.0007122578755563212
2019-05-13,0.006099328784704461
2019-05-14,0.012324626365172557
2019-05-15,0.014068277443829432
2019-05-16,0.016591389772227086
2019-05-17,0.0018516624954180144
2019-05-20,-0.007667988089291917
2019-05-21,-0.005013611645395487
2019-05-22,-0.0009809824045686252
2019-05-23,-0.0038225612359952922
2019-05-24,0.013225503444945233
2019-05-28,0.017681777350472133
2019-05-29,-0.005918538128938399
2019-05-30,-0.0017002799017681875
2019-05-31,-0.00545127870584719
2019-06-03,0.011487533690944293
2019-06-04,-0.016366883812592523
2019-06-05,0.01062488961396668
2019-06-06,0.008220185151361064
2019-06-07,0.011961755555013677
2019-06-10,-0.005047018840877248
2019-06-11,0.004090320951745913
2019-06-12,-0.0014478134126768452
2019-06-13,0.010820321112529249
2019-06-14,0.004023847722120208
2019-06-17,0.01234394157201353
2019-06-18,0.01670914646606292
2019-06-19,0.0016388597304489837
2019-06-20,0.027497526851138383
2019-06-21,-0.008306379074766446
2019-06-24,0.018436332293815142
2019-06-25,0.007909032800504394
2019-06-26,-0.0016061711158737693
2019-06-27,0.005760679056766544
2019-06-28,-0.012297891058494386
2019-07-01,0.006920313536056523
2019-07-02,-0.0033304503192159228
2019-07-03,0.015818837298322192
2019-07-05,-0.010834101705691632
2019-07-08,0.010431303967782869
2019-07-09,0.0015750642087186348
2019-07-10,0.003690839970473941
2019-07-11,-0.012892616821482863
2019-07-12,-0.023925401844659702
2019-07-15,-0.009775016865707796
2019-07-16,1.3327533098664608e-05
2019-07-17,-0.010328427890137042
2019-07-18,0.008157545592259957
2019-07-19,0.018216889435103585
2019-07-22,-0.0002225886078316991
2019-07-23,-0.008019898005523529
2019-07-24,-0.003591906974230933
2019-07-25,-0.0006720116796535162
2019-07-26,0.0028464449444278476
2019-07-29,8.56788460502798e-05
2019-07-30,-0.006507620519131437
2019-07-31,0.004089765181378223
2019-08-01,0.007564250677561113
2019-08-02,0.003109002155842255
2019-08-05,0.001391996526467043
2019-08-06,-0.0003952160486786313
2019-08-07,0.023143518597084894
2019-08-08,-0.005320376302755836
2019-08-09,0.014649409712274526
2019-08-12,-0.003456655488567089
2019-08-13,0.007900350956444934
2019-08-14,0.006165477619143789
2019-08-15,-0.012366725459369753
2019-08-16,0.004711155227164568
2019-08-19,-0.004692697683770766
2019-08-20,0.01922530364494506
2019-08-21,-0.005173787439438285
2019-08-22,-0.01192640343267092
2019-08-23,-0.009520938630293675
2019-08-26,0.016435547104581876
2019-08-27,0.01021144536193538
2019-08-28,-0.0015837020032451491
2019-08-29,0.007513111983991997
2019-08-30,0.0028657061889310015
2019-09-03,0.003409115028826468
2019-09-04,0.009289814058921028
2019-09-05,0.016042573464500855
2019-09-06,0.0031564401069419266
2019-09-09,-0.014212343628837443
2019-09-10,-0.013236147399277177
2019-09-11,-0.02319908369795417
2019-09-12,0.01619437883347759
2019-09-13,-0.02338272888277478
2019-09-16,-0.007740863335864731
2019-09-17,0.0013674665676293271
2019-09-18,0.01230365865388105
2019-09-19,0.004879749342509779
2019-09-20,0.0010011058677925554
2019-09-23,0.007024046554065139
2019-09-24,-0.0007013471238473073
2019-09-25,-0.013185066522527239
2019-09-26,-0.0004937832796655764
2019-09-27,-0.009596124507379806
2019-09-30,-0.016349748120796783
2019-10-01,0.004804006509339199
2019-10-02,0.00022961047250767133
2019-10-03,-0.0015571073036865044
2019-10-04,0.026606635100953686
2019-10-07,0.0033371380715991016
2019-10-08,0.0005831163608669957
2019-10-09,-0.009523418615423409
2019-10-10,-0.00990095984519067
2019-10-11,-0.006123030190495389
2019-10-14,0.0036969269767964004
2019-10-15,-0.0038058473387492272
2019-10-16,-0.0075630034111333014
2019-10-17,9.89798185483758e-05
2019-10-18,0.0018501487318109805
2019-10-21,-0.00944401414857813
2019-10-22,0.008328744327623826
2019-10-23,0.0013055347875412858
2019-10-24,0.0001588354592170554
2019-10-25,0.0004343868234995366
2019-10-28,-0.013840205158646802
2019-10-29,0.002968857753310859
2019-10-30,-0.0013589171119680183
2019-10-31,0.02777690413089152
2019-11-01,0.005137467254753576
2019-11-04,-0.004607530073832931
2019-11-05,-0.015269564477924907
2019-11-06,0.002662499459156982
2019-11-07,-0.0034869792049077477
2019-11-08,-0.00821538698278387
2019-11-11,0.0005652175235270419
2019-11-12,0.0006046268604995925
2019-11-13,0.0041040003266866
2019-11-14,0.005032975970089047
2019-11-15,0.0003768900745858089
2019-11-18,0.002025764649313095
2019-11-19,-0.0013966617662205688
2019-11-20,0.0008572632951493119
2019-11-21,-0.004833960759770879
2019-11-22,-0.010951860818200822
2019-11-25,0.001934045538545448
2019-11-26,0.012943257006878837
2019-11-27,0.0031936868511402085
2019-11-29,-0.0007285489116105284
2019-12-02,-0.010558106326587194
2019-12-03,-0.025757182408465314
2019-12-04,0.009621961924761694
2019-12-05,-0.0009465703510210632
2019-12-06,0.002218207603126489
2019-12-09,0.00443980427192078
2019-12-10,-0.0015885048506945314
2019-12-11,0.002009708825037791
2019-12-12,0.005398346993028517
2019-12-13,0.005240066968362563
2019-12-16,0.004778012708250662
2019-12-17,0.0003684486748239715
2019-12-18,-0.0026016787474018514
2019-12-19,-0.0028859441200880507
2019-12-20,0.004104329437438645
2019-12-23,0.0038907820569473355
2019-12-24,-0.0023808979214681365
2019-12-26,0.005589279382494897
2019-12-27,0.009767785594557564
2019-12-30,-0.00808642845935291
2019-12-31,-0.005983623129509149
2020-01-02,0.013569210177868263
2020-01-03,0.0004637063107509761
2020-01-06,0.0023355008368447965
2020-01-07,0.011590960695843667
2020-01-08,0.0016595667010632271
2020-01-09,0.0027898754300656886
2020-01-10,0.0045694085030003355
2020-01-13,-0.0021792235276521356
2020-01-14,0.004211446665820733
2020-01-15,0.0018532152670657268
2020-01-16,0.001333375880450422
2020-01-17,0.0015659552692917774
2020-01-21,-0.0008898777486339624
2020-01-22,0.006931120758087552
2020-01-23,0.005678822212655355
2020-01-24,0.0033389702956333014
2020-01-27,0.01039617946370031
2020-01-28,0.008435177498333857
2020-01-29,0.01808271561858365
2020-01-30,-0.004123275490865911
2020-01-31,0.015961612416174935
2020-02-03,-0.02071390974538106
2020-02-04,0.01955926888405032
2020-02-05,0.010019296160890385
2020-02-06,0.0021758422223568203
2020-02-07,0.013620669855011633
2020-02-10,0.008148525163181715
2020-02-11,0.012460464041834833
2020-02-12,-0.0026863265283598183
2020-02-13,0.010210125158980825
2020-02-14,0.013345851699472586
2020-02-18,-0.0007961604076465556
2020-02-19,0.010830019121845148
2020-02-20,0.0002765808408980372
2020-02-21,0.010724393785273116
2020-02-24,0.014905584665507796
2020-02-25,-0.00494684621565823
2020-02-26,-0.045864304403402854
2020-02-27,-0.02197913435572235
2020-02-28,-0.0401491550855063
2020-03-02,0.0397113074306899
2020-03-03,0.005550103789835007
2020-03-04,0.00013200461560831147
2020-03-05,-7.266489425787675e-05
2020-03-06,0.012204112289790882
2020-03-09,0.010522557623630992
2020-03-10,-0.008082167873219595
2020-03-11,-0.005548577499741375
2020-03-12,-0.006146852863301549
2020-03-13,-0.006604234503606252
2020-03-16,0.008093149782493595
2020-03-17,0.0021945423485750576
2020-03-18,-0.013151543077097132
2020-03-19,-0.008030968731248589
2020-03-20,0.007802544813889564
2020-03-23,0.0043654184836882425
2020-03-24,0.004861723348401785
2020-03-25,0.0019512630794397319
2020-03-26,0.00023110648690645888
2020-03-27,0.0026125775582776065
2020-03-30,0.007017938456012891
2020-03-31,-0.003132669780554176
2020-04-01,0.0010106950894555164
2020-04-02,-0.00285768247089377
2020-04-03,0.003553361162816371
2020-04-06,0.001784757253711224
2020-04-07,-0.00572805038614053
2020-04-08,0.0004912097107291861
2020-04-09,-0.0027453269626459805
2020-04-13,0.0012544377208303027
2020-04-14,-0.0017729408481850302
2020-04-15,0.008577529155315029
2020-04-16,0.0065280052550229645
2020-04-17,0.0005709558059052216
2020-04-20,-0.003986747260239703
2020-04-21,0.010156084007984767
2020-04-22,-0.005379209191986532
2020-04-23,-0.00010740059395571585
2020-04-24,-0.0006858361980539876
2020-04-27,-8.361493193395559e-05
2020-04-28,-0.0025488759480882424
2020-04-29,0.0014038401686099972
2020-04-30,0.0023826621159095344
2020-05-01,-0.012219292474683445
2020-05-04,-0.0045827113218706
2020-05-05,0.0010983201937264612
2020-05-06,-0.006778332203973654
2020-05-07,0.001560960418217846
2020-05-08,0.0033589623601964994
2020-05-11,-0.0038170892057420597
2020-05-12,-0.0025005830927874125
2020-05-13,0.010117424418030097
2020-05-14,0.011253876942810817
2020-05-15,0.006202160348641245
2020-05-18,-0.016828921224810323
2020-05-19,-0.012922143943484107
2020-05-20,0.0031986371484872345
2020-05-21,0.007265070461985291
2020-05-22,-0.0009882391229921455
2020-05-26,-0.005527219210310693
2020-05-27,-0.017412534161711096
2020-05-28,0.00041484429117132185
2020-05-29,0.008846914097641479
2020-06-01,0.003740532268533476
2020-06-02,0.005355432801246031
2020-06-03,-0.011337284989203856
2020-06-04,-0.007905445709446516
2020-06-05,-0.033167447570862096
2020-06-08,0.008366715557513829
2020-06-09,0.02699907095358161
2020-06-10,0.006569138898015622
2020-06-11,0.0057591760493173145
2020-06-12,-0.011534762065305855
2020-06-15,-0.013154493342518682
2020-06-16,0.016590155456279045
2020-06-17,0.0006755608375101228
2020-06-18,0.005953891100319828
2020-06-19,0.0010642431093815434
2020-06-22,0.0069418803023318
2020-06-23,-0.0009593966800087569
2020-06-24,-0.0019915334909083333
2020-06-25,-0.003278159677562685
2020-06-26,0.006108390753466413
2020-06-29,-0.01482730632131529
2020-06-30,0.009355070244614775
2020-07-01,0.012767319568649557
2020-07-02,0.015559749091486733
2020-07-06,0.009638373656726882
2020-07-07,0.007654528242357152
2020-07-08,0.0026813295366518975
2020-07-09,0.00369767523699003
2020-07-10,0.004057177322346864
2020-07-13,-0.0008815162392263432
2020-07-14,-0.008726109300541832
2020-07-15,-0.0016956622778621846
2020-07-16,0.004950877171342116
2020-07-17,-0.001008294312557746
2020-07-20,0.005597967363089156
2020-07-21,0.020292649410709983
2020-07-22,0.0016472795086297527
2020-07-23,0.009148662796925965
2020-07-24,-0.020766992429969336
2020-07-27,0.02414559279650515
2020-07-28,0.014069431091303175
2020-07-29,-0.004096780267012421
2020-07-30,0.00514986395233688
2020-07-31,0.033260198773425
2020-08-03,0.01234041913155596
2020-08-04,0.014600445739780718
2020-08-05,0.008581020389450232
2020-08-06,0.011534008058652921
2020-08-07,-0.0006556895679298393
2020-08-10,-0.008942343146753445
2020-08-11,-0.022079152698849882
2020-08-12,-0.014501718022659347
2020-08-13,0.010477909549040584
2020-08-14,-0.0011587878928952641
2020-08-17,0.005565775784326742
2020-08-18,0.010461566918195532
2020-08-19,0.0015106991447222508
2020-08-20,-0.010127595725518263
2020-08-21,0.007470532445301186
2020-08-24,0.003205414092191759
2020-08-25,-0.010271199528888867
2020-08-26,-0.004266375978885496
2020-08-27,0.021702674758064176
2020-08-28,-0.01924456952676218
2020-08-31,0.010894279559638226
2020-09-01,0.012159277053103991
2020-09-02,0.02450662594763659
2020-09-03,-0.006452580572327419
2020-09-04,-0.04129234688142623
2020-09-08,-0.017838113356430426
2020-09-09,0.0020799665623409294
2020-09-10,-0.00025010746924328654
2020-09-11,-0.002572212252317861
2020-09-14,0.0035832260369293638
2020-09-15,0.006520820906126006
2020-09-16,0.003051600654244291
2020-09-17,-0.016424611314538658
2020-09-18,0.008852791428540823
2020-09-21,-0.015315868380939028
2020-09-22,0.006256083696948154
2020-09-23,-0.00017224606959625915
2020-09-24,-0.01697054233956191
2020-09-25,0.013798816540669
2020-09-28,0.026872735092150834
2020-09-29,0.0016634738236760483
2020-09-30,-0.002396701415805517
2020-10-01,0.007109242453317294
2020-10-02,-0.009252405420007059
2020-10-05,-0.008182347066597885
2020-10-06,-0.0009145916174076088
2020-10-07,-0.003928119366772994
2020-10-08,0.003516452377718407
2020-10-09,0.0042972386500009984
2020-10-12,0.010516119800593911
2020-10-13,0.004415364702217922
2020-10-14,-9.72375835967552e-05
2020-10-15,-0.005121268884790224
2020-10-16,0.002617367881133314
2020-10-19,-0.0019068044367880975
2020-10-20,-0.003486482519467132
2020-10-21,-0.002116082325532718
2020-10-22,0.004499826584437962
2020-10-23,0.002210151392605476
2020-10-26,-0.0022680882450298078
2020-10-27,-0.00413301542343191
2020-10-28,-0.00878265222036569
2020-10-29,-0.021026109285687686
2020-10-30,0.0035357239472265435
2020-11-02,-0.004381353596487928
2020-11-03,0.002780199866111035
2020-11-04,0.03238123706053732
2020-11-05,0.031249238135380653
2020-11-06,0.004744111764245156
2020-11-09,0.007461543293889757
2020-11-10,-0.022668317581683632
2020-11-11,-0.003238583441617191
2020-11-12,0.00977523398393838
2020-11-13,0.003843727658611362
2020-11-16,-0.0023187289244446835
2020-11-17,0.006770599125259815
2020-11-18,0.0013226688397388144
2020-11-19,-0.006318180651422235
2020-11-20,0.006582151280861111
2020-11-23,0.0084353596079146
2020-11-24,-0.006700044543831204
2020-11-25,0.01235757432048072
2020-11-27,-0.012217103370421459
2020-11-30,0.01178483413657062
2020-12-01,0.020285941407241454
2020-12-02,-0.003997153704773921
2020-12-03,0.00790161666336113
2020-12-04,0.002893508614109429
2020-12-07,0.002252994817923561
2020-12-08,0.000279859533027284
2020-12-09,-0.003849021125706615
2020-12-10,-0.016426197663151582
2020-12-11,-0.0001492344469905358
2020-12-14,0.010336385596035997
2020-12-15,0.01380776313844846
2020-12-16,0.006061328161050898
2020-12-17,0.01752598851891862
2020-12-18,0.006317122097647677
2020-12-21,-0.01476991900364281
2020-12-22,0.0055384322922483005
2020-12-23,0.005112616866637394
2020-12-24,-0.00920864636929975
2020-12-28,0.03438571107742525
2020-12-29,0.008488870949020894
2020-12-30,-0.0002929319029871726
2020-12-31,0.006164823331795548
2021-01-04,0.039371591009258855
2021-01-05,-0.011629050054232393
2021-01-06,0.0009899924439036871
2021-01-07,0.011043303943288224
2021-01-08,0.006316397824189167
2021-01-11,-0.009935803306795958
2021-01-12,-0.007936512971982168
2021-01-13,-0.002965777402819778
2021-01-14,0.01027052401569705
2021-01-15,0.003729429443035631
2021-01-19,-0.002139372194591434
2021-01-20,0.017061112106868805
2021-01-21,0.008629390508539704
2021-01-22,-0.01780597456272221
2021-01-25,0.022857491098295858
2021-01-26,-0.0037608578164748338
2021-01-27,-0.005423890619447292
2021-01-28,-0.019321722499229407
2021-01-29,0.008747363668750117
2021-02-01,-0.0028484857749052693
2021-02-02,0.018576163373049813
2021-02-03,0.00936099594247727
2021-02-04,-0.0073432458410522174
2021-02-05,0.007193211280073857
2021-02-08,0.004777481110939137
2021-02-09,0.014089209940790128
2021-02-10,0.004976810271834767
2021-02-11,-0.0026476838559715216
2021-02-12,0.004110771570531708
2021-02-16,0.006008174954738572
2021-02-17,-0.005686224044600607
2021-02-18,4.209283946274982e-05
2021-02-19,0.008539626743960948
2021-02-22,-0.006077543480464685
2021-02-23,-0.03290950229024061
2021-02-24,-0.006654411419641545
2021-02-25,0.013411142372162867
2021-02-26,-0.02778946856884576
2021-03-01,0.008510343933998533
2021-03-02,0.021531693468567852
2021-03-03,-0.022203763072623776
2021-03-04,-0.019383415737924837
2021-03-05,-0.007474895670726565
2021-03-08,0.008729535669371445
2021-03-09,-0.00025965363291018817
2021-03-10,0.018250632282507152
2021-03-11,-0.001541822591701831
2021-03-12,-0.0016767308276411444
2021-03-15,0.005602293720573127
2021-03-16,0.007097890093071809
2021-03-17,-0.006479924713546772
2021-03-18,0.0016136327897454564
2021-03-19,-0.008325457980874378
2021-03-22,0.004546894013548772
2021-03-23,0.0011667764922712457
2021-03-24,-0.0024665560604801816
2021-03-25,-0.019337774386649693
2021-03-26,0.005608069009376049
2021-03-29,0.021002785141735324
2021-03-30,-0.0002732831167727084
2021-03-31,0.007856322677701656
2021-04-01,0.021405849451885277
2021-04-05,0.013612954224824569
2021-04-06,0.006472697818965989
2021-04-07,-0.0014779170254936441
2021-04-08,0.0007020335232810241
2021-04-09,0.003184911068177537
2021-04-12,0.0056406281325705404
2021-04-13,0.0019007515874416468
2021-04-14,0.00820710048587745
2021-04-15,0.0011353589398531046
2021-04-16,0.005371695617743024
2021-04-19,-0.013281708277210877
2021-04-20,-0.0062733720708514264
2021-04-21,-0.00048647469361389985
2021-04-22,0.004838927774587614
2021-04-23,-0.006293258978028537
2021-04-26,0.0025805249000637226
2021-04-27,0.014294864908966476
2021-04-28,-0.0019144049617470418
2021-04-29,0.008361331602830238
2021-04-30,-0.014164289152976213
2021-05-03,0.010690766860267185
2021-05-04,-0.00475451043980441
2021-05-05,-0.007247353235307935
2021-05-06,-0.0026110132699586697
2021-05-07,0.013442302336287114
2021-05-10,0.006713498276460966
2021-05-11,-0.04212928771368681
2021-05-12,0.008916959531390014
2021-05-13,-0.012200560869986759
2021-05-14,0.0063198851102191445
2021-05-17,-0.0007587730710765841
2021-05-18,-0.0036518470023510913
2021-05-19,-0.019267869814635796
2021-05-20,-0.0016883723194596706
2021-05-21,0.02367233850333413
2021-05-24,-0.023508925971464496
2021-05-25,0.028650097844585824
2021-05-26,0.0005140784883504325
2021-05-27,0.004702380469965382
2021-05-28,-0.002144789823668655
2021-06-01,0.0032543600889876757
2021-06-02,-0.006084654439506332
2021-06-03,-0.003936824419075732
2021-06-04,0.007712414934426453
2021-06-07,-0.000932249772066568
2021-06-08,-0.000733360713793788
2021-06-09,-0.003248795026425503
2021-06-10,-0.000999807653181309
2021-06-11,0.0033304566584507573
2021-06-14,0.0004917354647675709
2021-06-15,0.0025106421565223814
2021-06-16,-0.0017513432657704326
2021-06-17,-0.009273698632608036
2021-06-18,0.011491727890216755
2021-06-21,-0.007536002736372962
2021-06-22,-0.019130469509546656
2021-06-23,0.010016559594422464
2021-06-24,0.010517458762743742
2021-06-25,0.003479458202719753
2021-06-28,-0.0006488929869629925
2021-06-29,0.013800707558428575
2021-06-30,0.0114356563991914
2021-07-01,0.004497001155606879
2021-07-02,-0.0013980095031063634
2021-07-06,0.016766255965349707
2021-07-07,0.02078440855213339
2021-07-08,-0.006499527603017136
2021-07-09,-0.011740112393370436
2021-07-12,0.01288057180944225
2021-07-13,-0.003720999692935993
2021-07-14,-0.0030192798917277035
2021-07-15,0.001969032227189904
2021-07-16,-0.01327550511337885
2021-07-19,0.00012264222835654977
2021-07-20,0.010135622914081158
2021-07-21,-0.005680130366854046
2021-07-22,0.007360621272814845
2021-07-23,0.004883723198692984
2021-07-26,0.007689143312852827
2021-07-27,0.003023179699905132
2021-07-28,-0.011484985421037618
2021-07-29,0.00014785353296140218
2021-07-30,-0.004963764874612507
2021-08-02,0.015255185652103077
2021-08-03,0.0038844314052147817
2021-08-04,0.009622530652003428
2021-08-05,0.0009085273897175188
2021-08-06,-0.011160235984190154
2021-08-09,-0.001491575926650347
2021-08-10,-0.002680384029260502
2021-08-11,-0.007240180492552768
2021-08-12,-0.004473062283861899
2021-08-13,0.006690097295835121
2021-08-16,0.009486036405410897
2021-08-17,-0.006409001655736095
2021-08-18,-0.006357296377085255
2021-08-19,-0.008016576221288645
2021-08-20,0.015074976329839042
2021-08-23,0.015652325024724415
2021-08-24,0.013740979646244551
2021-08-25,-0.007299161713729237
2021-08-26,-0.004506612073846771
2021-08-27,-0.005726858117524004
2021-08-30,0.027933584915082958
2021-08-31,0.010250063077976837
2021-09-01,0.004733247531015791
2021-09-02,0.014387464437736957
2021-09-03,-0.012821615660831023
2021-09-07,0.0071001312067551425
2021-09-08,-0.01475531217492081
2021-09-09,-0.0006308320975415578
2021-09-10,0.005994514770524494
2021-09-13,-0.006427251572109728
2021-09-14,-0.001194071615220658
2021-09-15,0.007944104174537055
2021-09-16,2.7554410012410255e-05
2021-09-17,-0.0030962708058544677
2021-09-20,-0.02299578808575239
2021-09-21,-0.011546306159981673
2021-09-22,-0.008196852265508165
2021-09-23,0.021324490030281466
2021-09-24,-0.009785933772797326
2021-09-27,-0.013776114594618093
2021-09-28,-0.029600894330041046
2021-09-29,-0.020827092434970447
2021-09-30,-0.0026031187247947773
2021-10-01,0.0015588790905243985
2021-10-04,0.014318766284233635
2021-10-05,-0.012722503905995235
2021-10-06,0.0023850522981877127
2021-10-07,0.02311461954829733
2021-10-08,0.0025514646667311193
2021-10-11,-0.008590835722848513
2021-10-12,0.003893429706814512
2021-10-13,-0.003538460071634742
2021-10-14,0.010358959292848963
2021-10-15,0.00995890277096208
2021-10-18,0.004950088931523696
2021-10-19,0.006658416947954473
2021-10-20,0.007020888492551554
2021-10-21,0.005765518955211172
2021-10-22,-0.0031283229331979124
2021-10-25,0.00036753747767633623
2021-10-26,0.011008445229096515
2021-10-27,-0.00685501925088775
2021-10-28,-0.0002934190384871184
2021-10-29,0.006709180720009752
2021-11-01,0.014965612385294947
2021-11-02,0.0013388873797866283
2021-11-03,0.014342032591768332
2021-11-04,0.012898795872052855
2021-11-05,0.008597779142464528
2021-11-08,0.003752046138688806
2021-11-09,0.01170256713220207
2021-11-10,-0.012131208799430625
2021-11-11,-0.018328025567476983
2021-11-12,-0.0022381346849729518
2021-11-15,0.003335200431784725
2021-11-16,-0.014689196981019824
2021-11-17,-0.006390342426960671
2021-11-18,0.006139497134584192
2021-11-19,-0.00180083340295891
2021-11-22,0.0073894538573788665
2021-11-23,-0.01584289304895671
2021-11-24,0.000950304099392809
2021-11-26,0.00871756257626297
2021-11-29,-0.006673633499691767
2021-11-30,0.013793622574453216
2021-12-01,0.0005498125789180405
2021-12-02,-0.017958198683343363
2021-12-03,0.005387455213199173
2021-12-06,-0.01837414276808013
2021-12-07,-0.000705077893174616
2021-12-08,0.0008376634656616947
2021-12-09,-0.006729927810836258
2021-12-10,-0.005508409196459188
2021-12-13,0.007227126426602301
2021-12-14,-0.03369994551291024
2021-12-15,-0.0006045418438130079
2021-12-16,0.01912262363254983
2021-12-17,-0.016131403956308882
2021-12-20,-0.007441305861253586
2021-12-21,-0.006569815099136061
2021-12-22,0.019776830852913818
2021-12-23,0.007805546900698347
2021-12-27,0.006887593514552055
2021-12-28,0.014159118233682245
2021-12-29,-0.01896422659024434
2021-12-30,-0.002117179999216168
2021-12-31,0.0027300335087445627
2022-01-03,-0.008906855836999749
2022-01-04,-0.013493898947135506
2022-01-05,-0.004547380083161418
2022-01-06,-0.04020043715721285
2022-01-07,0.002430118441131958
2022-01-10,-0.015444514687958804
2022-01-11,0.011075444488093522
2022-01-12,0.01784491025865832
2022-01-13,-0.0005548352722023456
2022-01-14,-0.013122816386127454
2022-01-18,-0.010092699155162227
2022-01-19,-0.0037316292281176495
2022-01-20,-0.004278569405893029
2022-01-21,-0.010938712559709525
2022-01-24,-0.01582180394968656
2022-01-25,0.0016717780551835661
2022-01-26,0.00845653720424991
2022-01-27,-0.008069402045511969
2022-01-28,-0.016209742029619226
2022-01-31,0.016811540370455843
2022-02-01,0.021410648564958227
2022-02-02,0.007116263791104248
2022-02-03,-0.00925117599404808
2022-02-04,-0.0038555333082824148
2022-02-07,0.0008659672136940288
2022-02-08,8.706422961379027e-05
2022-02-09,0.0008018517376328471
2022-02-10,-0.0006398231582195131
2022-02-11,1.1456795771590387e-06
2022-02-14,0.0013038780633487727
2022-02-15,-0.001691065357879924
2022-02-16,0.001255609119727045
2022-02-17,0.0013524646699978372
2022-02-18,-0.001656498409948982
2022-02-22,0.0029236202394922087
2022-02-23,-0.0016390352991598202
2022-02-24,-0.01696842551652275
2022-02-25,0.028956166624077285
2022-02-28,0.003321796789217071
2022-03-01,0.008656211159976952
2022-03-02,-0.0023244372666168084
2022-03-03,0.007805342025640304
2022-03-04,-0.010035231175268227
2022-03-07,0.0017218216831919688
2022-03-08,0.0031724858429954318
2022-03-09,-0.0018770235291150612
2022-03-10,0.0006735637320398453
2022-03-11,-0.0026837575985848294
2022-03-14,-0.0006242163979195447
2022-03-15,-0.003445716010782561
2022-03-16,-0.00010239665367679829
2022-03-17,0.003982883939971276
2022-03-18,0.0016853928443292946
2022-03-21,0.003792210061124472
2022-03-22,0.002579160733138331
2022-03-23,0.003503374159586901
2022-03-24,0.0015527653670790325
2022-03-25,-0.0014007809379202837
2022-03-28,-0.0013709414663364559
2022-03-29,0.008051099001205476
2022-03-30,0.006422695163756851
2022-03-31,-0.0030611714128054904
2022-04-01,-0.009048040352517822
2022-04-04,0.005586367644811163
2022-04-05,0.00898916770464556
2022-04-06,-0.022407916995804782
2022-04-07,4.561925951398976e-05
2022-04-08,0.002262615655397933
2022-04-11,0.005602539163940374
2022-04-12,-0.0052126965292272195
2022-04-13,0.00475664796538686
2022-04-14,0.0031288737981058456
2022-04-18,0.0008317837003402656
2022-04-19,-0.0023381083651219286
2022-04-20,0.00042305390458502386
2022-04-21,0.0022286646385415707
2022-04-22,-0.010105389826773808
2022-04-25,-0.014977196708760342
2022-04-26,0.0034588765464447155
2022-04-27,-0.019645904296600375
2022-04-28,0.0053057398235257566
2022-04-29,0.005674126450217619
2022-05-02,-0.027040639345197168
2022-05-03,0.008624846081288268
2022-05-04,0.0014993910398157094
2022-05-05,0.01580420525176577
2022-05-06,-0.0030250752609315684
2022-05-09,-0.0010546145826521845
2022-05-10,-0.0004377427861423164
2022-05-11,-0.0012769751207165633
2022-05-12,1.5357680854061602e-05
2022-05-13,-1.5360208433224956e-05
2022-05-16,-2.370707590524183e-05
2022-05-17,0.004439011187867589
2022-05-18,-0.00044383107225252184
2022-05-19,-0.007209784054354173
2022-05-20,-3.9068961267232506e-05
2022-05-23,0.0005852356121756963
2022-05-24,0.0011222896786726572
2022-05-25,0.0013523470715195815
2022-05-26,0.009782882734054945
2022-05-27,0.022131517374955532
2022-05-31,0.01456263028529656
2022-06-01,-0.001351423224512385
2022-06-02,-0.00919891804081891
2022-06-03,0.007529145059959668
2022-06-06,0.004957701295113065
2022-06-07,-0.0005423102200096066
2022-06-08,0.004243251284235365
2022-06-09,-0.00010935575564035167
2022-06-10,-0.002616986340830118
2022-06-13,-0.003777148992052961
2022-06-14,0.0011852971374338962
2022-06-15,2.8234298570014914e-08
2022-06-16,-2.367482801920876e-05
2022-06-17,-0.0031034188276513742
2022-06-21,1.5392825056390366e-05
2022-06-22,1.5307715677739755e-05
2022-06-23,-2.3680734363801533e-05
2022-06-24,-0.0038868294608901256
2022-06-27,0.0015630362204182796
2022-06-28,0.0010146909274672171
2022-06-29,-0.01247771473163134
2022-06-30,-0.012996488616245463
2022-07-01,-0.0021292399410039516
2022-07-05,-0.006153498897994762
2022-07-06,0.008073339648851052
2022-07-07,0.007985502446839321
2022-07-08,0.004289786536139435
2022-07-11,-0.0027454476389141298
2022-07-12,-0.004644058808962067
2022-07-13,-0.0022190913059434427
2022-07-14,-0.004123074772229382
2022-07-15,0.005980217367255727
2022-07-18,0.006184609076889381
2022-07-19,-0.0020998045120517806
2022-07-20,0.002326810527708848
2022-07-21,-0.002418740580429991
2022-07-22,0.0012098535994706026
2022-07-25,0.0006422418427430454
2022-07-26,0.004261526454924239
2022-07-27,-0.0012556879541930305
2022-07-28,0.015270649128333914
2022-07-29,0.009181171274926077
2022-08-01,-0.0005944899475330491
2022-08-02,0.00032226755564693536
2022-08-03,0.0051089989817425015
2022-08-04,0.014007312606529581
2022-08-05,-0.017838115802273617
2022-08-08,0.007761597281844652
2022-08-09,0.004838649656229352
2022-08-10,-0.0005159267901579106
2022-08-11,-0.0010683682334037391
2022-08-12,-0.011276880764750094
2022-08-15,0.002019332900369683
2022-08-16,-0.00369690072457293
2022-08-17,-0.003128136187062162
2022-08-18,0.0030219348040485625
2022-08-19,-0.00889448992282837
2022-08-22,-0.003566869010848874
2022-08-23,-0.0002179771944380393
2022-08-24,-0.002206501102056717
2022-08-25,0.002805996636986276
2022-08-26,-0.0029923292486714933
2022-08-29,-0.02194873168798126
2022-08-30,0.001745725485249577
2022-08-31,-0.008899728171736947
2022-09-01,-0.013205970195222794
2022-09-02,0.011071339258180903
2022-09-06,-0.01073564582472873
2022-09-07,-0.009714830306503077
2022-09-08,0.002210904820613504
2022-09-09,0.0030725565220051177
2022-09-12,0.0036019562376251248
2022-09-13,-0.0015597762808492832
2022-09-14,-0.0007703610391208628
2022-09-15,0.00013673334206647185
2022-09-16,-0.0016259870589468625
2022-09-19,-0.007224818397109521
2022-09-20,0.0035190289319157056
2022-09-21,0.0026169663220364965
2022-09-22,-0.0024438442231024186
2022-09-23,-0.008591937105885246
2022-09-26,-0.0054861671905161785
2022-09-27,-0.0013253377726111933
2022-09-28,-0.0056187922707878705
2022-09-29,0.002118049191149004
2022-09-30,-0.008398014678420104
2022-10-03,-0.003543132012484154
2022-10-04,0.01737876499794776
2022-10-05,-0.0016734165790721763
2022-10-06,0.006545425235034583
2022-10-07,0.0043396252931303765
2022-10-10,3.079734656941479e-05
2022-10-11,-1.5371447307634264e-05
2022-10-12,1.5373126691435202e-05
2022-10-13,1.5379279277872722e-05
2022-10-14,1.538149965573001e-05
2022-10-17,1.5368087078020463e-05
2022-10-18,-1.5366408795055327e-05
2022-10-19,1.5368087078020463e-05
2022-10-20,1.5396476731107132e-05
2022-10-21,-8.336973442243877e-06
2022-10-24,0.0038248761151488692
2022-10-25,-0.00011762918407242479
2022-10-26,0.0016503230180002243
2022-10-27,0.0004742362651388556
2022-10-28,-0.007448836290915832
2022-10-31,0.00847223075539285
2022-11-01,0.00972356943812671
2022-11-02,-0.012203850297315744
2022-11-03,-0.02423777201884108
2022-11-04,0.012204018317364692
2022-11-07,-0.0013393940736100916
2022-11-08,0.0016968198555193364
2022-11-09,-0.001049136082507377
2022-11-10,-0.003122318150044058
2022-11-11,0.0026590586764292552
2022-11-14,0.0018192039271065466
2022-11-15,0.000850483515756282
2022-11-16,-0.00041042658833696034
2022-11-17,-0.0040484204407269745
2022-11-18,-0.0004571210512153825
2022-11-21,-0.0016444536431805584
2022-11-22,0.0034236278768991564
2022-11-23,7.133165429249005e-05
2022-11-25,0.0012406892059349263
2022-11-28,-0.00655373544884162
2022-11-29,-0.004341752479166052
2022-11-30,-0.0015319678124231745
2022-12-01,0.023820055515611203
2022-12-02,-0.011898615799626215
2022-12-05,0.003973617671620919
2022-12-06,-0.010768636440145352
2022-12-07,-0.002992748997717345
2022-12-08,0.003003507423951247
2022-12-09,-0.00407922835705032
2022-12-12,-0.0027011961362052206
2022-12-13,0.006539899423442382
2022-12-14,0.0005576827056116355
2022-12-15,0.0027501439057454717
2022-12-16,-0.013466860249563489
2022-12-19,-0.0032650291684462656
2022-12-20,-0.019137917618462244
2022-12-21,0.011740694428033684
2022-12-22,0.00022686978953190978
2022-12-23,-0.0018232676077304636
2022-12-27,0.004130345753799684
2022-12-28,-0.006642398337841498
2022-12-29,-0.009725570932408207
2022-12-30,0.0016461551484565054
2023-01-03,0.027188857744046512
2023-01-04,-0.00291382844059757
2023-01-05,-0.004711631951233547
2023-01-06,0.004291104531064022
2023-01-09,0.006127176652179839
2023-01-10,-0.0020105324277812408
2023-01-11,0.0014794982002464515
2023-01-12,0.007435769618874601
2023-01-13,0.009218275739520955
2023-01-17,-0.0072537507433529805
2023-01-18,0.020364506543096086
2023-01-19,-0.007972696896610187
2023-01-20,-0.004740782798567898
2023-01-23,-0.008051836052071114
2023-01-24,0.005609353377873426
2023-01-25,0.007390315773752638
2023-01-26,0.002365681924063091
2023-01-27,-0.005614817220066078
2023-01-30,-0.0011731797828715444
2023-01-31,-0.0034896985734477765
2023-02-01,0.014867691890478247
2023-02-02,0.03546293667173605
2023-02-03,-0.034959168266498
2023-02-06,-0.011752353331434762
2023-02-07,-0.0027143327182377937
2023-02-08,0.0028963327930650925
2023-02-09,0.008653982108022743
2023-02-10,-0.017975396394075468
2023-02-13,-0.0030055457633438296
2023-02-14,0.003545654937481408
2023-02-15,-0.006064491444890594
2023-02-16,-0.012119470833441526
2023-02-17,-0.012152646985241579
2023-02-21,0.0009491272783883579
2023-02-22,-0.002449252025313674
2023-02-23,0.006319127377807723
2023-02-24,-0.02266536158083114
2023-02-27,0.012970111098760303
2023-02-28,-0.009592818951121242
2023-03-01,0.005649915302928344
2023-03-02,-0.013733770680192542
2023-03-03,0.020973847905472465
2023-03-06,0.016603265318073598
2023-03-07,-0.003730614773685189
2023-03-08,-0.004382098481015332
2023-03-09,0.0016990600983799765
2023-03-10,-0.003590422601595935
2023-03-13,0.008971278674182166
2023-03-14,0.006539075753769706
2023-03-15,-0.0003554259823139014
2023-03-16,0.0009266435471881275
2023-03-17,0.011343381948539268
2023-03-20,-0.0007157644553682069
2023-03-21,0.0028144994230950237
2023-03-22,-0.0027493351051625765
2023-03-23,0.002385718940816811
2023-03-24,0.0009108701626908461
2023-03-27,-0.00198787820478521
2023-03-28,-0.0010988081168811059
2023-03-29,0.005430458410739946
2023-03-30,0.015386552240619949
2023-03-31,0.009204986498592868
2023-04-03,0.010894217560108234
2023-04-04,0.004702676110517052
2023-04-05,0.011792296914878996
2023-04-06,-0.005899150621335751
2023-04-10,-0.010511945873604775
2023-04-11,0.011623050215055365
2023-04-12,0.003644998732197626
2023-04-13,-0.009699456800585031
2023-04-14,-0.0103267834199432
2023-04-17,-0.010147770634626303
2023-04-18,-0.0014864414878471253
2023-04-19,-0.009807416753151593
2023-04-20,-0.008533643172274546
2023-04-21,-0.0035444504698606038
2023-04-24,-0.007165708299884718
2023-04-25,-0.0011648634452424065
2023-04-26,0.0037366513128242137
2023-04-27,-0.012757777008145395
2023-04-28,0.028233107075821662
2023-05-01,0.006030286935962222
2023-05-02,-0.010046719786764744
2023-05-03,0.016961387934917062
2023-05-04,-0.004726257280137154
2023-05-05,-0.006574840539213781
2023-05-08,0.004051932892121536
2023-05-09,-0.002637159516701814
2023-05-10,0.0034903567421339004
2023-05-11,-0.002517020528440233
2023-05-12,-0.0058370134580093755
2023-05-15,-0.0008951122288489708
2023-05-16,-0.0008176511993704764
2023-05-17,-0.006238749293921336
2023-05-18,-0.004203012991436309
2023-05-19,0.0005733443592316685
2023-05-22,0.0016500995747374878
2023-05-23,-0.001190540276485152
2023-05-24,0.0026943948962875144
2023-05-25,-0.014478998135683933
2023-05-26,-0.001401788755067266
2023-05-30,0.042362161066263435
2023-05-31,-0.0011457161304948152
2023-06-01,0.00683406834858477
2023-06-02,0.012399284325417332
2023-06-05,-0.014247204637339007
2023-06-06,-0.0012795177366194705
2023-06-07,0.009904748583590325
2023-06-08,-0.019009300152220236
2023-06-09,0.010648441215866054
2023-06-12,0.0002963992994215246
2023-06-13,0.004692202663875404
2023-06-14,-0.004189272860561449
2023-06-15,-0.006180694152526215
2023-06-16,0.010889658663817973
2023-06-20,-0.0025399516244109044
2023-06-21,0.005147768676373495
2023-06-22,0.001217172587015955
2023-06-23,-0.0002069689546906202
2023-06-26,0.003906836185163903
2023-06-27,-0.005220896769619884
2023-06-28,0.008650076528841812
2023-06-29,0.002074404662695361
2023-06-30,0.015358862386692637
2023-07-03,0.01316986472733667
2023-07-05,-0.0030384650815495524
2023-07-06,-0.014197293619123192
2023-07-07,-0.0008560769855912735
2023-07-10,0.00017135883813286255
2023-07-11,0.0051013295831779494
2023-07-12,0.013736310337343731
2023-07-13,0.005875405415634875
2023-07-14,0.010004132649534446
2023-07-17,-0.008184513668633682
2023-07-18,0.006728700541749499
2023-07-19,0.004029761714318727
2023-07-20,-0.004718387761955952
2023-07-21,-0.0063944901454913204
2023-07-24,-0.0018528147384749996
2023-07-25,-0.0033761223209307213
2023-07-26,0.002011175057302073
2023-07-27,0.017251022023562376
2023-07-28,-0.0036393790337729427
2023-07-31,0.010456532180961538
2023-08-01,-0.008290733047721164
2023-08-02,-0.0066397243725317915
2023-08-03,-0.033092976088774255
2023-08-04,0.011567890146374462
2023-08-07,-0.0017756299060846205
2023-08-08,-0.006005362084074927
2023-08-09,0.0024658429888072004
2023-08-10,-0.004566169155673895
2023-08-11,-0.011416230916459156
2023-08-14,-0.0035032762096553513
2023-08-15,0.008453436306515629
2023-08-16,-0.008331054525428889
2023-08-17,-0.006875709968469721
2023-08-18,-0.025895229895251542
2023-08-21,0.010372290023624045
2023-08-22,0.012733647880878463
2023-08-23,-0.002925436611812178
2023-08-24,0.014291036141319309
2023-08-25,-0.018322197388009966
2023-08-28,0.00794129611342473
2023-08-29,-0.0007268589647967603
2023-08-30,0.026592480297889277
2023-08-31,0.003960317480504957
2023-09-01,0.0076638249912902015
2023-09-05,-0.010258990052140246
2023-09-06,0.001469926440518194
2023-09-07,-0.021710081671832797
2023-09-08,0.0025697858639137997
2023-09-11,0.008595096197566708
2023-09-12,-0.00605914481309693
2023-09-13,-0.004651323600836032
2023-09-14,0.00959477750269862
2023-09-15,-0.0033686227561834817
2023-09-18,-0.02399944727025532
2023-09-19,0.00515077064172984
2023-09-20,0.004799175399898577
2023-09-21,-0.019465333788437032
2023-09-22,-0.00606508593113747
2023-09-25,-0.007199629080716511
2023-09-26,0.0002158813566609637
2023-09-27,-0.006087048309548852
2023-09-28,-0.004893149915150243
2023-09-29,0.027281829088535527
2023-10-02,-0.011887766850744875
2023-10-03,-0.001055275683738772
2023-10-04,-0.009719713391623662
2023-10-05,0.00873872369062147
2023-10-06,-0.0024396605169299413
2023-10-09,0.006297074757124322
2023-10-10,0.0035154793363455818
2023-10-11,0.0015699596890360102
2023-10-12,0.0019166837475661392
2023-10-13,-0.0011552575140348247
2023-10-16,-0.006158077670141447
2023-10-17,-0.0017822888724105031
2023-10-18,-0.0003339897027860142
2023-10-19,-0.0006150521354820747
2023-10-20,-0.01655159222309058
2023-10-23,-0.014004408359554028
2023-10-24,0.007201886229518422
2023-10-25,-0.0015622200779239355
2023-10-26,-0.01109019492763814
2023-10-27,-0.006063055257687578
2023-10-30,0.0027102402442398476
2023-10-31,0.002147804020875126
2023-11-01,0.006629231195375182
2023-11-02,0.030697607195354068
2023-11-03,0.00856660842261995
2023-11-06,0.007311018149825962
2023-11-07,-0.0037245040591755564
2023-11-08,0.0029619827969035403
2023-11-09,-0.0005134701507599357
2023-11-10,0.0011088172753359845
2023-11-13,0.0013793173264680114
2023-11-14,0.010809375760139375
2023-11-15,-0.000227393761831162
2023-11-16,0.0064049119210231745
2023-11-17,-0.004200705797241944
2023-11-20,0.0025327698241942183
2023-11-21,0.009322247736177413
2023-11-22,-0.006152913199778907
2023-11-24,0.007484338181946583
2023-11-27,0.0020406810873740406
2023-11-28,0.00020314586060289348
2023-11-29,0.015052473671780876
2023-11-30,-0.006969933434864618
2023-12-01,-0.005969769742133431
2023-12-04,0.006937594361701898
2023-12-05,-0.004267818092750918
2023-12-06,0.02074123169956803
2023-12-07,-0.005035921166945418
2023-12-08,-0.0072891751769009385
2023-12-11,-0.0022443531605301145
2023-12-12,-0.004082486444897917
2023-12-13,0.012177445492302019
2023-12-14,0.039903238901845745
2023-12-15,0.008968324705271306
2023-12-18,-0.007315575054412891
2023-12-19,0.007932042682641402
2023-12-20,0.0011880114207843224
2023-12-21,0.0066768456719395524
2023-12-22,0.0049472984082291884
2023-12-26,-0.006918577838369814
2023-12-27,0.012832537529056196
2023-12-28,0.012255000688910568
2023-12-29,-0.015712034832368684
2024-01-02,-0.019416107081322586
2024-01-03,-0.02137181298973126
2024-01-04,-0.022756616209104658
2024-01-05,-0.0018854031430537992
2024-01-08,-0.00023642987582531724
2024-01-09,0.016923945116818495
2024-01-10,0.00838519405948575
2024-01-11,0.005581977702069941
2024-01-12,0.004469320930609569
2024-01-16,-0.01920234802952162
2024-01-17,-0.009711628272425669
2024-01-18,0.003106841424893766
2024-01-19,-0.0009418204069047159
2024-01-22,0.016524343274342913
2024-01-23,-0.013686891128360516
2024-01-24,0.01059528364344641
2024-01-25,-0.0020492146341337418
2024-01-26,-0.005680810341788902
2024-01-29,0.0044429629116983635
2024-01-30,0.019863504163610435
2024-01-31,-0.012443222358756735
2024-02-01,0.0022713698161628505
2024-02-02,0.0058454081926392325
2024-02-05,0.007264128910089252
2024-02-06,-0.0002848976958374686
2024-02-07,0.005627351559320028
2024-02-08,0.005402874971517555
2024-02-09,0.00830249441566543
2024-02-12,0.010223254771560606
2024-02-13,-0.021162374213095067
2024-02-14,0.0058503709301409405
2024-02-15,0.018090220355214563
2024-02-16,-0.006890606358786787
2024-02-20,-0.001804298347861603
2024-02-21,-0.00784450168694384
2024-02-22,0.01882648912922717
2024-02-23,0.013479278844239363
2024-02-26,0.003650199170000093
2024-02-27,0.002040616775556388
2024-02-28,-0.0023007997210112746
2024-02-29,0.018822036251678203
2024-03-01,0.003148162655344376
2024-03-04,0.013922436207389909
2024-03-05,0.007407009433009325
2024-03-06,-0.00011222857296163804
2024-03-07,0.007289197374294983
2024-03-08,0.0014602528027586835
2024-03-11,-0.0011263317505713528
2024-03-12,-0.002000193449763309
2024-03-13,-0.0032954537371568315
2024-03-14,-0.010754118434345941
2024-03-15,-0.025456653849338148
2024-03-18,0.0024747857423265186
2024-03-19,-0.01532046579130484
2024-03-20,0.0004792542623733719
2024-03-21,0.03965222935324134
2024-03-22,-0.014908602929834206
2024-03-25,-0.0017522502868306496
2024-03-26,0.00752112362363619
2024-03-27,-0.000772508445486524
2024-03-28,0.00012272655815223385
2024-04-01,0.007756545716829718
2024-04-02,-0.011943573059764755
2024-04-03,-0.002379726140111858
2024-04-04,0.017515540681699526
2024-04-05,-0.011676422984168076
2024-04-08,0.015812893181572255
2024-04-09,0.006265302039910052
2024-04-10,-0.014055169636401556
2024-04-11,0.006642305623091339
2024-04-12,0.0018061972241678048
2024-04-15,-0.010041125345418624
2024-04-16,-0.01276600871671896
2024-04-17,0.0017372587324901302
2024-04-18,-0.011200204981054061
2024-04-19,-0.0025573993537754865
2024-04-22,-0.005843321434327382
2024-04-23,0.003983770670122503
2024-04-24,0.011495407260648485
2024-04-25,-0.012082639816744014
2024-04-26,0.020963424731013938
2024-04-29,0.01195711716139923
2024-04-30,-0.009244017050037441
2024-05-01,-0.029714936374877786
2024-05-02,0.0016911951141197964
2024-05-03,0.015485200761433707
2024-05-06,0.01032606464509707
2024-05-07,0.0003822301462924628
2024-05-08,-0.005310129521247774
2024-05-09,0.0014434920980231638
2024-05-10,0.009352319686457807
2024-05-13,-0.0032085005303880755
2024-05-14,-0.0009659265127845344
2024-05-15,0.006335880019278857
2024-05-16,0.007999952703531758
2024-05-17,0.00061116929269607
2024-05-20,0.0040547830113721135
2024-05-21,0.01591200643211049
2024-05-22,0.001362908598102711
2024-05-23,-0.0005920847944014595
2024-05-24,-0.013483121534445041
2024-05-28,0.010371693796926184
2024-05-29,-0.022838554523100175
2024-05-30,-0.001694528760544125
2024-05-31,-0.0037232141284531547
2024-06-03,0.006143744529054322
2024-06-04,-0.0056608824637643315
2024-06-05,0.014131434866488797
2024-06-06,0.016389858147001092
2024-06-07,-0.008659015504972509
2024-06-10,-0.0070975425027254594
2024-06-11,-0.0008452657182932379
2024-06-12,0.011747129186971897
2024-06-13,-0.0004431709577261544
2024-06-14,-0.0016998550677901243
2024-06-17,0.0017010599326218324
2024-06-18,0.003228532393098442
2024-06-20,0.0037909047187185186
2024-06-21,-0.0032108005802949035
2024-06-24,-0.005468053374332653
2024-06-25,-0.0029823302082305
2024-06-26,0.0025432977150152965
2024-06-27,0.003399988717497851
2024-06-28,0.007695672425903912
2024-07-01,-0.02683943896944853
2024-07-02,-0.0005403423829376049
2024-07-03,0.02592815771779879
2024-07-05,0.02376235029909006
2024-07-08,0.004224983744408041
2024-07-09,0.0010012046050264728
2024-07-10,0.002744555276633273
2024-07-11,0.01605929311359787
2024-07-12,-0.012349545992075658
2024-07-15,0.002149809386349618
2024-07-16,0.0067025915158044624
2024-07-17,-0.0025715408583978283
2024-07-18,-0.0065439903112602775
2024-07-19,-0.022915148210894926
2024-07-22,0.007661314063121071
2024-07-23,-0.005030185160564796
2024-07-24,-0.010154609652633222
2024-07-25,-0.03517895605786864
2024-07-26,0.013073480203650152
2024-07-29,0.01598388324153539
2024-07-30,-0.003704738732018619
2024-07-31,0.00856876774713095
2024-08-01,0.009697543189834153
2024-08-02,-0.025377586493304828
2024-08-05,-0.06118964163859717
2024-08-06,0.026274260415071454
2024-08-07,-0.0018432041306268398
2024-08-08,-0.0033600586949094186
2024-08-09,0.006141286831981394
2024-08-12,0.00032529295396154027
2024-08-13,0.003979534145138222
2024-08-14,0.002830189171111239
2024-08-15,-0.0007947412197327499
2024-08-16,0.0034339177724310066
2024-08-19,0.0004922699203073343
2024-08-20,0.007016551373042508
2024-08-21,0.0013088023727954648
2024-08-22,-0.001320776512905912
2024-08-23,-0.00282913667453965
2024-08-26,0.005371042609165965
2024-08-27,-0.011661635662045915
2024-08-28,0.006807565606404498
2024-08-29,-0.006847200683241974
2024-08-30,0.0033972262422790962
2024-09-03,-0.002145110707134581
2024-09-04,-0.012631301440660003
2024-09-05,0.01261608276941878
2024-09-06,0.0004716768537238907
2024-09-09,-0.007463310117982443
2024-09-10,0.007410864841538703
2024-09-11,0.006003413488884271
2024-09-12,0.00957960589719594
2024-09-13,0.006941292594416549
2024-09-16,0.002132658738065141
2024-09-17,0.008752059097475668
2024-09-18,-0.009471648007089084
2024-09-19,-0.006766461696705352
2024-09-20,0.0018430425219891338
2024-09-23,-0.0026253630326933193
2024-09-24,-0.003185342842575265
2024-09-25,0.004068258341603633
2024-09-26,0.008967111297953127
2024-09-27,-0.00017946803894004803
2024-09-30,-0.010839521043894908
2024-10-01,0.0071065345207319474
2024-10-02,-0.027192343197900915
2024-10-03,-0.0028642210990364263
2024-10-04,-0.005468722436595057
2024-10-07,-0.003913892603502867
2024-10-08,-0.006376551874540111
2024-10-09,-0.0006361235945852118
2024-10-10,-0.00687085023101517
2024-10-11,0.0001806583660818124
2024-10-14,0.006757444879624662
2024-10-15,0.01761086810411237
2024-10-16,0.011298665936981592
2024-10-17,-0.007326982262325816
2024-10-18,-0.00024907089251526606
2024-10-21,-0.008364469877508971
2024-10-22,-0.0052409235480664375
2024-10-23,-0.008659520312309805
2024-10-24,0.002724325796395489
2024-10-25,0.006761953004616928
2024-10-28,-0.0032870270056492676
2024-10-29,-0.00835319217538787
2024-10-30,0.024294449975889434
2024-10-31,-0.013630747007918347
2024-11-01,-0.01596145932665011
2024-11-04,-0.0023991085126021474
2024-11-05,0.0029791306134521896
2024-11-06,0.03447848540434207
2024-11-07,0.014720576638999448
2024-11-08,0.0067159204297732675
2024-11-11,0.0021403957401405107
2024-11-12,0.000555906137180223
2024-11-13,0.001394439022343973
2024-11-14,-0.008278800515597777
2024-11-15,-0.008648638292281411
2024-11-18,-0.002499751657469068
2024-11-19,0.004136485760902399
2024-11-20,0.012314328383803289
2024-11-21,0.016141301201692423
2024-11-22,0.001737200880279472
2024-11-25,0.005569704205947066
2024-11-26,-0.013069205530087625
2024-11-27,0.010201807641965573
2024-11-29,0.0018409196117247703
2024-12-02,0.00492276411972885
2024-12-03,0.0010934486814035043
2024-12-04,0.013674348341884059
2024-12-05,0.012453078956649086
2024-12-06,-0.005805002980877414
2024-12-09,0.007188667359408684
2024-12-10,-0.003338319928927888
2024-12-11,0.0051459680560176965
2024-12-12,0.0053690014948001045
2024-12-13,0.003397153515600258
2024-12-16,0.005514589556945029
2024-12-17,0.004229281229192164
2024-12-18,-0.004665965745293408
2024-12-19,-0.024000822039127716
2024-12-20,-0.023703040617427947
2024-12-23,0.015449985678645636
2024-12-24,0.010049707141300204
2024-12-26,0.003423767495051149
2024-12-27,-0.006713232804528226
2024-12-30,-0.029103221424590646
2024-12-31,0.00782058350551237
2025-01-02,0.0014210857560227577
2025-01-03,-0.0013067855930519292
2025-01-06,0.02266236199274277
2025-01-07,0.00978622138437388
2025-01-08,-0.020590690405730753
2025-01-10,-0.0006906281160216729
2025-01-13,-0.025941001247077905
2025-01-14,0.017407558606648582
2025-01-15,0.013245555347722327
2025-01-16,0.011532929100952322
2025-01-17,0.006226203024670253
2025-01-21,0.003961185231151654
2025-01-22,0.007846161491441017
2025-01-23,-0.0061852984576898605
2025-01-24,0.011020186387588188
2025-01-27,-0.020478287074879066
2025-01-28,0.005418108934116942
2025-01-29,0.009215287752836584
2025-01-30,0.008886865235772591
2025-01-31,0.01028738573552614
2025-02-03,-0.04551948283267259
2025-02-04,0.020318981848754282
2025-02-05,0.005635043587457599
2025-02-06,0.006422508076402481
2025-02-07,0.0057505295232605025
2025-02-10,-0.0033103090469066305
2025-02-11,-0.00164342840603135
2025-02-12,-0.004070154777081794
2025-02-13,0.006396532361657145
2025-02-14,0.006466136412692758
2025-02-18,0.0011065769334150436
2025-02-19,0.00026883214470389014
2025-02-20,0.0014369518091042104
2025-02-21,0.0018560645223775674
2025-02-24,-0.009210877819271606
2025-02-25,-0.014974381557652646
2025-02-26,-0.014363632770922955
2025-02-27,0.002470687240935574
2025-02-28,-0.03594031789209552
2025-03-03,0.023245173377488042
2025-03-04,-0.01300928348455176
2025-03-05,-0.00426393049580918
2025-03-06,-0.0024345435452027067
2025-03-07,-0.003212788541563905
2025-03-10,-0.0044023052997267855
2025-03-11,-0.005049023929689564
2025-03-12,0.0008625251862400791
2025-03-13,-0.0018178681341519778
2025-03-14,0.007512545638246781
2025-03-17,0.0024946238090512115
2025-03-18,0.006745064827371845
2025-03-19,-0.0003500623811908935
2025-03-20,0.0070398198327600225
2025-03-21,-0.006155383135602989
2025-03-24,-0.005844965536953374
2025-03-25,-0.003925314667879247
2025-03-26,-0.0010102920674017783
2025-03-27,-0.012353491208652449
2025-03-28,0.006185638473295106
2025-03-31,-0.006591489708934914
2025-04-01,0.010127395772412132
2025-04-02,0.007204707359384681
2025-04-03,-0.014221372298910951
2025-04-04,-0.018338978579994114
2025-04-07,-0.013891337088033077
2025-04-08,-0.0194743217676644
2025-04-09,-0.013687738336163465
2025-04-10,0.006255685557073944
2025-04-11,-0.008747011895398275
2025-04-14,0.009728671718381458
2025-04-15,-0.0011595359174114994
2025-04-16,0.007671869872073676
2025-04-17,0.0021815244170368766
2025-04-21,-0.006529383503745133
2025-04-22,0.006561449170940248
2025-04-23,0.009424820342522913
2025-04-24,0.0012441010319608618
2025-04-25,-0.0022493270249251606
2025-04-28,0.007041885206756937
2025-04-29,-0.002565108937580711
2025-04-30,-0.00375883723240708
2025-05-01,0.011485683845126821
2025-05-02,-0.0009142207445836659
2025-05-05,-4.378752105086044e-05
2025-05-06,0.000966220121751335
2025-05-07,0.0053709683381645
2025-05-08,-0.0021114307395875523
2025-05-09,-0.010149200216986322
2025-05-12,-0.012735755275156859
2025-05-13,-0.003881931485534221
2025-05-14,-0.00876610308437358
2025-05-15,-1.966092269997656e-06
2025-05-16,-0.0030689341791370617
2025-05-19,0.009835745816752412
2025-05-20,0.0057392628669697115
2025-05-21,0.01607544162715881
2025-05-22,0.005225389330231275
2025-05-23,0.0027022351025704715
2025-05-27,-0.00517265808804106
2025-05-28,0.007062597132028182
2025-05-29,0.0069454107258436985
2025-05-30,-0.017244663864587423
2025-06-02,0.006473155526093429
2025-06-03,0.015070813982805627
2025-06-04,0.006426943305027218
2025-06-05,0.0073853397318291835
2025-06-06,-0.009402234830334687
2025-06-09,-0.00026185439026177787
2025-06-10,0.01228544945021747
2025-06-11,0.0034193675127945715
2025-06-12,-0.000596545434391301
2025-06-13,-0.0018359041943584852
2025-06-16,0.002136749353953476
2025-06-17,-0.005568097462535956
2025-06-18,-0.005289113153663723
2025-06-20,-0.0008003288191550355
2025-06-23,-0.013286365813502345
2025-06-24,0.007600472597600233
2025-06-25,0.006893730910129923
2025-06-26,0.0022232274638548065
2025-06-27,-0.0038736239976846954
2025-06-30,0.010634385042810434
2025-07-01,0.00541671278154866
2025-07-02,-0.004690716861750788
2025-07-03,0.012789196462525663
2025-07-07,-0.0040052356451445595
2025-07-08,0.0019405118692378096
2025-07-09,-0.0005715215349736035
2025-07-10,0.009196209588733401
2025-07-11,0.01238537499972098
2025-07-14,0.0035598406070367072
2025-07-15,8.052476655406246e-05
2025-07-16,0.000987878946446975
2025-07-17,0.002407803587554468
2025-07-18,0.015294485124783702
2025-07-21,0.006632568907202189
2025-07-22,0.004600492920054493
2025-07-23,-0.0021942502035719054
2025-07-24,-0.009058837039462649
2025-07-25,-0.00404956705750578
2025-07-28,0.011216913666045263
2025-07-29,0.010363566026823486
2025-07-30,-0.003916196181063758
2025-07-31,0.0032327192871570627
2025-08-01,-0.036010758762137184
2025-08-04,0.007604220651285034
2025-08-05,0.013404649877462994
2025-08-06,-0.011835261794673823
2025-08-07,0.021946422036269866
2025-08-08,-0.006162824765475715
2025-08-11,0.007498552456176195
2025-08-12,-0.001532033111892979
2025-08-13,0.02421552192293891
2025-08-14,-0.009888115462180888
2025-08-15,-0.006088570615156455
2025-08-18,-0.008866778840696905
2025-08-19,-0.0016562309589719783
2025-08-20,-0.005446246330482178
2025-08-21,-0.0037111608053369723
2025-08-22,0.0022401951525522954
2025-08-25,0.018573804705319257
2025-08-26,-0.006166217412181114
2025-08-27,0.0017382772889963348
2025-08-28,0.015171735861313032
2025-08-29,-0.004682035993518163
2025-09-02,-0.031916682274409976
2025-09-03,0.026527668459864352
2025-09-04,0.008163280980438807
2025-09-05,0.032292210035031445
2025-09-08,0.004946139001950813
2025-09-09,0.004573346988504267
2025-09-10,0.004676408480728787
2025-09-11,0.005048065295366308
2025-09-12,0.0034102480723357024
2025-09-15,0.003249611520993156
2025-09-16,0.0026847673305680085
2025-09-17,0.004702150392301803
2025-09-18,-0.011459946478779454
2025-09-19,-0.0017835550800813717
2025-09-22,-0.0045732647460542805
2025-09-23,0.004985793509441029
2025-09-24,-0.0012160988908325322
2025-09-25,-0.011663108880235022
2025-09-26,-0.00011921956845552538
2025-09-29,0.020780286404868054
2025-09-30,0.0039699433705217115
2025-10-01,0.006922280759582333
2025-10-02,0.017394292310715848
2025-10-03,0.0035208708705378195
2025-10-06,-0.001235371070865033
2025-10-07,0.0076273507097969675
2025-10-08,0.001557588714477505
2025-10-09,-0.002426483210579812
2025-10-10,0.004278606915726271
2025-10-13,-0.007254978832082244
2025-10-14,-0.006227464150365133
2025-10-15,0.02033359546440637
2025-10-16,-1.8938577561731975e-05
2025-10-17,-0.0075061882065046055
2025-10-20,0.019778051225348085
2025-10-21,0.0005368663350657525
2025-10-22,-0.005424027498411064
2025-10-23,-0.00536618408534538
2025-10-24,0.013902090239954363
2025-10-27,0.005246442570195576
2025-10-28,0.0008374402170759645
2025-10-29,0.0082114669030342
2025-10-30,-0.03300405144574311
2025-10-31,0.006799727612557963
2025-11-03,-0.008970106612477127
2025-11-04,-0.021465012553276926
2025-11-05,-0.013251689255634741
2025-11-06,0.00853871689687978
2025-11-07,-0.019856892777118093
2025-11-10,0.014703396383015228
2025-11-11,0.004849889921707336
2025-11-12,0.002784670211884712
2025-11-13,-0.00458244476833888
2025-11-14,-0.024354162549475082
2025-11-17,-0.000499860212318912
2025-11-18,-0.005063625510413776
2025-11-19,-0.0028705149050889623
2025-11-20,0.010045620346804372
2025-11-21,-0.01675051594478913
2025-11-24,0.010620201391615904
2025-11-25,0.016387839058111905
2025-11-26,0.013207720430051868
2025-11-28,0.009675544860110871
2025-12-01,-0.01351835611540102
2025-12-02,0.006648259640826799
2025-12-03,0.0027624549391883154
2025-12-04,0.004451966779576755
2025-12-05,-0.0019505999254426744
2025-12-08,-0.004308932605993745
2025-12-09,-0.0024988494210468316
2025-12-10,-0.0032943679794716378
2025-12-11,0.004348149988349104
2025-12-12,0.001161597542815359
2025-12-15,-0.0037875477862890075
2025-12-16,-0.013248592791449677
2025-12-17,0.005592070852748953
2025-12-18,-0.002837529067887602
2025-12-19,-8.733643669989894e-05
2025-12-22,0.018356994575512348
2025-12-23,-0.0048377467584594
2025-12-24,0.0074386031407846715
2025-12-26,0.006596714822797499
2025-12-29,-0.014754020763284045
2025-12-30,0.0007976804170583785
2025-12-31,-0.003491812074817339
2026-01-02,0.003808700834036491
2026-01-05,0.003286951321693264
2026-01-06,0.0034861463235756713
2026-01-07,0.004036970625865374
2026-01-08,-0.003550034148969127
2026-01-09,0.0008740204348010559
2026-01-12,0.005584255232091987
2026-01-13,0.005482772860261379
2026-01-14,-0.0010809242284081143
2026-01-15,0.003390426508412862
2026-01-16,-0.0035140685238198386
2026-01-20,-0.004816217006201962
2026-01-21,0.004866202109161258
2026-01-22,0.01235129517459705
2026-01-23,0.001824343090131187
2026-01-26,0.010494296058316102
2026-01-27,0.0067189126843941295
2026-01-28,0.02074782675268424
2026-01-29,0.005669208252670451
2026-01-30,-0.022072826432811547
2026-02-02,-0.02387861832618995
2026-02-03,0.027313445467548738
2026-02-04,-0.016426472481847882
2026-02-05,-0.04132562731054967
2026-02-06,0.012123449121711071
2026-02-09,0.013756543843464603
2026-02-10,0.012018391518801134
2026-02-11,0.0028491160616630046
2026-02-12,0.0008049269724493249
2026-02-13,-0.016491007304862686
2026-02-17,-0.0033941872454129594
2026-02-18,0.0035743468214677636
2026-02-19,-0.0011800203967450645
2026-02-20,0.0015444659363060503
2026-02-23,0.0071252760203533464
2026-02-24,-0.0019236765366302767
2026-02-25,0.012607634486992533
2026-02-26,0.005432443754174125
2026-02-27,-0.00842276205831107
2026-03-02,-0.004937802797495621
2026-03-03,-0.018921694606602393
2026-03-04,0.009976575877342029
2026-03-05,-0.006699441767657942
2026-03-06,-0.013049751850717235
2026-03-09,-0.00919717193917009
2026-03-10,0.02367892061169826
2026-03-11,-0.007141474220360921
2026-03-12,-0.011085281615752668
2026-03-13,-0.004100129068558199
2026-03-16,0.003693639974778915
2026-03-17,0.0047605872144907465
2026-03-18,-0.005028796693333223
2026-03-19,-0.017962623987520476
2026-03-20,0.002356633001912979
2026-03-23,-0.011131001060284754
2026-03-24,-0.007573418539869053
2026-03-25,0.01572642994677774
2026-03-26,-0.007226632273608485
2026-03-27,-0.010405200768180349
2026-03-30,0.0023969680213190296
2026-03-31,-0.013154023368050372
2026-04-01,0.03515107132339038
2026-04-02,-0.019008539093388916
2026-04-06,0.013357379641839653
2026-04-07,0.00038564806538538216
2026-04-08,0.013070753745373387
2026-04-09,-0.0019787387972885085
2026-04-10,0.0009167815530303361
2026-04-13,-0.0013622800835924526
2026-04-14,0.003243970010918591
2026-04-15,0.002254738110103771
2026-04-16,0.00018901698756407053
2026-04-17,0.0032746021115949895
2026-04-20,-0.002426078728600181
2026-04-21,-0.004841309597021328
2026-04-22,-0.0012426198020449707
2026-04-23,-0.0028105971627941464
2026-04-24,-0.002221337219235594
2026-04-27,0.0016194118053232064
2026-04-28,-0.022364837376901422
2026-04-29,-0.004135108265212443
2026-04-30,0.015185419381106782
2026-05-01,-0.002338752860299711
2026-05-04,0.005000872603490158
2026-05-05,0.004683509981356604
2026-05-06,0.020081839281204095
2026-05-07,0.007233623723677716
2026-05-08,0.0007375331335635513
2026-05-11,0.008479031656003642
2026-05-12,-0.003442922096354078
2026-05-13,0.000876154424175895
2026-05-14,0.001959798776220388
2026-05-15,-0.01367667919234561
2026-05-18,0.001397201972598569
2026-05-19,-0.016789083964297607
2026-05-20,0.02182831715462989
2026-05-21,0.010329113632620688
2026-05-22,0.013446376502184812
2026-05-26,0.01994621643482648
2026-05-27,0.01792655731808388
2026-05-28,-0.014849391646020569
2026-05-29,0.012072661457380097
2026-06-01,-0.0033434205108139412
2026-06-02,0.006020746364069079
2026-06-03,0.005867092732673596
2026-06-04,-0.019124779100393955
2026-06-05,-0.006532702275219662
2026-06-08,-0.010163607409286145
2026-06-09,0.007849109215796287
2026-06-10,-0.025630165657561668
2026-06-11,-0.001955917960938496
2026-06-12,0.01967368708302053
2026-06-15,0.02347139826875759
2026-06-16,0.002212510733391468
2026-06-17,-0.007291707767257974
2026-06-18,0.0040171331341581785
2026-06-22,0.008862320980342798
2026-06-23,-0.018925789319930178
2026-06-24,-0.0007027581879392938
2026-06-25,0.01546941284217693
2026-06-26,-0.03070506032578492
2026-06-29,0.00823663515978485
2026-06-30,0.01226358654450285
2026-07-01,-0.0024519594962058946
