{
  "vanguard": {
    "n_variants": 45,
    "canonical": {
      "is": {
        "sharpe": 0.9630456048976415,
        "cagr": 0.24608156142041837,
        "vol": 0.26517116086281917,
        "mdd": -0.3398820875511336,
        "n": 2298
      },
      "oos": {
        "sharpe": 0.9129969479378883,
        "cagr": 0.243376557469285,
        "vol": 0.2828090322917695,
        "mdd": -0.4092855328199394,
        "n": 1940
      },
      "full": {
        "sharpe": 0.9387367346236049,
        "cagr": 0.2447782673883323,
        "vol": 0.2733542689528609,
        "mdd": -0.40928553281993896,
        "n": 4239
      },
      "is_oos_sharpe_gap": 0.050048656959753135
    },
    "bagged": {
      "is": {
        "sharpe": 0.8943886695365786,
        "cagr": 0.21660177935548086,
        "vol": 0.2561253229792901,
        "mdd": -0.36626312280927076,
        "n": 2298
      },
      "oos": {
        "sharpe": 0.8299649219954858,
        "cagr": 0.2078128330775746,
        "vol": 0.27271448097493406,
        "mdd": -0.37463968157152094,
        "n": 1940
      },
      "full": {
        "sharpe": 0.8633658059653824,
        "cagr": 0.212515481746411,
        "vol": 0.26381768912946396,
        "mdd": -0.37463968157152217,
        "n": 4239
      },
      "is_oos_sharpe_gap": 0.06442374754109281
    }
  },
  "orion": {
    "n_variants": 9,
    "canonical": {
      "is": {
        "sharpe": 0.6846284056693308,
        "cagr": 0.1209242674062434,
        "vol": 0.1945671569676516,
        "mdd": -0.3165844729517806,
        "n": 2218
      },
      "oos": {
        "sharpe": 1.1406008934567198,
        "cagr": 0.3439526234947554,
        "vol": 0.29854282779778585,
        "mdd": -0.24345492868657848,
        "n": 1869
      },
      "full": {
        "sharpe": 0.920586460257903,
        "cagr": 0.2179103312113324,
        "vol": 0.24767987794180135,
        "mdd": -0.3165844729517806,
        "n": 4087
      },
      "is_oos_sharpe_gap": -0.45597248778738897
    },
    "bagged": {
      "is": {
        "sharpe": 0.7182650215816175,
        "cagr": 0.12802502988558584,
        "vol": 0.19413248402897415,
        "mdd": -0.31303105922097996,
        "n": 2218
      },
      "oos": {
        "sharpe": 0.9466610161836442,
        "cagr": 0.2594742361069242,
        "vol": 0.28777995793239086,
        "mdd": -0.24053849199769184,
        "n": 1869
      },
      "full": {
        "sharpe": 0.8290709150106566,
        "cagr": 0.18634256861684606,
        "vol": 0.24154274926986227,
        "mdd": -0.31303105922097996,
        "n": 4087
      },
      "is_oos_sharpe_gap": -0.22839599460202664
    }
  },
  "helios": {
    "n_variants": 18,
    "canonical": {
      "is": {
        "sharpe": 0.677735910710629,
        "cagr": 0.18979180091199122,
        "vol": 0.34446145661007627,
        "mdd": -0.41366607366089336,
        "n": 2218
      },
      "oos": {
        "sharpe": 0.9159262411236181,
        "cagr": 0.41545575915627664,
        "vol": 0.5417925362109172,
        "mdd": -0.622618926235504,
        "n": 1869
      },
      "full": {
        "sharpe": 0.7933234795503309,
        "cagr": 0.288140542456949,
        "vol": 0.44575493513283576,
        "mdd": -0.6226189262355045,
        "n": 4087
      },
      "is_oos_sharpe_gap": -0.2381903304129891
    },
    "bagged": {
      "is": {
        "sharpe": 0.6673909766462544,
        "cagr": 0.17226049188078818,
        "vol": 0.3114748634509489,
        "mdd": -0.4319007345756857,
        "n": 2218
      },
      "oos": {
        "sharpe": 0.7194172964556255,
        "cagr": 0.25904022683734174,
        "vol": 0.48719513005215154,
        "mdd": -0.6242473791617755,
        "n": 1869
      },
      "full": {
        "sharpe": 0.6801624241781101,
        "cagr": 0.21117701231199937,
        "vol": 0.40151682600797894,
        "mdd": -0.6242473791617746,
        "n": 4087
      },
      "is_oos_sharpe_gap": -0.05202631980937111
    }
  }
}