{
  "P1_ultra_short_heavy": {
    "weights": {
      "JPST": 0.3,
      "MINT": 0.25,
      "JAAA": 0.15,
      "CLOI": 0.1,
      "BKLN": 0.1,
      "JBBB": 0.05,
      "GLD": 0.05
    },
    "metrics_nogate": {
      "sharpe": 4.883763569219586,
      "ann_return": 0.06717039415340031,
      "ann_vol": 0.013753817768073072,
      "max_dd": -0.014774038898317743,
      "sortino": 5.894224436977398,
      "calmar": 4.546515317558066,
      "total_return": 0.28698155246913615,
      "n_years": 3.761904761904762
    },
    "metrics_gate_hy": {
      "sharpe": 4.9474231020246515,
      "ann_return": 0.06743791114174827,
      "ann_vol": 0.013630916489465074,
      "max_dd": -0.01459435360260497,
      "sortino": 5.976934457339718,
      "calmar": 4.620822064343512,
      "total_return": 0.28828518271524683,
      "n_years": 3.761904761904762
    },
    "metrics_gate_combo": {
      "sharpe": 5.163139938997979,
      "ann_return": 0.06425293433802995,
      "ann_vol": 0.012444546360775115,
      "max_dd": -0.011062041540138234,
      "sortino": 5.426618847693235,
      "calmar": 5.808415571835488,
      "total_return": 0.2730195008799452,
      "n_years": 3.761904761904762
    }
  },
  "P2_clo_heavy": {
    "weights": {
      "JAAA": 0.35,
      "CLOI": 0.2,
      "JBBB": 0.15,
      "JPST": 0.15,
      "BKLN": 0.1,
      "GLD": 0.05
    },
    "metrics_nogate": {
      "sharpe": 3.9548761093790694,
      "ann_return": 0.0748903517246639,
      "ann_vol": 0.018936206761840126,
      "max_dd": -0.024448030025336798,
      "sortino": 4.155601408431505,
      "calmar": 3.0632468811209344,
      "total_return": 0.3244728899855225,
      "n_years": 3.761904761904762
    },
    "metrics_gate_hy": {
      "sharpe": 4.037820632079749,
      "ann_return": 0.07548904338492393,
      "ann_vol": 0.018695492014968975,
      "max_dd": -0.02390296700443184,
      "sortino": 4.242178881477486,
      "calmar": 3.1581453202411036,
      "total_return": 0.3274809181140643,
      "n_years": 3.761904761904762
    },
    "metrics_gate_combo": {
      "sharpe": 4.263475280804664,
      "ann_return": 0.07257907923653063,
      "ann_vol": 0.0170234549179402,
      "max_dd": -0.01831994965183481,
      "sortino": 3.9174985922496206,
      "calmar": 3.9617510209293383,
      "total_return": 0.313179627965557,
      "n_years": 3.761904761904762
    }
  },
  "P3_balanced": {
    "weights": {
      "JPST": 0.2,
      "MINT": 0.15,
      "JAAA": 0.15,
      "CLOI": 0.1,
      "BKLN": 0.1,
      "SRLN": 0.05,
      "JBBB": 0.1,
      "ANGL": 0.05,
      "GLD": 0.05,
      "TIP": 0.05
    },
    "metrics_nogate": {
      "sharpe": 3.5547496690290945,
      "ann_return": 0.06998745066243392,
      "ann_vol": 0.019688432992118268,
      "max_dd": -0.02858878473207571,
      "sortino": 4.465516507834054,
      "calmar": 2.448073652599518,
      "total_return": 0.3002044928904737,
      "n_years": 3.761904761904762
    },
    "metrics_gate_hy": {
      "sharpe": 3.611562020375478,
      "ann_return": 0.070188384258173,
      "ann_vol": 0.019434356619708784,
      "max_dd": -0.02750303299643153,
      "sortino": 4.543030449840225,
      "calmar": 2.5520234174638055,
      "total_return": 0.3012116705604748,
      "n_years": 3.761904761904762
    },
    "metrics_gate_combo": {
      "sharpe": 3.9052095577470562,
      "ann_return": 0.06667012106752145,
      "ann_vol": 0.01707209820155821,
      "max_dd": -0.01701165819564343,
      "sortino": 4.226822433014452,
      "calmar": 3.9190842127662315,
      "total_return": 0.2843155375209716,
      "n_years": 3.761904761904762
    }
  },
  "P4_equal_8": {
    "weights": {
      "JPST": 0.125,
      "MINT": 0.125,
      "JAAA": 0.125,
      "CLOI": 0.125,
      "BKLN": 0.125,
      "SRLN": 0.125,
      "FLOT": 0.125,
      "JBBB": 0.125
    },
    "metrics_nogate": {
      "sharpe": 3.708811850271049,
      "ann_return": 0.06308989876132633,
      "ann_vol": 0.01701081136178843,
      "max_dd": -0.024344681122956402,
      "sortino": 3.429621639091487,
      "calmar": 2.591527013341497,
      "total_return": 0.26714285315307706,
      "n_years": 3.761904761904762
    },
    "metrics_gate_hy": {
      "sharpe": 3.769077616960953,
      "ann_return": 0.06314175307520548,
      "ann_vol": 0.01675257436754973,
      "max_dd": -0.02310745284573812,
      "sortino": 3.4766156369040333,
      "calmar": 2.73252761767947,
      "total_return": 0.26741071744437095,
      "n_years": 3.761904761904762
    },
    "metrics_gate_combo": {
      "sharpe": 4.020564493497834,
      "ann_return": 0.06154264106787815,
      "ann_vol": 0.015306965270027775,
      "max_dd": -0.017805495650587422,
      "sortino": 3.2462399707606497,
      "calmar": 3.456384605943154,
      "total_return": 0.25992069287168085,
      "n_years": 3.761904761904762
    }
  },
  "P5_with_hy": {
    "weights": {
      "JPST": 0.15,
      "MINT": 0.1,
      "JAAA": 0.15,
      "CLOI": 0.1,
      "BKLN": 0.1,
      "JBBB": 0.1,
      "ANGL": 0.1,
      "SHYG": 0.1,
      "HYG": 0.05,
      "GLD": 0.05
    },
    "metrics_nogate": {
      "sharpe": 2.7931355923284715,
      "ann_return": 0.07617656215831775,
      "ann_vol": 0.027272776290396223,
      "max_dd": -0.03642629123147434,
      "sortino": 3.68149226814761,
      "calmar": 2.0912522132502187,
      "total_return": 0.32993401466201755,
      "n_years": 3.761904761904762
    },
    "metrics_gate_hy": {
      "sharpe": 2.8182123882481007,
      "ann_return": 0.07591841120756039,
      "ann_vol": 0.026938498859822958,
      "max_dd": -0.03560199874979286,
      "sortino": 3.69691633504973,
      "calmar": 2.1324199166767874,
      "total_return": 0.3286885655746574,
      "n_years": 3.761904761904762
    },
    "metrics_gate_combo": {
      "sharpe": 2.9810146873090964,
      "ann_return": 0.06922959843890752,
      "ann_vol": 0.023223501290897605,
      "max_dd": -0.02336607444819605,
      "sortino": 3.3513814701358986,
      "calmar": 2.962825381404719,
      "total_return": 0.29613458184307295,
      "n_years": 3.761904761904762
    }
  },
  "P6_with_duration": {
    "weights": {
      "JPST": 0.2,
      "JAAA": 0.15,
      "BKLN": 0.1,
      "CLOI": 0.1,
      "IEF": 0.15,
      "SHY": 0.1,
      "GLD": 0.1,
      "TIP": 0.05,
      "JBBB": 0.05
    },
    "metrics_nogate": {
      "sharpe": 2.2930872631060657,
      "ann_return": 0.07066155350445621,
      "ann_vol": 0.030815030304927302,
      "max_dd": -0.039429999463014176,
      "sortino": 3.4998179830615608,
      "calmar": 1.7920759438695306,
      "total_return": 0.30213001653815974,
      "n_years": 3.761904761904762
    },
    "metrics_gate_hy": {
      "sharpe": 2.327755876761581,
      "ann_return": 0.07115624583383552,
      "ann_vol": 0.030568603238939934,
      "max_dd": -0.039593884289865655,
      "sortino": 3.5601535117523717,
      "calmar": 1.7971524418494218,
      "total_return": 0.30459189094193273,
      "n_years": 3.761904761904762
    },
    "metrics_gate_combo": {
      "sharpe": 2.3911354576582333,
      "ann_return": 0.06525794983936581,
      "ann_vol": 0.02729161563405379,
      "max_dd": -0.026143750783194197,
      "sortino": 3.146380084674435,
      "calmar": 2.4961204067671545,
      "total_return": 0.27642487662477166,
      "n_years": 3.761904761904762
    }
  },
  "P7_clo_only": {
    "weights": {
      "JAAA": 0.5,
      "CLOI": 0.3,
      "JBBB": 0.2
    },
    "metrics_nogate": {
      "sharpe": 3.41468276194211,
      "ann_return": 0.06677971662820616,
      "ann_vol": 0.019556638576353435,
      "max_dd": -0.027743350072359285,
      "sortino": 2.923385088632445,
      "calmar": 2.407053093949848,
      "total_return": 0.2846236700321205,
      "n_years": 3.761904761904762
    },
    "metrics_gate_hy": {
      "sharpe": 3.5116982398642724,
      "ann_return": 0.06766604879308984,
      "ann_vol": 0.019268753796939323,
      "max_dd": -0.02634865375041051,
      "sortino": 3.01558402821136,
      "calmar": 2.568102698303347,