{
  "k5_ccNone_rgnone": {
    "config": {
      "top_k": 5,
      "category_cap": null,
      "regime_name": "none"
    },
    "metrics": {
      "sharpe": 0.8779759014835461,
      "ann_return": 0.05336991365009638,
      "ann_vol": 0.06078744708130986,
      "max_dd": -0.1310665326157836,
      "sortino": 0.9494640675822829,
      "calmar": 0.407197112679773,
      "total_return": 0.878428177544845,
      "n_years": 12.238095238095237
    }
  },
  "k5_ccNone_rghy": {
    "config": {
      "top_k": 5,
      "category_cap": null,
      "regime_name": "hy"
    },
    "metrics": {
      "sharpe": 0.8701699258954374,
      "ann_return": 0.04982132831647761,
      "ann_vol": 0.05725471179115919,
      "max_dd": -0.09962969721879389,
      "sortino": 0.9281134967125151,
      "calmar": 0.5000650379079888,
      "total_return": 0.8032099347700941,
      "n_years": 12.238095238095237
    }
  },
  "k5_ccNone_rgspy_sma": {
    "config": {
      "top_k": 5,
      "category_cap": null,
      "regime_name": "spy_sma"
    },
    "metrics": {
      "sharpe": 0.8398440157912312,
      "ann_return": 0.0437964139472376,
      "ann_vol": 0.05214827173112171,
      "max_dd": -0.08767412646585115,
      "sortino": 0.8484966193520912,
      "calmar": 0.49953635938758045,
      "total_return": 0.7533550022432176,
      "n_years": 13.234126984126984
    }
  },
  "k5_ccNone_rgcombo": {
    "config": {
      "top_k": 5,
      "category_cap": null,
      "regime_name": "combo"
    },
    "metrics": {
      "sharpe": 0.8325146320395188,
      "ann_return": 0.04397804236375044,
      "ann_vol": 0.052825548850729195,
      "max_dd": -0.08757992404899828,
      "sortino": 0.8429111990348452,
      "calmar": 0.5021475280013497,
      "total_return": 0.7567482332917681,
      "n_years": 13.234126984126984
    }
  },
  "k5_cc2_rgnone": {
    "config": {
      "top_k": 5,
      "category_cap": 2,
      "regime_name": "none"
    },
    "metrics": {
      "sharpe": 0.9204440796725528,
      "ann_return": 0.05371275917327789,
      "ann_vol": 0.05835526607155337,
      "max_dd": -0.1310665326157835,
      "sortino": 1.009342409106311,
      "calmar": 0.4098129255523588,
      "total_return": 0.889685708976631,
      "n_years": 12.238095238095237
    }
  },
  "k5_cc2_rghy": {
    "config": {
      "top_k": 5,
      "category_cap": 2,
      "regime_name": "hy"
    },
    "metrics": {
      "sharpe": 0.9175445854926023,
      "ann_return": 0.050157932505323286,
      "ann_vol": 0.054665389887724083,
      "max_dd": -0.0976415203392782,
      "sortino": 0.9947046332143146,
      "calmar": 0.513694710314197,
      "total_return": 0.8138784873580605,
      "n_years": 12.238095238095237
    }
  },
  "k5_cc2_rgspy_sma": {
    "config": {
      "top_k": 5,
      "category_cap": 2,
      "regime_name": "spy_sma"
    },
    "metrics": {
      "sharpe": 0.8909829812692169,
      "ann_return": 0.04411345610420665,
      "ann_vol": 0.04951099743944206,
      "max_dd": -0.08767412646585082,
      "sortino": 0.9161444673712864,
      "calmar": 0.5031525021397151,
      "total_return": 0.7638649202970449,
      "n_years": 13.234126984126984
    }
  },
  "k5_cc2_rgcombo": {
    "config": {
      "top_k": 5,
      "category_cap": 2,
      "regime_name": "combo"
    },
    "metrics": {
      "sharpe": 0.881924106221623,
      "ann_return": 0.04429508452071949,
      "ann_vol": 0.050225506036443865,
      "max_dd": -0.08757992404899928,
      "sortino": 0.908265500777548,
      "calmar": 0.5057675603365132,
      "total_return": 0.7672765296037711,
      "n_years": 13.234126984126984
    }
  },
  "k5_cc3_rgnone": {
    "config": {
      "top_k": 5,
      "category_cap": 3,
      "regime_name": "none"
    },
    "metrics": {
      "sharpe": 0.8977422622475484,
      "ann_return": 0.054165819112391024,
      "ann_vol": 0.060335601196699645,
      "max_dd": -0.13106653261578383,
      "sortino": 0.9746000678703409,
      "calmar": 0.41326964276361766,
      "total_return": 0.897449757821102,
      "n_years": 12.238095238095237
    }
  },
  "k5_cc3_rghy": {
    "config": {
      "top_k": 5,
      "category_cap": 3,
      "regime_name": "hy"
    },
    "metrics": {
      "sharpe": 0.8915415951497704,
      "ann_return": 0.05061723377877226,
      "ann_vol": 0.056774954813262585,
      "max_dd": -0.0937247169197516,
      "sortino": 0.9552084195056184,
      "calmar": 0.5400628077875278,
      "total_return": 0.821469830431381,
      "n_years": 12.238095238095237
    }
  },
  "k5_cc3_rgspy_sma": {
    "config": {
      "top_k": 5,
      "category_cap": 3,
      "regime_name": "spy_sma"
    },
    "metrics": {
      "sharpe": 0.8620073385699921,
      "ann_return": 0.044532417679086674,
      "ann_vol": 0.051661297632294795,
      "max_dd": -0.08767412646585182,
      "sortino": 0.8752328702781049,
      "calmar": 0.5079311248847355,
      "total_return": 0.7711100504940034,
      "n_years": 13.234126984126984
    }
  },
  "k5_cc3_rgcombo": {
    "config": {
      "top_k": 5,
      "category_cap": 3,
      "regime_name": "combo"
    },
    "metrics": {
      "sharpe": 0.8542202828815009,
      "ann_return": 0.044714046095599536,
      "ann_vol": 0.05234486582871547,
      "max_dd": -0.08757992404899961,
      "sortino": 0.8690862926058821,
      "calmar": 0.5105513230473084,
      "total_return": 0.7745376425139014,
      "n_years": 13.234126984126984
    }
  },
  "k8_ccNone_rgnone": {
    "config": {
      "top_k": 8,
      "category_cap": null,
      "regime_name": "none"
    },
    "metrics": {
      "sharpe": 0.8862200071299943,
      "ann_return": 0.04885991961918899,
      "ann_vol": 0.05513294579911467,
      "max_dd": -0.14038799553834092,
      "sortino": 0.9950569860409006,
      "calmar": 0.3480348831239279,
      "total_return": 0.7847542000926673,
      "n_years": 12.238095238095237
    }
  },
  "k8_ccNone_rghy": {
    "config": {
      "top_k": 8,
      "category_cap": null,
      "regime_name": "hy"
    },
    "metrics": {
      "sharpe": 0.9076905937923667,
      "ann_return": 0.04688586470548442,
      "ann_vol": 0.05165401627617782,
      "max_dd": -0.09530699347901783,
      "sortino": 1.0130649787361659,
      "calmar": 0.49194569038426866,
      "total_return": 0.7461279322392742,
      "n_years": 12.238095238095237
    }
  },
  "k8_ccNone_rgspy_sma": {
    "config": {
      "top_k": 8,
      "category_cap": null,
      "regime_name": "spy_sma"
    },
    "metrics": {
      "sharpe": 0.885926456033596,
      "ann_return": 0.041001147776070834,
      "ann_vol": 0.04628053208799986,
      "max_dd": -0.08755904626088062,
      "sortino": 0.938799427901959,
      "calmar": 0.4682685516458076,
      "total_return": 0.6961913184392279,
      "n_years": 13.234126984126984
    }
  },
  "k8_ccNone_rgcombo": {
    "config": {
      "top_k": 8,
      "category_cap": null,
      "regime_name": "combo"
    },
    "metrics": {
      "sharpe": 0.8827352893373576,
      "ann_return": 0.041562750494440394,
      "ann_vol": 0.04708404772810237,
      "max_dd": -0.08323895584981045,
      "sortino": 0.9365531880006214,
      "calmar": 0.4993184990142454,
      "total_return": 0.7079952327431371,
      "n_years": 13.234126984126984
    }
  },
  "k8_cc2_rgnone": {
    "config": {
      "top_k": 8,
      "category_cap": 2,
      "regime_name": "none"
    },
    "metrics": {
      "sharpe": 0.8765708520452561,
      "ann_return": 0.044092409026041814,
      "ann_vol": 0.050301021215984246,
      "max_dd": -0.12571688614697918,
      "sortino": 1.0000324930529256,
      "calmar": 0.3507278169019564,
      "total_return": 0.6888810927991653,
      "n_years": 12.238095238095237
    }
  },
  "k8_cc2_rghy": {
    "config": {
      "top_k": 8,
      "category_cap": 2,
      "regime_name": "hy"
    },
    "metrics": {
      "sharpe": 0.8807454210920381,
      "ann_return": 0.04148825636591569,
      "ann_vol": 0.04710584395031462,
      "max_dd": -0.10263234345122796,
      "sortino": 0.9968778513192975,