{
 "SUMMIT|daily": {
  "name": "SUMMIT_daily",
  "k": 2,
  "every": 1,
  "offset": 0,
  "cost_bps": 5.0,
  "n_windows": 244,
  "win_qqq": 0.9426229508196722,
  "win_spy": 0.9754098360655737,
  "med_vs_qqq": 0.28820703826443306,
  "med_vs_spy": 0.585168980051643,
  "worst_vs_qqq": -0.11063191822534135,
  "worst_vs_spy": -0.12169449935775944,
  "p10_vs_qqq": 0.024898148095112795,
  "full_mult": 19.869204405894095,
  "regimes": {
   "GFC_2007_2009": {
    "mult": 1.2579471362412593,
    "vs_qqq": 0.07189742095364338,
    "vs_spy": 0.19066301400603924
   },
   "recovery_2009_2012": {
    "mult": 1.4186292535040295,
    "vs_qqq": 0.06525321496067149,
    "vs_spy": 0.11710257373292121
   },
   "bull_2013_2017": {
    "mult": 1.9972001778655781,
    "vs_qqq": 0.25481455486136895,
    "vs_spy": 0.4142391871951121
   },
   "sideways_2015_2016": {
    "mult": 1.1357174114112256,
    "vs_qqq": 0.03815784080922269,
    "vs_spy": 0.030161963392870472
   },
   "vol_2018": {
    "mult": 1.1166107323665537,
    "vs_qqq": 0.02173957986633379,
    "vs_spy": 0.03490582192314684
   },
   "covid_2020": {
    "mult": 1.4906065191208862,
    "vs_qqq": 0.07532475775519987,
    "vs_spy": 0.12196733332997756
   },
   "bear_2022": {
    "mult": 1.4040405209457616,
    "vs_qqq": 0.16898887795394413,
    "vs_spy": 0.27397514808077994
   },
   "ai_bull_2023_2026": {
    "mult": 2.4108403442581268,
    "vs_qqq": 0.49547836024483805,
    "vs_spy": 0.6959552861522882
   }
  }
 },
 "SUMMIT|weekly": {
  "name": "SUMMIT_weekly",
  "k": 2,
  "every": 5,
  "offset": 0,
  "cost_bps": 5.0,
  "n_windows": 244,
  "win_qqq": 0.9385245901639344,
  "win_spy": 0.9754098360655737,
  "med_vs_qqq": 0.29669442741258056,
  "med_vs_spy": 0.5921587800584581,
  "worst_vs_qqq": -0.11812648685063198,
  "worst_vs_spy": -0.129417287467401,
  "p10_vs_qqq": 0.027126494689032877,
  "full_mult": 19.610361701053158,
  "regimes": {
   "GFC_2007_2009": {
    "mult": 1.2669553673397418,
    "vs_qqq": 0.08024024607991787,
    "vs_spy": 0.20020827909321826
   },
   "recovery_2009_2012": {
    "mult": 1.4204101937316567,
    "vs_qqq": 0.06439106879075251,
    "vs_spy": 0.11635479680921179
   },
   "bull_2013_2017": {
    "mult": 1.9795434003657943,
    "vs_qqq": 0.24280792468736778,
    "vs_spy": 0.4007430732965469
   },
   "sideways_2015_2016": {
    "mult": 1.1345686122093093,
    "vs_qqq": 0.0355148023054932,
    "vs_spy": 0.028306347232206486
   },
   "vol_2018": {
    "mult": 1.125082966450697,
    "vs_qqq": 0.027052725736529615,
    "vs_spy": 0.04106515865467064
   },
   "covid_2020": {
    "mult": 1.5329290499122794,
    "vs_qqq": 0.10433473894403678,
    "vs_spy": 0.15326030092617526
   },
   "bear_2022": {
    "mult": 1.4029352863949434,
    "vs_qqq": 0.16771181776962063,
    "vs_spy": 0.2724168008879795
   },
   "ai_bull_2023_2026": {
    "mult": 2.455161203816722,
    "vs_qqq": 0.5214575338046197,
    "vs_spy": 0.7258535421154453
   }
  }
 },
 "SUMMIT|biweekly": {
  "name": "SUMMIT_biweekly",
  "k": 2,
  "every": 10,
  "offset": 0,
  "cost_bps": 5.0,
  "n_windows": 244,
  "win_qqq": 0.9344262295081968,
  "win_spy": 0.9754098360655737,
  "med_vs_qqq": 0.28826588357586624,
  "med_vs_spy": 0.5804183291957001,
  "worst_vs_qqq": -0.10576685510053374,
  "worst_vs_spy": -0.11740280427232674,
  "p10_vs_qqq": 0.03010662227809116,
  "full_mult": 20.02568203313432,
  "regimes": {
   "GFC_2007_2009": {
    "mult": 1.2769050038969003,
    "vs_qqq": 0.08983912053595433,
    "vs_spy": 0.2095882518831107
   },
   "recovery_2009_2012": {
    "mult": 1.43058228707263,
    "vs_qqq": 0.06798683581927234,
    "vs_spy": 0.12117245561901235
   },
   "bull_2013_2017": {
    "mult": 2.0281330708135568,
    "vs_qqq": 0.2693937089696883,
    "vs_spy": 0.43176599211497346
   },
   "sideways_2015_2016": {
    "mult": 1.137478340159186,
    "vs_qqq": 0.038300297396499206,
    "vs_spy": 0.031825609988461734
   },
   "vol_2018": {
    "mult": 1.1075935512749366,
    "vs_qqq": 0.014123583146745,
    "vs_spy": 0.02786717602348654
   },
   "covid_2020": {
    "mult": 1.5828172092811337,
    "vs_qqq": 0.13773026479692718,
    "vs_spy": 0.18994388704238108
   },
   "bear_2022": {
    "mult": 1.4075050904918227,
    "vs_qqq": 0.1758923932726575,
    "vs_spy": 0.279463504102774
   },
   "ai_bull_2023_2026": {
    "mult": 2.394988980430881,
    "vs_qqq": 0.4838224886087352,
    "vs_spy": 0.6838306549770703
   }
  }
 },
 "SUMMIT|monthly": {
  "name": "SUMMIT_monthly",
  "k": 2,
  "every": 21,
  "offset": 0,
  "cost_bps": 5.0,
  "n_windows": 244,
  "win_qqq": 0.930327868852459,
  "win_spy": 0.9795081967213115,
  "med_vs_qqq": 0.30940850377039186,
  "med_vs_spy": 0.5909516692599506,
  "worst_vs_qqq": -0.11240660008905545,
  "worst_vs_spy": -0.12293586163162673,
  "p10_vs_qqq": 0.01338360694548005,
  "full_mult": 18.22572693454702,
  "regimes": {
   "GFC_2007_2009": {
    "mult": 1.2829448730465352,
    "vs_qqq": 0.10836524281047111,
    "vs_spy": 0.22755607259347155
   },
   "recovery_2009_2012": {
    "mult": 1.4312970640339922,
    "vs_qqq": 0.06731560657201441,
    "vs_spy": 0.12021154487828856
   },
   "bull_2013_2017": {
    "mult": 1.9902328735023394,
    "vs_qqq": 0.24291613640036758,
    "vs_spy": 0.401428003985415
   },
   "sideways_2015_2016": {
    "mult": 1.1247015864593637,
    "vs_qqq": 0.02413495870876603,
    "vs_spy": 0.017239339078534588
   },
   "vol_2018": {
    "mult": 1.11333472063936,
    "vs_qqq": 0.017193058775782477,
    "vs_spy": 0.03076901448097602
   },
   "covid_2020": {
    "mult": 1.527044185893554,
    "vs_qqq": 0.10066744686311901,
    "vs_spy": 0.15101344021707308
   },
   "bear_2022": {
    "mult": 1.2203741245590143,
    "vs_qqq": 0.026629652862589337,
    "vs_spy": 0.11662772527376442
   },
   "ai_bull_2023_2026": {
    "mult": 2.536487024909309,
    "vs_qqq": 0.5615758189098994,
    "vs_spy": 0.7752417863856156
   }
  }
 },
 "ROTATOR|daily": {
  "name": "ROTATOR_daily",
  "k": 3,
  "every": 1,
  "offset": 0,
  "cost_bps": 10.0,
  "n_windows": 244,
  "win_qqq": 0.5819672131147541,
  "win_spy": 0.6598360655737705,
  "med_vs_qqq": 0.15373544653743088,
  "med_vs_spy": 0.24767184459141622,
  "worst_vs_qqq": -0.5918608736265394,
  "worst_vs_spy": -0.44433222406955375,
  "p10_vs_qqq": -0.40148879929101183,
  "full_mult": 19.440539987663307,
  "regimes": {
   "GFC_2007_2009": {
    "mult": 0.9812621863993384,
    "vs_qqq": -0.1634481128411458,
    "vs_spy": -0.07075874132388438
   },
   "recovery_2009_2012": {
    "mult": 1.1758902099072648,
    "vs_qqq": -0.11657871588273472,
    "vs_spy": -0.07357972954288783
   },
   "bull_2013_2017": {
    "mult": 2.0717330477885505,
    "vs_qqq": 0.3022937224113418,
    "vs_spy": 0.46775055317333325
   },
   "sideways_2015_2016": {
    "mult": 1.637097478820287,
    "vs_qqq": 0.4972163467709385,
    "vs_spy": 0.4856848174403743
   },
   "vol_2018": {
    "mult": 0.9015276115114728,
    "vs_qqq": -0.17465745666757604,
    "vs_spy": -0.16402202032223978
   },
   "covid_2020": {
    "mult": 1.3822457752366153,
    "vs_qqq": -0.0023484088022268645,
    "vs_spy": 0.04092503458425001
   },
   "bear_2022": {
    "mult": 1.275847592280489,
    "vs_qqq": 0.06278731788770031,
    "vs_spy": 0.15823556673186112
   },
   "ai_bull_2023_2026": {
    "mult": 5.694938171509842,
    "vs_qqq": 2.5344187804512486,
    "vs_spy": 3.0082266474259454
   }
  }
 },
 "ROTATOR|weekly": {
  "name": "ROTATOR_weekly",
  "k": 3,
  "every": 5,
  "offset": 0,
  "cost_bps": 10.0,
  "n_windows": 244,
  "win_qqq": 0.6434426229508197,
  "win_spy": 0.7909836065573771,
  "med_vs_qqq": 0.1842485046698874,
  "med_vs_spy": 0.3472383053888676,
  "worst_vs_qqq": -0.5085165066298376,
  "worst_vs_spy": -0.40802519906339096,
  "p10_vs_qqq": -0.30529654321730026,
  "full_mult": 20.85949063160786,
  "regimes": {
   "GFC_2007_2009": {
    "mult": 0.9342996710565519,
    "vs_qqq": -0.2029922507157912,
    "vs_spy": -0.11447911456393767
   },
   "recovery_2009_2012": {
    "mult": 1.2182503000730205,