{
 "sector ETFs (~20)": {
  "card": {
   "name": "x",
   "k": 2,
   "every": 10,
   "offset": 0,
   "cost_bps": 5.0,
   "n_windows": 244,
   "win_qqq": 0.10655737704918032,
   "win_spy": 0.29918032786885246,
   "med_vs_qqq": -0.183362683726627,
   "med_vs_spy": -0.05615597889452456,
   "worst_vs_qqq": -0.5797849715026261,
   "worst_vs_spy": -0.32918519809296054,
   "p10_vs_qqq": -0.47163581305280283,
   "full_mult": 4.303728571317536,
   "regimes": {
    "GFC_2007_2009": {
     "mult": 0.9756813585907096,
     "vs_qqq": -0.1672554257954183,
     "vs_spy": -0.07575527910769753
    },
    "recovery_2009_2012": {
     "mult": 1.2090092627567026,
     "vs_qqq": -0.09742627972146267,
     "vs_spy": -0.05247821377349016
    },
    "bull_2013_2017": {
     "mult": 1.3233397786895558,
     "vs_qqq": -0.17173127637822205,
     "vs_spy": -0.06578472664980306
    },
    "sideways_2015_2016": {
     "mult": 1.1134158662836633,
     "vs_qqq": 0.016335858251614654,
     "vs_spy": 0.009998137844273058
    },
    "vol_2018": {
     "mult": 1.071071881162762,
     "vs_qqq": -0.019316018333444762,
     "vs_spy": -0.006025605203571982
    },
    "covid_2020": {
     "mult": 1.323571274599739,
     "vs_qqq": -0.04861591856719483,
     "vs_spy": -0.004954243585614693
    },
    "bear_2022": {
     "mult": 1.0571839790950615,
     "vs_qqq": -0.11678145414506746,
     "vs_spy": -0.038988684650771654
    },
    "ai_bull_2023_2026": {
     "mult": 1.753499348477568,
     "vs_qqq": 0.08638569458623468,
     "vs_spy": 0.2328223555824669
    }
   },
   "by_horizon": {
    "3": {
     "n": 70,
     "win_qqq": 0.1,
     "win_spy": 0.2714285714285714,
     "med_vs_qqq": -0.10112364490002806,
     "worst_vs_qqq": -0.2313396173958162
    },
    "5": {
     "n": 62,
     "win_qqq": 0.06451612903225806,
     "win_spy": 0.27419354838709675,
     "med_vs_qqq": -0.17837766379540393,
     "worst_vs_qqq": -0.3591157376508193
    },
    "10": {
     "n": 42,
     "win_qqq": 0.0,
     "win_spy": 0.023809523809523808,
     "med_vs_qqq": -0.32949843141944574,
     "worst_vs_qqq": -0.5697406797520135
    },
    "end": {
     "n": 70,
     "win_qqq": 0.21428571428571427,
     "win_spy": 0.5142857142857142,
     "med_vs_qqq": -0.29727248822487906,
     "worst_vs_qqq": -0.5797849715026261
    }
   }
  },
  "ctrl": 0.028688524590163935,
  "n": 20,
  "top": [
   [
    "SMH",
    44.0
   ],
   [
    "XLF",
    25.4
   ],
   [
    "XLE",
    22.7
   ],
   [
    "XLK",
    8.0
   ]
  ]
 },
 "all unlevered ETFs (~220)": {
  "card": {
   "name": "x",
   "k": 2,
   "every": 10,
   "offset": 0,
   "cost_bps": 5.0,
   "n_windows": 244,
   "win_qqq": 0.012295081967213115,
   "win_spy": 0.08196721311475409,
   "med_vs_qqq": -0.2095045968673495,
   "med_vs_spy": -0.07707421682666404,
   "worst_vs_qqq": -0.5910936000351794,
   "worst_vs_spy": -0.23091235574835334,
   "p10_vs_qqq": -0.4102612708301593,
   "full_mult": 3.8825715783118397,
   "regimes": {
    "GFC_2007_2009": {
     "mult": 1.018314513693862,
     "vs_qqq": -0.1308680045530436,
     "vs_spy": -0.03536968785689576
    },
    "recovery_2009_2012": {
     "mult": 1.19231072529866,
     "vs_qqq": -0.10989240511933651,
     "vs_spy": -0.06556515076149805
    },
    "bull_2013_2017": {
     "mult": 1.4300450528987918,
     "vs_qqq": -0.10494522286707086,
     "vs_spy": 0.009544148457392376
    },
    "sideways_2015_2016": {
     "mult": 1.0384008344278512,
     "vs_qqq": -0.05213852682915732,
     "vs_spy": -0.05804925107751946
    },
    "vol_2018": {
     "mult": 1.035333755149256,
     "vs_qqq": -0.05203819910638963,
     "vs_spy": -0.03919124310349453
    },
    "covid_2020": {
     "mult": 1.2014853203448224,
     "vs_qqq": -0.13637139926829,
     "vs_spy": -0.09673706860642262
    },
    "bear_2022": {
     "mult": 1.0018468018688589,
     "vs_qqq": -0.16301259476761043,
     "vs_spy": -0.08929180551284477
    },
    "ai_bull_2023_2026": {
     "mult": 1.3965914479292987,
     "vs_qqq": -0.13473764816099332,
     "vs_spy": -0.01810675885486257
    }
   },
   "by_horizon": {
    "3": {
     "n": 70,
     "win_qqq": 0.04285714285714286,
     "win_spy": 0.21428571428571427,
     "med_vs_qqq": -0.11515634961313992,
     "worst_vs_qqq": -0.22521752861938527
    },
    "5": {
     "n": 62,
     "win_qqq": 0.0,
     "win_spy": 0.08064516129032258,
     "med_vs_qqq": -0.18686948371609952,
     "worst_vs_qqq": -0.29873030318719496
    },
    "10": {
     "n": 42,
     "win_qqq": 0.0,
     "win_spy": 0.0,
     "med_vs_qqq": -0.34279938554696343,
     "worst_vs_qqq": -0.41561555479071055
    },
    "end": {
     "n": 70,
     "win_qqq": 0.0,
     "win_spy": 0.0,
     "med_vs_qqq": -0.36593452899658346,
     "worst_vs_qqq": -0.5910936000351794
    }
   }
  },
  "ctrl": 0.01639344262295082,
  "n": 218,
  "top": [
   [
    "QQQ",
    44.1
   ],
   [
    "SPY",
    32.7
   ],
   [
    "GLD",
    13.0
   ],
   [
    "EEM",
    3.8
   ],
   [
    "XLF",
    2.5
   ],
   [
    "FXI",
    1.6
   ],
   [
    "XLE",
    1.2
   ],
   [
    "TLT",
    0.5
   ]
  ]
 },
 "ALL ETFs + leveraged + inverse": {
  "card": {
   "name": "x",
   "k": 2,
   "every": 10,
   "offset": 0,
   "cost_bps": 5.0,
   "n_windows": 244,
   "win_qqq": 0.00819672131147541,
   "win_spy": 0.028688524590163935,
   "med_vs_qqq": -0.21439782097013477,
   "med_vs_spy": -0.08521210786291206,
   "worst_vs_qqq": -0.5597643696313384,
   "worst_vs_spy": -0.25827440837372195,
   "p10_vs_qqq": -0.4260877027502432,
   "full_mult": 4.130279741578782,
   "regimes": {
    "GFC_2007_2009": {
     "mult": 0.8831598020253153,
     "vs_qqq": -0.24622262502333225,
     "vs_spy": -0.16339922092474735
    },
    "recovery_2009_2012": {
     "mult": 1.1461848364272569,
     "vs_qqq": -0.14432722410896948,
     "vs_spy": -0.10171481971859397
    },
    "bull_2013_2017": {
     "mult": 1.3829408743929945,
     "vs_qqq": -0.1344273849213875,
     "vs_spy": -0.023709172955122315
    },
    "sideways_2015_2016": {
     "mult": 0.9765363884754107,
     "vs_qqq": -0.1086089406936529,
     "vs_spy": -0.11416752377583028
    },
    "vol_2018": {
     "mult": 1.0342731949315562,
     "vs_qqq": -0.05300925850528071,
     "vs_spy": -0.04017546248136572
    },
    "covid_2020": {
     "mult": 1.341454746915724,
     "vs_qqq": -0.03576126448948547,
     "vs_spy": 0.00849034650142566
    },
    "bear_2022": {
     "mult": 0.9917598643158748,
     "vs_qqq": -0.17143967131610494,
     "vs_spy": -0.09846112827721021
    },
    "ai_bull_2023_2026": {
     "mult": 1.3973309196114414,
     "vs_qqq": -0.13427950629870578,
     "vs_spy": -0.01758686289832445
    }
   },
   "by_horizon": {
    "3": {
     "n": 70,
     "win_qqq": 0.02857142857142857,
     "win_spy": 0.07142857142857142,
     "med_vs_qqq": -0.13981400626683277,
     "worst_vs_qqq": -0.23529347485283092
    },
    "5": {
     "n": 62,
     "win_qqq": 0.0,
     "win_spy": 0.03225806451612903,
     "med_vs_qqq": -0.19410635933733028,
     "worst_vs_qqq": -0.3052102661088978
    },
    "10": {
     "n": 42,
     "win_qqq": 0.0,
     "win_spy": 0.0,
     "med_vs_qqq": -0.3617238197678198,
     "worst_vs_qqq": -0.4357013714348902
    },
    "end": {
     "n": 70,
     "win_qqq": 0.0,
     "win_spy": 0.0,
     "med_vs_qqq": -0.359195579338603,
     "worst_vs_qqq": -0.5597643696313384
    }
   }
  },
  "ctrl": 0.012295081967213115,
  "n": 254,
  "top": [
   [
    "QQQ",
    40.6
   ],
   [
    "SPY",
    32.6
   ],
   [
    "GLD",
    17.2
   ],
   [
    "EEM",
    3.8
   ],
   [
    "XLF",
    2.5
   ],
   [
    "XLE",
    1.4
   ],
   [
    "FXI",
    0.7
   ],
   [
    "TLT",
    0.5
   ]
  ]
 }
}