{
 "SUMMIT k2|5": {
  "name": "SUMMIT k2_5",
  "k": 2,
  "every": 10,
  "offset": 0,
  "cost_bps": 5,
  "n_windows": 244,
  "win_qqq": 0.9344262295081968,
  "win_spy": 0.9754098360655737,
  "med_vs_qqq": 0.28826588357586624,
  "med_vs_spy": 0.5804183291957001,
  "worst_vs_qqq": -0.10576685510053374,
  "worst_vs_spy": -0.11740280427232674,
  "p10_vs_qqq": 0.03010662227809116,
  "full_mult": 20.02568203313432,
  "regimes": {
   "GFC_2007_2009": {
    "mult": 1.2769050038969003,
    "vs_qqq": 0.08983912053595433,
    "vs_spy": 0.2095882518831107
   },
   "recovery_2009_2012": {
    "mult": 1.43058228707263,
    "vs_qqq": 0.06798683581927234,
    "vs_spy": 0.12117245561901235
   },
   "bull_2013_2017": {
    "mult": 2.0281330708135568,
    "vs_qqq": 0.2693937089696883,
    "vs_spy": 0.43176599211497346
   },
   "sideways_2015_2016": {
    "mult": 1.137478340159186,
    "vs_qqq": 0.038300297396499206,
    "vs_spy": 0.031825609988461734
   },
   "vol_2018": {
    "mult": 1.1075935512749366,
    "vs_qqq": 0.014123583146745,
    "vs_spy": 0.02786717602348654
   },
   "covid_2020": {
    "mult": 1.5828172092811337,
    "vs_qqq": 0.13773026479692718,
    "vs_spy": 0.18994388704238108
   },
   "bear_2022": {
    "mult": 1.4075050904918227,
    "vs_qqq": 0.1758923932726575,
    "vs_spy": 0.279463504102774
   },
   "ai_bull_2023_2026": {
    "mult": 2.394988980430881,
    "vs_qqq": 0.4838224886087352,
    "vs_spy": 0.6838306549770703
   }
  }
 },
 "SUMMIT k3|5": {
  "name": "SUMMIT k3_5",
  "k": 3,
  "every": 10,
  "offset": 0,
  "cost_bps": 5,
  "n_windows": 244,
  "win_qqq": 0.9139344262295082,
  "win_spy": 0.9631147540983607,
  "med_vs_qqq": 0.21707173590918516,
  "med_vs_spy": 0.5006801847808038,
  "worst_vs_qqq": -0.10805201173710266,
  "worst_vs_spy": -0.10590774942260628,
  "p10_vs_qqq": 0.004814674486982208,
  "full_mult": 18.05715139131555,
  "regimes": {
   "GFC_2007_2009": {
    "mult": 1.2266831741875228,
    "vs_qqq": 0.046974761358774986,
    "vs_spy": 0.16201405096828525
   },
   "recovery_2009_2012": {
    "mult": 1.4280168803937696,
    "vs_qqq": 0.06607165723338881,
    "vs_spy": 0.1191619013630354
   },
   "bull_2013_2017": {
    "mult": 1.8988888172685308,
    "vs_qqq": 0.1885006725454419,
    "vs_spy": 0.3405256639703198
   },
   "sideways_2015_2016": {
    "mult": 1.1282167665004965,
    "vs_qqq": 0.02984625098113547,
    "vs_spy": 0.02342428175878042
   },
   "vol_2018": {
    "mult": 1.0739101935610331,
    "vs_qqq": -0.016717231498588836,
    "vs_spy": -0.003391599122437583
   },
   "covid_2020": {
    "mult": 1.599734004086581,
    "vs_qqq": 0.14989007031373625,
    "vs_spy": 0.20266174002569226
   },
   "bear_2022": {
    "mult": 1.3196352711246633,
    "vs_qqq": 0.10248203554813906,
    "vs_spy": 0.19958725516281572
   },
   "ai_bull_2023_2026": {
    "mult": 2.2839631247328898,
    "vs_qqq": 0.41503609215856496,
    "vs_spy": 0.6057723670906248
   }
  }
 },
 "ROTATOR k3|5": {
  "name": "ROTATOR k3_5",
  "k": 3,
  "every": 10,
  "offset": 0,
  "cost_bps": 5,
  "n_windows": 244,
  "win_qqq": 0.680327868852459,
  "win_spy": 0.7745901639344263,
  "med_vs_qqq": 0.2296192550694065,
  "med_vs_spy": 0.40225966033183147,
  "worst_vs_qqq": -0.55598254964376,
  "worst_vs_spy": -0.38405801419130925,
  "p10_vs_qqq": -0.22574269141432318,
  "full_mult": 32.800010236117096,
  "regimes": {
   "GFC_2007_2009": {
    "mult": 1.323309671333559,
    "vs_qqq": 0.129445529621665,
    "vs_spy": 0.2535465262986891
   },
   "recovery_2009_2012": {
    "mult": 1.0888508911336532,
    "vs_qqq": -0.1871293050325692,
    "vs_spy": -0.14664843927758697
   },
   "bull_2013_2017": {
    "mult": 2.272046649839076,
    "vs_qqq": 0.4220574405576132,
    "vs_spy": 0.6039574387658084
   },
   "sideways_2015_2016": {
    "mult": 1.2541983746686258,
    "vs_qqq": 0.14484337805535463,
    "vs_spy": 0.1377043037214103
   },
   "vol_2018": {
    "mult": 0.95508730332739,
    "vs_qqq": -0.12551264211188395,
    "vs_spy": -0.11366142553196878
   },
   "covid_2020": {
    "mult": 1.3446769593415897,
    "vs_qqq": -0.033445135643390245,
    "vs_spy": 0.010912768974739695
   },
   "bear_2022": {
    "mult": 1.1952052836107458,
    "vs_qqq": -0.0014723137476776449,
    "vs_spy": 0.08647673860731886
   },
   "ai_bull_2023_2026": {
    "mult": 4.994840406108985,
    "vs_qqq": 2.0945681095629545,
    "vs_spy": 2.51169273063265
   }
  }
 },
 "ROTATOR k2|5": {
  "name": "ROTATOR k2_5",
  "k": 2,
  "every": 10,
  "offset": 0,
  "cost_bps": 5,
  "n_windows": 244,
  "win_qqq": 0.7131147540983607,
  "win_spy": 0.8073770491803278,
  "med_vs_qqq": 0.29221400673520204,
  "med_vs_spy": 0.4736462861448266,
  "worst_vs_qqq": -0.6570333088133959,
  "worst_vs_spy": -0.46502759744771394,
  "p10_vs_qqq": -0.2125504335805357,
  "full_mult": 42.47118654416615,
  "regimes": {
   "GFC_2007_2009": {
    "mult": 1.299624204974811,
    "vs_qqq": 0.1092299711054685,
    "vs_spy": 0.23110972656771445
   },
   "recovery_2009_2012": {
    "mult": 1.069314226318794,
    "vs_qqq": -0.2017142058989001,
    "vs_spy": -0.16195966650513982
   },
   "bull_2013_2017": {
    "mult": 2.6760636362400936,
    "vs_qqq": 0.674928728065695,
    "vs_spy": 0.8891743161444285
   },
   "sideways_2015_2016": {
    "mult": 1.2845614029198578,
    "vs_qqq": 0.1725590190043511,
    "vs_spy": 0.1652471140241012
   },
   "vol_2018": {
    "mult": 0.9671209680846419,
    "vs_qqq": -0.11449449993512295,
    "vs_spy": -0.10249396342728967
   },
   "covid_2020": {
    "mult": 1.539835068716999,
    "vs_qqq": 0.10683466808567998,
    "vs_spy": 0.15763040503297243
   },
   "bear_2022": {
    "mult": 1.303386116066514,
    "vs_qqq": 0.08890676824782062,
    "vs_spy": 0.1848162955337147
   },
   "ai_bull_2023_2026": {
    "mult": 5.280667803351678,
    "vs_qqq": 2.2716533167829507,
    "vs_spy": 2.7126476984600876
   }
  }
 },
 "SUMMIT k2|10": {
  "name": "SUMMIT k2_10",
  "k": 2,
  "every": 10,
  "offset": 0,
  "cost_bps": 10,
  "n_windows": 244,
  "win_qqq": 0.9344262295081968,
  "win_spy": 0.9754098360655737,
  "med_vs_qqq": 0.2882651270612645,
  "med_vs_spy": 0.5804183291956986,
  "worst_vs_qqq": -0.10576685510053363,
  "worst_vs_spy": -0.11740280427232641,
  "p10_vs_qqq": 0.03010662227809107,
  "full_mult": 20.01559074072818,
  "regimes": {
   "GFC_2007_2009": {
    "mult": 1.2762662320090086,
    "vs_qqq": 0.08983912053595522,
    "vs_spy": 0.20958825188311092
   },
   "recovery_2009_2012": {
    "mult": 1.42986663810461,
    "vs_qqq": 0.06798683581927234,
    "vs_spy": 0.12117245561901235
   },
   "bull_2013_2017": {
    "mult": 2.027118496991239,
    "vs_qqq": 0.2693937089696885,
    "vs_spy": 0.431765992114975
   },
   "sideways_2015_2016": {
    "mult": 1.136909316477265,
    "vs_qqq": 0.03830029739649832,
    "vs_spy": 0.031825609988461956
   },
   "vol_2018": {
    "mult": 1.1070394774623928,
    "vs_qqq": 0.014123583146744778,
    "vs_spy": 0.027867176023486318
   },
   "covid_2020": {
    "mult": 1.5820254047742401,
    "vs_qqq": 0.13773026479692696,
    "vs_spy": 0.18994388704238152
   },
   "bear_2022": {
    "mult": 1.4068009858942783,
    "vs_qqq": 0.1758923932726575,
    "vs_spy": 0.2794635041027742
   },
   "ai_bull_2023_2026": {
    "mult": 2.3937908868938975,
    "vs_qqq": 0.48382248860873567,
    "vs_spy": 0.6838306549770701
   }
  }
 },
 "SUMMIT k3|10": {
  "name": "SUMMIT k3_10",
  "k": 3,
  "every": 10,
  "offset": 0,
  "cost_bps": 10,
  "n_windows": 244,
  "win_qqq": 0.9139344262295082,
  "win_spy": 0.9631147540983607,
  "med_vs_qqq": 0.21706938791935215,
  "med_vs_spy": 0.500680184780803,
  "worst_vs_qqq": -0.10805201173710144,
  "worst_vs_spy": -0.10590774942260595,
  "p10_vs_qqq": 0.004814674486982141,
  "full_mult": 18.04803464185608,
  "regimes": {
   "GFC_2007_2009": {
    "mult": 1.226069525776223,
    "vs_qqq": 0.046974761358774986,
    "vs_spy": 0.16201405096828436
   },
   "recovery_2009_2012": {
    "mult": 1.4273025147707616,
    "vs_qqq": 0.06607165723338904,
    "vs_spy": 0.1191619013630354
   },