{
 "SUMMIT|daily": {
  "win": [
   0.9426229508196722
  ],
  "mult": [
   19.869204405894095
  ]
 },
 "SUMMIT|weekly": {
  "win": [
   0.9385245901639344,
   0.9426229508196722,
   0.9467213114754098,
   0.9426229508196722,
   0.9344262295081968
  ],
  "mult": [
   19.610361701053158,
   19.326150722350217,
   20.07626963454455,
   20.42319561681382,
   19.883046573365014
  ]
 },
 "SUMMIT|biweekly": {
  "win": [
   0.9344262295081968,
   0.9344262295081968,
   0.9262295081967213,
   0.930327868852459,
   0.9344262295081968,
   0.930327868852459,
   0.9467213114754098,
   0.9385245901639344,
   0.9467213114754098,
   0.9385245901639344
  ],
  "mult": [
   20.02568203313432,
   19.6690325496517,
   20.701375687804415,
   21.291400046148585,
   20.877576241686526,
   19.206105752342257,
   18.981126251899614,
   19.45162643934324,
   19.54960084990962,
   18.89355029597851
  ]
 },
 "SUMMIT|monthly": {
  "win": [
   0.930327868852459,
   0.9426229508196722,
   0.9262295081967213,
   0.930327868852459,
   0.9385245901639344,
   0.9262295081967213,
   0.9262295081967213,
   0.9262295081967213,
   0.9221311475409836,
   0.9344262295081968,
   0.9385245901639344,
   0.9426229508196722,
   0.9467213114754098,
   0.930327868852459,
   0.9262295081967213,
   0.9221311475409836,
   0.9262295081967213,
   0.9180327868852459,
   0.9426229508196722,
   0.9385245901639344,
   0.930327868852459
  ],
  "mult": [
   18.22572693454702,
   19.286198109541257,
   18.88681694382593,
   18.68618807446635,
   19.665837309125337,
   19.398421574336265,
   18.414471137501806,
   19.083076245810176,
   19.43329232983249,
   19.471479391074773,
   20.595560504462764,
   19.98850485862309,
   20.905479105027464,
   19.403008602774882,
   20.446485273421775,
   21.898301223007305,
   21.184242810992735,
   20.515265953166676,
   21.12684698909207,
   21.003732178681144,
   19.585488734354517
  ]
 },
 "ROTATOR|daily": {
  "win": [
   0.5819672131147541
  ],
  "mult": [
   19.440539987663307
  ]
 },
 "ROTATOR|weekly": {
  "win": [
   0.6434426229508197,
   0.6762295081967213,
   0.6844262295081968,
   0.6885245901639344,
   0.6598360655737705
  ],
  "mult": [
   20.85949063160786,
   29.485543826019835,
   34.81494795276273,
   20.74176613928113,
   32.69258134474515
  ]
 },
 "ROTATOR|biweekly": {
  "win": [
   0.6516393442622951,
   0.680327868852459,
   0.6721311475409836,
   0.6762295081967213,
   0.6680327868852459,
   0.6721311475409836,
   0.6721311475409836,
   0.680327868852459,
   0.7131147540983607,
   0.6762295081967213
  ],
  "mult": [
   30.045235877546894,
   38.65157370608287,
   31.501407792204894,
   12.820369475802039,
   14.897602796158044,
   13.807064670653045,
   22.84241287524175,
   24.502246844389337,
   39.1165190093096,
   44.17799946040262
  ]
 },
 "ROTATOR|monthly": {
  "win": [
   0.5983606557377049,
   0.5983606557377049,
   0.6024590163934426,
   0.6270491803278688,
   0.610655737704918,
   0.6434426229508197,
   0.6721311475409836,
   0.7090163934426229,
   0.6639344262295082,
   0.6557377049180327,
   0.680327868852459,
   0.6311475409836066,
   0.6434426229508197,
   0.6434426229508197,
   0.6188524590163934,
   0.639344262295082,
   0.639344262295082,
   0.6434426229508197,
   0.6147540983606558,
   0.6188524590163934,
   0.6229508196721312
  ],
  "mult": [
   19.597819472833603,
   38.64002733916745,
   33.14629637171671,
   25.77001520912373,
   22.613063681657156,
   47.75822190876013,
   24.87517412822625,
   19.212226851164427,
   12.143839553352096,
   13.01019839105957,
   12.899349799701115,
   19.393344338691417,
   15.032021655812553,
   21.731194856999334,
   11.742562236636312,
   22.324347150183073,
   14.7524672136616,
   26.331676784326916,
   38.22009322438252,
   34.34234918429596,
   17.71681093087256
  ]
 }
}