{
 "never-sell (SUMMIT)": {
  "name": "never-sell (SUMMIT)",
  "k": 2,
  "every": 10,
  "offset": 0,
  "cost_bps": 5.0,
  "n_windows": 244,
  "win_qqq": 0.9344262295081968,
  "win_spy": 0.9754098360655737,
  "med_vs_qqq": 0.28826588357586624,
  "med_vs_spy": 0.5804183291957001,
  "worst_vs_qqq": -0.10576685510053374,
  "worst_vs_spy": -0.11740280427232674,
  "p10_vs_qqq": 0.03010662227809116,
  "full_mult": 20.02568203313432,
  "regimes": {
   "GFC_2007_2009": {
    "mult": 1.2769050038969003,
    "vs_qqq": 0.08983912053595433,
    "vs_spy": 0.2095882518831107
   },
   "recovery_2009_2012": {
    "mult": 1.43058228707263,
    "vs_qqq": 0.06798683581927234,
    "vs_spy": 0.12117245561901235
   },
   "bull_2013_2017": {
    "mult": 2.0281330708135568,
    "vs_qqq": 0.2693937089696883,
    "vs_spy": 0.43176599211497346
   },
   "sideways_2015_2016": {
    "mult": 1.137478340159186,
    "vs_qqq": 0.038300297396499206,
    "vs_spy": 0.031825609988461734
   },
   "vol_2018": {
    "mult": 1.1075935512749366,
    "vs_qqq": 0.014123583146745,
    "vs_spy": 0.02786717602348654
   },
   "covid_2020": {
    "mult": 1.5828172092811337,
    "vs_qqq": 0.13773026479692718,
    "vs_spy": 0.18994388704238108
   },
   "bear_2022": {
    "mult": 1.4075050904918227,
    "vs_qqq": 0.1758923932726575,
    "vs_spy": 0.279463504102774
   },
   "ai_bull_2023_2026": {
    "mult": 2.394988980430881,
    "vs_qqq": 0.4838224886087352,
    "vs_spy": 0.6838306549770703
   }
  },
  "by_horizon": {
   "3": {
    "n": 70,
    "win_qqq": 0.8428571428571429,
    "win_spy": 0.9142857142857143,
    "med_vs_qqq": 0.10009360166249504,
    "worst_vs_qqq": -0.10576685510053374
   },
   "5": {
    "n": 62,
    "win_qqq": 0.9193548387096774,
    "win_spy": 1.0,
    "med_vs_qqq": 0.19059407448300336,
    "worst_vs_qqq": -0.07366855127475891
   },
   "10": {
    "n": 42,
    "win_qqq": 1.0,
    "win_spy": 1.0,
    "med_vs_qqq": 0.3160302116282543,
    "worst_vs_qqq": 0.08368538211839005
   },
   "end": {
    "n": 70,
    "win_qqq": 1.0,
    "win_spy": 1.0,
    "med_vs_qqq": 1.1874341169676077,
    "worst_vs_qqq": 0.45705641145456855
   }
  }
 },
 "annual rebalance": {
  "name": "annual rebalance",
  "k": 2,
  "every": 10,
  "offset": 0,
  "cost_bps": 5.0,
  "n_windows": 244,
  "win_qqq": 0.9221311475409836,
  "win_spy": 0.9672131147540983,
  "med_vs_qqq": 0.2830828234317626,
  "med_vs_spy": 0.5804183291957001,
  "worst_vs_qqq": -0.404823220846003,
  "worst_vs_spy": -0.2194130603332236,
  "p10_vs_qqq": 0.023216594703085746,
  "full_mult": 34.32719978644533,
  "regimes": {
   "GFC_2007_2009": {
    "mult": 1.2769050038969003,
    "vs_qqq": 0.08983912053595433,
    "vs_spy": 0.2095882518831107
   },
   "recovery_2009_2012": {
    "mult": 1.43058228707263,
    "vs_qqq": 0.06798683581927234,
    "vs_spy": 0.12117245561901235
   },
   "bull_2013_2017": {
    "mult": 2.0281330708135568,
    "vs_qqq": 0.2693937089696883,
    "vs_spy": 0.43176599211497346
   },
   "sideways_2015_2016": {
    "mult": 1.137478340159186,
    "vs_qqq": 0.038300297396499206,
    "vs_spy": 0.031825609988461734
   },
   "vol_2018": {
    "mult": 1.1958187855985256,
    "vs_qqq": 0.09490347813007172,
    "vs_spy": 0.10974181528426308
   },
   "covid_2020": {
    "mult": 1.5828172092811337,
    "vs_qqq": 0.13773026479692718,
    "vs_spy": 0.18994388704238108
   },
   "bear_2022": {
    "mult": 1.4075050904918227,
    "vs_qqq": 0.1758923932726575,
    "vs_spy": 0.279463504102774
   },
   "ai_bull_2023_2026": {
    "mult": 2.394988980430881,
    "vs_qqq": 0.4838224886087352,
    "vs_spy": 0.6838306549770703
   }
  },
  "by_horizon": {
   "3": {
    "n": 70,
    "win_qqq": 0.8428571428571429,
    "win_spy": 0.9142857142857143,
    "med_vs_qqq": 0.10009360166249504,
    "worst_vs_qqq": -0.20912198984478914
   },
   "5": {
    "n": 62,
    "win_qqq": 0.8870967741935484,
    "win_spy": 0.9838709677419355,
    "med_vs_qqq": 0.1900353266798851,
    "worst_vs_qqq": -0.07366855127475891
   },
   "10": {
    "n": 42,
    "win_qqq": 0.9761904761904762,
    "win_spy": 0.9761904761904762,
    "med_vs_qqq": 0.3160302116282543,
    "worst_vs_qqq": -0.404823220846003
   },
   "end": {
    "n": 70,
    "win_qqq": 1.0,
    "win_spy": 1.0,
    "med_vs_qqq": 1.2209489727874694,
    "worst_vs_qqq": 0.45705641145456855
   }
  }
 },
 "quarterly rebalance": {
  "name": "quarterly rebalance",
  "k": 2,
  "every": 10,
  "offset": 0,
  "cost_bps": 5.0,
  "n_windows": 244,
  "win_qqq": 0.9344262295081968,
  "win_spy": 0.9754098360655737,
  "med_vs_qqq": 0.32139100283147903,
  "med_vs_spy": 0.5924882217585826,
  "worst_vs_qqq": -0.1420398115777911,
  "worst_vs_spy": -0.1704581301555037,
  "p10_vs_qqq": 0.03010662227809116,
  "full_mult": 130.32081750349442,
  "regimes": {
   "GFC_2007_2009": {
    "mult": 1.2769050038969003,
    "vs_qqq": 0.08983912053595433,
    "vs_spy": 0.2095882518831107
   },
   "recovery_2009_2012": {
    "mult": 1.43058228707263,
    "vs_qqq": 0.06798683581927234,
    "vs_spy": 0.12117245561901235
   },
   "bull_2013_2017": {
    "mult": 2.0281330708135568,
    "vs_qqq": 0.2693937089696883,
    "vs_spy": 0.43176599211497346
   },
   "sideways_2015_2016": {
    "mult": 1.137478340159186,
    "vs_qqq": 0.038300297396499206,
    "vs_spy": 0.031825609988461734
   },
   "vol_2018": {
    "mult": 1.1804144079958925,
    "vs_qqq": 0.08079907801637876,
    "vs_spy": 0.09544626969663117
   },
   "covid_2020": {
    "mult": 1.5828172092811337,
    "vs_qqq": 0.13773026479692718,
    "vs_spy": 0.18994388704238108
   },
   "bear_2022": {
    "mult": 1.4075050904918227,
    "vs_qqq": 0.1758923932726575,
    "vs_spy": 0.279463504102774
   },
   "ai_bull_2023_2026": {
    "mult": 2.394988980430881,
    "vs_qqq": 0.4838224886087352,
    "vs_spy": 0.6838306549770703
   }
  },
  "by_horizon": {
   "3": {
    "n": 70,
    "win_qqq": 0.8571428571428571,
    "win_spy": 0.9285714285714286,
    "med_vs_qqq": 0.10009360166249504,
    "worst_vs_qqq": -0.0623002576605447
   },
   "5": {
    "n": 62,
    "win_qqq": 0.9032258064516129,
    "win_spy": 0.9838709677419355,
    "med_vs_qqq": 0.19275521091147796,
    "worst_vs_qqq": -0.1420398115777911
   },
   "10": {
    "n": 42,
    "win_qqq": 1.0,
    "win_spy": 1.0,
    "med_vs_qqq": 0.32325742668301116,
    "worst_vs_qqq": 0.08368538211839005
   },
   "end": {
    "n": 70,
    "win_qqq": 1.0,
    "win_spy": 1.0,
    "med_vs_qqq": 1.2209489727874694,
    "worst_vs_qqq": 0.45705641145456855
   }
  }
 },
 "monthly rebalance": {
  "name": "monthly rebalance",
  "k": 2,
  "every": 10,
  "offset": 0,
  "cost_bps": 5.0,
  "n_windows": 244,
  "win_qqq": 0.930327868852459,
  "win_spy": 0.9754098360655737,
  "med_vs_qqq": 0.3024532744649526,
  "med_vs_spy": 0.5874856924122484,
  "worst_vs_qqq": -0.15724243718437547,
  "worst_vs_spy": -0.1851571973644658,
  "p10_vs_qqq": 0.026802367342998637,
  "full_mult": 58.31190610658668,
  "regimes": {
   "GFC_2007_2009": {
    "mult": 1.2769050038969003,
    "vs_qqq": 0.08983912053595433,
    "vs_spy": 0.2095882518831107
   },
   "recovery_2009_2012": {
    "mult": 1.43058228707263,
    "vs_qqq": 0.06798683581927234,
    "vs_spy": 0.12117245561901235
   },
   "bull_2013_2017": {
    "mult": 2.0281330708135568,
    "vs_qqq": 0.2693937089696883,
    "vs_spy": 0.43176599211497346
   },
   "sideways_2015_2016": {
    "mult": 1.137478340159186,
    "vs_qqq": 0.038300297396499206,
    "vs_spy": 0.031825609988461734
   },
   "vol_2018": {
    "mult": 1.086276175186424,
    "vs_qqq": -0.005394816718697015,
    "vs_spy": 0.008084259144719885
   },
   "covid_2020": {
    "mult": 1.5828172092811337,
    "vs_qqq": 0.13773026479692718,
    "vs_spy": 0.18994388704238108
   },
   "bear_2022": {
    "mult": 1.4075050904918227,
    "vs_qqq": 0.1758923932726575,
    "vs_spy": 0.279463504102774
   },
   "ai_bull_2023_2026": {
    "mult": 2.394988980430881,
    "vs_qqq": 0.4838224886087352,
    "vs_spy": 0.6838306549770703
   }
  },
  "by_horizon": {
   "3": {
    "n": 70,