{
 "baseline": {
  "win_qqq": 0.9344262295081968,
  "win_spy": 0.9754098360655737,
  "med": 0.28826588357586624,
  "p10": 0.03010662227809116,
  "worst": -0.10576685510053374,
  "full": 20.02568203313432,
  "top_sector": "Technology 77%"
 },
 "diversify 2 sectors": {
  "win_qqq": 0.9262295081967213,
  "win_spy": 0.9631147540983607,
  "med": 0.2580689014279919,
  "p10": 0.020994574370885546,
  "worst": -0.09561906685669586,
  "full": 19.23545191563274,
  "top_sector": "Technology 74%"
 },
 "sector cap 50%/yr": {
  "win_qqq": 0.9385245901639344,
  "win_spy": 0.9713114754098361,
  "med": 0.2757061447285454,
  "p10": 0.028480511075599946,
  "worst": -0.10944273084814193,
  "full": 20.36299077305095,
  "top_sector": "Technology 62%"
 },
 "sector cap 40%/yr": {
  "win_qqq": 0.9262295081967213,
  "win_spy": 0.9713114754098361,
  "med": 0.2577198469159617,
  "p10": 0.024502897148314374,
  "worst": -0.12359459300468689,
  "full": 18.05466797671243,
  "top_sector": "Technology 54%"
 },
 "sector cap 30%/yr": {
  "win_qqq": 0.9180327868852459,
  "win_spy": 0.9549180327868853,
  "med": 0.23526938515732732,
  "p10": 0.01692578064946937,
  "worst": -0.13681374423266202,
  "full": 16.02526865822352,
  "top_sector": "Technology 46%"
 },
 "diversify + cap40": {
  "win_qqq": 0.9262295081967213,
  "win_spy": 0.9631147540983607,
  "med": 0.2516015521682037,
  "p10": 0.012743684325382533,
  "worst": -0.08580251295573882,
  "full": 18.220896060089085,
  "top_sector": "Technology 53%"
 }
}