{
 "never sell": {
  "win_qqq": 0.9344262295081968,
  "win_spy": 0.9754098360655737,
  "med_vs_qqq": 0.28826588357586624,
  "p10": 0.03010662227809116,
  "worst": -0.10576685510053374,
  "full_mult": 20.02568203313432,
  "top_weight": null
 },
 "trim 33% / yr": {
  "win_qqq": 0.9385245901639344,
  "win_spy": 0.9672131147540983,
  "med_vs_qqq": 0.3038490382635275,
  "p10": 0.023061348686326966,
  "worst": -0.10772002496421329,
  "full_mult": 20.419037474810114,
  "top_weight": 0.3187283841030766
 },
 "trim 25% / yr": {
  "win_qqq": 0.9221311475409836,
  "win_spy": 0.9631147540983607,
  "med_vs_qqq": 0.2998157094730962,
  "p10": 0.02134802469080948,
  "worst": -0.11604624513666018,
  "full_mult": 20.4165566045373,
  "top_weight": 0.2500242008562802
 },
 "trim 20% / yr": {
  "win_qqq": 0.9180327868852459,
  "win_spy": 0.9672131147540983,
  "med_vs_qqq": 0.26047289558717734,
  "p10": 0.02371271256083396,
  "worst": -0.12125013274443963,
  "full_mult": 23.620228357186104,
  "top_weight": 0.18988470391805598
 },
 "trim 33% / qtr": {
  "win_qqq": 0.9385245901639344,
  "win_spy": 0.9713114754098361,
  "med_vs_qqq": 0.29408594295436885,
  "p10": 0.02151779596882515,
  "worst": -0.10719630805963531,
  "full_mult": 22.971371790302744,
  "top_weight": 0.2880589010417385
 },
 "trim 25% / qtr": {
  "win_qqq": 0.9221311475409836,
  "win_spy": 0.9631147540983607,
  "med_vs_qqq": 0.2774993594883888,
  "p10": 0.01665878169678614,
  "worst": -0.11904096193976088,
  "full_mult": 24.478984308584543,
  "top_weight": 0.24569125125617383
 },
 "trim 20% / qtr": {
  "win_qqq": 0.9221311475409836,
  "win_spy": 0.9672131147540983,
  "med_vs_qqq": 0.25428782313352183,
  "p10": 0.011043373488345722,
  "worst": -0.10933028073765327,
  "full_mult": 28.667799707767266,
  "top_weight": 0.2623875101025051
 }
}