{
 "SUMMIT|daily": {
  "name": "SUMMIT_daily_uni",
  "k": 2,
  "every": 1,
  "offset": 0,
  "cost_bps": 5.0,
  "n_windows": 244,
  "win_qqq": 0.9385245901639344,
  "win_spy": 0.9754098360655737,
  "med_vs_qqq": 0.3528147030485512,
  "med_vs_spy": 0.6068514109701986,
  "worst_vs_qqq": -0.11063191822534135,
  "worst_vs_spy": -0.12169449935775944,
  "p10_vs_qqq": 0.021407297846380246,
  "full_mult": 19.519201844293736,
  "regimes": {
   "GFC_2007_2009": {
    "mult": 1.2579471362412593,
    "vs_qqq": 0.07189742095364338,
    "vs_spy": 0.19066301400603924
   },
   "recovery_2009_2012": {
    "mult": 1.4186292535040295,
    "vs_qqq": 0.06525321496067149,
    "vs_spy": 0.11710257373292121
   },
   "bull_2013_2017": {
    "mult": 1.9763454827269145,
    "vs_qqq": 0.24171182470581765,
    "vs_spy": 0.3994717505460601
   },
   "sideways_2015_2016": {
    "mult": 1.1368454810009374,
    "vs_qqq": 0.039189007785946695,
    "vs_spy": 0.031185188335717262
   },
   "vol_2018": {
    "mult": 1.1128593831084461,
    "vs_qqq": 0.018306958359296077,
    "vs_spy": 0.03142896729982203
   },
   "covid_2020": {
    "mult": 1.9513346017157636,
    "vs_qqq": 0.4076943720378108,
    "vs_spy": 0.46875359220403157
   },
   "bear_2022": {
    "mult": 1.3617918840358043,
    "vs_qqq": 0.13381312204115425,
    "vs_spy": 0.23564027621588646
   },
   "ai_bull_2023_2026": {
    "mult": 2.3244160901447946,
    "vs_qqq": 0.4418681731851217,
    "vs_spy": 0.6351583648777779
   }
  }
 },
 "SUMMIT|weekly": {
  "name": "SUMMIT_weekly_uni",
  "k": 2,
  "every": 5,
  "offset": 0,
  "cost_bps": 5.0,
  "n_windows": 244,
  "win_qqq": 0.9344262295081968,
  "win_spy": 0.9754098360655737,
  "med_vs_qqq": 0.3478181190214471,
  "med_vs_spy": 0.596920546659885,
  "worst_vs_qqq": -0.11812648685063198,
  "worst_vs_spy": -0.129417287467401,
  "p10_vs_qqq": 0.02467259168830607,
  "full_mult": 19.212279962227058,
  "regimes": {
   "GFC_2007_2009": {
    "mult": 1.2669553673397418,
    "vs_qqq": 0.08024024607991787,
    "vs_spy": 0.20020827909321826
   },
   "recovery_2009_2012": {
    "mult": 1.4204101937316567,
    "vs_qqq": 0.06439106879075251,
    "vs_spy": 0.11635479680921179
   },
   "bull_2013_2017": {
    "mult": 1.959159899516997,
    "vs_qqq": 0.23001064204982846,
    "vs_spy": 0.386319521068184
   },
   "sideways_2015_2016": {
    "mult": 1.1339703662519616,
    "vs_qqq": 0.034968786368170024,
    "vs_spy": 0.02776413223654517
   },
   "vol_2018": {
    "mult": 1.125082966450697,
    "vs_qqq": 0.027052725736529615,
    "vs_spy": 0.04106515865467064
   },
   "covid_2020": {
    "mult": 1.993087855796621,
    "vs_qqq": 0.4358369404308986,
    "vs_spy": 0.49944911049852525
   },
   "bear_2022": {
    "mult": 1.364816071458384,
    "vs_qqq": 0.13598386980425015,
    "vs_spy": 0.23784390932818722
   },
   "ai_bull_2023_2026": {
    "mult": 2.4165937431513522,
    "vs_qqq": 0.4975573705494247,
    "vs_spy": 0.6987425774682963
   }
  }
 },
 "SUMMIT|biweekly": {
  "name": "SUMMIT_biweekly_uni",
  "k": 2,
  "every": 10,
  "offset": 0,
  "cost_bps": 5.0,
  "n_windows": 244,
  "win_qqq": 0.930327868852459,
  "win_spy": 0.9795081967213115,
  "med_vs_qqq": 0.35717819486419744,
  "med_vs_spy": 0.5847955788285953,
  "worst_vs_qqq": -0.10576685510053374,
  "worst_vs_spy": -0.11740280427232674,
  "p10_vs_qqq": 0.026215230196736238,
  "full_mult": 19.603060088989057,
  "regimes": {
   "GFC_2007_2009": {
    "mult": 1.2769050038969003,
    "vs_qqq": 0.08983912053595433,
    "vs_spy": 0.2095882518831107
   },
   "recovery_2009_2012": {
    "mult": 1.43058228707263,
    "vs_qqq": 0.06798683581927234,
    "vs_spy": 0.12117245561901235
   },
   "bull_2013_2017": {
    "mult": 2.0033151619362464,
    "vs_qqq": 0.2538603606642915,
    "vs_spy": 0.41424572264286863
   },
   "sideways_2015_2016": {
    "mult": 1.1332973563527347,
    "vs_qqq": 0.034483858369589226,
    "vs_spy": 0.02803296971204139
   },
   "vol_2018": {
    "mult": 1.1075935512749366,
    "vs_qqq": 0.014123583146745,
    "vs_spy": 0.02786717602348654
   },
   "covid_2020": {
    "mult": 1.9933801461927974,
    "vs_qqq": 0.4328432293195066,
    "vs_spy": 0.4986004104612056
   },
   "bear_2022": {
    "mult": 1.3447447658807195,
    "vs_qqq": 0.12345962495937801,
    "vs_spy": 0.22241252404735512
   },
   "ai_bull_2023_2026": {
    "mult": 2.3718503426981683,
    "vs_qqq": 0.46948687733699024,
    "vs_spy": 0.667562710595238
   }
  }
 },
 "SUMMIT|monthly": {
  "name": "SUMMIT_monthly_uni",
  "k": 2,
  "every": 21,
  "offset": 0,
  "cost_bps": 5.0,
  "n_windows": 244,
  "win_qqq": 0.930327868852459,
  "win_spy": 0.9795081967213115,
  "med_vs_qqq": 0.3535067225796189,
  "med_vs_spy": 0.615856750618355,
  "worst_vs_qqq": -0.11240660008905545,
  "worst_vs_spy": -0.12293586163162673,
  "p10_vs_qqq": 0.016387851434829216,
  "full_mult": 17.8552940896077,
  "regimes": {
   "GFC_2007_2009": {
    "mult": 1.2829448730465352,
    "vs_qqq": 0.10836524281047111,
    "vs_spy": 0.22755607259347155
   },
   "recovery_2009_2012": {
    "mult": 1.4312970640339922,
    "vs_qqq": 0.06731560657201441,
    "vs_spy": 0.12021154487828856
   },
   "bull_2013_2017": {
    "mult": 1.9617237354323145,
    "vs_qqq": 0.22511195468180145,
    "vs_spy": 0.38135321525453114
   },
   "sideways_2015_2016": {
    "mult": 1.1397161654143886,
    "vs_qqq": 0.03780698992421194,
    "vs_spy": 0.030819314919800833
   },
   "vol_2018": {
    "mult": 1.0973917382499507,
    "vs_qqq": 0.0026268275049401435,
    "vs_spy": 0.016008375168495403
   },
   "covid_2020": {
    "mult": 2.1188524152752697,
    "vs_qqq": 0.5272327413604732,
    "vs_spy": 0.5970903987897089
   },
   "bear_2022": {
    "mult": 1.2321021224425326,
    "vs_qqq": 0.036495734217174336,
    "vs_spy": 0.1273587030412755
   },
   "ai_bull_2023_2026": {
    "mult": 2.5218767486736935,
    "vs_qqq": 0.5525810738735251,
    "vs_spy": 0.765016316028625
   }
  }
 },
 "ROTATOR|daily": {
  "name": "ROTATOR_daily_uni",
  "k": 3,
  "every": 1,
  "offset": 0,
  "cost_bps": 10.0,
  "n_windows": 244,
  "win_qqq": 0.7704918032786885,
  "win_spy": 0.8360655737704918,
  "med_vs_qqq": 0.42912718233168967,
  "med_vs_spy": 0.5853946162040458,
  "worst_vs_qqq": -0.48607155570105864,
  "worst_vs_spy": -0.423834157167184,
  "p10_vs_qqq": -0.2606523774344038,
  "full_mult": 51.37093614279729,
  "regimes": {
   "GFC_2007_2009": {
    "mult": 0.9812621863993384,
    "vs_qqq": -0.1634481128411458,
    "vs_spy": -0.07075874132388438
   },
   "recovery_2009_2012": {
    "mult": 1.1758902099072648,
    "vs_qqq": -0.11657871588273472,
    "vs_spy": -0.07357972954288783
   },
   "bull_2013_2017": {
    "mult": 1.890640504329535,
    "vs_qqq": 0.1884587460499234,
    "vs_spy": 0.3394528069355831
   },
   "sideways_2015_2016": {
    "mult": 1.5536344998882279,
    "vs_qqq": 0.42088482832200236,
    "vs_spy": 0.4099412027674949
   },
   "vol_2018": {
    "mult": 0.8974074752507178,
    "vs_qqq": -0.1784294140617887,
    "vs_spy": -0.1678425834900037
   },
   "covid_2020": {
    "mult": 1.6020038846559717,
    "vs_qqq": 0.15626450322009777,
    "vs_spy": 0.20641783025465466
   },
   "bear_2022": {
    "mult": 1.2583465597712062,
    "vs_qqq": 0.04820887175248445,
    "vs_spy": 0.14234783967932962
   },
   "ai_bull_2023_2026": {
    "mult": 5.312295558913263,
    "vs_qqq": 2.2969413583208294,
    "vs_spy": 2.738914098270794
   }
  }
 },
 "ROTATOR|weekly": {
  "name": "ROTATOR_weekly_uni",
  "k": 3,
  "every": 5,
  "offset": 0,
  "cost_bps": 10.0,
  "n_windows": 244,
  "win_qqq": 0.7909836065573771,
  "win_spy": 0.8401639344262295,
  "med_vs_qqq": 0.414545039290222,
  "med_vs_spy": 0.6806835076267416,
  "worst_vs_qqq": -0.5085165066298376,
  "worst_vs_spy": -0.40802519906339096,
  "p10_vs_qqq": -0.2084542671437215,
  "full_mult": 51.67448183978135,
  "regimes": {
   "GFC_2007_2009": {
    "mult": 0.9342996710565519,
    "vs_qqq": -0.2029922507157912,
    "vs_spy": -0.11447911456393767
   },
   "recovery_2009_2012": {
    "mult": 1.2182503000730205,