{
 "sp500_pit": {
  "card": {
   "name": "x",
   "k": 2,
   "every": 10,
   "offset": 0,
   "cost_bps": 5.0,
   "n_windows": 244,
   "win_qqq": 0.9344262295081968,
   "win_spy": 0.9754098360655737,
   "med_vs_qqq": 0.28826588357586624,
   "med_vs_spy": 0.5804183291957001,
   "worst_vs_qqq": -0.10576685510053374,
   "worst_vs_spy": -0.11740280427232674,
   "p10_vs_qqq": 0.03010662227809116,
   "full_mult": 20.02568203313432,
   "regimes": {
    "GFC_2007_2009": {
     "mult": 1.2769050038969003,
     "vs_qqq": 0.08983912053595433,
     "vs_spy": 0.2095882518831107
    },
    "recovery_2009_2012": {
     "mult": 1.43058228707263,
     "vs_qqq": 0.06798683581927234,
     "vs_spy": 0.12117245561901235
    },
    "bull_2013_2017": {
     "mult": 2.0281330708135568,
     "vs_qqq": 0.2693937089696883,
     "vs_spy": 0.43176599211497346
    },
    "sideways_2015_2016": {
     "mult": 1.137478340159186,
     "vs_qqq": 0.038300297396499206,
     "vs_spy": 0.031825609988461734
    },
    "vol_2018": {
     "mult": 1.1075935512749366,
     "vs_qqq": 0.014123583146745,
     "vs_spy": 0.02786717602348654
    },
    "covid_2020": {
     "mult": 1.5828172092811337,
     "vs_qqq": 0.13773026479692718,
     "vs_spy": 0.18994388704238108
    },
    "bear_2022": {
     "mult": 1.4075050904918227,
     "vs_qqq": 0.1758923932726575,
     "vs_spy": 0.279463504102774
    },
    "ai_bull_2023_2026": {
     "mult": 2.394988980430881,
     "vs_qqq": 0.4838224886087352,
     "vs_spy": 0.6838306549770703
    }
   },
   "by_horizon": {
    "3": {
     "n": 70,
     "win_qqq": 0.8428571428571429,
     "win_spy": 0.9142857142857143,
     "med_vs_qqq": 0.10009360166249504,
     "worst_vs_qqq": -0.10576685510053374
    },
    "5": {
     "n": 62,
     "win_qqq": 0.9193548387096774,
     "win_spy": 1.0,
     "med_vs_qqq": 0.19059407448300336,
     "worst_vs_qqq": -0.07366855127475891
    },
    "10": {
     "n": 42,
     "win_qqq": 1.0,
     "win_spy": 1.0,
     "med_vs_qqq": 0.3160302116282543,
     "worst_vs_qqq": 0.08368538211839005
    },
    "end": {
     "n": 70,
     "win_qqq": 1.0,
     "win_spy": 1.0,
     "med_vs_qqq": 1.1874341169676077,
     "worst_vs_qqq": 0.45705641145456855
    }
   }
  },
  "ctrl": [
   0.0778688524590164,
   -0.15629119419279902
  ]
 },
 "broad": {
  "card": {
   "name": "x",
   "k": 2,
   "every": 10,
   "offset": 0,
   "cost_bps": 5.0,
   "n_windows": 244,
   "win_qqq": 0.9262295081967213,
   "win_spy": 0.9672131147540983,
   "med_vs_qqq": 0.26903366934414896,
   "med_vs_spy": 0.5359854449783436,
   "worst_vs_qqq": -0.09764067219051831,
   "worst_vs_spy": -0.1531410399916895,
   "p10_vs_qqq": 0.015509666172620376,
   "full_mult": 20.06604079618652,
   "regimes": {
    "GFC_2007_2009": {
     "mult": 1.2624741819269554,
     "vs_qqq": 0.07752240607689997,
     "vs_spy": 0.19591820386341374
    },
    "recovery_2009_2012": {
     "mult": 1.3465050178130011,
     "vs_qqq": 0.00521979503292358,
     "vs_spy": 0.05527962352582905
    },
    "bull_2013_2017": {
     "mult": 2.0207499524673773,
     "vs_qqq": 0.2647726690014087,
     "vs_spy": 0.42655385987575145
    },
    "sideways_2015_2016": {
     "mult": 1.1292036890424249,
     "vs_qqq": 0.030747122613247635,
     "vs_spy": 0.024319535688357874
    },
    "vol_2018": {
     "mult": 1.105958436135974,
     "vs_qqq": 0.012626455593344632,
     "vs_spy": 0.02634975911687487
    },
    "covid_2020": {
     "mult": 1.4684297839317215,
     "vs_qqq": 0.05550849277605563,
     "vs_spy": 0.10394872806197752
    },
    "bear_2022": {
     "mult": 1.3156233631104888,
     "vs_qqq": 0.09913030904409581,
     "vs_spy": 0.19594031283867808
    },
    "ai_bull_2023_2026": {
     "mult": 2.215835007686534,
     "vs_qqq": 0.37282711624846954,
     "vs_spy": 0.5578739371246206
    }
   },
   "by_horizon": {
    "3": {
     "n": 70,
     "win_qqq": 0.8142857142857143,
     "win_spy": 0.8857142857142857,
     "med_vs_qqq": 0.0719192227949671,
     "worst_vs_qqq": -0.09764067219051831
    },
    "5": {
     "n": 62,
     "win_qqq": 0.9193548387096774,
     "win_spy": 1.0,
     "med_vs_qqq": 0.16400886998081787,
     "worst_vs_qqq": -0.07759711081723675
    },
    "10": {
     "n": 42,
     "win_qqq": 1.0,
     "win_spy": 1.0,
     "med_vs_qqq": 0.28836844360782243,
     "worst_vs_qqq": 0.05369748153454279
    },
    "end": {
     "n": 70,
     "win_qqq": 1.0,
     "win_spy": 1.0,
     "med_vs_qqq": 1.1218996432206558,
     "worst_vs_qqq": 0.37282711624846954
    }
   }
  },
  "ctrl": [
   0.0860655737704918,
   -0.1522066423653473
  ],
  "n_extra": 285,
  "n_total": 1005
 }
}