Date,Open,High,Low,Close,Volume
2005-01-03,11.526521846833312,11.543145623284682,11.453792676230284,11.460026741027832,997500
2005-01-04,11.387297148776327,11.395609631207357,11.133784864536553,11.144174575805664,1670400
2005-01-05,11.013260032380048,11.013260032380048,10.874034606923138,10.890658378601074,1034400
2005-01-06,10.89689646600123,10.909364596620842,10.826245707534062,10.903130531311035,712800
2005-01-07,10.894815038863136,10.894815038863136,10.763902095854093,10.805460929870605,678000
2005-01-10,10.888581742721735,10.923906516318132,10.844944488321122,10.89273738861084,1213500
2005-01-11,10.84078689000538,10.844943724627768,10.7950724103924,10.805460929870605,1011600
2005-01-12,10.919750405716007,10.940529823303223,10.851178089873,10.940529823303223,757500
2005-01-13,10.992483792432706,10.992483792432706,10.871961697150521,10.878195762634277,662100
2005-01-14,10.834553929495655,10.857412955166897,10.79091667372793,10.84702205657959,345300
2005-01-18,11.046507178116654,11.075599077893767,10.963388313772068,11.07352066040039,911400
2005-01-19,11.137938736209101,11.137938736209101,11.034040451049805,11.034040451049805,608100
2005-01-20,11.029881194125702,11.040270901457733,10.963386115980072,10.994556427001953,544500
2005-01-21,10.957157764714102,10.973780352084702,10.894818305969238,10.894818305969238,914400
2005-01-24,10.888585832771678,10.890663061983492,10.813778233537992,10.832480430603027,486600
2005-01-25,11.009105179143193,11.034041435661171,10.969623565673826,10.969623565673828,453000
2005-01-26,11.158719025437225,11.158719025437225,11.081834217083378,11.123393058776855,632100
2005-01-27,11.160797443132356,11.160797443132356,11.100536409261128,11.123393058776855,455700
2005-01-28,11.17326389535507,11.17326389535507,11.05482025046887,11.075599670410156,456300
2005-01-31,11.25015065927462,11.356127372864087,11.194045270372776,11.258461952209473,510600
2005-02-01,11.20027826276722,11.20027826276722,11.117158207215923,11.156641006469727,705600
2005-02-02,11.200277285538686,11.200277285538686,11.133782198120215,11.16495132446289,513000
2005-02-03,11.123392697484682,11.129626761341449,11.096379213456101,11.125471115112305,418500
2005-02-04,11.221056897139304,11.302097340447215,11.221056897139304,11.29378604888916,808200
2005-02-07,11.457946245027168,11.507817565336413,11.439245243052493,11.482882499694824,690600
2005-02-08,11.551454991198629,11.582624117755403,11.543142510701244,11.563921928405762,585600
2005-02-09,11.601327352078624,11.601327352078624,11.466258746781225,11.474571228027344,399600
2005-02-10,11.532754448405159,11.574314478773768,11.495351253391702,11.572236061096191,752400
2005-02-11,11.568077733794112,11.719768896370157,11.55353119147459,11.657430648803711,615900
2005-02-14,11.667825779472597,11.69483927044469,11.663668943148885,11.682371139526367,712800
2005-02-15,11.626259336109605,11.653272812203681,11.60963556704973,11.622103691101074,437100
2005-02-16,11.590935451906091,11.599247932434082,11.555610679483536,11.599247932434082,349200
2005-02-17,11.599248893018913,11.599248893018913,11.491193771362305,11.491193771362305,685200
2005-02-18,11.605482378207217,11.64288556925145,11.588858605629113,11.640807151794434,359700
2005-02-22,11.698993015663593,11.72392927344598,11.626263849166579,11.630420684814453,798900
2005-02-23,11.674053338763647,11.674053338763647,11.611713907941374,11.659506797790527,387900
2005-02-24,11.682367430429942,11.750940939682543,11.674056138474128,11.74055004119873,329100
2005-02-25,11.933799986611698,12.018997251272578,11.865226491468126,11.98990535736084,924300
2005-02-28,12.093805736525585,12.093805736525585,11.987829038674017,12.010686874389648,901800
2005-03-01,12.048097254348741,12.048097254348741,11.937963666771832,11.95874309539795,903900
2005-03-02,11.825749393573764,11.83614029387658,11.701071669228588,11.73016357421875,721200
2005-03-03,11.81950988471354,11.823666718530447,11.78210670354122,11.809120178222656,495300
2005-03-04,11.657432280796796,11.80704623614815,11.657432280796796,11.726004600524902,700500
2005-03-07,11.740550207194477,11.800812425343294,11.717693559479812,11.773798942565918,636600
2005-03-08,11.865227506016565,11.869384340520666,11.834058381391133,11.84444808959961,666300
2005-03-09,11.87562008904804,11.88601098879781,11.792502403259277,11.792502403259277,998100
2005-03-10,11.792504353333053,11.792504353333053,11.688604850863351,11.728086471557617,783300
2005-03-11,11.8028896538486,11.804968071379955,11.746784270762495,11.773798942565918,494700
2005-03-14,11.8028896538486,11.809123717416616,11.757175169393221,11.773798942565918,431700
2005-03-15,11.740550666637894,11.740550666637894,11.563923218394287,11.57431411743164,603600
2005-03-16,11.665744278946384,11.665744278946384,11.57431411743164,11.57431411743164,1294500
2005-03-17,11.65535503605373,11.786268003299691,11.651199389687898,11.782111167907715,833400
2005-03-18,11.761331857005034,11.769643149814401,11.73016272543068,11.736396789550781,489000
2005-03-21,11.823671182237055,11.823671182237055,11.719771700052403,11.738473892211914,361200
2005-03-22,11.698990366812337,11.698990366812337,11.470413208007812,11.470413208007812,579900
2005-03-23,11.460026016428246,11.460026016428246,11.335347106413085,11.364439010620117,887400
2005-03-24,11.428856301502995,11.45587097836137,11.393531520042368,11.410155296325684,542400
2005-03-28,11.44963574611159,11.44963574611159,11.376906583659965,11.397686004638672,386100
2005-03-29,11.32495544370411,11.345734859935167,11.22105598449707,11.22105598449707,629100
2005-03-30,11.25222749729666,11.333269140241482,11.248071850973526,11.324957847595215,476100
2005-03-31,11.345735549926758,11.370670613115278,11.324956132431998,11.345735549926758,430500
2005-04-01,11.462104855321838,11.480807049219038,11.370673492748308,11.389375686645508,480000
2005-04-04,11.42885515211932,11.443401698045715,11.3685953068071,11.441323280334473,507900
2005-04-05,11.48703878912717,11.48703878912717,11.399764270954714,11.412232398986816,285300
2005-04-06,11.470414372360995,11.516130046567653,11.455869016488908,11.482882499694824,292500
2005-04-07,11.505742828358347,11.555614159467192,11.493274698324555,11.536911964416504,286800
2005-04-08,11.6366523949305,11.6366523949305,11.553532345156878,11.561844825744629,610500
2005-04-11,11.57431129703906,11.593012294891889,11.511971863136088,11.5535306930542,321600
2005-04-12,11.503660712328053,11.555610444751322,11.428853145199582,11.543142318725586,677700
2005-04-13,11.615874158867069,11.615874158867069,11.497429312241387,11.52236557006836,397200
2005-04-14,11.553530281570849,11.553530281570849,11.393526651838258,11.403916358947754,667800
2005-04-15,11.364436800968344,11.364436800968344,11.058974838752725,11.069364547729492,798900
2005-04-18,10.909360238683053,11.048584470916117,10.898970530325856,11.044428825378418,785400
2005-04-19,11.117157447962633,11.177419662475586,11.09637803000698,11.177419662475586,373200
2005-04-20,11.169105580913657,11.175338453522631,10.959229469299316,10.959229469299316,438000
2005-04-21,11.061053176884796,11.335344821178316,11.061053176884796,11.322877883911133,489900
2005-04-22,11.37690817844732,11.37690817844732,11.218982892234953,11.28339958190918,260100
2005-04-25,11.329110487333446,11.428853117243465,11.329110487333446,11.391449928283691,292800
2005-04-26,11.399766825235623,11.511977624614724,11.399766825235623,11.437170028686523,428400
2005-04-27,11.399762744923182,11.399762744923182,11.281317922526105,11.29378604888916,1234500
2005-04-28,11.345737662182437,11.345737662182437,11.235604113099374,11.258461952209473,587100
2005-04-29,11.34573593277568,11.495349884033203,11.306254324787806,11.495349884033203,847800
2005-05-02,11.4392451777196,11.511974334716797,11.410153277115509,11.511974334716797,519900
2005-05-03,11.449638048482287,11.449638048482287,11.376908871405787,11.387298583984375,251700
2005-05-04,11.428854551305783,11.559767512630504,11.397685421432609,11.5472993850708,473100
2005-05-05,11.613793244312177,11.615871661693014,11.501583675292212,11.563921928405762,342000
2005-05-06,11.611716546165372,11.615872192090835,11.578469000709628,11.5950927734375,164100
2005-05-09,11.632498018135575,11.642887729296188,11.605484531312735,11.6366548538208,441900
2005-05-10,11.61171629056683,11.61171629056683,11.478726111671255,11.495349884033203,239400
2005-05-11,11.480806218886876,11.545222900385749,11.480806218886876,11.534832000732422,331500
2005-05-12,11.534831707972396,11.534831707972396,11.293787573877257,11.304177284240723,952200
2005-05-13,11.316646575927734,11.347815710223115,11.293788735167285,11.316646575927734,483900
2005-05-16,11.316645236407673,11.378983497619629,11.30625552620568,11.378983497619629,318000
2005-05-17,11.200279340628605,11.214824697785527,11.131705823261322,11.206513404846191,297000
2005-05-18,11.198198660640298,11.279239101044935,11.162873889245116,11.260538101196289,375600
2005-05-19,11.281319399610856,11.339503204239248,11.270929689289957,11.324957847595215,279300
2005-05-20,11.314565744147055,11.335345162577498,11.291707908263165,11.329111099243164,299400
2005-05-23,11.320801058627497,11.320801058627497,11.245994668400085,11.304177284240723,354900
2005-05-24,11.289632504685912,11.30002221558052,11.245995243318074,11.262619018554688,273600
2005-05-25,11.158723082863096,11.175346863390294,11.117163037031819,11.171191215515137,157200
2005-05-26,11.164953989386618,11.214825316854084,11.140018920166005,11.196123123168945,375000
2005-05-27,11.270927348695599,11.320798661294992,11.270927348695599,11.308330535888672,365400
2005-05-31,11.324958966455076,11.366517811844519,11.324958966455076,11.354049682617188,432600
2005-06-01,11.32495664238828,11.374827960036946,11.293786325716612,11.329111099243164,554700
2005-06-02,11.335345696189412,11.339502531291986,11.231447410120174,11.252226829528809,429300
2005-06-03,11.262618772415793,11.273007294057171,11.196122483896385,11.214824676513672,216000
2005-06-06,11.266774417725905,11.366517066955566,11.266774417725905,11.366517066955566,664200
2005-06-07,11.412234845394096,11.4579493429346,11.387298583984375,11.387298583984375,367200
2005-06-08,11.528598258933126,11.538987968779258,11.4808053558357,11.497427940368652,613500
2005-06-09,11.516130046567653,11.51820846413198,11.45379059892458,11.482882499694824,221700
2005-06-10,11.501586147896694,11.532755281154191,11.491195247784644,11.52236557006836,628800
2005-06-13,11.532751717620691,11.541063008310743,11.482880406402824,11.514049530029297,437400
2005-06-14,11.470411921924375,11.528595711034994,11.46417785958925,11.516127586364746,411600
2005-06-15,11.503663167712174,11.509897232055664,11.47041561723103,11.509897232055664,279900
2005-06-16,11.501585960388185,11.532755093137537,11.478728120761515,11.501585960388184,408300
2005-06-17,11.511973909798142,11.613793774615095,11.511973909798142,11.5950927734375,217800
2005-06-20,11.63665065259221,11.63665065259221,11.561843094607164,11.590933799743652,285600
2005-06-21,11.669896639738049,11.669896639738049,11.590933439051547,11.593011856079102,120900
2005-06-22,11.78210932359633,11.788343386682302,11.723926716503845,11.75301742553711,273900
2005-06-23,11.769641515079929,11.813279957859512,11.663664817810059,11.663664817810059,570000
2005-06-24,11.76132780136167,11.800809401157155,11.732235908508303,11.7322359085083,319500
2005-06-27,11.823668247928815,11.834057955763612,11.773796936906276,11.819511413574219,324300
2005-06-28,11.906785996189146,11.964968592477199,11.906785996189146,11.950423240661621,317400
2005-06-29,11.948350087811788,11.950427316479196,11.888087864960259,11.890166282653809,246000
2005-06-30,11.927571568373518,11.948352181872588,11.867310523986816,11.867310523986816,421800
2005-07-01,11.867307217076622,11.917178535329963,11.854839090256782,11.90678882598877,205200
2005-07-05,11.88601320632061,12.004456881888068,11.875622304632254,12.002378463745117,486900
2005-07-06,11.973280241284955,11.989904008932696,11.927564582997256,11.948345184326172,383400
2005-07-07,11.771721876002216,11.825748847757307,11.723928968530586,11.807047843933105,599700
2005-07-08,11.761331784228444,11.817437171936035,11.753019302444361,11.817437171936035,478200
2005-07-11,11.850682706115672,11.93380156469355,11.850682706115672,11.919256210327148,231900
2005-07-12,11.906790350668723,11.917180061340332,11.863153090237494,11.917180061340332,254100
2005-07-13,11.97328681469203,12.008611597195964,11.944194908080437,11.99406623840332,533100
2005-07-14,12.041859465563958,12.052247987639118,11.989909721030836,12.008610725402832,559200
2005-07-15,12.031469669909193,12.031469669909193,11.960818914518429,11.998223304748535,191400
2005-07-18,12.031467208878144,12.031467208878144,11.958738050342536,11.975361824035645,157200
2005-07-19,12.010686453884484,12.104196210911294,11.977438910194136,12.093805313110352,347700
2005-07-20,12.149910397493043,12.195626066216706,12.127052563131212,12.174846649169922,337800
2005-07-21,12.27251097101206,12.623688591783944,12.260044034087294,12.617454528808594,2519100
2005-07-22,12.567581478964556,12.607063079673702,12.505242046843497,12.594594955444336,709800
2005-07-25,12.59044075012207,12.621611064259882,12.571739750665289,12.59044075012207,541800
2005-07-26,12.584208744593555,12.592521226064553,12.555116842984214,12.575896263122559,464400
2005-07-27,12.654858018671998,12.769147194228953,12.63407860094381,12.752523422241211,661500
2005-07-28,12.752522854321649,12.794081687927246,12.69433906044272,12.794081687927246,1093200
2005-07-29,12.804474047066337,12.862656658561269,12.79616156598075,12.833564758300781,707700
2005-08-01,12.883438352479534,12.98733545710969,12.883438352479534,12.98318099975586,1245600
2005-08-02,13.132793385065517,13.263705147925087,13.124480904283034,13.257471084594727,1602600
2005-08-03,13.153573866814487,13.163963576862988,13.028894968180262,13.103702545166016,1020000
2005-08-04,13.087079726944314,13.087079726944314,12.945777044108885,12.952011108398438,660900
2005-08-05,13.024738652821979,13.024738652821979,12.945775433678769,12.979022979736328,581400
2005-08-08,13.143181271075118,13.190975357959767,13.132792751393778,13.16811752319336,476400
2005-08-09,13.163962745586261,13.18474216437109,13.116169844575953,13.153573036193848,578100
2005-08-10,13.473583998688893,13.55878130331381,13.429946731864971,13.496441841125488,1404900
2005-08-11,13.496442329351432,13.519300172614896,13.438259701156928,13.492286682128906,957000
2005-08-12,13.569171015507472,13.571249433556742,13.454881803324493,13.496441841125488,826200
2005-08-15,13.693848658038274,13.693848658038274,13.623196719292762,13.673068046569824,820800
2005-08-16,13.648130204072272,13.648130204072272,13.340589820511106,13.367603302001953,939900
2005-08-17,13.367608173836757,13.467350844473941,13.344751518880523,13.373842239379883,704700
2005-08-18,13.06006895201469,13.068380246775208,12.972793222870676,13.018508911132812,1330800
2005-08-19,12.991493307791783,13.018506794911938,12.956167338235915,13.006038665771484,595500
2005-08-22,13.153573674078045,13.190976867509812,13.134871482849121,13.134871482849121,815400
2005-08-23,13.134871824079301,13.134871824079301,12.856423311131731,12.885515213012695,1722600
2005-08-24,12.779539335925815,12.779539335925815,12.677718267232544,12.683952331542969,903900
2005-08-25,12.733822034938694,12.82109773514107,12.727589160448417,12.819019317626953,370500
2005-08-26,12.976949624849313,12.985260919331594,12.852270695403973,12.86266040802002,421200
2005-08-29,12.835639016199886,12.89590002569402,12.802391480684111,12.887587547302246,456000
2005-08-30,12.883438524266134,12.883438524266134,12.775383393762912,12.80863094329834,792000
2005-08-31,12.789925707521903,12.839797019958498,12.764990645816546,12.839797019958496,442500
2005-09-01,12.970715993693762,13.024742976716416,12.935390018395488,13.018508911132812,422400
2005-09-02,13.01850173815185,13.020580155210022,12.958240722748423,12.970708847045898,409200
2005-09-06,12.94993365558946,12.99772775569534,12.924998585599399,12.995649337768555,482700
2005-09-07,13.028890957273088,13.028890957273088,12.966551527146994,12.97486400604248,636900
2005-09-08,12.885517142460861,12.89590685418277,12.866814947945649,12.877205848693848,453600
2005-09-09,12.924998760028336,12.972791671752931,12.891751206908715,12.97279167175293,729300
2005-09-12,13.066299047199283,13.076689946977707,12.970713232668167,12.98110294342041,480300
2005-09-13,12.862656573215121,12.889670055768462,12.812785254110638,12.819019317626953,425100
2005-09-14,12.839798736663978,12.875124700247753,12.802395544592125,12.819019317626953,430500
2005-09-15,12.862654644381728,12.914604373210151,12.841875228460703,12.883435249328613,472200
2005-09-16,12.931226756576459,12.931226756576459,12.831482954998494,12.858497619628906,446100
2005-09-19,12.85019198886423,12.90214173980491,12.835646629333496,12.835646629333496,547800
2005-09-20,13.04136501994765,13.091236348954043,12.972791496679006,12.995649337768555,897300
2005-09-21,13.028898624096675,13.055912115608,13.001885132585347,13.018508911132812,757200
2005-09-22,13.001880412903205,13.022659831288,12.908371841145625,12.945775032043457,665400
2005-09-23,12.904218324008273,12.906295552773821,12.835644805195072,12.850190162658691,441300
2005-09-26,12.987340124291224,13.006042323261235,12.925001839111,12.976951599121094,665400
2005-09-27,12.976946074352913,12.979023302891957,12.87096937002755,12.889670372009277,516000
2005-09-28,12.889672118289909,12.956167221069336,12.86473704926074,12.956167221069336,310500
2005-09-29,13.315656313110939,13.454879382679707,13.282408764462192,13.413320541381836,1307700
2005-09-30,13.371760538670491,13.40916373039512,13.328122094461394,13.348902702331543,578400
2005-10-03,13.40085131663662,13.4382545052301,13.382149127826917,13.423707962036133,649200
2005-10-04,13.398771039777596,13.398771039777596,13.215909578778296,13.226299285888672,739200
2005-10-05,13.124479758153091,13.124479758153091,12.852265357971191,12.852265357971191,1288200
2005-10-06,12.773304306355124,12.779538370194448,12.457452602327987,12.480310440063477,1601100
2005-10-07,12.675638802630493,12.800317700489925,12.675638802630493,12.777461051940918,417900
2005-10-10,12.891749885812738,12.891749885812738,12.764993751161944,12.779539108276367,600900
2005-10-11,12.810708396296205,12.883438749832768,12.810708396296205,12.864736557006836,395100
2005-10-12,12.773303874949253,12.873046514957533,12.442905636780537,12.455373764038086,756000
2005-10-13,12.459535779205918,12.517718415553874,12.343168128456897,12.436677932739258,957300
2005-10-14,12.436673403564996,12.436673403564996,12.260045951402848,12.384723663330078,480900
2005-10-17,12.457451671469018,12.530180825458457,12.405501936040558,12.523946762084961,616800
2005-10-18,12.523947920816669,12.523947920816669,12.384723663330078,12.384723663330078,310800
2005-10-19,12.349396049809599,12.37640953063965,12.066791926245891,12.376409530639648,806100
2005-10-20,12.27043510338624,12.28082600318827,11.964973088276839,11.96705150604248,1229700
2005-10-21,12.160304277416305,12.19563024973459,12.033548125312942,12.172772407531738,511800
2005-10-24,12.070947964432477,12.26004471444265,12.05224577446857,12.249653816223145,641100
2005-10-25,12.156148671075139,12.176928095319527,12.05224917180053,12.108354568481445,1707900
2005-10-26,12.021078528578055,12.147835854242851,12.021078528578055,12.046014785766602,608100
2005-10-27,11.979517681269279,11.985751744523531,11.767564286728646,11.771719932556152,573300
2005-10-28,11.74678487590363,11.873542193273192,11.692757907565655,11.871463775634766,725700
2005-10-31,11.958737584324263,12.0148429669804,11.948349063825244,11.971205711364746,677100
2005-11-01,12.183160299761983,12.183160299761983,12.131210558058545,12.135367393493652,783000
2005-11-02,12.249655960428079,12.349398612976076,12.24134466722885,12.349398612976074,849900
2005-11-03,12.438749865671165,12.451217992803388,12.384722900132932,12.405502319335938,708000
2005-11-04,12.430434575851743,12.430434575851743,12.270429770174768,12.311989784240723,555000
2005-11-07,12.228871528103008,12.239261234858374,12.164453681583735,12.197702407836914,408600
2005-11-08,12.247576883935178,12.247576883935178,12.201861211157597,12.224719047546387,551100
2005-11-09,12.384725395355309,12.434596724906017,12.343165359549909,12.407583236694336,483900
2005-11-10,12.636161514685416,12.636161514685416,12.309920021966853,12.42212963104248,436200
2005-11-11,12.455370932256686,12.509399075080522,12.420044976067153,12.499008178710938,369300
2005-11-14,12.401345653553454,12.401345653553454,12.316148377190329,12.3265380859375,391500
2005-11-15,12.447065115125062,12.447065115125062,12.303685188293457,12.303685188293457,528000
2005-11-16,12.328616948057206,12.403424518371875,12.328616948057206,12.395112037658691,524700
2005-11-17,12.575895561090407,12.575895561090407,12.536415140641934,12.571741104125977,584700
2005-11-18,12.659018610668372,12.663174257642225,12.548885048163932,12.621615409851074,551400
2005-11-21,12.659014979512731,12.706807878568737,12.609143663052825,12.694339752197266,437100
2005-11-22,12.64239120735943,12.69641816960117,12.59251989089952,12.694339752197266,611400
2005-11-23,12.694339165724122,12.8397974626019,12.694339165724122,12.800315856933594,507900
2005-11-25,12.800315856933594,12.808628337139199,12.742133251598034,12.800315856933594,246300
2005-11-28,12.829411461081188,12.864737431366839,12.727591575067349,12.750448226928711,614700
2005-11-29,12.690185929332095,12.735901606577126,12.675639383467143,12.67979621887207,348900
2005-11-30,12.686027207546287,12.702650978057543,12.650701249325168,12.667325019836426,432600
2005-12-01,12.769149856847894,12.945777322419712,12.769149856847894,12.93538761138916,864300
2005-12-02,12.935385829883696,12.95616524908299,12.916683639188705,12.933308601379395,485100
2005-12-05,12.883438127255092,12.933309450021419,12.862657517666195,12.927075386047363,332700
2005-12-06,12.800315415651292,12.924994291255716,12.789925707521903,12.839797019958496,717600
2005-12-07,12.976948414290614,12.983182479083975,12.883439820442785,12.9146089553833,371700
2005-12-08,12.943697806812832,12.954088705988315,12.852267644082684,12.893826484680176,417600
2005-12-09,12.904214665249638,12.929149726549698,12.83148433147433,12.883435249328613,304200
2005-12-12,12.960324906625914,12.962402135582591,12.889672963520157,12.949934005737305,490800
2005-12-13,12.94577762696095,13.006038665771486,12.924998204411022,13.006038665771484,405000
2005-12-14,13.028895235149822,13.049674655672607,12.920841297210432,12.987335205078125,402600
2005-12-15,12.937464493624336,12.985258589916073,12.904218132632861,12.98110294342041,310500
2005-12-16,13.018504462823996,13.030972589730954,12.912527762166912,12.92915153503418,372600
2005-12-19,13.091233679486638,13.101623388949427,12.972788851363996,13.0081148147583,518100
2005-12-20,13.091233590813342,13.153573036193848,13.08707794486158,13.153573036193848,625800
2005-12-21,13.186820853304233,13.267861301648852,13.180586789735255,13.245004653930664,772800
2005-12-22,13.195135478111037,13.267863457170526,13.17435486649637,13.1930570602417,279600
2005-12-23,13.244354248046877,13.254951747844954,13.185000001152154,13.244354248046875,479400
2005-12-27,13.248593287441446,13.28887033964672,13.108688570447137,13.136246681213379,590100
2005-12-28,13.115047351693594,13.176520614823842,13.100209396091447,13.151083946228027,446400
2005-12-29,13.206201714893066,13.257076280346176,13.174405566339365,13.2019624710083,430200
2005-12-30,13.068410029531336,13.089607452250865,12.95182299162916,13.062051773071289,449100
2006-01-03,13.237991894130435,13.369416873870803,13.22739197075153,13.352459907531738,1049700
2006-01-04,13.608951906150532,13.689503562730751,13.583515243145806,13.670426368713379,1138800
2006-01-05,13.683147640274772,13.710704537732642,13.657710970677124,13.68102741241455,1097400
2006-01-06,13.867568854998511,14.01171281505565,13.84637021491774,13.998993873596191,1790100
2006-01-09,14.117697722712071,14.15797233581543,14.062582732204799,14.15797233581543,1658400
2006-01-10,14.02231116119231,14.030790859591423,13.969317594741534,14.02019214630127,1072800
2006-01-11,14.096505681948742,14.19189532196113,14.047750141469132,14.181295394897461,2588100
2006-01-12,14.223689872727736,14.223689872727736,14.104982589759414,14.117701530456543,1229700
2006-01-13,14.35087923693168,14.382675381009658,14.276687021137922,14.380555152893066,836100
2006-01-17,14.350878249641692,14.382674391532206,14.164337002459808,14.198254585266113,2121600
2006-01-18,14.177052450135557,14.266082595841533,14.177052450135557,14.215208053588867,1364100
2006-01-19,14.626445566219855,14.772709730775297,14.577690036071493,14.683679580688477,1879800
2006-01-20,14.683679221237496,14.683679221237496,14.382671202230098,14.401749610900879,1634400
2006-01-23,14.467457404153846,14.475935885509873,14.382666525871583,14.473816871643066,991200
2006-01-24,14.626450959207158,14.637049674987793,14.548019492074237,14.637049674987793,1470900
2006-01-25,14.637039196290743,14.658236612676726,14.486535841828108,14.543769836425781,1521900
2006-01-26,14.62644625324666,14.798148304717632,14.520456703651185,14.668842315673828,1712700
2006-01-27,15.008009292146662,15.334454072168558,15.008009292146662,15.236944198608398,2931000
2006-01-30,15.315374168428814,15.347171522445782,15.179709905421532,15.262380599975586,1905900
2006-01-31,15.272976233859017,15.283574945412424,15.19666502549657,15.209383964538574,1705500
2006-02-01,15.188185851675504,15.266617290228282,15.137311306699798,15.18394660949707,1760400
2006-02-02,15.050402256397541,15.060999755985646,14.821466184260963,14.86174201965332,3696000
2006-02-03,14.584051296110209,14.706999037405494,14.552255156588739,14.594651222229004,1575300
2006-02-06,15.029204844215764,15.071600910750638,14.986809990625888,15.056761741638184,1840500
2006-02-07,15.156387814799091,15.156387814799091,14.85114055880461,14.895655632019043,1818600
2006-02-08,14.74091289290292,14.965608484967992,14.738792665451449,14.931692123413086,1239600
2006-02-09,14.880814783479009,14.902012202229509,14.732431639280978,14.785425186157227,1450800
2006-02-10,14.859623322811986,14.880820750061762,14.656125110146085,14.838424682617188,1068000
2006-02-13,14.859617214227844,14.902012051299462,14.73243149006847,14.804503440856934,1588500
2006-02-14,15.060998680887991,15.258138601353139,15.041921484868327,15.241180419921875,1316400
2006-02-15,15.262376929094149,15.262376929094149,15.147908908054783,15.18818473815918,937500
2006-02-16,15.046158730492206,15.209382266436446,15.01860184094107,15.20726203918457,1240500
2006-02-17,15.198783449300642,15.249657990546499,15.124591258365673,15.18818473815918,951300
2006-02-21,15.474357293502688,15.542191244396804,15.448920623244296,15.45740032196045,1944000
2006-02-22,15.675731427424756,15.809277845202738,15.595179773900847,15.78596019744873,1387500
2006-02-23,15.783844209435708,15.783844209435708,15.665136924497736,15.686335563659668,1402800
2006-02-24,15.610023074529911,15.686335506757123,15.565507994457771,15.65453815460205,926700
2006-02-27,15.682098351368413,15.684218579606593,15.569750513649197,15.610026359558105,1178700
2006-02-28,15.542185254704117,15.542185254704117,15.304770763377812,15.389561653137207,1565400
2006-03-01,15.421357608380463,15.525226902020918,15.39803996234099,15.501909255981445,966900
2006-03-02,15.546430004355749,15.552789474959058,15.431961959386191,15.540070533752441,1138800
2006-03-03,15.580344414883479,15.675734036059104,15.518871157367848,15.593063354492188,1716900
2006-03-06,15.646054963456638,15.675732081194415,15.385322798717317,15.453155517578125,1264200
2006-03-07,15.113997365932557,15.215746480864352,14.899900421548374,15.024967193603516,2265300
2006-03-08,14.753632814304332,14.844781980726951,14.626445843530476,14.82358455657959,2475000
2006-03-09,14.859621731037524,14.96137082647103,14.764232105686723,14.77483081817627,799500
2006-03-10,14.753635555621639,14.87022262303957,14.734557142577218,14.859623908996582,537000
2006-03-13,15.02072514215851,15.050402265034894,14.976208851371482,14.986808776855469,1667100
2006-03-14,14.997402736573637,15.224219740564516,14.976205316498746,15.219979286193848,1217100
2006-03-15,15.260259367151424,15.340809822082518,15.186065956209758,15.34080982208252,1088100
2006-03-16,15.251776536187704,15.366244544605044,15.203022227724016,15.25601577758789,1739700
2006-03-17,15.294177958182466,15.29629818626734,15.211507257049346,15.277219772338867,761100
2006-03-20,15.406523691332202,15.431960358161124,15.292055658239882,15.321731567382812,1289400
2006-03-21,15.537946615710272,15.614259031881119,15.364125574633212,15.39592170715332,1212000
2006-03-22,15.281459061920268,15.455280150311347,15.241183221998243,15.419244766235352,1211400
2006-03-23,15.495552125855681,15.590941738536868,15.444677584896066,15.527349472045898,599700
2006-03-24,15.52735143626787,15.637579015818542,15.52735143626787,15.5994234085083,944400
2006-03-27,15.773251181892485,15.802928317060527,15.677861516587372,15.724496841430664,958500
2006-03-28,15.671492704658279,15.694810353184135,15.421359252775117,15.542186737060547,1057800
2006-03-29,15.601542954171524,15.692693339641513,15.554907647569216,15.643939018249512,1200000
2006-03-30,15.783840027835241,15.898308039792894,15.739324959394965,15.802918434143066,726900
2006-03-31,15.813522129753935,15.813522129753935,15.665137712877481,15.745689392089844,801300
2006-04-03,16.08060947403998,16.152681435014962,16.02973493459681,16.06153106689453,1673400
2006-04-04,16.19931820324347,16.387978425658563,16.110286841427527,16.269269943237305,930300
2006-04-05,16.269271751810646,16.578759505629915,16.237475613091995,16.375261306762695,1037700
2006-04-06,16.561805901616307,16.561805901616307,16.40070372277525,16.502452850341797,1529400
2006-04-07,16.534246088376324,16.54696503032035,16.21627981744601,16.275632858276367,2027100
2006-04-10,16.407058453293352,16.464292476858503,16.3455851868943,16.462173461914062,1191900
2006-04-11,16.428254645757182,16.47489116520518,16.137846519867903,16.167522430419922,1394700
2006-04-12,16.131484985351562,16.13996346929721,16.08696991227499,16.131484985351562,1463700
2006-04-13,16.237474496150238,16.265032603344668,16.148444343506263,16.254432678222656,670200
2006-04-17,16.311666191093778,16.464289825036843,16.30106747924361,16.460050582885742,2431500
2006-04-18,16.873406748677034,17.045108795166016,16.820413188361805,17.045108795166016,3755700
2006-04-19,17.11081968460513,17.22528648376465,16.915800018579912,17.22528648376465,2059500
2006-04-20,17.291002897297506,17.320680018597663,17.066306079390408,17.229528427124023,2123700
2006-04-21,17.254963095439773,17.382148828431998,17.244364385435805,17.305837631225586,1918500
2006-04-24,16.958202577766567,16.958202577766567,16.86493195051307,16.88612937927246,1963200
2006-04-25,16.53424777977758,16.648715843093424,16.428258203328365,16.457935333251953,2425200
2006-04-26,16.602079762467604,16.667792277968083,16.57664309009311,16.595720291137695,1769700
2006-04-27,16.330750380831944,16.354068040334052,16.0043055736929,16.22688102722168,2797800
2006-04-28,16.534241493334545,16.701703068259654,16.42825195718335,16.661428451538086,1472400
2006-05-01,16.73774221000332,16.85856971743846,16.69322713172324,16.72502326965332,1700100
2006-05-02,16.947597224824566,17.123538495680776,16.91580109186472,17.110820770263672,2157900
2006-05-03,17.163816653782007,17.170176123825698,16.911562931476723,16.996355056762695,1554600
2006-05-04,17.17229589500132,17.238009613050973,17.127780815679426,17.2337703704834,1171500
2006-05-05,17.33975507007153,17.41182703036113,17.27616280608083,17.394868850708008,1275000
2006-05-08,17.68740330484282,17.78491316834827,17.54113790311213,17.748876571655273,2026200
2006-05-09,17.564455040346736,17.744635580165983,17.519938749370716,17.68952178955078,2203500
2006-05-10,17.5178221106128,17.53901953865604,17.367317460437658,17.466947555541992,1837800
2006-05-11,17.598373685693243,17.611092628496504,17.172298805345175,17.19561767578125,1693800
2006-05-12,17.212571704817208,17.360954887553305,16.928521853186787,17.064186096191406,3208800
2006-05-15,16.703817678385242,16.91579546645777,16.542714413896803,16.78860855102539,3465900
2006-05-16,16.71442137250814,16.943357403410577,16.6402303981398,16.91156005859375,1909800
2006-05-17,16.809815414924316,16.947601115269475,16.31166860653182,16.379501342773438,3487200
2006-05-18,16.339227322735468,16.553325481656266,16.231118735698672,16.23535919189453,2225400
2006-05-19,16.46641117055091,16.638113225248663,16.135726001417066,16.5660400390625,1948500
2006-05-22,15.431959054628475,15.58034343958862,15.1585079348829,15.467995643615723,6836400
2006-05-23,15.792321628157431,16.091210654588064,15.686334504230782,15.707531929016113,3114900
2006-05-24,15.699054090795597,15.834719566202295,15.024965956632302,15.495555877685547,3365400
2006-05-25,15.478598340956738,15.968266694833455,15.47435788496407,15.95130729675293,1753500
2006-05-26,15.860153038887267,15.9237465160362,15.682091545459192,15.864392280578613,1685400
2006-05-30,15.749928707415469,15.749928707415469,15.253902114201082,15.262380599975586,2388900
2006-05-31,15.421363822017577,15.580346954203325,15.389567680758443,15.531591415405273,1304100
2006-06-01,15.410765314243005,15.764768180462445,15.33657310403501,15.684216499328613,1961400
2006-06-02,15.76476322166585,15.923746305968518,15.68633179315954,15.866512298583984,1578900
2006-06-05,15.974623468254327,15.98734119524947,15.33021132898366,15.368368148803711,2949000
2006-06-06,15.851675873090214,15.877113753188516,15.378965780119087,15.707531929016113,3144600
2006-06-07,15.692688259779539,15.923744490261505,15.529465952452897,15.55914306640625,3084900
2006-06-08,15.05463865922429,15.207263499454173,14.528935054131116,15.071598052978516,5867400
2006-06-09,15.04828143722352,15.147910301473662,14.817225146484306,14.855381965637207,3013200
2006-06-12,14.85114049274133,14.927452912872871,14.274562345094363,14.520455360412598,1682700
2006-06-13,14.100738496974042,14.30847709829157,13.820929151483142,13.990510940551758,4009800
2006-06-14,14.100741880189073,14.393271446228027,14.058347029222368,14.393271446228027,3414300
2006-06-15,14.626444997844159,15.12883216911404,14.605247574922412,15.050400733947754,2632500
2006-06-16,15.126716249147599,15.147913678105553,14.984691291828083,15.063122749328613,2633700
2006-06-19,15.052520777275571,15.113994035717047,14.649763649511048,14.76423168182373,2306400
2006-06-20,14.77483081817627,14.974089766636443,14.713357557969971,14.77483081817627,1044300
2006-06-21,14.880819756248423,15.319613506095136,14.87658051367059,15.211504936218262,1889100
2006-06-22,15.150033049029746,15.177589947705014,14.944414603524605,15.166991233825684,2166600
2006-06-23,15.156387367192906,15.330209625876046,15.065238208935316,15.311132431030273,543000
2006-06-26,15.311140414624193,15.364133997877614,15.2623848624966,15.34505558013916,543600
2006-06-27,15.431964049208801,15.580348482193811,15.23482528558936,15.285699844360352,1387200
2006-06-28,15.455279195228457,15.65453815460205,15.442560254366427,15.65453815460205,1380600
2006-06-29,15.779604257333185,16.364662170410156,15.76688531699686,16.364662170410156,3449100
2006-06-30,16.385855484916267,16.407052904862354,16.20567498948529,16.27986717224121,2480100
2006-07-03,16.455803599459614,16.59782845474001,16.421887252316363,16.53423500061035,3471600
2006-07-05,16.12300326620553,16.195076435427477,15.951301251922118,16.097566604614258,1996800
2006-07-06,16.436731254171672,16.54696002946458,16.413413605303084,16.527881622314453,994200
2006-07-07,16.417657258845043,16.460052110179436,16.142085873391753,16.216278076171875,1435800
2006-07-10,16.532122646101946,16.61903256257347,16.364659856538392,16.46428871154785,1984200
2006-07-11,16.447331017322963,16.523643437861626,16.262911254850422,16.506685256958008,1267200
2006-07-12,16.49608897523213,16.49608897523213,16.26079342244711,16.301069259643555,1125600
2006-07-13,15.972504563080907,16.02549934192217,15.730850748936902,15.775365829467773,3720900
2006-07-14,15.760520310041889,15.824113776437754,15.586699300641374,15.792316436767578,1902000
2006-07-17,15.68633833298816,15.783846995978768,15.495557824519402,15.56762981414795,2208000
2006-07-18,15.762645718635923,15.84531761601052,15.548548817236373,15.707531929016113,1340100
2006-07-19,15.802923749671349,16.38798173084572,15.794444050811839,16.349824905395508,3265500
2006-07-20,16.404941874488685,16.436738019882167,16.06789715376986,16.114532470703125,1319400
2006-07-21,16.27562863270977,16.288347571351636,15.95130297501062,16.046693801879883,1204500
2006-07-24,16.27774937283049,16.57663837560473,16.27774937283049,16.557559967041016,1637100
2006-07-25,16.36465717949616,16.555436374577322,16.29470424192561,16.474885940551758,2176500
2006-07-26,16.328625577105537,16.45793156933842,16.279871256409503,16.364662170410156,1409400
2006-07-27,16.66990835851287,16.708063964053892,16.51516449583979,16.619033813476562,1408800
2006-07-28,16.69322661579827,16.900965258611418,16.669908963525575,16.82041358947754,1825200
2006-07-31,16.53424002356042,16.720779989517432,16.521521086281744,16.672025680541992,1176300
2006-08-01,16.303188064025033,16.527883671239625,16.29258935194263,16.343463897705078,3127800
2006-08-02,16.534243059492574,16.665669271966607,16.50880518026445,16.559680938720703,966300
2006-08-03,16.275627439727607,16.69322366626487,16.275627439727607,16.60843276977539,800100
2006-08-04,16.693228245786397,16.76954068003436,16.424017530432874,16.470651626586914,1142700
2006-08-07,16.555445930917696,16.61903943696783,16.470654993832593,16.58512306213379,982800
2006-08-08,16.553318990293395,16.72501979759418,16.553318990293395,16.60843276977539,1247700
2006-08-09,16.947600145586538,17.030272046241436,16.797096725516113,16.809814453125,1754700
2006-08-10,16.934877034983575,16.95819589555349,16.82888872000518,16.95607566833496,1220100
2006-08-11,16.909441532918542,16.96031607315106,16.84160881260852,16.953956604003906,741600
2006-08-14,17.064185881751122,17.159576715593595,16.975155730639308,17.011192321777344,954900
2006-08-15,17.168055818643495,17.320679449385253,17.10870157799375,17.307960510253906,1357200
2006-08-16,17.4266699677218,17.445747165870472,17.307962684455266,17.39275360107422,1418100
2006-08-17,17.394869747043817,17.394869747043817,17.00271258044841,17.089622497558594,1497900
2006-08-18,17.04298973083496,17.07054662666873,16.898845781405253,17.04298973083496,1275300
2006-08-21,16.77801752726949,16.843731241750234,16.746220177377236,16.82041358947754,925800
2006-08-22,16.85432837965623,16.97939633595701,16.85432837965623,16.937000274658203,945000
2006-08-23,16.83100929614891,16.879763606684097,16.608432738429855,16.701702117919922,1663500
2006-08-24,16.67627064268737,16.68263011350829,16.57664176336471,16.65719223022461,1121700
2006-08-25,16.55544523955818,16.693230961421964,16.55544523955818,16.61479949951172,1254000
2006-08-28,16.546959521438602,16.63598965951639,16.5257621005524,16.60843276977539,1096200
2006-08-29,17.011189981544053,17.011189981544053,16.63175056478513,16.76741600036621,1340700
2006-08-30,16.93487705678457,16.93487705678457,16.763176253146348,16.84796714782715,800700
2006-08-31,16.884005432297204,16.884005432297204,16.750460204993978,16.79497528076172,750600
2006-09-01,16.86068753661067,16.962436626305802,16.852209052275157,16.960317611694336,1094400
2006-09-05,17.10022581929693,17.10658529032726,16.989998222624752,17.0938663482666,1513200
2006-09-06,16.867044849766817,16.934877567557358,16.729260399845202,16.76741600036621,1271100
2006-09-07,16.640234624401508,16.78649880887283,16.576641131561157,16.703826904296875,1505700
2006-09-08,16.735615013715496,16.799208471431687,16.712297372121416,16.78860855102539,663600
2006-09-11,16.64023510907634,16.64023510907634,16.385861130305855,16.496089935302734,2274000
2006-09-12,16.67414662540444,16.81617154027502,16.627512538224135,16.797094345092773,1496700
2006-09-13,16.799217117539616,17.009074786950155,16.78861719167782,16.985755920410156,1430700
2006-09-14,16.862807587456896,16.862807587456896,16.733501605609135,16.79921531677246,1042200
2006-09-15,16.852210628558066,16.905204192973887,16.78013865318559,16.858570098876953,983100
2006-09-18,16.958199714274716,17.112942373623195,16.92852259125566,17.066307067871094,1211100
2006-09-19,17.117179803534317,17.117179803534317,16.746217650781443,16.85220718383789,1575300
2006-09-20,17.20197196169472,17.280403402626995,17.165936582667516,17.254966735839844,1860600
2006-09-21,17.40334505702911,17.40334505702911,17.148972413242852,17.170169830322266,1452600
2006-09-22,17.218929741939558,17.218929741939558,17.000592408847638,17.10658073425293,1635900
2006-09-25,17.20197559799999,17.344000555339928,17.034513968495876,17.32916259765625,1313100
2006-09-26,17.09386291356501,17.12777927694851,16.905202687390002,17.1171817779541,1505100
2006-09-27,17.2295268886404,17.25708499285147,17.148976442225223,17.223167419433594,1565100
2006-09-28,17.318559166292502,17.36943370970979,17.22528856355508,17.29100227355957,1327500
2006-09-29,17.261321962794632,17.30371680133383,17.19560947788105,17.24436378479004,1395000
2006-10-02,17.286762127043573,17.36095432246916,17.21257114456281,17.252845764160156,1380000
2006-10-03,17.25496256155102,17.348233147411413,17.153213493127634,17.276161193847656,1983900
2006-10-04,17.238009779368177,17.534778594970703,17.18925545700831,17.534778594970703,1155300
2006-10-05,17.496618870652757,17.594129925089113,17.447864556379333,17.57293128967285,1019700
2006-10-06,17.384269403738084,17.443623636482428,17.276162074354872,17.4075870513916,1070700
2006-10-09,17.396987075176696,17.396987075176696,17.15321311910964,17.267681121826172,1229400
2006-10-10,17.382150351235218,17.452103298923326,17.33975550750525,17.43514633178711,1073100
2006-10-11,17.45846763916619,17.57929516080923,17.42667149749726,17.509342193603516,1029000
2006-10-12,17.69799849813696,17.90149667039456,17.615327820511606,17.84850311279297,2155200
2006-10-13,17.787029007723078,17.878179384188996,17.75735188709456,17.82730484008789,1612800
2006-10-16,17.88030485875558,17.98205397681645,17.816711356731243,17.924819946289062,1536600
2006-10-17,17.890900874439463,17.909979286051993,17.647126830911493,17.780672073364258,1670700
2006-10-18,17.912095449497986,18.064719068931904,17.871818407584577,17.96084976196289,1296000
2006-10-19,17.939653933175457,18.015966361300375,17.909978023352615,17.999008178710938,1247100
2006-10-20,18.039282528038004,18.077438132485042,17.971449803267806,18.009605407714844,1488900
2006-10-23,18.018089294433594,18.043527180322183,17.844268188327145,18.018089294433594,1517700
2006-10-24,18.047765465720428,18.11347919214791,17.971454237995406,18.102880477905273,1900200
2006-10-25,18.102876035700277,18.19826565342176,18.060479976188066,18.149511337280273,2075700
2006-10-26,18.202506073255172,18.3106146371198,18.170709936272292,18.272459030151367,2181900
2006-10-27,18.018089687599208,18.03928833061732,17.859106536161892,17.90150260925293,3220500
2006-10-30,17.924814050353643,17.926934277803614,17.695879216491857,17.859100341796875,2157900
2006-10-31,18.09228339825627,18.17071486109395,18.030808909382756,18.143157958984375,1645800
2006-11-01,18.33181197630654,18.336050005403568,18.07107979009055,18.1155948638916,3931800
2006-11-02,18.145267023994954,18.33604621887207,18.134668314606728,18.33604621887207,3033000
2006-11-03,18.399643375067146,18.44839890355606,18.308494213475036,18.425081253051758,2023800
2006-11-06,18.59043064301072,18.832084507817264,18.560753512120026,18.796049118041992,3071700
2006-11-07,18.74305402985365,18.825724736435248,18.656142866822837,18.679460525512695,2707500
2006-11-08,18.545911046100926,18.69641446634678,18.467479600835837,18.65401840209961,2401200
2006-11-09,18.891430186961014,19.10340803751763,18.891430186961014,18.976221084594727,4390800
2006-11-10,19.003784601757896,19.0504199149554,18.94019110311995,19.01438331604004,2591100
2006-11-13,19.080093346688738,19.370502689416984,19.080093346688738,19.342947006225586,2903700
2006-11-14,19.378979004819186,19.463769906186116,19.31114628372564,19.448930740356445,3170100
2006-11-15,19.639716462046945,19.737226328089335,19.565524251771976,19.671512603759766,3179700
2006-11-16,19.925883073958193,19.925883073958193,19.66515086061524,19.69270896911621,3187200
2006-11-17,19.779623874152257,19.832618663827088,19.671515279500547,19.81566047668457,3113700
2006-11-20,19.766896902205122,19.87076742406557,19.699065394130134,19.81989288330078,2686800
2006-11-21,19.830489546556336,19.89620325036817,19.779615007933305,19.89408302307129,3009900
2006-11-22,20.307443302155203,20.330760955810547,20.195095489412157,20.330760955810547,3278100
2006-11-24,20.301077550292568,20.45582259282172,20.182371516868642,20.37950897216797,1725600
2006-11-27,20.30107933205552,20.30531978664928,19.838969242799177,19.89408302307129,5250000
2006-11-28,19.660911856881597,19.660911856881597,19.20515995656989,19.49768829345703,6677700
2006-11-29,19.904679853130986,20.13149684762575,19.896201370633843,20.127256393432617,4328400
2006-11-30,20.17177661633182,20.22053214846196,19.96827842903612,20.190855026245117,2335800
2006-12-01,20.025512477741817,20.070027554665575,19.747822090933948,19.957679748535156,5497500
2006-12-04,20.067903312005914,20.25444326872802,20.01066931002992,20.233245849609375,2654700
2006-12-05,20.540615557737205,20.82466538881827,20.50881942365363,20.816186904907227,4503600
2006-12-06,20.74199495083955,20.81618592688211,20.68264071447186,20.731393814086914,3048900
2006-12-07,20.68688479510862,20.78651610261464,20.479148545883813,20.502466201782227,6309900
2006-12-08,20.49822743032475,20.576658890458283,20.381639141251796,20.5300235748291,2367900
2006-12-11,20.794991716396467,21.028165817284393,20.663564285151807,20.932777404785156,5031300
2006-12-12,20.932777178293154,20.932777178293154,20.686881713998158,20.83526611328125,2686500
2006-12-13,20.792872111963543,20.794992339705036,20.648728162110256,20.761075973510742,2752800
2006-12-14,21.000607856989525,21.324932305727806,20.964571268043155,21.28253746032715,3698100
2006-12-15,21.439401096874384,21.515712306506565,21.36732791640034,21.409725189208984,3641100
2006-12-18,21.782805742133608,21.90787248448939,21.600504984601805,21.67469596862793,5031600
2006-12-19,21.41184636987729,21.619585033987462,21.21682907291794,21.604745864868164,3770400
2006-12-20,21.969352721174207,22.151653546684905,21.86760359246293,22.013870239257812,3729000
2006-12-21,22.17164360497773,22.225311559941414,21.89900695429614,22.010637283325195,3672000
2006-12-22,22.27899025608138,22.324071846366703,22.090075053542943,22.281137466430664,2602800
2006-12-26,22.47648437202703,23.223553635693932,22.412080366768578,23.109773635864258,3917700
2006-12-27,23.588499433311437,24.0886911549279,23.356649939935327,24.03717041015625,6041100
2006-12-28,24.12947654724121,24.236812437068103,23.828931142203835,24.12947654724121,4393800
2006-12-29,24.043614261198258,24.095137472758534,23.85040713137112,23.92554473876953,3740400
2007-01-03,24.794973069514896,25.340248817414114,24.48798844206108,24.98818016052246,11152200
2007-01-04,24.11875246833704,24.187448447617644,23.77312536193861,24.10801887512207,10063200
2007-01-05,23.691543305912592,23.691543305912592,22.61387506373257,22.74482536315918,14580300
2007-01-08,23.099049304518974,23.53269242167888,22.989563691713855,23.41032600402832,8268300
2007-01-09,22.8908130928337,22.97024513709952,21.999912403850555,22.36915397644043,12997200
2007-01-10,21.922624624143115,22.047135772335157,21.08109769795853,21.92906379699707,18796500
2007-01-11,21.684334057325323,22.500101857668437,21.66071966161113,22.11153793334961,10722600
2007-01-12,22.32621550691027,22.626758575439453,22.227463500643776,22.626758575439453,6365400
2007-01-16,23.066839694110673,23.161297265717906,22.7555606237988,23.053958892822266,8655000
2007-01-17,22.910131378849655,22.97024097537747,22.56235705975518,22.809234619140625,5757900
2007-01-18,22.968099425571506,22.97024663611273,22.384183453253012,22.497961044311523,6868200
2007-01-19,22.54303522183951,22.84143351306637,22.476486457532303,22.830699920654297,5108700
2007-01-22,23.184912024349604,23.221407219115513,22.82855137228772,22.970237731933594,5418300
2007-01-23,22.970248368958718,23.378129959106445,22.865057155366976,23.378129959106445,6445200
2007-01-24,23.399586903774463,23.721599578857422,23.270781342388933,23.721599578857422,5589000
2007-01-25,23.12480114156204,23.25360669250455,22.39919907657281,22.465747833251953,10604100
2007-01-26,22.553775805779342,22.710487777632395,22.079343012456796,22.64823341369629,8184000
2007-01-29,22.54304161262556,22.626763165821792,22.117984845026342,22.24034881591797,8282100
2007-01-30,22.596708920889007,22.94663050994348,22.540893734823175,22.916574478149414,6659400
2007-01-31,22.23819305186194,22.538738522525392,21.97199802155699,22.287569046020508,11748000
2007-02-01,22.37774087786605,22.495812885027416,22.190975333621058,22.399208068847656,5589600
2007-02-02,22.414232647986235,22.45072784976339,22.263959877396996,22.31548309326172,5203800
2007-02-05,22.283278408856326,22.36485519083998,22.060017705963787,22.229610443115234,6342300
2007-02-06,22.4550158191449,22.710477244671893,22.32621027324841,22.637489318847656,5951100
2007-02-07,22.84572595493806,22.884368362488754,22.650371620828544,22.76629638671875,3554700
2007-02-08,22.88437275822912,23.077579919571,22.792062369761492,23.00029754638672,3953400
2007-02-09,23.030349975802935,23.032497185988483,22.46575407835331,22.62032127380371,4947300
2007-02-12,22.871489410276247,22.94447981152297,22.540890308136635,22.70189666748047,3600300
2007-02-13,22.429266586813636,22.755571365356445,22.42067774405932,22.755571365356445,3212400
2007-02-14,22.58382476878181,22.897251105219723,22.55591840826543,22.787765502929688,3358200
2007-02-15,22.839287222490302,22.877929630786173,22.714776071441733,22.798500061035156,2435100
2007-02-16,22.78776796044366,22.948774337768555,22.736247197216116,22.948774337768555,2527200
2007-02-20,22.835002974843476,23.06685013266886,22.755570921492232,23.015329360961914,3140400
2007-02-21,22.905838625966584,23.24287937629336,22.888665858144204,23.182769775390625,4099200
2007-02-22,23.182758796707883,23.29224435258463,23.0131661251556,23.184906005859375,3391800
2007-02-23,23.013175303711872,23.056109676821464,22.603146635638794,22.626758575439453,4307700
2007-02-26,22.787764931362457,22.809234574679277,22.54947621248978,22.626758575439453,2747400
2007-02-27,21.512589914369414,21.574846706396535,19.868179973805493,20.394134521484375,26719200
2007-02-28,21.03816384391788,21.435311693309032,20.82348707316846,21.27430534362793,16443000
2007-03-01,20.34046673504005,20.838513765229987,20.072124473752464,20.750497817993164,9216300
2007-03-02,20.55514470841556,20.956586975967447,20.415605545043945,20.415605545043945,8398200
2007-03-05,19.400192428111126,20.072126673382712,19.271386851061635,19.674976348876953,11640900
2007-03-06,20.48215731859737,20.89862765993365,20.359792131444785,20.716154098510742,6964800
2007-03-07,20.598079617039375,20.748352377147413,20.4005780646035,20.482154846191406,4101900
2007-03-08,21.11759329836726,21.30865321566322,21.074656470394913,21.166969299316406,4950900
2007-03-09,21.358024861979946,21.358024861979946,20.892178676336407,21.091827392578125,4752600
2007-03-12,21.177704397780364,21.559826760630642,21.177704397780364,21.426729202270508,5784900
2007-03-13,21.147641816603816,21.317234507794208,20.404865825264302,20.522937774658203,12419400
2007-03-14,20.660341439328402,20.984498977661133,20.239576626147375,20.984498977661133,8731200
2007-03-15,20.883597931107275,21.16267627591396,20.864277954140128,21.033870697021484,4244100
2007-03-16,21.06607377774619,21.139064186999526,20.82349060709377,20.825637817382812,4810500
2007-03-19,21.34944212460861,21.551235628004683,21.23780932370265,21.495420455932617,6683400
2007-03-20,21.491130915541433,21.71654132160972,21.456782920563278,21.686485290527344,4677900
2007-03-21,21.75517351351237,22.326210875821133,21.25283457339579,22.199552536010742,6350400
2007-03-22,22.137307087097785,22.137307087097785,21.808855101800273,21.909751892089844,3512400
2007-03-23,21.96556242801117,22.16521121235741,21.96556242801117,22.100807189941406,2189400
2007-03-26,22.24249071474304,22.244637924673775,21.821726011749018,22.11153793334961,3260400
2007-03-27,22.002057093974596,22.10080665025139,21.843197937164792,21.961267471313477,3049200
2007-03-28,21.93335324243693,21.93335324243693,21.555525463805154,21.753026962280273,4348200
2007-03-29,22.315480791413645,22.42711113858964,22.064308825124805,22.377735137939453,5433000
2007-03-30,22.377731472800303,22.459308238302285,21.96126126385899,21.98917007446289,9297600
2007-04-02,22.266112362742835,22.560216343235435,22.197416363156044,22.42926597595215,6678600
2007-04-03,22.626759142968293,22.85646394109498,22.538743184533587,22.787765502929688,4080900
2007-04-04,22.948774337768555,22.96809677364594,22.796356801616874,22.948774337768555,2678400
2007-04-05,22.79849780664845,23.032492072921013,22.79849780664845,22.970237731933594,2530800
2007-04-09,23.212818006458512,23.399585939936404,23.026052529742262,23.12051010131836,4676400
2007-04-10,23.131246632449987,23.3094257498737,23.131246632449987,23.24717140197754,3096900
2007-04-11,23.399582568049883,23.440372175698876,22.99384844149256,23.09259796142578,5004000
2007-04-12,23.25790529143292,23.738777141726512,23.077576505001332,23.665786743164062,6785100
2007-04-13,23.590655853843728,23.63144302368164,23.384567880766813,23.63144302368164,2566200
2007-04-16,24.03717663218945,24.148806988724818,23.916957435334357,24.04576301574707,4889700
2007-04-17,24.06722397320959,24.247552721814046,23.874016880983323,24.03717041015625,4882500
2007-04-18,23.981355580211172,24.065079555487387,23.781706856632965,23.86543083190918,8241900
2007-04-19,23.16129475088921,23.57347052031809,22.948765237849166,23.506921768188477,11378100
2007-04-20,23.80103399820536,23.92768990583094,23.61641079142888,23.79673957824707,6983700
2007-04-23,23.64431984185468,23.64431984185468,23.272931128167574,23.35665512084961,3784800
2007-04-24,23.401744363316077,23.4940547694514,23.23859074455186,23.378129959106445,2952000
2007-04-25,23.455402886170184,23.629290031548937,23.292251789976998,23.603530883789062,2520600
2007-04-26,23.496187161096046,23.59278947094783,23.365234415183437,23.43822479248047,3164100
2007-04-27,23.240726455815373,23.375971182044875,23.152710514636478,23.20423126220703,4442400
2007-04-30,23.056108619781167,23.062550249509492,22.5537695984957,22.603145599365234,5562000
2007-05-01,22.704041624654824,22.858606338500977,22.51942088656615,22.858606338500977,7195800
2007-05-02,22.774883565301057,23.2171129545747,22.759855554000332,23.150564193725586,7640400
2007-05-03,23.345922073838807,23.586358007508366,23.27507888273971,23.49619483947754,4083000
2007-05-04,23.84611694777069,23.848261701110797,23.63573457946965,23.657201766967773,4958400
2007-05-07,24.043617170642094,24.06293960569632,23.839676423188653,23.86972999572754,3099900
2007-05-08,23.71945568327224,23.721600436350773,23.485458945909322,23.6614933013916,5489400
2007-05-09,23.796741573265752,24.041471939403472,23.721603958268453,24.007123947143555,4749300
2007-05-10,23.914811334713754,24.004976964919102,23.375977047472297,23.39959144592285,10962000
2007-05-11,23.936268669589445,24.94094632184657,23.76023437683254,24.68762969970703,27744900
2007-05-14,24.754197090806194,24.90017546552675,24.40856990641758,24.57601547241211,12906300
2007-05-15,24.50517321078771,24.876562021711436,24.451505230536146,24.492292404174805,7819800
2007-05-16,24.752041044880077,25.013944124401668,24.597473883413908,25.00535774230957,7268400
2007-05-17,24.7348694848157,24.940957426098155,24.64470631759988,24.810007095336914,5313300
2007-05-18,24.646862063451945,24.747758859004996,24.616806026129485,24.653301239013672,5812200
2007-05-21,24.741309586667995,24.81000556285221,24.582447992075338,24.62323760986328,10952700
2007-05-22,24.67475970274231,24.67475970274231,24.299079023239198,24.46223258972168,5619300
2007-05-23,24.518047167225028,24.792831080160525,24.19818167212117,24.27975845336914,10992000
2007-05-24,24.208918750235597,24.36563070540342,23.375978051670064,23.614269256591797,18079200
2007-05-25,24.022144295197084,24.103721066218597,23.897633157352136,24.052200317382812,9521700
2007-05-29,24.050056297527025,24.120899486238844,23.536981210241883,23.760244369506836,11085900
2007-05-30,23.182770602470047,23.9448680931172,23.109780194715388,23.856849670410156,15334800
2007-05-31,24.251850977122636,24.36562854381028,24.009267829940384,24.11875343322754,9780300
2007-06-01,24.387095641423496,24.58674193641959,24.35703961694793,24.5845947265625,6499800
2007-06-04,24.3892337358763,24.593176851668762,24.346299377503644,24.5373592376709,7688100
2007-06-05,24.75204375840677,24.90231651692021,24.528780602204478,24.784244537353516,6887700
2007-06-06,24.63825686148983,24.741300789125667,24.35917863619072,24.423580169677734,7097700
2007-06-07,24.558830900185903,24.861523586845664,24.092987130573835,24.223939895629883,11281800
2007-06-08,24.36347392460093,24.83790397644043,24.36347392460093,24.83790397644043,10510500
2007-06-11,24.880846125616024,25.239354016665576,24.779949371913737,25.10625648498535,6819000
2007-06-12,24.773505543730867,24.998913403980985,24.558828817361647,24.627527236938477,7164900
2007-06-13,24.876553217461563,25.200713108332963,24.876553217461563,25.080493927001953,7828200
2007-06-14,25.357420740027493,25.756715709118264,25.346687149591585,25.728809356689453,8831700
2007-06-15,26.044387492590538,26.37498904755165,25.99716115578671,26.34708023071289,12612600
2007-06-18,26.868736372586827,27.02544827880659,26.72490281045065,26.954605102539062,8415300
2007-06-19,26.93099650275715,27.28306525021647,26.842980544273363,27.143526077270508,7978800
2007-06-20,27.37107879423978,27.521351547482475,26.995398139513973,27.06838607788086,14398200
2007-06-21,27.6394226481552,27.916353750791,27.510617084200586,27.89488410949707,10360500
2007-06-22,27.841224091277997,27.993644093055806,27.5020385480816,27.600788116455078,7479000
2007-06-25,27.536381649630346,27.714560774465703,27.289504087437756,27.40972328186035,8691900
2007-06-26,27.4483625427731,27.519205731616946,27.042628299550703,27.053361892700195,8493300
2007-06-27,27.229390468847424,27.703823089599606,27.115612921337547,27.70382308959961,7174200
2007-06-28,27.725297969986165,27.985056369383695,27.656601980465926,27.80472755432129,3993000
2007-06-29,27.63084408103867,27.94856491781159,27.456956873569503,27.660900115966797,6440400
2007-07-02,27.736024629892366,28.277006026291883,27.718851865187244,28.16967010498047,6673200
2007-07-03,28.47450376625967,28.760021209716797,28.390779793385,28.760021209716797,4513200
2007-07-05,28.54749404878736,28.80081071925815,28.470211704659732,28.65912437438965,7106100
2007-07-06,29.06487521474287,29.389032759640727,28.929627975331204,29.3783016204834,6237300
2007-07-09,29.68957712342892,29.861319564526635,29.633761935615297,29.784034729003906,6851100
2007-07-10,29.642343877307614,29.79476138890136,29.324623137674134,29.43410873413086,7748400
2007-07-11,29.38902291204421,29.65736763365215,29.38902291204421,29.592966079711914,6490500
2007-07-12,29.844138298482857,30.16185659101918,29.79476229523988,30.159711837768555,6180300
2007-07-13,30.33574195048785,30.33574195048785,30.110334047775243,30.267045974731445,3788400
2007-07-16,29.92571592008145,30.12536469189771,29.691719157386427,29.85057830810547,5845800
2007-07-17,29.91927047147549,30.08671597060434,29.635897763587554,29.835546493530273,7888200
2007-07-18,29.273098969564856,29.507093234540573,28.882390334611333,29.2688045501709,7369800
2007-07-19,29.586529290042463,29.807645258893118,29.582237326468114,29.668106079101562,6780600
2007-07-20,30.05451699092942,30.05451699092942,29.58652353575334,29.67668914794922,5830500
2007-07-23,30.483873363710526,30.677080525628252,30.376537416401987,30.608386993408203,6782400
2007-07-24,30.404435712684,30.511774088274436,29.820519961265905,29.839839935302734,7525200
2007-07-25,30.483876649629966,30.664205482718565,29.91928311834623,30.39586067199707,8552400
2007-07-26,29.90639651878749,29.940744510327615,28.403668817954262,29.174352645874023,18400800
2007-07-27,29.120673281278457,29.625159363155333,28.510996055830617,28.691322326660156,12203100
2007-07-30,29.410496992711067,30.00729366031437,29.281691408626703,29.876340866088867,9246900
2007-07-31,30.440932984101092,30.655607293162735,29.766854032184703,30.03519630432129,10399800
2007-08-01,29.32462079889796,29.650927895534323,28.706357048519155,29.453426361083984,16033800
2007-08-02,29.0884853097682,29.37400284978053,28.908156502842836,29.238758087158203,9916800
2007-08-03,29.109947918515424,29.124973474156846,27.766081974312176,27.942113876342773,8850000
2007-08-06,27.909914169112266,28.341412471504803,27.04906723105228,28.163230895996094,12764400
2007-08-07,27.65016334859703,28.240518445281936,27.40543295984528,27.965734481811523,10370100
2007-08-08,28.75573757381217,29.45343099842336,28.49168723529981,29.174352645874023,7690500
2007-08-09,28.21690120326467,28.72782911936552,27.965731665496904,28.0709228515625,7614300
2007-08-10,27.482713922011726,28.193290651315344,27.210077182919925,28.004375457763672,11933400
2007-08-13,28.39508220722774,28.551794149638415,27.836925506591797,27.836925506591797,6915900
2007-08-14,28.100971154029157,28.158933533165644,27.371077075618903,27.44621467590332,8943300
2007-08-15,27.134927429862664,27.429033683136648,26.190359254810488,26.31272315979004,12579900
2007-08-16,25.479791727405864,26.405042711769934,23.874022567491025,25.705202102661133,27010800
2007-08-17,26.572481699990753,26.950311956828706,25.93275084559276,26.705581665039062,17215500
2007-08-20,27.499885951624968,27.585754697433934,26.888061310688048,27.349613189697266,10908600
2007-08-21,27.712414230808864,28.309213340437605,27.587903070081328,27.69309425354004,8865600
2007-08-22,28.80081940717567,29.61658482746908,28.779352219373497,29.607995986938477,10473600
2007-08-23,29.768987939398198,29.88276791048198,29.155018803873634,29.627304077148438,10613400
2007-08-24,29.850573253509378,30.954003194931854,29.84198687143414,30.835933685302734,9344400
2007-08-27,31.750442069094838,33.175884389733355,31.643103716163466,32.860313415527344,19206900
2007-08-28,31.529345975523132,31.58945312770517,30.125370062579567,30.20479965209961,16347900
2007-08-29,30.945424911006768,31.94795836930494,30.87672892290437,31.79124641418457,13048800
2007-08-30,31.213774253862233,31.810571044868738,30.971191049758936,31.447771072387695,6892800
2007-08-31,32.54045760370036,32.924724647300025,32.22058966000274,32.267818450927734,10840200
2007-09-04,32.244204342858154,33.09002571046923,32.20126997136618,32.804508209228516,7643100
2007-09-05,32.20342101209853,32.34510494622865,31.69034833280273,31.958690643310547,10160400
2007-09-06,32.480348524007645,32.576950860532044,31.900724677813425,32.31290054321289,6811200
2007-09-07,31.555093248515792,31.754741980746513,31.13862302040096,31.510011672973633,9422700
2007-09-10,32.254936551335625,32.32792694514874,31.387650491964777,32.061729431152344,10812900
2007-09-11,32.072459973239354,32.566212547531286,32.072459973239354,32.45458221435547,9364200
2007-09-12,32.362276346597895,32.86461537238127,32.128279599611695,32.774452209472656,10674600
2007-09-13,33.05781937069026,33.266052020101114,32.77444667028505,32.991268157958984,6710700
2007-09-14,32.924723543124,33.68896809840145,32.86890837120137,33.49790573120117,8621400
2007-09-17,33.20810884964115,33.47215927341439,32.87750963141345,33.216697692871094,6560400
2007-09-18,33.64603635457285,35.18311207990141,33.43565643735533,35.056453704833984,14722500
2007-09-19,35.37630835133945,35.99457202220472,34.99418613347746,35.26038360595703,15124200
2007-09-20,35.464329007468834,35.6060153721878,34.94052283078463,35.11870193481445,8657700
2007-09-21,35.74341555468626,36.28654428784882,35.68330595064108,36.16847229003906,10432500
2007-09-24,37.5144790133799,37.64113737299163,36.82751925167626,37.233253479003906,10936800
2007-09-25,37.00784187706793,37.43933766653439,36.75881960252342,37.38566970825195,10231800
2007-09-26,37.82575745570362,38.04043176329787,37.437196000820904,37.79570388793945,9818400
2007-09-27,38.51056710663747,39.16318127666821,38.3495607738294,39.09019088745117,11600700
2007-09-28,39.178204565227986,39.39932047302912,38.278717837279935,38.641517639160156,13423800
2007-10-01,38.89913660628148,40.16357305816182,38.89913660628148,39.76856994628906,16509900
2007-10-02,40.89990698855081,41.22836131567687,40.26232076674029,40.67879104614258,15314400
2007-10-03,39.46802025904318,39.830822552801116,38.17138316402749,38.525596618652344,21164700
2007-10-04,38.55565191887501,38.99788131222456,37.621814678372225,38.899131774902344,14277600
2007-10-05,40.40830216774404,41.13175964355469,40.036915898028276,41.13175964355469,17472000
2007-10-08,39.99182479511698,40.26875586650763,39.714893723726334,40.18503189086914,7464900
2007-10-09,40.820469133864385,41.21761938088007,40.41258775234726,41.198299407958984,11049600
2007-10-10,41.13389689813764,41.479526411001004,40.668053124170186,41.290611267089844,10674000
2007-10-11,42.90282783559023,43.353643662040355,40.31599011789346,41.3249626159668,30875400
2007-10-12,42.45200142989836,43.57904575913038,42.15575036726588,43.5554313659668,17979300
2007-10-15,44.59659762585289,44.70393352070791,42.56148056097224,43.566158294677734,19337700
2007-10-16,43.51465086658351,43.51465086658351,42.209427240834515,42.728939056396484,21837300
2007-10-17,44.85851887410694,46.902225494384766,44.637400465399466,46.902225494384766,39856200
2007-10-18,44.05134004910607,45.82240996771138,44.02987286250943,45.61846923828125,21957900
2007-10-19,44.96156785725648,44.98518225770135,42.452014519592645,42.78476333618164,26187000
2007-10-22,41.479520560429634,43.375098620654036,40.1184772545385,43.25702667236328,25272000
2007-10-23,44.71682289003311,45.24062900747333,43.99766001237239,45.09035873413086,18277800
2007-10-24,44.11573280205052,44.43559824065725,43.03591731717412,44.32826232910156,18459300
2007-10-25,44.051333888703695,44.62666325337951,43.338612583613454,44.566551208496094,14909700
2007-10-26,44.802708713105574,45.19556467946923,44.57944797068328,44.93580627441406,12701100
2007-10-29,46.05425368097707,46.36767751370718,45.80308419014027,46.2174072265625,10542300
2007-10-30,46.04781775757948,46.170184160311926,45.10324680934291,45.386619567871094,10199400
2007-10-31,45.95336149233849,47.134076439955,45.597003237452554,46.908668518066406,18640200
2007-11-01,45.41022240830456,45.719351781190866,44.36045809100773,44.723262786865234,19563900
2007-11-02,45.12470828377937,45.29645066786607,43.654184081225935,44.67174530029297,16849200
2007-11-05,41.191862742563124,41.968985653394725,40.15712869685551,40.74748611450195,26824800
2007-11-06,42.35754682770805,42.758991539641535,41.258411233956686,42.55934524536133,15896400
2007-11-07,41.520307136252434,42.01835160802957,40.358915010620436,40.53065490722656,17596200
2007-11-08,40.65947185857546,40.77110467202527,37.677635811629465,39.59253692626953,37365300
2007-11-09,38.98500206468705,40.18074243598432,38.39893907633386,39.07087326049805,22893600
2007-11-12,37.78283305182091,38.22506258606219,36.06328355734117,36.38744354248047,27198000
2007-11-13,37.568140730622446,39.54100619273948,37.568140730622446,39.094482421875,22630200
2007-11-14,41.10169682662329,41.32495750223572,39.742802971948244,40.290225982666016,23542200
2007-11-15,39.28554651798326,39.77285995209138,38.48480924658373,38.9442138671875,19736700
2007-11-16,38.426847826211905,38.54706455203174,37.39640576201516,38.291603088378906,25635300
2007-11-19,37.24613273058266,37.37493829472869,36.03965877804637,36.39816665649414,22233000
2007-11-20,37.933092297786956,38.52774162208752,36.829662381505116,38.0833625793457,26877600
2007-11-21,36.24360446053535,36.593523524035355,35.101531982421875,35.101531982421875,27679200
2007-11-23,36.19423052762625,36.98638153076172,36.12553454562148,36.98638153076172,11268600
2007-11-26,37.75276785337646,37.97817821500516,35.66183253583209,36.02248764038086,22429800
2007-11-27,36.82752286131345,37.883724212646484,36.11694863460693,37.883724212646484,25265700
2007-11-28,38.39463781622857,40.169999116491894,38.28944667095576,40.14423751831055,27648900
2007-11-29,39.50021660850917,40.31598180463938,39.289836751800614,39.71489334106445,19588800
2007-11-30,40.8913134999571,41.131751847471406,39.66981407271052,40.24299621582031,13162500
2007-12-03,39.76857252290433,39.90596449128138,38.64152795747789,39.17821502685547,10005900
2007-12-04,39.27052047730357,39.815796318796984,38.96997497003273,39.67196273803711,11257500
2007-12-05,40.895610634738425,42.28885007646155,40.85911543825454,42.0205078125,17910900
2007-12-06,41.30349922535673,42.46059983761292,41.086677675385666,42.39619827270508,13647600
2007-12-07,41.13176138506219,41.44733249001617,40.52637587008874,40.65947341918945,18120300
2007-12-10,40.210803563886785,40.71743459345796,40.04335557066835,40.251590728759766,10041900
2007-12-11,40.659470087413,40.659470087413,38.28945880893048,38.33024597167969,19617000
2007-12-12,40.03476438685779,40.32672350655251,38.42684816059768,39.3950309753418,18360000
2007-12-13,38.10913111623841,39.5839499557454,37.28692655356612,37.79356002807617,23377800
2007-12-14,37.1387888889588,37.5230558328922,36.816776275634766,36.816776275634766,16298100
2007-12-17,35.9280286557366,36.108354972588806,34.616363525390625,34.616363525390625,23577300
2007-12-18,35.96023165261743,36.57420349121094,35.08006474195714,36.57420349121094,23292900
2007-12-19,36.54844474065832,37.43934531393132,36.33377040691732,36.59996795654297,22038900
2007-12-20,37.03575808579605,37.18817560910962,36.123387872216334,37.074398040771484,15637200
2007-12-21,37.761353251322994,38.220760345458984,37.428609427466036,38.220760345458984,14245500
2007-12-24,38.885472155751465,38.991912841796875,38.39237263265231,38.991912841796875,8462400
2007-12-26,38.7898843224533,38.99407477608509,38.58134843902106,38.792057037353516,5561100
2007-12-27,38.4010532619712,38.4010532619712,37.28668908546607,37.38444137573242,13869000
2007-12-28,37.55821885929694,37.76458452949361,37.04991291545135,37.21065902709961,8109600
2007-12-31,37.48218556363653,37.582108068048875,36.88698850880565,37.0260124206543,8398200
2008-01-02,37.30625403997417,37.549546023187865,36.32005229727551,36.48297119140625,17057400
2008-01-03,36.257049196137594,36.789252640647845,36.146265562061615,36.233154296875,13254300
2008-01-04,36.36565060321208,36.49164071869285,35.43592752614411,35.54019546508789,23904900
2008-01-07,36.35696577858183,36.665424195836835,35.64012145317154,36.569847106933594,27143100
2008-01-08,36.94999038242659,37.41050653843383,35.896447310890764,36.055023193359375,23287200
2008-01-09,37.269306779666806,38.43580607777165,36.82616740927998,38.318504333496094,32690700
2008-01-10,37.65597591277375,39.1113844479084,37.388789102604335,38.61176681518555,28519800
2008-01-11,37.501744790053856,37.857995521393484,36.92827224731445,36.92827224731445,17858400
2008-01-14,37.047747301022255,37.258455955791185,36.680637934760504,37.09119415283203,16338900
2008-01-15,35.27518795514924,35.5119617119486,34.10434303289712,34.29115676879883,37862100
2008-01-16,33.27019865133313,33.776334396763566,31.9320919732203,32.94218826293945,41730000
2008-01-17,33.75895701651564,34.22599137189079,32.231863807393594,32.370887756347656,47905800
2008-01-18,34.02179530191466,34.306358813181,32.92698064040177,34.091304779052734,42582000
2008-01-22,29.72725619517491,32.58376492802863,29.321043005149612,31.22827911376953,68965500
2008-01-23,30.411517055477738,33.018218446348854,29.45572621403244,32.87702178955078,68475900
2008-01-24,31.71487600508756,32.82489511155012,31.649706961788265,32.56205368041992,28246200
2008-01-25,33.80673530026149,34.134745595011985,32.13193033704655,32.32960510253906,23958000
2008-01-28,32.10369575802445,32.72496048317178,31.310823839749794,32.71844482421875,21282300
2008-01-29,32.53163564071758,32.64676718522595,31.87996022337041,32.43171310424805,14735700
2008-01-30,30.967616057892705,32.666316575494726,30.804697203938687,30.921998977661133,26301000
2008-01-31,29.701194986792398,31.697492954595592,29.56868668629975,31.29562759399414,32877300
2008-02-01,31.8777897691194,32.885713446277926,31.7148709159313,32.7358283996582,24835500
2008-02-04,33.43094309058397,33.76764183688197,33.11596652328016,33.572139739990234,15849300
2008-02-05,32.64025083984026,32.84444384085829,31.1935330239495,31.25218391418457,26142300
2008-02-06,31.367302055478955,31.871265032825754,29.933618432622694,30.11825942993164,25035900
2008-02-07,29.981412054506222,31.34341365925232,29.633849707279072,31.29996681213379,25420200
2008-02-08,30.750391862910693,31.241318656092893,30.400659255864724,30.769941329956055,15919800
2008-02-11,30.302912784048395,30.639611649252604,29.712060854535608,30.53099822998047,16413900
2008-02-12,31.16746235334422,31.68011379226299,30.693909846785623,31.36948013305664,19784400
2008-02-13,31.49547349152812,32.008124942298785,30.982819554813066,31.929922103881836,20515800
2008-02-14,32.23185353749796,32.357843640350865,31.180485880011634,31.19786262512207,23501100
2008-02-15,32.040714247296656,32.60984397566062,31.69749724326015,32.557708740234375,24528600
2008-02-19,33.218070554096016,33.2354497934593,32.39913325103089,32.76407241821289,21774300
2008-02-20,31.84738217172959,32.86834231600697,31.523717125418536,32.440406799316406,17383800
2008-02-21,32.31658478651568,32.366547298868014,31.104468084712035,31.18484115600586,24129900
2008-02-22,31.53457128243416,32.12108011959276,31.013231474928908,32.10152816772461,15825000
2008-02-25,31.389015912427542,32.27963732563219,31.08924598437833,32.168853759765625,19768500
2008-02-26,31.62797011996293,32.50773066630153,31.47808511874677,32.468631744384766,15895800
2008-02-27,32.49688832135413,33.62862965533329,32.462129839682945,33.53739547729492,23492700
2008-02-28,33.050813668810925,33.322343504591366,32.609846789221095,32.69021987915039,16191600
2008-02-29,32.5989700922478,32.64675987732303,31.517189241043447,31.54759979248047,22462500
2008-03-03,31.627981027082484,32.001608544562345,31.215254574202326,31.8126220703125,24213300
2008-03-04,30.66784361565267,31.03278022956972,29.992273353720513,30.504924774169922,34300800
2008-03-05,30.715636773604256,31.26304428471526,30.43759131561255,31.080575942993164,18495900
2008-03-06,30.911128305315785,30.99801700798907,29.603432448156134,29.651222229003906,25296900
2008-03-07,29.54263381710097,30.368089619414256,29.21028027115242,29.55784034729004,26095500
2008-03-10,29.870638510998603,29.924943985301976,28.825785772541106,28.988704681396484,29914800
2008-03-11,30.809043781907377,31.85389620716723,30.309423624297946,31.8126220703125,33451800
2008-03-12,30.92634657458765,31.53022975109443,30.248603498043437,30.439760208129883,26154600
2008-03-13,28.858362232912327,30.22687974930255,28.825778956035357,29.699024200439453,32094600
2008-03-14,29.405766669947496,29.468762987428867,27.815679556300555,27.993804931640625,50241300
2008-03-17,26.74692459560207,27.859118510333982,26.610073382002412,27.505043029785156,29320200
2008-03-18,27.850436538540073,28.999556928636274,27.787440218811817,28.89094352722168,33473400
2008-03-19,28.137170843020215,28.512971047388156,26.77734189289324,26.868576049804688,33851700
2008-03-20,26.48843568558534,27.785268456789527,26.03226236712345,27.60497283935547,31532700
2008-03-24,27.281309570907148,28.545559147238937,27.274791423771532,27.880849838256836,27530700
2008-03-25,28.573794174470677,29.29063609772201,28.330499778807088,29.258052825927734,29053200
2008-03-26,28.890952846840737,29.040837947294875,28.43043645042775,28.53253173828125,23463300
2008-03-27,29.145091527458437,29.470929189609336,28.665025894727687,28.78232765197754,25256100
2008-03-28,29.90538690561911,29.968383228544777,29.412284872145953,29.735952377319336,21863100
2008-03-31,29.279774902096797,29.68815837057539,29.105994967206364,29.355802536010742,13243500
2008-04-01,29.977072016290474,31.643189420846593,29.931454931662998,31.543264389038086,36327900
2008-04-02,31.34559166146943,31.441171268509617,30.76125789813114,30.878557205200195,25959600
2008-04-03,31.47592211026469,32.2948618115052,31.124016788834197,32.162353515625,30231000
2008-04-04,31.897334224447828,32.52946007100336,31.517191122049947,31.84520149230957,30409800
2008-04-07,32.55987585415132,32.91829683523392,32.1753872598405,32.583770751953125,24393300
2008-04-08,31.88865023656475,32.14931890500069,31.67142344593304,31.721385955810547,23275500
2008-04-09,31.354274108787536,31.384684663799238,30.59615808925647,30.60919189453125,30828000
2008-04-10,31.03495201342129,31.70400659543015,30.85899937158725,31.641010284423828,26816100
2008-04-11,31.384690360690005,31.845209115529364,30.88289995327577,31.041473388671875,29053500
2008-04-14,30.752559959452324,30.845966829215165,30.413688467151218,30.507095336914062,19254600
2008-04-15,30.97847581592145,31.047987790991833,30.574437771567876,30.976303100585938,14970900
2008-04-16,31.195700689053044,32.18190216420655,31.16529013163076,32.055912017822266,27804000
2008-04-17,31.62363697223254,31.77134930444395,31.389033424285664,31.493301391601562,25592400
2008-04-18,32.01680986516197,32.13628185340573,31.660559157755227,32.008121490478516,16309500
2008-04-21,31.832165789458504,32.55986868252785,31.67576263048288,32.45560073852539,15218100
2008-04-22,32.63807127590435,32.81836933988597,31.94295160115509,32.30137252807617,18444000
2008-04-23,33.53086620262808,34.95151601894615,33.47438804324535,34.236846923828125,42551400
2008-04-24,34.84508197640164,35.355560672279324,33.871911889832916,34.83422088623047,27130200
2008-04-25,34.60179487242386,34.636550862978,33.95011942804756,34.367191314697266,16953000
2008-04-28,34.306365956111534,34.62785823081758,34.17168743182776,34.18254852294922,15710400
2008-04-29,34.445397962483305,34.51056701038903,33.99357000276524,34.206451416015625,12618300
2008-04-30,34.66913581278107,34.923288850614156,34.321575890449964,34.49318313598633,20921100
2008-05-01,34.49969455361289,35.37945782937947,34.28247025035978,35.22522735595703,22648800
2008-05-02,35.67271888176307,35.83998070654175,35.288230227431434,35.54672622680664,14646900
2008-05-05,35.45547227278094,35.54670639648098,35.00581731199786,35.22304153442383,13482600
2008-05-06,34.84508079092279,35.67270876071887,34.57572128914216,35.4598274230957,15865500
2008-05-07,34.369359889514186,34.4823162237204,33.257165839830584,33.37664031982422,27445800
2008-05-08,33.689445107584135,33.96315006133515,33.38532959716936,33.876258850097656,16045200
2008-05-09,33.06165986952578,33.28974522658701,32.86615777976702,33.0203857421875,16524300
2008-05-12,33.1246589197681,33.18113708496094,32.60983480152146,33.18113708496094,19658100
2008-05-13,33.68293276255996,33.71551603775168,33.24848163550344,33.64817428588867,12874500
2008-05-14,33.82413391177683,34.28248003209905,33.741590592025354,33.891475677490234,10656300
2008-05-15,33.937078570762445,34.37587254961041,33.84584442525386,34.36283874511719,12234600
2008-05-16,34.35415221268963,34.569203783498,34.23467773671601,34.48231506347656,10338900
2008-05-19,34.47362576482082,34.9884473834173,34.412802170869305,34.527931213378906,19945800
2008-05-20,33.61341867620638,33.67858522250903,33.10511016845703,33.10511016845703,18625800
2008-05-21,33.94142226175967,34.097825433175665,32.957393617337964,33.04428482055664,20615700
2008-05-22,33.40922704378977,33.45050118020974,33.072528235691344,33.35274887084961,12896700
2008-05-23,32.94001485449915,33.00301116418152,32.27965114715862,32.49470520019531,20226300
2008-05-27,32.2731409315854,32.64676845051249,31.775693487559046,32.62070083618164,18283200
2008-05-28,32.61635085466787,32.61635085466787,32.073288890244726,32.572906494140625,11049900
2008-05-29,32.440405409912394,33.26803358851657,32.37958428605574,33.02908706665039,16193700
2008-05-30,33.126831125190954,33.272373220205395,32.974773370165025,33.06166458129883,6145500
2008-06-02,33.43962425026361,33.61992227452584,32.67716549110609,33.23326110839844,13580100
2008-06-03,32.64458571682339,32.67065083721069,31.849541125332337,31.99725341796875,16327200
2008-06-04,31.71487407150608,31.99726495543695,31.50850834724222,31.630155563354492,15380700
2008-06-05,31.823474944485874,32.67717044548994,31.77351493038118,32.66630935668945,18484800
2008-06-06,31.93861259229034,31.990747821350467,30.7525634765625,30.7525634765625,30808800
2008-06-09,31.124006920264343,31.24782680110653,30.500572030344514,30.924161911010742,19103700
2008-06-10,30.21600764355391,30.46364242594052,29.95316385843032,30.12042808532715,26238000
2008-06-11,30.268144841483736,30.268144841483736,29.390554428100586,29.390554428100586,23197800
2008-06-12,29.892358045387404,30.4093550642337,29.80112386228395,30.113927841186523,18217800
2008-06-13,29.649054616941243,30.070471858076107,29.516546339427016,30.050922393798828,17888100
2008-06-16,29.968372900477878,30.346343249937213,29.89017256713177,30.298553466796875,8525100
2008-06-17,30.58747076255554,30.76993907076689,29.79894167504739,30.146501541137695,13101000
2008-06-18,30.587483533242573,30.62875519697166,29.992286081830862,30.513626098632812,15641700
2008-06-19,30.061791524375003,30.841629906199557,30.061791524375003,30.559236526489258,17098500
2008-06-20,29.72290502671912,29.75983371740496,28.977823012920453,28.979995727539062,25941000
2008-06-23,29.498115312586993,29.594917542199482,29.218711165972962,29.484914779663086,14426400
2008-06-24,29.022912711141938,29.656525844953173,28.780909600548625,29.33531951904297,17544300
2008-06-25,29.678515655635888,30.116323626733564,29.570713414559744,29.98872184753418,18023700
2008-06-26,29.183510500452883,29.26711219690187,28.426696733279446,28.468496322631836,31906200
2008-06-27,28.55650594423053,28.890912810924817,28.380502992745328,28.613706588745117,15225000
2008-06-30,28.756701542588637,29.10870734865679,28.73470149442739,28.785303115844727,16024200
2008-07-01,28.3254989617325,28.70390588482141,27.89208939291915,28.637903213500977,21711000
2008-07-02,28.541093033544303,28.710496905434425,27.45867470247727,27.603878021240234,21085800
2008-07-03,27.658883975303276,27.918488590361278,27.170476828987283,27.641284942626953,20076000
2008-07-07,28.58729384560511,28.80509882537896,27.84368325275535,28.25288963317871,28105800
2008-07-08,28.01748715888473,28.956902737726054,27.832682236842558,28.796300888061523,39751800
2008-07-09,29.03171258386712,29.2561166417227,28.197896000438835,28.208898544311523,24721200
2008-07-10,28.884309634935253,29.35951883568682,28.60710594632662,29.293516159057617,29573700
2008-07-11,29.055903405347394,29.645513672056254,28.734697211037343,29.27150535583496,20505000
2008-07-14,29.74451116140171,29.82371433704545,28.868897873339794,28.98769760131836,20520300
2008-07-15,28.237492884774035,28.761103104821647,27.57308285737278,28.09449005126953,31462500
2008-07-16,28.208897334941028,29.590519692255892,28.11869410326432,29.52672004699707,31173000
2008-07-17,29.35951164365515,30.01512212518782,29.34411060325693,29.81052017211914,32099400
2008-07-18,29.832516445787416,30.07451945621248,29.64551354733538,29.931516647338867,24710100
2008-07-21,30.400128864654413,30.604730806643126,30.129524265779075,30.250524520874023,21615000
2008-07-22,29.810509558951146,30.78952643383154,29.786309011688726,30.75432586669922,20671500
2008-07-23,30.943537960614492,31.51114825611477,30.778535084840883,31.15034294128418,86600700
2008-07-24,30.723532022383914,31.132738410134827,29.70051479413471,29.812715530395508,14456200
2008-07-25,29.938120609478116,30.320925951923456,29.7797167492547,30.037120819091797,10470800
2008-07-28,29.707114223721106,30.050320479469452,29.080105361112118,29.185707092285156,14935400
2008-07-29,29.09990965769547,30.08332798573223,29.09990965769547,30.050325393676758,12585500
2008-07-30,30.24833191634822,30.822541285912045,30.103128563087154,30.769739151000977,21851700
2008-07-31,29.80611594265611,30.41992677118656,29.429909630685035,29.462909698486328,19521400
2008-08-01,30.162526033985483,30.29452883744868,29.634517337876762,29.951322555541992,12124700
2008-08-04,29.53551981405833,29.581720425755734,28.941508352599577,29.152711868286133,25608300
2008-08-05,29.033914821084977,29.766525668710372,28.99431321401952,29.713726043701172,15349000
2008-08-06,29.555310074851754,30.030519094776757,29.38370821640312,29.858917236328125,10722500
2008-08-07,29.146115137825873,29.146115137825873,28.16929817199707,28.16929817199707,31606400
2008-08-08,27.88547154017857,28.96129043711083,27.77327085137367,28.87548828125,16895800
2008-08-11,28.195696610880766,28.631304170082824,28.156095008137136,28.314498901367188,14174300
2008-08-12,27.69408020785961,27.87228360387048,27.20567313826885,27.350873947143555,20745800
2008-08-13,27.093476380409122,27.232078215751688,26.62486873649216,27.060476303100586,21963900
2008-08-14,27.10667413066145,27.674284465947316,26.941671243322265,27.02747344970703,18460800
2008-08-15,27.166078061134613,27.898691359008897,26.895473398813387,27.060476303100586,12470800
2008-08-18,26.93507144252453,26.961469990235855,26.294859452821584,26.400461196899414,19397800
2008-08-19,26.030849036793303,26.143052285430297,25.806445057263026,26.024250030517578,17138000
2008-08-20,27.01427142235733,27.562079668795633,26.902068155945944,27.46307945251465,27384700
2008-08-21,26.565460249270405,27.139669492547235,26.512658125972216,26.994468688964844,17209700
2008-08-22,27.06706753387937,27.37067470401366,27.007666404694813,27.3112735748291,15165100
2008-08-25,27.476278053023485,27.489478584481635,26.968068921732492,27.034069061279297,15601600
2008-08-26,27.49607931136137,27.720483324699657,27.377277038550275,27.694082260131836,14550700
2008-08-27,28.208899500891697,28.69730672012834,28.142896824140344,28.664306640625,23513800
2008-08-28,28.175897180864794,28.28810047357372,27.98449571076437,28.16929817199707,14574700
2008-08-29,27.93168499429411,28.109888391953692,27.72048152693696,27.79308319091797,9809000
2008-09-02,27.85247989975406,28.043883798441406,27.146267945866914,27.278270721435547,18567100
2008-09-03,26.677664085624095,26.968070762032827,26.367460387293097,26.525861740112305,25364900
2008-09-04,26.011049887701358,26.09025055290843,25.21243667602539,25.21243667602539,29766400
2008-09-05,25.23884129954538,25.865850221075803,24.88903348649557,25.852649688720703,23695300
2008-09-08,26.750263023369637,26.770065078758215,25.608443527219787,26.162853240966797,31803700
2008-09-09,25.885652351580063,25.978053560582573,24.750431743276977,24.7900333404541,27739900
2008-09-10,25.040831155212945,25.417037444966684,24.651424335569505,25.146432876586914,22415000
2008-09-11,23.991413833495507,24.67122730032908,23.800012437385913,24.62502670288086,28838700
2008-09-12,23.94521516244277,24.724028893145157,23.826412897234345,24.7042293548584,19650100
2008-09-15,23.305008708779607,24.156421693767076,22.955200875635416,22.994802474975586,45607100
2008-09-16,21.859580536118568,23.760414392485778,21.78037985977863,23.364408493041992,54107800
2008-09-17,21.31836742487727,21.89257663005551,19.96534457693147,20.38115119934082,69563400
2008-09-18,21.654981167940495,23.305010142456837,20.757365002964498,23.153207778930664,81020800
2008-09-19,25.6744447386057,26.400456279185825,24.42042205824689,25.780046463012695,48023500
2008-09-22,25.46984196941979,25.608443769733146,24.169618606567383,24.169618606567383,34941500
2008-09-23,23.859416909722228,24.433626214028667,23.483210553341035,23.59541130065918,29690000
2008-09-24,23.846221109320062,24.011224018290115,23.56241590447201,23.89242172241211,19436100
2008-09-25,24.1300276297889,24.829638390609652,23.984824256300186,24.539234161376953,25803300
2008-09-26,23.364408331907015,24.004617781001063,23.22580400208789,23.859416961669922,16606300
2008-09-29,22.32818656513155,22.374387161080165,20.09734735867479,20.38115119934082,49751500
2008-09-30,22.024580999713304,22.750595092773438,21.40417115385653,22.750595092773438,36170000
2008-10-01,22.24239228754861,22.829802231527278,21.767183111411015,22.605398178100586,24706900
2008-10-02,22.58559669266238,22.58559669266238,21.542777205318835,21.588977813720703,20611900
2008-10-03,21.9321760629411,22.684588571813865,21.252365202774197,21.331565856933594,22785900
2008-10-06,20.103949642711385,20.28215304945925,18.783926645536734,19.86634635925293,45321300
2008-10-07,20.110553040174263,20.724364030856457,18.45392376970184,18.731128692626953,44203300
2008-10-08,18.17011449960443,19.41753565679871,17.873108862714435,18.53972053527832,42793400
2008-10-09,18.863124757443074,19.11392852218761,17.160295486450195,17.160295486450195,41952600
2008-10-10,16.89629005194428,18.678319861482944,16.044874844474183,18.104110717773438,54313300
2008-10-13,19.846544165796942,21.892578660474282,19.470337839470748,21.773778915405273,44187900
2008-10-14,21.61537809739084,21.93218333684161,20.07755124799242,20.717761993408203,47037800
2008-10-15,19.49674022255194,19.595741695311858,17.490304667731014,17.642107009887695,42911800
2008-10-16,18.222915033666307,19.298733054491006,17.1668965490298,19.18653106689453,62746000
2008-10-17,17.595903512471878,19.371334499594344,17.556303181655505,18.064512252807617,41686000
2008-10-20,18.526525509376377,19.77394703718936,18.282321921042566,19.582544326782227,44684900
2008-10-21,18.255921446723978,18.731129363528236,17.529908407452158,17.675111770629883,42763000
2008-10-22,16.64548993723099,16.737892405264766,15.470670247470713,15.780875205993652,57343300
2008-10-23,15.860077436721594,16.183482933677276,14.916260752303954,15.873276710510254,50394300
2008-10-24,13.853642834231133,14.80405985650219,13.853642834231133,14.289250373840332,50192900
2008-10-27,13.530236214618167,13.939443912573747,12.771223215328636,12.817423820495605,57776100
2008-10-28,14.045046873936776,15.56967327107267,13.305833350520237,15.384869575500488,84639000
2008-10-29,14.883257828465073,15.866676005660441,14.533452562481596,14.843657493591309,54803700
2008-10-30,16.473886302384038,16.97549518938812,15.90627727301186,16.92929458618164,71023200
2008-10-31,16.53329239970404,16.922699399133165,16.025084353033698,16.605894088745117,45105900
2008-11-03,16.830292779879983,16.883093648050217,16.493686773217743,16.797292709350586,36418000
2008-11-04,17.32530147465182,18.090914696250483,17.147098071640407,17.958911895751953,47250700
2008-11-05,17.74111072391229,17.787312591984236,16.190084517361683,16.269285202026367,57692100
2008-11-06,15.97887780037757,16.19008253769309,14.777657072576202,14.975661277770996,62528300
2008-11-07,16.196681844508987,16.99529510743476,15.886475652403972,16.89629364013672,70758200
2008-11-10,18.090914957122823,18.163516624331137,16.797293032619926,17.56290626525879,70703800
2008-11-11,16.94249667385278,17.29230325133401,15.886477933663992,16.533288955688477,53289900
2008-11-12,16.579487472367248,16.856692319925735,15.80067379308998,15.893074989318848,61270000
2008-11-13,16.42768629425232,18.4803225198296,15.59607162979534,18.255918502807617,89738200
2008-11-14,17.140498167940873,17.879711600384073,16.599288940429688,16.599288940429688,64146300
2008-11-17,16.665287543440627,17.27249807062581,16.407883505014585,16.566286087036133,35240900
2008-11-18,15.985472422746165,16.30227878743453,15.477264704241927,16.025074005126953,47671400
2008-11-19,15.62246870302113,15.866673456396034,14.553249762243066,14.705053329467773,58385600
2008-11-20,14.718253895657165,15.279263844262255,13.79423817618094,13.965841293334961,75128600
2008-11-21,15.325464916496461,16.315482059241315,14.599453352247751,16.143878936767578,108135000
2008-11-24,16.031675644999012,17.048092428127212,15.893072612511894,16.454082489013672,55766800
2008-11-25,16.718088522196652,16.718088522196652,15.886474016555843,16.110877990722656,45223900
2008-11-26,16.454083232516616,18.05791102180477,16.44088270332675,17.972108840942383,62942800
2008-11-28,17.523304441684683,17.668507774215925,17.42430297060466,17.549705505371094,18467900
2008-12-01,17.345099777597024,17.391300373464755,16.11087792473475,16.23628044128418,49840400
2008-12-02,16.949099983414175,17.54971050582024,16.645493958873853,17.430908203125,48799300
2008-12-03,17.193297286838593,18.15031436605191,16.995294360939514,17.98531150817871,49316100
2008-12-04,17.33850326442246,17.88631278615373,16.830294082165036,17.061298370361328,52720700
2008-12-05,17.338502594819925,18.51992253799543,17.18009998416985,18.368120193481445,55495400
2008-12-08,19.615543481733074,20.295355854609923,19.51654199763136,19.998350143432617,67594200
2008-12-09,19.34494049511185,19.919151166293325,19.113936173168216,19.193138122558594,54419900
2008-12-10,20.440551966015985,20.678156465429566,20.136947335762454,20.618755340576172,52810500
2008-12-11,20.44715812020464,20.717762762979596,19.7013456006017,19.879549026489258,38010700
2008-12-12,19.100731618126037,19.971946526265867,19.008329159564102,19.793743133544922,45626500
2008-12-15,19.602342616113784,19.635342688512036,18.9489301045542,19.1733341217041,35776500
2008-12-16,19.62213876641029,20.658356470729345,19.404335053138592,20.572555541992188,47732700
2008-12-17,20.440558003103707,20.730963448283134,20.209554959193884,20.301956176757812,31996700
2008-12-18,20.744156821026948,20.79035741386049,19.859741516045048,20.117145538330078,42486300
2008-12-19,20.163349151611328,20.321753006300405,19.872945022049183,20.163349151611328,32264100
2008-12-22,19.710137034716606,19.710137034716606,18.972501692464327,19.178508758544922,35774900
2008-12-23,18.74655409485428,18.78642715499857,18.327897103350708,18.34783363342285,31224600
2008-12-24,18.46081333325696,18.64688263024673,18.394359469688318,18.587074279785156,8834600
2008-12-26,18.573783000326916,18.72662598676921,18.440875284071577,18.646881103515625,5648500
2008-12-29,18.806364640984697,18.852883216652778,18.48074221631765,18.76649284362793,13327600
2008-12-30,18.73326421386142,19.112049410124968,18.71332768392597,19.105403900146484,15690200
2008-12-31,19.038956040612398,19.43767789189523,18.912693846414108,19.33135223388672,14425500
2009-01-02,19.936082057067182,20.726880333564733,19.80317433635262,20.673717498779297,26744600
2009-01-05,20.780040573751364,21.17876241860863,20.68700467386686,20.906301498413086,25228400
2009-01-06,21.05914773559893,21.398061272494246,20.86643167309884,20.97275733947754,30877500
2009-01-07,19.849686074961262,19.869621338936646,19.36457394903539,19.47089958190918,40846800
2009-01-08,18.7997227644417,19.15857152083256,18.7066868688945,19.12534523010254,27251900
2009-01-09,18.872821562548904,18.912693366414704,18.334547774104337,18.414291381835938,29645000
2009-01-12,17.955763144894853,17.988989438117457,17.277936116138218,17.390907287597656,36008400
2009-01-13,17.07193165821446,17.36432661067566,16.952314965161268,17.198192596435547,32307300
2009-01-14,16.952311868462466,16.978892646784335,16.44726440532991,16.733015060424805,43480000
2009-01-15,16.779531170589205,17.257996553608397,16.14822157004164,17.01876449584961,75842200
2009-01-16,17.30451926785607,17.849438623456425,16.639983221025997,17.24471092224121,43011800
2009-01-20,16.673210792643722,16.739664655913927,15.689697672251121,15.776086807250977,56445100
2009-01-21,16.294420756327124,16.719723331532514,15.749501514969808,16.679851531982422,54283500
2009-01-22,15.875763862186698,16.473847247096803,15.516915098742407,15.849183082580566,42805400
2009-01-23,15.570080262396784,16.420685617490175,15.563434749622372,16.2811336517334,38705800
2009-01-26,16.367516511403398,16.726366458712597,16.13492999092685,16.360872268676758,31490600
2009-01-27,16.507076361903366,16.71308219221843,16.380814151548076,16.60011100769043,23998000
2009-01-28,17.07192823270188,17.424131461019474,16.97889234149391,17.231416702270508,35196700
2009-01-29,16.71972999401078,16.786183864742576,16.29442724933075,16.30771827697754,31282700
2009-01-30,16.932378176957577,17.191548097243956,16.580174883173964,16.686500549316406,36271000
2009-02-02,16.39410487107157,16.819407549582728,16.380813845492604,16.60675621032715,25511400
2009-02-03,16.81940604878514,17.145028541402656,16.553591898434295,16.965604782104492,26849800
2009-02-04,17.27129063321513,17.776338149564666,17.244709852092438,17.41748809814453,43939400
2009-02-05,17.54375505346199,18.367779771840265,17.490592209292494,18.06209373474121,46260900
2009-02-06,18.567138724237363,19.07218630513846,18.4010047016055,18.919342041015625,43021600
2009-02-09,18.85288865352281,18.959214322137868,18.59371872720941,18.773143768310547,29677600
2009-02-10,18.71333402346628,18.91269432035261,17.776338346597193,17.849437713623047,43310900
2009-02-11,18.05544617587673,18.28138855488308,17.663369769218775,17.929183959960938,44883500
2009-02-12,17.390907197563042,17.623495051422676,17.032057148607862,17.583621978759766,38370000
2009-02-13,17.876023875705243,18.05544895741082,17.67666351881165,17.81621551513672,29929700
2009-02-17,16.799469952931414,16.85927829225469,16.48713723257614,16.546945571899414,48268700
2009-02-18,17.071928555344993,17.11180035661527,16.68649776306111,16.992183685302734,34885500
2009-02-19,17.424131790318896,17.49058563743716,16.845986235643917,16.992183685302734,28700900
2009-02-20,16.566878518658395,16.952309251078983,16.34093623404962,16.706430435180664,47192900
2009-02-23,17.184894716179247,17.22476650585098,16.38080580820769,16.480485916137695,41492200
2009-02-24,16.706440842845392,17.437430967996242,16.55359781024632,17.377622604370117,43027400
2009-02-25,17.11180287286628,17.370971520485785,16.633337384760605,16.952314376831055,32076700
2009-02-26,16.91908691937615,17.1051574663201,16.47384899071016,16.487138748168945,31570300
2009-02-27,16.181453037284015,16.513721061591685,16.08841712857656,16.154870986938477,38822600
2009-03-02,15.762794768233562,15.928928781982869,15.078323442787656,15.151421546936035,56830000
2009-03-03,15.782731034773505,15.829248355023058,15.2112296317032,15.483689308166504,44910100
2009-03-04,16.68649986336219,17.198191635324665,16.487138296914097,16.919086456298828,73211700
2009-03-05,16.18809959949738,16.48049456724547,15.869121312178187,15.942220687866211,49247900
2009-03-06,16.194743828972225,16.221324611432614,15.523562277447127,15.948864936828613,43859200
2009-03-09,15.663115263074411,16.20138913504524,15.649824237222788,15.736214637756348,30779100
2009-03-10,16.433972204657874,17.03205425030726,16.400745917261315,17.01876449584961,44366300
2009-03-11,16.932374619135206,17.10515410718781,16.533652821129326,16.679851531982422,29635100
2009-03-12,16.713078257216544,17.370968670746947,16.58017183274168,17.257997512817383,35692200
2009-03-13,17.53710591790201,17.72982198040736,17.271291751948016,17.57033348083496,31318800
2009-03-16,18.101963258067297,18.51397619881899,17.95576577199516,18.002283096313477,52396000
2009-03-17,17.743114072926133,18.27474243681448,17.643432645632817,18.268096923828125,29596100
2009-03-18,17.98234044931759,18.673458368745212,17.7098808415629,18.407644271850586,43625300
2009-03-19,18.53390829513396,18.60700765939645,18.048797328214413,18.08202362060547,36546300
2009-03-20,17.982343802552055,17.988989314651334,17.477296290523384,17.55704116821289,39631200
2009-03-23,18.567136091637355,19.490840720899484,18.440873897439065,19.33135223388672,51149700
2009-03-24,18.952568364132553,19.40445307888075,18.86617796822379,18.9459228515625,33048200
2009-03-25,18.9525649769063,19.364576542598957,18.560488677859023,19.03230857849121,41841400
2009-03-26,19.816465621825046,20.115507363603886,19.07883017043856,20.042407989501953,44259600
2009-03-27,19.7699454235001,19.876271078999455,19.570585136314264,19.736719131469727,26183500
2009-03-30,18.70668506157664,18.70668506157664,18.274736986309644,18.467453002929688,34892700
2009-03-31,19.00573057580351,19.185155606822907,18.759851688758204,18.959213256835938,28776200
2009-04-01,18.88611161884813,19.50413025086648,18.786431480539107,19.417739868164062,34786600
2009-04-02,20.261704667732722,20.912949713595754,20.19525080708299,20.467710494995117,51681600
2009-04-03,20.36138147368812,20.62055136081525,20.181957727217657,20.5673885345459,27340600
2009-04-06,20.467710567824746,20.59397277675831,20.15537906941221,20.534164428710938,23071000
2009-04-07,20.195250122021495,20.381320672028476,20.009180839516436,20.12879753112793,25127300
2009-04-08,20.24176252690776,20.414542009775527,20.01582149123627,20.27499008178711,26360100
2009-04-09,21.079083539679072,21.19870023425985,20.926240548826723,21.16547393798828,23399300
2009-04-13,21.245212096579873,21.597416577060212,21.112305678145095,21.37811851501465,22224900
2009-04-14,21.391412002748126,21.663871649570822,21.21863376561813,21.311668395996094,26162600
2009-04-15,21.597425511666877,22.10247188515319,21.56419921018825,21.989501953125,28947900
2009-04-16,21.856586180213995,22.04930220697559,21.517673973670654,21.889812469482422,25433700
2009-04-17,21.61735113085509,21.75025881241494,21.471154962642117,21.55754280090332,23318500
2009-04-20,21.477803108033385,21.491094132104386,20.760104285722925,20.846494674682617,21815500
2009-04-21,20.766752311927906,21.43793263124768,20.65378112865094,21.417997360229492,21815600
2009-04-22,20.587329332935294,21.079085924911237,20.500940192352562,20.693655014038086,28036500
2009-04-23,21.03256547875189,21.15882768165015,20.746814777851476,21.072437286376953,23939100
2009-04-24,21.291734907652106,21.597420871587516,21.25850734581007,21.47780418395996,18338900
2009-04-27,20.66041927106314,20.839844251230343,20.40125070026708,20.527511596679688,32042900
2009-04-28,20.075632361023217,20.560744614218027,19.982597724726446,20.30157470703125,26783600
2009-04-29,20.780042213353845,21.46451352132205,20.780042213353845,21.238571166992188,28036100
2009-04-30,21.391413527781484,21.484450699795794,21.005983955165718,21.251861572265625,31774100
2009-05-01,21.17211849760893,21.5641948599722,21.125601177922086,21.444578170776367,15089200
2009-05-04,22.41479709154177,23.378374717541163,22.40150606845862,23.365083694458008,38633100
2009-05-05,22.89990473594576,23.11920278280047,22.614154118227667,22.7935791015625,26197200
2009-05-06,23.36508297674076,23.690706694767073,23.092623349413994,23.54450798034668,34803600
2009-05-07,23.710646924503752,23.757164246101404,22.713842830261736,22.826812744140625,32229000
2009-05-08,23.544508391545673,25.252365542543753,23.35843914085434,23.86348533630371,27880100
2009-05-11,23.01952337452903,23.072687463802044,22.78029004280706,22.833454132080078,23769600
2009-05-12,22.986305729582718,23.132504495054103,22.52777669470099,22.840106964111328,17716400
2009-05-13,22.4812527799414,22.554349606256608,22.12904699676969,22.31511878967285,23194500
2009-05-14,22.109109689880516,22.673964190692192,22.062592379696177,22.441377639770508,19860800
2009-05-15,22.58758172126805,22.680616363764553,22.188858565563756,22.381574630737305,23482500
2009-05-18,23.1923052580393,23.77709505847447,23.165723212109498,23.697351455688477,30245400
2009-05-19,23.770452838656585,24.089429811966323,23.65083615678998,23.790388107299805,26571900
2009-05-20,23.89007112148723,24.08943142629025,23.491347976877382,23.51128578186035,24333100
2009-05-21,23.032816943278167,23.198950938118603,22.747066269352327,23.079334259033203,25145200
2009-05-22,23.22553423199394,23.298633599246877,22.966365591736242,23.052753448486328,14213100
2009-05-26,22.75371676642516,23.53786701798923,22.65403533923275,23.3385066986084,24861400
2009-05-27,23.94988009806004,24.149240408120797,23.45812230057321,23.497995376586914,27306600
2009-05-28,23.737228087510523,24.175821771170956,23.571094078017875,24.02962303161621,25268300
2009-05-29,24.601119350830245,24.926740522607357,24.434985375636906,24.83370590209961,27425100
2009-06-01,26.056454605044642,26.415304634900746,25.877029590116592,26.269105911254883,28984200
2009-06-02,25.624511200855355,25.97007025375634,25.504894508120252,25.730836868286133,28888400
2009-06-03,25.67767676285452,25.724194091156452,24.98655854950543,25.26566505432129,27840600
2009-06-04,25.531470576096176,25.790641732027776,25.358692340478637,25.750768661499023,24999000
2009-06-05,26.328914810095124,26.35549685768821,25.631152538300007,25.943485260009766,25766600
2009-06-08,25.43179342965075,25.764061434947987,25.1726247911195,25.617862701416016,19656700
2009-06-09,25.318822523131686,25.465021265518466,25.079591674231306,25.298887252807617,17204500
2009-06-10,26.29569215163835,26.38872679606606,25.66438237658811,26.029876708984375,25222000
2009-06-11,26.441883068370927,27.08648114316567,26.421945268323494,26.661178588867188,23957800
2009-06-12,26.24916845195328,26.382076140989152,26.083034474409274,26.28904151916504,15169900
2009-06-15,25.710896440809,25.73083424423416,25.119459817602777,25.405210494995117,21377200
2009-06-16,25.298881413094453,25.411853833862533,24.6077634713464,24.740671157836914,25653300
2009-06-17,24.70745130369033,24.979910991191865,24.415056345275293,24.82042121887207,30175300
2009-06-18,24.687506681896064,24.906802183893856,24.335300974137535,24.694150924682617,19284200
2009-06-19,24.96661798879167,24.986553258126747,24.68751407808564,24.767257690429688,14386200
2009-06-22,24.543337509984422,24.73775406910296,24.094168306413053,24.188026428222656,34093300
2009-06-23,24.134401761003097,24.24166566653485,23.685234955768028,24.00702667236328,22675000
2009-06-24,24.891951877287,25.160110333827106,24.63719916980688,24.72435188293457,24380700
2009-06-25,24.77127567370714,25.4550838470459,24.664011796950426,25.4550838470459,29549200
2009-06-26,25.662907619459034,25.837213027393194,25.49530764272302,25.723243713378906,19767400
2009-06-29,25.850617874672288,26.085256787768635,25.65620131389397,25.998104095458984,16024500
2009-06-30,25.790285238496928,25.8506213324168,25.367932581057822,25.723243713378906,27992200
2009-07-01,26.091965597600478,26.26627102188082,25.937773911428135,25.957887649536133,21599300
2009-07-02,25.260666682355584,25.341113948704557,25.019322325936187,25.099769592285156,19631300
2009-07-06,25.193629342608617,25.61597943617242,24.999212758818686,25.589162826538086,22095500
2009-07-07,25.260665995741956,25.27407429933108,24.61708276769854,24.670713424682617,20529000
2009-07-08,24.68412417607039,24.90535737117087,24.000315969449836,24.476299285888672,31211900
2009-07-09,25.005921556779164,25.1131854633561,24.731057636339937,24.905363082885742,19767300
2009-07-10,24.690827779963875,24.865130616263034,24.382441904400007,24.717641830444336,19484500
2009-07-13,24.389157092262117,24.744468337656986,23.9466931151648,24.610387802124023,26738700
2009-07-14,25.052843355475815,25.160107236361174,24.831612720000297,25.086362838745117,15418500
2009-07-15,25.669620081591,26.239459135623836,25.609283971145008,26.159011840820312,30353100
2009-07-16,25.810392701074587,26.16570378223673,25.696425960842323,25.964584350585938,20351300
2009-07-17,26.22605392990984,26.47410383407704,26.112087128568444,26.37354278564453,19300400
2009-07-20,27.305390885116836,27.49310206120287,27.16460750305231,27.43276596069336,30167400
2009-07-21,27.4797010358912,27.499812220393856,26.862931618284517,27.29869270324707,22496200
2009-07-22,26.86963306110424,27.312096956068622,26.809296959183047,27.097566604614258,16342900
2009-07-23,27.580250364076555,28.41154733178129,27.546730881903454,28.197019577026367,37339600
2009-07-24,28.036132959582474,28.351221835980283,27.888644114056092,28.33110809326172,20057300
2009-07-27,28.478583894135124,28.666295024370264,28.210425501995253,28.605958938598633,15895000
2009-07-28,28.652897295624353,28.79368068269197,28.243952884012938,28.740047454833984,19777000
2009-07-29,27.935561785650524,27.969083825564905,27.36572291032236,27.66069793701172,36071700
2009-07-30,28.22383637993958,28.552333474955958,28.123277923616634,28.156797409057617,23044800
2009-07-31,28.109872207646703,28.270766775535296,27.881936105326997,28.062944412231445,15520400
2009-08-03,28.927761373621134,29.276367127358768,28.807089167568463,29.202625274658203,21908100
2009-08-04,28.47858791817296,28.880829399278188,28.431660128983253,28.686412811279297,17937000
2009-08-05,28.270766159638946,28.3579188738142,26.18582435302734,28.016016006469727,23608500
2009-08-06,28.41154670678493,28.491993973705206,27.835002419549177,28.15009117126465,25246200
2009-08-07,28.022711607720723,28.237239342799416,27.721031181087458,28.029417037963867,32331700
2009-08-10,28.103167129857606,28.32440036021016,27.828303228657,28.076353073120117,24543900
2009-08-11,28.12327490725715,28.143386084890157,27.493097396115946,27.73444175720215,34734900
2009-08-12,27.586963574450937,28.049538696579937,27.53333034195137,27.848419189453125,24647000
2009-08-13,28.123281007871018,28.150097622113883,27.68081710235613,28.00931167602539,16075100
2009-08-14,27.97577945151788,27.99589062435829,27.265154841817576,27.51320457458496,29956100
2009-08-17,26.48080682356026,26.487509700043315,26.011526191161668,26.232759475708008,42598600
2009-08-18,26.6148841827402,26.91656473582872,26.521028578973418,26.83611488342285,25582400
2009-08-19,26.23945847707916,26.916563983687567,26.212641860359884,26.85622787475586,28058400
2009-08-20,26.9903027294982,27.285280364629426,26.916560878088426,27.218238830566406,21710400
2009-08-21,27.144491319656893,27.38583311984603,26.91655526611229,27.338905334472656,21441600
2009-08-24,27.43947874682416,27.533334360021918,27.037239673869873,27.08416748046875,17299900
2009-08-25,27.405948105053156,27.51321198471124,27.0841564660789,27.171306610107422,16284600
2009-08-26,27.030529870641924,27.20483531615289,26.896449348873467,26.990304946899414,17006700
2009-08-27,26.95677664472786,27.0841542495913,26.57464894488235,27.017112731933594,19184800
2009-08-28,27.02382147829755,27.084157572906722,26.601468816033353,26.688621520996094,17731100
2009-08-31,26.17911485628179,26.453978705351293,26.098667586580923,26.35342025756836,28660000
2009-09-01,26.272972158666583,26.561244331210165,25.69643037095218,25.75006103515625,36270000
2009-09-02,25.931071036974092,26.21934322858371,25.81710171227188,25.957887649536133,21787000
2009-09-03,26.56795527021505,26.621585945536935,26.219346929816297,26.60147476196289,24874200
2009-09-04,27.23164764861947,27.5936642672371,27.064047646374988,27.57355308532715,28816800
2009-09-08,28.47859487593429,28.492003184317596,28.156803146855037,28.398147583007812,20904200
2009-09-09,28.170208744774765,28.404847725472877,28.049536538309138,28.270767211914062,17416500
2009-09-10,28.324390624983202,28.55902952437146,28.089751725594944,28.545623779296875,15145800
2009-09-11,28.706525122696625,28.740044608101194,28.344508542632553,28.41825294494629,17176600
2009-09-14,28.0830608628999,28.545638586459134,28.042838492067638,28.431669235229492,14859400
2009-09-15,28.2841757339221,28.478592352190987,28.123281162327448,28.35121726989746,16531600
2009-09-16,28.94117070975307,29.38363722502641,28.83390679745531,29.363523483276367,27661100
2009-09-17,29.316592048500684,29.611567131422174,29.081953068605532,29.202625274658203,19871300
2009-09-18,29.329999978445557,29.3501111600714,28.98809710394096,29.068544387817383,15272500
2009-09-21,28.619372384221965,28.786972368438857,28.411550040511617,28.67970848083496,13275200
2009-09-22,28.907652252944235,29.095366024224496,28.760165966606117,28.92106056213379,11843400
2009-09-23,28.760155788607452,28.900939149215382,28.324394844966626,28.371322631835938,16823100
2009-09-24,28.02272241753132,28.16350581847683,27.352322347459406,27.6204833984375,27876200
2009-09-25,27.680811766637937,27.922156133556296,27.486395186912304,27.640586853027344,13932700
2009-09-28,27.41935555900408,27.908747154596647,27.38583351978569,27.73444175720215,14729800
2009-09-29,27.801483729788522,27.955675394681695,27.573547669213273,27.727739334106445,11106900
2009-09-30,27.573551900130855,27.63388800064036,27.0305269955453,27.43276596069336,25020400
2009-10-01,27.379132943229255,27.405949553904623,26.56124421923971,26.581357955932617,32469000
2009-10-02,26.27968257947127,26.6551049722952,26.205938164488497,26.487504959106445,25877100
2009-10-05,26.89644672726841,27.332207741198822,26.7355521627273,27.131088256835938,20514700
2009-10-06,27.741152579231354,28.136688679575297,27.694224784052672,27.841711044311523,23053300
2009-10-07,28.156799670567032,28.26406356701713,28.049535774116936,28.170207977294922,15680500
2009-10-08,28.713232175277486,28.82719894356185,28.491998955846014,28.646190643310547,16064800
2009-10-09,28.66629959493242,28.827196701767694,28.59255775156287,28.75345230102539,13727700
2009-10-12,28.62608083686604,28.719936428753204,28.418255913849407,28.458480834960938,17951200
2009-10-13,28.525522943561807,28.719939580879252,28.357922923261942,28.673011779785156,15500000
2009-10-14,29.350105513417976,29.6920108795166,29.31658603136602,29.6920108795166,28916300
2009-10-15,29.336708765731828,29.645094771260986,29.316597580052765,29.604869842529297,16861900
2009-10-16,29.08195761342986,29.115477107599894,28.84061316360807,28.941171646118164,20191100
2009-10-19,29.557932681788987,29.893132642998943,29.44396336514377,29.826093673706055,20072900
2009-10-20,29.879724528912387,29.913244013773376,29.430557805555054,29.618268966674805,19106400
2009-10-21,29.47079061491121,30.013815668760262,29.390343311243317,29.437271118164062,22021400
2009-10-22,29.43056469267437,29.74565099294911,29.189220253401214,29.71213150024414,16869600
2009-10-23,30.22162995877889,30.22162995877889,29.58474951618903,29.738941192626953,16329900
2009-10-26,29.973583690474392,30.221633534300793,29.417153014660382,29.464080810546875,17132600
2009-10-27,29.62497440905698,29.805982711846287,29.3702242561295,29.403743743896484,16795500
2009-10-28,28.907642246705077,28.99479494758295,28.16349796719443,28.284170150756836,34973300
2009-10-29,28.58586332679691,29.108774649949083,28.545640952630585,28.981399536132812,30410800
2009-10-30,28.867421328186424,28.894235381245977,27.78807705332804,27.955677032470703,35004200
2009-11-02,28.58585915302263,28.988100737571447,28.23725080269633,28.65290069580078,35527800
2009-11-03,28.0696499836209,28.599266648327948,28.04953880004602,28.525522232055664,20460100
2009-11-04,29.209333069066123,29.484197016397047,28.874133008546774,28.954580307006836,27601500
2009-11-05,29.289771783007588,29.63838005065918,29.25625229825456,29.63838005065918,19417700
2009-11-06,29.397042536887948,29.799284120021255,29.29648405913464,29.611570358276367,15306500
2009-11-09,30.21492339717182,30.69090671411573,30.21492339717182,30.650684356689453,26102300
2009-11-10,30.295377742079374,30.483091497591662,30.16800265153837,30.41604995727539,16592500
2009-11-11,30.576938490667114,30.697610671899493,30.369113610239676,30.476377487182617,18094700
2009-11-12,30.28196451463417,30.42945332199676,29.812686595522024,29.919950485229492,20712000
2009-11-13,30.302082076895893,30.57694598880058,30.121073760660142,30.422754287719727,19662800
2009-11-16,30.83840291665096,31.28086685620363,30.81158630034515,31.073041915893555,20046000
2009-11-17,30.86520962814144,31.066329071148086,30.68420136222372,30.985881805419922,13929100
2009-11-18,30.73784038180258,30.851809716845086,30.456273596473746,30.583648681640625,19625400
2009-11-19,30.18811414724422,30.19481958003185,29.712130714254346,29.94676971435547,28597800
2009-11-20,29.698714226309512,29.906539110140013,29.665194743723326,29.89983367919922,13213300
2009-11-23,30.64399062263487,30.818296095925025,30.462982273006013,30.56354331970215,18665000
2009-11-24,30.127762470811252,30.603748215213695,29.846195816186576,30.17469024658203,18426500
2009-11-25,30.27526092529297,30.36911650689858,30.10095806765009,30.27526092529297,9929700
2009-11-27,28.579144525813238,29.209319424562537,28.357911361675484,28.900936126708984,29544000
2009-11-30,29.16910444261625,29.390337682046756,29.0149127412131,29.29648208618164,28539000
2009-12-01,29.960173390880385,30.275262191482305,29.93335933599506,30.107662200927734,24706900
2009-12-02,30.167999267578125,30.40263823893232,30.06073537247721,30.167999267578125,10908800
2009-12-03,30.22163123537499,30.402636972955086,29.913245312099807,29.95347023010254,14873100
2009-12-04,30.50989653559695,30.744538021268415,30.007096640065626,30.38922691345215,24059600
2009-12-07,30.02721392226056,30.221630518603433,29.91324460264229,29.926652908325195,17552700
2009-12-08,29.423858834264013,29.50430612706741,29.15570033912826,29.262964248657227,18306000
2009-12-09,29.148984787610903,29.28306526732134,28.914345866146967,29.216026306152344,17135600
2009-12-10,29.15569441472427,29.3299972732757,29.10206119217133,29.18250846862793,10649000
2009-12-11,29.276359836780976,29.30317644419755,29.04172091531704,29.216026306152344,9907700
2009-12-14,29.323296597531296,29.45067167458471,29.21603270175658,29.336702346801758,14238400
2009-12-15,29.02832186694333,29.242849679930693,28.914355085144592,29.01491355895996,15866800
2009-12-16,28.86743335480373,29.021625092968904,28.76016942575953,28.786983489990234,17467800
2009-12-17,28.26406211381226,28.310989906260556,27.98249535912247,27.995901107788086,22904600
2009-12-18,27.82160186767578,27.935568647787356,27.61377693307011,27.82160186767578,18484500
2009-12-21,27.681411482088365,27.971234113533242,27.661192135610456,27.89035415649414,20314900
2009-12-22,27.876869667523597,28.07907081618123,27.782509302891842,27.84990882873535,21011700
2009-12-23,28.11950513315845,28.254304151570786,27.97796205002315,28.14646339416504,16782000
2009-12-24,28.490216730941608,28.59805752300035,28.422814628950338,28.56435775756836,7372800
2009-12-28,28.59130620314427,28.651966788529535,28.321705601196967,28.429546356201172,11428200
2009-12-29,28.456514837417313,28.476734180938966,28.254311117692396,28.335193634033203,7697800
2009-12-30,28.18690799794333,28.328448526802195,28.173427580271994,28.31496810913086,8395400
2009-12-31,28.746344842724266,28.807005460066083,28.449780681885258,28.48348045349121,9642200
2010-01-04,28.813741147231752,29.09682228225635,28.80700222211913,29.076602935791016,16220300
2010-01-05,29.5349216315679,29.689942592374724,29.42708085139241,29.676462173461914,16484500
2010-01-06,29.95280317385826,30.047166102595074,29.87866472939827,30.0336856842041,11460900
2010-01-07,29.615802771650742,29.683204868940702,29.40686269786965,29.568622589111328,23195800
2010-01-08,29.501215720068185,29.662975571047685,29.32597288185951,29.65623664855957,12764700
2010-01-11,29.85843967016123,29.878661581180427,29.48773720241336,29.703418731689453,17206100
2010-01-12,29.245094749791587,29.245094749791587,28.793512352727365,28.98223304748535,32969400
2010-01-13,28.692410697824698,28.712630037786873,28.416068576792828,28.631750106811523,33873600
2010-01-14,28.3554041676026,28.416064750447564,28.213863664673113,28.395845413208008,25716800
2010-01-15,28.207133120230605,28.240835456879974,27.87013032275532,27.937532424926758,23505900
2010-01-19,28.395857727724973,28.847440262756187,28.35541646458128,28.827220916748047,22103900
2010-01-20,27.8701267365557,27.87686823146903,27.4657244600729,27.728586196899414,35039700
2010-01-21,27.29722163689322,27.418542827636223,26.636696582362873,26.697357177734375,44647400
2010-01-22,26.899559734104194,26.96695925648515,26.299695243081985,26.33339500427246,46879900
2010-01-25,26.825415116230552,26.89955612357438,26.54907299775685,26.75127410888672,31769700
2010-01-26,26.009869082587194,26.292950122908497,25.787446061369067,25.982908248901367,41631500
2010-01-27,25.672870417077394,25.935732159085116,25.416747598988863,25.834632873535156,40082200
2010-01-28,26.212074510624415,26.326656787099825,25.69308994675506,25.955951690673828,44465100
2010-01-29,26.292952790821506,26.36035488187527,25.740268499815006,25.85485076904297,31291600
2010-02-01,26.245774764031417,26.710840231480066,26.218816496526998,26.663660049438477,36448300
2010-02-02,26.501895681608524,26.892820100251807,26.40753532431584,26.852378845214844,25331900
2010-02-03,26.919778365816217,27.068060396491518,26.717577232885198,26.852378845214844,22594100
2010-02-04,26.31991533066431,26.32665682576943,25.538069021727775,25.625690460205078,47873300
2010-02-05,25.234768156765046,25.416749973105876,24.70230569909439,25.322389602661133,50052600
2010-02-08,25.275203173434186,25.484145778606827,25.052780151367188,25.052780151367188,30623700
2010-02-09,25.67960457885694,26.205330536506448,25.51784472352366,25.9222469329834,50062000
2010-02-10,26.063791075003014,26.30643346288427,25.720049406255836,26.036832809448242,27446700
2010-02-11,26.333389847871388,26.744533538818363,26.131188749195005,26.74453353881836,33671200
2010-02-12,26.191857562094633,26.31991769821387,25.902034953553006,26.225557327270508,30534000
2010-02-16,26.549077770818126,26.744539994205905,26.279477097884342,26.663660049438477,20269000
2010-02-17,26.892810521223463,26.93324919072956,26.609726979050865,26.75800895690918,17882800
2010-02-18,26.535597079952197,26.85238050281288,26.515377736749027,26.764759063720703,19703600
2010-02-19,26.178378304239224,26.468200925650308,26.13793704155603,26.306438446044922,32833300
2010-02-22,26.56254618469761,26.636687171861308,26.353603636429547,26.394044876098633,16459600
2010-02-23,26.468196645221884,26.602998261238398,25.976172932219527,26.05031394958496,30146700
2010-02-24,26.292953275116105,26.576036920502336,26.22555375394777,26.501895904541016,22332200
2010-02-25,25.949214215445753,26.35361652541741,25.787451748780782,26.279478073120117,25704500
2010-02-26,26.54907253480419,26.771495552957155,26.340132504434944,26.683874130249023,24827600
2010-03-01,27.20959952302593,27.44550297516519,27.18938018211822,27.357881546020508,35196600
2010-03-02,27.674664728606835,27.802724838621522,27.49942187161121,27.566823959350586,24022200
2010-03-03,27.593779785608202,27.822941721423774,27.458980764291475,27.485939025878906,16941600
2010-03-04,27.1961200366097,27.256780632536692,26.95348022402858,27.06805992126465,21633500
2010-03-05,27.492690505251236,27.762291216932994,27.37810821016271,27.755552291870117,23460100
2010-03-08,27.795989722285967,27.95774961276123,27.76902888349772,27.84990882873535,15842400
2010-03-09,27.742066858772027,28.10603045347305,27.735327934926598,27.910568237304688,16451800
2010-03-10,27.87012743477016,28.13299174930904,27.84316916782238,27.977968215942383,18060400
2010-03-11,27.72185105526768,27.924052221095845,27.53986923468414,27.87013053894043,17823000
2010-03-12,27.930779460228408,27.951001368139984,27.681398212413097,27.79598045349121,16882100
2010-03-15,27.51290703641195,27.57356764028078,27.27700611643716,27.465726852416992,18052600
2010-03-16,27.472465752269528,27.68140840343727,27.324186276043662,27.607267379760742,21027700
2010-03-17,27.998185853165054,28.2138673825628,27.910564428370147,28.052104949951172,26675100
2010-03-18,28.004932162627483,28.052112348931995,27.782511651638686,27.91731071472168,19388700
2010-03-19,27.68814468383789,27.97122573423633,27.55334308173671,27.68814468383789,22805300
2010-03-22,27.371363645530895,27.7622854968189,27.337663884905073,27.70836639404297,14578600
2010-03-23,27.66791779751413,27.86337995685981,27.546596634549655,27.79598045349121,14956700
2010-03-24,27.526387194118648,27.587047797409735,27.317444544754427,27.47246551513672,22774300
2010-03-25,27.35787861789267,27.42527812778907,26.899554751442945,26.973695755004883,35350900
2010-03-26,27.506167178850074,27.721848747260328,27.256783276334946,27.5196475982666,31171500
2010-03-29,27.735324149906972,28.072326860981775,27.728582655854556,28.052104949951172,34014000
2010-03-30,28.321720521331535,28.577843413566743,28.308240098463603,28.48348045349121,39410400
2010-03-31,28.28126716906951,28.557609291970806,28.26104782897055,28.375627517700195,35564600
2010-04-01,28.92157839762009,29.191181649333274,28.914839473334485,29.164220809936523,35268300
2010-04-05,29.31250259915727,29.555142438224685,29.25184199660863,29.51470375061035,18865500
2010-04-06,29.32597972534552,29.615802311370224,29.32597972534552,29.548402786254883,17900100
2010-04-07,29.50795580178599,29.548397051682848,29.137253343341122,29.359676361083984,27957700
2010-04-08,29.265321022364326,29.622545727800123,29.08334177852478,29.501224517822266,24205000
2010-04-09,29.77081805999736,30.06064059524328,29.75059872023073,30.05390167236328,26834300
2010-04-12,29.669728776503852,29.797788923340345,29.609068165659725,29.64950942993164,14566800
2010-04-13,29.481003261139538,29.54840278625488,29.224880437672503,29.548402786254883,19503000
2010-04-14,29.622542593059716,29.89214325360387,29.55514049957845,29.84496307373047,17681700
2010-04-15,29.595579407869188,29.730381013011023,29.51469947323479,29.58884048461914,21228300
2010-04-16,28.955275801510453,29.009197475909453,28.308231135484142,28.517173767089844,50801900
2010-04-19,28.1532172843478,28.36889889412946,27.91057483056153,28.247577667236328,32417700
2010-04-20,28.719378705296208,28.7665588910769,28.469997356008637,28.70589828491211,30914400
2010-04-21,28.449766403869233,28.469988313586295,28.0318837891961,28.30148696899414,24476200
2010-04-22,28.11276301350852,28.43628527852113,27.890342581180153,28.429546356201172,19400400
2010-04-23,28.139729256279168,28.362152302505642,28.011669138562862,28.341930389404297,16453900
2010-04-26,28.47673272672967,28.544132249111374,28.328450692137544,28.355411529541016,15112600
2010-04-27,27.883608613590976,27.95774963475342,27.209603070117286,27.270263671875,54711300
2010-04-28,27.620743058415336,27.681403651817398,27.243299080455085,27.566823959350586,39982000
2010-04-29,27.465725647490878,27.76228715832429,27.38484570292305,27.620746612548828,28817300
2010-04-30,27.94426897442157,27.96449088891786,27.46572565975161,27.526386260986328,31437100
2010-05-03,27.553343999910954,27.822944641970647,27.43876173441232,27.77576446533203,22717400
2010-05-04,27.115237651596463,27.142198485380877,26.54233407487406,26.75127410888672,52984900
2010-05-05,26.367096937209915,26.865862185741893,26.185115126439893,26.326658248901367,47897700
2010-05-06,26.279472457201624,26.48167356897711,24.425957552194156,25.44370460510254,79103300
2010-05-07,25.827892572192408,26.205336607287066,25.234766965937126,25.77397346496582,65553900
2010-05-10,26.9467304485145,27.250033334942625,26.778229130623995,27.19611167907715,82040200
2010-05-11,26.407538133381344,27.095024115378703,26.360357949716278,26.704099655151367,46910300
2010-05-12,26.737797755931815,26.899560212098322,26.602998708774578,26.838899612426758,28814700
2010-05-13,26.865858545863347,26.987179736606354,26.62995508780669,26.697357177734375,30141800
2010-05-14,26.38731357675373,26.4412326740939,25.834629330602013,26.205331802368164,46920800
2010-05-17,26.016610173228212,26.744537316638862,25.511106069568644,26.070531845092773,34403200
2010-05-18,26.474934311009356,26.576036160999443,25.740268238311703,25.908769607543945,33210100
2010-05-19,25.679609538370265,26.030092720783383,25.4639279755202,25.861591339111328,43048600
2010-05-20,25.167366515023424,25.457189097715105,24.816883331974715,24.951684951782227,57934300
2010-05-21,24.62141856462759,25.881810622639193,24.506838870877505,25.753747940063477,68370300
2010-05-24,25.969432377056616,26.24577454288335,25.814411412922308,25.90203285217285,29816800
2010-05-25,24.830358885308666,25.666126707436455,24.682076875465057,25.59198570251465,50750700
2010-05-26,25.72678803752552,26.21207280777367,25.463926310683394,25.558286666870117,36011000
2010-05-27,26.265991504356563,26.798453821238542,26.151409248308095,26.778234481811523,42977100
2010-05-28,26.784979809967293,26.805199152288704,26.22555400855667,26.54233741760254,42300400
2010-06-01,26.198593627075773,26.67039800142193,25.88181278364676,25.935731887817383,34107300
2010-06-02,26.15815235056349,26.71757553516262,26.030089669980747,26.643434524536133,35209300
2010-06-03,26.683870276115364,26.724311520245585,26.171627372763627,26.495149612426758,28060600
2010-06-04,26.00987337774339,26.299695959909485,25.686351033468288,25.861591339111328,29471400
2010-06-07,25.982915705385444,26.08401757515783,25.591993789262087,25.612213134765625,20056900
2010-06-08,25.78071492163755,26.178378339613786,25.511111645640057,26.164897918701172,37256200
2010-06-09,26.447981568044757,26.83890348929792,26.151417450755407,26.353618621826172,34069600
2010-06-10,26.731061679624563,27.121986157180498,26.670401073490964,26.987184524536133,30468500
2010-06-11,26.555810835054736,27.229816160095453,26.549069341973617,27.142194747924805,21519200
2010-06-14,27.317432323506065,27.499414051964504,26.899549782856703,27.034351348876953,26320500
2010-06-15,27.29722919367543,27.681412213673994,27.21634923449877,27.654451370239258,26462700
2010-06-16,27.472463844491458,27.80272768035397,27.418544739915607,27.70162582397461,15695900
2010-06-17,27.512904873238487,27.519646368208974,27.13546085982777,27.378103256225586,32816900
2010-06-18,27.384846192777157,27.533125665282714,27.29048582723895,27.405065536499023,22142800
2010-06-21,28.57009484664177,28.679166925683887,28.072453323481877,28.358766555786133,37057900
2010-06-22,28.20197214801691,28.447384945902648,27.888390284266542,27.915658950805664,20265700
2010-06-23,28.256514252314027,28.358767868376876,27.9292980000424,28.126989364624023,25517200
2010-06-24,28.05200063112153,28.065632364368643,27.683881421851204,27.792953491210938,24436400
2010-06-25,27.956560102150302,28.195157040060998,27.731600098359166,28.072450637817383,19889700
2010-06-28,28.0929049240334,28.14062379845942,27.813407545045195,27.9224796295166,14812200
2010-06-29,27.118064243026843,27.193051767155133,26.756763554571858,26.797666549682617,35505500
2010-06-30,26.947636078477053,27.186232956720595,26.654504479809265,26.674957275390625,21510900
2010-07-01,26.681779014219273,26.88628881167729,26.306843952132382,26.845388412475586,27372600
2010-07-02,26.74313410156526,26.86584050879975,26.415917882434396,26.599977493286133,17803100
2010-07-06,27.268040539795035,27.527087653058327,26.872652703736172,27.10443115234375,26557200
2010-07-07,26.8317521718955,27.383928325732043,26.797667641489276,27.29530906677246,23236500
2010-07-08,27.152150090077242,27.30212253076745,26.995356583133102,27.23395347595215,15685600
2010-07-09,27.42483569159465,27.765686250924166,27.336213818033627,27.73160171508789,21814400
2010-07-12,27.779319227845725,27.854306763311097,27.46573735270259,27.588443756103516,18480300
2010-07-13,27.772498066127078,27.922470507980957,27.67705774796927,27.85430145263672,19086300
2010-07-14,27.527083938764576,27.677056373168885,27.37710890387763,27.595252990722656,17517100
2010-07-15,27.138526695429064,27.193061441161422,26.715870063705246,27.172611236572266,29438400
2010-07-16,26.76358376612966,26.8113052350828,26.347748283818643,26.409101486206055,30229800
2010-07-19,26.627244039695267,26.681778771629435,26.38864711109426,26.63405990600586,19101700
2010-07-20,26.70905281835985,27.39075400800562,26.688602614825253,27.36348533630371,31334800
2010-07-21,27.574812771127434,27.60889730943743,27.1044373008053,27.281681060791016,17497400
2010-07-22,27.765680764028104,28.195153112048757,27.758864898401118,28.031543731689453,26014300
2010-07-23,28.011099859367135,28.29741308904323,27.78613723563581,28.263328552246094,26039700
2010-07-26,27.970198273470686,28.283782789165244,27.90202919641912,28.201976776123047,15717400
2010-07-27,28.20196493439918,28.249683788395323,27.867932956426166,28.065624237060547,16382700
2010-07-28,28.038366103968208,28.201972906637536,27.929294035360908,28.072450637817383,15814500
2010-07-29,28.12016519152352,28.24287157494334,27.704327181098886,28.011093139648438,17226500
2010-07-30,27.745228874211065,28.242870250077058,27.649791158357683,28.11334800720215,20895300
2010-08-02,28.65190500061538,28.992755652920522,28.631454793631985,28.89731788635254,27118000
2010-08-03,28.590538724456213,28.67234471600457,28.379213080830244,28.617807388305664,19584600
2010-08-04,28.66553354024394,28.81550862907585,28.47465804571865,28.726886749267578,20912700
2010-08-05,28.46101815843147,28.665527948455324,28.379214762518544,28.651893615722656,15295800
2010-08-06,28.386036128085227,28.62463309640748,28.263329710201457,28.59736442565918,16067700
2010-08-09,28.774601287117786,28.835954486896675,28.67916355423578,28.78141975402832,15286800
2010-08-10,28.147431418994383,28.270137791796326,27.963371859791465,28.154247283935547,26469200
2010-08-11,27.574808181927676,27.581624048261894,27.261226320890547,27.370298385620117,24955400
2010-08-12,27.056716233997438,27.370300722289183,26.988547162902876,27.274860382080078,16552300
2010-08-13,27.308940581756488,27.411194162426355,27.213500265788813,27.302122116088867,14967800
2010-08-16,27.46573204993102,27.690692012411155,27.411194725400826,27.608888626098633,17279800
2010-08-17,27.949743605454945,28.038365471851435,27.73159947315834,27.84067153930664,16622500
2010-08-18,27.711149999205404,27.902025469843466,27.554356462057562,27.752050399780273,13889000
2010-08-19,27.806588199484327,27.85430706794176,27.370299916168772,27.567991256713867,23710600
2010-08-20,27.6293433372774,27.670246337358726,27.343030138157705,27.63616180419922,18025000
2010-08-23,27.52708163931532,27.59525068557896,27.23395005951329,27.2544002532959,14167100
2010-08-24,27.04307819538909,27.145334388507507,26.797668012774313,26.981727600097656,20283400
2010-08-25,26.804489865308636,27.05671857072202,26.606795901384057,26.961280822753906,18576800
2010-08-26,26.981727556258623,27.05671248387621,26.674961577884808,26.73631477355957,15396300
2010-08-27,27.02945257321114,27.288497146828817,26.661333315354103,27.247596740722656,21273900
2010-08-30,27.002178033457728,27.111250093507604,26.818118444532992,26.83175277709961,11222900
2010-08-31,26.818117351441025,27.008992798627567,26.66132643404023,26.784032821655273,14184900
2010-09-01,27.186232495325363,27.547533138512243,27.131695175344113,27.472545623779297,22159800
2010-09-02,27.554356462057562,27.752050399780273,27.493005861195257,27.752050399780273,14474500
2010-09-03,27.99064648354666,28.051999683018092,27.779318218593232,27.915658950805664,15647300
2010-09-07,28.05199987000151,28.072450069800578,27.602077271039708,27.63616180419922,28342800
2010-09-08,27.677065069857257,27.90884356001988,27.629346198395847,27.75887107849121,15596300
2010-09-09,27.98382923129716,28.004282032330835,27.779319424343438,27.888391494750977,12195300
2010-09-10,27.82022727752324,27.93611523482962,27.772508400928405,27.80659294128418,10151900
2010-09-13,28.529191451266993,28.61781332692661,28.420119373718023,28.583728790283203,23224900
2010-09-14,28.53600487664554,28.85640518554322,28.44056715071423,28.69961166381836,26960300
2010-09-15,28.365585066057243,28.56327902226879,28.263328854090304,28.515560150146484,17536300
2010-09-16,28.236053450436028,28.426931493888162,28.229237584822645,28.351943969726562,14658800
2010-09-17,28.56327326412356,28.6178079924909,28.399663878055605,28.60417366027832,14311900
2010-09-20,28.713245441879042,28.999561214628894,28.638257915671154,28.95865821838379,15299100
2010-09-21,28.883672202512823,29.081366127310567,28.760965807844094,28.938209533691406,19256700
2010-09-22,28.801869649053266,28.958660580055223,28.706431917181046,28.774600982666016,13130800
2010-09-23,28.542826998895098,28.80869003668785,28.495108125469915,28.556461334228516,12177400
2010-09-24,28.972299265459316,29.272246839327643,28.931396259734,29.210893630981445,22783000
2010-09-27,29.05409652686666,29.156352719294734,28.972293133214002,29.060914993286133,12905100
2010-09-28,28.876860835061997,29.04046765311977,28.720069884221846,28.965482711791992,16627000
2010-09-29,29.163169074028165,29.224522270416735,29.020012482615847,29.122268676757812,19616300
2010-09-30,29.26542102028584,29.46311491334069,29.02000827035329,29.190433502197266,16755700
2010-10-01,29.319967740778544,29.510845846884685,29.299517536742925,29.38132095336914,15093100
2010-10-04,29.59264364715434,29.708534182490155,29.306330443059803,29.551740646362305,20845800
2010-10-05,29.851683638459072,30.23343448586594,29.831230842717552,30.17889976501465,21930400
2010-10-06,29.9471342141924,30.172094260120478,29.90623120562196,30.158462524414062,13224200
2010-10-07,30.090285721003376,30.090285721003376,29.708534774602096,29.899410247802734,13674800
2010-10-08,29.947126311873667,30.39023301943526,29.872138782857117,30.267526626586914,21388500
2010-10-11,30.458387695831426,30.56745970457059,30.397034528385536,30.55382537841797,10766600
2010-10-12,30.431130156706207,30.567470867541036,30.233436256019843,30.458398818969727,15563700
2010-10-13,30.969675333286045,31.480951061745994,30.969675333286045,31.18100357055664,29151200
2010-10-14,31.46050882436235,31.508227696386335,31.024217907954743,31.27644920349121,30222100
2010-10-15,31.624107284136763,31.644557480889496,31.044662505291686,31.494585037231445,27549500
2010-10-18,31.283252316787305,31.73317478421474,31.25598365803839,31.583202362060547,20501600
2010-10-19,31.18099550859583,31.26279887586367,30.778791935512565,30.840145111083984,29260200
2010-10-20,31.19463743676636,31.699097334255207,31.160552905965915,31.480953216552734,21289400
2010-10-21,31.5968423556513,31.65819555364314,31.031031841267115,31.453685760498047,16812600
2010-10-22,31.32416934079642,31.36506974676422,31.04467196458754,31.133291244506836,14355900
2010-10-25,31.474137353202025,31.740002956593404,31.460505620140825,31.508224487304688,14363000
2010-10-26,31.41278004337227,31.562752479361134,31.19463335373974,31.474130630493164,13769300
2010-10-27,30.669737335229275,30.77199095228189,30.2607150655679,30.731090545654297,28841300
2010-10-28,30.894692014985235,30.983313881447824,30.683363748953887,30.751535415649414,10192700
2010-10-29,30.424322734213103,30.67655142893788,30.397054064382456,30.65610122680664,9945700
2010-11-01,31.09919922665603,31.2696244784907,30.867420780141554,30.969676971435547,14999700
2010-11-02,31.37870086240506,31.44005406554476,31.262812923409705,31.365066528320312,11337200
2010-11-03,31.79453373910046,32.06039670896915,31.419598714914283,32.03313064575195,30709800
2010-11-04,32.43533700810993,32.68074720019752,32.408068342161386,32.63984680175781,23943400
2010-11-05,32.53759842981767,32.68075505975131,32.42852634027532,32.605770111083984,12235200
2010-11-08,32.660296788940414,32.714834120483445,32.50350586147886,32.67393112182617,14190000
2010-11-09,32.55804640410626,32.57168073942572,31.814992032338427,31.978601455688477,30898500
2010-11-10,31.97859727286766,32.26491307615907,31.63093086938869,32.20355987548828,25520400
2010-11-11,32.2921766897738,32.36034835227579,32.03994803972398,32.34671401977539,18494900
2010-11-12,31.630924756444273,31.794531526292488,31.14009924593418,31.371877670288086,24530200
2010-11-15,31.119649801634267,31.37187842819204,30.88787137168089,30.96285629272461,16478600
2010-11-16,30.485675679852207,30.540210418562697,29.967581359443496,30.06983757019043,27395900
2010-11-17,29.919860376842404,30.294795455654516,29.892591709169416,30.103919982910156,20049000
2010-11-18,30.662913245545727,30.908326042253034,30.64927891234164,30.74471664428711,21400600
2010-11-19,30.44477081298828,30.512939882326997,30.022116862024976,30.44477081298828,20450800
2010-11-22,30.417493526877564,30.594737217713096,29.960755170652487,30.32205581665039,20046900
2010-11-23,29.694900030545384,29.742618898186386,29.449487225258384,29.633546829223633,16853400
2010-11-24,29.96757803998916,30.199356504922857,29.899408974031143,30.131187438964844,13119700
2010-11-26,29.544925422932874,29.653997493602656,29.42903488507438,29.449487686157227,9028700
2010-11-29,29.70171690953641,29.974398391479347,29.4835727641754,29.88577651977539,15418700
2010-11-30,29.44266568331518,29.77670032240034,29.408581152914568,29.544921875,12069100
2010-12-01,30.19935285225452,30.4106810919369,30.1039151312634,30.30160903930664,19699200
2010-12-02,30.301611146017635,30.79925258327176,30.2675266147915,30.717449188232422,17955900
2010-12-03,29.933497723183283,30.390238850980747,29.91986338797463,30.281164169311523,14299900
2010-12-06,29.86532631879884,29.974398391479347,29.769885979780476,29.88577651977539,12850000
2010-12-07,30.27434844127509,30.34933598502601,29.95394806360609,29.988035202026367,14026400
2010-12-08,29.783521256686672,29.865327264149023,29.401770290462714,29.517658233642578,22338300
2010-12-09,29.660809192138938,29.701712188073333,29.3949462197727,29.558555603027344,10113300
2010-12-10,29.60627555847168,29.715347617843317,29.55173822854435,29.60627555847168,15274200
2010-12-13,29.89941124489621,30.103921058785986,29.817607839436977,29.906227111816406,18292600
2010-12-14,29.926681345550428,29.99485041994782,29.701718719168742,29.84487533569336,11920200
2010-12-15,29.456304056819267,29.483572725074062,29.074553103185444,29.149538040161133,18194100
2010-12-16,28.999564001552336,29.12227040159707,28.890491934899597,29.040464401245117,12367400
2010-12-17,28.9859305764544,29.081368312705756,28.890492840203045,29.033649444580078,12072300
2010-12-20,29.08087480713492,29.10824949849619,28.8892363025466,29.00558853149414,10129600
2010-12-21,29.40939673844805,29.65578725450909,29.354642130059627,29.614721298217773,19474500
2010-12-22,29.50520975178159,29.594184670092645,29.49152110197658,29.5325870513916,11939100
2010-12-23,29.18353384030736,29.231442810568968,29.10140454997932,29.156156539916992,12892600
2010-12-27,28.93713824731934,29.231437647426088,28.90291793329724,29.121931076049805,9806100
2010-12-28,28.848165095764447,28.950826034780025,28.683903938159986,28.875539779663086,12287100
2010-12-29,29.20407162374388,29.361489828520806,29.19038558152673,29.27935791015625,9595200
2010-12-30,29.286191485382055,29.429918367084213,29.16983928768802,29.204059600830078,7980100
2010-12-31,29.38201714527338,29.512055413800223,29.340951192181272,29.49152374267578,6275700
2011-01-03,29.977451502539004,30.05958077705023,29.861101914551647,29.929542541503906,15317200
2011-01-04,30.264911623413212,30.3333522588317,29.963766561548955,30.30597496032715,15487600
2011-01-05,30.114341764170113,30.401795591441587,30.10749874435832,30.333354949951172,13247900
2011-01-06,30.162255502160143,30.203321460050233,29.93639926087345,30.093814849853516,9788500
2011-01-07,30.052748898282953,30.12803518234219,29.628411110036875,29.874801635742188,12219400
2011-01-10,29.63525184193506,29.71053812017926,29.477836265080512,29.64209747314453,8000100
2011-01-11,29.97061211997182,30.04589838525796,29.87479418627777,29.977455139160156,10040900
2011-01-12,30.62080892737332,30.696092582625724,30.42917044708265,30.586585998535156,18877800
2011-01-13,30.600274861562934,30.62080914117779,30.374418672542912,30.49761390686035,10316900
2011-01-14,30.40178781073055,30.52498302255851,30.367567498743327,30.49076271057129,7850400
2011-01-18,30.175946245516467,30.299141516878745,30.086971302678442,30.264921188354492,10130500
2011-01-19,30.477082255931936,30.53183685850364,30.19647144485983,30.347043991088867,18032800
2011-01-20,30.00481804689393,30.011661062800272,29.505194338799033,29.847402572631836,22490600
2011-01-21,29.902182083943078,29.998002670811246,29.55313051259173,29.587350845336914,16010000
2011-01-24,29.382014855285657,29.53943041360518,29.382014855285657,29.477832794189453,10906000
2011-01-25,29.26566987452952,29.38202212257892,29.04665664262395,29.313581466674805,15953600
2011-01-26,29.539432715861626,29.580498668953737,29.375171514336415,29.49152374267578,15161300
2011-01-27,29.573654367184787,29.669472317862954,29.443616092813464,29.525745391845703,11325900
2011-01-28,29.39570374388612,29.42992406365199,28.67022095497167,28.76603889465332,25557800
2011-01-31,29.115088057582426,29.368321514357092,29.019270133983504,29.121931076049805,22314200
2011-02-01,29.23145009056326,29.450463326544583,29.169852454765785,29.320425033569336,18007400
2011-02-02,29.402547273745178,29.48467917562021,29.251977341993793,29.286197662353516,8566900
2011-02-03,29.382020761844853,29.395709414560464,29.142475866430534,29.21091651916504,10378200
2011-02-04,29.279361907189664,29.354648203879645,29.032971340147533,29.340959548950195,10429400
2011-02-07,29.032961517075638,29.21091136010658,29.01242984705018,29.067184448242188,11147600
2011-02-08,29.03980393831169,29.1698421855069,28.95767465644328,29.142467498779297,12503700
2011-02-09,28.608620022632728,28.656528986926457,28.19797101130282,28.403295516967773,31562000
2011-02-10,27.95843389515526,28.430683304363285,27.924213566724866,28.3143310546875,21848300
2011-02-11,28.17059978233346,28.64969213931109,28.136379459158626,28.52649688720703,16001100
2011-02-14,28.71128440081314,28.841322648917888,28.63599813738935,28.690750122070312,13718800
2011-02-15,28.492275794167977,28.649691365193483,28.396457847530122,28.608625411987305,11364200
2011-02-16,28.704437945736213,29.121932586652743,28.697594926913876,28.957674026489258,18437200
2011-02-17,28.991901017776264,29.25198017723581,28.813951157309027,29.19722557067871,9968100
2011-02-18,29.41624050024614,29.44361780513015,29.142475283936534,29.245136260986328,16789300
2011-02-22,28.594941382515348,28.649695995639853,28.0610969587697,28.197980880737305,24546100
2011-02-23,28.239035464458915,28.35538767581142,27.95158166731068,28.22534942626953,19238500
2011-02-24,28.136371041433176,28.307475216960412,27.94473520031228,28.170591354370117,11708300
2011-02-25,28.526493093463273,28.64284269895302,28.410140877130566,28.63599967956543,10951100
2011-02-28,28.991897787013663,29.094558746603013,28.848170877082744,29.053495407104492,11632200
2011-03-01,29.17669211468664,29.21091243627082,28.759197403167384,28.861858367919922,17069700
2011-03-02,28.943989408291515,29.279352204980967,28.93714377767322,29.128782272338867,14715400
2011-03-03,29.35464344126283,29.676320252804786,29.35464344126283,29.648942947387695,15363200
2011-03-04,29.724222730686254,29.785820348980522,29.40939161977909,29.73106575012207,16840800
2011-03-07,29.799518196603092,30.011685805559722,29.43677539430924,29.49837303161621,14764900
2011-03-08,30.018521524228703,30.36072992717551,29.772131056372135,30.21015739440918,34981500
2011-03-09,30.27175791869183,30.470239438065565,30.141719652986534,30.408641815185547,18514000
2011-03-10,30.10065611358965,30.121187785914373,29.806356626332843,29.86795425415039,31140900
2011-03-11,29.566814951031503,29.87480312350089,29.491528663223026,29.79267120361328,19997700
2011-03-14,29.61472280830062,29.87480198972045,29.60787717648129,29.82004737854004,23084000
2011-03-15,28.69758979521645,29.50520163565769,28.649680839498945,29.299877166748047,31036500
2011-03-16,29.053496084602102,29.245131968978747,28.41014256846375,28.574403762817383,32774700
2011-03-17,28.889232797797312,28.943987395563678,28.574401693169484,28.7318172454834,17175400
2011-03-18,28.72497841680171,28.77973041171279,28.51280823576844,28.52649688720703,12589500
2011-03-21,29.07402482675848,29.334103937107628,29.07402482675848,29.258817672729492,15459300
2011-03-22,29.354644815879805,29.46415143183259,29.238295178674075,29.313581466674805,11043100
2011-03-23,29.395702745336074,29.648936236013014,29.251975840695888,29.559961318969727,17074100
2011-03-24,29.737911634915676,29.956924810537974,29.49836417912423,29.861106872558594,17826300
2011-03-25,29.85427034728532,30.052751914115095,29.806361363684175,29.888490676879883,8034100
2011-03-28,29.66262953473826,29.79951344144918,29.621563579471974,29.655786514282227,11812400
2011-03-29,29.7789751778572,30.01167700490764,29.696845889146164,29.922704696655273,13052500
2011-03-30,30.264912065577253,30.47023658567534,30.223846117220464,30.388107299804688,13184400
2011-03-31,30.449709692648195,30.798761170475856,30.449709692648195,30.737163543701172,18912300
2011-04-01,31.175182367778582,31.28468894309002,31.045144125484587,31.134119033813477,17661900
2011-04-04,31.435257815341068,31.72955719187194,31.346282917337167,31.72271156311035,18991700
2011-04-05,31.483169555664062,31.6542737380318,31.455792259882994,31.483169555664062,19728200
2011-04-06,31.640594480146227,31.743258064371474,31.510556202858524,31.53108787536621,11322100
2011-04-07,31.524238770633907,31.69534297075728,31.31206862257748,31.476329803466797,15016500
2011-04-08,31.626900667568123,31.736407254479722,31.332601225710135,31.496862411499023,9029100
2011-04-11,31.64742422657578,31.681644533860005,31.093045849539795,31.18886375427246,16528400
2011-04-12,31.00407711301735,31.12042931387806,30.68240302771621,30.826129913330078,13921200
2011-04-13,31.38736034943944,31.428423693674187,30.949333938646443,31.127281188964844,14566700
2011-04-14,31.00408194932648,31.236783776504314,30.969861629915066,31.175186157226562,13361800
2011-04-15,31.346280502133155,31.407878102029443,31.140956039426253,31.33943748474121,10753900
2011-04-18,30.668716795855545,30.839820990543963,30.470235303414704,30.723468780517578,13672400
2011-04-19,30.66188507996083,30.81245767508422,30.641353402750912,30.68926239013672,8458700
2011-04-20,31.373666239055613,31.537927419944925,31.24362798686529,31.476329803466797,16551500
2011-04-21,31.67481251707328,31.75694442285933,31.565305920201762,31.73641014099121,6750700
2011-04-25,31.626891591357047,31.667957528730007,31.339437862273005,31.394189834594727,7589200
2011-04-26,31.46949098631172,31.61321791892892,31.284698096870976,31.490022659301758,11095400
2011-04-27,31.250461351720904,31.264149996803013,30.785057862297577,31.18886375427246,17904800
2011-04-28,30.95618384225874,31.004092828414198,30.798768229055945,30.9493408203125,10824500
2011-04-29,30.805601914293447,30.969863110501343,30.675563649976088,30.942485809326172,12300000
2011-05-02,31.017768625724354,31.147806875551122,30.805598481524292,30.846664428710938,9416700
2011-05-03,30.545527982896758,30.607125610356874,30.258071517801756,30.463396072387695,18166500
2011-05-04,30.080116575891626,30.080116575891626,29.703687886921426,29.915855407714844,17565100
2011-05-05,29.744758017889108,30.059589167091275,29.56681077164019,29.669471740722656,21473700
2011-05-06,30.13487029476465,30.422326702929805,29.799507531221952,29.96376609802246,20754000
2011-05-09,30.018524169921875,30.182782755741297,29.833731302742667,30.018524169921875,11588800
2011-05-10,30.162253598034955,30.394955456368095,30.134876294503204,30.31282615661621,13518500
2011-05-11,30.114340367338812,30.196469655486425,29.60102774744099,29.861106872558594,18846000
2011-05-12,29.79266018429293,30.032207612432295,29.498360773989774,29.915855407714844,11372100
2011-05-13,29.977463571331626,29.98430920328841,29.429930502751482,29.566814422607422,20093600
2011-05-16,29.39571204333378,29.75845223478385,29.34095742757479,29.49837303161621,12765100
2011-05-17,29.334105545483474,29.63524800866468,29.29988522639245,29.5325870513916,21480300
2011-05-18,29.772131056372135,30.230689063116255,29.676313121281897,30.21015739440918,25296200
2011-05-19,30.2238494699102,30.244381140944682,30.00483627606502,30.19647216796875,9920600
2011-05-20,30.11433259393605,30.230682171208308,29.943228431470505,30.128021240234375,19303800
2011-05-23,29.423079816999092,29.47098878484196,29.210909665950002,29.388856887817383,17524600
2011-05-24,29.63525351746185,29.724228452312158,29.46414927935775,29.621564865112305,8272200
2011-05-25,29.621555990754963,29.895323734040513,29.56680400860347,29.76528549194336,8900800
2011-05-26,29.744749715721728,29.950074207421075,29.676309088769464,29.929542541503906,8672300
2011-05-27,30.21700761955257,30.34704589254345,30.14856436204949,30.237539291381836,9877700
2011-05-31,30.90142248154067,31.051992416381836,30.785070256918303,31.051992416381836,16719500
2011-06-01,30.880882124395352,30.887727753766743,30.374415206302793,30.442855834960938,20132000
2011-06-02,30.48391857476557,30.593425135614908,30.251216806605438,30.518138885498047,11695300
2011-06-03,29.840569147752266,30.1211799098038,29.806348832544554,29.915855407714844,12947500
2011-06-06,29.82689203951201,29.92270999511535,29.614721844359273,29.621564865112305,12712000
2011-06-07,29.943236504402318,30.121183732571836,29.792663965367556,29.806352615356445,17277000
2011-06-08,29.676320252804786,29.83373584268774,29.512059031145785,29.648942947387695,14901100
2011-06-09,29.47098223935848,29.778967646847043,29.34094140337301,29.69683837890625,14594000
2011-06-10,29.26566774199386,29.3546426768607,28.875550287911476,28.96452522277832,25540900
2011-06-13,29.39570439603765,29.416236066184066,28.9987413675863,29.169845581054688,17450300
2011-06-14,29.55996325828348,29.676315482180108,29.470990946246022,29.51889991760254,13967800
2011-06-15,29.149320422958265,29.272515693045165,28.813954940867557,28.97821617126465,17647600
2011-06-16,28.71812864702788,29.026116732903173,28.59493341267776,28.800260543823242,24620300
2011-06-17,28.82079221260062,28.91661014801895,28.697596978250502,28.800260543823242,18934700
2011-06-20,28.601789456787213,28.77289372114582,28.581255169690344,28.71129608154297,11319300
2011-06-21,28.84070034477594,29.181638373688905,28.819824692012993,29.15380859375,16809600
2011-06-22,28.73634136846317,28.93116583029634,28.548476345042637,28.604141235351562,17452300
2011-06-23,28.304936909348065,28.72241279008305,28.075323316970984,28.715456008911133,18033900
2011-06-24,29.29295963537596,29.32775149831837,28.896356816900184,28.9728946685791,20324000
2011-06-27,29.230346633000934,29.56433056703459,29.139895194520452,29.466917037963867,18112300
2011-06-28,29.36255270310477,29.661744797768506,29.251225597247167,29.640869140625,11590900
2011-06-29,29.397337590727115,29.61303498775019,29.230345629443576,29.536497116088867,21087300
2011-06-30,29.710439265435657,29.9191771800284,29.619985195888386,29.884387969970703,12340100
2011-07-01,29.89831677369435,30.204465667052943,29.807862666060878,30.127927780151367,12557200
2011-07-05,30.03747232225558,30.058347979538866,29.77307210297815,29.8983154296875,14262900
2011-07-06,29.473884709313307,29.52954694437277,29.181649348945083,29.5156307220459,19269500
2011-07-07,29.717411439331833,29.88440345005564,29.661749205255877,29.780033111572266,13297800
2011-07-08,29.57824611412551,29.661743430355145,29.299929689435736,29.411256790161133,20186400
2011-07-11,29.08423542629573,29.08423542629573,28.61805397087801,28.722421646118164,22336300
2011-07-12,28.499766693498476,28.645883027656005,28.332777355674917,28.451061248779297,16113700
2011-07-13,28.72937578501121,29.119019280840693,28.701543348381318,28.875492095947266,16927700
2011-07-14,28.896368577861217,29.00073890067469,28.59021970078796,28.666757583618164,20518300
2011-07-15,28.882444693983416,28.931152778153347,28.638917544368063,28.757204055786133,8279800
2011-07-18,28.701548032602936,28.7224210363583,28.437145149961726,28.673715591430664,11412800
2011-07-19,28.847660895133632,29.063358306884762,28.826787893890653,29.063358306884766,13023000
2011-07-20,29.056410609886093,29.286024333318522,29.042497039600885,29.18165397644043,11975000
2011-07-21,29.15380917048987,29.418209337745598,29.08422808364857,29.348630905151367,19199600
2011-07-22,29.459964475062648,29.58520780470054,29.341677928516795,29.529542922973633,8580700
2011-07-25,29.265136255188875,29.418209337745598,29.209471385715837,29.348630905151367,9810000
2011-07-26,29.626949251529165,29.76610611346501,29.49474651674431,29.6826114654541,11227800
2011-07-27,29.585213329801405,29.62000256025386,29.153821032845055,29.265148162841797,20290600
2011-07-28,29.51562486492209,29.654784406327742,29.348635538633292,29.473878860473633,15532700
2011-07-29,29.12598133408324,29.599122182313973,29.112065114517925,29.473878860473633,12415400
2011-08-01,29.703486678780514,29.73827855110579,29.07031335446969,29.37646484375,21634400
2011-08-02,29.070314581132443,29.13989567447186,28.569343980325215,28.63196563720703,17990700
2011-08-03,28.437138905392665,28.54150920974595,27.88050347541836,28.4788875579834,24115100
2011-08-04,27.797007529613115,27.922250827304,27.247328906886125,27.302993774414062,30171700
2011-08-05,27.254292914915204,27.407368686959423,26.120148807898598,26.969017028808594,35295400
2011-08-08,25.953157861330347,26.572415103380997,24.923381385726774,25.041667938232422,46831800
2011-08-09,25.139083064582543,26.078405588099983,24.672898868006637,26.064489364624023,54818600
2011-08-10,25.006871031720863,25.313022526610222,24.36674091376539,24.43631935119629,44624400
2011-08-11,24.860755109009993,25.848785392299412,24.83292267190386,25.758331298828125,29461400
2011-08-12,25.702665583392246,25.807035892000663,25.326938311745803,25.542633056640625,16606500
2011-08-15,26.259313454519646,26.49588394165039,25.987951082084347,26.49588394165039,21221700
2011-08-16,26.21755532826038,26.481958166567704,26.029690363219434,26.314966201782227,16069600
2011-08-17,26.405416644265078,26.600238364385827,26.071435415095138,26.21059226989746,19447100
2011-08-18,25.431307576762503,25.486972452678366,24.86771530647492,25.187780380249023,27812000
2011-08-19,24.909461162010633,25.507845303334335,24.874671941892423,24.965126037597656,18856700
2011-08-22,25.180823549030734,25.222572210287257,24.693769105609512,24.81900978088379,16279000
2011-08-23,25.299103998460783,26.015771924706655,25.06949039825754,25.96010971069336,26091600
2011-08-24,25.424352573448854,25.751374452471893,25.33389847087979,25.66092300415039,15922200
2011-08-25,25.820954106258075,25.946197424571572,25.306064613830657,25.48697280883789,15365100
2011-08-26,25.22256568432017,25.737455089606676,24.819003359332505,25.71657943725586,25135200
2011-08-29,25.89748634306137,26.433248720414376,25.87661069172508,26.41933250427246,22637500
2011-08-30,26.25930731121086,26.57937240884797,26.11318832816125,26.39846420288086,19809100
2011-08-31,26.81594126796812,26.941184586524074,26.593287069256963,26.878562927246094,19416100
2011-09-01,26.795066975403053,26.962058960056844,26.481961317329468,26.50283432006836,13124000
2011-09-02,25.939238478197634,26.120146676624625,25.765289716612624,25.827911376953125,13933400
2011-09-06,25.215608865490925,25.87661191076723,25.20169264869342,25.862695693969727,16935000
2011-09-07,26.182770919512034,26.405425143962628,26.06448436975831,26.335844039916992,14226100
2011-09-08,25.855743472259707,26.147978768048038,25.66092171123244,25.709627151489258,18435900
2011-09-09,25.493929711926892,25.57046759061922,24.95121043283211,25.013832092285156,20690700
2011-09-12,24.67985355770899,25.00687545659625,24.44328311263751,24.902507781982422,16146000
2011-09-13,24.867715159567723,25.02078825893732,24.72159618827547,24.965126037597656,14088200
2011-09-14,24.909465369130498,25.18082504783052,24.498946132206726,25.027751922607422,17561700
2011-09-15,25.159948964055364,25.347813946529683,24.85380009682729,25.299108505249023,11724100
2011-09-16,25.52175963993933,25.64004351046699,25.23648380921402,25.480010986328125,10771700
2011-09-19,24.540688799729036,24.77725919463197,24.27628596913231,24.638099670410156,17980700
2011-09-20,24.72855168030969,24.916416624077858,24.429359657373002,24.505897521972656,12768300
2011-09-21,24.255409628308424,24.3597772664128,23.385666039538023,23.427412033081055,31720800
2011-09-22,22.439389370787296,22.68291656582558,21.8062160094404,21.938417434692383,46935500
2011-09-23,22.126281680852145,22.59246573659037,22.028870800197197,22.453306198120117,28182000
2011-09-26,22.001042233707313,22.599425133249312,21.7923029018564,22.355897903442383,31762500
2011-09-27,23.316085382486698,23.824017983271943,23.20475830727618,23.490034103393555,28140900
2011-09-28,23.072563780026027,23.2325963232119,22.571590494054618,22.606382369995117,26360100
2011-09-29,23.114310378139102,23.1630158150171,22.66204257370369,22.89861297607422,43310600
2011-09-30,21.994081303190878,22.300230160586366,21.444402592966064,21.45136070251465,30462200
2011-10-03,20.999093647931797,21.430485811636746,20.672069143346402,20.699901580810547,29614100
2011-10-04,20.108475161855928,20.797312050110015,19.90669530268993,20.727733612060547,36200000
2011-10-05,20.69990301132202,21.60443605743785,20.66511378921132,21.56964683532715,45868300
2011-10-06,21.437445636456367,21.90362838429608,21.20783331749793,21.875797271728516,39946100
2011-10-07,22.06366417043292,22.126285841808475,21.534861009898858,21.597482681274414,18803700
2011-10-10,22.112364809491705,22.773369240251558,22.09149048245245,22.74553680419922,30010100
2011-10-11,22.766412651620744,23.5109130697339,22.689874778950703,23.239553451538086,26079200
2011-10-12,23.726609922695044,24.429364403039536,23.712696357562187,24.158004760742188,42240800
2011-10-13,23.95621917984545,24.025797609774624,23.462205426306227,23.872724533081055,26364800
2011-10-14,23.865765618183243,24.12320899963379,23.77531153390445,24.12320899963379,21432800
2011-10-17,23.907518310121404,23.991012972818407,23.31609092587835,23.357839584350586,31592800
2011-10-18,23.20476908658456,23.85185884129034,22.75946057888339,23.75444793701172,27977500
2011-10-19,23.392628662529923,23.58745307995839,23.016901355573328,23.04473114013672,22058100
2011-10-20,22.856864365688917,22.856864365688917,22.23760724910896,22.66204261779785,29927600
2011-10-21,22.954283394252318,23.350886421349845,22.940367172604418,23.28130531311035,18215100
2011-10-24,23.886651754011968,24.756395800034866,23.810113853282243,24.54765510559082,31857500
2011-10-25,24.39457834407288,24.491989238115313,24.095386224229525,24.16496467590332,21868600
2011-10-26,24.965125573953635,25.215612200948566,24.464152319963773,25.139074325561523,39225800
2011-10-27,26.24538476605186,26.975968888238725,25.855738662236963,26.586322784423828,56195800
2011-10-28,26.15493834724221,26.558498131700123,26.099273464283765,26.294097900390625,24394300
2011-10-31,25.681794902416343,25.75833278174087,25.02078908145152,25.090370178222656,28003300
2011-11-01,24.324991144354158,24.9512076695323,24.09538018795359,24.707677841186523,35688000
2011-11-02,25.633089751253266,26.085357595506657,25.43826798658902,26.050565719604492,31807200
2011-11-03,26.11319020705435,26.70461765619644,25.8487899704592,26.488920211791992,38236700
2011-11-04,26.280177249866966,26.34975568758918,25.688749912239082,26.24538803100586,40755900
2011-11-07,26.328879411781145,26.614155217749236,26.071436039138465,26.586322784423828,19454400
2011-11-08,26.73940353150831,27.14296327347289,26.314968133508586,27.10121726989746,38439000
2011-11-09,26.078397461013445,26.224513780602923,25.37564564709686,25.633089065551758,51857200
2011-11-10,25.953153942107168,26.057524257718814,25.5635104262181,25.737459182739258,16643800
2011-11-11,26.04360867079537,26.46108463487981,26.001860012687946,26.30105209350586,16204000
2011-11-14,26.168847658175487,26.224509872188783,25.68179067788585,25.96010971069336,19730800
2011-11-15,26.0157787940938,26.454130457524595,25.974032786122677,26.294097900390625,15367800
2011-11-16,25.466102099988237,25.758337450905046,25.152996397628126,25.18082618713379,37267000
2011-11-17,25.285199012147583,25.417399151613715,24.41545496612469,24.54765510559082,34233800
2011-11-18,24.770301260622258,24.81204991669453,24.478068630858303,24.57547950744629,17728200
2011-11-21,23.991013529709694,24.01188653230659,23.510915890248334,23.824024200439453,23538100
2011-11-22,23.893602575363886,24.088424343691756,23.56657804631565,23.87968635559082,22765700
2011-11-23,23.53179207248662,23.594413742986355,23.183894492876533,23.225643157958984,17868200
2011-11-25,23.239552831933462,23.54570166020399,23.190847396850586,23.190847396850586,11878400
2011-11-28,24.123212678340234,24.262372216702722,23.858812475123678,24.081466674804688,22355200
2011-11-29,23.997969951208432,24.241497131729584,23.82402120676555,23.858810424804688,17960300
2011-11-30,25.020790098511487,25.39652007360617,24.491987012792997,25.201698303222656,43696900
2011-12-01,25.45218120483449,25.695708381948595,25.382600115482482,25.480010986328125,17913700
2011-12-02,25.695711058613583,25.78616515707001,25.243443220578893,25.326940536499023,16856000
2011-12-05,25.80703693263965,25.925320809868126,25.521761085753393,25.653961181640625,19170800
2011-12-06,25.514801976383726,25.66092094705018,25.27127478235188,25.43826675415039,14751600
2011-12-07,25.410429394252603,25.702661970482797,25.23648067385458,25.61916732788086,17043200
2011-12-08,25.313024650441502,25.41739231534458,24.777262143680453,24.83988380432129,20960200
2011-12-09,25.00687003214241,25.41043238500267,24.589394115749926,25.257356643676758,23329300
2011-12-12,24.561563750568634,24.60331240742588,24.10929857872834,24.311077117919922,26176600
2011-12-13,24.533733796113776,24.6728933454771,24.039719917409222,24.17192268371582,29125600
2011-12-14,24.06059394238615,24.15800482405614,23.796191081962274,23.92143440246582,23081400
2011-12-15,23.99101566550815,24.053637333121262,23.65703432298747,23.719655990600586,21881500
2011-12-16,24.12321158110487,24.380657644352233,23.914473610179222,24.025800704956055,27367600
2011-12-19,23.96234743257471,24.01813731114927,23.390487210428397,23.43930435180664,19485600
2011-12-20,23.857733692683837,24.485386346938768,23.857733692683837,24.436569213867188,29201300
2011-12-21,23.955368605400007,24.24827407206945,23.732203802382475,24.24129867553711,21733300
2011-12-22,24.297088242554075,24.708548796737897,24.234322983090983,24.624862670898438,23555300
2011-12-23,24.57604554246425,24.659731668303714,24.45051502353807,24.624862670898438,8997100
2011-12-27,24.534198760986328,24.652753872689793,24.408668254280474,24.534198760986328,7558300
2011-12-28,24.290111836347428,24.304057304934844,23.976285586459174,24.08089256286621,15225400
2011-12-29,24.199454893508356,24.36682715146612,24.164585894794996,24.304061889648438,12622100
2011-12-30,24.269187488755186,24.38774525039123,24.185501378404346,24.318004608154297,7556100
2012-01-03,24.973548878026,25.21763443137694,24.952625358929488,25.092103958129883,18495200
2012-01-04,24.652749674190844,24.771307426036987,24.562090837269206,24.722490310668945,14547100
2012-01-05,24.71552014501703,24.96658116877951,24.52025164223902,24.889867782592773,14266300
2012-01-06,24.694606165721517,24.701578902621957,24.401703329880736,24.527231216430664,14557700
2012-01-09,24.973557444659967,25.10606069616954,24.875920529494373,25.050268173217773,15488700
2012-01-10,25.573309876153296,25.86621528691459,25.573309876153296,25.615154266357422,25924300
2012-01-11,25.573315366467394,25.670952297905277,25.482656492062333,25.622135162353516,14682600
2012-01-12,25.67791779189198,25.761603906329537,25.454753046502756,25.691865921020508,10986100
2012-01-13,25.447787489573127,25.684900430967833,25.30133342258348,25.622135162353516,15733300
2012-01-17,26.29859555947736,26.333464552997945,26.110299802065786,26.235830307006836,26287400
2012-01-18,26.256756243988782,26.730982048377292,26.200963720962406,26.72400665283203,24602000
2012-01-19,26.94716963612691,27.051779279692788,26.758873873908584,26.919273376464844,20312700
2012-01-20,26.779800746646636,26.98901739959945,26.640322091233397,26.968093872070312,18070100
2012-01-23,27.009936927371893,27.428372872861367,26.982040665605805,27.07967758178711,14357200
2012-01-24,26.89138469530518,27.240080023852702,26.82164403339514,27.17731475830078,16331100
2012-01-25,27.08664709785036,27.553897455397497,26.97506472438137,27.484159469604492,16081100
2012-01-26,27.658504257705456,27.756138491935545,27.24704379892626,27.32375717163086,17002100
2012-01-27,27.41442554095974,27.665483923169678,27.351660280323753,27.616666793823242,12218500
2012-01-30,26.737949870808443,26.995983591559998,26.549654130692407,26.828611373901367,19828900
2012-01-31,27.156388311142933,27.16336370675143,26.828616546560216,27.07967758178711,15555900
2012-02-01,27.40745232419512,27.7143059162939,27.330738926170426,27.491138458251953,19449600
2012-02-02,27.81194038612289,28.049053317962994,27.74917512003774,27.84680938720703,15714600
2012-02-03,28.202474990798205,28.362874510038814,28.10484073215905,28.237346649169922,23063000
2012-02-06,27.756145029589742,27.86772741789661,27.707327900976363,27.804962158203125,14441400
2012-02-07,27.60969020452751,27.78403783081012,27.428369843740402,27.70035171508789,12675300
2012-02-08,27.944433783848506,28.18154663193565,27.916537528701003,28.17457389831543,18507600
2012-02-09,28.076940576485573,28.13273309387699,27.73522071863094,27.958385467529297,11689600
2012-02-10,27.254019878728972,27.254019878728972,26.961114508335555,27.149410247802734,24124900
2012-02-13,27.52601011941535,27.609696253472183,27.365610587333823,27.491138458251953,12511200
2012-02-14,27.42139961936145,27.491137618890523,27.274948224149895,27.470216751098633,12704800
2012-02-15,28.00022778995325,28.02812138625755,27.693374287604826,27.76311492919922,16814500
2012-02-16,27.811940118558358,28.125766445964953,27.68640958759572,28.111818313598633,15959100
2012-02-17,28.202474871869853,28.20945026764839,27.958389226301268,28.07694435119629,12047000
2012-02-21,27.965364522959952,28.069974186546624,27.75614785612087,27.84680938720703,13156200
2012-02-22,28.021155411401967,28.14668593621833,27.95141741331914,28.118789672851562,10439000
2012-02-23,28.01417647995215,28.069968999644573,27.832856111619318,27.993255615234375,10411900
2012-02-24,27.958386930680714,28.2233960814914,27.937466065730906,28.007204055786133,11184300
2012-02-27,27.512063758345967,27.78404570679256,27.40745408878909,27.693384170532227,10734300
2012-02-28,27.993260211613986,28.160635137839765,27.9095740786682,28.097869873046875,15067400
2012-02-29,28.24432127078555,28.41169619701133,28.00720834382732,28.097869873046875,17373000
2012-03-01,27.965362884668426,28.195503066943125,27.923521149952375,28.118789672851562,17677600
2012-03-02,28.00720042777689,28.15365178412206,27.89561806194246,28.083913803100586,9517500
2012-03-05,27.56087601873112,27.60272041121777,27.233101595087195,27.316787719726562,15822200
2012-03-06,26.47992291325235,26.47992291325235,26.187017467039073,26.326496124267578,22380700
2012-03-07,26.410182194093423,26.52873998358355,26.31952332838615,26.445051193237305,13942100
2012-03-08,26.961119490976373,27.128494399323955,26.828616239604393,27.06572914123535,14418500
2012-03-09,27.19823539702956,27.344686795302586,27.14244286797267,27.21915626525879,17131700
2012-03-12,27.156388311142933,27.219153569949658,27.009936927371893,27.07967758178711,13082400
2012-03-13,27.344684338256492,27.88865080634645,27.28889447454679,27.867727279663086,19397700
2012-03-14,27.421398837079817,27.560877492493056,26.89138313891041,26.968093872070312,39645900
2012-03-15,27.02388209297102,27.135464467457687,26.89835158913182,27.100595474243164,11477600
2012-03-16,27.107572386625638,27.177313044136906,26.912303866262217,27.030858993530273,10866100
2012-03-19,26.458992096858786,26.710053078644137,26.42412310724046,26.479915618896484,26127900
2012-03-20,26.019639344996683,26.033587473610748,25.761602956136763,25.991743087768555,17734800
2012-03-21,25.956877546869517,26.152146052756596,25.852267898524943,26.09635353088379,14448400
2012-03-22,25.831349541927917,25.85227040949528,25.55239222613716,25.72673988342285,21221000
2012-03-23,25.643046990596183,25.789498345615883,25.503568369482142,25.74765396118164,12273600
2012-03-26,25.852263186744295,26.0684551790979,25.83134232502192,26.019638061523438,15284500
2012-03-27,26.068459979963222,26.138197972103267,25.92200593993493,25.977798461914062,11241700
2012-03-28,25.838316250989806,25.873185242247068,25.454752026492915,25.59423065185547,24043000
2012-03-29,25.147902958250402,25.385015840043128,24.889866551956118,25.315275192260742,26270500
2012-03-30,25.69187054817759,25.71976681145882,25.461730366608588,25.573312759399414,16671200
2012-04-02,25.461726969587176,25.99174525988083,25.40593711080211,25.866214752197266,24756300
2012-04-03,25.9778011285556,26.019645524335314,25.643053943320353,25.94293212890625,25645400
2012-04-04,25.517519618594502,25.59423300260647,25.308302991501527,25.5454158782959,17310800
2012-04-05,25.538438596471284,25.859240238669617,25.531465862227943,25.803447723388672,19995400
2012-04-09,25.37804160034866,25.468703116425978,25.308303609725378,25.35014533996582,15544700
2012-04-10,25.343167834223852,25.39895768415336,24.79222876687841,24.93170738220215,19568000
2012-04-11,25.301326570598984,25.34317095845455,25.14790246912919,25.224613189697266,14519200
2012-04-12,25.503570841841835,26.180040490606327,25.503570841841835,26.11727523803711,34550500
2012-04-13,26.145173317689427,26.221884044763733,25.831347032989576,26.09635353088379,31383400
2012-04-16,26.21490947649452,26.305570988030954,25.740683715073644,25.859241485595703,23975300
2012-04-17,26.02661487506392,26.242806901306224,25.87318810416075,26.152145385742188,17750400
2012-04-18,26.061484488245082,26.24280752367336,26.005694626805976,26.180042266845703,8341600
2012-04-19,26.368340828658894,26.59150561870707,26.075435379011818,26.340444564819336,18902500
2012-04-20,26.563610220962705,26.75190601751781,26.48689682306978,26.500844955444336,17463000
2012-04-23,25.831343981029146,25.887133835976538,25.52449046765105,25.803447723388672,23768700
2012-04-24,25.90805573000884,26.152141318178487,25.8522632182367,25.935949325561523,14764100
2012-04-25,26.082410135490125,26.193992527777752,25.9638523472466,26.17306900024414,12254200
2012-04-26,26.138192231992836,26.41714945996001,26.082402382599373,26.319515228271484,10696900
2012-04-27,26.319525985370113,26.47992552589176,26.166099181247503,26.410184860229492,13480200
2012-04-30,26.486891546312847,26.59847392274543,26.270699528078723,26.452022552490234,14940700
2012-05-01,26.43110283429239,26.905328619776295,26.4241274390252,26.74492645263672,18564500
2012-05-02,26.591500973864875,26.73097960836524,26.410177950914296,26.717031478881836,25031200
2012-05-03,26.62637424532006,26.65427050876881,26.368340459254405,26.445051193237305,13327800
2012-05-04,26.305569739872148,26.312542474120868,25.949899105515676,26.061481475830078,15285100
2012-05-07,25.8592494943232,26.068466180843377,25.8592494943232,25.928987503051758,10858100
2012-05-08,25.6291038754727,25.650024741615205,25.099088203969046,25.40593910217285,23524600
2012-05-09,25.00842241291845,25.1827700285575,24.813153934709433,25.057239532470703,25154900
2012-05-10,25.13395602559198,25.168825020976815,24.9038158674512,24.973556518554688,22573400
2012-05-11,24.687624418242276,24.931710025689007,24.548145788129744,24.63880729675293,19818100
2012-05-14,24.276167363393828,24.38077435555458,24.101819716125274,24.22735023498535,15901200
2012-05-15,24.290115183904533,24.408670305571302,24.094844012432883,24.213401794433594,16452300
2012-05-16,23.864706138119686,24.08787090751916,23.648514103867864,23.66246223449707,26271700
2012-05-17,23.529957837698934,23.599695827113596,23.132442784967306,23.146390914916992,25073200
2012-05-18,23.251000291137174,23.34863453932485,22.985991145817962,23.013887405395508,15687700
2012-05-21,23.18823687252963,23.62759368448159,23.153367875464795,23.613645553588867,17566100
2012-05-22,23.55087941523284,23.711278924008123,23.18823600656677,23.453245162963867,28275200
2012-05-23,23.11152284893319,23.230080628102815,22.825592824309116,23.188236236572266,28348300
2012-05-24,23.209158019640665,23.271923279250696,22.658221474545915,22.832569122314453,32867700
2012-05-25,22.707037282347383,22.783748008223142,22.616375765887526,22.720985412597656,11446600
2012-05-29,23.606666656041202,23.662459171335545,23.411398173178107,23.62759017944336,25318000
2012-05-30,23.16731979642922,23.251005935142295,23.027841125017837,23.216136932373047,14158900
2012-05-31,23.32771553934023,23.509035920419333,23.118498896453893,23.35561180114746,17265300
2012-06-01,22.881382023471133,22.99296439101452,22.7628242615187,22.797693252563477,17924700
2012-06-04,22.672162351560093,22.83953723005223,22.53965912382334,22.727954864501953,19190800
2012-06-05,22.65821772525755,22.839538078386536,22.588477081489835,22.748876571655273,12818400
2012-06-06,23.0348101110322,23.418377060046755,22.992968378655302,23.35561180114746,15750000
2012-06-07,24.115769718174814,24.157611454151827,23.467196207189335,23.55088233947754,30194500
2012-06-08,23.006920155612136,23.034813761505895,22.790728082845682,22.881389617919922,22985000
2012-06-11,23.35561324039308,23.362585976107596,22.83257027077873,22.86743927001953,14600100
2012-06-12,23.25797761919715,23.432325285488982,23.09757808544877,23.376535415649414,17284700
2012-06-13,23.453242724511792,23.71824919302211,23.39745020882526,23.481136322021484,16193500
2012-06-14,23.39047439242568,23.71824606772689,23.209151400670503,23.529953002929688,18063600
2012-06-15,23.857735831797747,24.053007041926552,23.815894091318654,24.03208351135254,21865400
2012-06-18,24.025109030797534,24.178533168641657,23.899578497803258,24.108795166015625,21277600
2012-06-19,24.227343956386054,24.534194778337035,24.2133958289792,24.338926315307617,19013400
2012-06-20,24.318201906440756,24.35394239808231,23.996532028017324,24.261014938354492,14210000
2012-06-21,23.8964565081324,23.917900256807865,23.19593254087972,23.245969772338867,23497600
2012-06-22,23.38893428647185,23.39608129370262,23.117301655684763,23.253116607666016,13908900
2012-06-25,22.938598235389087,22.945745243166833,22.60263296992685,22.752744674682617,21337800
2012-06-26,23.095858881511305,23.103005889043583,22.88141047999719,23.01007843017578,18338400
2012-06-27,23.33174913486149,23.43182360481834,23.23882167269093,23.324602127075195,15458200
2012-06-28,23.031527320856807,23.231676274638932,22.91715610057774,23.224529266357422,10955700
2012-06-29,23.75349022123645,24.125197291916013,23.732046474005227,24.068010330200195,20575500
2012-07-02,24.046565019035583,24.132342729206105,23.88215660503198,24.053714752197266,11526100
2012-07-03,24.203831633710916,24.504055047307414,24.16094140598649,24.446870803833008,12159600
2012-07-05,24.32535393622281,24.482615404103335,24.0966114703013,24.368244171142578,12721600
2012-07-06,23.9965367142239,24.060870702472165,23.739200761230844,23.91075897216797,14329800
2012-07-09,23.68915849854298,23.703455240327322,23.460416083642873,23.62482452392578,11610900
2012-07-10,23.610528163461037,23.682011873537235,23.052968858990297,23.181636810302734,20201800
2012-07-11,23.381781785981307,23.51759944871776,23.210226364494773,23.36748504638672,18089000
2012-07-12,22.924298077864808,23.038669273043833,22.73844454484584,22.938594818115234,24616600
2012-07-13,23.06011329379798,23.374636129392897,23.06011329379798,23.28885841369629,13405800
2012-07-16,23.095857754930552,23.217375964824694,22.967189811028188,23.203079223632812,9962400
2012-07-17,23.47471123740393,23.77493461409148,23.253115844974197,23.724897384643555,22084100
2012-07-18,23.296009549435986,23.639123199859654,23.267416063527786,23.567642211914062,12978600
2012-07-19,23.903603383416137,24.182385748780682,23.875012627614936,24.09660530090332,19684900
2012-07-20,24.003681822114398,24.017975837346775,23.624824974662847,23.77493667602539,18871800
2012-07-23,23.138745556066677,23.388934439978925,22.98148685453641,23.30315399169922,19886000
2012-07-24,23.30315443206043,23.3603413986609,23.045821262832263,23.217376708984375,10525600
2012-07-25,23.467566227598773,23.553343952977485,23.26741456594881,23.360342025756836,8374600
2012-07-26,23.710599237369664,23.82497315712281,23.589081037868443,23.760639190673828,14338600
2012-07-27,23.996533786605383,24.546946124061446,23.91075605501448,24.389684677124023,23598900
2012-07-30,24.275308520267107,24.461163415528542,24.275308520267107,24.346792221069336,9541700
2012-07-31,24.52550135152981,24.639872564496446,24.425424154212294,24.454017639160156,9232600
2012-08-01,24.697055784480263,24.725649268243625,24.43971988425939,24.51835060119629,13143600
2012-08-02,24.28246025043773,24.482609175492925,24.103755073974277,24.275310516357422,12639100
2012-08-03,24.68276289154007,24.954395576000053,24.675615882897098,24.875764846801758,17606400
2012-08-06,24.925791456077167,25.190277019082057,24.8900509744566,25.011571884155273,8910000
2012-08-07,25.11880433304453,25.31180629053449,25.111657324319044,25.154544830322266,10525400
2012-08-08,25.111650035699046,25.333242690599157,25.10450030222361,25.19742774963379,10323100
2012-08-09,25.261767029454678,25.504806209068985,25.197433048767806,25.22602653503418,14547700
2012-08-10,25.075912605198358,25.226024304586765,25.0115786301998,25.183134078979492,9121900
2012-08-13,24.990133707683878,25.104504922922654,24.868615484478557,24.96154022216797,11739300
2012-08-14,25.2188739976541,25.254617214927634,25.11165252630739,25.16168975830078,8606000
2012-08-15,24.94009167013521,25.04731585676532,24.89005444352765,24.968685150146484,7367600
2012-08-16,24.76138803422048,24.840018745678577,24.611276345159297,24.74709129333496,11857700
2012-08-17,24.797127043342883,24.797127043342883,24.589831129933767,24.661312103271484,9346300
2012-08-20,24.511206531640173,24.654171240768385,24.439722813663554,24.63272476196289,9634700
2012-08-21,24.654168458865644,24.76138993349449,24.461166532344073,24.51120376586914,7664000
2012-08-22,24.346792518459043,24.554088436256663,24.268161810028317,24.504051208496094,10805700
2012-08-23,24.63272300365586,24.647019746230672,24.425424326558378,24.446870803833008,7736600
2012-08-24,24.303909128320882,24.403983611969,24.060869927964667,24.31105613708496,15035900
2012-08-27,24.16809222020421,24.16809222020421,23.88930981778029,23.953643798828125,15302400
2012-08-28,23.99653773474286,24.082315480446727,23.875019488897824,24.025131225585938,9661900
2012-08-29,24.010827120067507,24.039420602145757,23.817825206276115,23.94649314880371,7464200
2012-08-30,23.674862947604755,23.689159690108223,23.53189824939489,23.5533447265625,9297700
2012-08-31,23.639123916625973,23.76779188028933,23.481862466187433,23.639123916625977,8924900
2012-09-04,23.317450426343296,23.3388969015434,23.131598244497972,23.203079223632812,13550900
2012-09-05,22.96004045466894,23.038671169105324,22.874262732931335,22.99578094482422,16058900
2012-09-06,23.08870691327164,23.46756371961991,23.060113432259612,23.396080017089844,16429400
2012-09-07,23.996531428145232,24.132346383717888,23.96793794481689,24.06086540222168,30853800
2012-09-10,23.817831215396616,23.87501819398111,23.58194174579864,23.63197898864746,14463900
2012-09-11,23.7534943076494,23.953643254438386,23.73205055672912,23.875015258789062,11787800
2012-09-12,24.08946034897919,24.189534819883246,23.98938587807514,24.146644592285156,15481100
2012-09-13,24.08945718269509,24.92579605974446,24.003679465598236,24.7185001373291,29625400
2012-09-14,25.161694565872907,25.440474262194464,24.98298935265907,25.154544830322266,25864400
2012-09-17,25.004431673279964,25.02587542505317,24.797132983389,24.832876205444336,12583300
2012-09-18,24.71849981001577,24.7685370382284,24.57553513219779,24.675609588623047,12624600
2012-09-19,24.95438963563375,25.12594779730216,24.89720539962726,25.075910568237305,12035500
2012-09-20,24.68990632908729,24.725646816835678,24.51834817034083,24.675609588623047,12252000
2012-09-21,24.91865393936215,24.997284664963896,24.818579461987202,24.832876205444336,12058400
2012-09-24,24.732794306092288,24.8543152389965,24.65416632224189,24.768537521362305,6967300
2012-09-25,24.77568770257912,24.89005891635276,24.432574061258197,24.446870803833008,12784800
2012-09-26,24.361090983645852,24.411128214949233,24.153792324346348,24.21812629699707,10822500
2012-09-27,24.761392488158663,24.904357195905014,24.611280772096237,24.832876205444336,14833600
2012-09-28,24.832869076103265,24.868609561072763,24.668457936959985,24.732791900634766,13305200
2012-10-01,24.918651558630746,25.204578219980984,24.868614324723836,24.9758358001709,13019300
2012-10-02,25.133098408438563,25.133098408438563,24.840021998962648,24.96154022216797,8807000
2012-10-03,24.982986872554545,25.033024109141124,24.811428685097077,24.95439338684082,8887300
2012-10-04,24.98298516763179,25.190283834672215,24.918651192578714,25.12594985961914,9061300
2012-10-05,25.404731707487517,25.540546676873856,25.226026508746312,25.28321075439453,11665100
2012-10-08,24.932941188495654,25.047312365775838,24.8900509744566,25.011571884155273,13996200
2012-10-09,25.2975029021128,25.2975029021128,24.99012979796758,25.03302001953125,10357100
2012-10-10,25.297505860501236,25.31894961037857,25.140244423201448,25.204578399658203,11895200
2012-10-11,25.78358533724761,25.947993789561217,25.762141586414277,25.797882080078125,20682200
2012-10-12,25.926543933202428,26.12669283204617,25.90510018741895,26.00517463684082,18488700
2012-10-15,26.11240450263124,26.241072472420793,25.983736532841682,26.198184967041016,14776300
2012-10-16,26.24106058869193,26.441212188180774,26.2124671135044,26.341135025024414,13941000
2012-10-17,26.412624543457852,26.791478629439357,26.269659862785282,26.698551177978516,23588600
2012-10-18,26.755736143008324,26.927291565545026,26.669958431739975,26.77003288269043,18995400
2012-10-19,26.770038433948073,26.80577892715264,26.469812292015046,26.541296005249023,29508000
2012-10-22,26.948736434427303,27.034514140589962,26.719994066777478,26.927289962768555,15947300
2012-10-23,26.584184206011596,26.612777692057715,26.305404534124214,26.434072494506836,19238100
2012-10-24,26.83437833632661,26.848675082129514,26.57704236552522,26.591339111328125,12044000
2012-10-25,26.84151765845639,26.891554891023265,26.648515735630728,26.827220916748047,14549100
2012-10-26,26.469807848188,26.512698068927858,26.283955678630736,26.398326873779297,12104100
2012-10-31,26.519844759835742,26.57703172014122,26.2339181387814,26.29825210571289,12950400
2012-11-01,26.941591587252237,27.134593506235728,26.87725761425774,26.984481811523438,18761400
2012-11-02,27.2561264821275,27.263273492583416,26.76289822906899,26.77719497680664,18970200
2012-11-05,26.934446063477424,27.055964282035358,26.81292511809473,27.013076782226562,9155500
2012-11-06,26.927302160646494,27.270418594374675,26.90585840609799,27.241825103759766,18129800
2012-11-07,26.877252343521278,26.877252343521278,26.455508098112993,26.648509979248047,23596500
2012-11-08,26.398335394239947,26.59848436864493,25.998034718604714,26.10525894165039,36818200
2012-11-09,25.92654392159291,26.23391700286487,25.883653703220926,26.062358856201172,15441600
2012-11-12,26.119548625848633,26.26251330898809,26.105251884852233,26.12669563293457,10265700
2012-11-13,25.647763036408765,25.840764919192942,25.48335463110908,25.7192440032959,25466300
2012-11-14,25.940844095811272,25.955140837161593,25.511950035775374,25.547693252563477,25643700
2012-11-15,25.44047120336663,25.576286167422417,25.34039673229133,25.526248931884766,14659300
2012-11-16,25.60488188403477,25.64777211544419,25.34754594922838,25.569141387939453,18757600
2012-11-19,25.990880683705573,26.19817933791656,25.947990460716376,26.12669563293457,16839800
2012-11-20,25.7978827954801,25.86936378479004,25.590584108926343,25.86936378479004,15633500
2012-11-21,26.176734525294396,26.255365242355563,26.019475817996767,26.148143768310547,14944900
2012-11-23,26.677120469468917,26.83438196775723,26.58419297258711,26.77719497680664,16708100
2012-11-26,26.619919731034898,26.698547704692633,26.512695552773433,26.684253692626953,8753900
2012-11-27,26.484112099766296,26.562742830011477,26.348297119140625,26.348297119140625,15178000
2012-11-28,26.055216170505695,26.36258930274798,25.912251479049452,26.333995819091797,16700100
2012-11-29,26.484099674138193,26.555583362107022,26.27680106926441,26.341135025024414,16987200
2012-11-30,26.641371222055543,26.662814973213052,26.491259510303138,26.555593490600586,15682100
2012-12-03,26.448367449477807,26.448367449477807,26.248218514335942,26.305402755737305,14473000
2012-12-04,26.462664642399353,26.662813580951312,26.43407115779914,26.455514907836914,18045300
2012-12-05,27.156041482887062,27.484858373335108,27.077410764122362,27.248966217041016,35707100
2012-12-06,27.184625866220962,27.3776277506178,27.105995165893646,27.356184005737305,18555500
2012-12-07,27.470563146200764,27.534897126299647,27.377635680096837,27.456266403198242,15514600
2012-12-10,27.613518090471583,27.856557181971844,27.57062787662191,27.713592529296875,22102400
2012-12-11,27.634970010933653,27.885156182024815,27.62782300325594,27.735044479370117,18674500
2012-12-12,28.02811958452646,28.128194048348142,27.870860881445807,27.878007888793945,16431300
2012-12-13,27.7564887393693,27.806525969591465,27.54919008454915,27.634967803955078,17744200
2012-12-14,28.063857198712913,28.21397160588516,28.01381997193028,28.121044158935547,18204300
2012-12-17,28.16832149487301,28.218468339319987,28.0895185299426,28.196977615356445,12398500
2012-12-18,28.05370194142065,28.383239154377893,27.967736306040123,28.325929641723633,16027500
2012-12-19,28.325937458280013,28.426231182699773,28.25429713169516,28.2829532623291,12427000
2012-12-20,28.37607996346526,28.512192463878442,28.261458191328202,28.47637367248535,9139100
2012-12-21,27.888934458942593,28.11101531982422,27.8531156704903,28.11101531982422,13898000
2012-12-24,28.060869849534658,28.10385404165666,27.946248070008096,28.039379119873047,5766500
2012-12-26,28.318772632234474,28.447722489897394,28.232806971392222,28.27579116821289,9822400
2012-12-27,28.325929641723633,28.411895277104158,28.103848789792476,28.325929641723633,10579000
2012-12-28,28.189821448703434,28.440558485832316,28.132511921770433,28.333099365234375,11836700
2012-12-31,28.56234237649529,29.00650418228058,28.51219551661613,28.977848052978516,15625800
2013-01-02,29.694230411110137,30.030930314841875,29.64408355879268,29.980783462524414,26975800
2013-01-03,29.90915266163415,30.066758651951652,29.74438400484727,29.794530868530273,19685100
2013-01-04,29.636929934541786,29.851845491678212,29.608276530976617,29.81602668762207,11909100
2013-01-07,29.586775397769483,29.61543152671078,29.50797240958035,29.579612731933594,14531900
2013-01-08,29.12112699590069,29.149780393416528,28.87755535382254,29.056652069091797,18435400
2013-01-09,29.336041708631946,29.4936449554729,29.321713643864783,29.37186050415039,16973500
2013-01-10,29.65841910179811,29.844678495556238,29.543797305762524,29.744384765625,18700000
2013-01-11,29.393348512316674,29.44349536795739,29.264398674155217,29.43633270263672,14571300
2013-01-14,29.687059487776462,29.708552943910835,29.50796283917859,29.593931198120117,13262000
2013-01-15,29.55811875889665,29.601102951567043,29.479318504865837,29.572446823120117,14032200
2013-01-16,29.30021876506359,29.55095303099504,29.27872530455622,29.522296905517578,10137700
2013-01-17,29.493639795068635,29.758704847685227,29.493639795068635,29.6297550201416,16632600
2013-01-18,29.85899728624692,30.002275169983285,29.76586625189854,29.87332534790039,19993100
2013-01-22,30.009441544947062,30.038097671797207,29.83034485133167,29.90198516845703,14186000
2013-01-23,29.851838673964018,29.88049480378413,29.69423542555131,29.751544952392578,11452000
2013-01-24,29.83034794299841,29.95213512833441,29.715726156516915,29.751544952392578,11275000
2013-01-25,29.57960811422692,29.586770778944636,29.264396210678484,29.443492889404297,13319700
2013-01-28,29.550965022503547,29.601111896038972,29.328884059132616,29.343212127685547,19910900
2013-01-29,29.450652403451006,29.80884568934499,29.414833621421188,29.76586151123047,23151200
2013-01-30,29.837515065743894,29.887661929426894,29.74438400484727,29.794530868530273,13411400
2013-01-31,29.730049763998384,29.787362015045776,29.62259065968379,29.708559036254883,11225000
2013-02-01,29.93779882572904,30.03809251970363,29.84466779583912,29.95928955078125,13351300
2013-02-04,29.572447979879335,29.586776044663257,29.05665131165281,29.10679817199707,32493600
2013-02-05,29.099632263183594,29.19992598211429,28.963519749320344,29.099632263183594,22704100
2013-02-06,28.891878025457878,29.01366245736279,28.784418923237137,28.98500633239746,15766400
2013-02-07,28.497864811096353,28.497864811096353,28.17549295111817,28.31160545349121,28622800
2013-02-08,28.37608238068155,28.605325944483766,28.36891698211338,28.54801368713379,23819300
2013-02-11,28.519352073787253,28.55517085791086,28.361746144285704,28.49069595336914,13123200
2013-02-12,28.56950065580906,28.662628953635195,28.447713503023632,28.533681869506836,7439900
2013-02-13,28.662628058421443,28.755759086137058,28.64830273058655,28.6912841796875,11992500
2013-02-14,28.805914435153642,28.87755475946625,28.755767574534293,28.813079833984375,11974600
2013-02-15,28.97068933827107,28.985017406227826,28.75577378451882,28.884723663330078,18369100
2013-02-19,28.261456932062337,28.34742257413504,28.21847274462674,28.254291534423828,17227400
2013-02-20,28.311608275560392,28.318770941536666,27.917596059691192,27.967742919921875,20843400
2013-02-21,27.681185706812247,27.702676436465747,27.408957955739798,27.588054656982422,25471500
2013-02-22,27.623876632994012,27.681186157268883,27.50208945311181,27.609548568725586,17088700
2013-02-25,27.788632641686043,27.946235811403255,27.24417737816087,27.2513427734375,17361500
2013-02-26,27.272837908716,27.387459656519244,27.029266353034348,27.308656692504883,17655600
2013-02-27,27.27284475067607,27.67402233503018,27.229860559667117,27.55940055847168,15805700
2013-02-28,27.939091430211754,28.139678904445677,27.867453827356602,27.90327262878418,27269400
2013-03-01,27.59521733777043,27.759985958751063,27.466267506951056,27.65252685546875,20369400
2013-03-04,27.065089193794922,27.17971095877961,26.950467428810235,27.172548294067383,18764900
2013-03-05,27.244190993592067,27.48776263156955,27.237028327533444,27.380306243896484,13790200
2013-03-06,27.63104706489543,27.652537800938983,27.459115710947813,27.580900192260742,13143500
2013-03-07,27.566561841541965,27.659692884325153,27.473430798758777,27.63103675842285,7799300
2013-03-08,28.11818529207812,28.11818529207812,27.87461364138255,27.996400833129883,13025000
2013-03-11,27.77432021720204,27.903270076787226,27.623879625285696,27.674026489257812,22780200
2013-03-12,27.473428706456374,27.473428706456374,27.093744631961627,27.20836639404297,24411000
2013-03-13,26.86450543226578,26.885996162115973,26.7068994592342,26.7498836517334,24696500
2013-03-14,26.94330580488873,27.129565155384427,26.94330580488873,27.050762176513672,15082800
2013-03-15,26.69973541177105,26.92181629565877,26.656751221496396,26.82151985168457,17791900
2013-03-18,26.38452350977609,26.470489148713206,26.262736349549993,26.355867385864258,16563900
2013-03-19,26.062156803936652,26.133794402512276,25.754110211022894,26.03350067138672,19443500
2013-03-20,26.678243066322125,26.800027498855467,26.542127838433682,26.685405731201172,22207100
2013-03-21,26.456164220576806,26.592276726083405,26.320051715070207,26.39168930053711,14361600
2013-03-22,26.398858194630606,26.52780806513502,26.37020479336246,26.463333129882812,10269500
2013-03-25,26.53496918410102,26.671081699763267,26.25557875401598,26.377363204956055,14334800
2013-03-26,26.52780338440768,26.792868478563356,26.52780338440768,26.7283935546875,12288700
2013-03-27,26.61376867570839,26.757043838500977,26.45616271727827,26.757043838500977,13726200
2013-03-28,26.341547330728392,26.513478660863147,26.262744332416954,26.45616912841797,11665900
2013-04-01,26.391692589495772,26.413183321254294,26.02633648560559,26.133792877197266,13207400
2013-04-02,26.262743245415663,26.305727442569868,26.09080918959795,26.140958786010742,12856200
2013-04-03,26.047825254688437,26.105134779325976,25.61799152231209,25.696794509887695,17433900
2013-04-04,25.72544461947021,25.78275686349691,25.496201108959834,25.768428802490234,16669000
2013-04-05,25.080696200021038,25.603660875771563,24.9732398388326,25.532020568847656,29146700
2013-04-08,25.29562062370578,25.625157918396283,25.29562062370578,25.524864196777344,12911100
2013-04-09,25.761264802519936,26.140951607790214,25.668136500123882,25.961854934692383,23803800
2013-04-10,26.033493629563353,26.248409099956753,26.00483750476464,26.090803146362305,11561600
2013-04-11,26.0263349475601,26.119463268209586,25.926038495416286,25.98335075378418,8005500
2013-04-12,25.81858074925549,25.847236876928946,25.54635300195514,25.78992462158203,11897800
2013-04-15,25.360091951085526,25.403073406938454,25.016223907470703,25.016223907470703,22577500
2013-04-16,25.44605434237349,25.50336385378337,25.266957678420525,25.47471046447754,12817900
2013-04-17,25.0663734791889,25.102192269978083,24.71534277073835,24.951751708984375,27896900
2013-04-18,25.1881565237072,25.202484585791485,24.894438082975398,25.023387908935547,11155900
2013-04-19,25.76126970500922,25.926038347679658,25.668141384890415,25.82574462890625,23433600
2013-04-22,25.904544650503265,25.969019567016076,25.72544796383419,25.947528839111328,9967900
2013-04-23,25.582167952898157,25.904542508809445,25.546349165085424,25.804248809814453,14588100
2013-04-24,25.832911701381715,26.241252001587995,25.811418236824135,26.133792877197266,18554700
2013-04-25,26.406015115338267,26.692568165600477,26.3701963256553,26.54212760925293,17708800
2013-04-26,26.52780806513502,26.570792266236275,26.284236391159947,26.463333129882812,11117700
2013-04-29,26.563621078359635,26.871664855976967,26.49198076617079,26.80718994140625,15652800
2013-04-30,26.828683275756124,27.057926808089334,26.71406150958952,27.036436080932617,11800800
2013-05-01,26.943313288080294,26.943313288080294,26.57079175082683,26.64242935180664,14069900
2013-05-02,26.64242061972675,26.80718923421667,26.585111104286014,26.778535842895508,9022900
2013-05-03,26.936142997437813,27.237026879079206,26.928980331760098,27.01494598388672,12002900
2013-05-06,27.036439719860294,27.179714897253596,27.0077835912621,27.143896102905273,8918900
2013-05-07,27.401799964989625,27.49493103070802,27.3158342989107,27.44478416442871,8455300
2013-05-08,27.50208813376282,27.695512892909207,27.459106675818308,27.66685676574707,14076200
2013-05-09,27.47343456665335,27.516418761401948,27.258519058508266,27.380306243896484,18425600
2013-05-10,27.58089663162811,27.58089663162811,27.3946372334306,27.523584365844727,11334400
2013-05-13,27.093743173269917,27.10090857021331,26.97912141735966,27.029268264770508,12969300
2013-05-14,26.957638239294305,27.15822568509496,26.950472840344858,27.043603897094727,11017100
2013-05-15,26.971966304394204,27.115241489795253,26.9289821090945,27.043603897094727,11390800
2013-05-16,26.957632872699087,27.043598513385888,26.857339169764742,26.893157958984375,9266400
2013-05-17,27.086580810347822,27.19403717050968,27.05075929082895,27.158218383789062,9276400
2013-05-20,27.31582734806677,27.502086699308357,27.31582734806677,27.48775863647461,11918600
2013-05-21,27.18687228106307,27.41611577666956,27.086578593334988,27.308656692504883,10585000
2013-05-22,27.186876403062854,27.459104120169243,26.757042734031955,26.893157958984375,16828000
2013-05-23,26.219755878450016,26.685408393195765,26.01200578265154,26.63526153564453,28755300
2013-05-24,26.22692177581418,26.22692177581418,25.99051281474742,26.191102981567383,14467200
2013-05-28,26.742720710474853,26.835849027398574,26.592277404677336,26.620933532714844,17441900
2013-05-29,26.26989935022871,26.305720871976,26.06214928120591,26.205427169799805,12112000
2013-05-30,26.234079010785578,26.499144045497776,26.234079010785578,26.32004737854004,14828100
2013-05-31,26.19826816986503,26.205433569083628,25.746943667061704,25.797090530395508,24769300
2013-06-03,25.997678274185276,26.23408450300708,25.911709888432952,26.176774978637695,21468400
2013-06-04,26.19826708431766,26.19826708431766,25.76843606418144,25.91887664794922,18161100
2013-06-05,25.789929134700717,25.861566733621864,25.532029406105835,25.567848205566406,19076200
2013-06-06,25.374419208950048,25.768434136193626,25.367256543363244,25.73261260986328,19898600
2013-06-07,25.51769949841219,25.73261501246661,25.338602781233664,25.553518295288086,17576800
2013-06-10,25.395912475070055,25.410240538931724,25.15950352055068,25.32427215576172,17128500
2013-06-11,24.8299659308986,25.102193675172835,24.751162947071947,24.94458770751953,22748800
2013-06-12,24.966076932162128,25.001898455596496,24.629377020827203,24.779817581176758,21630200
2013-06-13,24.572064830410238,25.116520287497465,24.51475531181075,25.03055191040039,25341700
2013-06-14,24.593565828120806,24.672366098744714,24.213878878244834,24.34282875061035,29592100
2013-06-17,24.701017379760742,24.91593288054172,24.60072366158288,24.701017379760742,18916000
2013-06-18,24.693852566224322,24.80130894086947,24.629377648317785,24.75832748413086,18671400
2013-06-19,24.478935553939756,24.650869587736853,24.020448440879182,24.077760696411133,30935300
2013-06-20,23.619273143694553,23.64076387271962,22.802591280758133,23.074817657470703,50501400
2013-06-21,23.518982756749416,23.776879739912836,23.08914898587887,23.45450782775879,30648800
2013-06-24,22.78826618806641,23.067657999411008,22.523203808605583,22.881397247314453,37349000
2013-06-25,23.270585281543426,23.469227989262453,23.06458668384387,23.322086334228516,30859600
2013-06-26,23.734085083007812,23.829728498136863,23.5428010592703,23.734085083007812,29440200
2013-06-27,23.77822865002296,24.050441499209008,23.77822865002296,23.903301239013672,22896000
2013-06-28,23.77086842639309,24.109295453582874,23.741439257110486,23.92536735534668,23878400
2013-07-01,23.95479912559558,24.13872724380234,23.770871007388823,23.89594078063965,21181000
2013-07-02,23.851797501813316,23.96215549756588,23.395656545308842,23.557514190673828,22636100
2013-07-03,23.233801574078626,23.535443598245468,23.130802269219785,23.344158172607422,14303100
2013-07-05,23.70465347991206,23.719368064107137,23.366225059725256,23.594295501708984,17128000
2013-07-08,23.645802207814633,23.918015080452946,23.63844631677935,23.697301864624023,16185000
2013-07-09,23.807653427124023,23.947437771098045,23.719368726009904,23.807653427124023,17909300
2013-07-10,23.94008508593637,24.0210139088383,23.763512853557575,23.873870849609375,19046800
2013-07-11,24.742015221242838,25.16872706463352,24.72730063264029,25.12458610534668,34965600
2013-07-12,24.536011311972775,24.609584247562996,24.374156466715345,24.433012008666992,16134800
2013-07-15,24.5360081991251,24.74936547548762,24.46979396875467,24.683151245117188,8531000
2013-07-16,24.675794126649983,24.749364242721416,24.536006976986222,24.734649658203125,9427900
2013-07-17,24.97007853561471,25.095151106461103,24.8376500754339,24.88915252685547,12282000
2013-07-18,24.815578324870295,24.918577609376793,24.68314987149908,24.742008209228516,10415900
2013-07-19,24.734657253645917,24.903870817787816,24.653728417203947,24.81558609008789,19480600
2013-07-22,24.65372772654479,24.89651422906919,24.609586767191857,24.845014572143555,11204500
2013-07-23,25.455651461596304,25.691079237853437,25.330581683312406,25.529224395751953,23013900
2013-07-24,25.411511122602782,25.470366664831182,25.0289402752963,25.264368057250977,17800000
2013-07-25,25.242300830140515,25.507155014053968,25.227586241058507,25.485084533691406,13120300
2013-07-26,25.35265087055245,25.595437331134285,25.146652278437188,25.54393768310547,16234300
2013-07-29,25.27908128159674,25.367365993440018,25.16872328690235,25.24229621887207,11456800
2013-07-30,25.49244754829282,25.499803440818994,25.22023181396097,25.30851936340332,14109500
2013-07-31,25.2790802072854,25.492437491149747,25.065722923421053,25.205507278442383,18245200
2013-08-01,25.463006477488765,25.83821856462246,25.455647781876696,25.683719635009766,19759300
2013-08-02,25.580725961009612,25.779368688316723,25.580725961009612,25.727869033813477,8303300
2013-08-05,25.543934699496795,25.558649283860653,25.352647909286645,25.50714683532715,15003100
2013-08-06,25.396795902471144,25.44093966293269,25.168724016533872,25.330581665039062,11303100
2013-08-07,24.962727314768046,25.05101203589273,24.80822835116968,24.85236930847168,18117300
2013-08-08,25.095161995366375,25.40415999885047,24.925948402050604,25.30851936340332,26359500
2013-08-09,25.286436129375577,25.536578474722464,25.249651068166976,25.404150009155273,21826500
2013-08-12,25.948585451181707,26.272298006196642,25.93387086142816,26.22815704345703,32501300
2013-08-13,26.72107688321651,26.92707547825132,26.588648413116886,26.765220642089844,30621300
2013-08-14,26.794648370728186,26.890291783223937,26.721078242051775,26.78729248046875,20396600
2013-08-15,26.662220626699632,26.728434859966647,26.419434169213815,26.596006393432617,21316000
2013-08-16,26.853507316654795,26.86822190402173,26.566579879300953,26.603364944458008,14636000
2013-08-19,26.750504043014736,26.787289102714517,26.48564712274407,26.5297908782959,14370300
2013-08-20,26.103074410050187,26.331146253867438,26.081003937155597,26.169288635253906,17018700
2013-08-21,25.830862753461975,25.88236239682158,25.47036244342467,25.639575958251953,25896800
2013-08-22,26.11044065728625,26.412082702342722,26.11044065728625,26.331153869628906,21559700
2013-08-23,26.154581041499863,26.56658108694071,25.97801159811143,26.235509872436523,18471500
2013-08-26,26.463574697402947,26.522430227279887,26.139859460259945,26.25021743774414,16249300
2013-08-27,26.022142729211232,26.04421600619,25.71314491670494,25.808788299560547,29000000
2013-08-28,25.646933206912184,25.948575160937285,25.54393392600409,25.742576599121094,14134200
2013-08-29,25.8455785380683,26.08100629193318,25.772005610910394,25.83086395263672,16055800
2013-08-30,25.82350586541105,25.91179338008178,25.60279269177477,25.845579147338867,16881900
2013-09-03,26.868216809430876,26.993286568554,26.625430373692986,26.65485954284668,24665500
2013-09-04,26.949152829830766,27.177221935476773,26.860865298754124,27.111007690429688,16965500
2013-09-05,27.258148835583324,27.46415025362943,27.214007879696766,27.39057731628418,21163100
2013-09-06,27.581861513574513,27.684860809503753,27.287575405330685,27.500932693481445,18706200
2013-09-09,27.817288887215614,28.214571479293493,27.79521560516886,28.155715942382812,31644600
2013-09-10,28.398499049392562,28.60450044093928,28.317573038503753,28.538286209106445,34218100
2013-09-11,28.236651184377504,28.391150161247495,28.155722347011054,28.324935913085938,17250100
2013-09-12,28.28814120399281,28.31021167701905,27.949714187163927,28.008569717407227,21430600
2013-09-13,27.92764529777035,28.14100259229645,27.898216124762527,28.104217529296875,11173100
2013-09-16,28.516213569260355,28.560357326982473,28.25135944248852,28.391143798828125,18312300
2013-09-17,28.28078705982997,28.32493081950642,28.17778776043867,28.258716583251953,13282800
2013-09-18,28.10421963987549,28.862002659352466,27.964432460850762,28.810503005981445,31236800
2013-09-19,28.611857614101165,28.7295714974717,28.40585901983282,28.604501724243164,24052700
2013-09-20,28.700133890581643,28.7295630544057,28.251351771602664,28.273422241210938,17006200
2013-09-23,28.266074933389387,28.53829059863898,28.266074933389387,28.435291290283203,14310100
2013-09-24,28.03800582885742,28.214575269831286,27.93500652053589,28.038005828857422,16539500
2013-09-25,28.037996906838632,28.09685243292785,27.809925077758464,27.890853881835938,16207900
2013-09-26,27.89084740272073,28.008561234073706,27.7142752524317,27.88349151611328,15470900
2013-09-27,27.67750595347243,27.751078894001814,27.581865340565304,27.6995792388916,12183400
2013-09-30,27.19929311180427,27.317007004255235,27.0815792193533,27.280221939086914,20104100
2013-10-01,27.38322533093962,27.670152811203426,27.36851074137212,27.66279411315918,22964300
2013-10-02,27.44206817330705,27.670139996193804,27.383212648816087,27.640710830688477,15815900
2013-10-03,27.95707707732954,27.96443296800711,27.44943642495705,27.596576690673828,17391100
2013-10-04,27.846719770602956,28.09686215773015,27.832007988878484,27.964433670043945,13460600
2013-10-07,27.500939240958644,27.795222612745704,27.500939240958644,27.66279411315918,12268800
2013-10-08,27.898215484620227,27.964429719108296,27.574503008523195,27.61128807067871,14223300
2013-10-09,27.743712082457478,27.861425946355887,27.500928466019467,27.758426666259766,24561400
2013-10-10,27.751070295572212,28.089497297586544,27.751070295572212,28.060068130493164,18297600
2013-10-11,27.942363848550325,28.26607637800132,27.92029336892345,28.214576721191406,11452300
2013-10-14,28.00122337014106,28.435293928862176,27.949723711184397,28.324935913085938,14179200
2013-10-15,28.23663971120968,28.310209820820067,27.97178282618063,28.045352935791016,17492800
2013-10-16,28.06006500281731,28.243993066869884,28.030635839004212,28.11156463623047,16302900
2013-10-17,27.839363102871324,28.089505483018186,27.795219339367527,28.038005828857422,15691300
2013-10-18,28.17043170234121,28.244001828175925,28.060073707068742,28.067432403564453,14116500
2013-10-21,28.14100403996148,28.170433214483232,28.02329014839501,28.08214569091797,16102100
2013-10-22,28.08214569091797,28.317576280571455,28.06007521328693,28.08214569091797,18693900
2013-10-23,27.29492732029057,27.29492732029057,27.096287453651204,27.14778709411621,36846500
2013-10-24,27.01536696315422,27.03743744257171,26.757865875026784,26.838794708251953,28788800
2013-10-25,26.794647071399158,26.8461495267998,26.70636235996447,26.802005767822266,16402600
2013-10-28,26.912366406255636,27.059506670930453,26.831437576772096,26.89029312133789,15197100
2013-10-29,27.22136633333306,27.317009757627364,27.2140104421662,27.243436813354492,11144200
2013-10-30,27.75107317348929,27.787858232910875,27.48621625522165,27.61864471435547,25428400
2013-10-31,27.795209739811906,27.868782653575227,27.596567082430482,27.640710830688477,19445600
2013-11-01,27.79522048745005,27.971792742237902,27.611292341701397,27.832008361816406,14993900
2013-11-04,27.780499103611298,27.97178590005081,27.780499103611298,27.876142501831055,14794800
2013-11-05,27.434726862608716,27.545082082111307,27.353798017727442,27.4273681640625,26312700
2013-11-06,27.530357707649014,27.589216049016603,27.36850288192851,27.397932052612305,11074800
2013-11-07,27.353792170054767,27.353792170054767,26.905007076396757,26.956506729125977,30352100
2013-11-08,26.93443559789569,27.125719616747002,26.80936301107249,27.103649139404297,20700500
2013-11-11,27.427362381696508,27.50093531904176,27.3390776634028,27.39057731628418,16558700
2013-11-12,27.317000599432657,27.346426960755576,27.022714534044113,27.14778709411621,35118900
2013-11-13,26.573937584183078,26.875579629499867,26.551867104885993,26.846153259277344,15659400
2013-11-14,26.81672473757611,27.16250774993338,26.72108131408456,27.096296310424805,22095000
2013-11-15,28.001219683112556,28.663359271020735,27.97914639895123,28.28078842163086,55822200
2013-11-18,29.296072006225586,29.575643546639075,29.229857767878197,29.296072006225586,49617500
2013-11-19,29.296071922038486,29.524143810473102,29.274001444826283,29.3402156829834,31801200
2013-11-20,29.296074521372454,29.369644656287747,29.068002612701854,29.112146377563477,19959700
2013-11-21,28.957646692546223,29.229859552810275,28.884073752933862,29.222503662109375,26149600
2013-11-22,29.2077848302406,29.428498003966293,29.15628518325528,29.39906883239746,22523700
2013-11-25,29.215139304990277,29.22249800078624,28.7663542831211,28.817853927612305,20847300
2013-11-26,28.832567737751123,29.045925005777498,28.766353509967768,28.972354888916016,13342700
2013-11-27,29.296074033275765,29.597716071836057,29.156289656657336,29.568286895751953,27897200
2013-11-29,29.465284872246748,29.605072042511583,29.406429332019798,29.52414321899414,17381000
2013-12-02,29.583001916383356,29.6639307485377,29.207789738646824,29.274003982543945,17295900
2013-12-03,29.134211690479088,29.207784618868732,28.81049922512541,29.00914192199707,23681800
2013-12-04,28.972362658946146,29.31078977770302,28.825219579241168,29.163646697998047,18746300
2013-12-05,29.15628743814243,29.222501676033037,28.957644724470608,28.98707389831543,14164700
2013-12-06,29.443215001523317,29.605072651889813,29.303430634901662,29.53885841369629,21926200
2013-12-09,29.384356637407805,29.472644159297623,29.325501096001762,29.3402156829834,11856200
2013-12-10,29.11213425892267,29.318132796150135,29.0606346246158,29.303421020507812,16597800
2013-12-11,28.68542805574579,28.714854419144313,28.192499282429,28.34699821472168,45736400
2013-12-12,28.14100513717895,28.15571972501355,27.957076999027457,28.038005828857422,18010200
2013-12-13,28.3690712947012,28.3690712947012,28.118928965202834,28.236642837524414,16250100
2013-12-16,28.273431861953394,28.516215529816254,28.214573514277255,28.22928810119629,16095300
2013-12-17,28.04748303061504,28.04748303061504,27.82576436549,27.877498626708984,16404900
2013-12-18,28.224851480617644,28.66089932767592,27.729679983084736,28.431791305541992,31305900
2013-12-19,27.737074892883086,27.921840918696176,27.522748445612322,27.78141975402832,21440500
2013-12-20,27.618823672575914,27.759247651075974,27.530136773048202,27.581871032714844,21053600
2013-12-23,27.55969586318547,27.714898618817582,27.44883514098809,27.54491424560547,17427700
2013-12-24,27.921841079896577,28.12878094712991,27.8701068179147,28.047483444213867,10098200
2013-12-26,27.840538021017707,27.89227509198057,27.75185113521973,27.81836700439453,6184800
2013-12-27,28.106607846001264,28.247031834478896,28.025310340947037,28.232250213623047,10263700
2013-12-30,28.04747805644465,28.158335959693826,27.97356996830658,28.062259674072266,9568600
2013-12-31,28.14356461863592,28.357891082763675,28.077048731339435,28.357891082763672,12453200
2014-01-02,27.921839404642245,27.929231624085183,27.426667835580496,27.434057235717773,31346500
2014-01-03,27.30102847361715,27.315810094818854,26.998012287247196,27.094091415405273,23690200
2014-01-06,26.783676598194916,26.805847612704152,26.606300024206007,26.613689422607422,30648900
2014-01-07,26.532395426348852,26.702379786881384,26.49543997550281,26.621082305908203,17569100
2014-01-08,26.813246179578748,26.983230593985404,26.805856778650615,26.938888549804688,26382200
2014-01-09,26.694992212362553,26.702384431539606,26.295899775274126,26.443710327148438,26185700
2014-01-10,26.672819011199067,26.990616746478143,26.635866376253777,26.924100875854492,22893300
2014-01-13,26.650645648596807,26.702379896828198,26.35501895644164,26.391971588134766,22225600
2014-01-14,26.591519198962487,26.8280194251115,26.42153483762445,26.7984561920166,20908900
2014-01-15,26.709766732204645,26.82801683385766,26.643250873818275,26.746719360351562,14289100
2014-01-16,26.62847575764103,26.687602232550343,26.458491371235006,26.502836227416992,23924100
2014-01-17,26.55456948014937,26.584132716487208,26.347632464395303,26.4584903717041,25082100
2014-01-21,26.62108535225681,26.658037988026408,26.281116592287866,26.4584903717041,20398200
2014-01-22,26.835420092640422,27.10148081635314,26.73934096448235,27.094091415405273,23985000
2014-01-23,26.31807269080092,26.3328543109147,25.852461524787092,25.88202476501465,41137600
2014-01-24,25.667692891365117,25.682474509975286,25.261208247154663,25.290771484375,46276300
2014-01-27,25.364673837272353,26.05200351731617,25.091220972737172,25.246423721313477,33460900
2014-01-28,25.453364750487502,25.645522981418665,25.394241092797174,25.5346622467041,25119800
2014-01-29,25.379457242651487,25.652910126456685,25.246425500409963,25.49770736694336,38343200
2014-01-30,25.763774455698915,25.911587836568728,25.593790054455642,25.6159610748291,26070400
2014-01-31,25.394240187921113,25.667693086019298,25.20208196383715,25.556835174560547,27627100
2014-02-03,25.431196907016716,25.431196907016716,24.876898802836486,24.94341468811035,28185900
2014-02-04,25.017314447193208,25.36467541791479,25.00253564866939,25.231643676757812,20066400
2014-02-05,24.94340829687059,25.098611049640084,24.72907907487163,24.91384506225586,25493500
2014-02-06,25.032097719278262,25.342506075593104,25.017316100472268,25.32772445678711,21326800
2014-02-07,25.46814536616182,25.564224477841396,25.305553199441178,25.423803329467773,20699000
2014-02-10,25.386849604621325,25.3942418241115,25.046880810020976,25.202083587646484,23214500
2014-02-11,25.793332713909773,26.192425100078548,25.785940495675884,26.162864685058594,38158500
2014-02-12,26.458488231679073,26.569348949326585,26.133301116180952,26.148082733154297,26200900
2014-02-13,25.896799996246976,26.258939732122517,25.867236763312828,26.214597702026367,18798800
2014-02-14,26.295899775274126,26.55457106035973,26.28111815622558,26.443710327148438,16837600
2014-02-18,26.547177261412216,26.635866970425727,26.369803481995984,26.4584903717041,17329900
2014-02-19,26.428923444255208,26.75411335994401,26.40675242975097,26.59151840209961,30223100
2014-02-20,26.65802925721135,26.65802925721135,26.081560433950756,26.369794845581055,19624600
2014-02-21,26.251551454563803,26.458488455329533,26.244159236362062,26.414146423339844,26359500
2014-02-24,26.037223245500016,26.27372348963545,26.02983384631685,26.096349716186523,19903500
2014-02-25,25.837672718668262,25.911580798681747,25.556830472531963,25.645517349243164,31732100
2014-02-26,25.88201667424834,25.955921932408547,25.697250709542946,25.734203338623047,24034700
2014-02-27,26.332852413242705,26.49544458416556,26.22938389920846,26.443710327148438,29809000
2014-02-28,26.3919739563301,26.451100427788685,26.059394602638918,26.155473709106445,23754500
2014-03-03,25.697252061641056,25.904189050821827,25.59378356705067,25.83767318725586,28626300
2014-03-04,26.170259143694093,26.236775024133138,26.022445762795574,26.1333065032959,18353100
2014-03-05,25.80811980745147,25.926372782762964,25.682480250142167,25.874635696411133,22035500
2014-03-06,25.97070614877931,26.28111446660925,25.963316749945218,26.148082733154297,21977500
2014-03-07,26.022440169124028,26.07417441842208,24.98775236385792,25.859848022460938,23786100
2014-03-10,25.401629163567584,25.475537255945074,25.23903699894801,25.4533634185791,24492400
2014-03-11,25.445972793821316,25.50509644557117,24.958190684837422,25.054269790649414,39123000
2014-03-12,24.83994145811249,25.03948907616423,24.72169133104169,24.987754821777344,26377800
2014-03-13,24.88428366858693,24.906457505841022,24.226517155926185,24.374330520629883,57494700
2014-03-14,24.403894093392527,24.66256537070597,24.33737821932543,24.411283493041992,27583000
2014-03-17,24.53692651074696,24.677347662360464,24.418676377992018,24.440847396850586,21409000
2014-03-18,24.684736701604862,24.92862633554764,24.669955084501485,24.854721069335938,28181000
2014-03-19,24.58865693498877,24.78081231352472,24.31520407423584,24.463014602661133,27188000
2014-03-20,24.18956674209436,24.44824085891896,24.07870882286013,24.389114379882812,27224600
2014-03-21,24.972970740305527,25.438578983862875,24.950796905394366,25.09122085571289,63422300
2014-03-24,25.52727666438173,25.57901092983732,25.37207386801497,25.490324020385742,38774600
2014-03-25,25.630740214268208,25.822895617287877,25.564224340279576,25.697256088256836,33786600
2014-03-26,25.91897122968221,26.037221343110073,25.71203423600973,25.756376266479492,23549100
2014-03-27,25.815507316208393,26.029836565881887,25.815507316208393,25.941146850585938,23550900
2014-03-28,26.377195775721773,26.68021193317021,26.36241415593091,26.480667114257812,55760600
2014-03-31,26.480665784422577,26.59152369832831,26.41414990835691,26.443710327148438,19811700
2014-04-01,26.53240013122559,26.60630540741284,26.399368378644077,26.532400131225586,15495700
2014-04-02,26.362410029262143,26.52500500220395,26.31067577774525,26.488052368164062,12897300
2014-04-03,26.355023430578957,26.473273563654637,26.162868021570564,26.421539306640625,20324900
2014-04-04,26.672820177158485,26.89453881582762,26.266335536380826,26.33285140991211,32788900
2014-04-07,26.48066487354497,26.569351765480032,26.310677669986696,26.465883255004883,20673200
2014-04-08,26.94627728938013,27.197559204358747,26.835419362343206,26.88715362548828,36823500
2014-04-09,27.14582161809467,27.323198226668026,26.879758114887398,27.212337493896484,24704500
2014-04-10,27.41927510003723,27.640996570261443,27.04235367540616,27.108869552612305,38884500
2014-04-11,26.62846701393804,26.783672549959064,26.584124991621664,26.70976448059082,24866800
2014-04-14,26.88714971423524,26.931491750877253,26.63586783581041,26.754117965698242,17662400
2014-04-15,26.207207283923047,26.273723152940327,25.85245692226599,26.081567764282227,46258100
2014-04-16,26.318074262759488,26.4954480761077,26.258947778772797,26.406761169433594,23561500
2014-04-17,26.399363247089713,26.606300235633704,26.28111313659243,26.473268508911133,17621500
2014-04-21,26.340234411642694,26.377187039227774,26.17025006930752,26.303281784057617,11066700
2014-04-22,26.25894446383763,26.31067872114207,26.155475949228737,26.170257568359375,13713700
2014-04-23,25.830285691456282,25.852456707843064,25.6529091024463,25.81550407409668,20341900
2014-04-24,25.970710999775267,25.970710999775267,25.67508706300508,25.852460861206055,22643100
2014-04-25,25.497704008521175,25.66768836359472,25.32771965344763,25.645517349243164,23974300
2014-04-28,25.571613976053875,25.660303688394677,25.43119282713919,25.57900619506836,18633700
2014-04-29,25.985493619137326,26.148088623164444,25.918977737426758,25.918977737426758,21193900
2014-04-30,25.763769822990692,25.837675090483465,25.667690719805904,25.81550407409668,15378600
2014-05-01,25.793332156319853,25.992876935437963,25.7563767045597,25.859848022460938,11683800
2014-05-02,25.8007250306604,25.955927799461644,25.712038136960473,25.86724090576172,14100200
2014-05-05,25.57160926922968,25.682469979597418,25.512485624523872,25.645517349243164,12820300
2014-05-06,25.652908664491903,25.837674649374684,25.579003398260866,25.689861297607422,15716000
2014-05-07,25.438582226848176,25.63812985065673,25.438582226848176,25.57900619506836,15218600
2014-05-08,25.71203737056978,25.822895279563998,25.60117664227013,25.660303115844727,17206900
2014-05-09,25.51249031839375,25.667693086019298,25.49770869967148,25.556835174560547,15322700
2014-05-12,26.044609425071823,26.14807790547686,25.97809357062506,26.10373306274414,23108100
2014-05-13,26.037219794605473,26.25154899347957,26.02243817889296,26.177640914916992,14033300
2014-05-14,26.495439523596556,26.56195538695784,26.421534261775136,26.473268508911133,21792000
2014-05-15,26.391974060354226,26.391974060354226,26.125910576352585,26.28850555419922,19380700
2014-05-16,26.35502607363357,26.621089604562833,26.310681212043413,26.584136962890625,22689400
2014-05-19,26.332850181182064,26.45110030424157,26.318068563386458,26.428926467895508,13611200
2014-05-20,26.28111772870035,26.39197564080272,26.16286759754119,26.273725509643555,13361600
2014-05-21,26.658037182091533,26.680208199021934,26.56935029506463,26.635866165161133,14428800
2014-05-22,26.86497497558594,26.909319830046154,26.805851322277707,26.864974975585938,12761000
2014-05-23,26.924101779839365,26.931491179354392,26.82063327079644,26.857585906982422,12148500
2014-05-27,26.85019290646124,26.86497170350924,26.613689864117543,26.717161178588867,14600100
2014-05-28,27.08670135361207,27.108872375220724,26.931495744433807,27.042356491088867,14548700
2014-05-29,27.04974655180017,27.13104405875654,27.005404507501034,27.094091415405273,10608000
2014-05-30,27.323200141909158,27.382323802707567,27.16799454128863,27.23451042175293,20205500
2014-06-02,27.397104596420064,27.51535473375613,27.367541357259633,27.434057235717773,15580400
2014-06-03,27.397106658196293,27.72968607551534,27.397106658196293,27.67795181274414,24951700
2014-06-04,27.36014468362866,27.46361317387817,27.33797366980517,27.44883155822754,15660700
2014-06-05,27.604041144810378,27.72229128005971,27.522746467512267,27.670557022094727,16129700
2014-06-06,27.55230936913989,27.604043631765816,27.485793485862867,27.522748947143555,21029500
2014-06-09,27.62621350710495,27.80358729084734,27.6188212881875,27.79619789123535,16177100
2014-06-10,27.958790398380497,27.958790398380497,27.847929678885556,27.92183494567871,12270000
2014-06-11,27.7888015288162,27.862709610443208,27.714896266494232,27.8035831451416,13081200
2014-06-12,27.892275993654877,27.921836410339626,27.640994126349685,27.72968101501465,12277300
2014-06-13,27.95879027902712,28.187898296690978,27.944008661870548,28.15094566345215,16907500
2014-06-16,28.15095263173159,28.15095263173159,28.00313924288244,28.099218368530273,14627600
2014-06-17,27.936619564304287,28.113996170691827,27.929230164553168,28.077043533325195,13542400
2014-06-18,28.077045857007825,28.320935539256528,27.907058636303102,28.291372299194336,17690000
2014-06-19,27.988349014107012,28.07703871172307,27.944006984604012,28.03269386291504,14319000
2014-06-20,28.040086402418474,28.05486802034364,27.944010114862923,27.958791732788086,19667000
2014-06-23,27.640996267454916,27.677948905652265,27.54491715269734,27.611433029174805,16594200
2014-06-24,27.70141754275093,27.79890573990154,27.476447200648316,27.521442413330078,12854700
2014-06-25,27.461449856681483,27.626429448897888,27.461449856681483,27.573936462402344,10187000
2014-06-26,27.873894628050348,27.91139206857868,27.78390706421912,27.843900680541992,9801900
2014-06-27,27.8363973209682,27.91138933402462,27.716412960730732,27.903888702392578,6016300
2014-06-30,27.866394799008887,27.91139000792912,27.761408838847878,27.77640724182129,7748000
2014-07-01,27.956386627580393,28.106367819576878,27.956386627580393,27.98638343811035,9964800
2014-07-02,28.548807062717756,28.548807062717756,28.443821100122257,28.51131248474121,11637200
2014-07-03,28.661296219033307,28.833773581663706,28.608803233043762,28.818775177001953,11992400
2014-07-07,28.68379417315165,28.773781746045263,28.623800550787,28.7587833404541,8103300
2014-07-08,28.661291958900033,28.698786534654737,28.458817817041307,28.60879898071289,12520000
2014-07-09,28.286342075317986,28.518810174499368,28.271343672039684,28.473817825317383,10578100
2014-07-10,27.971377186487317,28.31633182885737,27.881389640793497,28.30133628845215,13699800
2014-07-11,28.32383748973193,28.451319630383303,28.24134769959139,28.42132568359375,8868000
2014-07-14,28.7212954910819,28.811283085074894,28.691298672866225,28.796287536621094,20783800
2014-07-15,28.773788492632317,28.863778947279346,28.608811713754168,28.796287536621094,15011500
2014-07-16,28.84126958979195,28.92375938006009,28.796277239211516,28.88626480102539,9806500
2014-07-17,28.66129357531678,28.721284327777067,28.428822615482474,28.473817825317383,18780900
2014-07-18,28.67629623413086,28.803778389935278,28.638798790044053,28.67629623413086,10583600
2014-07-21,28.40632682911914,28.683790141927506,28.376330022152572,28.653793334960938,14099000
2014-07-22,29.291217818682235,29.343710809881653,29.231224194080912,29.298715591430664,18549100
2014-07-23,29.711169203953094,29.7336682491512,29.613683830493326,29.68867301940918,19624500
2014-07-24,30.018612064146524,30.206087788475497,29.988618122349813,30.086103439331055,27133200
2014-07-25,30.116112751639818,30.198602562314214,30.03362294096542,30.138608932495117,18073900
2014-07-28,30.476057719357144,30.80601687295818,30.446060912547424,30.783517837524414,26434700
2014-07-29,30.91850428470852,30.97099727254214,30.708532333374023,30.708532333374023,17685700
2014-07-30,30.7985166452099,30.88100643469297,30.393568329921905,30.52855110168457,18024700
2014-07-31,30.60354080533437,30.678529957019105,30.266083901447512,30.348573684692383,56941300
2014-08-01,30.371075016693982,30.641040585658004,30.311081396633863,30.536054611206055,21808000
2014-08-04,30.768518513911626,30.84351052869311,30.59604117089351,30.79851531982422,16481000
2014-08-05,30.491054217154492,30.59604017377423,30.281082303915014,30.348573684692383,18463000
2014-08-06,30.176099729298254,30.288583469432037,30.101107708555976,30.153600692749023,19461200
2014-08-07,30.078613852115126,30.123606207376902,29.78615210030033,29.891138076782227,22052300
2014-08-08,30.161100820055676,30.423565736625548,30.06361262504985,30.363574981689453,20319100
2014-08-11,30.611038576210618,30.83600889191737,30.603540805303258,30.776018142700195,17555200
2014-08-12,30.633543190768986,30.738532036971446,30.55105624544739,30.723533630371094,12737300
2014-08-13,31.038496126177492,31.18097957939124,30.97850535165642,31.09848976135254,15352500
2014-08-14,30.7685165237185,30.821009500343717,30.716023547093286,30.761018753051758,12213300
2014-08-15,30.96349489169062,30.970992662842335,30.6410363797624,30.79851531982422,16492500
2014-08-18,30.985988753491636,31.068478533269094,30.903498973714175,31.045982360839844,16742700
2014-08-19,31.023482426411356,31.0759754009896,30.985987853234406,31.068477630615234,10314200
2014-08-20,30.87349708249456,31.015980446140844,30.836002514406864,30.903493881225586,11131000
2014-08-21,30.70853286002242,30.72353126546829,30.48356249964106,30.498558044433594,14615300
2014-08-22,30.761024271851277,30.798518853217193,30.596044681057418,30.663536071777344,15072400
2014-08-25,30.926002518231027,30.933500289916992,30.813515918370104,30.933500289916992,10006100
2014-08-26,30.85851217590183,31.023488904459885,30.85851217590183,30.978496551513672,7660000
2014-08-27,30.776017155037916,30.783514925704658,30.701025145107128,30.761018753051758,7562400
2014-08-28,30.348577578160867,30.401070563205145,30.25858715181084,30.386072158813477,15588500
2014-08-29,30.543547195464363,30.626036978709234,30.33357528222488,30.348573684692383,15742400
2014-09-02,30.57354631248979,30.64103769837112,30.506054926608456,30.52855110168457,14530400
2014-09-03,31.60841737424677,31.68340654132584,31.428439368342293,31.540925979614258,21300600
2014-09-04,31.810882183678327,31.915871001005502,31.56341569446762,31.638404846191406,13873400
2014-09-05,31.683397759430587,31.90087028859631,31.600907982115825,31.88587188720703,13531500
2014-09-08,31.7883928696874,31.86338489824596,31.615915494982787,31.713403701782227,8804500
2014-09-09,31.65340099532599,31.698396199548803,31.390936122324305,31.48842430114746,15416500
2014-09-10,30.76852070629512,31.008489449388897,30.71602772253417,30.933500289916992,22866100
2014-09-11,30.678527226402387,30.873500719820278,30.663528825269854,30.828508377075195,17574100
2014-09-12,30.708532333374023,30.783521498663976,30.536054964684507,30.708532333374023,24857400
2014-09-15,30.483559158418775,30.498554701567684,30.221091382864472,30.273584365844727,15170500
2014-09-16,29.913627921595705,30.83600819768412,29.913627921595705,30.468557357788086,40882900
2014-09-17,30.468561666728128,30.513554018827804,30.15360089876486,30.251089096069336,22206100
2014-09-18,30.221091238202796,30.281084853123353,30.146102080205107,30.206092834472656,17461100
2014-09-19,30.183595992835983,30.206092167608038,29.778647683021354,29.898632049560547,27467700
2014-09-22,29.643666571404605,29.673663379880715,29.26121727562005,29.336206436157227,28739700
2014-09-23,29.37369808556668,29.55367605781234,29.26871212702872,29.306209564208984,28487300
2014-09-24,29.718659727599483,29.996123064967534,29.5911747170337,29.87613868713379,28033400
2014-09-25,29.41869507867411,29.45618965747641,29.141231762753495,29.246217727661133,23506600
2014-09-26,29.298705311161097,29.546174634829807,29.298705311161097,29.38869285583496,16690900
2014-09-29,28.736284176312655,28.796277792443174,28.631298208737316,28.698789596557617,25085800
2014-09-30,28.54131445366367,28.76628482286636,28.503817008252014,28.70629119873047,26128400
2014-10-01,28.50380802314569,28.526307055431122,28.076363598205614,28.09136199951172,27048100
2014-10-02,28.053866491916704,28.218846040134775,27.53643453703155,28.098861694335938,39844300
2014-10-03,28.69129057625801,28.706288981133337,28.473820857198838,28.556310653686523,30819000
2014-10-06,29.096241699355065,29.18622927653132,28.953761130438206,28.968759536743164,22011500
2014-10-07,28.97624623269707,29.006243033839983,28.706280743715652,28.72127914428711,25796900
2014-10-08,28.848761612960587,29.343697346218,28.69127985096565,29.261207580566406,30045000
2014-10-09,29.081236173585562,29.103735207861696,28.68378851609175,28.78127670288086,29182300
2014-10-10,28.49631357196688,28.563804955379233,28.226348038317468,28.278841018676758,27888800
2014-10-13,28.751286070454956,28.93876185264085,28.511317298109283,28.5338134765625,24153400
2014-10-14,28.556317370578615,28.743793184637603,28.3463425135879,28.578813552856445,22156400
2014-10-15,28.263845849023834,28.503814604019677,27.78390833903215,28.45882225036621,30654300
2014-10-16,27.90389342511474,28.586305125835644,27.888895019964988,28.346336364746094,30121500
2014-10-17,28.758783173423122,28.95375958432245,28.6013042066106,28.67629623413086,26070600
2014-10-20,28.5338090483449,28.743783837051026,28.48131606633161,28.691287994384766,14661700
2014-10-21,28.75127899541381,28.998745479463494,28.691285386763756,28.80377197265625,17297400
2014-10-22,28.90876055452723,28.94625513301487,28.653793415897127,28.691287994384766,16679300
2014-10-23,28.908761898956946,29.066240852320526,28.833772738494226,28.871267318725586,13798200
2014-10-24,28.90125673883451,29.081231822197324,28.85626153766762,28.976245880126953,11277100
2014-10-27,28.541306563469075,28.68378709042315,28.458816783413106,28.571300506591797,14337900
2014-10-28,29.246216266230313,29.51618179716151,29.238718495105715,29.44869041442871,21764200
2014-10-29,29.756146914174522,29.853635090890386,29.43368844251263,29.553672790527344,18557900
2014-10-30,29.38869520336187,29.71865432794348,29.38869520336187,29.58367156982422,13813800
2014-10-31,29.988621612719445,30.078609169888274,29.831139811857906,29.943626403808594,25933900
2014-11-03,29.67367455734859,29.733668196899195,29.478700950117496,29.658676147460938,19670700
2014-11-04,29.83864685895372,29.86114303791937,29.636172666302414,29.82364845275879,15493400
2014-11-05,29.628665841974534,29.68865945421859,29.46368912960914,29.591171264648438,12962700
2014-11-06,29.568677776018298,29.61367298928812,29.403698188015415,29.508684158325195,10179100
2014-11-07,29.283712755594628,29.478689145401777,29.268714351713076,29.45619010925293,12294700
2014-11-10,29.6886601500552,29.718656956880288,29.456189188140193,29.471187591552734,15190000
2014-11-11,29.55367292980748,29.643660476079482,29.478683784689565,29.613666534423828,8409400
2014-11-12,29.681159753055397,29.816139650521958,29.553674765652676,29.58367156982422,14198000
2014-11-13,29.846146410614878,29.846146410614878,29.643672205895705,29.75615882873535,12987600
2014-11-14,30.146108039082186,30.34858223848193,30.06361823258745,30.33358383178711,25581300
2014-11-17,29.45619292447201,29.493690368086156,29.351206947920343,29.433696746826172,17179900
2014-11-18,29.066239454411495,29.14872924334509,29.028744875983392,29.111234664916992,13196000
2014-11-19,28.886258338445547,29.03623948168281,28.81126633650073,28.976245880126953,15247900
2014-11-20,28.773782908763867,28.908765703885482,28.736288323597527,28.863773345947266,12716500
2014-11-21,29.996124129924517,30.146105322704802,29.85364357014257,29.928632736206055,42953200
2014-11-24,30.10860803818738,30.123603581531952,29.97362526286174,30.011119842529297,17464200
2014-11-25,30.011116426278996,30.063609403968755,29.756149308648983,29.763647079467773,12083700
2014-11-26,30.483564787726937,30.73103134452519,30.47606415411434,30.69353675842285,23047700
2014-11-28,30.596049017432268,30.596049017432268,30.326083416290373,30.446067810058594,14748000
2014-12-01,29.64366819038696,29.688663405558533,29.501187633323546,29.651168823242188,21391000
2014-12-02,30.258589985620752,30.468564806115797,30.213597628885204,30.37857437133789,18472100
2014-12-03,30.048622452429353,30.288591259214932,30.011127862741695,30.221099853515625,14686500
2014-12-04,31.05348792919467,31.233465935780462,30.955999723100142,31.128477096557617,23865400
2014-12-05,31.315939354527014,31.49591728340484,31.158460454666503,31.480918884277344,18449500
2014-12-08,31.563420611486304,31.735897975842125,31.24845983174503,31.25596046447754,20026800
2014-12-09,30.168599224010556,30.258586788627355,29.966125058132928,30.213594436645508,33763600
2014-12-10,30.34107305316397,30.348573684724112,29.883631790189394,29.92112922668457,21493500
2014-12-11,30.041112899780273,30.33357458958654,29.981119291280162,30.041112899780273,18523600
2014-12-12,29.891138574908506,29.96612774203001,29.583678412664955,29.666168212890625,17569000
2014-12-15,29.838638683976967,29.87613325886505,29.253712445242613,29.58367156982422,22974800
2014-12-16,29.246218303413418,29.996121336834275,29.118736160845337,29.516183853149414,30085700
2014-12-17,29.733657022351313,30.588546040082445,29.733657022351313,30.251089096069336,29763800
2014-12-18,30.45355591943242,30.53604569259581,30.138595227413333,30.39356231689453,20473600
2014-12-19,30.36775907153976,30.72466748341212,30.337383024668284,30.572790145874023,16562800
2014-12-22,31.119532017660624,31.35494191930559,31.073967969879,31.324565887451172,16287000
2014-12-23,31.06638706276644,31.06638706276644,30.785415904770474,30.876541137695312,18213500
2014-12-24,30.641127353149116,30.709471993583666,30.542409570046985,30.62594223022461,5392900
2014-12-26,31.643508516299693,31.833354388070585,31.567571326318582,31.651103973388672,14472400
2014-12-29,31.643522407908527,31.73465055207315,31.5599926209867,31.582773208618164,11797200
2014-12-30,31.13471884936436,31.26381263460873,31.073966787966263,31.096750259399414,12876900
2014-12-31,31.757424261856176,31.780204844553946,31.55239032711998,31.605546951293945,11848300
2015-01-02,31.98523166485092,32.008015139299744,31.613135378398116,31.651103973388672,15879100
2015-01-05,31.871331575728522,31.886519595802675,31.45366826573584,31.537200927734375,19953500
2015-01-06,31.5144156171212,31.597948266585206,30.998034599360267,31.149911880493164,23651100
2015-01-07,31.863733761230815,32.0156110539237,31.69667134640521,31.970046997070312,21729100
2015-01-08,32.16749178132423,32.357337693256675,32.137115740178544,32.228240966796875,14266300
2015-01-09,32.34215285570607,32.37252889984128,32.0156176233001,32.10674285888672,17966100
2015-01-12,32.14470376488947,32.175076902192146,31.780197149076777,31.81816864013672,11738800
2015-01-13,32.39530880279969,32.53959066417712,31.87892765064402,32.273807525634766,21635400
2015-01-14,31.954866610094832,32.12192904967619,31.734644647897987,31.932083129882812,17435200
2015-01-15,32.592734930330614,32.668675010268494,32.220638677497504,32.251014709472656,15123900
2015-01-16,31.727041889424815,32.08395306350359,31.689073293565368,32.06117248535156,22975600
2015-01-20,31.704262373993263,31.75741898934192,31.590353685778553,31.711854934692383,18603600
2015-01-21,32.311775826614195,32.77500034668916,32.281399783404936,32.72184371948242,19692600
2015-01-22,32.88131978075187,33.32176379960552,32.72944243298098,33.306575775146484,20535600
2015-01-23,33.16988109112052,33.32935097693865,33.16988109112052,33.22303771972656,11296200
2015-01-26,33.10912690684584,33.29897282465302,33.04837771949332,33.207847595214844,9732300
2015-01-27,32.3725230900444,32.661086767084214,32.32695903201883,32.56996154785156,16362600
2015-01-28,32.349738380160815,32.36492639892404,31.939673460827304,31.977642059326172,16560700
2015-01-29,32.175092889699485,32.25103301273526,31.79540096497906,32.19028091430664,11986300
2015-01-30,31.76501485892509,31.863732633385606,31.28660241776277,31.316978454589844,29188900
2015-02-02,31.673889102303537,31.932079640884588,31.590356443230473,31.848546981811523,19250100
2015-02-03,32.1750835535177,32.569963388263766,32.1750835535177,32.49402618408203,22931600
2015-02-04,33.07875365192196,33.238223527114826,32.744622983724916,32.76740646362305,24330200
2015-02-05,32.47883280275513,32.729427852645244,32.40289271428981,32.66108322143555,10307400
2015-02-06,32.03839770079952,32.17508700042505,31.894115838669887,31.92449188232422,13684800
2015-02-09,31.87133045953415,32.03839288086175,31.795390361822943,31.848546981811523,9099600
2015-02-10,32.07636293179581,32.121924091549644,31.894109602325287,31.992830276489258,8972900
2015-02-11,31.84095278727554,32.03079867658826,31.742232113723777,31.977642059326172,12236800
2015-02-12,32.31176825319249,32.50161413352478,32.258611638444904,32.43326950073242,11386300
2015-02-13,32.5775526768889,32.72183449623603,32.5775526768889,32.638301849365234,11989000
2015-02-17,32.80537164489337,32.86612082570614,32.63071376693123,32.75980758666992,9907700
2015-02-18,32.73702279478259,32.83574345982504,32.592738077377895,32.729427337646484,6969800
2015-02-19,32.61552206910475,32.828148523196916,32.56995801602007,32.69905471801758,5328200
2015-02-20,32.668680936065826,32.92687146105228,32.5699602626485,32.904090881347656,14538400
2015-02-23,32.79777300545085,32.843337059254665,32.562365969510026,32.63071060180664,13025000
2015-02-24,32.820565167185585,33.16988098167817,32.75981307936827,33.0331916809082,14411700
2015-02-25,32.88131174525745,32.95725184899448,32.79777907955609,32.835750579833984,10458900
2015-02-26,33.22303982127311,33.28379191313379,33.15469516633944,33.23822784423828,11653900
2015-02-27,33.26858901203454,33.38249478810444,33.20024438766545,33.23061752319336,10250300
2015-03-02,33.11672641702188,33.33694840385499,33.063569785278595,33.29897689819336,11829300
2015-03-03,32.50161544965447,32.52439892605335,32.311769561634506,32.42567825317383,15854900
2015-03-04,31.95485435985843,31.962446919139186,31.719444466706765,31.909290313720703,16799300
2015-03-05,31.74983440004909,31.8181790507735,31.582769054540755,31.666301727294922,14699400
2015-03-06,31.537196755705047,31.567572791834937,31.210661609354354,31.332162857055664,21035000
2015-03-09,31.658704752605978,31.83336265236013,31.6283316068192,31.69667625427246,14518000
2015-03-10,31.089171138842175,31.089171138842175,30.861356582531645,30.9600772857666,30339600
2015-03-11,31.028418179852824,31.11954341196339,30.922104926254015,31.0360107421875,16060100
2015-03-12,31.529606313775343,31.567574913079955,31.279008344091704,31.347352981567383,23642600
2015-03-13,31.537201451940003,31.57517295116586,31.339762981331464,31.50682830810547,10544200
2015-03-16,32.02319928761143,32.11432738900384,31.95485755679417,32.076358795166016,16845900
2015-03-17,31.863727535718915,32.281387836408385,31.8333515037515,32.213043212890625,14418400
2015-03-18,32.3421492691222,32.94965560036188,32.14471079777631,32.77499771118164,24165100
2015-03-19,32.82815565077418,32.88890773474411,32.59274567061888,32.76740646362305,14920200
2015-03-20,32.84334130247706,33.05596778739554,32.782589222889726,32.911685943603516,17869100
2015-03-23,32.83575018663888,32.93446797508678,32.721841480806724,32.80537414550781,11829500
2015-03-24,32.55478271280502,32.699067488848776,32.53200212577466,32.65350341796875,9433400
2015-03-25,32.5471847977285,32.63071746553044,32.25102562775351,32.28139877319336,20655000
2015-03-26,32.2737952850451,32.33454734899539,32.1295134783899,32.251014709472656,13964300
2015-03-27,32.729427337646484,32.85852403759709,32.65349014719421,32.729427337646484,18856500
2015-03-30,33.49641804851153,34.11911249869111,33.49641804851153,33.974830627441406,30507300
2015-03-31,33.504003466162935,34.005196523975584,33.45844230433721,33.71663284301758,18767300
2015-04-01,34.217833008650224,34.36211487909984,34.14189289513532,34.32414627075195,22064000
2015-04-02,34.50638517310528,34.75698311840341,34.43044798188545,34.6734504699707,16495000
2015-04-06,34.779766504570226,35.28855499664146,34.779766504570226,35.09870910644531,14086400
2015-04-07,35.31133664379192,35.463213939903106,35.189835386266665,35.212615966796875,17824900
2015-04-08,37.247761052905126,37.528732144017006,36.981977979801755,37.37685775756836,50991300
2015-04-09,38.03752274754229,38.91081500282425,37.991958690954384,38.81968688964844,50465300
2015-04-10,38.14383595943645,38.667809574194166,38.022334705428065,38.569091796875,34120800
2015-04-13,39.35884691923362,39.49553327972876,38.925995673196425,38.98674774169922,29955400
2015-04-14,38.37165150420859,38.86525199165701,38.25774570490251,38.720970153808594,20236200
2015-04-15,38.80449443300892,39.024716336104426,38.69818120994711,38.98674774169922,13862200
2015-04-16,39.38163795097347,39.91320710421378,39.26772924070096,39.6626091003418,20500400
2015-04-17,37.68061147412255,38.13624334867346,37.566705678098614,37.99195861816406,42017500
2015-04-20,38.06790253085589,38.4172183086113,38.02233846978483,38.2805290222168,20385700
2015-04-21,39.2905106411264,39.35125982572236,39.02472463016538,39.10825729370117,18211500
2015-04-22,39.61704188562611,39.799295228201444,39.54110468269724,39.78410720825195,17978600
2015-04-23,39.19178825360478,39.51832343496756,39.15381965278043,39.37403869628906,13636300
2015-04-24,39.47276438224208,39.53351646872111,39.343670543702544,39.42720031738281,12633000
2015-04-27,40.0043304712008,40.133424299799714,39.80688910216649,40.0271110534668,22333500
2015-04-28,39.97395443030034,40.07267511481749,39.77651595808472,40.0271110534668,14032600
2015-04-29,39.541100065511785,39.66260131410153,39.244940953125415,39.472755432128906,23909200
2015-04-30,39.16141074468322,39.22975538232983,38.93359625146733,38.97916030883789,23051000
2015-05-01,39.108248922108665,39.45756462501156,39.04749685369874,39.336063385009766,15258300
2015-05-04,39.21456298856688,39.768912589051,39.16900183309742,39.64741134643555,26654300
2015-05-05,38.53870816680194,38.65261683735213,38.15901646072507,38.21976852416992,26758400
2015-05-06,38.242557874837935,38.31090251348711,37.3844536110913,37.44520568847656,27444500
2015-05-07,37.20979364105688,37.45279614329383,37.11866842692261,37.430015563964844,20368200
2015-05-08,38.26534677630614,38.515944804785526,38.17422153723141,38.35647201538086,19112000
2015-05-11,38.53872384395321,38.56909988803229,37.99196663780568,38.022342681884766,17317400
2015-05-12,37.49836428532611,37.862868078405,37.46798824503154,37.80971145629883,17242400
2015-05-13,37.513555078362,37.718586123459005,37.33130171994162,37.36927032470703,14524900
2015-05-14,37.55151344175314,37.76413988790521,37.51354484734284,37.71098327636719,15614400
2015-05-15,38.181805985098954,38.470372560460135,38.136244823654586,38.424808502197266,25626500
2015-05-18,37.809716845020034,37.96159417132011,37.7034035856557,37.85527801513672,17328700
2015-05-19,38.37165832519531,38.424814953684354,38.219783899123186,38.37165832519531,16438500
2015-05-20,37.9615888930262,38.10587073969941,37.78692810913409,37.99955749511719,14641500
2015-05-21,37.78692705907133,37.90083575899753,37.703397295519835,37.847679138183594,11031400
2015-05-22,38.8272779071065,39.16900105038951,38.7133692270728,38.98674774169922,28090400
2015-05-26,39.53350361814485,39.548691634827655,39.03990321481645,39.18418502807617,21122300
2015-05-27,38.92599923762758,39.206973234954496,38.82728146249812,39.14622116088867,16960000
2015-05-28,37.6730282143385,37.8552786917006,37.46799425469181,37.7261848449707,31854900
2015-05-29,37.57430309027998,37.62745971465115,36.98957732537835,37.02754592895508,26244200
2015-06-01,37.61986396348495,37.65024000249875,37.32370482514675,37.4376106262207,18702900
2015-06-02,37.37686104982739,37.63505158507777,37.33129699178844,37.44520568847656,10837900
2015-06-03,37.55910350938207,37.80970143013212,37.48316632560089,37.70338821411133,12611600
2015-06-04,37.673028651969894,37.703404697489475,37.39205747296159,37.467994689941406,11922300
2015-06-05,36.997173824866415,37.24776893297673,36.83770105044839,37.17942428588867,15388700
2015-06-08,37.467988244837464,37.619865549490875,37.43761220454305,37.52114486694336,18824900
2015-06-09,36.75416567230414,37.02754132213551,36.723789634494516,37.0047607421875,27628500
2015-06-10,36.35169807975185,36.74657796409977,36.33651005764396,36.655452728271484,27533900
2015-06-11,36.921223881460726,37.0958817337457,36.8073180978756,36.97438049316406,34152800
2015-06-12,37.25535531636445,37.3692611025505,37.194603246277374,37.285728454589844,16774800
2015-06-15,36.24538778600522,36.275763832705174,36.070729862709356,36.15426254272461,20337200
2015-06-16,35.485988398091735,35.7365863279627,35.41764377147401,35.68342971801758,19794200
2015-06-17,35.81252972605893,35.98718760286065,35.546746630234246,35.78974914550781,16086100
2015-06-18,35.577123038667324,35.918846262403065,35.54674989408318,35.858097076416016,16668700
2015-06-19,35.478402370745755,35.68343628835148,35.448026331807455,35.531558990478516,22600500
2015-06-22,36.02516608836243,36.18463888643656,35.87329164725455,35.99479293823242,18500900
2015-06-23,36.78453695876632,36.898445646400376,36.74656836182772,36.830101013183594,19015900
2015-06-24,37.08887023802042,37.22626492706145,36.85224540427906,36.91331100463867,16291100
2015-06-25,36.562192502890326,36.56982424704393,36.2797684691495,36.302669525146484,14403600
2015-06-26,35.52409655776846,35.730188567728824,35.23404081281301,35.2722053527832,28083800
2015-06-29,34.68446195089556,34.86002116331883,34.33334352604903,34.348609924316406,25666500
2015-06-30,35.27983078798693,35.30272892363141,34.92107780013269,35.188232421875,24952800
2015-07-01,34.882913174232925,35.157702448279245,34.730252142899744,34.90581130981445,18253900
2015-07-02,35.127173588874385,35.37143010162244,34.905815214269175,34.966880798339844,15883800
2015-07-06,33.53187788105179,33.83720003504289,33.27998666724396,33.46318054199219,35982700
2015-07-07,31.69231949448356,32.11213527845438,31.074043434023903,32.02817153930664,86396300
2015-07-08,30.28019694310066,30.66184804394196,29.67719041671419,29.730621337890625,100572600
2015-07-09,31.562544555697436,31.654142915445185,31.14272893137069,31.21906089782715,50659300
2015-07-10,32.66934581706183,32.692246871643036,32.1808326919254,32.63881301879883,52810700
2015-07-13,32.94413678804512,32.982301331855226,32.66934741378351,32.75331115722656,28490800
2015-07-14,32.37164402336156,32.65406500320338,32.31821310587166,32.60826873779297,17177200
2015-07-15,32.18846550585287,32.249531104409265,31.829715305522033,31.85261344909668,32861700
2015-07-16,32.29532702011881,32.486152628555836,32.21899502968338,32.47088623046875,18382200
2015-07-17,32.76856456486311,32.799097352512625,32.577739009704004,32.699867248535156,15003100
2015-07-20,32.49378967285156,32.631184366282625,32.325862178265105,32.49378967285156,12497600
2015-07-21,32.783844714804914,32.875440204420066,32.60065082380649,32.63118362426758,16989000
2015-07-22,32.32585229826902,32.432717069650984,32.24952323047776,32.29532241821289,16497300
2015-07-23,32.53958038514672,32.5777449207499,32.23425827678644,32.287689208984375,17193900
2015-07-24,32.17319863121447,32.18846211747883,31.65415274519535,31.860244750976562,25727100
2015-07-27,30.562625535573073,30.89084576551251,30.37179995592304,30.631322860717773,52248400
2015-07-28,30.913752422879803,31.142742599214188,30.654229446562685,31.13511085510254,26739000
2015-07-29,31.08167955752826,31.608357248284307,30.99008115862179,31.501495361328125,39144600
2015-07-30,30.93664517254983,31.089306234075885,30.8068851629016,31.02060890197754,17014700
2015-07-31,31.0816771482117,31.21907182415313,30.791621397694474,30.898483276367188,24221500
2015-08-03,30.593168543168794,30.623698433164574,30.280211692739964,30.448139190673828,19597400
2015-08-04,30.65422776863519,30.852685134123835,30.524467743463372,30.6618595123291,18230900
2015-08-05,31.028244715911953,31.15800473040873,30.753455377250926,30.87558364868164,16616100
2015-08-06,30.80689353719067,30.86032448648388,30.50157133114232,30.61606788635254,14786400
2015-08-07,31.058773776003342,31.104572968487755,30.814517239621658,30.9366455078125,13365200
2015-08-10,31.386997631854346,31.71521793610595,31.364099488877514,31.631254196166992,23333900
2015-08-11,31.028235349336192,31.24959077264294,30.87557432819007,31.21906089782715,25276400
2015-08-12,30.36416706327579,30.638956379792436,30.264939852575004,30.53972625732422,43454300
2015-08-13,30.845049701713698,31.020608903357825,30.722921434840934,30.768720626831055,21946800
2015-08-14,30.768725558029498,30.883219188702963,30.730558102703647,30.860321044921875,10136300
2015-08-17,30.40233946198546,30.67712591148483,30.33364212166864,30.6618595123291,14383400
2015-08-18,29.997787955398227,30.173347182670113,29.936725268931827,30.020689010620117,19742900
2015-08-19,29.700098380102062,29.730631177098086,29.08945699902056,29.348979949951172,42859100
2015-08-20,28.837562153154675,28.974956810534543,28.585673889136523,28.623838424682617,37234600
2015-08-21,28.425387506219,28.62384488289579,27.807111408511943,27.906341552734375,53147500
2015-08-24,25.50956406787339,27.242260814853847,25.036317408942573,26.127840042114258,59939700
2015-08-25,27.936869994513028,27.997935591416756,26.692689031162736,26.72321891784668,44722000
2015-08-26,27.051434499369424,27.356756607051626,26.303398538492193,27.318592071533203,59189300
2015-08-27,27.975036725788307,28.745970940291,27.898704731630517,28.60094451904297,57232700
2015-08-28,27.80710639535602,27.997931993505993,27.60101439994194,27.75367546081543,34281700
2015-08-31,27.547585254809523,27.738410865354957,27.28043056475301,27.41019058227539,33115000
2015-09-01,26.417895359396205,26.562921760734252,25.952280450143196,26.166004180908203,52602000
2015-09-02,26.40263093902819,26.471328273597482,26.028611470424767,26.463693618774414,24583700
2015-09-03,26.654516616376657,27.112499772612775,26.540023011143166,26.616352081298828,25361900
2015-09-04,25.82252230634612,25.944650577265058,25.45613458182165,25.631696701049805,40894400
2015-09-08,27.379654019868312,27.494150535154407,27.143032158869143,27.440719604492188,43645800
2015-09-09,28.09716402759219,28.22692404549625,27.440723459502177,27.471256256103516,28563700
2015-09-10,27.387292142317644,27.791841500499636,27.349127602978008,27.524686813354492,23118300
2015-09-11,27.372029890068315,27.746046508721065,27.288066143743126,27.738414764404297,23290000
2015-09-14,27.417818137058287,27.486515462830862,27.196462675584257,27.4636173248291,18000100
2015-09-15,27.50179334846979,27.913977475307757,27.440730651031856,27.8223819732666,14773300
2015-09-16,28.3643193259047,28.738338812861976,28.31088838659192,28.654375076293945,30082900
2015-09-17,28.058993322531737,28.959690335461623,27.982664251646455,28.32615089416504,28673100
2015-09-18,27.997926591310975,28.18111749959847,27.623907209926273,27.700239181518555,32334000
2015-09-21,28.051363054704993,28.234556910933858,27.906336647692502,28.0971622467041,20131100
2015-09-22,27.539948166957025,27.654441764004154,27.37965247226356,27.608642578125,19401700
2015-09-23,27.41782535668686,27.455992812429727,27.135404237151622,27.21936798095703,16769100
2015-09-24,26.74612087256664,27.12013747499977,26.578193387198606,27.005643844604492,25846700
2015-09-25,27.417826819146807,27.501790567430824,26.860616294442604,26.914047241210938,22034900
2015-09-28,26.700318822417294,26.730851618636432,26.303401206871627,26.42552947998047,27227100
2015-09-29,26.288129530648277,26.59345160800187,26.196534072149053,26.402626037597656,26933000
2015-09-30,26.98273862132578,27.12776794056696,26.738482086755717,27.074337005615234,29258700
2015-10-01,27.28806300969901,27.36439209117286,26.96747737338746,27.257530212402344,22329100
2015-10-02,27.425455626491715,28.318518042103882,27.364390036483567,28.249820709228516,37439700
2015-10-05,28.516977293342624,28.78413196079866,28.440645308521262,28.753599166870117,30755900
2015-10-06,28.364315429607682,28.50934182899668,28.257453565661322,28.32615089416504,21137300
2015-10-07,29.42530979102793,29.700099147557154,29.173421488721388,29.509273529052734,44174800
2015-10-08,29.18105063945779,29.700096508612425,29.142886101501517,29.646665573120117,22443400
2015-10-09,29.654299950879665,29.761164743127143,29.326079654110632,29.509273529052734,17034900
2015-10-12,29.761162395597875,29.784060536246507,29.494004803704083,29.532169342041016,13102500
2015-10-13,29.287913086115655,29.555070680595946,29.1505184173584,29.1505184173584,18004100
2015-10-14,29.371879905495174,29.577971930292595,29.22685347846053,29.27264976501465,19676800
2015-10-15,29.982521480544108,30.249679104496657,29.78406411031671,30.24204444885254,26958600
2015-10-16,30.14282024327524,30.348909378051758,30.051221836965375,30.348909378051758,21400000
2015-10-19,30.150444807444494,30.150444807444494,29.92145466974147,30.058849334716797,12624000
2015-10-20,30.02067678916487,30.15806850572393,29.944344822446723,30.09700584411621,14078000
2015-10-21,29.951989181370003,30.02831826105687,29.577969702661765,29.654298782348633,18496300
2015-10-22,29.921443802411268,30.387058563299917,29.921443802411268,30.3030948638916,23494400
2015-10-23,30.79924967059078,30.982443521792547,30.577894194754972,30.814516067504883,30023300
2015-10-26,30.15808384761797,30.234415853167416,30.02069206116554,30.142820358276367,17161900
2015-10-27,29.88329654173821,29.974892034112173,29.761168247983527,29.90619468688965,17036000
2015-10-28,29.82223430579753,29.959629015753933,29.27265546597191,29.585609436035156,28035200
2015-10-29,29.242114645405255,29.379509304018548,29.203947197749105,29.29554557800293,17093400
2015-10-30,29.364245158210945,29.364245158210945,29.188685950251546,29.211584091186523,14129200
2015-11-02,29.158155468947147,29.48637576998374,29.158155468947147,29.455842971801758,14607500
2015-11-03,29.203951792813324,29.639036888058378,29.18868830547018,29.48637580871582,19874800
2015-11-04,30.196240778562856,30.234405312147633,29.7306258982337,29.86038589477539,21260900
2015-11-05,30.020683266754858,30.180976063799285,29.89092035121835,30.005416870117188,16002200
2015-11-06,29.570328574361316,29.791683999906486,29.379503023940668,29.730621337890625,19827900
2015-11-09,29.478734810881203,29.532165740390166,29.020754583156585,29.1352481842041,29714200
2015-11-10,29.05129272224452,29.05129272224452,28.822299654464466,28.936796188354492,19470400
2015-11-11,29.119995372745166,29.173426321836793,28.875738773535332,28.944433212280273,11782700
2015-11-12,29.1810584963967,29.265022249568133,28.883370943711363,28.92153549194336,22009800
2015-11-13,28.494080283900715,28.50171202680179,28.158225360901163,28.341419219970703,36818500
2015-11-16,28.349055498227983,28.822302251531433,28.31852269820374,28.768871307373047,24116900
2015-11-17,28.761235019523234,28.837564095757223,28.555143019570327,28.63910675048828,21096000
2015-11-18,28.547519198189466,28.845206754580797,28.5169863945164,28.83757209777832,19410000
2015-11-19,28.898632471947657,29.043658895479634,28.807036989283667,28.875734329223633,15604900
2015-11-20,29.23447774021108,29.455836107796145,29.23447774021108,29.364240646362305,26159700
2015-11-23,29.15051726436615,29.20394819879532,28.974958063846373,29.043655395507812,16540300
2015-11-24,28.63911215642098,29.165789870093718,28.623845755938966,29.05129623413086,21228700
2015-11-25,28.98259735107422,29.051294693716592,28.852834409741725,28.98259735107422,12736900
2015-11-27,28.242189787023584,28.318518864984142,28.09716337419145,28.188758850097656,20427000
2015-11-30,28.127691117676765,28.585674285888672,28.08952658160097,28.585674285888672,46579500
2015-12-01,28.616212074976545,28.753603846480335,28.585679276078828,28.723073959350586,17602400
2015-12-02,28.77650063710479,28.784132379814277,28.387214788267674,28.47881317138672,19466600
2015-12-03,28.57040586635516,28.593304004025985,28.127689126270866,28.27271842956543,20279800
2015-12-04,28.150594400967375,28.608574693727856,28.150594400967375,28.516979217529297,20273000
2015-12-07,28.211657310656307,28.249821850068837,27.921604481706915,28.089529037475586,23032000
2015-12-08,27.39492695066298,27.684982723280054,27.29569680786303,27.662084579467773,28172000
2015-12-09,27.43308912563124,27.776575811998164,27.280430964372858,27.372026443481445,27165800
2015-12-10,27.18120038791352,27.34149320168759,26.998006520909055,27.112503051757812,28942900
2015-12-11,26.540022531109663,26.63161799599323,26.31866415518765,26.356828689575195,34884300
2015-12-14,26.63925476869225,26.784281175606562,26.34156438855093,26.746116638183594,31213000
2015-12-15,27.150663004208205,27.372021373506715,27.143031262265986,27.20409393310547,34955300
2015-12-16,27.608644595715322,27.852904026487032,27.23462807488819,27.68497657775879,27147600
2015-12-17,27.77657236576589,27.77657236576589,27.310957461100315,27.349124908447266,30273700
2015-12-18,27.53231351342691,27.776570014581402,27.387287125793673,27.608642578125,46169200
2015-12-21,27.932356806687416,27.979155833492836,27.6359500763198,27.901155471801758,32516100
2015-12-22,27.74515039405017,28.01035577635226,27.667150036235466,27.947956085205078,18334200
2015-12-23,28.283365825487326,28.51737289814044,28.25996630843143,28.509571075439453,22386700
2015-12-24,28.37696759526781,28.51737063752028,28.34576625798431,28.439367294311523,6707000
2015-12-28,27.87775661665257,28.057159833196593,27.830954613218985,27.979156494140625,17170200
2015-12-29,28.166360656730106,28.189760169957893,27.986957445763274,28.0727596282959,12677100
2015-12-30,27.73735915039097,27.82315837729277,27.59695608742622,27.6203556060791,13678900
2015-12-31,27.526748657226562,27.737353206543155,27.47994665442629,27.526748657226562,13825600
2016-01-04,26.62972945900055,26.692132129044445,26.325523881344264,26.637531280517578,39069600
2016-01-05,26.512728966123067,26.559527993221465,26.348923444709413,26.48932647705078,25363400
2016-01-06,25.88871070375527,26.09151637913159,25.795109686555335,25.912113189697266,26243000
2016-01-07,25.08529797598259,25.5845074122373,24.913695104210404,24.92149543762207,54680500
2016-01-08,25.163299073379648,25.194500407942385,24.648490442948123,24.664091110229492,48245500
2016-01-11,24.7108916290648,24.804492657247984,24.26628302579089,24.5314884185791,40023300
2016-01-12,24.632884230089953,24.773287228490453,24.31307806162712,24.492481231689453,30022600
2016-01-13,24.586092549954305,24.66409440903232,23.923078979433757,24.040081024169922,33632500
2016-01-14,24.016682518160167,24.461291199517426,23.790477266094598,24.383289337158203,36762100
2016-01-15,23.11965680280057,23.353662323786175,22.85445143834037,23.24445915222168,64109400
2016-01-19,24.07128292630346,24.079083261170002,23.579872244043514,23.821678161621094,38807400
2016-01-20,22.909055650742086,23.2522613959752,22.47224590410843,22.97925567626953,49567700
2016-01-21,22.963658646962706,23.43946712986828,22.81545527306017,23.13526153564453,38496500
2016-01-22,23.852873311282963,23.977675669022247,23.696869620228128,23.96987533569336,35756300
2016-01-25,23.67347193348442,23.735873117165873,23.384865529106733,23.39266586303711,30113900
2016-01-26,23.291259799828747,23.61886632002148,23.283459467471623,23.55646514892578,23553100
2016-01-27,23.32246570690528,23.673473315454956,23.127461810546937,23.228864669799805,36029200
2016-01-28,23.69686770102513,23.78266987293234,23.369261166551908,23.572065353393555,31031200
2016-01-29,24.079079846016654,24.359884422576727,24.008878329936252,24.336484909057617,31307700
2016-02-01,23.735871444968666,23.884074803681745,23.626669753159806,23.813873291015625,29167800
2016-02-02,23.813872180199212,23.813872180199212,23.104058241028486,23.205459594726562,29701700
2016-02-03,23.299065631668253,23.59547089239563,22.862255843133052,23.579870223999023,39952800
2016-02-04,23.509671170832448,23.72027575300036,23.22106621402022,23.361469268798828,40683400
2016-02-05,23.579865182876063,23.58766551540674,23.08065580300332,23.189857482910156,24039500
2016-02-08,22.87005544030664,22.91685595622661,22.386446637689954,22.729652404785156,35694000
2016-02-09,22.33184365698371,22.72185141652962,22.27724280868913,22.5190486907959,33982600
2016-02-10,22.823254099586176,23.12745967371477,22.612649553914906,22.675050735473633,42771800
2016-02-11,21.94183555537865,22.35524430964669,21.918436042338058,22.18364143371582,38735300
2016-02-12,22.316244313451342,22.698451736468726,22.1992407962374,22.675050735473633,39419100
2016-02-16,23.501866985343003,23.626670837402344,23.377064621045196,23.626670837402344,37917300
2016-02-17,23.673472246847105,24.040079019858155,23.650071244746215,23.99327850341797,36462600
2016-02-18,24.11027799269764,24.15707850419636,23.712469925554927,23.767070770263672,25834900
2016-02-19,23.767075771252713,23.899678488202106,23.626674207213725,23.759275436401367,19641400
2016-02-22,24.164880736922257,24.46908780498017,24.157080403099076,24.430086135864258,21172100
2016-02-23,24.10248277800788,24.164883969178472,23.806077491888008,23.821678161621094,19199300
2016-02-24,23.36146660076593,23.83727508035526,23.22106356202227,23.751474380493164,28184600
2016-02-25,23.39266727080807,23.69687287359204,23.252264227134955,23.673473358154297,20348600
2016-02-26,23.985480120467688,23.99328045513583,23.70467402346139,23.72807502746582,21069100
2016-02-29,23.689073208253145,23.907476612852875,23.618871688842773,23.618871688842773,17145900
2016-03-01,24.063481047589647,24.50808969212546,24.040080044491365,24.46908950805664,33924700
2016-03-02,24.718693774417456,25.007300189285093,24.640691920040126,24.99949836730957,27629800
2016-03-03,24.773291520072803,25.054096077757585,24.718690675183026,25.022897720336914,24973000
2016-03-04,25.264700722360256,25.818510994677958,25.19449921069161,25.732711791992188,42537700
2016-03-07,25.217900720361985,25.57670711029996,25.217900720361985,25.436304092407227,24886500
2016-03-08,25.046299355333808,25.093098383193176,24.820094135603068,24.851295471191406,25288100
2016-03-09,24.944896697998047,25.116501069556122,24.874695180135486,24.944896697998047,14383700
2016-03-10,25.038496180919743,25.132100182627607,24.47688556052594,24.74989128112793,29486800
2016-03-11,25.311505160551885,25.6391102628859,25.29590449250886,25.631311416625977,28791500
2016-03-14,25.639107430971634,25.795111118647657,25.529905742255274,25.66250991821289,17724900
2016-03-15,25.34270343480964,25.537707298502927,25.24130059254274,25.506505966186523,15012900
2016-03-16,25.225705376612787,25.84971728014982,25.171104521023512,25.795116424560547,28137700
2016-03-17,25.740514902059413,26.14612337273043,25.709313563810092,26.099321365356445,28887800
2016-03-18,26.278720552753725,26.42692539886783,26.224119706982087,26.27092170715332,25481300
2016-03-21,26.309917909849332,26.45032091362028,26.231917563542133,26.2943172454834,15135700
2016-03-22,26.04472287964074,26.239726798147213,25.974521349957463,26.083723068237305,15095000
2016-03-23,26.021321011534393,26.029119858339907,25.67031339481842,25.71711540222168,25832600
2016-03-24,25.334904482324376,25.537710189819336,25.233501628576896,25.537710189819336,17791300
2016-03-28,25.506507190856333,25.77171257723369,25.498705369641222,25.748310089111328,16103100
2016-03-29,25.56110773655682,26.02911583617665,25.459704890614116,26.00571632385254,18632800
2016-03-30,26.473725611841132,26.614128643134162,26.37232573686966,26.39572525024414,23327000
2016-03-31,26.434730349414664,26.54393206617744,26.278726621672003,26.341129302978516,17008400
2016-04-01,25.756110954195744,26.29432055266293,25.615707932765545,26.192920684814453,19325000
2016-04-04,26.19292671699296,26.27092709107402,25.841919082581114,25.873117446899414,14553900
2016-04-05,25.4675054596816,25.553304659159522,25.249099111809958,25.28809928894043,22566600
2016-04-06,25.405103887721452,25.771712114654175,25.327103530108197,25.7639102935791,17888100
2016-04-07,25.467508692446867,25.498707052797794,25.1555012847523,25.272504806518555,20313800
2016-04-08,25.272504010551398,25.83411316098109,25.272504010551398,25.600109100341797,18606500
2016-04-11,26.05251697221288,26.1929199899182,25.8809126226791,25.904312133789062,18483800
2016-04-12,26.036922197808988,26.41912818486171,25.888717325850077,26.263124465942383,19348300
2016-04-13,27.222544071209377,27.323943951025505,27.11333939402375,27.29274559020996,37869200
2016-04-14,27.253742681862192,27.33174602342413,27.183541162218066,27.238142013549805,14575600
2016-04-15,27.05093739344816,27.08993757278908,26.879333033720567,26.894933700561523,21139800
2016-04-18,26.855929534553376,27.21473589206304,26.801328696476798,27.0665340423584,18276400
2016-04-19,27.167943711836333,27.44874681739509,27.144541221397326,27.394145965576172,18449300
2016-04-20,26.972934472185823,27.300539518152775,26.87153163511491,27.082136154174805,27289700
2016-04-21,27.097739393971032,27.152340240152913,26.840332854379646,26.894933700561523,20198100
2016-04-22,26.824734661755127,27.0743394031872,26.69993229103909,26.793533325195312,24133800
2016-04-25,26.52832521088581,26.575127210954008,26.364522673931504,26.473724365234375,21699000
2016-04-26,26.543928038593734,26.653129738787033,26.458125852578092,26.629730224609375,16571200
2016-04-27,26.47372614877917,26.90273707283297,26.47372614877917,26.82473373413086,17151000
2016-04-28,26.629727492443912,26.848130870422693,26.528324648872537,26.57512664794922,18527900
2016-04-29,26.263119000483258,26.348921176809284,25.97451411463257,26.15391731262207,22389400
2016-05-02,26.27092305966401,26.27092305966401,25.982318149223772,26.107120513916016,16295700
2016-05-03,25.709313456797357,25.74831364168498,25.43630918706062,25.475309371948242,31468500
2016-05-04,25.30370228896265,25.405105139273708,25.06189938313567,25.155500411987305,28157100
2016-05-05,25.381701155035923,25.42850017345671,25.116495807068816,25.194496154785156,32501100
2016-05-06,24.929293563329757,25.18670009519651,24.913694384718397,25.046297073364258,22910300
2016-05-09,24.937095348845865,24.983895862928453,24.664091110229492,24.664091110229492,31106200
2016-05-10,24.851297365908437,25.233503341674805,24.851297365908437,25.233503341674805,24520000
2016-05-11,24.905896526123094,25.069699076028137,24.812294006347656,24.812294006347656,23343200
2016-05-12,25.007299281512598,25.061900131266214,24.703092209259978,24.765493392944336,21212200
2016-05-13,24.586088280584665,24.67188897168566,24.21948005290796,24.36768341064453,32731500
2016-05-16,24.687488822026978,24.952694195413038,24.679688488955456,24.84349250793457,22117800
2016-05-17,24.796690540679606,24.898091889130118,24.609485533482577,24.695287704467773,23888100
2016-05-18,24.570487614500124,24.866892842218736,24.391084411203032,24.500286102294922,28817500
2016-05-19,24.383284077303426,24.437884922848095,24.211681207339975,24.36768341064453,27337400
2016-05-20,24.63288699120766,24.78109033810498,24.609485992930814,24.6796875,16973700
2016-05-23,24.656292889971496,24.78889559770597,24.5938917032589,24.625091552734375,15279900
2016-05-24,24.788892843775198,25.155499589013196,24.7654918434471,25.10089874267578,29074100
2016-05-25,25.373902611076492,25.600107814391684,25.33490243218285,25.561107635498047,24661200
2016-05-26,25.483102191189793,25.529904187298875,25.37390050912461,25.467504501342773,15589200
2016-05-27,25.67031397494955,25.732716652897487,25.459709400160452,25.615713119506836,20918800
2016-05-31,25.95111940724064,26.309925869642885,25.834115876859162,26.247526168823242,63588000
2016-06-01,26.247528621180724,26.247528621180724,25.912121643307696,26.083723068237305,22796100
2016-06-02,26.060318443264556,26.34892335295095,26.036918929796848,26.30992317199707,20820900
2016-06-03,26.278726621672003,26.434730349414664,26.107125199126333,26.341129302978516,23421800
2016-06-06,26.341123933174057,26.777933686702358,26.341123933174057,26.676530838012695,26465100
2016-06-07,26.98853781374942,27.128940855858122,26.980738967198178,27.019739151000977,29459400
2016-06-08,27.035339407137474,27.152342932283982,27.019738738749723,27.097742080688477,15660800
2016-06-09,26.82473650363916,26.972941374712956,26.809135834288053,26.941740036010742,17728300
2016-06-10,26.20852012374456,26.364523821908417,26.099318427686775,26.21632194519043,35795300
2016-06-13,25.740510274289477,25.958913651722195,25.631308585573116,25.66250991821289,29852000
2016-06-14,25.60790943519492,25.787312637120813,25.412905566729002,25.732711791992188,28219200
2016-06-15,25.880918783404564,26.09932220714728,25.75611640190537,25.771717071533203,27387300
2016-06-16,25.311505510506933,25.779513656175652,25.147702957075204,25.701513290405273,33594000
2016-06-17,25.58451003715727,25.6625133792769,25.428506328441266,25.59231185913086,17527800
2016-06-20,26.146120639645126,26.247523490593966,26.01351645370848,26.04471778869629,24452000
2016-06-21,26.244302288426955,26.39359513770641,26.087150185411865,26.307161331176758,17153400
2016-06-22,26.62932331839494,26.747188151762334,26.495745971510637,26.52717399597168,23886100
2016-06-23,26.91219591635466,27.187209858134864,26.865049384580697,27.171497344970703,21953600
2016-06-24,25.717844585964272,26.236444455805426,25.47425866322554,25.529264450073242,56230400
2016-06-27,25.62356068412127,25.647132457423197,25.112816948107888,25.44283676147461,35963800
2016-06-28,25.961429312011138,26.110722162495485,25.804277207727726,26.05571937561035,27207300
2016-06-29,26.50360222826909,26.574320528804083,26.456455695436688,26.52717399597168,28029400
2016-06-30,26.747187593167993,27.06148881320506,26.621466505667733,26.88862419128418,36217700
2016-07-01,27.030059354296913,27.202923967039915,27.014343844515366,27.092918395996094,18797600
2016-07-05,26.62932099728132,26.66075201642994,26.40145060459427,26.48002815246582,19009200
2016-07-06,26.087150935438633,26.456454941100766,26.00071712642394,26.41716766357422,19984800
2016-07-07,26.511458912908804,26.59788971858365,26.212870228764547,26.291444778442383,18078000
2016-07-08,26.550749917325174,26.904341435398223,26.535034405696667,26.857194900512695,24660800
2016-07-11,26.990772707767658,27.18721211029123,26.912198145729192,27.061491012573242,21573900
2016-07-12,27.50937524354022,27.658671122101243,27.43080067398114,27.61152458190918,27755400
2016-07-13,27.54865894348222,27.556515199589935,27.36007582520026,27.493656158447266,16901600
2016-07-14,27.815811080301934,27.98081940258852,27.776520815296802,27.941532135009766,21607800
2016-07-15,27.925826678817707,27.94939844836301,27.792246324063587,27.862964630126953,16609700
2016-07-18,27.792244942358757,28.098689920922464,27.752957662593953,28.09083366394043,13153100
2016-07-19,27.7450949518306,27.768666714720993,27.532940093537185,27.56437110900879,20070400
2016-07-20,27.862959088107512,27.917961871057987,27.752953522206568,27.894390106201172,15869500
2016-07-21,27.89438894832661,27.980822745782945,27.760811623113543,27.870817184448242,12719300
2016-07-22,27.933682987635038,28.043688575618987,27.886539448457608,28.020116806030273,9232400
2016-07-25,27.957255322568102,27.957255322568102,27.784387700815888,27.79224395751953,12890900
2016-07-26,28.0122516795116,28.14582899479153,27.972961412733724,28.122257232666016,13396600
2016-07-27,28.051541988574414,28.137975788969428,27.831527860997973,28.01225471496582,15743200
2016-07-28,27.89439565447233,27.917967424017633,27.7765308118909,27.862964630126953,11246400
2016-07-29,27.65080667310593,27.925823609762347,27.619378649641963,27.83938980102539,21214600
2016-08-01,27.957251074553632,28.020110110913173,27.713665189771895,27.74509620666504,13899600
2016-08-02,27.65079972936054,27.784380035889086,27.45436039426226,27.658658981323242,20209200
2016-08-03,27.477942447206733,27.76867190105183,27.470083193157656,27.75295639038086,14587600
2016-08-04,27.75295864617632,27.902251513544535,27.67438408386198,27.815820693969727,11143700
2016-08-05,28.09083279864947,28.27155667794252,28.067261031002136,28.24012565612793,15792500
2016-08-08,28.412987617761537,28.49942141181723,28.389415854810572,28.39727210998535,8370000
2016-08-09,28.593714232500865,28.790153602603155,28.593714232500865,28.664432525634766,15257700
2016-08-10,28.664426575920604,28.672285827652466,28.452271740554693,28.499418258666992,13354400
2016-08-11,28.90015923132755,29.143745129842685,28.884443721994938,29.10445785522461,20711900
2016-08-12,29.143748483466936,29.245897807169975,29.104461204328,29.167320251464844,15700500
2016-08-15,29.646634354697817,29.85093301247109,29.623062585503753,29.82735824584961,26370200
2016-08-16,29.733060540702883,29.780207064418345,29.599480222222397,29.69377326965332,17991200
2016-08-17,29.450195597644264,29.52877315906056,29.190897138539192,29.489482879638672,23072000
2016-08-18,29.654491137878406,29.764496714852363,29.607344605992207,29.748781204223633,12335200
2016-08-19,29.53662993631949,29.623063756684868,29.387337063142265,29.583776473999023,13772000
2016-08-22,29.426619724215374,29.465907000730937,29.261611364393776,29.316614151000977,17897100
2016-08-23,29.4737623218711,29.591627145105036,29.269466692016167,29.308753967285156,15723600
2016-08-24,29.15946399460796,29.261613318311,29.088745693186976,29.167320251464844,19764800
2016-08-25,29.057315422263546,29.183036517215363,29.01802814210873,29.143749237060547,12871500
2016-08-26,29.261610346385535,29.599483310606455,28.81372581792338,29.018024444580078,34069400
2016-08-29,29.09659292102793,29.30874775945674,29.07302116034462,29.23802947998047,12999700
2016-08-30,29.45018843267752,29.552337738952954,29.340182870885553,29.426616668701172,12718700
2016-08-31,29.238037217550914,29.238037217550914,28.94730776828804,29.112316131591797,22296800
2016-09-01,29.34803367510671,29.43446745686755,29.143738097929788,29.332321166992188,16027300
2016-09-02,29.843062865106297,30.047361448310834,29.756629079706403,29.921640396118164,24376400
2016-09-06,30.369527929825523,30.44810247918814,30.204516580280945,30.377384185791016,22588900
2016-09-07,30.338091082049793,30.416665616315363,30.298803814917008,30.369522094726562,13427600
2016-09-08,30.510968292937203,30.746694967627683,30.4952527816342,30.660261154174805,37204200
2016-09-09,30.58168624000194,30.58168624000194,30.015942771348453,30.039514541625977,33444600
2016-09-12,29.46591209633765,30.16523593050232,29.442340325837407,30.07880210876465,29013400
2016-09-13,29.458047710543827,29.544478511005817,29.002306957103816,29.277320861816406,40524700
2016-09-14,29.4266166935976,29.607340544898268,29.269464606293226,29.277320861816406,24486900
2016-09-15,29.552342279472054,29.913790037301606,29.45019295750206,29.819499969482422,24609800
2016-09-16,29.60734396383858,29.70949328199624,29.41876083781114,29.646631240844727,21740900
2016-09-19,29.843069064063503,29.93735912343721,29.662345201336002,29.709491729736328,16969800
2016-09-20,29.94521791532238,29.992361445569117,29.772350311279297,29.772350311279297,13309700
2016-09-21,30.133798188437197,30.534536182187352,29.960933580918795,30.50310516357422,29226100
2016-09-22,30.589534012496507,30.699539562401686,30.526671985449877,30.61310577392578,19453800
2016-09-23,30.165230257809263,30.283095083000692,30.078796452325818,30.102371215820312,16589500
2016-09-26,29.65449031058915,29.709493097541685,29.48162269592285,29.48162269592285,21302700
2016-09-27,29.780216783575415,29.88236312215572,29.64663642149926,29.85879135131836,17987300
2016-09-28,29.984515999886764,30.125952636472434,29.6780709530938,30.11023712158203,16664700
2016-09-29,30.0709478588111,30.19666897225235,29.678069004628714,29.795930862426758,21940300
2016-09-30,29.725208402409347,30.008078591599745,29.662346362082328,29.866641998291016,19211000
2016-10-03,29.725204786695592,29.91378488988402,29.64662724584483,29.898069381713867,13187500
2016-10-04,30.02379543691089,30.047370201795477,29.591629381437905,29.654491424560547,17799300
2016-10-05,30.188801070923034,30.400955951114415,30.11808577495283,30.377384185791016,23221800
2016-10-06,30.31452400923772,30.53453513714596,30.267377482931604,30.487388610839844,12108400
2016-10-07,30.34595506742059,30.440248129472927,30.047369363202858,30.24380874633789,18520100
2016-10-10,30.43238798517771,30.77812021030595,30.393100709185617,30.675973892211914,20312600
2016-10-11,29.96879340742993,30.008080686663696,29.64663292182945,29.764497756958008,26881200
2016-10-12,29.630922827553526,29.77235945659327,29.55234825472159,29.725215911865234,16034100
2016-10-13,29.112313264956704,29.37161466526722,28.92373315330072,29.25374984741211,26440800
2016-10-14,29.59948203915113,29.68591583922179,29.45018920102797,29.536623001098633,20872300
2016-10-17,29.300897419019037,29.387331222205095,29.22231987183765,29.269466400146484,13330800
2016-10-18,29.84307127056886,29.858786781197594,29.693778415736652,29.748781204223633,15693700
2016-10-19,29.73306396584854,29.866641302290024,29.62305839526685,29.780210494995117,9950900
2016-10-20,29.678060074067645,29.8352121679368,29.630913546678837,29.74091911315918,8927100
2016-10-21,29.583779282825493,29.77235945659327,29.55234825472159,29.725215911865234,9429000
2016-10-24,30.03951101473283,30.0945138038743,29.88235890400269,29.945220947265625,9859700
2016-10-25,29.945218275989372,29.976649294817022,29.7959224352715,29.83521270751953,10771200
2016-10-26,29.536623001098633,29.670200330351957,29.42661743643664,29.536623001098633,13053800
2016-10-27,29.395185676651376,29.4266166935976,29.21446182535071,29.277320861816406,14736900
2016-10-28,29.041597764096696,29.190893614048022,28.79801484668494,28.955163955688477,24366200
2016-10-31,28.970884211867848,29.112320831081817,28.94731244114139,28.963027954101562,11429600
2016-11-01,29.44233422193977,29.473762243615337,28.900159633415537,29.151601791381836,24502700
2016-11-02,28.931589040010365,29.002307330336077,28.554425824082188,28.774436950683594,24420300
2016-11-03,28.884447857544494,28.923738135214897,28.640864921581134,28.727298736572266,15621500
2016-11-04,28.538712007309794,28.609430301828002,28.39727541827338,28.475852966308594,19415800
2016-11-07,29.183030310613592,29.473759718840167,29.167314802408548,29.355897903442383,24788400
2016-11-08,29.183031723126113,29.78020907411549,29.143744449425274,29.56805419921875,23078100
2016-11-09,28.758721982249902,29.175175476403084,28.727293961735597,28.868730545043945,48911500
2016-11-10,28.868728746740704,28.915872273288905,28.302982448749024,28.593711853027344,46039500
2016-11-11,28.082974822412925,28.357988752883657,27.91796346670345,28.271554946899414,28500300
2016-11-14,28.082971800086074,28.271551904277324,27.87867319021439,28.098684310913086,26510200
2016-11-15,28.263700198898874,28.601576187180136,28.232269177331503,28.491567611694336,24991400
2016-11-16,28.106547621264706,28.240124964564746,28.02011381210485,28.15369415283203,19616400
2016-11-17,28.177264772241454,28.373704149630278,28.161549262359106,28.26369857788086,14095000
2016-11-18,28.263700421202483,28.302987699757107,28.122263820464056,28.24012565612793,13194400
2016-11-21,28.460137456701553,28.546571260826802,28.412990927880426,28.475852966308594,11379100
2016-11-22,28.98659504128694,29.018026062128786,28.86087395534667,28.97873878479004,15085100
2016-11-23,28.790153000191058,28.923733327727543,28.758721982249902,28.868730545043945,12015100
2016-11-25,29.20660828582279,29.253754820464973,29.128033725513152,29.143749237060547,8110100
2016-11-28,29.379470920991707,29.442332956494923,29.245893591687622,29.25374984741211,15895200
2016-11-29,29.348046846561765,29.536630000260615,29.269472281019976,29.434480667114258,16069000
2016-11-30,29.489476474489138,29.646628565760626,29.44233294530647,29.536623001098633,16379900
2016-12-01,29.544479256820132,29.670200330351957,29.44233294530647,29.536623001098633,14747700
2016-12-02,29.261611364393776,29.465907000730937,29.253752110634426,29.316614151000977,12232200
2016-12-05,29.151599791458256,29.29303637028952,29.128028027461966,29.277320861816406,11648900
2016-12-06,29.277320861816406,29.30875187876263,29.143743535935076,29.277320861816406,13160200
2016-12-07,29.363763547944128,29.717355102052373,29.340191776812798,29.615205764770508,16420200
2016-12-08,29.458056627324765,29.678067817690938,29.38733831650312,29.615205764770508,17728800
2016-12-09,29.37161112403683,29.465901168496607,29.293033589131625,29.44232940673828,12202900
2016-12-12,28.82158336309858,28.931588925965652,28.625144001571147,28.76658058166504,28688000
2016-12-13,28.994452221131365,29.15946057260673,28.947305693241155,29.080883026123047,23956400
2016-12-14,28.813733479086437,29.002316646339825,28.334423798946762,28.444429397583008,32818500
2016-12-15,28.18511483864748,28.310835892669253,28.130112064852103,28.192974090576172,26737200
2016-12-16,28.09082947314625,28.13797600028674,27.815815558393886,27.894390106201172,30509800
2016-12-19,27.800106916126893,27.870825225592007,27.729388606661775,27.784391403198242,20622700
2016-12-20,27.713670555449248,27.776529603979,27.65866776395046,27.682239532470703,14651600
2016-12-21,27.74509611729448,27.76081162569043,27.58794403076172,27.58794403076172,19888000
2016-12-22,27.33868437052488,27.3547144553177,27.202430178498947,27.29861068725586,22593200
2016-12-23,27.218458191463665,27.290592038827604,27.178384511244992,27.22647476196289,14397900
2016-12-27,27.266550502489334,27.33066778419886,27.25853393138436,27.29059410095215,11928500
2016-12-28,27.6272245455003,27.659281663187254,27.490970329981064,27.539060592651367,16054700
2016-12-29,27.787520066405893,28.003921668202548,27.75546294784194,27.899730682373047,17278600
2016-12-30,28.052005996691072,28.076049594883337,27.763470588679798,27.8195743560791,12115800
2017-01-03,28.132156836372022,28.32451481794283,28.084069634049115,28.17223358154297,19776300
2017-01-04,28.252382722224386,28.5890053892223,28.228339119560705,28.46076774597168,42559900
2017-01-05,28.76532997352017,28.941657859163097,28.749299887786613,28.869524002075195,24724200
2017-01-06,28.773349891209136,28.773349891209136,28.597021985060692,28.653125762939453,17907200
2017-01-09,28.725255513620528,28.789372797400276,28.653121658476966,28.693195343017578,9544300
2017-01-10,28.92561759051812,29.270256668898085,28.90958751042775,29.06988525390625,30402500
2017-01-11,29.174085486743127,29.366440374126032,29.03783130553991,29.278276443481445,22706700
2017-01-12,29.17409149507483,29.246225357055664,29.045853857934066,29.246225357055664,12241900
2017-01-13,29.28629728127784,29.406518339053186,29.27026719542254,29.310340881347656,11254300
2017-01-17,29.166070953381467,29.19011455162721,29.06989350297248,29.174087524414062,11490500
2017-01-18,29.43056501126831,29.446595097131624,29.28629729592474,29.318357467651367,16500300
2017-01-19,29.28630315183766,29.302333240906258,29.06188496230421,29.198139190673828,15784000
2017-01-20,29.158058002113986,29.230191855668398,28.96570004016019,29.08592414855957,19101900
2017-01-23,29.12599625927552,29.27026395859321,29.085922577781922,29.23019027709961,16244600
2017-01-24,29.22217095093384,29.438572479505478,29.214157438361095,29.35040855407715,11148200
2017-01-25,29.350411523287935,29.494679223597085,29.34239800990451,29.478649139404297,12805200
2017-01-26,29.582844053472623,29.671007990488874,29.494680116456372,29.534753799438477,19169400
2017-01-27,29.518730149239673,29.598877524373044,29.39048945714407,29.510713577270508,11190700
2017-01-30,29.3504140005648,29.406517771261942,29.214162859564944,29.39850425720215,8761500
2017-01-31,29.350420874366606,29.454614926103105,29.310347179830078,29.406524658203125,13731200
2017-02-01,29.558803958602898,29.59086107433251,29.32637228936146,29.39048957824707,11752800
2017-02-02,29.31034031541344,29.430564428293714,29.278280144321876,29.39850425720215,10052200
2017-02-03,29.358427047729492,29.42254432478949,29.270263116524394,29.358427047729492,16406400
2017-02-06,29.550784916582977,29.598875172297333,29.44659394867441,29.48666763305664,17276900
2017-02-07,29.60689133306078,29.6389515064032,29.40651983581028,29.470640182495117,15372300
2017-02-08,29.815276535961377,29.999617928818346,29.767186280571078,29.903440475463867,23490600
2017-02-09,29.903439114871773,30.352269248388545,29.903439114871773,30.304182052612305,21950100
2017-02-10,30.288156513741445,30.49654152737271,30.264109854818518,30.464481353759766,14297500
2017-02-13,30.608741492830223,30.80109942941569,30.58469789729167,30.656831741333008,27954600
2017-02-14,30.552644174484595,30.696911892990073,30.37631934097615,30.64882469177246,16624500
2017-02-15,30.913312217143467,31.137727300195305,30.889268617509686,31.113683700561523,19608600
2017-02-16,31.10566812862355,31.12169821312763,30.969413939051865,31.049564361572266,10092900
2017-02-17,30.648822806124006,30.849194285339856,30.648822806124006,30.82514762878418,10637300
2017-02-21,30.969415987906427,31.121700272056916,30.95338590234184,31.113683700561523,11980700
2017-02-22,31.22588819333292,31.281991958618164,31.17780099876037,31.281991958618164,11006100
2017-02-23,31.346109481730053,31.378169646852058,31.137721465862654,31.22588539123535,16339200
2017-02-24,30.809114641831666,30.92132522786206,30.76102744810163,30.889265060424805,15526600
2017-02-27,30.63278595942467,30.73697690427238,30.600725796044394,30.696903228759766,11431800
2017-02-28,30.584703896646214,30.7209580987516,30.528600124434078,30.616764068603516,16582200
2017-03-01,30.753009856302686,31.001471559551884,30.728966260236096,30.93735122680664,14116200
2017-03-02,30.38433661881225,30.440440398799428,30.27212905883789,30.27212905883789,20424700
2017-03-03,30.360294328897606,30.424411627045828,30.272130368695322,30.352277755737305,13350000
2017-03-06,30.328224182128906,30.344254265753534,30.208000083657126,30.328224182128906,6366800
2017-03-07,30.49654182159621,30.520588480751137,30.368304183333663,30.424407958984375,12533800
2017-03-08,30.592725343155884,30.616772007071937,30.35228010598486,30.384340286254883,13544700
2017-03-09,30.03167152404785,30.111818874725046,29.83130008992941,30.03167152404785,17461600
2017-03-10,30.143892733569647,30.21602660492267,30.071758862216623,30.175952911376953,8777900
2017-03-13,30.64882701967698,30.753018001846417,30.624780359815407,30.664854049682617,14386500
2017-03-14,30.624772127696904,30.656832293943335,30.496534520136915,30.568668365478516,10282900
2017-03-15,30.64882865877489,31.233913122920825,30.60875190933782,31.089645385742188,30616900
2017-03-16,31.514426457510922,31.57854679934223,31.45030917310579,31.53045654296875,25060200
2017-03-17,31.466332779334635,31.466332779334635,31.32206814075459,31.370155334472656,14698800
2017-03-20,31.674724725140557,31.802962353281764,31.634651039613846,31.738842010498047,19981400
2017-03-21,31.907150946605057,31.939208055110157,31.3220666767835,31.394197463989258,27086500
2017-03-22,31.225893213169975,31.618622690727285,31.225893213169975,31.490385055541992,20418500
2017-03-23,31.306038241863085,31.554496897342197,31.28199158743624,31.450305938720703,11176300
2017-03-24,31.386188669548968,31.5064127811501,31.362145070199205,31.458322525024414,10557200
2017-03-27,31.073615742191095,31.33810455918626,31.009495388115443,31.306047439575195,14420100
2017-03-28,31.249942044373466,31.530460935398388,31.217881868991586,31.442296981811523,13559400
2017-03-29,31.26596350769884,31.37817410155619,31.20985973948319,31.3300838470459,11737800
2017-03-30,31.025512872938506,31.15375047156826,30.985439196633994,31.097646713256836,17012500
2017-03-31,30.8732409892428,30.94537485131171,30.82515072872138,30.849197387695312,14144400
2017-04-03,30.985444749023923,31.065592115994832,30.833163528808768,31.03353500366211,19490000
2017-04-04,31.041549844233973,31.225891242087442,31.0094896731048,31.113683700561523,9468900
2017-04-05,31.24993498179561,31.34611242877825,31.097650711861686,31.17780113220215,18791300
2017-04-06,31.073608687147566,31.08162220087423,30.953384579265133,31.03353500366211,12316600
2017-04-07,30.993457537094987,31.161771895674832,30.993457537094987,31.049564361572266,12322200
2017-04-10,30.86522483825684,30.929345186493634,30.809121062262882,30.865224838256836,11114000
2017-04-11,30.720960603117693,30.761034292617975,30.536616128048635,30.71294403076172,12959700
2017-04-12,30.825152034100654,30.833168606573597,30.656840701287727,30.745004653930664,10996900
2017-04-13,30.857212041442413,30.94537599360621,30.656840534679798,30.664854049682617,9644200
2017-04-17,30.688896490481948,30.849194285339856,30.648822806124006,30.82514762878418,9882700
2017-04-18,30.272123774267616,30.36028771526442,30.191973347258628,30.296167373657227,21900300
2017-04-19,30.28014685585392,30.320223610734526,30.06374522069262,30.11985206604004,16345900
2017-04-20,30.464471569882637,30.560652059832435,30.392337731133015,30.520578384399414,17474600
2017-04-21,30.352274096372536,30.46448164767396,30.312200407682955,30.424407958984375,12352100
2017-04-24,30.65684038114594,30.704930643201685,30.576693001812906,30.59272003173828,16190900
2017-04-25,31.009489801944287,31.07361014446905,30.969416116579417,31.001476287841797,19602500
2017-04-26,31.001481279585555,31.12971892785722,30.985451191373258,31.01751136779785,12783900
2017-04-27,30.889265060424805,30.91330865728982,30.777057531820258,30.889265060424805,10982900
2017-04-28,30.857204877268327,30.897278557831555,30.801101112994633,30.881248474121094,9084000
2017-05-01,30.993454989245855,31.07360540517741,30.889264034673456,30.93735122680664,8406000
2017-05-02,30.809119464381634,30.881253323693645,30.72897209066888,30.833166122436523,14208100
2017-05-03,30.74500185905204,30.801105631556226,30.624777742299468,30.68889808654785,13641200
2017-05-04,30.44845770654579,30.44845770654579,30.151905653825178,30.256099700927734,31288000
2017-05-05,30.071757542476053,30.27212905883789,30.063740969662625,30.27212905883789,17211400
2017-05-08,30.28014390311045,30.33624768555982,30.143892733569647,30.175952911376953,10631500
2017-05-09,30.680873147069626,30.825140824855414,30.664843065379486,30.696903228759766,26547500
2017-05-10,30.961402602476927,31.05758005883786,30.889268745849673,31.001476287841797,14480000
2017-05-11,30.937353603869994,30.985443857123926,30.793085901534173,30.97743034362793,12279700
2017-05-12,31.12971952329391,31.31406095512127,31.121706007747836,31.306047439575195,21065800
2017-05-15,31.490386679539053,31.778922137942686,31.4743565921359,31.714801788330078,25140700
2017-05-16,31.586563993459873,31.66671137266068,31.490386526933598,31.642667770385742,18317100
2017-05-17,31.41023973738751,31.47436009413448,31.113690731000016,31.193838119506836,24698500
2017-05-18,31.033537099083436,31.39420333223121,30.985446841198137,31.29001235961914,16276700
2017-05-19,31.410233749372843,31.650681983908274,31.402220235020607,31.610605239868164,17488400
2017-05-22,31.72281998491149,31.818997456828008,31.690759808463746,31.762893676757812,11969000
2017-05-23,31.778916419690415,31.794943446783137,31.682735912578085,31.72281265258789,10345300
2017-05-24,31.722811910835347,31.802959274128927,31.706781826691447,31.730825424194336,10143000
2017-05-25,32.18768018447132,32.29187422879481,32.16363658094539,32.251800537109375,16892800
2017-05-26,32.13157449045167,32.275842217866135,32.13157449045167,32.24378204345703,8001900
2017-05-30,32.17164686827115,32.36400484945779,32.155616781720056,32.33995819091797,7431200
2017-05-31,32.24377615399849,32.283849835976994,32.10752502378638,32.1716423034668,12266700
2017-06-01,32.29988058659724,32.476208459851435,32.21171664997014,32.46017837524414,12789100
2017-06-02,32.38003028508866,32.50826790165149,32.331940032342864,32.4762077331543,8567300
2017-06-05,32.2998874471775,32.38003788723812,32.28385735916537,32.291873931884766,8676200
2017-06-06,32.3800345232557,32.55635935821724,32.37201795136915,32.5002555847168,9516500
2017-06-07,32.44415120174037,32.48422488814126,32.29186997044644,32.396060943603516,12541300
2017-06-08,32.51628156702264,32.62047558641248,32.4681913140521,32.54032516479492,14290400
2017-06-09,32.3880517003252,32.46018556832967,32.09951622830734,32.251800537109375,18812700
2017-06-12,31.94722675190504,32.019360601338164,31.818989137071252,31.9632568359375,19774400
2017-06-13,32.13958932335181,32.21172319001718,32.12356229291652,32.147605895996094,13999500
2017-06-14,32.19568512252806,32.23576186096328,31.923182868694216,32.00333023071289,16006200
2017-06-15,31.570527034040243,31.666704479631157,31.554496950204115,31.634647369384766,19571300
2017-06-16,31.71479608161553,31.74685625065297,31.586558462891755,31.72281265258789,15349400
2017-06-19,32.10752502378638,32.21973255629658,32.067448284381925,32.1716423034668,22387700
2017-06-20,31.918871414364382,31.92692021958749,31.79006903455787,31.814218521118164,14856200
2017-06-21,31.886675386952984,31.934974368154933,31.741772301564172,31.78202247619629,15594600
2017-06-22,32.104025171392166,32.13622346370511,31.991323471069336,31.991323471069336,12203700
2017-06-23,31.975218434334877,32.08792011930736,31.926916396107842,32.01546859741211,11980400
2017-06-26,32.35357515945733,32.43407856025248,32.28917550971195,32.38577651977539,14790400
2017-06-27,32.21672597350465,32.30527818440117,32.06377410888672,32.06377410888672,13550900
2017-06-28,32.10402290981043,32.28112425317418,32.07987035366339,32.22477340698242,10066700
2017-06-29,32.11206699616133,32.12816767426331,31.693458578180888,31.894712448120117,20701900
2017-06-30,32.063780543683684,32.12013140358293,31.92692626186297,31.96717643737793,14919900
2017-07-03,32.32942731409944,32.40187884304375,32.256975785155134,32.29722595214844,9279900
2017-07-05,32.07987809985953,32.1925828903482,31.93497501155134,32.16843032836914,13577100
2017-07-06,31.94302165587698,31.983271824725744,31.75786842245983,31.798118591308594,14944200
2017-07-07,31.7900743536576,31.854474018890695,31.65322007483862,31.78202247619629,9304300
2017-07-10,31.70151438032314,31.878615719606124,31.67736182473262,31.83836555480957,6867500
2017-07-11,32.45822409128373,32.506526125877116,32.32942173659175,32.44212341308594,19779100
2017-07-12,32.95732916826824,33.158583017033436,32.900978336285185,33.12638473510742,26412300
2017-07-13,33.04589018467955,33.22299460160941,33.04589018467955,33.20689392089844,11607800
2017-07-14,33.42424820563089,33.74625260430183,33.40814752506372,33.722103118896484,19829700
2017-07-17,33.49669864968134,33.59329965907012,33.48059796963476,33.58525085449219,13113900
2017-07-18,33.40010178138482,33.54500177798796,33.343747858789406,33.53695297241211,11065300
2017-07-19,33.89921459944521,33.98776682557509,33.87506510900668,33.947513580322266,9424000
2017-07-20,33.94750567490337,33.96360635507681,33.842855860112095,33.875057220458984,9289300
2017-07-21,33.81065599906502,33.85090616583811,33.7382044705171,33.842857360839844,5945000
2017-07-24,33.92336143157593,33.97166347955939,33.86701057770749,33.9636116027832,9356000
2017-07-25,34.01190881024753,34.03605829535674,33.89115524291992,33.89115524291992,8493100
2017-07-26,34.028009407867984,34.26951347104512,33.98775924248692,34.22926330566406,15950700
2017-07-27,34.35001312211917,34.35806499757052,33.87505688077359,34.1085090637207,12416400
2017-07-28,34.04410812479311,34.15680980971662,33.96360472778304,34.14875793457031,10639200
2017-07-31,34.30976479542927,34.333917352186404,34.18901429520706,34.245365142822266,9103600
2017-08-01,34.76057749457856,34.76057749457856,34.63982391357422,34.63982391357422,13283800
2017-08-02,34.70422446705363,34.728373953384335,34.454668515036246,34.55126953125,15039300
2017-08-03,34.48687001806277,34.51907138056234,34.38221712538465,34.49491882324219,9678300
2017-08-04,34.422463279823894,34.519067356059736,34.35806363322392,34.48686599731445,6915100
2017-08-07,34.55932221516932,34.61567306518555,34.51907204671358,34.61567306518555,5443100
2017-08-08,34.81692089466671,35.01817477267056,34.77667073324403,34.8652229309082,9746700
2017-08-09,34.575425348791796,34.607626714196485,34.454671763969834,34.59152603149414,8046700
2017-08-10,34.12461486627704,34.14876435447483,33.56110326482979,33.601356506347656,27962200
2017-08-11,33.649651523945444,33.762353216797585,33.528901026271356,33.6577033996582,14693100
2017-08-14,33.939458096100495,34.06826047124944,33.86700656814853,33.95555877685547,12472200
2017-08-15,33.85895654028554,33.89115482974169,33.754303654603525,33.875057220458984,7723000
2017-08-16,34.309755406719546,34.43855774757824,34.269505250993085,34.3902587890625,14537800
2017-08-17,34.04410811510449,34.12460844120106,33.714051864683626,33.74625015258789,18729000
2017-08-18,33.79455321337231,33.971657621212486,33.657702040689045,33.818702697753906,17464500
2017-08-21,34.16485827286513,34.26951115248806,34.068257268308116,34.197059631347656,12946900
2017-08-22,34.567366734857515,34.833023341333195,34.567366734857515,34.72032165527344,16046500
2017-08-23,34.663970615396686,34.94572482894607,34.65591874021492,34.897422790527344,11180500
2017-08-24,35.002084183458976,35.146987263062066,34.9457333270457,35.0262336730957,9634100
2017-08-25,35.65414347848434,35.718543132903896,35.56559126662786,35.58974075317383,12501100
2017-08-28,35.69439862924755,35.72659999639808,35.57364503787878,35.6058464050293,7999800
2017-08-29,35.38043769300076,35.662191936261856,35.33213564948846,35.63804244995117,9511900
2017-08-30,35.63804244995117,35.68634449346347,35.5736397252681,35.63804244995117,6990400
2017-08-31,35.573638364729625,35.66219057233664,35.541440074510476,35.6138916015625,8921000
2017-09-01,35.557534289191715,35.67828784637932,35.54143668106452,35.62998580932617,8502700
2017-09-05,35.25968559661365,35.36433849316184,34.96183065970531,35.13893508911133,12808000
2017-09-06,35.24358312672979,35.34823601796855,35.18723227857605,35.283836364746094,8349800
2017-09-07,35.38044091282296,35.42873988983982,35.29993749964286,35.396541595458984,7032600
2017-09-08,35.46093922563413,35.46093922563413,35.20333445998328,35.25163650512695,8018600
2017-09-11,35.65414142181921,35.87954480562198,35.65414142181921,35.84734344482422,10591300
2017-09-12,35.791000516619846,35.81515307800664,35.702448290281716,35.734649658203125,8050600
2017-09-13,35.55754062523957,35.58974198901301,35.42068943553906,35.48509216308594,12223700
2017-09-14,35.299935258361884,35.43678951663324,35.275785771386765,35.42873764038086,8464700
2017-09-15,35.468978392413746,35.790982698648676,35.420676364578036,35.69438171386719,15142000
2017-09-18,36.07275029794025,36.137149949356285,36.00029877079046,36.0807991027832,10424800
2017-09-19,36.02445551955147,36.137157235420844,35.97615346808255,36.12910842895508,10579000
2017-09-20,36.225701879705696,36.31425408675417,35.79904459580755,36.19350051879883,14036100
2017-09-21,36.37061093748829,36.37865974359841,36.20155837115378,36.28205871582031,9855700
2017-09-22,35.919794419783805,35.94394697545677,35.799043924981966,35.887596130371094,9639300
2017-09-25,35.13893224097516,35.17918240688018,34.776674606048346,34.92962646484375,22702400
2017-09-26,35.3321419730302,35.39654470923969,35.17113820339793,35.21139144897461,13819100
2017-09-27,35.38847840493496,35.45288111488939,35.12282490359854,35.340179443359375,13425900
2017-09-28,34.91352930912239,35.10673442421933,34.89742862695672,35.04233169555664,11649400
2017-09-29,35.17113874921219,35.5655978373882,35.138940451499245,35.45289611816406,14519500
2017-10-02,35.597795084358516,35.758795766956624,35.54949303704438,35.56559371948242,14422200
2017-10-03,36.41085115522721,36.6523551940918,36.354500315188496,36.6523551940918,20223900
2017-10-04,36.652353568188815,36.81335727725321,36.652353568188815,36.74090576171875,9561900
2017-10-05,36.82947005075925,37.36882912173706,36.82947005075925,37.32857894897461,15722000
2017-10-06,36.829467629104855,36.95022121034362,36.75701609453983,36.88581848144531,13133300
2017-10-09,36.74896124476204,36.78921140825796,36.66845784687957,36.73286056518555,8151600
2017-10-10,36.90192253141055,37.054874420166016,36.869721164022636,37.054874420166016,11875500
2017-10-11,36.69261399678479,36.942166877444755,36.684562120762315,36.90996551513672,11028500
2017-10-12,36.934115413040395,37.00656693757147,36.86971269306134,36.926063537597656,9086100
2017-10-13,37.151477870204985,37.304429756275674,37.127325309642295,37.215877532958984,10270300
2017-10-16,37.2722282409668,37.34467978058351,37.23197806804448,37.2722282409668,9567200
2017-10-17,37.16756062111188,37.215862652032115,37.02266067013143,37.046810150146484,8633700
2017-10-18,37.36077083837941,37.51372268443456,37.28831931742896,37.40907287597656,9757500
2017-10-19,36.676513671875,36.716763839705536,36.53965941618202,36.676513671875,14566900
2017-10-20,37.0790253267819,37.14342498779297,36.966320545952804,37.14342498779297,20456100
2017-10-23,36.88581508417584,36.92606525058458,36.692613057057535,36.71676254272461,8990800
2017-10-24,36.74090936952848,36.95021513313228,36.700659206032554,36.73286056518555,6841000
2017-10-25,36.98242478981226,37.046827527915674,36.48331585307708,36.789222717285156,16762100
2017-10-26,36.909967306027966,37.02267207957459,36.76506423950195,36.76506423950195,13029900
2017-10-27,37.15952189208591,37.46542869573239,37.06292087494685,37.42517852783203,18430100
2017-10-30,37.15952140061625,37.15952140061625,36.724812222903466,36.84556579589844,10827100
2017-10-31,36.88581303067113,36.98241403885231,36.80531270233525,36.974365234375,9119700
2017-11-01,37.368829419029666,37.42518334641504,37.191728043287654,37.215877532958984,11075000
2017-11-02,37.256128207517364,37.40908316653822,37.1836766666368,37.392982482910156,10012900
2017-11-03,37.31247725833294,37.384928795705854,37.07097315738699,37.256126403808594,7551400
2017-11-06,37.1836766666368,37.43323265653461,37.143426493012356,37.392982482910156,6754000
2017-11-07,37.739134871336695,37.771333163749176,37.54592976240665,37.61033248901367,8287900
2017-11-08,37.60228808700756,37.69889219612024,37.521787733638625,37.666690826416016,6695800
2017-11-09,37.731073919700066,37.835726789819056,37.384917024675175,37.70692443847656,17162000
2017-11-10,37.8357338860003,37.948435580701165,37.747181677052225,37.932334899902344,11132200
2017-11-13,37.714968022551545,37.83572155373857,37.65861719356823,37.80352020263672,5657800
2017-11-14,37.55398413568515,37.594234307045305,37.25612611165929,37.36882781982422,11236500
2017-11-15,36.98241704488434,37.08706993694,36.8375139853891,36.90996551513672,15793100
2017-11-16,37.50568625630058,37.763291066708,37.45738420276485,37.60228729248047,14690600
2017-11-17,37.481529377070736,37.53788022630943,37.409077846493695,37.42517852783203,16068000
2017-11-20,37.51373026829127,37.90014050540493,37.51373026829127,37.811588287353516,15238400
2017-11-21,38.74539689511095,38.90640060937323,38.72929621659568,38.825897216796875,15622300
2017-11-22,38.85004772514144,38.93055111984386,38.72124536450807,38.89834976196289,11919600
2017-11-24,38.61660938012808,38.729311102161326,38.52805714970436,38.59245681762695,8620300
2017-11-27,38.20604670433257,38.222147387816925,37.94844191036564,37.972591400146484,16619500
2017-11-28,38.0772428083366,38.3267987861826,37.94039161044416,38.28654861450195,18360200
2017-11-29,37.867940079811035,37.87598888579209,37.39298068375577,37.53788375854492,19229700
2017-11-30,37.36077329900992,37.40907533978831,37.15951940210276,37.16756820678711,16466800
2017-12-01,36.9743590180632,37.054859332864964,36.53964994799727,36.87775802612305,19688300
2017-12-04,37.28027503989729,37.368824179907996,36.89386790487363,36.90996551513672,11231100
2017-12-05,36.90997143187173,37.22393015836685,36.893873819028165,36.93412399291992,13160300
2017-12-06,35.94395402339182,36.169357447931894,35.831249240230434,36.113006591796875,20421700
2017-12-07,35.871495041097496,36.1532492633124,35.80709232122512,36.05664825439453,11554400
2017-12-08,36.65235614501055,36.708706986511245,36.539654462009146,36.66040802001953,17972700
2017-12-11,36.942163874684375,37.04681675823356,36.853611670980506,36.974365234375,9184800
2017-12-12,36.59601190981946,36.65236276149261,36.49136208293566,36.58796310424805,13611800
2017-12-13,37.19172001016467,37.52177627157914,37.17561933023096,37.38492202758789,19507700
2017-12-14,37.15952234437235,37.26417523889984,37.0307199629889,37.03876876831055,14408500
2017-12-15,36.70870658734564,36.89386285985235,36.59600490556974,36.82946014404297,19573700
2017-12-18,36.90995742142025,37.15146451488127,36.8938598146871,37.014610290527344,10465300
2017-12-19,37.103176565800155,37.12732605595693,36.877773135293175,36.93412399291992,12220200
2017-12-20,36.94216203360706,36.998512874811965,36.797258993111434,36.83750915527344,8882900
2017-12-21,37.348186394964614,37.594491671083965,37.32355367499362,37.52880859375,14701600
2017-12-22,37.561650316205885,37.75869641723041,37.49596723855053,37.750484466552734,6126900
2017-12-26,37.725854878402735,37.799746774794244,37.69301333957506,37.750484466552734,6279200
2017-12-27,37.61912357799485,37.65196511868621,37.47133977682539,37.51239013671875,6717700
2017-12-28,37.93111623531495,37.9475370075155,37.70944050852064,37.82438278198242,8987800
2017-12-29,38.03784121548042,38.06247080232382,37.873636661994595,37.90647506713867,7854300
2018-01-02,39.06411922982354,39.22832066595368,38.940965020784304,39.22011184692383,14290900
2018-01-03,39.28578278864595,39.55672073364258,39.25294438811318,39.55672073364258,13556300
2018-01-04,39.69630391227127,39.8194581283315,39.61420318952566,39.68809509277344,11832300
2018-01-05,39.69631058182207,39.860515186843834,39.63063061897877,39.8523063659668,8112400
2018-01-08,39.78661214951357,40.041129372748486,39.78661214951357,39.99186706542969,7095100
2018-01-09,39.97545555703328,39.98366750945952,39.79483331890437,39.87693405151367,13166600
2018-01-10,39.90978281621473,40.00009551758604,39.78662856308244,39.917991638183594,13534400
2018-01-11,39.893351849566066,40.19712829589844,39.876931077880265,40.19712829589844,8336300
2018-01-12,40.451643722714564,40.894995142278226,40.32848950663294,40.87857437133789,17121000
2018-01-16,41.16592660400671,41.346551937363344,40.78004634890537,40.88677978515625,16052700
2018-01-17,41.3465489793533,41.74063802507627,41.32191939272728,41.64211654663086,16127900
2018-01-18,41.78990964177943,41.98695264257481,41.70780578149633,41.929481506347656,13353200
2018-01-19,42.29893621632575,42.635554175182435,42.24146508666302,42.627342224121094,17866200
2018-01-22,42.53703434802567,42.865440368652344,42.504192806380466,42.865440368652344,12913700
2018-01-23,43.32520586235038,43.54688153629514,43.2184724344641,43.53866958618164,21382800
2018-01-24,43.85066917785612,44.080553728993145,43.571522309214544,43.80140686035156,21686400
2018-01-25,43.20205457240656,43.497622157549245,42.95574929543483,43.218475341796875,19170800
2018-01-26,44.080554284652024,44.3350715637207,43.990244732668444,44.3350715637207,22540100
2018-01-29,43.4565789318466,43.57973315651447,43.32521588710715,43.39089584350586,21337700
2018-01-30,42.87365133802553,42.980381648015126,42.52882142253269,42.676605224609375,22685800
2018-01-31,43.464790209204956,43.5304733012591,42.9064964545136,43.24311447143555,19683000
2018-02-01,42.74229868197043,42.9557624857091,42.51241097185669,42.619144439697266,20077800
2018-02-02,42.71765977341325,42.75050131752649,41.89663996223442,41.929481506347656,31571700
2018-02-05,42.41387917626565,42.70123482932598,40.747210124632325,40.95246505737305,59647100
2018-02-06,40.11501915420616,42.20861855985625,40.06575684948286,41.68316650390625,75745400
2018-02-07,39.9015621301309,40.4598558601179,39.4253722615785,39.458213806152344,52692900
2018-02-08,39.400732948365004,39.40894176651219,37.807952880859375,37.807952880859375,56718900
2018-02-09,37.70122435280575,38.16099652733084,36.61747856394249,37.86542892456055,50911800
2018-02-12,38.07068609294385,38.62077097084897,37.76690965311255,38.333412170410156,29448100
2018-02-13,37.98858536821385,38.44014561811268,37.8982726918457,38.333412170410156,18771700
2018-02-14,38.38267631497236,39.53210530766278,38.38267631497236,39.499263763427734,33366300
2018-02-15,40.34491403297841,40.780053541604865,39.92619529682078,40.52553939819336,30228000
2018-02-16,40.459860523569276,41.009945496787296,40.36133901043412,40.53375244140625,22746800
2018-02-20,39.65525164876672,39.93439847743058,39.60599247025889,39.71272277832031,26476800
2018-02-21,40.6733226626708,41.19877484672444,40.23818002804845,40.295654296875,24299600
2018-02-22,40.20533886882491,40.55016566657458,40.02471351841784,40.04934310913086,19719200
2018-02-23,40.66510869411718,40.84573404790723,40.43522415797851,40.804683685302734,12658800
2018-02-26,40.92782672498912,41.34654848426562,40.74720453865888,41.33012771606445,14402200
2018-02-27,40.312066494346276,40.468062243635224,39.573150634765625,39.573150634765625,33989100
2018-02-28,39.49104594703207,39.49925789784239,38.75213010312367,38.768550872802734,28171000
2018-03-01,39.37610604694645,39.60599370426509,38.39088173085136,38.8013916015625,40822800
2018-03-02,38.111734893490116,38.908125044891094,37.89006231941485,38.8013916015625,25770000
2018-03-05,38.1199426942415,38.90812080852298,38.1199426942415,38.79317855834961,27696300
2018-03-06,39.408950375850225,39.458212691319154,38.91633974892889,39.096961975097656,18763800
2018-03-07,38.79318104794151,39.04769828390318,38.497613453132246,38.998435974121094,21611800
2018-03-08,39.31864221632977,39.351483763750736,38.97381536423664,39.1462287902832,17840400
2018-03-09,39.67988768119915,40.271019796214084,39.60599577532954,40.23817825317383,21872000
2018-03-12,40.3284912109375,40.46806620385798,40.09860667194136,40.3284912109375,17269800
2018-03-13,40.55016785834261,40.59121822239707,39.67167691342085,39.76198959350586,25050500
2018-03-14,40.28743464545953,40.36953535904939,39.69629948539985,39.99186706542969,22768200
2018-03-15,40.34491170208369,40.51732510513214,40.032923307085134,40.23817825317383,21361000
2018-03-16,40.147866282440056,40.42701311753543,40.13144551191189,40.38595962524414,19484400
2018-03-19,40.09860978788943,40.156080927104384,39.655258315137914,39.87693405151367,23984700
2018-03-20,40.31206310906287,40.57478914355417,40.25459198476423,40.41879653930664,20329000
2018-03-21,39.959023417229055,40.45984588672968,39.87692270797442,40.22996139526367,23878200
2018-03-22,39.07232740234718,39.33505345413819,38.66181755493103,38.68644714355469,43079000
2018-03-23,38.514028707758605,38.6043413634553,37.71763870600545,37.742271423339844,45993000
2018-03-26,38.83424102676414,39.261171754809475,38.341630334680815,39.195491790771484,37099800
2018-03-27,39.269381252705195,39.38432353154243,38.42372867051002,38.6371955871582,29273500
2018-03-28,38.26772990096927,38.51403519219427,37.906479217360356,38.30057144165039,27992100
2018-03-29,38.36625133135298,38.973807305241216,38.34162174185133,38.78497314453125,24670000
2018-04-02,38.4401382639862,38.7028642911894,37.53701793696785,37.93931579589844,30455100
2018-04-03,38.505826953057735,38.59613649337871,38.1692089858596,38.53045654296875,25914100
2018-04-04,37.36460397283769,38.546874307433725,37.323553615540106,38.49761199951172,29038000
2018-04-05,38.628978724158436,38.84244561367055,38.47298609870098,38.57971954345703,18442200
2018-04-06,38.03783897582312,38.45655758721365,37.47133345624977,37.742271423339844,32534000
2018-04-09,38.27593733856831,38.670026416691684,37.988581697835095,38.20204544067383,27123200
2018-04-10,39.21190087795761,39.4992596622651,39.06412020812786,39.4089469909668,28169700
2018-04-11,39.277588442938296,39.65525680971124,39.25295885047895,39.458213806152344,20761300
2018-04-12,39.40074403015632,39.704520498102646,39.310431345429585,39.60599899291992,15856300
2018-04-13,39.45820732535641,39.466416144180585,38.940964045070075,39.080535888671875,20740700
2018-04-16,38.390879263626346,38.61255495539718,38.26772818949247,38.596134185791016,19320700
2018-04-17,38.34162157833175,38.711081078989345,38.300571218690166,38.61255645751953,20758400
2018-04-18,38.300563347464816,38.694652356529005,38.251301046853904,38.52223587036133,25368600
2018-04-19,38.96559547058466,38.96559547058466,38.505826428157135,38.65361022949219,30350200
2018-04-20,38.316987405283285,38.374461664934,37.963951820187745,38.111732482910156,22290800
2018-04-23,38.1117382042214,38.30878433733434,37.95574556729927,38.08710861206055,12030000
2018-04-24,38.957386361711215,39.096958210855604,38.358042341616176,38.563297271728516,38221100
2018-04-25,38.30057416164629,38.36625411573123,38.05426572098748,38.24310302734375,26896600
2018-04-26,38.078894137003914,38.48940398241207,37.996790288757346,38.41551208496094,22187600
2018-04-27,38.34983431374495,38.54688044486513,38.21026245032225,38.481197357177734,13886000
2018-04-30,39.01485831351648,39.03948790342749,38.505826953057735,38.53045654296875,21743900
2018-05-01,38.40730273189359,38.563298488142266,37.96395444914194,38.48940658569336,25586500
2018-05-02,38.68644777127451,38.694659722243365,38.308779457189644,38.38267135620117,17749600
2018-05-03,37.996785211060725,38.28414394361022,37.479545129965715,38.13636016845703,33630500
2018-05-04,37.6437566313269,38.39909647702235,37.58628549579966,38.210262298583984,21877000
2018-05-07,37.96395452180493,38.19383904900074,37.93932179964696,38.0050048828125,13757300
2018-05-08,38.587926861120664,38.60434763136265,38.25951772016424,38.563297271728516,20170600
2018-05-09,38.88349914657941,38.982020647960304,38.63719382715615,38.93275833129883,25218500
2018-05-10,39.08874750414643,39.54030770219983,39.06411791594363,39.42536544799805,28428200
2018-05-11,39.60599298746293,39.63883139624977,39.39252610466915,39.54030990600586,24765300
2018-05-14,40.05755245108888,40.17249470951745,39.86871829339314,39.92618942260742,17785500
2018-05-15,39.285790983065965,39.35147406171385,39.07232724134347,39.252952575683594,21923100
2018-05-16,39.62240729879679,39.983657952593106,39.58956889276739,39.901554107666016,18166900
2018-05-17,39.4582136604916,39.597785526502086,39.154434072218095,39.23653793334961,17962000
2018-05-18,39.38430947223519,39.408939056924616,39.19547534842035,39.318626403808594,12264800
2018-05-21,39.63062708683701,39.753778180670544,39.482843268683126,39.63883590698242,11223700
2018-05-22,39.61420001038856,39.86050529080059,39.400736269215884,39.43357467651367,15770100
2018-05-23,38.686455582312014,39.06412710459276,38.61256366838124,39.00665283203125,18342300
2018-05-24,38.834230819577414,38.89170194748335,38.39909138487775,38.768550872802734,14216600
2018-05-25,38.57971683822443,38.71928868301396,38.48119221984661,38.68644714355469,10649900
2018-05-29,38.31699259468348,38.374466862118126,37.68481010426421,37.85722351074219,30148600
2018-05-30,37.79153989253592,38.152790604206515,37.67659762316508,38.02963638305664,17373700
2018-05-31,38.26772949914001,38.57150591739632,38.14457528884984,38.34162139892578,19915800
2018-06-01,38.579716728047934,38.92454349556078,38.579716728047934,38.81781005859375,23839200
2018-06-04,39.26936943178822,39.441782798143976,39.23652789573724,39.38431167602539,13899900
2018-06-05,39.46642262632477,39.53210571547245,39.31863880768456,39.458213806152344,10884200
2018-06-06,39.671670584484794,40.04113006591797,39.5649371494171,40.04113006591797,15472200
2018-06-07,40.1560779032629,40.172498674936676,39.58957537425632,39.794830322265625,21809100
2018-06-08,39.39252190742758,39.647039123042575,39.294000427681055,39.581356048583984,15994300
2018-06-11,39.39252390909996,39.51567811399703,39.35968237020186,39.42536544799805,13100400
2018-06-12,39.48283970611911,39.49104852552383,39.16264250632465,39.37610626220703,15549300
2018-06-13,39.11337764023834,39.211899126371144,38.678238205538676,38.768550872802734,26708700
2018-06-14,38.80960941515014,38.88350132831737,38.60435444879031,38.64540481567383,17693100
2018-06-15,38.19384546750927,38.44015080688828,37.97216972248547,38.431941986083984,26379400
2018-06-18,37.84900613412689,38.07068182437341,37.58628008611802,37.97216033935547,27192300
2018-06-19,37.16936938083739,37.45221609468614,36.986349985566655,37.410621643066406,30211300
2018-06-20,37.327439179230744,37.36071601847755,37.06123081216445,37.20265579223633,16730500
2018-06-21,36.745107525446876,36.77006674183942,36.30420050844565,36.320838928222656,34309900
2018-06-22,36.81166358772271,36.81998121142265,36.59537046352717,36.77006912231445,18928400
2018-06-25,36.11286722973152,36.16278249429905,35.66363936898701,35.97976303100586,39162100
2018-06-26,35.94648138024581,36.129500819060794,35.79673878002519,35.93816375732422,23681100
2018-06-27,35.547173879800596,35.64700123629007,34.85669683502123,34.93156814575195,35819400
2018-06-28,34.86500436406634,35.24767843101927,34.80677149185409,35.23936080932617,26722800
2018-06-29,35.746829986572266,35.90489022426609,35.60540499625313,35.746829986572266,29799300
2018-07-02,35.056353533492576,35.18114011626282,34.78182749423452,35.0147590637207,29289100
2018-07-03,35.405751805573566,35.4140694296162,34.98980078744469,35.006439208984375,12393500
2018-07-05,35.03971437043066,35.081308839323555,34.66535780348549,34.898292541503906,22029500
2018-07-06,34.798456361846284,35.37246750337678,34.7568587300417,35.22272491455078,22655300
2018-07-09,35.68859730987946,35.97976174245984,35.63036442336339,35.9631233215332,20980500
2018-07-10,35.68858890582578,35.81337227320975,35.50556949218503,35.79673385620117,20659700
2018-07-11,35.14786172916717,35.34751961814987,34.87333252849777,35.07299041748047,21451600
2018-07-12,35.66363753675344,35.796741728640825,35.55549256259475,35.72187042236328,23003100
2018-07-13,35.47229853462499,35.72186848419105,35.414065652174706,35.688594818115234,16474200
2018-07-16,35.33087534034387,35.397425843338,35.21440958001369,35.28096008300781,14458700
2018-07-17,34.87332448280553,35.30591383125245,34.84005082019712,35.22272491455078,14437600
2018-07-18,34.898291748029656,35.097946463557875,34.73191070278649,35.07299041748047,19164800
2018-07-19,34.54057749104698,34.756870652738904,34.29932510701976,34.44075012207031,33097800
2018-07-20,34.88165004162474,35.27264498511104,34.85669399789725,35.26432418823242,29879700
2018-07-23,35.16449866379487,35.22273155114892,35.08962735527477,35.18113708496094,13400900
2018-07-24,36.20436778395851,36.46225849200325,36.20436778395851,36.32915115356445,43350200
2018-07-25,36.462258478641886,36.869888595373666,36.37074877022555,36.844932556152344,25671200
2018-07-26,36.19605026191888,36.31251919358552,36.054628462218794,36.1378173828125,22324400
2018-07-27,36.17941278142101,36.32083457238413,35.92152206598661,36.12949752807617,15788700
2018-07-30,36.18773092636014,36.270919843016244,35.94647862522217,36.02967071533203,9826500
2018-07-31,36.04630658395835,36.43729827273345,35.896564005804976,36.28755569458008,30969900
2018-08-01,35.588766312297956,35.688596836533705,35.297601883579354,35.480621337890625,28691400
2018-08-02,34.632078594067075,35.08962402562717,34.58216333530534,35.03139114379883,30635100
2018-08-03,34.93988493265167,35.13954281430103,34.8816520449736,35.05635070800781,18099300
2018-08-06,34.765185769896036,34.93156680663652,34.68199366479863,34.865013122558594,13923500
2018-08-07,35.6054102871862,35.76347372182241,35.56381581566001,35.63868713378906,22857000
2018-08-08,35.35583161476759,35.5305302564116,35.156173757564446,35.49725341796875,15574800
2018-08-09,36.071267700986745,36.27924318065253,35.97144035931428,36.01303482055664,22012900
2018-08-10,35.53052907992601,35.6636332558361,35.3475128214583,35.5804443359375,29327000
2018-08-13,35.30591973087322,35.42238867655277,34.99811687949868,35.06467056274414,20513200
2018-08-14,34.71527031439363,35.05635000976639,34.68199347253914,34.98979949951172,27870100
2018-08-15,33.55060979595396,33.82513581077108,33.30935744991922,33.766902923583984,54101500
2018-08-16,34.11629515255213,34.38250667724159,34.033106232836204,34.091339111328125,33838700
2018-08-17,33.79186374590942,34.648725100646246,33.70867480201099,34.54057693481445,51126700
2018-08-20,34.523930062964936,34.681990287074825,34.45737638536876,34.66535186767578,22424400
2018-08-21,35.097942866035524,35.364151241756566,35.08130444587119,35.28927993774414,29165800
2018-08-22,35.50557585167295,35.680274501373326,35.43902217171807,35.53885269165039,18041000
2018-08-23,35.22273354202368,35.3142432768822,34.84005935393762,34.923248291015625,37892100
2018-08-24,35.31423487358788,35.54716638074206,35.23936357865207,35.43901824951172,24170700
2018-08-27,36.12117919906541,36.39570835102819,36.029672655198404,36.06294631958008,28313800
2018-08-28,36.14614302423707,36.15446064802984,35.805063326555825,35.88825225830078,20369200
2018-08-29,35.89657213600716,36.25429024556482,35.78842398874561,36.23765182495117,17135700
2018-08-30,35.51388668976344,35.53052510657327,35.01474687928249,35.18944549560547,43466600
2018-08-31,35.1395407961408,35.38911075377823,34.914926882230844,35.26432418823242,29493900
2018-09-04,35.122907223891275,35.122907223891275,34.84837801117859,35.0147590637207,22628300
2018-09-05,34.39913998491018,34.49064969551578,34.16620848406223,34.34922790527344,26749500
2018-09-06,34.49065710953946,34.57384921590627,34.14957740707148,34.42410659790039,20572600
2018-09-07,33.94160564658903,34.33260065602106,33.83345748310587,34.03311538696289,25440500
2018-09-10,33.96656075281157,33.97487837663115,33.64211630166966,33.71698760986328,15888700
2018-09-11,33.209518593674716,33.6171518751971,33.1263296824025,33.60051345825195,31613500
2018-09-12,33.292717282160716,34.1246192537086,33.25112281827416,33.90000534057617,60841000
2018-09-13,34.69031014135928,34.92324165971174,34.45737544955288,34.67367172241211,55438900
2018-09-14,34.55721099197552,34.65703834673139,34.12462155676089,34.299320220947266,45780500
2018-09-17,34.1662092335391,34.39914073949667,34.09965873474569,34.174530029296875,32388700
2018-09-18,34.49065461355847,34.85669350817458,34.49065461355847,34.781822204589844,22287900
2018-09-19,35.26432019905859,35.50557250598062,35.247681780637706,35.38910675048828,27435500
2018-09-20,35.58876706285183,35.66363837088051,35.372473936021365,35.59708786010742,31091900
2018-09-21,36.10454726156527,36.146141725943764,35.86329492533411,35.871612548828125,51637800
2018-09-24,35.4889360878157,35.53053054948537,35.23936614434368,35.47229766845703,24839700
2018-09-25,35.6470047587124,35.71355845191812,35.53053896905715,35.63868713378906,19372500
2018-09-26,35.86328752423547,36.295876846097705,35.788416234423664,35.79673385620117,24249200
2018-09-27,35.78010212342965,35.9963984114948,35.713551616416325,35.80506134033203,26354500
2018-09-28,35.70523636436517,35.863299793294324,35.49726084078861,35.622047424316406,20767200
2018-10-01,35.846650691539054,35.963116442292936,35.68026968755334,35.78841781616211,18814200
2018-10-02,34.88997144680261,35.13122380716516,34.85669777604413,34.923248291015625,35665700
2018-10-03,35.13122491287554,35.156180960093494,34.615446505158495,34.723594665527344,20062900
2018-10-04,34.28267978352794,34.28267978352794,33.67539171983954,33.87504959106445,53172700
2018-10-05,34.10798923936298,34.132945289154485,33.658761302386075,34.0164794921875,26649000
2018-10-08,33.4757384876485,33.86673027683982,33.41750242700706,33.766902923583984,23282400
2018-10-09,33.62547946044795,33.83345497370689,33.46741921281477,33.70867156982422,23741100
2018-10-10,33.683716295155556,33.70867234181273,32.80189895629883,32.80189895629883,45927900
2018-10-11,32.66879097639531,33.11801880503765,32.14469184297925,32.5107307434082,77242900
2018-10-12,33.26775941053814,33.4091812146725,32.88508211282812,33.350948333740234,48716500
2018-10-15,32.843490305810754,33.10138106610773,32.70206849024594,32.868446350097656,24447000
2018-10-16,32.99323007306326,33.50069075282802,32.976591653822155,33.47573471069336,30376800
2018-10-17,33.26776166231797,33.317673750236004,32.926681976576496,33.0681037902832,24026000
2018-10-18,32.627196130955205,32.66046979777916,32.0199080764235,32.144691467285156,42239500
2018-10-19,32.83516916316921,33.118015937439665,32.702064985480405,32.84348678588867,38725900
2018-10-22,33.77521573268802,33.866725449066934,33.509007379651464,33.725303649902344,32968400
2018-10-23,32.67710582776911,33.44245723091353,32.56064006876873,33.184566497802734,51149000
2018-10-24,33.01818765050177,33.10969737385595,32.21956253051758,32.21956253051758,31928000
2018-10-25,32.57727918506836,33.16792878890224,32.55232314287803,32.95995330810547,33292100
2018-10-26,32.28611800762356,32.785257942032295,32.13637539261007,32.42753982543945,51478700
2018-10-29,32.48577470655054,32.54400759669176,31.48749160298666,31.828571319580078,36120400
2018-10-30,31.96999768453386,32.31939504029921,31.90344399384257,32.2861213684082,33135700
2018-10-31,32.593918896453864,32.91004252836404,32.53568601339858,32.685428619384766,27443300
2018-11-01,33.25943842446031,34.12461718402538,33.13465504036884,34.05806350708008,68068500
2018-11-02,34.648713836969804,34.89828376098917,33.72530226198976,34.174530029296875,49165900
2018-11-05,34.06638669280279,34.32427427541883,34.02479222852158,34.216129302978516,23627500
2018-11-06,34.12461957748732,34.29100060806638,34.03310985199614,34.216129302978516,18042800
2018-11-07,34.64871247526567,34.96483288565482,34.407460183031596,34.914920806884766,38296400
2018-11-08,34.42410628995525,34.590487327746104,33.900007131623056,34.10798263549805,36277900
2018-11-09,33.26775859241295,33.35094751356925,32.926678938145855,33.184566497802734,47290600
2018-11-12,33.192894992150045,33.24280708703797,32.81021761509961,32.893409729003906,22649600
2018-11-13,33.4923795620048,33.97488433801597,33.32600166878498,33.55893325805664,48354100
2018-11-14,33.90000706843753,33.99983442154424,33.41750237708881,33.71698760986328,40206300
2018-11-15,33.79185669902118,34.690312338345024,33.700346975743294,34.340911865234375,62021000
2018-11-16,34.1412566969061,34.790139200638514,34.04974697490197,34.49065399169922,47186200
2018-11-19,34.24108472510247,34.32427365215433,33.75026243920647,33.92496109008789,32064200
2018-11-20,33.48404492240535,33.70865877226446,33.234475035935226,33.400856018066406,31192000
2018-11-21,34.14124982963956,34.31594844189675,33.91663596811455,34.024784088134766,32956100
2018-11-23,33.450777777269124,33.75858379404852,33.450777777269124,33.53396987915039,23611900
2018-11-26,34.14125799789065,34.31595665194427,34.05806589587402,34.216129302978516,32289100
2018-11-27,33.941595764768344,34.290996201429344,33.84176842863112,34.26603698730469,23974700
2018-11-28,34.507292033889755,35.10626244521441,34.34923180799199,35.03139114379883,58090600
2018-11-29,34.56552782563044,34.75686490681048,34.3159578577197,34.47401809692383,51899100
2018-11-30,34.623758033462245,35.03139138249214,34.45737700991017,34.956520080566406,45521300
2018-12-03,35.796741810941036,35.8217010287271,35.3059195072052,35.480621337890625,62609100
2018-12-04,35.58876284819451,35.638678105453785,34.79845856904008,34.93988037109375,51088700
2018-12-06,33.96655209367227,34.482330322265625,33.76689426490355,34.482330322265625,60013400
2018-12-07,34.29931743891597,34.5156137257066,33.62547570869703,33.758583068847656,51981600
2018-12-10,33.583882372442304,33.783540245914566,33.1096984930817,33.6254768371582,41488500
2018-12-11,33.974879127774464,34.008155970697196,33.54228969014223,33.83345413208008,33732400
2018-12-12,34.532255313400775,34.781828486057975,34.29100611246271,34.32427978515625,43596100
2018-12-13,34.69862800008767,34.77349929913215,34.52392936013521,34.59880065917969,31964100
2018-12-14,34.15789641829398,34.42410479783879,34.09134273668067,34.216129302978516,39195100
2018-12-17,33.94991595004478,34.19116507691644,33.57555947944566,33.733619689941406,48713100
2018-12-18,33.755495093085,33.95737016154245,33.53679335871868,33.62091064453125,32287600
2018-12-19,33.60409180495639,33.839613820102294,32.62835361667747,33.06575393676758,60141400
2018-12-20,33.090981169974924,33.23397573493884,32.771341918810755,33.032100677490234,54806800
2018-12-21,32.96481136246043,33.250803740261354,32.65358540121274,32.788169860839844,36337600
2018-12-24,32.72087675409628,32.99845577720105,32.468528103778375,32.527408599853516,17081200
2018-12-26,32.73770126954945,33.20874850829179,32.30871428383968,33.191925048828125,32870100
2018-12-27,32.476941987902386,32.905928924979015,32.283477039123014,32.88069534301758,35999800
2018-12-28,32.905929568416425,33.08257427183988,32.73769819830891,32.86387252807617,24800300
2018-12-31,33.259217677601974,33.28445126150675,32.76293687207895,32.87228775024414,18322700
2019-01-02,32.190947810822635,32.61993472369715,32.16571423028479,32.603111267089844,30521500
2019-01-03,32.19936119267588,32.275065150695355,31.963839193835994,32.03954315185547,30627000
2019-01-04,32.771340016520966,33.351737992674046,32.68722594892434,33.12462615966797,45264800
2019-01-07,32.96480745858635,33.30127017218166,32.889103508464714,33.20033264160156,28189800
2019-01-08,33.29286510296198,33.469506610482284,33.10781026151402,33.35174560546875,32023400
2019-01-09,33.76389630230762,34.20129644680321,33.72183927487921,33.9237174987793,40136400
2019-01-10,33.755500051166955,34.1592534561324,33.73026325734317,34.125606536865234,25310200
2019-01-11,33.8816623587938,34.049893702556865,33.81437174653617,33.97418975830078,18580500
2019-01-14,33.43585774342925,33.73867357224089,33.39380070248242,33.57044219970703,18481900
2019-01-15,33.92372769680176,34.09195585708751,33.7891400345788,33.89849090576172,26199300
2019-01-16,34.209709154619624,34.54617181697032,34.20129903199645,34.35270690917969,28645700
2019-01-17,34.10878044286489,34.689178524782896,34.100370318071064,34.462066650390625,34536700
2019-01-18,34.73964245490717,34.991987888920555,34.64711504706146,34.79852294921875,33319800
2019-01-22,34.285428434956124,34.327488693130036,33.86485152319453,34.083553314208984,32566100
2019-01-23,34.512531281537065,34.520944614459474,34.19289522290517,34.47047424316406,19691900
2019-01-24,34.56300348345949,34.8826427677674,34.546180025469965,34.83217239379883,26067900
2019-01-25,35.328451774458166,35.63967771306988,35.328451774458166,35.4882698059082,33704900
2019-01-28,35.10133932039636,35.219100310921284,34.94993141579394,35.19386672973633,22483700
2019-01-29,35.286394139076286,35.34527463433875,35.11816277743512,35.19386672973633,16812400
2019-01-30,35.41256199764996,35.89201924855727,35.29480101795287,35.81631851196289,37140400
2019-01-31,35.88361539826406,36.312602357690125,35.87520527342091,36.28736877441406,48172500
2019-02-01,35.90884460086694,36.068665832109,35.77426015856881,35.950904846191406,30566400
2019-02-04,35.866791366385975,36.11913682135185,35.80791086718549,35.99296569824219,24325800
2019-02-05,36.17801784020193,36.63224159091277,36.07708029851506,36.51448059082031,29621900
2019-02-06,36.50606477489824,36.58176872154822,35.99296060413127,36.06866455078125,25501600
2019-02-07,35.84155211655715,36.06025062061646,35.294801043289844,35.67332077026367,33289500
2019-02-08,35.64809228536222,35.900437736488655,35.37051004300058,35.68173599243164,23090000
2019-02-11,35.92566744576149,35.99296127013827,35.74061584621767,35.78267288208008,20631300
2019-02-12,35.93407760018009,35.99295808692931,35.799493172075316,35.84996032714844,19397600
2019-02-13,36.40512275533791,36.43876966571619,36.060249945825554,36.186424255371094,25797500
2019-02-14,35.93408835648602,36.20325729326707,35.80791401354316,36.051849365234375,25409200
2019-02-15,35.80791280149278,35.9424972653278,35.72379871487591,35.85838317871094,34904600
2019-02-19,35.91726417109139,36.46401215905345,35.91726417109139,36.37989807128906,28315600
2019-02-20,36.514475495471544,36.79205770730898,36.48924191575765,36.590179443359375,23291200
2019-02-21,36.68270684412659,36.69953030018311,36.46400512413797,36.506065368652344,25068500
2019-02-22,37.0696442764259,37.204228743612674,36.968706728222514,37.12852478027344,34023600
2019-02-25,37.81826589486156,38.06220121417864,37.7762088557112,37.868736267089844,40374900
2019-02-26,37.41451259218271,37.64162445438724,37.347221971203446,37.55751037597656,33462400
2019-02-27,37.120108954328856,37.17898944913406,36.90140722326983,36.95187759399414,29161200
2019-02-28,36.88458316063332,36.90981994995418,36.665884641912136,36.69953155517578,24482700
2019-03-01,37.30515544123371,37.338802350430555,37.01075300762594,37.15374755859375,33528500
2019-03-04,37.63321247161973,37.63321247161973,37.01075741238133,37.36404037475586,37436500
2019-03-05,37.57432299883189,37.86872863101153,37.45656202945834,37.8266716003418,28049100
2019-03-06,37.734150613509506,37.75097407038256,37.439744931350475,37.448158264160156,34864000
2019-03-07,37.07805069362105,37.07805069362105,36.54812304910459,36.615413665771484,47114400
2019-03-08,35.90043195015043,36.051839838172064,35.757434185354,35.959312438964844,41134500
2019-03-11,36.37148093523511,36.758410798363556,36.37148093523511,36.674293518066406,26769200
2019-03-12,37.027582788908994,37.14534378247323,36.90982179534476,37.10328674316406,28194500
2019-03-13,37.027579618493995,37.120107022299536,36.94346233833163,37.00234603881836,17247100
2019-03-14,36.92664276475288,36.95187634488889,36.733174621222766,36.88458251953125,19441300
2019-03-15,37.2294584506886,37.46498365029346,37.21263820169569,37.39768981933594,28235900
2019-03-18,37.85191979995691,37.93603389379135,37.708925198688966,37.843509674072266,31178300
2019-03-19,38.01173083655743,38.112671580999674,37.84350267997984,37.99490737915039,28020500
2019-03-20,37.61638006869956,38.17154116950123,37.3976783936515,37.76778793334961,41491100
2019-03-21,37.32198013275839,37.75938034057617,37.31357000955339,37.75938034057617,30397700
2019-03-22,37.120109644012174,37.18740026414852,36.65747580105581,36.66588592529297,41672200
2019-03-25,36.4555950036417,36.691116970961104,36.4303614239278,36.590179443359375,20566200
2019-03-26,36.64905548095703,36.73316954227777,36.48923748094933,36.64905548095703,25424700
2019-03-27,36.68270938517095,36.73317654809027,36.4219506113511,36.58177185058594,21763300
2019-03-28,36.699532158947434,36.8845837674494,36.6070047503233,36.86776351928711,25520900
2019-03-29,37.20421853824423,37.33880296851358,37.03598719822105,37.23786544799805,36710700
2019-04-01,37.71732583726402,37.84350015502515,37.61638830830284,37.835086822509766,28289300
2019-04-02,37.7257372428023,37.73415057560353,37.48180514025378,37.63321304321289,21593400
2019-04-03,38.02015053919872,38.28090615082654,37.801448765014214,37.90238952636719,40989600
2019-04-04,38.07061000881765,38.3145453196148,38.03696630392028,38.29772186279297,46986000
2019-04-05,38.474366517243006,38.659418124608756,38.398662565992296,38.566890716552734,29393800
2019-04-08,38.423897430285216,38.533248298799144,38.29772310440404,38.44913101196289,27106300
2019-04-09,38.415476461185065,38.44071324659269,38.29771549176867,38.36500930786133,14427900
2019-04-10,38.247249608543356,38.348187127288476,38.14630888105238,38.289306640625,18675500
2019-04-11,37.85190773956112,37.87714131792212,37.65002948643523,37.75938034057617,25167200
2019-04-12,38.272485747983325,38.322956115107274,38.179958345962454,38.222015380859375,22395100
2019-04-15,38.00332201151139,38.01173213612925,37.70891951868897,37.793033599853516,28410000
2019-04-16,38.356605529785156,38.373428987998466,38.213610948091876,38.356605529785156,29140900
2019-04-17,38.608948419530485,38.65100545440004,38.36501312504255,38.40707015991211,26867000
2019-04-18,38.33978271187672,38.55007111233569,38.24725530227536,38.4659538269043,29563800
2019-04-22,37.927612282845494,38.16313424125987,37.87714191657983,38.112667083740234,21838600
2019-04-23,38.05378470655595,38.2136027120174,38.00331434279377,38.104251861572266,18240100
2019-04-24,37.8771451828907,37.8771451828907,37.44815826325025,37.53227233886719,33678400
2019-04-25,37.22104897291815,37.2967529296875,37.05281760134774,37.2967529296875,25357700
2019-04-26,37.46498236119059,37.5322729810863,37.32198457969939,37.51544952392578,19653900
2019-04-29,37.641621919680844,37.69209228857653,37.582741427008976,37.65003204345703,15550900
2019-04-30,37.44814998771305,37.56591095105169,37.24627175859996,37.422916412353516,23224800
2019-05-01,37.582739547117725,37.83508496148144,37.22104327665619,37.24627685546875,30447700
2019-05-02,37.28833902298038,37.3808632196504,37.02758026305705,37.1116943359375,22893500
2019-05-03,37.58274203278232,37.818264007266045,37.55750845230085,37.776206970214844,24973100
2019-05-06,36.32942002604874,36.89299456311724,36.28736299104269,36.792057037353516,47513900
2019-05-07,36.15278249477608,36.20325286753275,35.572387647433416,35.79949951171875,50557800
2019-05-08,35.706972783666835,35.950908110212545,35.55556487124167,35.68173599243164,40245500
2019-05-09,34.874232534768716,35.3452797741126,34.554596430791214,35.07611083984375,52472200
2019-05-10,35.12657414078729,35.471447000382376,34.714410659409644,35.303218841552734,42922800
2019-05-13,34.23494976831782,34.32747717124847,33.91531052421544,34.16765594482422,69409600
2019-05-14,34.73123614782493,34.88264406662179,34.60506181257866,34.714412689208984,42386100
2019-05-15,34.69758601971905,34.96675491517232,34.67235243850354,34.88264083862305,35234600
2019-05-16,35.04246520996094,35.311634154131546,35.02564174985691,35.04246520996094,28764600
2019-05-17,34.3527157755914,34.67235506644867,34.31906885892293,34.462066650390625,49660700
2019-05-20,34.007839844761484,34.17607120423551,33.89007885575356,33.99101638793945,27478600
2019-05-21,34.31065877972174,34.3863627379531,34.17607432161562,34.36112594604492,24565400
2019-05-22,34.134012241823534,34.25177322419122,34.041484838892885,34.16765594482422,21527300
2019-05-23,33.662967679534404,33.797552128074045,33.57044026952346,33.7470817565918,34501700
2019-05-24,33.83119649731152,33.86484020035568,33.56202762048152,33.58726119995117,20955200
2019-05-28,33.974191677184514,34.06671908191751,33.7386697078614,33.7554931640625,20314100
2019-05-29,33.76390767980328,34.06672351332114,33.730260763024276,34.04990005493164,27176400
2019-05-30,33.97420178576334,34.125609727876565,33.92373461089036,34.058319091796875,17860400
2019-05-31,33.74707856187678,34.033070889042946,33.68819807176135,33.957366943359375,21758300
2019-06-03,34.05831146053615,34.22653961741498,33.982607506442115,34.10036849975586,21418800
2019-06-04,33.80595841453772,34.01624679205505,33.730254470281636,33.97418975830078,25653400
2019-06-05,33.84802056879549,33.87325414872406,33.595671934525086,33.7554931640625,23303000
2019-06-06,33.67137144041824,33.88165980206711,33.637727741201196,33.77231216430664,17135300
2019-06-07,34.142433825155834,34.46207317654385,34.05831972630239,34.083553314208984,27213800
2019-06-10,34.43682668798614,34.64711508468335,34.344302488786255,34.44524002075195,23519300
2019-06-11,34.94993339097898,35.00881388956905,34.722821521240185,34.83217239379883,30216800
2019-06-12,34.33589366732061,34.37795071043656,34.11719511786967,34.20130920410156,26626800
2019-06-13,34.470474245208024,34.49570782648405,34.251775720407636,34.38636016845703,12770400
2019-06-14,34.21813716013988,34.23496062134659,34.058319091796875,34.058319091796875,15674800
2019-06-17,34.293674481839574,34.42962548781868,34.24269163909953,34.34465408325195,15054800
2019-06-18,34.77800378423336,35.41527479922714,34.76100950154083,35.34729766845703,50380900
2019-06-19,35.48324683235906,35.81463046553497,35.38978314443172,35.619197845458984,29200500
2019-06-20,36.392412897393896,36.45189124639755,36.120507705956875,36.29044723510742,32829700
2019-06-21,36.120510288975744,36.29044983027886,36.095020492244785,36.11201477050781,22462600
2019-06-24,36.15451030537821,36.264971528437144,36.11202621691806,36.137516021728516,16782600
2019-06-25,35.72115930020957,35.72965481943993,35.51723118407902,35.53422546386719,20895500
2019-06-26,35.91659184515512,36.06953713550263,35.88260328256062,35.959075927734375,16910100
2019-06-27,36.222481763212166,36.35843276977539,36.137510358280345,36.35843276977539,16984200
2019-06-28,36.3329395323457,36.34993381324072,36.19698852651319,36.34143829345703,16461200
2019-07-01,37.29309181463746,37.403553009366156,36.732293563339425,36.87674331665039,39612400
2019-07-02,36.8172641620939,36.893733555256155,36.70680296975851,36.78327560424805,25164200
2019-07-03,36.58784525446423,36.68130892398428,36.536862419094675,36.64732360839844,9901700
2019-07-05,36.27346037416487,36.33293873532887,36.13750937131465,36.22248077392578,20530700
2019-07-08,35.92508755417994,36.04404428255891,35.86560918999046,35.95058059692383,15809300
2019-07-09,35.55122151931118,35.79763372655583,35.55122151931118,35.738155364990234,15903600
2019-07-10,35.942080852406335,36.044043296609544,35.797634326562424,35.840118408203125,14595000
2019-07-11,35.82312293027754,35.84861273014471,35.576710727136444,35.66168212890625,15358900
2019-07-12,35.85711248698306,35.874106767809074,35.721161481702644,35.79763412475586,12679000
2019-07-15,35.87410355497912,35.950576191183565,35.84011499637107,35.899593353271484,12611500
2019-07-16,35.99306369517177,36.052542057734286,35.83161964707839,35.840118408203125,9220300
2019-07-17,35.94208064978546,35.976069211437476,35.78063984392985,35.79763412475586,9761000
2019-07-18,35.78913234610217,35.9760661780992,35.738152749250155,35.89109802246094,24543200
2019-07-19,36.29046132858449,36.31595437471985,36.01855927288066,36.0865364074707,18948200
2019-07-22,35.87410273770211,35.9335810932475,35.75514602661133,35.75514602661133,16661300
2019-07-23,35.84861471996613,35.96757468904687,35.746652273510364,35.959075927734375,21277300
2019-07-24,35.942078634909215,36.10352267304208,35.942078634909215,36.07802963256836,12970900
2019-07-25,36.10352451319978,36.10352451319978,35.814628223283435,35.83161926269531,18571200
2019-07-26,35.959075335564805,35.96757409673734,35.823124328753366,35.88260269165039,9446300
2019-07-29,35.69567049291068,35.71266477471415,35.55122395957294,35.619197845458984,11395400
2019-07-30,35.41527156385485,35.45775564604102,35.30481035710864,35.398277282714844,15269400
2019-07-31,35.29630719668984,35.29630719668984,34.59105926801753,34.92243957519531,29673900
2019-08-01,35.05839996773296,35.27082363105044,34.038768976871346,34.132232666015625,65438400
2019-08-02,34.07275271196346,34.15772411812791,33.78385641365977,33.86882781982422,34907400
2019-08-05,33.002136463748876,33.06161482296447,32.35637003169628,32.54330062866211,61676600
2019-08-06,33.10410515265278,33.15508800217551,32.67925779728097,32.84919738769531,36838500
2019-08-07,32.577285007721215,33.01062774658203,32.4243397489875,33.01062774658203,30388700
2019-08-08,33.08710656823367,33.29103469848633,33.0021384047362,33.29103469848633,21648200
2019-08-09,32.99364030126462,33.06161417847419,32.70474403013726,32.91716766357422,26814300
2019-08-12,32.45833207807211,32.61127735458682,32.39035495903116,32.50931167602539,25082300
2019-08-13,32.364857853806775,33.2995203403312,32.296880750111406,33.027618408203125,48402500
2019-08-14,32.194925626941156,32.305386824798454,31.999496271548974,32.007991790771484,52108500
2019-08-15,32.4668233791148,32.568789044428584,32.2543997717016,32.4498291015625,34699000
2019-08-16,32.68775598205121,32.8831853731103,32.68775598205121,32.798213958740234,26003900
2019-08-19,33.503458342167086,33.53744690409066,33.172077966731436,33.26554489135742,27115300
2019-08-20,33.3080275989415,33.31652311840807,33.1125982379351,33.146583557128906,15842500
2019-08-21,33.54594323339978,33.54594323339978,33.28253673412738,33.435482025146484,21895700
2019-08-22,33.24005087071709,33.3080279925631,33.05312026829572,33.180572509765625,16315700
2019-08-23,33.03611768506569,33.32501389764953,32.526299123333,32.5772819519043,43687500
2019-08-26,33.070110313178134,33.10409887307927,32.900173996327396,33.044620513916016,22760600
2019-08-27,33.172080207561656,33.274042658892434,33.010636148182705,33.053123474121094,18018100
2019-08-28,32.87467676563285,33.07010609816436,32.79820413626599,33.01062774658203,14281900
2019-08-29,33.18907205268612,33.308028777392,33.06161656688544,33.24855041503906,21518000
2019-08-30,33.33351819252714,33.33351819252714,33.129593307197574,33.24005126953125,15521100
2019-09-03,33.13808921010032,33.24855041503906,33.06161656688544,33.24855041503906,16931700
2019-09-04,33.93680269395764,34.03876838433109,33.8518345266409,34.030269622802734,30073900
2019-09-05,34.42963008942327,34.56558111357257,34.39564152305392,34.43812561035156,27680200
2019-09-06,34.565574244893575,34.59106404394135,34.48910160642281,34.50609588623047,16063300
2019-09-09,34.55707950971666,34.650546438882614,34.480610103665775,34.574073791503906,13899500
2019-09-10,34.60806254970508,34.71852376127949,34.523094381618826,34.591068267822266,15215100
2019-09-11,35.007412956381465,35.160358220917274,34.93943584266458,35.11787414550781,27800500
2019-09-12,35.219844822294874,35.50874114058901,35.100888086761046,35.24533462524414,24678300
2019-09-13,35.559719858213185,35.66168555011905,35.51723577391634,35.60220718383789,19035000
2019-09-16,35.279311535217815,35.36427967786398,35.15185607992168,35.228328704833984,31500600
2019-09-17,34.81198643190775,35.0838884261114,34.76100359249677,35.05839538574219,14354700
2019-09-18,34.9139472606293,34.95643133751713,34.58256692304598,34.82048034667969,20237400
2019-09-19,34.70152928424436,34.778001931623066,34.54858398948694,34.574073791503906,18116400
2019-09-20,34.608061753342234,34.667540117899534,34.31916545063775,34.44662094116211,31171100
2019-09-23,34.22570193253527,34.44662437260794,34.21720641160698,34.43812561035156,14254800
2019-09-24,34.26817883178881,34.27667435013153,33.97078382856004,34.021766662597656,25221300
2019-09-25,34.03876175294744,34.183208257510586,33.86032345022089,34.140724182128906,18516200
2019-09-26,34.004782855154,34.04726694260326,33.8178489807835,33.91131591796875,25691000
2019-09-27,33.902817645404674,34.021774377139145,33.350514829405675,33.52045440673828,55202700
2019-09-30,33.89431321110636,34.01326992293171,33.80084629715007,33.817840576171875,20914600
2019-10-01,33.902814989436074,33.92830478957433,33.562935861397214,33.673397064208984,25507600
2019-10-02,33.724380299212,33.77536314631091,33.56293947872405,33.7073860168457,23096600
2019-10-03,34.089742341829215,34.26818064976372,33.93679707292951,34.25118637084961,23918500
2019-10-04,33.99627881943912,34.217201226031264,33.88582085747065,34.19171142578125,22922600
2019-10-07,33.979293247095214,34.19171692689586,33.919811634729164,33.953800201416016,22609800
2019-10-08,33.93680032324725,34.013272965021315,33.715881158859716,33.7243766784668,29351300
2019-10-09,34.242687017780504,34.3446494481723,34.149220106035024,34.20020294189453,27639400
2019-10-10,34.361650710308744,34.71002538949951,34.34465642823506,34.625057220458984,33355400
2019-10-11,35.26232065016542,35.423761433252245,35.02440723481069,35.11787414550781,48627500
2019-10-14,35.12637994778245,35.16036851459151,34.96493911743164,34.96493911743164,12156600
2019-10-15,35.13487398931855,35.43226907438252,35.11788294795763,35.29631805419922,21666000
2019-10-16,35.2283331117248,35.35578858296498,35.177353516290545,35.27931594848633,15713800
2019-10-17,35.49175185845057,35.517241664990976,35.37279510615747,35.42377471923828,16158500
2019-10-18,35.22833915636382,35.338800367636935,35.04140853881836,35.04140853881836,25353200
2019-10-21,35.38977853906451,35.449256896972656,35.27931734238048,35.449256896972656,18633300
2019-10-22,35.1858520435489,35.26232468456612,35.143367963278784,35.160362243652344,15966400
2019-10-23,34.94793742900957,35.0923839453495,34.88845907036049,35.05839538574219,16021700
2019-10-24,35.143366776647845,35.15186229588399,34.99042149977767,35.03290557861328,14110000
2019-10-25,35.00741774710057,35.30480955699166,34.998918986059316,35.25382995605469,18287800
2019-10-28,35.57671013212365,35.67017705184344,35.56821461275253,35.585208892822266,22893700
2019-10-29,35.16035483898242,35.31330008880703,35.15185607992168,35.228328704833984,16516700
2019-10-30,34.99041867795225,35.1773524993465,34.83747341341644,35.11787414550781,22948500
2019-10-31,35.0923913809734,35.10089014333973,34.80349504575269,34.96493911743164,24679500
2019-11-01,35.542733013502406,35.72966365474193,35.517239966852465,35.68717956542969,31607900
2019-11-04,36.23948153032349,36.290461139672466,36.06954193606118,36.120521545410156,30078400
2019-11-05,36.34143829345703,36.39242113614209,36.23097708830323,36.34143829345703,22267100
2019-11-06,36.45189871307213,36.49438279373032,36.239475068453594,36.273460388183594,22244500
2019-11-07,36.596343797683346,36.76628335496667,36.50287687911115,36.579349517822266,32368200
2019-11-08,36.36692426762421,36.43490138405177,36.18848919899284,36.31594467163086,33877000
2019-11-11,35.50023508418562,35.763641545406124,35.49173956539082,35.75514602661133,22985500
2019-11-12,35.59371068712271,35.64469353631984,35.3727914899246,35.440765380859375,26734500
2019-11-13,34.879967700409,35.075397097568874,34.854477895966276,34.96493911743164,29682600
2019-11-14,34.82048093770763,34.90545233425286,34.684529944562605,34.871463775634766,25866000
2019-11-15,34.88846246198484,34.99042490939146,34.837479617617646,34.947940826416016,23753900
2019-11-18,35.13486802419493,35.18585086360591,35.049899866504084,35.05839538574219,14649400
2019-11-19,35.54272341919592,35.56821321763697,35.33029978864752,35.41526794433594,27542600
2019-11-20,35.32180344548722,35.41527036793719,35.08389000021644,35.21984100341797,24386100
2019-11-21,35.02441485308353,35.168861389160156,34.930947922056106,35.168861389160156,20579800
2019-11-22,35.20284573452313,35.21134125390389,35.00741637549064,35.109378814697266,14729600
2019-11-25,35.517232186027435,35.73815458817842,35.449258306284655,35.6956672668457,26550000
2019-11-26,35.65318796471143,35.82312754883322,35.525735707616064,35.780643463134766,21044700
2019-11-27,35.695664044902564,35.78913095727402,35.63618568999841,35.746646881103516,12302000
2019-11-29,34.803489489431655,34.86296785118781,34.71002256629266,34.786495208740234,26282400
2019-12-02,34.93094153035204,34.94793580936811,34.727013423486504,34.79499053955078,27332400
2019-12-03,34.4806102975757,34.591068267822266,34.29367643819253,34.591068267822266,30119700
2019-12-04,34.761013029839,34.81199588309142,34.71003017658658,34.73552322387695,14378100
2019-12-05,34.77799605381246,34.8459699281454,34.70152341935835,34.752506256103516,16240300
2019-12-06,35.13487222692717,35.16886079060011,35.02441425698189,35.04140853881836,17498500
2019-12-09,35.06689293650895,35.12637129310605,34.87995910644531,34.87995910644531,15160000
2019-12-10,35.01591491699219,35.08389204321518,34.95643655221096,35.01591491699219,11648000
2019-12-11,35.440755747980845,35.74664627736576,35.415265950974494,35.67017364501953,38229300
2019-12-12,35.670178598638905,36.39242094694808,35.653184317832235,36.34993362426758,62280200
2019-12-13,36.485883433690134,36.868246635990474,36.1884916326385,36.19698715209961,55179100
2019-12-16,36.662735064804195,36.72333436488506,36.584821207212485,36.65407943725586,26704900
2019-12-17,37.03499778093669,37.208140090964825,36.99171302903338,37.1215705871582,27125300
2019-12-18,37.25141879484101,37.27739228369793,37.1821638635227,37.22544860839844,11471800
2019-12-19,37.02633861672057,37.16485179103664,37.017679685717624,37.14753723144531,10954900
2019-12-20,37.27739369286544,37.40724793240141,37.260079133777744,37.294708251953125,26124800
2019-12-23,37.22545312380625,37.3293371845919,37.17350944220604,37.26008224487305,8697800
2019-12-24,37.312023512784656,37.372622824887586,37.251424200681726,37.32933807373047,4769900
2019-12-26,37.48516064865818,37.71890223555918,37.45053153154373,37.70158767700195,10652800
2019-12-27,37.87473226863917,37.96996069530094,37.753533653765864,37.84010314941406,20219100
2019-12-30,38.01324257623137,38.02189820417757,37.62367327036596,37.6496467590332,13119600
2019-12-31,37.71890745239798,37.8314504473784,37.57173863792845,37.770851135253906,13648100
2020-01-02,38.43744961154735,38.852989196777344,38.402820487174424,38.852989196777344,25552300
2020-01-03,38.082502865873,38.30758553118595,38.00458900049266,38.01324462890625,20949400
2020-01-06,38.02189937052997,38.20370058712028,37.9959291834804,38.19504165649414,12687700
2020-01-07,38.10847811532784,38.17773305907895,38.00459404849369,38.09981918334961,16114600
2020-01-08,37.83143630767543,38.27294588848229,37.779492644233734,38.07383346557617,27640100
2020-01-09,38.39416200325631,38.44610569042233,38.29893686374127,38.420135498046875,24049100
2020-01-10,38.480729121988624,38.62789792689611,38.40281525397448,38.54132843017578,21284000
2020-01-13,38.78372123055565,39.20791964180115,38.74043648714225,39.19926071166992,30778500
2020-01-14,38.723130587580386,38.85298814927028,38.65387564311675,38.80104446411133,40042300
2020-01-15,38.61923910213971,38.697152963705854,38.56729542695749,38.58460998535156,19116400
2020-01-16,38.7144725496005,38.87030029296875,38.67118449678672,38.87030029296875,18411900
2020-01-17,38.991494202142455,39.052093505859375,38.87895122277631,39.052093505859375,18061600
2020-01-21,37.43322008756047,37.537104135968164,37.20813412986039,37.216793060302734,61518300
2020-01-22,37.866081106255976,37.866081106255976,37.49382628671589,37.63233947753906,42871500
2020-01-23,36.80991157545081,37.24276565799034,36.65408384154342,37.14753723144531,60680300
2020-01-24,37.069622686972046,37.0955928746771,36.44631176273469,36.66273880004883,49822700
2020-01-27,34.67161297247844,35.4507516784547,34.46384485249459,35.208351135253906,101480800
2020-01-28,35.24297704016391,35.57194705293728,35.05252349795989,35.450748443603516,45049200
2020-01-29,35.866287764773,35.93554269728932,35.6152316167707,35.66717529296875,34216700
2020-01-30,34.879380964721776,35.32089065307896,34.680268493312504,35.22566223144531,52579300
2020-01-31,34.559060786482895,34.58503427138155,34.212779577834596,34.403236389160156,49332700
2020-02-03,34.63698026310272,34.939980085107656,34.628324635006294,34.740867614746094,31424200
2020-02-04,35.64986446615127,35.840321329733875,35.589265155450406,35.67583465576172,40812700
2020-02-05,36.229889347131,36.24720390861462,35.72778027376558,35.797035217285156,29440600
2020-02-06,36.32511835325079,36.32511835325079,35.97017809331234,36.03943634033203,32571500
2020-02-07,35.92689145336736,35.94420601421297,35.62389489460609,35.719120025634766,27022800
2020-02-10,35.74508580149934,35.95285388196437,35.74508580149934,35.926883697509766,19858200
2020-02-11,36.53288013200926,36.75796277047778,36.49825101765592,36.619449615478516,30499200
2020-02-12,36.92245006747676,37.182161824906075,36.8272216525227,37.1129035949707,23667400
2020-02-13,36.64542353565284,36.79259231977314,36.567509678643816,36.628108978271484,28958100
2020-02-14,36.76662909004136,36.79259927981909,36.480943792827205,36.59348678588867,20948600
2020-02-18,36.4809424741765,36.610800023200845,36.4549722853375,36.51557159423828,18917200
2020-02-19,36.82722375412816,36.85319394062888,36.714680775267816,36.766624450683594,16643500
2020-02-20,36.619453342139465,36.680052647217785,36.333771375686574,36.37705612182617,33181100
2020-02-21,36.49825473198282,36.52422491918369,36.30779788607126,36.37705612182617,36464900
2020-02-24,34.91401158412742,35.34686566296413,34.87072353431212,35.08715057373047,54703500
2020-02-25,35.42478221254585,35.45941133728354,34.71490166749863,34.74953079223633,54366400
2020-02-26,35.39014584569524,35.59791392738649,35.225659203407695,35.25163269042969,45905500
2020-02-27,35.35552353339057,35.476722154763785,34.81012643479634,34.98326873779297,49675900
2020-02-28,34.40324189298155,35.23432088958988,34.065612954595935,35.19969177246094,59172700
2020-03-02,35.191034902371975,35.563289642333984,35.03520718320581,35.563289642333984,48122500
2020-03-03,35.47672042001435,36.004802932245134,35.130439133368384,35.33820724487305,60878800
2020-03-04,35.63255052382149,35.76240807895621,35.49403733947137,35.719120025634766,30524200
2020-03-05,35.848971592529104,35.96151456801894,35.46806122479753,35.563289642333984,40896600
2020-03-06,34.85340881347656,34.99192198596633,34.524442092822454,34.85340881347656,46723400
2020-03-09,33.10468079142168,33.8318757625408,32.905565012707434,33.45096206665039,57639400
2020-03-10,34.61101406442388,34.82744111833029,34.03964677420753,34.77549743652344,46744500
2020-03-11,33.84052986672833,34.03098670609542,33.47693074633793,33.589473724365234,49439900
2020-03-12,31.29534559207335,31.61565662812524,30.559491808953013,30.992345809936523,78653600
2020-03-13,33.329762672338795,33.35573285920697,31.425204144865123,32.7237663269043,66179500
2020-03-16,29.330189026037765,30.76726422594417,29.13107657512222,29.356159210205078,48274800
2020-03-17,30.213215301551188,31.269376983024372,29.789016861368857,31.174148559570312,41580100
2020-03-18,29.079139612448824,29.91887765332224,28.75882849164327,29.408109664916992,56158300
2020-03-19,29.087791737541814,29.92752967725349,28.654937674171165,29.4340763092041,39366100
2020-03-20,30.775926077955233,30.87115450904843,29.572592199409687,29.832304000854492,51232800
2020-03-23,30.17858824964628,30.239187559190572,29.38213499184104,29.81498908996582,37971800
2020-03-24,31.49447037519699,31.84941066296606,31.19147047435031,31.832096099853516,39464800
2020-03-25,31.927313804229627,32.67182325551221,31.658943119897916,32.3168830871582,33129400
2020-03-26,32.03985637162311,33.243193443849364,31.970601438622605,33.19990539550781,34047500
2020-03-27,31.390573095318786,31.762827828783955,31.18280500833286,31.252059936523438,39483000
2020-03-30,31.78015017048862,32.39480225679157,31.607007853982363,32.37749099731445,22500100
2020-03-31,32.47271425160066,32.810343235301694,32.30823087678335,32.498687744140625,17072800
2020-04-01,31.935972644788343,32.03985669654983,31.15683730295545,31.174148559570312,28408000
2020-04-02,31.97060285577957,32.42942712729125,31.87537442907007,32.36882781982422,33081500
2020-04-03,32.29956748549594,32.412107150603234,31.832084361097266,31.93596839904785,18891300
2020-04-06,32.74108676381912,33.14797071068091,32.654517257106605,33.078712463378906,23613500
2020-04-07,33.78859136500918,33.84919067728345,32.82765469549604,32.97482681274414,28960800
2020-04-08,32.810336118701116,33.09601805535747,32.61122036288069,33.000789642333984,14731500
2020-04-09,33.12199611064828,33.33842317261712,32.75840023169978,32.78437042236328,21931400
2020-04-13,32.77570795138424,32.88825092479212,32.47270814642677,32.81033706665039,21073000
2020-04-14,33.347076063237516,33.45961903974901,33.23453308672602,33.32976150512695,35863600
2020-04-15,32.62853532247925,32.74973722390402,32.43808179649719,32.55928039550781,25453800
2020-04-16,32.74108400091738,32.75839856128177,32.498686760645384,32.68914031982422,20821300
2020-04-17,33.26050194097814,33.303789985728486,32.97481999962795,33.25184631347656,29405600
2020-04-20,33.00079700302887,33.31245249610501,32.92288312975984,32.97482681274414,18007300
2020-04-21,32.325538442791775,32.44673704036956,32.083141247636206,32.091796875,25719000
2020-04-22,32.888255722268156,32.91422591129899,32.78436836131546,32.870941162109375,16924500
2020-04-23,33.00079309731723,33.312448553508304,32.723766759017266,32.732425689697266,19569100
2020-04-24,33.02676411021568,33.0613899230957,32.80167816321747,33.0613899230957,12783200
2020-04-27,33.49424380850192,33.75395886964266,33.44230343820512,33.72798538208008,16911700
2020-04-28,34.30801997292684,34.316675602642,33.76262283325195,33.76262283325195,23640100
2020-04-29,34.28204042662565,34.45518271209637,34.1954709350975,34.308013916015625,20305900
2020-04-30,34.204134398399205,34.40325021887121,33.312455882228356,33.407684326171875,45489100
2020-05-01,32.749736035354616,32.79302077594265,32.20433905718613,32.26493835449219,54503300
2020-05-04,32.325546318783346,32.57660250488566,32.221662253036314,32.56794357299805,28110200
2020-05-05,32.896907806396484,33.04407659826622,32.83630850357785,32.896907806396484,25316400
2020-05-06,33.26050103777112,33.31244470861249,32.94884891996514,32.98347473144531,17373600
2020-05-07,33.17393333071658,33.23453263206737,32.98347649652022,33.07004928588867,16027000
2020-05-08,33.59813661911775,33.90978879883557,33.57216312733022,33.823219299316406,27801600
2020-05-11,33.65007054425227,33.788583698366885,33.57215668866192,33.66738510131836,16171700
2020-05-12,33.68470232200559,33.88381479038931,33.373046875,33.373046875,39072800
2020-05-13,33.82321325193001,33.86649799395054,33.22587588625277,33.4769287109375,42658000
2020-05-14,32.90556677390561,33.416334736939085,32.81899727606861,33.33842086791992,33644600
2020-05-15,32.767053451351,32.9575103086497,32.723768702623474,32.8536262512207,25440300
2020-05-18,33.76261793804877,34.230101132847395,33.74530337871388,34.16084289550781,27716900
2020-05-19,34.013675808500146,34.17815917684707,33.79724875953145,33.805904388427734,21572400
2020-05-20,34.33398367036334,34.48981139508202,34.09158645520732,34.299354553222656,23698400
2020-05-21,33.60678854074953,33.74530170614885,33.286477464966275,33.3643913269043,33185600
2020-05-22,32.62853745960902,32.6458520180895,32.32554094223655,32.464054107666016,40136900
2020-05-26,33.4423021542243,33.54618619324357,33.06138850713021,33.191246032714844,40417300
2020-05-27,33.17393234642533,33.18259127631239,32.72376376230887,33.00944900512695,28403500
2020-05-28,33.32110605176213,33.546188703549454,33.06139098115804,33.11333465576172,28223200
2020-05-29,33.52022240104469,33.849189137738534,33.1739378017289,33.805904388427734,49138300
2020-06-01,34.04830029734122,34.45518084841263,33.96172750808139,34.4292106628418,22559300
2020-06-02,34.69758392838766,35.1477492562569,34.62832569184502,35.04386520385742,25647000
2020-06-03,35.381485461941125,35.7017998035414,35.338200721902,35.641197204589844,23526000
2020-06-04,35.165068963173404,35.36418146875966,35.009241210555466,35.12178421020508,18989400
2020-06-05,35.88360241436079,36.04808576911613,35.7710594335206,35.90957260131836,19373700
2020-06-08,35.476715630975356,35.74508631639038,35.372831589246445,35.7277717590332,16914400
2020-06-09,35.38149180064881,35.67583270902654,35.260293185860554,35.55463409423828,17031200
2020-06-10,35.79703102180987,36.05674611121025,35.520004675369705,35.97883224487305,16102100
2020-06-11,34.98326816722348,35.18238065657696,34.48115912937876,34.48981475830078,32089200
2020-06-12,35.026548688932856,35.0525221773933,34.48981059535534,34.922664642333984,24896800
2020-06-15,34.165846479100416,34.78561449388506,34.13092912702472,34.61103439331055,25936600
2020-06-16,35.449032922772425,35.50140562402606,34.733243813154004,34.88163757324219,26454500
2020-06-17,34.986394869500955,35.1784336859968,34.92528782572653,35.02130889892578,11592100
2020-06-18,35.01257763662174,35.1958887594548,34.96893260688563,35.14351272583008,11701000
2020-06-19,35.658535689997855,35.658535689997855,35.01258119253405,35.195892333984375,25652900
2020-06-22,35.07368273312464,35.466494676109356,35.03876537599213,35.457763671875,13539500
2020-06-23,35.815658348104115,35.92041041976601,35.66726457477014,35.693450927734375,12502700
2020-06-24,35.51886296879614,35.614884024029024,35.07367837532792,35.32682418823242,17669400
2020-06-25,35.14351897483142,35.49268593461166,35.12606362375504,35.41412353515625,13560800
2020-06-26,35.248264679354655,35.27445103113137,34.934015138424826,35.0824089050293,13594800
2020-06-29,34.872911204803366,35.01257729654373,34.74197278696452,34.960201263427734,12826500
2020-06-30,34.78562490343138,34.84672862289805,34.47137863041835,34.65468978881836,17857800
2020-07-01,34.899096244760464,35.31809450423392,34.8816375677113,35.05622100830078,22455400
2020-07-02,36.11244713723041,36.35686529374401,36.03388475297645,36.191009521484375,28379800
2020-07-06,38.87085726313341,39.656481152826984,38.85339858448439,39.63029479980469,67366900
2020-07-07,38.56533420244362,38.9319564214999,38.50423049926758,38.50423049926758,24840700
2020-07-08,39.228751241870626,39.761229277743304,39.15018885412052,39.743770599365234,30425200
2020-07-09,39.97945574726615,40.09293548605193,39.25493894556216,39.473167419433594,33856300
2020-07-10,38.984330530419975,39.045434230585215,38.71372605118683,38.888309478759766,18271000
2020-07-13,38.84467395859373,39.15019253417214,38.39075826780386,38.44313430786133,22275000
2020-07-14,37.770989937279325,38.30346802074533,37.73607257740224,38.14634323120117,25200700
2020-07-15,38.12888303663283,38.17252806979407,37.884468187007805,37.94557189941406,22362500
2020-07-16,36.81077823874458,37.14248645919162,36.784591886833766,37.081382751464844,22561000
2020-07-17,37.19486344524291,37.28215350711546,37.02027999159541,37.15121841430664,14745400
2020-07-20,37.49165105389204,37.73606586978122,37.36944364594745,37.631317138671875,17641000
2020-07-21,38.16380017638256,38.1812588555275,37.788446899522604,37.8233642578125,20675400
2020-07-22,37.48292473467505,37.54402844628333,37.10757146056559,37.29088592529297,24486000
2020-07-23,37.2734282505233,37.39563567703246,36.96790635434777,37.01155471801758,21651700
2020-07-24,36.487803306657085,36.740949157318504,36.409240916103634,36.706031799316406,20134500
2020-07-27,36.49653301612269,36.71476150103872,36.3655945932121,36.62746810913086,17328500
2020-07-28,36.54890012113146,36.61000382115309,36.28702664533847,36.30448532104492,12109100
2020-07-29,36.767133946355735,36.93298972485695,36.66238520670924,36.854427337646484,14436900
2020-07-30,36.40051315751659,36.531448254868366,36.12118095394976,36.47034454345703,14497800
2020-07-31,36.32195046186165,36.35686781948965,35.86803480240504,36.112449645996094,21669900
2020-08-03,36.54017293123041,36.68856668184392,36.47033822748149,36.54890060424805,18647500
2020-08-04,37.21232897745362,37.395640139090105,37.15122525690813,37.37818145751953,24913500
2020-08-05,37.456743859635594,37.648786027008875,37.33453641854461,37.37818145751953,11875400
2020-08-06,37.3083477916081,37.45674158107637,37.159950672236995,37.40436553955078,17584500
2020-08-07,36.73221909803462,36.8456955093205,36.44415590807279,36.671112060546875,29968900
2020-08-10,36.84569002209964,36.95916974638795,36.653651253959985,36.9329833984375,14891400
2020-08-11,37.186131147140145,37.26469353205265,36.86315393356754,36.8980712890625,21032500
2020-08-12,37.33453271449501,37.5353025377832,37.282156674979646,37.43928146362305,25269800
2020-08-13,37.386904478623215,37.386904478623215,37.16867600045213,37.36944580078125,16505600
2020-08-14,37.491654744028274,37.58767581112198,37.45673738692103,37.57021713256836,13330100
2020-08-17,38.02412843144814,38.303460596517375,37.997938751665224,38.2685432434082,21376900
2020-08-18,38.495504987426315,38.547881024721015,38.233631460757934,38.41694259643555,23645800
2020-08-19,38.294735959061505,38.294735959061505,37.98048638864507,38.015403747558594,23971000
2020-08-20,37.74479497101623,38.19870722624939,37.64877391821239,38.189979553222656,17726200
2020-08-21,38.20744875598444,38.59152974311875,38.15507271368767,38.530426025390625,17511900
2020-08-24,39.08035170312127,39.13272773052595,38.835936901703306,38.94941329956055,15717500
2020-08-25,38.748646126703086,39.13273036034496,38.68754242224227,39.10654067993164,24043400
2020-08-26,38.93196057566057,39.115275034651006,38.92323290137647,39.036712646484375,13407300
2020-08-27,39.1501915867541,39.1501915867541,38.73992427089178,38.958152770996094,17841100
2020-08-28,39.05416762230702,39.28985143455977,38.97560524158873,39.272396087646484,10933600
2020-08-31,38.451853393209895,38.5129570946757,38.10268986053415,38.373291015625,18271000
2020-09-01,38.530417548795526,38.870853424072266,38.49550019494608,38.870853424072266,17160200
2020-09-02,38.853395948211535,38.88831330314037,38.3732939725979,38.71372985839844,16435300
2020-09-03,38.233633584100794,38.26855094423643,37.622593101338126,37.91938400268555,35560600
2020-09-04,38.04159616286454,38.216176310160755,37.43055565761922,38.059051513671875,30022200
2020-09-08,37.090118722874145,37.46546869350853,37.0639290375534,37.27342987060547,24690300
2020-09-09,37.29961368332577,37.596404567474146,37.21232361794788,37.526573181152344,15489100
2020-09-10,37.29088334151094,37.343256045030685,36.749674319189985,36.78459167480469,25750000
2020-09-11,37.308342347945235,37.386904733819165,37.00282047847889,37.142486572265625,18697700
2020-09-14,37.430551054636226,37.46546508186023,37.30834363459606,37.395633697509766,11420600
2020-09-15,37.79716825855391,37.84954428723715,37.631315829243306,37.72733688354492,9936100
2020-09-16,37.74479567644897,37.84954440423726,37.61385726928711,37.61385726928711,17583200
2020-09-17,37.18613039981259,37.439276227210115,37.14248537127217,37.29961013793945,16547100
2020-09-18,37.561492619156006,37.561492619156006,37.33453641854461,37.37818145751953,18297900
2020-09-21,36.732215637230865,37.055192822595586,36.50525617623792,37.02900314331055,19798400
2020-09-22,36.906800172571934,36.906800172571934,36.540177917566076,36.74094772338867,14688600
2020-09-23,36.66238610544893,36.697303462821196,36.321950195825586,36.33940887451172,18059300
2020-09-24,35.75455200250561,36.06007386081288,35.70217930043744,35.88549041748047,20126600
2020-09-25,35.30937084166559,35.57997204191146,35.117328702211715,35.5275993347168,23398400
2020-09-28,36.06880271802451,36.09498906991782,35.92040895075926,36.07753372192383,16436800
2020-09-29,35.798192510493635,36.025151957137425,35.772006162766196,35.93785858154297,10397900
2020-09-30,36.35686928112894,36.714763886448054,36.32195192209716,36.66238784790039,20422000
2020-10-01,36.99409423192084,37.1686776883664,36.82823844984144,37.10757064819336,19912800
2020-10-02,36.557640637609126,37.090118730570126,36.531450952282945,36.688575744628906,20352900
2020-10-05,36.592552267859304,36.8456981200226,36.566365914153636,36.82823944091797,16323500
2020-10-06,37.098841075782325,37.29088320103746,36.97663366149352,37.072654724121094,24759500
2020-10-07,37.43927538040551,37.55275511596568,37.282150617292096,37.46546173095703,19884400
2020-10-08,37.47418976706837,37.70114589031535,37.439272415829784,37.648773193359375,11784100
2020-10-09,37.50911719301259,37.832094453964324,37.50911719301259,37.74480438232422,12990400
2020-10-12,38.63517068679774,38.792295467138246,38.530421943204914,38.757381439208984,19034700
2020-10-13,38.687546966726316,38.78356803641603,38.547880864423796,38.70500564575195,16626500
2020-10-14,38.59152067343958,38.59152067343958,38.19870877328868,38.21616744995117,12553600
2020-10-15,37.77971112628258,37.98921191967529,37.71860742193932,37.92810821533203,14441200
2020-10-16,38.547875525835885,38.57406187579645,38.38202309291549,38.50423049926758,21462300
2020-10-19,38.60025801125522,38.73119311285803,38.39948819154214,38.486778259277344,13715900
2020-10-20,38.56533598043667,38.80102313065401,38.521690951856186,38.652626037597656,13314600
2020-10-21,39.07162428743036,39.246207731572504,38.958147879154865,39.001792907714844,16028700
2020-10-22,39.35968387005382,39.38587021881445,39.1327277443572,39.298580169677734,11330400
2020-10-23,39.23748656584379,39.41207003894276,39.08036177304499,39.39461135864258,11240500
2020-10-26,38.94942187321843,39.28113012666075,38.69627934312819,39.019256591796875,19928900
2020-10-27,38.8708569764244,39.13273382432565,38.757380560896465,39.097816467285156,13677000
2020-10-28,38.60898187236862,38.65262690192507,38.251087302161984,38.312191009521484,15870700
2020-10-29,38.844664454342016,39.03670655766243,38.70499837826405,38.888309478759766,12835900
2020-10-30,38.60897838775319,38.62643706398052,38.312187551692624,38.49549865722656,15536800
2020-11-02,39.18510186656529,39.281122922047956,38.984332082329736,39.26366424560547,13727800
2020-11-03,39.307311419389976,39.5691882504334,39.150186652724805,39.35095977783203,20154000
2020-11-04,40.3460805071282,41.07059729432624,40.197683416317595,40.992034912109375,37695100
2020-11-05,41.864952838657004,41.891142521863415,41.30628843549033,41.637996673583984,25797700
2020-11-06,41.472134831667965,41.86494672336024,41.36738610385069,41.66417694091797,16735900
2020-11-09,43.08702913352285,43.156860511537324,42.030804150549976,42.10063552856445,25851100
2020-11-10,41.4896008401607,41.62926694523341,41.03568516619874,41.13170623779297,21437400
2020-11-11,40.930933059104234,41.65545320898791,40.922205385086194,41.55070114135742,19918400
2020-11-12,41.39357472985411,41.63799288140604,40.96584879196709,41.11424255371094,18036200
2020-11-13,41.349928144154084,41.524511580143056,41.17534470816511,41.43722152709961,14790100
2020-11-16,41.585611824530595,41.76892291861688,41.41102840306193,41.62052917480469,9051900
2020-11-17,41.210267171220835,41.48959937147823,41.105518428599936,41.34120559692383,10876500
2020-11-18,41.40231281266009,41.411040487824664,41.15789794921875,41.15789794921875,7891900
2020-11-19,41.00077113735752,41.192809950643365,40.94839509924178,41.13170623779297,10081300
2020-11-20,41.192805158463756,41.49832701707536,41.157891133684274,41.411033630371094,16892800
2020-11-23,41.62052758430715,41.62052758430715,40.8872799060807,41.245174407958984,10194600
2020-11-24,41.31501221422783,41.48959231225801,41.10551143472892,41.47213363647461,13026900
2020-11-25,41.14042449865646,41.288818232496965,41.026944782842115,41.22771453857422,8510000
2020-11-27,42.13554825313051,42.519629114766914,42.13554825313051,42.44106674194336,12164400
2020-11-30,41.59435003652222,41.6030777106526,41.000768298585406,41.026954650878906,16723600
2020-12-01,41.55943311343273,41.637995501034595,41.34993230319364,41.445953369140625,14410400
2020-12-02,41.12298058875491,41.28010538093942,41.00950083219882,41.15789794921875,9374800
2020-12-03,41.105516908919824,41.306286712313415,41.035682196486036,41.14043426513672,9781500
2020-12-04,41.21899974267156,41.306289809857276,41.088061311990366,41.19281005859375,9731300
2020-12-07,40.6777876521761,40.843643429386276,40.63414262182166,40.79126739501953,10088300
2020-12-08,40.573038336703625,40.68651807793424,40.45955859547302,40.66033172607422,10093300
2020-12-09,40.573043436922376,40.581774441908124,40.02310666941618,40.15404510498047,16174500
2020-12-10,40.21514293588606,40.76507962292409,40.1976842583719,40.6515998840332,12962400
2020-12-11,40.43337454946497,40.45083322833473,40.25879109066989,40.28498077392578,13570500
2020-12-14,40.46572463400722,40.474586987996304,40.21763280227621,40.24421310424805,11261400
2020-12-15,40.315106686990475,40.33282801860654,40.12017541921213,40.30624771118164,10793100
2020-12-16,40.44801342064912,40.536616695306215,40.315105128665195,40.350547790527344,10821900
2020-12-17,40.758124397580836,40.758124397580836,40.52775387731535,40.60749816894531,10497900
2020-12-18,40.52775448959517,40.58091509815298,40.37712487868603,40.53661346435547,12230700
2020-12-21,40.08473245143574,40.39484727621552,40.004988156492644,40.208778381347656,16399300
2020-12-22,40.235359105463615,40.235359105463615,40.03156887848571,40.075870513916016,10515300
2020-12-23,40.51889555946926,40.51889555946926,40.368269315827284,40.41257095336914,7815700
2020-12-24,40.031574623657704,40.084738621802835,39.561971136704216,39.73917770385742,12799400
2020-12-28,39.78347147490161,39.872074733421265,39.61512055171756,39.80118942260742,10736200
2020-12-29,40.191051894841095,40.47458637826168,40.13788791170061,40.31509780883789,16663400
2020-12-30,41.10367542190628,41.165698374558644,40.944186863658096,40.97962951660156,13806400
2020-12-31,41.48468330527042,41.48468330527042,40.802427317584666,41.13912582397461,13164300
2021-01-04,41.40493735098087,41.53784562922628,40.90875027619563,41.0239372253418,18623700
2021-01-05,41.43151456536909,42.149213130384254,41.40493426370109,42.14035415649414,30140700
2021-01-06,42.0694731913142,42.21124044818476,41.40493854098384,41.65303039550781,21916100
2021-01-07,41.76822082477647,41.97201106224164,41.51126659406018,41.945430755615234,18565200
2021-01-08,42.24668596950077,42.86691902782782,42.042895735192985,42.81375503540039,25334500
2021-01-11,42.38845693605241,42.50364390636736,42.23782730102539,42.23782730102539,9596200
2021-01-12,42.74287258835196,42.911220159057144,42.66312829064988,42.787174224853516,14361900
2021-01-13,42.689705191004826,43.12386592608262,42.63654120344516,42.911216735839844,12447400
2021-01-14,43.566888802719,43.61119381546771,43.08842643701338,43.10614776611328,12323000
2021-01-15,43.265631571178155,43.33651349975396,43.00867739759607,43.079559326171875,11997600
2021-01-19,44.940262653537474,45.037728272667444,44.763052744210064,44.931400299072266,25097400
2021-01-20,46.06554112308558,46.35793459687432,45.897190190300144,46.31363296508789,18731700
2021-01-21,46.08326414094789,46.13642813293834,45.861752577651664,46.04782485961914,11494000
2021-01-22,45.489615305936226,46.00352038119703,45.46303499962912,45.81745147705078,14328100
2021-01-25,46.978169842765354,47.08449444016938,46.43768112096471,46.87184524536133,18919200
2021-01-26,46.30477718384032,46.41110517121877,46.12757063153956,46.384521484375,13241300
2021-01-27,45.0377351498739,45.241525393719684,44.65673496964098,44.68331527709961,21406300
2021-01-28,44.213712505199084,44.825083246229454,44.14282717754419,44.77191925048828,17207400
2021-01-29,44.02763442443617,44.151683731530916,43.549172045634194,43.7352409362793,20255100
2021-02-01,44.61242313828251,44.957983982470004,44.514960899150424,44.931400299072266,18430500
2021-02-02,45.551633681902004,45.64023694732572,45.29467948017616,45.56935501098633,14469800
2021-02-03,45.81744550165321,45.87946846161308,45.5516323332541,45.67567825317383,10872200
2021-02-04,45.40101342749934,45.51619701170378,45.161780523385076,45.45417404174805,15567300
2021-02-05,45.67568626656946,45.83517487158935,45.489617354045706,45.79973220825195,11038200
2021-02-08,45.63138374069714,45.755429679969204,45.48961647010073,45.649105072021484,7221000
2021-02-09,45.85288835791682,46.34021306543134,45.8351670292802,46.251609802246094,11856300
2021-02-10,47.03133455768962,47.119937826894784,46.40223917833992,46.703495025634766,12619900
2021-02-11,47.341451572408005,47.678150094977504,47.270566249762545,47.51866149902344,21151900
2021-02-12,47.314869016610025,47.63384281335285,47.164239403149914,47.47435760498047,10001800
2021-02-16,47.74017513454004,47.81991943597851,47.456640591647314,47.50094223022461,9689100
2021-02-17,48.13002736181826,48.31609624507322,47.90851582080106,48.262935638427734,13661600
2021-02-18,47.01361194661957,47.226261138916016,46.62374946074615,47.226261138916016,17577100
2021-02-19,47.607266838809785,47.74017513454004,47.40347659735554,47.50094223022461,8680700
2021-02-22,46.13642847631399,46.24275308108801,45.74656933881042,45.755428314208984,21013600
2021-02-23,45.43644488410996,46.198445103741705,44.895956199022436,45.90605163574219,17886200
2021-02-24,44.585848666831765,44.98457016997281,44.18712716369072,44.9136848449707,25505700
2021-02-25,45.03772378572962,45.223792650987015,44.19597933528265,44.23141860961914,18494100
2021-02-26,43.55803485802037,43.806126734071476,43.12387069493263,43.47829055786133,22292800
2021-03-01,44.21371039124163,44.69217281004194,44.080802098242586,44.630149841308594,14926100
2021-03-02,44.12510358337998,44.178267576395484,43.744103416764595,43.770687103271484,14810000
2021-03-03,44.63014732026581,44.74533427569181,44.027635618034864,44.10737991333008,18773000
2021-03-04,43.540305457103905,43.6732137260685,42.663121697930194,42.840328216552734,27292500
2021-03-05,43.46056562968814,43.584611557447,42.485916157298846,43.283355712890625,21488900
2021-03-08,42.21124337343087,42.29985002761418,41.73277758083572,41.759361267089844,24025800
2021-03-09,42.335292141454346,42.982105550271214,42.26441019336406,42.66313171386719,22518600
2021-03-10,42.86691618353954,42.9466604768904,42.202381532281684,42.3264274597168,15503400
2021-03-11,43.522593781456216,43.877013657298065,43.21247892509342,43.850433349609375,28000800
2021-03-12,42.49477046160726,42.680839332795,42.228957305625094,42.61881637573242,26286300
2021-03-15,42.23781811952219,42.60110028385412,42.10491322574013,42.5390739440918,11332800
2021-03-16,42.76058968536744,43.10615055517717,42.707429074626056,42.92007827758789,19448600
2021-03-17,42.459329555024986,43.09728385965736,42.33528363579042,42.89349365234375,18425700
2021-03-18,42.787168652076815,42.946657226708524,42.51249313354492,42.51249313354492,19674400
2021-03-19,42.069473036628246,42.54793879430635,42.03403037754142,42.521358489990234,14442800
2021-03-22,42.45932388305664,42.60995346486076,42.25553370296653,42.45932388305664,14117800
2021-03-23,41.65303331621233,41.84796457557715,41.46696441227223,41.50240707397461,18525000
2021-03-24,40.77584923196519,40.784708207353184,39.95182594095429,39.969547271728516,37134400
2021-03-25,39.98725953870197,40.35939726061444,39.95181688518722,40.1733283996582,20548800
2021-03-26,40.65179841678175,41.41379864861298,40.4834474846343,41.35177230834961,39379200
2021-03-29,40.9441953855422,41.245451238268465,40.89103477505988,41.13026428222656,20909000
2021-03-30,41.05051885229201,41.37835497420821,40.88216792428275,41.29861068725586,15552900
2021-03-31,40.97963578307044,41.47582286016201,40.97963578307044,41.34291458129883,18459800
2021-04-01,42.26440400389481,42.34414829631717,41.936567859490864,42.04289245605469,19981500
2021-04-05,42.3707282917694,42.3707282917694,41.989728161860306,42.07833480834961,10611300
2021-04-06,42.025172768790746,42.503638542021314,41.83024151747501,42.1580810546875,20383300
2021-04-07,41.10368336239198,41.263171951450474,40.90875211354315,41.201148986816406,27399000
2021-04-08,41.892260590920735,41.98972620752362,41.73277201466106,41.741634368896484,20173200
2021-04-09,41.21000846725074,41.25431348253116,41.06824120634849,41.22772979736328,24017200
2021-04-12,41.07709494170743,41.2543048256487,40.899885057766156,41.174560546875,16844700
2021-04-13,41.006212495289866,41.29860933117995,40.94418953858548,41.147979736328125,19135300
2021-04-14,41.582147253084024,41.66189154401464,41.22772743117065,41.28089141845703,17805100
2021-04-15,41.32519449939078,41.520125746274076,41.254312560522884,41.33405685424805,16239700
2021-04-16,41.70619367658392,41.70619367658392,41.475823155577885,41.56442642211914,16294500
2021-04-19,41.511263680469625,41.62645063442983,41.35177509190875,41.55556869506836,13209900
2021-04-20,41.626452814197975,41.79480038649528,41.29861664498818,41.44038391113281,11086900
2021-04-21,41.07709895656399,41.5024006915934,40.926469357492344,41.4935417175293,16469800
2021-04-22,41.49354592843769,41.75049676234577,41.387217948891504,41.617591857910156,23509300
2021-04-23,42.01630536910993,42.26440058099683,41.95428241113763,42.166934967041016,14121700
2021-04-26,41.387213012638696,41.55556393684191,41.29860975358267,41.52898025512695,19239100
2021-04-27,41.55557083821569,41.76822004726511,41.55557083821569,41.69733810424805,14398300
2021-04-28,41.812517215256875,42.12263540030624,41.72391395095584,41.89226150512695,11296000
2021-04-29,42.05174699597554,42.06060934975339,41.511258335446115,41.85681915283203,19172300
2021-04-30,41.094820783551036,41.20114537359966,40.88216822345601,41.0062141418457,27070000
2021-05-03,40.811289800519766,41.041660328773666,40.68724049146206,40.784706115722656,10627400
2021-05-04,40.6606592980304,40.76698389490095,40.191055896853996,40.37712478637695,20673300
2021-05-05,40.63407753022054,40.75812345210118,40.492310279500096,40.58091354370117,10551300
2021-05-06,40.56319386064198,40.74040377623198,40.43028895894799,40.696102142333984,13465000
2021-05-07,40.74040242312465,40.99735662319605,40.7049597651842,40.802425384521484,17933500
2021-05-10,40.2264948583597,40.25307516013469,39.60626190362773,39.64170455932617,28302700
2021-05-11,38.96831217033919,39.712591126907654,38.915148180584985,39.63284683227539,17486200
2021-05-12,39.54424455445031,39.60626752072004,39.083500105019326,39.14552307128906,17073700
2021-05-13,39.118944398787136,39.24299033650497,38.46326866799506,38.58731460571289,24901700
2021-05-14,38.897431707671274,39.26956951008722,38.764523418238035,39.17210388183594,19724200
2021-05-17,39.35817314235263,39.553104400634766,39.26956986858707,39.553104400634766,16472700
2021-05-18,39.82777630906979,40.08473051145039,39.73916966342238,39.87207794189453,18898200
2021-05-19,39.42906024136307,40.06701465720483,39.36703727093383,39.98727035522461,20449200
2021-05-20,40.14675724708395,40.474593416800204,40.12903591628871,40.385990142822266,19089400
2021-05-21,40.430288385616954,40.430288385616954,39.96068160896313,39.996124267578125,15642200
2021-05-24,39.996123253060475,40.075867542922495,39.84549702776437,39.942962646484375,12100900
2021-05-25,40.84673196950831,40.970781287340536,40.740407362793285,40.89103698730469,20917200
2021-05-26,41.13912582397461,41.18342745850006,41.05938152982957,41.13912582397461,13140200
2021-05-27,41.032800720263836,41.14798429261323,40.82901049995565,41.112545013427734,14877200
2021-05-28,40.8290083549599,41.068237841885406,40.8290083549599,40.97077560424805,13713700
2021-06-01,42.14921705261851,42.16693838204548,41.847961212356026,42.04289245605469,24186000
2021-06-02,41.963148884986126,41.963148884986126,41.75049630820496,41.874542236328125,13856700
2021-06-03,41.23659539007993,41.28089702884054,41.006221460527314,41.041664123535156,20710000
2021-06-04,41.38721280753085,41.48467842000807,41.34291117822239,41.466957092285156,9955000
2021-06-07,41.059379883540295,41.068238858090965,40.81128803614664,41.0239372253418,11943900
2021-06-08,40.94418975527315,41.01507506616625,40.71381925486591,40.82900619506836,11244500
2021-06-09,40.864445470517246,41.03279639388952,40.75812088417526,40.82900619506836,12670100
2021-06-10,40.92768172410706,41.09658274859293,40.82989567110097,41.0521354675293,13073500
2021-06-11,41.04324025719639,41.087690925341946,40.84767156001736,40.954345703125,10257000
2021-06-14,40.96324176115569,41.14992238018895,40.85656421504219,41.07880401611328,14797700
2021-06-15,40.71433322611622,40.74989241020486,40.474313820183596,40.51876449584961,17225200
2021-06-16,40.234301771066676,40.3231997475432,39.75426626253768,39.89649963378906,24688500
2021-06-17,40.19873972540812,40.509874116953476,40.12762135527744,40.45653533935547,21106400
2021-06-18,40.58099065913242,40.66988522668101,40.412086233235556,40.50098419189453,16942900
2021-06-21,40.34097069163317,40.50098362386475,40.13651047625067,40.49209213256836,12181400
2021-06-22,40.056499529684686,40.23428864240207,40.03871994019096,40.16317367553711,12445900
2021-06-23,40.66987991333008,40.91878738283572,40.6432122247716,40.66987991333008,13061600
2021-06-24,40.89212790218796,41.096588134765625,40.86546020827671,41.096588134765625,11515600
2021-06-25,41.73663476786572,41.88775620286423,41.60328953254099,41.878868103027344,21358400
2021-06-28,41.8966475899599,42.05666051550886,41.861088408480086,41.976654052734375,9699400
2021-06-29,41.43438800448864,41.69218698106596,41.31882236134878,41.6655158996582,16193000
2021-06-30,41.123259378192394,41.28327233769247,41.06992398576631,41.185489654541016,13995700
2021-07-01,41.22992880463878,41.292155677590124,40.73211042991775,40.972129821777344,17653400
2021-07-02,40.37653238994791,40.5009895485311,40.30541740472549,40.43876266479492,16276500
2021-07-06,39.60313107427503,39.647578355371174,39.24754943439571,39.309776306152344,27165200
2021-07-07,39.665360393172996,39.7186991684452,39.25643995608399,39.38089370727539,17880100
2021-07-08,38.10079364412576,38.29636576246682,37.97633989285796,38.15412902832031,35008900
2021-07-09,38.909741728994035,39.33644170667563,38.776396502357926,39.2475471496582,20892100
2021-07-12,39.06975712540721,39.16754317900168,38.97197107181273,39.11420440673828,11539700
2021-07-13,39.389784271679716,39.763145516466956,39.38089278045508,39.558685302734375,17991300
2021-07-14,39.70980440382763,39.727583994119506,39.3897819519043,39.3897819519043,13427200
2021-07-15,39.71869492183688,39.887595938808175,39.603129283324925,39.77203369140625,13922200
2021-07-16,39.87871570103284,39.90538339551972,39.44312414145321,39.46979522705078,13862100
2021-07-19,38.963080645601096,38.99863643387689,38.68750209202625,38.9453010559082,19439900
2021-07-20,38.53637747020973,38.865294794527784,38.4208152232861,38.74972915649414,15981700
2021-07-21,38.46526688691359,38.90085501736231,38.411928111484805,38.865299224853516,11914100
2021-07-22,39.02531051635742,39.09642548949019,38.88307717898165,39.02531051635742,10301700
2021-07-23,38.2696939275212,38.28747351894027,37.84299390679459,38.0296745300293,23712400
2021-07-26,36.44732519449632,36.625117702935384,35.92283915971161,35.99395751953125,54676500
2021-07-27,34.411609379986615,34.900536255539286,33.99380086726133,34.811641693115234,71721000
2021-07-28,35.85172388543453,36.99847860331701,35.833944295631156,36.909584045410156,67904000
2021-07-29,36.749574610529514,36.749574610529514,36.18952934754069,36.39398956298828,31993600
2021-07-30,35.78060739313531,36.19841929753961,35.75393970259383,36.03840637207031,23611300
2021-08-02,36.438434799034816,36.70512184933405,36.36731644369644,36.55399703979492,18268600
2021-08-03,36.23397644996975,36.28731522416798,36.05618731819629,36.27842712402344,17385700
2021-08-04,36.634011622267714,36.936257917297866,36.607343928653776,36.767356872558594,25099600
2021-08-05,36.36732468534928,36.50066993627284,36.251759027289566,36.358436584472656,14741700
2021-08-06,36.26954150145932,36.32288028428818,35.84284141216108,35.93173599243164,17649400
2021-08-09,36.367318009751074,36.669564250734865,36.33175883055063,36.598445892333984,21931800
2021-08-10,37.194046194128035,37.211825781777485,36.89179998630669,36.99847412109375,19495000
2021-08-11,37.505184793177264,37.505184793177264,37.08737630447529,37.30961608886719,16984400
2021-08-12,36.89180977241774,36.90069787304536,36.660681853883986,36.74068832397461,19496300
2021-08-13,36.740688611837896,36.79402399824253,36.54511648539283,36.75846481323242,13864100
2021-08-16,36.207307438480534,36.216198929411256,35.93172886850143,36.14508056640625,20813900
2021-08-17,35.13166427612305,35.47835778488616,35.069437409991714,35.13166427612305,38465800
2021-08-18,35.55837487386077,35.727275933711695,35.380582321269294,35.416141510009766,29694400
2021-08-19,34.69607600788133,34.918315804787795,34.60718144556282,34.7049674987793,32988800
2021-08-20,34.18936843227361,34.660519092374436,34.17158884216508,34.37604904174805,33103600
2021-08-23,34.704968327972715,35.06054997685273,34.58940268130934,35.04277038574219,30171400
2021-08-24,35.789492513554215,36.296202329431374,35.789492513554215,36.26953125,37310300
2021-08-25,36.002844334891584,36.03840351353317,35.79838414436737,35.96728515625,20181900
2021-08-26,35.56725842962101,35.6828240827016,35.38946929086374,35.39835739135742,29059100
2021-08-27,35.656159301080955,35.78061306481564,35.505034451466884,35.68282699584961,16713100
2021-08-30,35.54059196429864,35.81617056466528,35.30946404126672,35.73616409301758,15599500
2021-08-31,36.278427304981165,36.46510792894066,36.207308939028785,36.39398956298828,30038800
2021-09-01,36.856248342296944,37.30072795103022,36.847360242210804,37.20294189453125,29113000
2021-09-02,37.114048041411024,37.114048041411024,36.767354482524006,36.802913665771484,16794000
2021-09-03,36.74068146066979,36.936250157939035,36.69623079250373,36.865135192871094,10362700
2021-09-07,37.46074190982601,37.82521506334832,37.43407421772523,37.73632049560547,29194600
2021-09-08,37.682978019987466,37.70075761001224,37.22961034324107,37.327396392822266,21434300
2021-09-09,36.7495735461031,37.07848750133025,36.64289939137461,36.9807014465332,23933600
2021-09-10,37.40740397946577,37.46963085087233,36.92736520766359,36.95403289794922,18903800
2021-09-13,36.8740234375,37.016256759307616,36.625115972114145,36.8740234375,18022800
2021-09-14,36.313981550626174,36.34065263227785,36.00284719060821,36.03840637207031,28698800
2021-09-15,35.61170824104634,35.82505655882082,35.41613612382776,35.78949737548828,25411800
2021-09-16,35.14944857607091,35.353908790920855,34.980544152982894,35.265010833740234,25555500
2021-09-17,35.54948154844518,35.629488015799325,35.318350246706366,35.48725128173828,23903400
2021-09-20,34.304937172158205,34.45605861507065,33.65599733455517,33.94046401977539,52657800
2021-09-21,34.278269899047174,34.429391343806444,34.15381275552078,34.3582763671875,30514400
2021-09-22,34.749422330539346,35.36280308248123,34.749422330539346,35.016109466552734,42656000
2021-09-23,34.66940902958148,34.76719508480666,34.536063792254375,34.722747802734375,28138000
2021-09-24,34.19826516254985,34.2427124490761,33.967133846836404,33.993804931640625,25009800
2021-09-27,34.16270498599492,34.54495774303249,33.949353269302364,34.482730865478516,21780800
2021-09-28,34.69608076602956,34.811646425780204,34.349387177888275,34.52717971801758,22064800
2021-09-29,34.642740031758684,34.76719377331051,34.260487316358,34.27826690673828,15947200
2021-09-30,34.5538389680377,34.85608519506276,34.5538389680377,34.607177734375,23070000
2021-10-01,34.52717611676097,34.68718904707659,34.02935773454455,34.33160400390625,27433500
2021-10-04,33.82490021409899,33.82490021409899,33.30041409878388,33.478206634521484,29372500
2021-10-05,33.69155287548568,34.08269367759843,33.673773285692825,33.94934844970703,24316000
2021-10-06,33.38931256761771,33.842680319056115,33.31819419580193,33.79823303222656,19991300
2021-10-07,34.669410446582766,35.300570694692524,34.62496316269384,35.176116943359375,41061300
2021-10-08,35.28278096533816,35.60280674316408,35.18499832532195,35.513912200927734,22003400
2021-10-11,36.05618804465131,36.10952342881381,35.46947508109103,35.48725128173828,24026700
2021-10-12,35.57615373354623,35.71838709445997,35.25612782371261,35.29168701171875,22369000
2021-10-13,35.67393182644284,36.05618453424001,35.67393182644284,36.002845764160156,26702500
2021-10-14,35.92283696656744,36.04729069754368,35.56725197139832,35.83394241333008,26950800
2021-10-15,35.99396055073375,36.34065410627592,35.87839490184958,36.180641174316406,25678800
2021-10-18,36.18064124735181,36.527334803593824,36.14508206437562,36.39398956298828,17808000
2021-10-19,36.93625600315984,37.46074209408742,36.86514102683784,37.43407440185547,34020800
2021-10-20,37.70964436491361,37.73631544455482,37.32739506189557,37.505184173583984,20715800
2021-10-21,37.36296125839895,37.55853340507196,37.28295477940643,37.46963882446289,16639300
2021-10-22,37.68298491176493,37.958563520883864,37.38073860828666,37.51408386230469,16139000
2021-10-25,37.64742631841266,37.682985505525856,37.39851879084177,37.6296501159668,15178900
2021-10-26,37.44295672473045,37.44295672473045,36.80290847215114,36.8740234375,30385600
2021-10-27,36.456214904785156,36.82957952811581,36.429547214229466,36.456214904785156,26347200
2021-10-28,36.34953993860144,36.56289163160657,36.11841204636349,36.53622055053711,23245600
2021-10-29,36.13619705258059,36.20731203350051,35.70949360261861,35.85173034667969,28991000
2021-11-01,35.77172126737262,36.5184471637337,35.7539416756604,36.500667572021484,26074900
2021-11-02,35.7983859226972,35.807274022244165,35.4605804910411,35.505027770996094,33320300
2021-11-03,35.62948854146478,35.85172835504844,35.45169601237577,35.80727767944336,24156900
2021-11-04,36.02062546469195,36.038405054773115,35.54058670583073,35.59392547607422,21496100
2021-11-05,35.49613901708344,35.53169819683595,34.90053462511413,34.97165298461914,27004600
2021-11-08,35.273898412539616,35.39835214767813,35.13166508793704,35.36279296875,26559700
2021-11-09,35.18500471835305,35.41613260482859,34.98054113006195,35.07832717895508,29751900
2021-11-10,35.407248882961554,35.70060367479942,35.18500906840451,35.39835739135742,29855600
2021-11-11,36.29620717338117,36.811801766028175,36.21620070662952,36.802913665771484,56716600
2021-11-12,36.55400684787053,36.86514464929485,36.48289186456061,36.82069396972656,26606400
2021-11-15,36.8562431207558,36.86513461069255,36.545108795166016,36.545108795166016,24685600
2021-11-16,37.051821093230984,37.158495251652745,36.78513400162142,37.00737380981445,27896300
2021-11-17,37.1318271307042,37.1318271307042,36.51844648797981,36.589561462402344,23236700
2021-11-18,36.011737755973684,36.0650765318187,35.62059690644148,35.79838943481445,35991200
2021-11-19,36.002845909294955,36.27842446915338,35.949507139000076,36.01173400878906,18672800
2021-11-22,35.87839054770868,35.958397003978995,35.371684121700035,35.549476623535156,23948900
2021-11-23,35.52280588281665,35.71837797581143,35.2472307238985,35.36279296875,22079600
2021-11-24,35.211679024701134,35.49614573433325,35.06944566988508,35.46058654785156,19579600
2021-11-26,34.616072006431146,34.68719037423036,34.22493115686671,34.46495056152344,33937200
2021-11-29,34.527176761087844,34.53606486133334,34.029358369581416,34.13603591918945,25197300
2021-11-30,34.038246398671305,34.26937428375838,33.629326006765695,33.94934844970703,39205300
2021-12-01,34.322710011016994,34.65162391525718,33.86933898925781,33.86933898925781,36357400
2021-12-02,34.296051256187944,34.56273836667854,33.82490052350695,34.10047912597656,49075500
2021-12-03,34.038249577729495,34.07380876063632,33.007057011204125,33.309303283691406,50425800
2021-12-06,33.184850022992364,33.95824361149045,33.06039288098694,33.94046401977539,40765000
2021-12-07,34.49161539777455,34.571621859368435,34.29604668474184,34.393829345703125,33573900
2021-12-08,34.3227126097037,34.7138534067631,34.198258873871616,34.544952392578125,30989100
2021-12-09,34.48272947661142,34.82053154369572,34.42939070180899,34.5538444519043,25096100
2021-12-10,34.51828470378839,34.68718571797336,34.393827576846334,34.544952392578125,20489700
2021-12-13,34.33278592742593,34.33278592742593,33.793387657995915,33.95520782470703,29845400
2021-12-14,33.46975144383291,33.910262713964386,33.442782555865406,33.87430191040039,30267000
2021-12-15,33.17308117108141,33.17308117108141,32.46287078050357,32.89439010620117,60296100
2021-12-16,33.40682543303679,33.64056382313389,33.0112668384835,33.06520462036133,37298800
2021-12-17,32.57075670720061,32.876416723492945,32.39095609242662,32.669647216796875,33069100
2021-12-20,32.14822377204576,32.18418457864025,31.806606397631974,31.977415084838867,35018200
2021-12-21,32.27407898220942,32.95731699928381,32.27407898220942,32.921356201171875,30001200
2021-12-22,32.588734642816355,32.87641423289659,32.44489484777623,32.84944534301758,20008300
2021-12-23,32.651660189482236,32.97530054454756,32.516808898401415,32.93035125732422,14961100
2021-12-27,32.75954019555289,33.14611025077734,32.75954019555289,32.840450286865234,22306500
2021-12-28,32.70559797777767,32.70559797777767,32.41791845428516,32.462867736816406,21858800
2021-12-29,32.238128356353606,32.283077653471366,31.84256631112963,32.085296630859375,23265500
2021-12-30,32.18418235687653,33.4248026634526,32.175193870554054,33.25399398803711,48073500
2021-12-31,33.02025054402207,33.334902420194126,32.867422278284025,32.88540267944336,23098000
2022-01-03,32.77751506272938,32.90337442142939,32.39094507277346,32.85842514038086,24485200
2022-01-04,32.62469210786227,32.62469210786227,32.13923156328826,32.26509094238281,35152700
2022-01-05,31.869537082195098,32.35499769803264,31.671756069206904,31.680747985839844,39640800
2022-01-06,31.995394554102212,32.42691393240497,31.84256284524287,32.23812484741211,40368500
2022-01-07,32.741558763928914,33.101159920537235,32.651660189482236,32.93035125732422,37717600
2022-01-10,33.03822849525656,33.200048664280054,32.69660775738356,32.94832992553711,35178200
2022-01-11,33.20005867492762,34.01814825192724,33.04722694502924,34.00016784667969,44663100
2022-01-12,34.65643100622022,34.89916128952302,34.42269263863846,34.75532150268555,44415400
2022-01-13,34.47663628204502,34.47663628204502,33.89228854894945,33.92824935913086,36251300
2022-01-14,34.16197653360692,34.34177709598168,34.00015637041068,34.26985549926758,33318000
2022-01-18,33.56864400018369,34.04511267372534,33.46975349901591,33.89228439331055,42130000
2022-01-19,34.05410176980529,34.23390235436524,33.91026198803951,34.0361213684082,31720000
2022-01-20,35.40259971427647,35.76219744082544,34.989057356099515,35.087947845458984,52575000
2022-01-21,35.07896690769788,35.11492771691367,34.35077595343018,34.39572525024414,39613300
2022-01-24,33.991171781235536,34.00016026714972,33.17308238660955,33.84733200073242,49727800
2022-01-25,33.71248066968638,34.11703112360479,33.60460169177843,33.8832893371582,37831000
2022-01-26,34.03612439129552,34.05410479428952,33.18207411084222,33.23601531982422,39073600
2022-01-27,33.03822818192334,33.05620858157882,32.606708878423404,32.642669677734375,37942900
2022-01-28,32.408937586942926,32.54378890991211,32.01337896466444,32.54378890991211,32211300
2022-01-31,33.19105995279999,34.126020257518256,33.09217288832964,34.10803985595703,45325300
2022-02-01,34.1979387049216,34.341778474714104,33.85631796563541,34.332786560058594,27685700
2022-02-02,34.476629199698635,34.494609601095725,33.766422206273724,34.0361213684082,24978000
2022-02-03,33.802377202917675,34.108037146354526,33.64954894590459,33.829349517822266,29765000
2022-02-04,33.793391746590004,34.25187998813603,33.73945054135654,34.14400100708008,34561500
2022-02-07,33.97319377620631,34.11703356685478,33.8023816670911,33.937232971191406,26002800
2022-02-08,33.66752755913418,34.26985549926758,33.64954715995565,34.26985549926758,28352700
2022-02-09,34.539554247167096,34.872186484185285,34.395714484735876,34.85420608520508,35321900
2022-02-10,34.32380359931481,34.97108438226784,34.269862390931664,34.43168258666992,29612300
2022-02-11,34.449660009898295,34.60249170572647,33.75742999453618,33.84733200073242,41388700
2022-02-14,33.65853712567549,33.703489840304776,33.33490021445481,33.52368927001953,32253900
2022-02-15,33.703492516089376,34.05410176980529,33.64055939649412,34.0361213684082,32642700
2022-02-16,34.00016187531822,34.39572043305852,33.91026329428076,34.25188064575195,26391300
2022-02-17,34.17996360913994,34.46764319336767,33.88329210886131,33.97319412231445,32792200
2022-02-18,33.42480059349475,33.433789079260585,32.912371169571365,33.00226974487305,43084400
2022-02-22,32.27408567625483,32.45388284528572,31.995394577199058,32.121253967285156,43295100
2022-02-23,32.38196019569802,32.417920996307025,31.725691016931822,31.743671417236328,28959300
2022-02-24,30.476087893889176,31.572865076844995,30.449115573816798,31.50993537902832,47219600
2022-02-25,31.303162422588176,31.698720969351587,31.024471342048148,31.662763595581055,37215400
2022-02-28,31.159326322852408,31.47397481435994,31.10538511170339,31.37508773803711,42867400
2022-03-01,31.294178180565517,31.689736780973963,31.13235797371401,31.312158584594727,38538900
2022-03-02,31.31215288269925,31.339121769126372,30.763762662609228,31.078411102294922,32643800
2022-03-03,30.90760434176223,30.988514435434816,30.242343190519758,30.28729248046875,37919400
2022-03-04,29.81981372404595,30.10749673796621,29.53213413953685,29.640016555786133,38165000
2022-03-07,28.965763496004623,29.289403848046582,28.51626205444336,28.51626205444336,52304600
2022-03-08,28.399394887948134,28.61515456632989,27.868985035578426,28.11171531677246,62576800
2022-03-09,28.33646663639992,28.624146222197997,28.111716745656974,28.57919692993164,40442000
2022-03-10,27.698174496461668,27.698174496461668,27.20372545053216,27.284635543823242,59032900
2022-03-11,27.47342598939386,27.536355684048356,26.11593645218409,26.1339168548584,54458400
2022-03-14,24.965214378834705,25.315823604966926,24.326923897098386,24.3808650970459,88118800
2022-03-15,23.769549443948833,24.695517916610843,23.490858338756105,24.335918426513672,116703800
2022-03-16,27.185742803587527,29.640012572885663,26.844123771564696,29.50516128540039,165327100
2022-03-17,28.525254547456345,28.534244748480692,27.73413571907435,28.417375564575195,80360700
2022-03-18,28.444344590677318,30.10749577941936,28.33646560727379,29.819812774658203,91834000
2022-03-21,28.624147091123344,28.947787492323524,28.075756792357627,28.570207595825195,79505500
2022-03-22,29.63102302650203,30.053553893612982,29.46920284034937,29.82880401611328,50885700
2022-03-23,29.379305860633774,30.26931350351781,29.1006147627732,29.640016555786133,46903400
2022-03-24,29.21748333277963,29.41526431736685,28.866874081492018,29.316373825073242,53219500
2022-03-25,28.615153165977073,28.97475261234878,28.489293788423332,28.87586212158203,34425100
2022-03-28,29.13657408447385,29.415265168142692,28.938793094166222,29.325363159179688,35459300
2022-03-29,30.071531300545264,30.323250040864973,29.8467814454282,29.954660415649414,44333700
2022-03-30,29.76587207179442,30.224360278250117,29.720922785578875,29.7928409576416,44718800
2022-03-31,29.433246247907046,29.46021513651166,28.732024279487437,28.74101448059082,42766000
2022-04-01,30.10749719816077,30.368204467886894,29.63102509263811,29.846786499023438,53655700
2022-04-04,30.539019033488334,30.916597238214273,30.36820690614056,30.862659454345703,40553900
2022-04-05,30.70083884006683,30.70982732745619,29.9906283069068,30.017597198486328,40696000
2022-04-06,29.649002661550572,29.711932351270338,29.181522516910242,29.433244705200195,43614200
2022-04-07,29.253441747414698,29.343340317028314,28.794950125917662,28.99273109436035,34133700
2022-04-08,29.04667522851468,29.307382478499058,28.93879281878568,29.019702911376953,26536000
2022-04-11,28.498286898947786,28.732025276927907,28.24656640343111,28.327476501464844,49128500
2022-04-12,28.71404573027857,28.741014619013075,28.174645664416467,28.219594955444336,41435800
2022-04-13,28.399394727435038,28.839905997351707,28.30949443327438,28.76798439025879,32892200
2022-04-14,28.70505809402431,28.767987792968515,28.42636869239752,28.444347381591797,24839600
2022-04-18,28.129696219789903,28.327475499820324,27.851005129881155,28.183635711669922,33395600
2022-04-19,27.74312518877359,27.949894662766493,27.44645542161254,27.904945373535156,29185400
2022-04-20,27.761102623638493,27.788073224784224,27.08685302734375,27.08685302734375,44591000
2022-04-21,27.03291458490417,27.131805078223096,26.241795782469147,26.286745071411133,51838700
2022-04-22,26.727253522239884,27.26665354093816,26.493513456980452,26.52947425842285,47891500
2022-04-25,25.738354506399727,26.27775454045231,25.639465729028984,26.232805252075195,54395300
2022-04-26,26.08896910289517,26.10694950663085,25.66643818863509,25.67542839050293,37826400
2022-04-27,26.16987447211677,26.700284283453712,26.16987447211677,26.493513107299805,61489600
2022-04-28,26.74523424552547,26.835134535510335,26.286744309837527,26.700284957885742,38035800
2022-04-29,28.399395669801073,28.57919626408864,27.761105103315206,27.815046310424805,66729000
2022-05-02,27.698175198295733,28.030805780776973,27.401505420279722,27.931915283203125,48913900
2022-05-03,28.309495232150354,28.489295825545526,28.09373554889947,28.33646583557129,37495400
2022-05-04,27.734135024768715,28.48929474485391,27.58130504059182,28.462324142456055,42018300
2022-05-05,27.536356860046727,27.65322776771536,26.718267365188876,26.969987869262695,52242800
2022-05-06,26.57442643214545,26.664326730811407,26.070987160203902,26.1339168548584,52125000
2022-05-09,25.567548873896477,25.810277460534547,25.07309806952533,25.180978775024414,57234900
2022-05-10,25.783306717414284,25.837246208934943,25.162996563457398,25.468656539916992,46312300
2022-05-11,26.008055714260557,26.304725479587635,25.423706384338185,25.477645874023438,42376600
2022-05-12,25.39673578214283,25.819264928303983,25.01915592493514,25.477645874023438,47234600
2022-05-13,26.035024193418927,26.63735391535797,26.017045506942793,26.619375228881836,39524800
2022-05-16,26.493515688634155,26.77220677917184,26.376646503512777,26.583415985107422,17894400
2022-05-17,27.572315775169514,27.716155563426817,27.059886315164675,27.392515182495117,38858300
2022-05-18,27.06887408936995,27.25766315151693,26.60139396209355,26.62836456298828,29222100
2022-05-19,26.745234130512756,27.37453444299522,26.736243930082388,27.239683151245117,31645700
2022-05-20,27.59928709797951,27.770095779296984,26.934025916564597,27.347566604614258,31331700
2022-05-23,27.320594632671785,27.356555436225815,27.06887586661552,27.284635543823242,23514100
2022-05-24,26.673315852005686,26.69129625395187,26.133915796558668,26.241796493530273,44341600
2022-05-25,26.484524450698498,26.68230543813805,26.35866506938639,26.574424743652344,28305100
2022-05-26,26.71826430139195,27.689183684761364,26.70028561471703,27.617263793945312,45761600
2022-05-27,27.707165610911154,27.815046310424805,27.410495830630552,27.815046310424805,20686100
2022-05-31,29.055665051462483,29.127586661257578,28.606165278476478,28.642126083374023,49882400
2022-06-01,28.803947063776242,28.875865246127155,28.138685872621487,28.345457077026367,36496000
2022-06-02,28.462323299306206,29.19051411012756,28.44434289824028,29.163541793823242,31535600
2022-06-03,28.893845907878024,28.974756007129535,28.60616631707514,28.6511173248291,32678700
2022-06-06,29.66698776128638,29.86476877710661,29.280417646407614,29.442237854003906,42953600
2022-06-07,29.37930373243044,29.91870205695881,29.27142475340695,29.891733169555664,30512100
2022-06-08,30.33224545436522,30.835682993076176,30.224363042289134,30.709823608398438,56216100
2022-06-09,30.128382664996437,30.299927958529587,29.523469213844248,29.541526794433594,49351400
2022-06-10,29.89364221538284,30.083241653047025,29.342898039578937,29.559585571289062,32614700
2022-06-13,28.774097495314205,28.99981036955855,28.105980774818633,28.268495559692383,48884100
2022-06-14,28.810209506919556,29.270665745146097,28.701867470418826,29.14426612854004,42078600
2022-06-15,29.56860932433967,29.91169644268871,29.243579785285956,29.72209358215332,47354200
2022-06-16,28.66575233454353,28.85535175961358,28.37683794087548,28.57546615600586,47397200
2022-06-17,29.68598422774216,29.7852991996965,28.86438152514244,29.099124908447266,52803400
2022-06-21,29.731128574210132,29.938785601202717,29.55958671125059,29.821413040161133,42013600
2022-06-22,29.234553696375066,29.586667894093786,29.189411468691084,29.28872299194336,33056300
2022-06-23,29.71306771104071,30.047124331128156,29.369980578876426,29.74015235900879,42129100
2022-06-24,30.2457566565847,30.597870884510765,30.17352633078884,30.5527286529541,44152600
2022-06-27,31.085412144337546,31.157639018783033,30.7062098600725,30.805524826049805,33253600
2022-06-28,31.193749179146018,31.446551809520447,30.724262516028478,30.814550399780273,28928700
2022-06-29,30.52564388770995,30.661070581869136,30.399240818043964,30.64301300048828,26596600
2022-06-30,30.33603941204719,30.624953810704298,30.011013296656415,30.61592674255371,42275600
2022-07-01,30.45341356218653,30.80552778878449,30.227698961123068,30.64301300048828,40276600
2022-07-05,30.056155563049906,30.54369990293933,29.866556134470006,30.498554229736328,44097000
2022-07-06,30.24575307503504,30.290895301246188,29.767239277760915,30.110322952270508,38022800
2022-07-07,30.489524900136644,30.93192353400993,30.426325095297603,30.7603816986084,35909200
2022-07-08,30.399235775534116,30.624950339156904,30.200609301555087,30.354093551635742,31902400
2022-07-11,29.333870242392667,29.379012472506027,28.945640863981296,29.044952392578125,49526000
2022-07-12,28.936609079446995,29.04495111578269,28.665752266542135,28.873409271240234,29610000
2022-07-13,28.313639501259697,28.91855296595395,28.268495548775697,28.65672492980957,33039500
2022-07-14,28.431009327534806,28.449066907889428,28.06986633077064,28.250438690185547,36673500
2022-07-15,27.952494040071414,28.024724362160555,27.464951420429347,28.015695571899414,35448500
2022-07-18,28.765066097704516,29.02689583228489,28.494207573442175,28.55740737915039,33670000
2022-07-19,28.728950471415878,28.89146523891526,28.54837984691197,28.846323013305664,26265400
2022-07-20,28.774094255277994,28.900492141852165,28.503235736965866,28.66575050354004,26856500
2022-07-21,28.557406329500935,28.90049171447754,28.557406329500935,28.90049171447754,23871100
2022-07-22,28.683808769481704,28.719922206215596,28.178206878682825,28.259464263916016,24651300
2022-07-25,28.42198068981052,28.51226687000226,28.250438841718434,28.49420928955078,25447100
2022-07-26,28.783121260808162,28.882436222848952,28.33169211999077,28.394893646240234,18563700
2022-07-27,28.49421032907677,28.76506887953345,28.241411081796056,28.719924926757812,24480000
2022-07-28,28.485180837007707,28.566438227936988,27.916380822568414,28.34975242614746,25356800
2022-07-29,27.302437200390056,27.48300956518881,27.148951206930825,27.428836822509766,42773700
2022-08-01,27.040608463540952,27.23020789179719,26.742665274805688,27.058664321899414,33022000
2022-08-02,26.52597719844275,27.27534954969647,26.435692742343875,26.869064331054688,54806900
2022-08-03,26.832948324700258,27.157977867015337,26.652377696131765,27.094778060913086,27209200
2022-08-04,27.66357836342484,27.85317950602825,27.347579329195124,27.519121170043945,30154000
2022-08-05,27.022551143646268,27.257294525225994,26.9593513336182,27.21215057373047,21419300
2022-08-08,27.07672009821119,27.21214849823719,26.914205329353774,26.9683780670166,18352500
2022-08-09,26.923232641810642,27.049632245291207,26.751689092754557,26.796833038330078,16900200
2022-08-10,26.498894589264907,26.70655160957444,26.291237568955374,26.661409378051758,23083700
2022-08-11,27.076721976952346,27.636494917183146,27.058664396478463,27.148950576782227,35109500
2022-08-12,26.832951938732357,27.302438735961914,26.823923147778043,27.302438735961914,19525000
2022-08-15,26.977409495291834,27.230210479052133,26.93226726200805,27.157981872558594,18439300
2022-08-16,26.769749474699907,26.941293041722513,26.724607246461883,26.841978073120117,20140400
2022-08-17,26.805865044997297,26.995464472976078,26.742665235671037,26.78780746459961,27302100
2022-08-18,26.652377812533953,26.670435392089338,26.327348268799334,26.498891830444336,25479100
2022-08-19,26.43568983951507,26.58014701988957,26.282203870108983,26.34540367126465,25977900
2022-08-22,26.480835149363152,26.68849215509899,26.480835149363152,26.544034957885742,25185800
2022-08-23,26.426663234288373,26.58014921637799,26.146775917376644,26.498891830444336,22461600
2022-08-24,26.119691056657054,26.914205607879815,26.056491250795254,26.616262435913086,30344400
2022-08-25,27.356607294832646,27.95249366760254,27.230207676992258,27.95249366760254,77117600
2022-08-26,28.575466869010228,28.638666678943846,27.681637295522588,27.71775245666504,39041400
2022-08-29,27.654549984881143,27.943466098005505,27.446892981565863,27.464950561523438,24128500
2022-08-30,27.239234506834993,27.30243431120695,26.625290597966504,26.724605560302734,50495600
2022-08-31,27.4468922240614,27.672606801104774,27.212148857288422,27.275348663330078,33956700
2022-09-01,26.923234118964245,27.058662518990246,26.67946196567812,26.9683780670166,31903100
2022-09-02,26.69752056433911,26.77877795187062,26.372491014213086,26.417634963989258,32560400
2022-09-06,26.146775432371683,26.173861801202325,25.875918632327423,25.89397621154785,28090700
2022-09-07,25.93009077970136,26.264149121597857,25.821748743781036,26.209978103637695,23371300
2022-09-08,25.767579207240562,25.97523622308107,25.659235443025768,25.87592124938965,29173500
2022-09-09,26.435693217697196,26.652379015948938,26.39054926677039,26.516950607299805,27717800
2022-09-12,26.688495170477164,26.8780963395325,26.52598037473425,26.86003875732422,25003300
2022-09-13,25.993296075192088,26.23706655235889,25.695351128086035,25.73146629333496,44055700
2022-09-14,25.749519946637808,25.794662174244497,25.568947592079855,25.758548736572266,26794500
2022-09-15,25.668261882958276,25.93008989589622,25.5689469183617,25.65923309326172,25181000
2022-09-16,25.388378183232522,25.406434041906078,25.153634799819486,25.271005630493164,28082200
2022-09-19,25.063348690580728,25.361291885375977,25.045291109789336,25.361291885375977,22361600
2022-09-20,25.2439162582901,25.37934637566824,25.08140321715419,25.162660598754883,23566800
2022-09-21,24.882776265996675,24.90986263711758,24.476491031577204,24.49454689025879,33565700
2022-09-22,24.566775832637386,24.6751195965612,24.341061236356342,24.35009002685547,19166200
2022-09-23,23.988943589501787,24.097287337944643,23.85351519549731,24.02505874633789,53997900
2022-09-26,24.250774903242892,24.44037432288962,24.133402357881568,24.169517517089844,34716700
2022-09-27,24.259805159219507,24.494546819997943,23.808375974226752,23.95283317565918,57383500
2022-09-28,23.67294529072077,24.259804595220412,23.61877427195941,24.21466064453125,28951300
2022-09-29,23.528485753380025,23.55557212110052,23.221513807476267,23.42917251586914,35587900
2022-09-30,23.248600687648583,23.609743654888277,23.2395718982094,23.347915649414062,30430900
2022-10-03,23.302774091020208,23.51945989357681,23.15831688931581,23.44723129272461,24684200
2022-10-04,23.997973119810347,24.620945817947987,23.961859683924455,24.395231246948242,62108200
2022-10-05,24.530661527875434,24.72928974565644,24.350089168390415,24.575803756713867,36720500
2022-10-06,24.39523446389623,24.58483390194665,24.31397706985584,24.386205673217773,23202100
2022-10-07,24.04311605021276,24.151459805178483,23.772259245896798,23.808374404907227,34014800
2022-10-10,23.393060163245245,23.402088953567773,23.004830789704915,23.086088180541992,32658300
2022-10-11,22.63465500476887,22.73396995873497,22.300598432080772,22.454084396362305,38691800
2022-10-12,22.345742691172536,22.60757242202419,22.264485307257573,22.309627532958984,26592400
2022-10-13,21.614427394758554,22.300599884345466,21.46997020979978,22.120027542114258,42197100
2022-10-14,22.417972091090245,22.436029670845894,21.794999366045136,21.81305694580078,28036100
2022-10-17,22.327686573323927,22.6256297598228,22.30060192495671,22.481172561645508,29210200
2022-10-18,22.72494282062599,22.77911383487612,22.156142865835868,22.300600051879883,30537000
2022-10-19,21.749858871430863,21.83111626473908,21.298429673969974,21.361629486083984,39803300
2022-10-20,21.433856851817776,21.903343603378147,21.406770481589653,21.4609432220459,30604700
2022-10-21,21.316485105005732,21.60539948670787,21.15397033478189,21.596370697021484,31666500
2022-10-24,19.63717156153024,19.646200352804133,18.905856689003414,19.43854331970215,101762200
2022-10-25,19.871915639297423,20.02540165200334,19.727458418170194,19.8087158203125,39349500
2022-10-26,19.83579805756652,20.72962765022383,19.808713408194475,20.549057006835938,65959400
2022-10-27,20.097627566496918,20.39557076036138,19.989283804152713,20.007341384887695,52382400
2022-10-28,19.312138768796586,19.456595961147155,19.16768157644602,19.447568893432617,35759000
2022-10-31,18.887798194746516,19.104484008663025,18.842655962621905,18.914884567260742,36103700
2022-11-01,19.998309411972038,20.106653157074327,19.691337476591865,19.71842384338379,52793400
2022-11-02,19.889973222454802,20.23305869211549,19.754543070840356,19.8087158203125,62052300
2022-11-03,19.501741178767997,20.1156851472319,19.492712388400506,20.007341384887695,45230100
2022-11-04,21.442882029367727,21.533168192851818,20.95533777979285,21.524139404296875,82292500
2022-11-07,21.82208365390213,22.002655990101236,21.5241405046194,21.632482528686523,37483900
2022-11-08,21.479002960607122,21.740831010860713,21.27134421212196,21.614431381225586,28763700
2022-11-09,21.072710880690842,21.135910680224853,20.720596727821132,20.729623794555664,49711100
2022-11-10,21.731799713445092,22.038771683210825,21.641513536090653,21.993629455566406,53806200
2022-11-11,22.842314929772996,23.122202250362427,22.71591531535557,22.977745056152344,66301300
2022-11-14,23.203461934021597,23.320832770159953,22.977747330469114,23.10414695739746,39972200
2022-11-15,24.31397699963973,24.494547646490222,24.016033796373975,24.29591941833496,65263900
2022-11-16,24.061171923244693,24.10631586880602,23.672942601744513,23.754199981689453,33901700
2022-11-17,23.239572517516237,24.35911660682655,23.221514938156663,24.313974380493164,51788600
2022-11-18,23.81740437088759,23.826433161738894,23.48334771971824,23.55557632446289,50705300
2022-11-21,23.257631113386847,23.42014589059487,23.104145126253226,23.19443130493164,42197100
2022-11-22,22.824260372631613,23.031917385883247,22.724945400178356,22.968717575073242,27663300
2022-11-23,23.185403298955592,23.347918081659643,23.11317469798331,23.266660690307617,23211100
2022-11-25,22.986768925253763,23.05899923437317,22.860369328425506,22.86939811706543,18347200
2022-11-28,22.743001579258458,23.35694551282843,22.72494399954979,23.068029403686523,31337800
2022-11-29,24.14243383301061,24.359119646165187,24.07923401943208,24.241748809814453,57973200
2022-11-30,25.04529317215655,25.614094959463912,24.99112214738732,25.42449378967285,85043200
2022-12-01,25.10848980117292,25.298090946898878,24.909861587519366,25.045289993286133,52796700
2022-12-02,24.819575248175877,25.912034721326844,24.765404230634733,25.758548736572266,63439100
2022-12-05,26.15580569189137,26.182892062244218,25.559919320653822,25.677291870117188,34671300
2022-12-06,26.09260551376994,26.2370627094756,25.803691122358618,26.0023193359375,42318600
2022-12-07,25.316147235158247,25.614090401469173,25.17168832470352,25.442546844482422,45339100
2022-12-08,26.16483244233746,26.372489432657876,26.020375255847995,26.273176193237305,58069000
2022-12-09,26.525976344357296,26.616262519614743,26.119691138797116,26.13774871826172,40721300
2022-12-12,25.966202696267764,25.984260274020773,25.550887018275496,25.830774307250977,43727900
2022-12-13,26.654094400723917,26.856926725082094,26.00871610551659,26.14701271057129,52967700
2022-12-14,26.220770149636028,26.451262147326357,26.09169343513966,26.31296730041504,43071400
2022-12-15,26.395941508488722,26.626433494886165,25.58461049011602,25.68602752685547,57039200
2022-12-16,25.87963975676557,26.091691960613463,25.750564808078032,25.759784698486328,31091900
2022-12-19,25.90729981868201,25.944177622357028,25.58461068358261,25.61227035522461,21400800
2022-12-20,25.234264141220443,25.556951524274364,25.206604469023958,25.22504425048828,29347600
2022-12-21,25.446317490563224,25.953399193910105,25.29880274927997,25.934959411621094,32659000
2022-12-22,26.017936840824728,26.147013559163963,25.575392614127328,25.77822494506836,25586100
2022-12-23,25.916520029413427,25.98105750552777,25.603050780988625,25.630708694458008,17315100
2022-12-27,26.18389155246044,27.022882314342265,26.0916943982781,26.84770965576172,59256500
2022-12-28,26.561900605221904,26.64487787532982,25.962621688842773,25.962621688842773,46898800
2022-12-29,26.359063600950794,26.755510097350367,26.25764656461203,26.74629020690918,44262100
2022-12-30,26.276088182862843,26.506580184466902,26.03637629017289,26.091693878173828,32770400
2023-01-03,26.792390684007707,27.23493667858841,26.773952659724138,27.032102584838867,41414500
2023-01-04,27.98172847496786,28.756181716918945,27.843433630015387,28.756181716918945,70109100
2023-01-05,28.295198150880744,28.79305995185203,28.22144078190298,28.6916446685791,37011500
2023-01-06,28.442712693703193,28.811499536061913,28.203000806541432,28.76540184020996,39044800
2023-01-09,29.09730911907562,29.143408573441945,28.7285222767169,28.76540184020996,36571700
2023-01-10,28.89447558841297,29.152627246537623,28.719301186167158,29.124967575073242,35854800
2023-01-11,29.217167740141534,29.530635256553634,29.078872885559683,29.420000076293945,40911100
2023-01-12,29.27248523854397,29.27248523854397,28.885258591819504,29.17106819152832,52925100
2023-01-13,29.281703394290883,29.632050454601305,29.27248350342556,29.585952758789062,51831500
2023-01-17,29.171066643516966,29.19872631628465,28.885257058975114,28.940574645996094,48179600
2023-01-18,29.244827001348064,29.318584377752533,28.645548098247424,28.654767990112305,33976600
2023-01-19,28.95901545324734,29.31858241938716,28.940575670749286,29.22638702392578,48123500
2023-01-20,29.63204962854449,29.97317678847994,29.530632590367524,29.954740524291992,59463200
2023-01-23,30.19445050067178,30.46182205148216,30.019277855500484,30.286645889282227,32347300
2023-01-24,30.08381423760062,30.305084569035536,30.010055115769976,30.2313289642334,24177600
2023-01-25,30.148353186070107,30.31430770128193,29.86254185053226,30.295867919921875,22232000
2023-01-26,30.62777667228927,30.738411842416518,30.43416072828078,30.69231414794922,34186800
2023-01-27,30.75685596641044,30.775295750206748,30.471044593111408,30.636999130249023,30644900
2023-01-30,29.696587896261917,29.816444718851926,29.39233853213136,29.502975463867188,60027600
2023-01-31,29.30014451073386,29.47531716961154,29.115750202056404,29.31858253479004,39135900
2023-02-01,29.733468725171758,30.129915256203027,29.530634634775605,29.97317886352539,43140700
2023-02-02,29.76112647844515,29.77034812815601,29.26326466343948,29.383121490478516,46926200
2023-02-03,28.97745354886705,29.12496828323524,28.61788660365887,28.663984298706055,45202600
2023-02-06,28.027825409824125,28.29519696018872,27.871090787527642,28.23065948486328,38468200
2023-02-07,28.47037124633789,28.571788289703996,28.12002417786817,28.47037124633789,26173500
2023-02-08,28.24909958341148,28.295199039541906,27.935630315782337,28.07392692565918,21434700
2023-02-09,28.811499464380603,28.903696614369498,28.50725010037732,28.59944725036621,42052600
2023-02-10,28.064705998761685,28.110803694676527,27.631379919698897,27.788114547729492,42700100
2023-02-13,28.17534235976456,28.36895655949807,28.037047507677453,28.249099731445312,25953400
2023-02-14,27.797335432242512,28.07392689316158,27.677480363471027,27.990949630737305,23639900
2023-02-15,27.566842128344216,27.769676208496094,27.493084760611087,27.769676208496094,29624100
2023-02-16,27.56684244201237,27.972508848417622,27.502304964325837,27.788114547729492,26926900
2023-02-17,27.299474919285156,27.373232294014645,27.050543120130175,27.225717544555664,35919100
2023-02-21,27.004441942920913,27.21649414814726,26.88458512534825,26.91224479675293,29086200
2023-02-22,26.87536750657333,26.967564660534457,26.571118129461727,26.68175506591797,28235900
2023-02-23,27.08741819061377,27.142737534955863,26.349844517862667,26.534238815307617,32680800
2023-02-24,25.81510540851909,25.99027983046096,25.584613395943027,25.732128143310547,47134000
2023-02-27,26.100911543977027,26.128571214876526,25.934957035608566,26.073253631591797,29314700
2023-02-28,25.833544292291364,26.017936840824728,25.704467573952126,25.77822494506836,29855600
2023-03-01,26.976784616508322,27.03210220561194,26.72785282777034,26.84770965576172,52401000
2023-03-02,26.810829905512325,27.364011068271324,26.755512316790757,27.33635139465332,33063200
2023-03-03,27.262591340294993,27.36400837506495,27.18883397642073,27.299470901489258,19891200
2023-03-06,27.124298957857366,27.28103359009046,26.967564325624274,26.995223999023438,22389700
2023-03-07,26.838491331157275,26.85692935625848,26.469702692900317,26.506582260131836,36243400
2023-03-08,26.19311020969624,26.331405055197045,26.128572732363487,26.22076988220215,22861200
2023-03-09,25.8058838593648,25.8058838593648,25.178945344066708,25.252702713012695,51528000
2023-03-10,25.20660279606994,25.437094773533264,25.077527851415038,25.234262466430664,36041000
2023-03-13,25.271143917325507,25.584613192618935,25.206606435679415,25.391000747680664,45574600
2023-03-14,25.326461420225915,25.60305288727444,25.234266023057554,25.55695343017578,24365000
2023-03-15,25.13285021071816,25.243485396161436,24.88391840569895,25.1973876953125,45984600
2023-03-16,25.04987094738743,25.55695265039961,25.031431165110586,25.52007484436035,30243900
2023-03-17,25.64914831580734,25.713685791519165,25.271141593625817,25.455535888671875,27744000
2023-03-20,25.24348335281311,25.65836966092859,25.15128795857805,25.437097549438477,25374700
2023-03-21,25.676810120872805,25.86120267272405,25.59383285705968,25.79666519165039,30148500
2023-03-22,26.036377123017186,26.257649240613343,25.861202703810633,25.879642486572266,21821700
2023-03-23,26.746290867359143,27.022880553367447,26.469699422836502,26.69097328186035,42660300
2023-03-24,26.386726980829152,26.672536590618233,26.386726980829152,26.580339431762695,19786700
2023-03-27,26.073254608357296,26.14701197500482,25.898080203126554,26.036375045776367,28465400
2023-03-28,26.80161037661653,27.124299539131002,26.690975197677805,27.105859756469727,45880000
2023-03-29,27.00444659944182,27.234938625349596,26.820052275309763,27.115081787109375,31586300
2023-03-30,27.391670744529733,27.668262222949977,27.30869523536967,27.576065063476562,38117000
2023-03-31,27.364012402359144,27.45620956039964,27.15196016982617,27.225717544555664,27696400
2023-04-03,27.19805691126164,27.262594392061644,27.01366260167781,27.105859756469727,27890700
2023-04-04,26.856925261268906,27.05975933308617,26.746290093472478,26.98600196838379,39701900
2023-04-05,26.92146480345232,26.92146480345232,26.506578523162318,26.67253303527832,34422400
2023-04-06,26.70019298785124,27.1150792998334,26.635655507879445,27.004444122314453,29216900
2023-04-10,26.792387979180265,26.92146468722116,26.700190833012286,26.91224479675293,23139700
2023-04-11,27.16117704853371,27.22571628714149,26.903027128160353,26.93068504333496,31524000
2023-04-12,26.77395615882241,26.810833970723603,26.119357852057917,26.193115234375,44014100
2023-04-13,26.737073464482634,26.856928537301176,26.663316090783262,26.801610946655273,29611900
2023-04-14,26.67253394065229,26.718631636242897,26.377504468437927,26.46969985961914,21020200
2023-04-17,27.09664179737383,27.198058850728334,26.96756682656962,27.188838958740234,30774900
2023-04-18,27.299473405866983,27.345571103074423,27.0136620559347,27.078201293945312,17830500
2023-04-19,26.70941064514443,26.82004757192438,26.626433389688042,26.74629020690918,19982800
2023-04-20,26.75551362457585,26.930686290508838,26.488142042076255,26.57111930847168,23301800
2023-04-21,26.211549060561765,26.276086535602712,26.0455945484483,26.183889389038086,27016700
2023-04-24,26.03637613877854,26.0548159208431,25.83354381161157,25.916521072387695,24197800
2023-04-25,25.44631804261576,25.48319584947942,25.15128855364865,25.2158260345459,42267400
2023-04-26,25.842762662637845,25.88886035742971,25.575391109004904,25.630708694458008,30506600
2023-04-27,25.71368490365126,26.06403370043871,25.676807101023996,25.990276336669922,23274900
2023-04-28,25.95339972110356,26.137794030710456,25.888862240295484,26.119354248046875,20474700
2023-05-01,26.036376488855467,26.239208818749656,25.99027879158865,26.01793670654297,20397600
2023-05-02,25.741345267028578,25.750565157562,25.326458985596005,25.529293060302734,32574500
2023-05-03,25.45553663393376,25.584611589136337,25.34489970196414,25.40943717956543,23905400
2023-05-04,25.916521223085123,26.174671139432444,25.907301331999232,26.091693878173828,32223000
2023-05-05,26.257648765117995,26.478920878707175,26.137793696366774,26.432823181152344,19259500
2023-05-08,26.73707340486496,26.746293296371135,26.534241067272582,26.635656356811523,21775100
2023-05-09,25.99027788686268,26.24842779619369,25.94417843268616,26.22076988220215,22820100
2023-05-10,25.94417789783838,26.137792084359585,25.851982508414725,26.036375045776367,22425600
2023-05-11,26.01793606621933,26.34062521468867,25.971838370087017,26.31296730041504,27595000
2023-05-12,25.92574369528006,25.934961828769275,25.566174941190063,25.62149429321289,30844600
2023-05-15,26.331404616630415,26.792388599631366,26.202329664114735,26.773950576782227,48130400
2023-05-16,26.27609001092843,26.57111951214495,26.266870119201098,26.49736213684082,26522600
2023-05-17,26.045595473360127,26.257647687028992,25.96261821435677,26.22076988220215,26237600
2023-05-18,26.183891398473463,26.211551072119835,25.722907388787263,25.861202239990234,34716900
2023-05-19,25.71368622191284,25.787443589462942,25.63070896360468,25.7229061126709,22347100
2023-05-22,26.110132914812375,26.386724363948268,26.100913023989744,26.137792587280273,23553200
2023-05-23,25.649151431397215,25.722908806672045,25.335682146850548,25.34490203857422,36146200
2023-05-24,25.077530034200393,25.13284762122253,24.791718691138186,24.837818145751953,37998100
2023-05-25,24.634985544980974,24.64420543645857,24.28463846140484,24.33073616027832,35351900
2023-05-26,24.459812802233888,24.819379776108413,24.367615646274793,24.73640251159668,25118900
2023-05-30,24.34917233812488,24.41370981039821,23.88818838358482,24.008045196533203,41485900
2023-05-31,23.851314655697447,23.952729947229354,23.51940558901059,23.943510055541992,37719400
2023-06-01,23.9435089207606,24.65342472041076,23.934289029510207,24.5520076751709,43154100
2023-06-02,25.197384151582185,25.46475570274398,25.197384151582185,25.289581298828125,58101800
2023-06-05,25.13284764791836,25.29880216767543,25.03143060617473,25.252702713012695,20666900
2023-06-06,25.23426424789704,25.870420884476385,25.17894490327021,25.805883407592773,39715000
2023-06-07,25.67053596485692,25.920843200870284,25.485121494686677,25.49439239501953,30327200
2023-06-08,25.65199368787251,25.88376088716003,25.633451887551093,25.763242721557617,31269800
2023-06-09,25.883759091556442,25.97646631848886,25.753970034797025,25.791051864624023,20194300
2023-06-12,25.79105267250231,25.855947202914773,25.716887242281874,25.726158142089844,18288700
2023-06-13,26.041359409706196,26.24531388310712,25.957923086896006,26.022817611694336,22651900
2023-06-14,26.022819694080255,26.486354072010414,25.98573786333237,26.375106811523438,35568800
2023-06-15,26.820099888757603,26.95915985107422,26.662498126600543,26.95915985107422,39549400
2023-06-16,27.10749208815242,27.116762988542845,26.690312180043982,26.801559448242188,31172900
2023-06-20,26.0413617498748,26.115527180343825,25.596369167060626,25.651992797851562,52582900
2023-06-21,25.512934195685244,25.70761779794491,25.429497860932976,25.49439239501953,21544700
2023-06-22,25.410951875725036,25.503659095543618,25.244079233700216,25.438764572143555,15063200
2023-06-23,25.05866638412927,25.077206413366643,24.808357422871833,24.910335540771484,28700500
2023-06-26,25.030857807619633,25.22554140847761,24.993774206555205,25.040128707885742,18872600
2023-06-27,25.4665753451175,25.59636615936979,25.401680822112926,25.587095260620117,26468300
2023-06-28,25.383139980464964,25.392410879563748,25.206998202317617,25.373870849609375,16775600
2023-06-29,24.95669127828459,25.05866940849211,24.91960767884791,24.97523307800293,24342100
2023-06-30,25.18845702641758,25.32751697984855,25.114291600038182,25.206998825073242,19670600
2023-07-03,25.73542805989315,25.930111643701863,25.63344993414005,25.68907356262207,26578800
2023-07-05,25.438764772716663,25.44803567159593,25.290433927134664,25.392410278320312,21147100
2023-07-06,24.77127763046419,24.88252666418155,24.567323131599668,24.660030364990234,36824200
2023-07-07,24.78981836232666,25.346059970452117,24.78981836232666,25.197729110717773,41733500
2023-07-10,24.910336862549247,25.244080393691604,24.882524164852708,25.17918586730957,16661500
2023-07-11,25.197727044275833,25.355328790849217,25.003041701688385,25.346057891845703,22158100
2023-07-12,25.84667659218889,26.161880116211965,25.75397112955898,26.10625648498535,47207200
2023-07-13,26.412188422078945,26.718121038232628,26.39364662273792,26.6995792388916,33461500
2023-07-14,26.365838001145747,26.365838001145747,26.152610826535685,26.226778030395508,28189200
2023-07-17,25.91157028110885,26.15260658155543,25.753968534974902,26.096982955932617,26913300
2023-07-18,25.707615407890266,25.781780835414466,25.33678827026927,25.51293182373047,33862400
2023-07-19,25.84667472992332,26.022818279066954,25.670532949022913,25.6798038482666,30152300
2023-07-20,25.5592825643711,25.689071610380253,25.45730444636783,25.587095260620117,16840400
2023-07-21,25.79105118476233,25.84667481215821,25.54074220911602,25.60563850402832,13657600
2023-07-24,25.383140020141287,26.375105006343595,25.318245494591544,26.152606964111328,43746400
2023-07-25,26.857181255106887,26.931346684940976,26.440001375381375,26.477083206176758,30971600
2023-07-26,26.393647165474754,26.912806948239176,26.3843762656136,26.857181549072266,27951900
2023-07-27,26.857182809814585,26.89426641099999,26.365837471812004,26.42146110534668,30760100
2023-07-28,27.487590587028638,27.88623046875,27.45977965367174,27.88623046875,61381000
2023-07-31,27.89549865950225,28.312680301765315,27.793520531783876,28.201431274414062,41714600
2023-08-01,27.70081069598591,27.756436088546696,27.459774401195045,27.515398025512695,34340600
2023-08-02,27.024049668076735,27.0333205663797,26.634680780567436,26.671764373779297,42678300
2023-08-03,27.18165491104004,27.496858421051552,27.144573081285127,27.394880294799805,40630500
2023-08-04,27.283631999881724,27.413421051453845,26.986970300149327,27.005510330200195,34826700
2023-08-07,27.190924735699365,27.190924735699365,26.690308560215776,26.903533935546875,20298900
2023-08-08,26.282397802516225,26.43072865194985,26.087712457482592,26.402915954589844,28574500
2023-08-09,26.653223915990765,26.699576641590884,26.28239680646039,26.514163970947266,23902600
2023-08-10,26.82937032577487,27.200197474968867,26.61614316777541,26.727392196655273,28872800
2023-08-11,26.03208939758386,26.04136029690564,25.69834409497277,25.883758544921875,55058200
2023-08-14,25.494390319385047,25.76324110241898,25.355330362200696,25.64272117614746,31447000
2023-08-15,25.494389023148667,25.494389023148667,25.15137282917384,25.22553825378418,32245600
2023-08-16,24.780546270415417,24.93814802233164,24.66002811577042,24.70638084411621,38493600
2023-08-17,25.24408339084162,25.24408339084162,24.85471441807764,24.89179801940918,32698300
2023-08-18,24.289201014075275,24.437531866855682,24.17795199036835,24.279930114746094,57397500
2023-08-21,24.057432860936064,24.25211643423191,23.96472563964335,24.24284553527832,32839200
2023-08-22,24.428263094650283,24.47461582708917,24.14087226339371,24.233577728271484,26940400
2023-08-23,24.44680253593091,24.836171462872986,24.428260737447186,24.752735137939453,42683100
2023-08-24,24.9937722111738,25.077208538664188,24.76200502775456,24.863983154296875,30726200
2023-08-25,24.845439789055114,24.873252485879767,24.53023629801507,24.817628860473633,36757700
2023-08-28,25.225539070081062,25.52220254636564,25.142104511907295,25.410953521728516,36505900
2023-08-29,25.71688615146268,25.99500782917488,25.587097096142944,25.911571502685547,55139700
2023-08-30,25.56855709905624,25.809595196094772,25.559286198988215,25.735429763793945,34461400
2023-08-31,25.50366002235509,25.540741850684203,25.281163747650787,25.401681900024414,38649400
2023-09-01,25.83740671118714,26.375106512765726,25.82813581154435,25.99500846862793,52021000
2023-09-05,25.735428143436557,25.79105177209915,25.51293186054292,25.61490821838379,44260000
2023-09-06,25.661262632502694,25.930111643701863,25.596368104566455,25.68907356262207,22802100
2023-09-07,25.086480805896336,25.095751705927746,24.86398450987264,24.95669174194336,41747200
2023-09-08,24.93814896180971,25.0123143909029,24.743465373531322,24.919607162475586,31705700
2023-09-11,25.308974838518466,25.41095296150061,25.142103957606626,25.25335121154785,27084000
2023-09-12,25.132833436959338,25.392411545560826,25.123562537617392,25.308975219726562,17904900
2023-09-13,25.08647800237184,25.206997921068155,25.030854376642946,25.095748901367188,23061800
2023-09-14,25.262622491260082,25.410953344244717,25.160644366741927,25.308975219726562,27622500
2023-09-15,25.271894540584945,25.327518170924495,25.1235636808506,25.197729110717773,28634700
2023-09-18,24.99377124105576,25.105020262805976,24.854711290050403,25.077207565307617,24987800
2023-09-19,25.05866642920946,25.169913677806367,24.956688311126353,25.012311935424805,16978200
2023-09-20,25.003044909976378,25.13283574443663,24.83617401123047,24.83617401123047,17849700
2023-09-21,24.344825949942365,24.44680407979976,24.298471450805664,24.298471450805664,32333000
2023-09-22,25.290435354642604,25.290435354642604,25.10502090307789,25.16064453125,53787100
2023-09-25,24.60440558357858,24.80836007292134,24.60440558357858,24.771276473999023,29073300
2023-09-26,24.46534454229069,24.604406273907717,24.363368178879806,24.42826271057129,31122200
2023-09-27,24.53023945117284,24.548781251439333,24.30774315270509,24.48388671875,23269800
2023-09-28,24.19649678085643,24.381909485636083,24.13160224577138,24.34482765197754,26391200
2023-09-29,24.80836012462515,24.81763102437505,24.48388570635195,24.595134735107422,25147100
2023-10-02,24.53023478076058,24.61367109783063,24.354093016495423,24.446800231933594,21818700
2023-10-03,23.872020721435547,23.946186151976292,23.797855290894802,23.872020721435547,34779900
2023-10-04,23.797853167235065,24.910336294314437,23.64025142036954,23.66806411743164,23401300
2023-10-05,23.658793060097278,23.825665704866868,23.621709464262626,23.816394805908203,22023600
2023-10-06,23.93691474240743,24.40044911547727,23.90910381169896,24.317012786865234,37514900
2023-10-09,24.09451578426119,24.335553863286744,24.06670308613558,24.307741165161133,14270000
2023-10-10,24.622944275337623,24.95668957450981,24.604404245128343,24.928876876831055,39316500
2023-10-11,25.15137244767333,25.29043416392121,25.021583398634696,25.16991424560547,33401000
2023-10-12,25.253351791427622,25.281164489673188,24.660028374801634,24.734193801879883,43058600
2023-10-13,24.54878044128418,24.734194901343315,24.4653441110819,24.54878044128418,23602800
2023-10-16,24.437531836872797,24.79908806905103,24.326282813302363,24.70638084411621,23863400
2023-10-17,24.391176664908283,24.622943836706234,24.363365735968173,24.520967483520508,22490300
2023-10-18,24.279930745987162,24.317012576024712,24.03889266189157,24.11305809020996,34008800
2023-10-19,23.816395087491042,23.927642339823937,23.668064238885055,23.69587516784668,36031400
2023-10-20,23.40848327381791,23.519732289185797,23.20452880859375,23.20452880859375,49214100
2023-10-23,23.22307095945799,23.473379940723557,23.037658274561597,23.408485412597656,25976600
2023-10-24,23.473377979234684,24.224303092039104,23.46410708052807,24.159408569335938,67500500
2023-10-25,23.630980521348842,23.807124066255767,23.501191471545418,23.66806411743164,37831600
2023-10-26,23.6309820827986,23.825667438611028,23.556816653975606,23.714418411254883,24399300
2023-10-27,24.075975300672823,24.15941163136416,23.723689946387562,23.797855377197266,28660400
2023-10-30,24.1686825296423,24.215037029047384,23.890562606185195,24.04816436767578,34728900
2023-10-31,23.621710805136487,23.686605333287662,23.33431999407704,23.658794403076172,50281100
2023-11-01,23.501193569416063,23.62171173095703,23.389944539480034,23.62171173095703,27122500
2023-11-02,23.834937122043502,23.946186151976292,23.732960760202065,23.872020721435547,38056400
2023-11-03,24.233577347253476,24.49315724226277,24.233577347253476,24.42826271057129,53456100
2023-11-06,24.6600278979853,24.697109726685795,24.446802520288582,24.502426147460938,24230400
2023-11-07,24.317010800850664,24.47461254555252,24.150138157255387,24.391176223754883,20525900
2023-11-08,24.252116312247946,24.4097180571799,24.159409091421534,24.21503448486328,25290600
2023-11-09,24.177954074269778,24.279932207437035,23.816397810485356,23.88129234313965,42983200
2023-11-10,23.732961565842995,23.84420883130885,23.621712532133735,23.807126998901367,28761800
2023-11-13,24.011080681984446,24.28920237268682,23.927644351598065,24.122329711914062,28339800
2023-11-14,24.326283607459438,24.715652550302448,24.298470908598045,24.64148712158203,52626700
2023-11-15,25.04012557637993,25.420223598538325,24.975231050876282,25.22553825378418,58100300
2023-11-16,24.22430598735305,24.548780407893528,24.06670422699015,24.196495056152344,77727600
2023-11-17,24.205763585956323,24.400447158272943,24.085243668409035,24.21503448486328,50450400
2023-11-20,24.483883649772128,24.780545343876852,24.437530923159457,24.74346351623535,38809300
2023-11-21,24.354097195636704,24.520969858412,24.20576633277941,24.252119064331055,28713200
2023-11-22,24.40971862328861,24.47461314889918,24.2150350464569,24.372636795043945,23136600
2023-11-24,24.233574280083737,24.456070546969585,24.224303381266434,24.437530517578125,16130200
2023-11-27,24.122329711914062,24.187224242604945,24.057435181223177,24.122329711914062,24845900
2023-11-28,23.936914267859283,23.94618516732608,23.723688884852734,23.834936141967773,32291400
2023-11-29,23.315778093113448,23.4455689170913,23.213801735711957,23.232341766357422,43465200
2023-11-30,23.315777547427885,23.38067207377638,23.07473947224546,23.325048446655273,34792900
2023-12-01,22.94495040357015,23.102552153839554,22.79661955252168,23.074739456176758,49155300
2023-12-04,22.639016922323957,22.740995041547325,22.518498773622557,22.537038803100586,39855900
2023-12-05,22.092050714617457,22.24038158976123,22.03642707849942,22.194028854370117,39972900
2023-12-06,22.37016562479645,22.42579101662894,22.194023855389574,22.20329475402832,37869100
2023-12-07,22.221836609211557,22.296002036173203,22.166212981051135,22.277462005615234,21679500
2023-12-08,22.064234462826132,22.129130757474332,21.943716309251634,21.971529006958008,31181000
2023-12-11,21.869551519288294,22.08277690317191,21.832467921268567,22.05496597290039,28928500
2023-12-12,22.08277483996771,22.212563884423957,21.943714896872713,22.20329475402832,33847600
2023-12-13,21.971527668871804,22.12912940979004,21.67486421613392,22.12912940979004,37522600
2023-12-14,22.082777659107133,22.435064779380916,22.073506759284843,22.416522979736328,43377600
2023-12-15,22.527768527065444,22.657559346458918,22.370166778564453,22.370166778564453,37643600
2023-12-18,22.286731738548465,22.286731738548465,22.04569367147801,22.138399124145508,39194300
2023-12-19,22.258920759298736,22.48141704570622,22.221837160775838,22.4350643157959,35574000
2023-12-20,22.108898472439353,22.175462607749907,21.785585403442383,21.785585403442383,50314600
2023-12-21,22.261044590473844,22.555829382415194,22.19448045813901,22.54631996154785,49913000
2023-12-22,21.75705419599065,22.023312514946674,21.699999489691653,21.918710708618164,53062300
2023-12-26,22.089877462351563,22.223007533646342,21.94723978443389,22.080368041992188,26351200
2023-12-27,22.108898162841797,22.20399056069812,22.023315186144767,22.108898162841797,36421800
2023-12-28,22.565339604321426,22.79356027202947,22.555830183116512,22.707977294921875,45978300
2023-12-29,22.66042976984386,22.888650415064742,22.65092034957593,22.850614547729492,29996300
2024-01-02,22.289572912943132,22.318099361885206,22.080369280772825,22.099388122558594,45905700
2024-01-03,22.137429029667487,22.527306274364765,22.118410185112293,22.50828742980957,38481300
2024-01-04,22.289574535506752,22.413193388639897,22.203991554977378,22.2135009765625,40730000
2024-01-05,22.251534605448498,22.29908170857972,22.080368661649146,22.08987808227539,38718600
2024-01-08,21.604909976465706,21.842640067018202,21.52883642003837,21.81411361694336,45391400
2024-01-09,21.40521817550584,21.45276346946442,21.338654038469148,21.376689910888672,43389100
2024-01-10,21.452760263563956,21.481288523917865,21.32914142950323,21.38619613647461,35950600
2024-01-11,21.680982540716688,21.738039065728625,21.509818406890577,21.709510803222656,36648800
2024-01-12,21.77607455367927,21.909204629303947,21.614418029785156,21.614418029785156,35115400
2024-01-16,21.196015130492942,21.196015130492942,20.910737941848566,20.939266204833984,63424100
2024-01-17,20.197547382035694,20.454296303769134,20.169019119486453,20.397241592407227,58520900
2024-01-18,20.530370906907063,20.587425621187176,20.406750243274047,20.473316192626953,42409800
2024-01-19,20.264112118449606,20.69202700076421,20.15951211345675,20.61595344543457,54982200
2024-01-22,19.902762741016407,20.15951166468973,19.836198608301824,20.102455139160156,53020800
2024-01-23,20.777609436171005,21.072394228679972,20.76810001528535,21.02484893798828,104313600
2024-01-24,21.861660028365215,21.89969771539385,21.557365787083132,21.65245819091797,90702500
2024-01-25,21.84263801004288,21.96625866118104,21.528834392614712,21.63343620300293,49794700
2024-01-26,21.38619903580185,21.576383836471713,21.338653742502725,21.490800857543945,27056400
2024-01-29,21.452761507422824,21.481289769430838,21.02484845972188,21.196014404296875,57037700
2024-01-30,20.815645787257598,20.929757026787247,20.730062811044515,20.853683471679688,44870000
2024-01-31,20.577916800029225,20.977303439111896,20.568407378415742,20.692028045654297,45460100
2024-02-01,20.825156692487926,20.929758518366604,20.663500149646676,20.787120819091797,37141300
2024-02-02,20.397241020956365,20.48282399246981,20.28312978769293,20.359203338623047,46787000
2024-02-05,20.549388077376225,20.85368228042381,20.48282394717663,20.806135177612305,46742500
2024-02-06,21.604908138596493,22.023313570222566,21.452761038684553,21.99478530883789,120725700
2024-02-07,21.47178134631718,21.709511432885677,21.414726633386994,21.50981903076172,60542700
2024-02-08,21.196016185480897,21.253070900554913,21.01534080505371,21.01534080505371,57766100
2024-02-09,21.06288664305659,21.281597901273763,20.853684806553648,21.26258087158203,35134500
2024-02-12,21.367177920813056,21.86165689898272,21.329142052965803,21.604907989501953,55858200
2024-02-13,21.32914290780522,21.528835302913745,21.015339277108563,21.110431671142578,55166600
2024-02-14,21.44325227483544,21.566872930884582,21.34816169478109,21.557363510131836,57004800
2024-02-15,21.519327485061364,21.680984022839638,21.509819877312665,21.642948150634766,39066000
2024-02-16,22.061351442515498,22.16595144102261,21.93773078918457,21.93773078918457,70395800
2024-02-20,21.947240640589214,22.05184245488635,21.709510563540487,21.795093536376953,35470100
2024-02-21,22.384667534133953,22.565341107855748,22.29908455132394,22.432212829589844,52357600
2024-02-22,22.726994751732633,22.80306830299733,22.53681178043915,22.7745418548584,45473200
2024-02-23,22.993253900262268,23.05030861229211,22.784050266591848,22.936199188232422,32646200
2024-02-26,22.784050800605993,22.945707333259964,22.717486666054942,22.73650550842285,34789900
2024-02-27,23.097856377796184,23.15491109145804,23.0312904291646,23.12638282775879,40397500
2024-02-28,22.593865189067408,22.60337460914483,22.3085880279541,22.3085880279541,62236000
2024-02-29,22.45123087726861,22.498776171038806,22.20399135944287,22.27055549621582,31134000
2024-03-01,22.63190240734943,22.784049510202397,22.584357117859074,22.746013641357422,42913600
2024-03-04,22.546319583066772,22.546319583066772,22.18497066485649,22.24202537536621,51821200
2024-03-05,21.985279326839823,22.1088981745026,21.890186928933346,21.899696350097656,54550900
2024-03-06,22.517796011300884,22.603378994866855,22.337120622246413,22.375158309936523,54439600
2024-03-07,22.137427468762787,22.223010449489887,22.05184448803569,22.184972763061523,36302100
2024-03-08,22.261045262396323,22.3941735310843,22.18497170689796,22.318099975585938,41080300
2024-03-11,22.67944922549469,22.98374342737564,22.67944922549469,22.860124588012695,57837100
2024-03-12,23.26901983886033,23.392640497541574,23.19294628495518,23.354602813720703,47341300
2024-03-13,23.449696256700165,23.66840750722712,23.39264154215763,23.43067741394043,43978700
2024-03-14,23.192947456125484,23.221475720431727,22.87914380370357,22.955217361450195,56861000
2024-03-15,22.917181932718695,22.974236648698067,22.80307068702323,22.812580108642578,35398800
2024-03-18,22.945705122935845,22.983742804007555,22.793558026121925,22.850614547729492,25822800
2024-03-19,22.707977244870985,22.79356022178995,22.546320712217018,22.73650550842285,23460700
2024-03-20,22.76503186764672,22.964724254595318,22.707975345315848,22.94570541381836,33523100
2024-03-21,22.993255440237604,23.03129131289276,22.841108322143555,22.841108322143555,35387700
2024-03-22,22.52730498447724,22.593869122872192,22.45123142434919,22.51779556274414,38799800
2024-03-25,22.517793512682395,22.650921777352057,22.508284091815053,22.54631996154785,19439600
2024-03-26,22.755522009250182,22.784048456130044,22.66042962093226,22.669939041137695,21299100
2024-03-27,22.47975431128079,22.660429668087172,22.42269960366589,22.64141082763672,20691900
2024-03-28,22.774541476034315,23.002762126032263,22.774541476034315,22.88865089416504,33129900
2024-04-01,23.24049320414701,23.38313088986308,23.078836676672378,23.202455520629883,38572800
2024-04-02,23.345092058098484,23.563805100091226,23.30705619018876,23.39263916015625,36013000
2024-04-03,23.1358906740562,23.288037775955097,23.069326543692497,23.250001907348633,29445200
2024-04-04,23.449695894737047,23.478224158436298,23.0883469565631,23.12638282775879,41163300
2024-04-05,23.002763748168945,23.088346724670483,22.964726063618652,23.002763748168945,32450900
2024-04-08,23.183438110739495,23.297549354602097,23.145402238609755,23.16442108154297,24846600
2024-04-09,23.2690216877772,23.392642356281133,23.250004658092298,23.383132934570312,25836100
2024-04-10,23.31656718583639,23.411659582639746,23.164420076445662,23.269020080566406,36946100
2024-04-11,23.5733168192555,23.601843269535426,23.326077305655016,23.487733840942383,33454600
2024-04-12,23.03128794026206,23.03128794026206,22.62239375384696,22.669939041137695,73616000
2024-04-15,23.031289005772607,23.040798426417986,22.68895893122169,22.746013641357422,47202300
2024-04-16,22.57485157201591,22.679453403332637,22.460742132158426,22.50828742980957,47788300
2024-04-17,22.641414469849025,22.660433313358944,22.46074089771503,22.489267349243164,36308700
2024-04-18,22.793561018852206,22.964726978675593,22.77454398955593,22.898162841796875,40749000
2024-04-19,22.77454166497303,22.869632242958673,22.72699456224369,22.83159637451172,32792100
2024-04-22,22.926690793158834,23.230985022582875,22.86012665718941,23.22147560119629,42035500
2024-04-23,23.39263982723763,23.59233222036535,23.36411156518944,23.582822799682617,32627200
2024-04-24,23.982211346096513,24.048777296278192,23.877611337570112,24.02975845336914,44860500
2024-04-25,23.87761024075646,24.21043090769335,23.87761024075646,24.19141387939453,43059100
2024-04-26,24.647854662251653,24.752456477403033,24.495707556796862,24.600309371948242,47815200
2024-04-29,24.61932573327148,24.83803877846069,24.562271023704803,24.828529357910156,36479100
2024-04-30,24.467179014334743,24.524235538529677,24.23895835876465,24.23895835876465,51947300
2024-05-01,24.362581057461384,24.647856447416554,24.27699807772749,24.419635772705078,46174700
2024-05-02,25.161352152666428,25.941108380629764,25.151844545042202,25.817487716674805,98520800
2024-05-03,25.922087145987277,26.00767011660162,25.73190236379173,25.988651275634766,55429900
2024-05-06,26.055216075231904,26.121780206590937,25.855523681154803,25.969633102416992,39772500
2024-05-07,25.67484941900616,25.70337768241691,25.57975702137363,25.59877586364746,40352200
2024-05-08,25.28497184849355,25.51319251120675,25.256443585503177,25.50368309020996,27739900
2024-05-09,25.98865360730039,26.06472716425652,25.83650649338813,26.055217742919922,43598200
2024-05-10,26.54969448879158,26.616258618691766,26.31196441701291,26.40705680847168,46321500
2024-05-13,26.74938844418701,27.063192084752945,26.73988083684749,26.968101501464844,48230800
2024-05-14,26.654297543708164,26.768406967790614,26.597241017930347,26.635278701782227,42197500
2024-05-15,26.901537417325738,26.958592130151242,26.682824359644183,26.939573287963867,35736500
2024-05-16,27.300921195114746,27.76687374251594,27.16779293227815,27.728836059570312,65472500
2024-05-17,27.738346284225365,28.080678185711353,27.624235045817834,27.890493392944336,46272600
2024-05-20,27.595706319641465,27.75736283603443,27.53864979827704,27.586196899414062,30494200
2024-05-21,27.177302074920778,27.291413308853464,27.044173813446427,27.158283233642578,43743600
2024-05-22,27.053684292442103,27.110739004772192,26.796935366351793,26.815954208374023,41732700
2024-05-23,26.625769005645907,26.72086140055624,26.20736355628237,26.273927688598633,49548000
2024-05-24,26.131290811376843,26.321475607080185,26.074236098160494,26.226383209228516,24413800
2024-05-28,26.292946101311315,26.38803849467005,26.131289576722434,26.20736312866211,25480400
2024-05-29,25.722395460624007,25.846016125270168,25.684359588704428,25.78896141052246,38699400
2024-05-30,25.494174645351062,25.84601598075749,25.46564819500505,25.817487716674805,25910800
2024-05-31,25.246934029786367,25.370554688348406,25.123315184960916,25.323007583618164,43801200
2024-06-03,25.64632289410737,25.731905876404486,25.294483356874128,25.446630477905273,28674300
2024-06-04,25.68435802636006,25.769941000144065,25.503682657956425,25.646320343017578,25226600
2024-06-05,25.75092286397636,25.865034103393555,25.655830466751464,25.865034103393555,26237000
2024-06-06,25.865031575928633,25.893558022692936,25.665337379896304,25.85552215576172,20872800
2024-06-07,25.494173295663167,25.541720399950446,25.19938850402832,25.19938850402832,44844400
2024-06-10,25.30399026602472,25.49417324156052,25.199388450551258,25.437118530273438,26281600
2024-06-11,25.384653096390107,25.39419283089696,25.155704926780608,25.2510986328125,23488300
2024-06-12,25.346493114477333,25.413269433756824,25.165241805348547,25.19386100769043,29442200
2024-06-13,25.32741198876609,25.422807504144565,25.079386196107418,25.174779891967773,22070100
2024-06-14,25.012609264775158,25.069847668466256,24.907675830377887,24.96491241455078,27515600
2024-06-17,25.155705486734938,25.298797868486254,25.08892734370053,25.27971839904785,25548900
2024-06-18,25.20340147438039,25.39419252316878,25.13662515315994,25.33695411682129,21648100
2024-06-20,25.69945412928009,25.74715097686226,25.508663099915204,25.642215728759766,36649700
2024-06-21,25.38465288060456,25.44188946764081,25.203401565551758,25.203401565551758,33434400
2024-06-24,25.403730087646114,25.708996125400635,25.403730087646114,25.489585876464844,31018900
2024-06-25,25.346493635903546,25.37511283883418,25.22248072890734,25.289257049560547,25099700
2024-06-26,25.308337342042634,25.35603419562809,25.21294181535338,25.298797607421875,15806500
2024-06-27,24.964912497555012,24.983991965515482,24.678727756220827,24.697805404663086,41320500
2024-06-28,24.91721617136699,24.91721617136699,24.735964860965897,24.793201446533203,22894100
2024-07-01,24.983990270337813,25.060306317483388,24.869515289860402,24.87905502319336,24294500
2024-07-02,25.05076837683499,25.222479950080096,24.98399205824372,25.212940216064453,23659500
2024-07-03,25.403731372349313,25.699457690799473,25.403731372349313,25.661298751831055,29692800
2024-07-05,25.212941039598544,25.26063789171646,25.01261025776308,25.22248077392578,41917200
2024-07-08,25.022151947021484,25.041231417166603,24.936296150886868,25.022151947021484,23113200
2024-07-09,24.93629522723001,25.30833760320546,24.926755492510807,25.27971839904785,33067300
2024-07-10,25.193860443155675,25.270176494839063,25.08892518977169,25.165241241455078,21396400
2024-07-11,25.565900806985308,25.80438869443673,25.546823158823013,25.69945526123047,45860300
2024-07-12,26.19551044007482,26.329064903271597,25.947484621677173,25.966562271118164,41053600
2024-07-15,25.65175837949707,25.66129811400206,25.375113356925677,25.384653091430664,50976700
2024-07-16,25.14616518736091,25.413270475427318,25.098466514835973,25.384653091430664,28322000
2024-07-17,25.18432162270349,25.222480559688325,24.98399266208788,25.041229248046875,33746200
2024-07-18,25.07938775061961,25.21294038871669,24.812280654907227,24.812280654907227,31336900
2024-07-19,24.71688491548109,24.75504385146819,24.621489395031546,24.63102912902832,24608500
2024-07-22,25.079387621724344,25.212940259135028,25.012609483500782,25.146163940429688,35178400
2024-07-23,24.764582243990425,24.812280914895055,24.66918854121766,24.793201446533203,40600000
2024-07-24,24.66918788996171,24.821819993790605,24.49747631827465,24.516555786132812,36117700
2024-07-25,24.278067412443125,24.392540578273515,24.211289276270872,24.220829010009766,31514000
2024-07-26,24.182674870978882,24.42116278524984,24.115898546105957,24.344846725463867,24671800
2024-07-29,24.373461593586793,24.44023973108179,24.297145541682138,24.38300132751465,23127600
2024-07-30,24.201754138918826,24.201754138918826,24.09681887526907,24.16359519958496,27485400
2024-07-31,24.67872596383412,24.774119657671708,24.459315737260656,24.497474670410156,30820700
2024-08-01,24.5070175404615,24.535634924468415,24.106357788699903,24.154054641723633,34544900
2024-08-02,24.001422361060893,24.05865894819344,23.858329983470384,24.039581298828125,34152200
2024-08-05,23.49582876611915,23.944187214263078,23.457671645574923,23.877410888671875,37464500
2024-08-06,23.486287729392707,23.78201219750396,23.46720826189697,23.638919830322266,29317600
2024-08-07,24.068198209274303,24.09681741203686,23.696157670952417,23.743854522705078,30574800
2024-08-08,24.058657693933842,24.354383987657755,24.010960843729706,24.316225051879883,41361900
2024-08-09,24.23037177516714,24.287608365243102,24.115898595015217,24.2780704498291,18962400
2024-08-12,24.39254076056014,24.573792063917285,24.36392337864777,24.468856811523438,34283800
2024-08-13,24.535633867393283,24.631029388849107,24.48793701642449,24.611949920654297,24569200
2024-08-14,24.430701483912546,24.44977913341105,24.00142252862572,24.154054641723633,41761500
2024-08-15,24.430699916341997,24.745503856847165,24.430699916341997,24.650108337402344,40019200
2024-08-16,24.86951711205816,25.193860791071153,24.86951711205816,25.146163940429688,38538000
2024-08-19,25.27017727693766,25.508665173269105,25.27017727693766,25.375112533569336,33115000
2024-08-20,25.127085699244233,25.127085699244233,24.77412280090133,24.80274200439453,42300900
2024-08-21,24.812280827148694,25.079387924715277,24.812280827148694,25.0603084564209,25547000
2024-08-22,25.146165121393256,25.146165121393256,24.764583020268027,24.869518280029297,34897800
2024-08-23,25.09846354760096,25.346491156852945,25.03168723347891,25.260635375976562,29293900
2024-08-26,25.02214951983214,25.155703978374554,24.945833466172864,25.0603084564209,29550200
2024-08-27,25.39419252316878,25.451429109997978,25.27017779560084,25.33695411682129,24453700
2024-08-28,25.098464482733316,25.212939468006365,24.869516331705388,24.93629264831543,40469200
2024-08-29,25.088926877916688,25.17478266927721,25.060309493808727,25.11754608154297,22188800
2024-08-30,25.394192002563713,25.403729917241137,25.08892596685688,25.241558074951172,27286500
2024-09-03,24.840900942385467,24.907677264351292,24.726425947930974,24.80274200439453,36863500
2024-09-04,24.802740356399624,24.92675325759362,24.764581420944126,24.783660888671875,19391600
2024-09-05,24.697806012605643,24.83136047209819,24.631029692618498,24.659648895263672,22749800
2024-09-06,24.631029828230727,24.669188765301048,24.287606672670886,24.32576560974121,32987000
2024-09-09,24.239911460938764,24.430702520162885,24.20175434080497,24.344846725463867,23499200
2024-09-10,24.354385334296843,24.363925068768797,24.125437165524865,24.287607192993164,20723200
2024-09-11,24.335306027813342,24.554714463578115,24.239910501975256,24.535634994506836,31299700
2024-09-12,24.497478958640684,24.592874488695134,24.37346422371438,24.52609634399414,19723200
2024-09-13,24.73596577534165,24.745505509875215,24.57379392730765,24.669189453125,20127700
2024-09-16,24.83136012306916,24.888596708036733,24.764581984502392,24.812280654907227,18257900
2024-09-17,25.117543091300643,25.298794386985822,25.08892389108148,25.12708282470703,29938500
2024-09-18,25.23201924445521,25.251096892635864,24.95537242137654,24.983991622924805,24625600
2024-09-19,25.728074672662306,25.918865725480305,25.53728543936263,25.880706787109375,55028200
2024-09-20,26.023798807940267,26.10965459256925,25.861626972476426,25.899784088134766,29824600
2024-09-23,26.233668672047116,26.605709209150305,26.20504946937831,26.405380249023438,44176400
2024-09-24,28.046176208270833,29.095523314670807,27.931703037110545,29.0001277923584,167712300
2024-09-25,28.08433549744708,28.513612623962743,28.06525602884151,28.198808670043945,77309300
2024-09-26,30.392897692439373,30.61230611750467,29.820526384840935,30.45013427734375,165220600
2024-09-27,30.278423857438543,30.946188892162553,30.240266739220345,30.688621520996094,100738300
2024-09-30,31.270531482108144,31.299152503919505,30.28796252378109,30.31658172607422,98506800
2024-10-01,30.526452679427347,31.604419058599913,30.33566162237358,31.57579803466797,96803000
2024-10-02,33.49324177185943,33.91297917224288,32.863633851765954,33.8462028503418,222092500
2024-10-03,32.586987477570325,33.34061013730547,32.529749069818415,32.91133117675781,113214100
2024-10-04,33.95113581119784,34.17054423102081,33.69356845600485,34.065608978271484,107027700
2024-10-07,34.85739390354547,35.773186607324156,34.36133861257284,35.000484466552734,218993700
2024-10-08,31.852440832454,32.262640279261866,30.784016143553554,31.79520606994629,322806900
2024-10-09,30.73632105668896,31.604416848492477,30.698162120139326,31.280073165893555,100519700
2024-10-10,31.871524696935865,32.0241568164088,31.222837279416687,31.690275192260742,101466300
2024-10-11,31.1655938913385,32.10046956768222,31.003423882383405,31.83336067199707,80108800
2024-10-14,31.38501012140864,32.07185282131269,31.10836327499789,31.232378005981445,94628100
2024-10-15,30.450134364228624,30.51691068339397,29.543879639652047,29.66789436340332,130081500
2024-10-16,30.106712035615956,30.45967492877941,30.03993571463002,30.192567825317383,54401700
2024-10-17,29.601118698266202,29.62019634736479,29.238616072618886,29.429407119750977,68374500
2024-10-18,30.955730446114977,30.974809914983222,30.583689900775624,30.688621520996094,95862500
2024-10-21,30.221186723275846,30.431055418472553,30.039935411345166,30.278423309326172,42006300
2024-10-22,30.316581596338594,30.774476094441525,30.297502128224824,30.516910552978516,48538400
2024-10-23,30.86033192526304,30.87941139340391,30.373818224298507,30.45013427734375,33813200
2024-10-24,30.335659069959654,30.45013405846377,30.01131539196924,30.268882751464844,39802900
2024-10-25,30.545530672700746,30.621844908411767,30.25934410095215,30.25934410095215,29534300
2024-10-28,30.411977098046904,30.88895473153379,30.383359713700525,30.784019470214844,41390700
2024-10-29,30.99388846683085,31.003426381464475,30.507371122676666,30.56460952758789,42026100
2024-10-30,29.963619917817027,30.3165828140259,29.896843596254936,30.17348861694336,29217600
2024-10-31,30.10671043395996,30.144869369360915,29.782366761124596,30.10671043395996,28257800
2024-11-01,30.411976823708095,30.51691208408045,30.173488918875158,30.221187591552734,26861800
2024-11-04,30.50737064507433,30.812634855082212,30.392897476080485,30.402437210083008,49254600
2024-11-05,31.14651970281723,31.270530784767274,30.946187110751026,31.136978149414062,49509800
2024-11-06,30.09717286210935,30.469215230921186,29.810988104117154,30.221187591552734,89205700
2024-11-07,31.566259410071357,32.07185260672167,31.442244679917575,31.881061553955078,120391100
2024-11-08,30.478753081764648,30.660002568182648,29.887302313744602,30.020854949951172,154495900
2024-11-11,30.192566521941448,30.211645989833304,29.963618365793813,30.020854949951172,28330000
2024-11-12,29.18137940973013,29.305392316377855,28.809338870268693,28.91427230834961,91688500
2024-11-13,29.162300555407153,29.20045949334451,28.828417126528496,28.876115798950195,35393100
2024-11-14,28.790258797674706,28.83795564857277,28.475454851000098,28.570850372314453,42048600
2024-11-15,28.771178375124233,28.809337310191477,28.599466806357974,28.761638641357422,32416100
2024-11-18,29.105062357117074,29.314931045601842,29.047825772897266,29.305391311645508,38681500
2024-11-19,29.028746170145165,29.085982754099106,28.952430118367175,28.99058723449707,22523600
2024-11-20,29.095524396850205,29.18138018817287,29.01920834006543,29.124143600463867,35646500
2024-11-21,28.933349350782073,29.019205132615223,28.847493568948927,28.952428817749023,22478000
2024-11-22,28.30374310275141,28.37051942140598,28.217887316047474,28.32282257080078,53262300
2024-11-25,28.217888136555462,28.389599714956294,28.1511118159592,28.33236312866211,24744100
2024-11-26,28.332361823788393,28.36097920585835,28.008018150528837,28.1606502532959,22186000
2024-11-27,28.91427230834961,29.028747300232194,28.809338870268693,28.91427230834961,43782000
2024-11-29,28.666244675535893,28.923812042633013,28.52315230032136,28.91427230834961,23104600
2024-12-02,28.933350997366176,29.009667050058965,28.73302204136694,28.97150993347168,25058400
2024-12-03,29.047826981979718,29.25769567920003,29.028747513272883,29.095523834228516,34867900
2024-12-04,29.171839195180393,29.171839195180393,28.81887631057845,28.88565444946289,46481600
2024-12-05,28.952430465418928,29.105062570804503,28.933350997366176,28.97150993347168,27663000
2024-12-06,29.477103189938692,29.553419242863704,29.334010818144073,29.353090286254883,27635500
2024-12-09,31.413627130669084,32.1958671677705,31.34685080840701,31.76658821105957,181398000
2024-12-10,30.497831215376,30.612306205030283,30.28796252378109,30.31658172607422,93050100
2024-12-11,30.01131603939718,30.06855444464314,29.83006654800641,30.0303955078125,36810600
2024-12-12,30.039934982061418,30.268883142509225,29.91592207747153,30.049474716186523,28552400
2024-12-13,29.7060514802757,29.715591214373354,29.438946203614318,29.66789436340332,45698900
2024-12-16,29.257695372746998,29.458024333515596,29.181379318237305,29.181379318237305,38044500
2024-12-17,29.366311775578616,29.73423705937686,29.308218698504287,29.69550895690918,45801800
2024-12-18,29.550272939555597,29.656776597746298,29.04679472116974,29.095205307006836,35935300
2024-12-19,29.39535898990592,29.463134553712734,29.240442887848744,29.279170989990234,24070600
2024-12-20,29.221077010708942,29.579319793119737,29.172664576095624,29.45345115661621,28389000
2024-12-23,29.530909919591902,29.792331532590836,29.453451869082468,29.72455596923828,24155100
2024-12-24,30.02470336294945,30.140889506358608,29.947245318428195,30.102161407470703,20218100
2024-12-26,29.99565735760693,30.363584471975326,29.966611743719533,30.131210327148438,23393200
2024-12-27,29.869789123535156,29.937564685844944,29.76328361319374,29.869789123535156,23765500
2024-12-30,29.753599107775333,29.792329053179618,29.49217751653272,29.521224975585938,26100700
2024-12-31,29.54059394150757,29.618051996041277,29.39536032010008,29.47281837463379,22893300
2025-01-02,29.095204630874402,29.17266267446102,28.92092541786359,28.940288543701172,40394200
2025-01-03,29.298535505865303,29.42440414428711,29.211394968978826,29.42440414428711,28060800
2025-01-06,29.5212264509728,29.656777573171382,28.959655141763,29.037113189697266,48937300
2025-01-07,28.853148463161435,28.949971480838915,28.64982178810964,28.678869247436523,33611300
2025-01-08,28.42713119857805,28.591729780734497,28.310943203690048,28.572364807128906,27248500
2025-01-10,28.097933491086845,28.107615977702462,27.720323900059785,27.739688873291016,58206400
2025-01-13,27.77841921249677,27.962380920557933,27.739689265486728,27.875242233276367,28062300
2025-01-14,28.552999329820004,28.630457376130394,28.4174482104632,28.4852237701416,46306600
2025-01-15,28.862832237856985,28.911244672229277,28.688551167607816,28.872514724731445,31613300
2025-01-16,28.891878913002824,28.940289499313447,28.79505589363609,28.8821964263916,20134000
2025-01-17,29.085524778849067,29.734234757235576,29.027429859527054,29.443767547607422,59696000
2025-01-21,29.889152468556,29.947245540691735,29.559955315211052,29.772964477539062,35805700
2025-01-22,29.55995750427246,29.627733067907513,27.50731638709839,29.55995750427246,27859600
2025-01-23,29.46313397134898,29.6277325573745,29.35662846076024,29.58900260925293,22683400
2025-01-24,30.015021710402113,30.363583843804054,29.918198690374297,30.324853897094727,54730900
2025-01-27,30.6443692975065,30.74119231983146,30.402312665066884,30.595958709716797,54333200
2025-01-28,30.547546313015758,30.94451904296875,30.21834914475051,30.94451904296875,48279000
2025-01-29,31.167211503665527,31.322127604864416,30.760558123077633,30.81865119934082,49031500
2025-01-30,30.90579064383054,31.796559117586444,30.324854361512244,31.554502487182617,77522000
2025-01-31,31.5060920358137,31.54482198328337,30.799285268456593,30.87674331665039,80091000
2025-02-03,30.334537096128642,31.07038948017663,30.21834910001768,30.71214485168457,50166400
2025-02-04,31.331810836856747,31.69973794932353,31.205940354843438,31.438316345214844,57845400
2025-02-05,31.031658174921922,31.128483039732924,30.89610705767745,30.91547203063965,43692700
2025-02-06,31.37054050312175,31.438316063562244,31.17689446179561,31.254350662231445,35769800
2025-02-07,31.874015651188426,32.17416720567693,31.57386779019102,31.690053939819336,85505200
2025-02-10,32.38718013874236,32.91002338320789,32.21289905725384,32.55177688598633,56515200
2025-02-11,32.23226339092738,32.513049982571104,32.07734728751899,32.28067398071289,44741600
2025-02-12,32.677647597644864,33.2682664118498,32.542096465235474,33.08430099487305,60657100
2025-02-13,32.454954882935844,33.09398426772045,32.377494984905596,33.07461929321289,40709500
2025-02-14,34.100939701932234,34.159030930125205,33.71364761102057,33.926658630371094,76123800
2025-02-18,34.439819756709646,34.439819756709646,33.95570645825323,34.17839813232422,85086500
2025-02-19,34.091252602432164,34.13966318649582,33.800785404559434,33.936336517333984,45952200
2025-02-20,34.48822868042482,35.10789308153095,34.139666531429825,34.59473419189453,79891700
2025-02-21,35.195033311188375,35.63073599362424,34.894885447114554,35.088531494140625,81843200
2025-02-24,34.662511860801835,34.69156117064372,33.878250671407415,33.91697692871094,83975400
2025-02-25,34.342992271073435,34.38171852078867,34.01379514080454,34.25585174560547,39151500
2025-02-26,35.42741244293652,35.65010412401094,35.12726085879719,35.28217697143555,72783000
2025-02-27,35.02075387475449,35.291859830656385,34.701241021697925,34.90456771850586,58708500
2025-02-28,33.975067474494395,34.17839414971569,33.79110577217383,34.110618591308594,60759700
2025-03-03,34.07188841022203,34.149348301290054,33.28762732735823,33.41349411010742,55795100
2025-03-04,33.67491766323118,34.23649082570398,33.42318038958238,33.926658630371094,66689400
2025-03-05,34.827106399124595,35.727557288209724,34.691555287819874,35.62105178833008,102267400
2025-03-06,36.124531010621325,36.298812071111946,35.611368468736316,35.79533386230469,64613500
2025-03-07,35.88247703108738,36.20198986982094,35.56296049886269,35.78565216064453,37635400
2025-03-10,35.0498019544805,35.27249361843366,34.56568867801942,34.827110290527344,80384700
2025-03-11,35.45645247976785,35.6888284589002,35.01106918771263,35.233760833740234,64643800
2025-03-12,35.21439900154524,35.27249392488213,34.80774561866068,35.19503402709961,33583300
2025-03-13,34.91424746926961,35.592003036321906,34.89488249685514,35.427406311035156,37666000
2025-03-14,36.40531450483803,36.5311849825711,36.20198782860913,36.463409423828125,51075900
2025-03-17,36.405318278846785,37.373544868108574,36.38595699733391,37.32513427734375,55266100
2025-03-18,37.4800475747843,37.499412548337105,37.092759184201356,37.26704025268555,42261700
2025-03-19,37.4897293063759,37.499409945734904,37.00561608162824,37.11212158203125,33290200
2025-03-20,36.07611897831767,36.30849497126989,35.979297802457396,36.04707336425781,67297600
2025-03-21,35.32090512163742,35.53391615071111,35.204718966456895,35.39836502075195,51625400
2025-03-24,35.727559082760884,35.766285335442575,35.44677251324567,35.50486373901367,38216100
2025-03-25,35.30153779853404,35.55327876041871,35.09821111712098,35.14662170410156,32355000
2025-03-26,35.117576599121094,35.36931387115994,34.894884940992974,35.117576599121094,31562800
2025-03-27,35.21439770277083,35.669465351731304,35.17567144879909,35.514549255371094,36416800
2025-03-28,34.962662157596434,34.98202713228403,34.60441935960406,34.70124053955078,52060200
2025-03-31,34.41077330621936,34.75933546361357,34.246172868120425,34.70124053955078,29370400
2025-04-01,34.55600373484476,34.74964978071307,34.36236138246757,34.623779296875,28414000
2025-04-02,34.57536714704392,34.62377773295156,34.304264911168396,34.410770416259766,33888400
2025-04-03,33.81046978087787,34.20744621715175,33.81046978087787,34.1009407043457,41958000
2025-04-04,32.222578995756336,32.47431997174951,31.080071350227318,31.699739456176758,161349400
2025-04-07,29.618048671960423,31.041342803554045,28.688550275129334,29.046794891357422,210512100
2025-04-08,30.37326606707046,30.402311680105054,28.28189513154165,28.649822235107422,121952800
2025-04-09,29.705191474666275,30.915474687638365,29.201713214850933,30.673418045043945,158085000
2025-04-10,30.828332175562515,31.051023829278243,30.03438673414435,30.557228088378906,95454000
2025-04-11,31.302766027817523,31.941795400902546,31.012295109013383,31.893381118774414,84183900
2025-04-14,32.24193971567038,32.66796171313575,32.14511854905956,32.309715270996094,51602300
2025-04-15,32.19353086904045,32.30971701393922,32.03861477801178,32.125755310058594,33180000
2025-04-16,31.515772597084116,31.7578292279273,31.196259764986472,31.389902114868164,50834000
2025-04-17,31.825606505194475,31.941796353578,31.370542526245117,31.370542526245117,42802600
2025-04-21,31.515775698635636,31.564186290870275,31.09943795713317,31.39958953857422,39561500
2025-04-22,32.193531534185546,32.67764479033871,32.116071640325345,32.39685821533203,64714600
2025-04-23,32.968115221552196,33.3554073416536,32.75510787963867,32.75510787963867,52320200
2025-04-24,32.77446600832112,33.11334750417944,32.66796419435642,33.026206970214844,36441900
2025-04-25,32.83255785042218,32.97779329124294,32.735736685535464,32.900333404541016,23063200
2025-04-28,32.87129003681184,33.006841154299124,32.76478453207442,32.919700622558594,17030000
2025-04-29,32.77446573183761,32.87129059847647,32.72605514526367,32.72605514526367,19920800
2025-04-30,32.81319478237481,32.86160536762666,32.522727577372784,32.784149169921875,29034700
2025-05-01,32.80351397400503,32.86160519861212,32.629232913202,32.716373443603516,22206300
2025-05-02,33.84919946843495,33.878248776652164,33.520002292072405,33.80078887939453,59597600
2025-05-05,33.67491772212367,33.91697435599401,33.65555274819511,33.76205825805664,24651700
2025-05-06,34.071889319511264,34.34299525199355,34.04284370633105,34.149349212646484,36558800
2025-05-07,33.63618889124092,33.6555501701953,33.3747673034668,33.3747673034668,44470200
2025-05-08,33.89760864904259,34.03316346361119,33.62650640688745,33.8879280090332,37731300
2025-05-09,34.01379866860532,34.071889895948544,33.723331451416016,33.723331451416016,30396700
2025-05-12,34.923931631651946,34.97234222082608,34.62378006918639,34.8948860168457,55941100
2025-05-13,34.478549218260035,34.807746404283385,34.36236306245512,34.60441970825195,34713600
2025-05-14,35.233759600434006,35.30153515583129,35.00138732292639,35.15630340576172,35247800
2025-05-15,34.70123812850887,34.739968075193104,34.439816528626785,34.614097595214844,43594800
2025-05-16,34.5850549622994,34.623781218829855,34.43013885570364,34.50759506225586,26772900
2025-05-19,34.37204180125194,34.73028458303114,34.33331185362957,34.720603942871094,19353800
2025-05-20,35.001389270848506,35.10789108276367,34.90456440525614,35.10789108276367,26034500
2025-05-21,35.27249168281459,35.38867782861187,34.85615399242578,34.943294525146484,40126800
2025-05-22,34.769012451171875,34.865833620945985,34.68187192097883,34.769012451171875,24597700
2025-05-23,34.65282921552206,34.88520151986832,34.623779907360394,34.827110290527344,27095300
2025-05-27,34.47854495921142,34.54632051618309,34.39140442974916,34.4688606262207,32810800
2025-05-28,34.294581482834026,34.294581482834026,34.120304107666016,34.120304107666016,27161900
2025-05-29,34.69156205907032,34.72060767616465,34.391410472960125,34.48823165893555,34182200
2025-05-30,34.03316346361119,34.05252474362995,33.68460132741685,33.8879280090332,62721000
2025-06-02,34.02347995408452,34.23649097435995,33.907293803702984,34.226806640625,33125300
2025-06-03,34.64314529144869,34.69155957446046,34.48822918888821,34.56568908691406,32666200
2025-06-04,34.904565240095764,35.23376240400157,34.86583529293248,35.21439743041992,41079500
2025-06-05,35.54359695304592,35.65978680224628,35.272494691894344,35.46614074707031,43461600
2025-06-06,35.175669056628706,35.437086950496976,35.06916355509454,35.427406311035156,32956700
2025-06-09,35.71787637466293,35.940568035051825,35.679146426728046,35.882476806640625,30061700
2025-06-10,35.96961610279355,36.0470723025021,35.7372401166859,36.037391662597656,37896300
2025-06-11,36.356906565585405,36.424682129261896,36.172944848962246,36.22135543823242,31361700
2025-06-12,36.08580280278232,36.15357836362633,35.998662268341285,36.07611846923828,36102200
2025-06-13,35.45645085955169,35.61136694073059,35.3305840828687,35.417724609375,41925400
2025-06-16,36.00587463378906,36.28080615273925,35.94696367985044,36.00587463378906,35202000
2025-06-17,35.838957309813296,35.88805102275949,35.58366775512695,35.58366775512695,29832200
2025-06-18,35.28909666294401,35.32837313007225,35.07308358495886,35.1025390625,28424300
2025-06-20,35.190909417057796,35.20072666108401,34.86688418004144,34.876705169677734,26191700
2025-06-23,35.200729246734056,35.43638432238406,35.09272457207192,35.42656707763672,33957600
2025-06-24,35.96660374813712,36.4280891418457,35.897871801295196,36.4280891418457,46304900
2025-06-25,36.4673660255199,36.49682150432755,36.320084885871424,36.388816833496094,18018400
2025-06-26,36.35935667883164,36.61464997400039,36.26116925491142,36.487003326416016,24517700
2025-06-27,36.16298311375306,36.270987785652345,36.02551547153437,36.14334487915039,27903600
2025-06-30,35.84877360679039,36.11388414442607,35.73094794971123,36.09424591064453,20096900
2025-07-01,36.025515299113074,36.25134937754752,36.01569805466386,36.16298294067383,22972800
2025-07-02,35.95678455972428,36.03533750039933,35.82914164954287,36.025516510009766,27680900
2025-07-03,35.642576509540035,35.76040216245077,35.564027322802865,35.613121032714844,19394200
2025-07-07,35.62293793361008,35.91750768146687,35.593482457068376,35.65239715576172,20175200
2025-07-08,36.005878274841,36.12370768585358,35.868414374270024,36.025516510009766,25176800
2025-07-09,35.691669113509924,35.691669113509924,35.42656233907786,35.524749755859375,29920500
2025-07-10,35.78004005546003,35.86841023070564,35.6032997049688,35.85859298706055,17221100
2025-07-11,35.917508029453906,35.986239972457085,35.78004039783758,35.81931686401367,15148300
2025-07-14,36.04515277671748,36.25134861631338,35.98624182003874,36.24153137207031,23708600
2025-07-15,36.67356418974925,36.99758945958438,36.43791285315139,36.95831298828125,45494200
2025-07-16,36.634287343400956,36.80120670924833,36.48700246538617,36.79138946533203,22401600
2025-07-17,36.526277843087854,36.91903126339895,36.496818620997324,36.90921401977539,18014900
2025-07-18,37.40016012855992,37.66527066451931,37.34124542758781,37.370704650878906,43043500
2025-07-21,37.50816905344961,37.724182135412526,37.351066927653804,37.51798629760742,25259500
2025-07-22,37.74382134241093,38.06784659212419,37.62599568142895,38.03839111328125,26390500
2025-07-23,38.313319640054644,38.42132805870042,38.23476670081761,38.37223434448242,31806200
2025-07-24,38.36241115868146,38.43114310377499,38.14639433375317,38.195491790771484,17800200
2025-07-25,37.85182866709805,37.96965432468121,37.734003009514886,37.95001983642578,21767800
2025-07-28,37.95983667074832,38.00893038207712,37.694726134840685,37.78309631347656,15764600
2025-07-29,37.930383594425486,37.94020083906874,37.50817090816958,37.527809143066406,26410800
2025-07-30,37.282333129773114,37.409976025534775,37.027039847029904,37.09577178955078,37056800
2025-07-31,36.65392770126758,36.90921725959814,36.565557518458874,36.761932373046875,36901900
2025-08-01,36.310264081073555,36.35935779454013,35.99605982015518,36.16298294067383,33791100
2025-08-04,36.869938653492554,36.94849158726311,36.65392557684359,36.79138946533203,30243000
2025-08-05,37.09577689223175,37.15469159918644,36.92885750760914,36.95831298828125,16471100
2025-08-06,37.017224455118,37.1252328689424,36.801207627469196,37.105594635009766,26247400
2025-08-07,37.193963367771055,37.28233354422454,36.93867008218986,37.05649948120117,16210100
2025-08-08,36.90921707355193,36.99758725591519,36.840485125670526,36.98776626586914,12053000
2025-08-11,36.80120798688316,36.909216401762414,36.52628020036156,36.653926849365234,27626800
2025-08-12,36.86012283453235,37.31179098434375,36.84048460033053,37.25287628173828,34365900
2025-08-13,38.17585372436279,38.382049560546875,38.16603273467206,38.382049560546875,60160700
2025-08-14,37.724182889172084,37.85182953943483,37.54744627152932,37.645633697509766,44954600
2025-08-15,37.69472741049999,37.783097592126474,37.596539984519545,37.645633697509766,27930600
2025-08-18,37.881290435791016,37.98929511089273,37.81255473983847,37.881290435791016,21745000
2025-08-19,37.802736940401296,37.87146888973502,37.44925620347911,37.527809143066406,28185100
2025-08-20,37.69472850458897,37.783098688780406,37.508170891567204,37.734004974365234,18023300
2025-08-21,37.557265124449906,37.743822740047044,37.547447879675474,37.67509078979492,17821400
2025-08-22,38.008931183210315,38.588245978564885,37.950020226618086,38.529335021972656,39558400
2025-08-25,38.59806783487098,38.8631783823178,38.42132746990644,38.43114471435547,31399800
2025-08-26,38.61770537549911,38.70607181078338,38.47042049213832,38.50969696044922,22671700
2025-08-27,37.54744737796323,37.56708186724973,37.35106877460532,37.527809143066406,51266700
2025-08-28,37.517988875370044,37.90092509920726,37.45907791515533,37.86165237426758,30254300
2025-08-29,37.979476742005865,38.31331923904851,37.91074479369799,38.2053108215332,43494000
2025-09-02,38.01875193474148,38.54896926879883,37.930381754796905,38.54896926879883,27069300
2025-09-03,38.18567258692949,38.30349824894152,38.04820869031374,38.2053108215332,25419300
2025-09-04,37.64563191063603,37.71436385468198,37.390342367838215,37.63581466674805,31584300
2025-09-05,38.2445855021797,38.28386196955032,37.950019488120276,38.195491790771484,26098800
2025-09-08,38.52933696316169,38.725711822509766,38.42132854315404,38.725711822509766,32508400
2025-09-09,39.07918971048934,39.344300245995086,39.039913243241806,39.24611282348633,37238800
2025-09-10,39.35412158629817,39.37375607448683,38.99081987943619,39.000640869140625,26132300
2025-09-11,39.41303099405382,40.002166748046875,39.39339276102639,40.002166748046875,45104200
2025-09-12,39.86470328292141,39.92361798816059,39.66832842334484,39.75669860839844,19860500
2025-09-15,40.1396340445749,40.15927227927113,39.953072687765854,40.04144287109375,31004200
2025-09-16,39.923616679486514,40.355646600247766,39.81560826289365,40.30655288696289,23170800
2025-09-17,40.8858682456877,40.974238429038735,40.591302216387675,40.86623001098633,34303200
2025-09-18,40.20836333496662,40.46365287791944,40.13963139087894,40.33600997924805,36182900
2025-09-19,40.43419681331563,40.62075440947099,40.188724517822266,40.188724517822266,33890200
2025-09-22,39.96289299899005,40.06108042519281,39.815608114075694,39.91379928588867,25541100
2025-09-23,39.5701350027358,39.707598894883844,39.373756408691406,39.373756408691406,23445400
2025-09-24,39.825429795248354,40.090540345329174,39.7566978465915,39.83524703979492,35307500
2025-09-25,39.933433532714844,40.02180371400605,39.72723769157209,39.933433532714844,21546900
2025-09-26,39.5308584247182,39.67814330624387,39.373756299042206,39.59959411621094,21841300
2025-09-29,40.237823486328125,40.34583190975801,40.11999781786391,40.237823486328125,24254300
2025-09-30,40.61093716776131,40.66003087774045,40.28691193980099,40.394920349121094,29827500
2025-10-01,40.453836727653155,40.67967079941931,40.404743015636186,40.630577087402344,26764900
2025-10-02,41.170613949668095,41.23934589317459,40.90550341945306,40.993873596191406,32022400
2025-10-03,40.817134275914064,40.87604897710093,40.5814829623868,40.66984939575195,24482200
2025-10-06,40.45383655608066,40.797496284352036,40.42437733250731,40.65021514892578,16610900
2025-10-07,40.718945575034326,40.73858380814699,40.1101715853716,40.188724517822266,26990100
2025-10-08,40.18872722595714,40.326191121398885,40.00216961723051,40.30655288696289,25431600
2025-10-09,40.38510690215148,40.404745137111405,39.678145426035286,39.77633285522461,45824800
2025-10-10,39.69778047934661,39.962891011642434,37.429615089000166,37.63581466674805,146013600
2025-10-13,39.03009610952978,39.07918982092289,38.70607087223706,38.81407928466797,71314400
2025-10-14,38.372231457375904,39.04973365207409,38.31331675738084,38.68643569946289,41027800
2025-10-15,39.13810400079038,39.305023366426255,38.81407876781245,39.07918930053711,29502800
2025-10-16,39.32466184001279,39.53085767374348,39.147921483783605,39.265750885009766,25051400
2025-10-17,38.696255109689446,39.334484619064824,38.66679963084789,39.275569915771484,43076800
2025-10-20,39.18720102791739,39.82543055837231,39.118469077943516,39.75669860839844,40080900
2025-10-21,39.383575022334156,39.3933922659195,39.15774096377198,39.216651916503906,35064300
2025-10-22,39.05955165247809,39.28538572175166,38.676615459118125,39.02027893066406,25768600
2025-10-23,39.471946713902,39.85488290381494,39.42285300286881,39.67814254760742,30021800
2025-10-24,39.92361739680497,39.96289386638266,39.7763325086938,39.815608978271484,20969600
2025-10-27,40.37528270043384,40.43419740062759,40.26727428955033,40.33600997924805,27399000
2025-10-28,39.93342996664093,40.1690850109101,39.82542530636116,40.119991302490234,28787100
2025-10-29,40.39492383301359,40.493115007050434,40.00217037369711,40.228004455566406,32970500
2025-10-30,39.45231085646919,39.66832769275737,39.344302438325094,39.422855377197266,35664700
2025-10-31,38.8140814709205,39.07919202210811,38.647162093659944,38.990821838378906,32012200
2025-11-03,39.157743920372916,39.17738215463631,38.92208885482237,39.10865020751953,21839200
2025-11-04,38.66679959718986,38.95154463216757,38.56860842511976,38.656978607177734,23252400
2025-11-05,38.83371918879536,39.147923449959016,38.78462547529046,39.04973602294922,19156100
2025-11-06,39.560317412385295,39.74687501500943,39.26575139670137,39.41303253173828,31541500
2025-11-07,38.94172414879516,39.23629014928452,38.76498379937956,39.216651916503906,28679700
2025-11-10,39.854885432345526,40.06108127913272,39.697783299706195,40.02180480957031,35660200
2025-11-11,40.090540504109676,40.19854517699085,39.9825320856182,40.02180480957031,21097200
2025-11-12,40.20836674111913,40.21818398584472,39.962894421265666,40.169090270996094,20611900
2025-11-13,40.4440166312379,40.4734758555869,39.76651440097431,39.91379928588867,30309900
2025-11-14,39.413032704094334,39.835245368478034,39.167560399015905,39.393394470214844,44898700
2025-11-17,39.11846500864309,39.32466083711517,38.81407801498671,38.951541900634766,33870400
2025-11-18,38.50969998425483,38.912274452026544,38.47042351285992,38.7944450378418,32116600
2025-11-19,38.53915534059559,38.6078872925096,38.30350025859724,38.40169143676758,32477700
2025-11-20,38.578430929610406,38.73553306547971,37.86165220060605,37.881290435791016,38244300
2025-11-21,37.6063538447113,38.20530682787933,37.45907271899433,38.01874923706055,38856600
2025-11-24,38.40168922285205,38.676617014658085,38.37223374390433,38.6373405456543,34365500
2025-11-25,38.96136543728329,39.01045915028024,38.725710371043625,38.8828125,30123900
2025-11-26,38.73553154483381,38.89263367453574,38.18567221807196,38.656978607177734,30425300
2025-11-28,38.71589186188174,38.90244946341961,38.69625362820248,38.81407928466797,11699800
2025-12-01,38.774807485363745,39.09882898475477,38.76498649548543,38.922088623046875,20355200
2025-12-02,38.81407969848551,38.823900688234886,38.55879014915348,38.77480697631836,16635200
2025-12-03,38.264222807702836,38.509695104399704,38.234763585084416,38.499874114990234,27072600
2025-12-04,38.65697919583359,38.686438420708335,38.49987706373937,38.59806823730469,17482200
2025-12-05,39.187198811361505,39.28538623559599,39.0693731531581,39.16756057739258,30296800
2025-12-08,38.8042626269298,38.81407987111271,38.578428554621254,38.75516891479492,27835900
2025-12-09,38.01875212008736,38.175854246798046,37.95002017375207,38.116939544677734,40304100
2025-12-10,38.264223903528844,38.529334441027,38.18567096844342,38.382049560546875,26145600
2025-12-11,38.293678455564425,38.5391507533565,38.15621456809846,38.4802360534668,17964700
2025-12-12,38.71589408961871,38.804264273455225,38.19549397680939,38.37223434448242,29147000
2025-12-15,38.30349791408817,38.323136148520206,38.00893188882808,38.03839111328125,39067000
2025-12-16,37.57784790254314,37.69695253904968,37.39918905464926,37.677101135253906,42610700
2025-12-17,38.03441921303008,38.113824829010674,37.56792068481445,37.56792068481445,36203400
2025-12-18,38.05426797215734,38.2031515986391,37.895460537501826,37.925235748291016,31528300
2025-12-19,38.15352090519032,38.42150915903327,38.113821886533046,38.31232833862305,30036600
2025-12-22,38.262704065469606,38.43143910358617,38.19322604573576,38.34210968017578,15893200
2025-12-23,38.09397141461992,38.25277885193195,37.93516397730789,38.24285125732422,19173600
2025-12-24,38.23292773038811,38.342108554268975,38.203152518881694,38.26270294189453,7330700
2025-12-26,38.40166044468077,38.659724908490844,38.3421100193924,38.63987350463867,19516000
2025-12-29,37.95501456869747,38.21307522896116,37.93516316617443,38.18330001831055,27921200
2025-12-30,38.48106625438114,38.53069287112806,38.31233121391982,38.38180923461914,18122600
2025-12-31,38.1138233110632,38.13367092799972,37.9053854705496,38.004642486572266,15517700
2026-01-02,39.15599763958639,39.56294194242607,39.146070044781396,39.52323913574219,64269400
2026-01-05,39.07659165666794,39.63241958618164,38.95748702401072,39.63241958618164,32499800
2026-01-06,39.77137533944875,39.920258968913586,39.59271649859815,39.61256790161133,25182600
2026-01-07,39.15599776162847,39.185772973600166,38.947563705290506,38.98726272583008,36413500
2026-01-08,38.67957710732866,39.10637283325195,38.63987429880831,39.10637283325195,21986800
2026-01-09,38.95748657876027,39.096442612983545,38.75897633575503,39.056739807128906,28497000
2026-01-12,39.5133152724717,40.356979088861316,39.50338767768046,40.337127685546875,58687900
2026-01-13,40.05921592115372,40.17832055569247,39.74160103820501,39.950035095214844,36883600
2026-01-14,39.582792599149066,39.781302842556094,39.51331458189681,39.741600036621094,40171100
2026-01-15,39.58279203763305,39.91033071628044,39.38428179704206,39.70189666748047,22815500
2026-01-16,39.23539987178767,39.245327466695166,38.808604161199426,39.00711441040039,50220700
2026-01-20,38.758977295429254,38.98726275534385,38.5505432389335,38.580318450927734,33561800
2026-01-21,38.99719116309346,39.23540043654898,38.7689056984202,39.046817779541016,39539100
2026-01-22,39.19569953671329,39.38428218468351,39.116293925188174,39.18577194213867,31618700
2026-01-23,39.0170401355286,39.16591997559363,38.86815650919568,39.14606857299805,25427400
2026-01-26,39.026965999446325,39.29495426920119,38.97733938347723,39.15599822998047,24628300
2026-01-27,39.63242161951456,39.721751045157504,39.483537981353585,39.6423454284668,30575700
2026-01-28,40.317278162121376,40.347057161615574,39.989739457830886,40.19817352294922,35977700
2026-01-29,40.694447323500555,40.863178580359985,39.90041008419809,40.4760856628418,39203000
2026-01-30,39.771374983562005,39.890479614307296,39.066667221106115,39.31480407714844,52440200
2026-02-02,38.858234658063346,39.03689350415356,38.75897764008651,38.878082275390625,35834100
2026-02-03,38.43143844604492,38.61009728980894,38.1038959703882,38.43143844604492,40741400
2026-02-04,38.431437905125485,38.431437905125485,37.796208152357785,37.98479080200195,45696200
2026-02-05,38.31233043285274,38.4711378749662,37.88553472224754,37.915313720703125,33002300
2026-02-06,38.52076719122897,38.94756288980457,38.50091578824081,38.927711486816406,37414900
2026-02-09,38.86815976839803,39.15599945076829,38.74905512910518,39.10637283325195,26572400
2026-02-10,39.11629651466009,39.37435719666424,38.977340471560304,39.23540115356445,24916700
2026-02-11,39.007114875524124,39.22547653087575,38.758978007631136,39.17584991455078,28709500
2026-02-12,38.907859911841285,38.907859911841285,38.1733731495978,38.371883392333984,52002200
2026-02-13,37.855759415614344,38.20315329743015,37.80613280000297,38.04434585571289,36467000
2026-02-17,38.193226421992115,38.38180907937491,37.91531434031891,38.23292922973633,26534500
2026-02-18,38.47113746645067,38.62002109834337,38.36196042749981,38.43143844604492,23168700
2026-02-19,38.30240659207443,38.371884611299016,38.09397253440066,38.32225799560547,25484200
2026-02-20,37.657248219671104,38.52076721191406,37.647324411305675,38.52076721191406,42075300
2026-02-23,38.679574741670166,38.81853077672459,38.312329464720065,38.3917350769043,23351200
2026-02-24,37.85575994613022,38.20315383281445,37.796209521069244,38.08404541015625,34974900
2026-02-25,38.12374699844803,38.19322501630922,37.83590733229849,38.133670806884766,27342200
2026-02-26,37.170901406374476,37.30985743851225,36.84335894239152,37.11134719848633,51883100
2026-02-27,37.031945745423386,37.16097418440582,36.922764923001374,37.002166748046875,28610400
2026-03-02,36.18828049684922,36.73418085789109,36.16842909274083,36.625003814697266,35557000
2026-03-03,35.503423901706455,35.93021962206282,35.06670437248354,35.791263580322266,65873200
2026-03-04,35.86074175512743,36.039400605637375,35.57290207527603,35.94014358520508,35218800
2026-03-05,35.265208010268985,35.543123857718214,35.08654917486158,35.31483840942383,44713700
2026-03-06,35.39424354700373,35.75156125127675,35.28506271666829,35.55305099487305,42539500
2026-03-09,35.74163137793735,36.28753549482017,35.543124920454126,36.2081298828125,43347700
2026-03-10,36.26768371939075,36.80366023613476,36.11880009153922,36.31731033325195,39777200
2026-03-11,36.158502169692625,36.22798018495412,35.92028912717616,36.128726959228516,24779800
2026-03-12,36.049321808723406,36.15850263017271,35.78133355232999,35.8905143737793,26035000
2026-03-13,36.26768458863229,36.43641583705801,35.920290710741895,35.96992111206055,23224200
2026-03-16,36.634927342927305,36.76395957550908,36.51582270545775,36.60515213012695,34940000
2026-03-17,36.793732998361826,36.833435804342926,36.555523735011164,36.615074157714844,20265300
2026-03-18,36.357013440954965,36.44634286115458,35.93021774291992,35.93021774291992,38436300
2026-03-19,35.62252841419933,36.12872974878091,35.52327518081023,35.920291900634766,47868200
2026-03-20,35.404165827253365,35.43394482550241,34.82849027343533,34.89796829223633,63492200
2026-03-23,35.09647779012941,35.493494491042,34.947594160869706,35.116329193115234,46218500
2026-03-24,34.917818388905694,35.235433259043525,34.858264180904385,35.07662582397461,29614200
2026-03-25,35.67215431601047,35.830961758011355,35.513346874009585,35.73170852661133,35923900
2026-03-26,34.838412792409414,35.09647724091883,34.669681549072266,34.669681549072266,40289900
2026-03-27,34.71931085976675,34.8284916898279,34.51087679488722,34.59027862548828,26314200
2026-03-30,34.88804608434023,34.997223128702274,34.6399092097326,34.73916244506836,30870600
2026-03-31,34.888043352914906,35.672152937722316,34.82848914461508,35.63245391845703,45100500
2026-04-01,35.33468956207296,35.54312741508856,35.24536013542863,35.29499053955078,34947200
2026-04-02,34.85826721539261,35.394243775258595,34.8086405975387,35.29499053955078,21719300
2026-04-06,35.076626827999476,35.443868322182944,35.036924021528826,35.28506088256836,18163100
2026-04-07,35.09647916495689,35.22551139628532,34.78878808602543,35.21558380126953,29016400
2026-04-08,36.27760799205666,36.37686500731762,35.94014171270538,36.079097747802734,43485900
2026-04-09,35.78133346382815,36.04932171955871,35.592750818507184,36.01954650878906,22576200
2026-04-10,36.17835721203712,36.20813242549695,35.910368932093945,35.9798469543457,15711300
2026-04-13,35.74163109984416,36.19820579279989,35.692004485859485,36.18827819824219,17382700
2026-04-14,36.25775647642087,36.6349255607054,36.25775647642087,36.615074157714844,33562500
2026-04-15,36.40664187683226,36.674630150839874,36.32723626100712,36.60515213012695,20380900
2026-04-16,37.08157358081903,37.17090300335518,36.86321192878221,36.95254135131836,25838200
2026-04-17,37.33963366024691,37.59769811514776,37.25030423913016,37.31978225708008,31336100
2026-04-20,37.2999354825984,37.409112523079735,37.170903252233785,37.379337310791016,14775600
2026-04-21,37.25030315415126,37.28008215116815,36.77388085082786,36.83343505859375,24087000
2026-04-22,36.734179916927765,36.853288338527044,36.64485049386235,36.694480895996094,16026300
2026-04-23,36.47612022097853,36.535674433375455,35.97984647647542,36.21805953979492,24743900
2026-04-24,36.40664159758857,36.64485087070058,36.33716357740855,36.58530044555664,20077700
2026-04-27,36.2180589783034,36.366938827585315,36.14857717178341,36.1783561706543,23911900
2026-04-28,35.88059371863412,36.05925257192957,35.850814718906044,35.9798469543457,19974500
2026-04-29,36.307388782334186,36.31731259121625,35.979846295203615,36.069175720214844,23295600
2026-04-30,36.05925242383051,36.55552617288668,35.979846806572766,36.51582336425781,23690600
2026-05-01,36.396711417372714,36.81358329511142,36.396711417372714,36.53567123413086,17967000
2026-05-04,36.26768315600042,36.53567141020943,36.208128948531346,36.27760696411133,22292000
2026-05-05,36.376866986585185,36.40664219964955,36.19820813566261,36.21805953979492,12978700
2026-05-06,36.73417951271936,37.23045323845128,36.65477768546163,37.21060562133789,42236400
2026-05-07,37.2800832616044,37.30985847324029,36.853287558905954,36.912837982177734,36112300
2026-05-08,37.220527854100744,37.349560077483304,36.89298539157607,36.962467193603516,19520900
2026-05-11,37.23045295696226,37.35948518483204,37.16097493878654,37.19075393676758,19442100
2026-05-12,37.16097681806154,37.230454839750855,36.79373530537974,37.05179977416992,32104800
2026-05-13,36.84336143710179,38.064194384463676,36.8334376282491,37.9748649597168,72843700
2026-05-14,37.08157182258163,37.12127462766363,36.7838083570024,36.962467193603516,54300300
2026-05-15,36.32723444337645,36.357013440954965,35.93021774291992,35.93021774291992,51576900
2026-05-18,36.06917321137491,36.10887601667791,35.821036357633,35.8905143737793,23318300
2026-05-19,35.91036743493035,36.118801492995665,35.890516031362026,36.009620666503906,25947500
2026-05-20,35.95006970878669,36.03939913038502,35.67215384922077,35.96992111206055,26394300
2026-05-21,35.34461599630504,35.68208228740111,35.18580855262854,35.622528076171875,32272900
2026-05-22,34.92774468249751,35.344616595634676,34.88804566060631,35.255287170410156,31702200
2026-05-26,35.35453787472602,35.493493907072605,35.29498745301629,35.48357009887695,19857800
2026-05-27,34.86819149498514,35.19573017068872,34.858263900597464,35.0567741394043,21946200
2026-05-28,34.45132074483113,34.78878702599093,34.37191891846483,34.7292366027832,30874300
2026-05-29,34.75901262949478,35.02700089901795,34.62998039907219,34.788787841796875,24162300
2026-06-01,34.9674450024395,35.18580664550972,34.73915955116968,35.07662582397461,26340900
2026-06-02,36.15850542630418,36.35701568190206,35.98977038385212,36.089027404785156,42943400
2026-06-03,35.50342432430987,35.523275728547404,35.235436046505384,35.27513885498047,30134400
2026-06-04,35.41409200705903,35.57289944172562,35.205657958984375,35.205657958984375,23108500
2026-06-05,35.027000551055885,35.05677576306219,34.342140384766324,34.491024017333984,39108900
2026-06-08,34.739161826980386,34.80863984773289,34.421546936035156,34.421546936035156,21810000
2026-06-09,34.70938481852367,34.76893524107754,34.13370549204978,34.43146896362305,25563000
2026-06-10,34.60020484304786,34.808638899628136,34.47117261390709,34.491024017333984,21329100
2026-06-11,34.16347996858657,34.66968126701563,34.06422674228607,34.64982986450195,27589700
2026-06-12,35.07662704250388,35.086550851048216,34.84834158330363,35.027000427246094,18805800
2026-06-15,35.20000076293945,35.25,35.04999923706055,35.11000061035156,20308600
2026-06-16,34.4900016784668,34.61000061035156,34.41999816894531,34.560001373291016,29820500
2026-06-17,34.130001068115234,34.36000061035156,33.599998474121094,33.650001525878906,52604600
2026-06-18,33.400001525878906,33.41999816894531,33.220001220703125,33.29999923706055,28462700
2026-06-22,33.43000030517578,33.619998931884766,33.279998779296875,33.43000030517578,26206600
2026-06-23,32.7599983215332,33.0099983215332,32.7599983215332,32.83000183105469,24410100
2026-06-24,32.400001525878906,32.58000183105469,32.33000183105469,32.36000061035156,24731100
2026-06-25,31.84000015258789,31.920000076293945,31.489999771118164,31.68000030517578,44140300
2026-06-26,31.200000762939453,31.65999984741211,31.190000534057617,31.59000015258789,21088400
2026-06-29,31.709999084472656,31.860000610351562,31.639999389648438,31.709999084472656,30606500
2026-06-30,31.59000015258789,31.739999771118164,31.40999984741211,31.59000015258789,24012600
2026-07-01,31.440000534057617,32.22999954223633,31.389999389648438,31.969999313354492,39553400
2026-07-02,31.950000762939453,32.13999938964844,31.65999984741211,31.90999984741211,32308200
2026-07-06,32.380001068115234,32.529998779296875,32.310001373291016,32.4900016784668,30918600
2026-07-07,32.4900016784668,32.724998474121094,32.32500076293945,32.4900016784668,19050511
