Date,Close,High,Low,Open,Volume
2007-01-11,67.55616760253906,67.61025704615678,67.55616760253906,67.61025704615678,1100
2007-01-12,67.56291198730469,67.56291198730469,67.50882255816565,67.52910480452982,1500
2007-01-16,67.49539947509766,67.49539947509766,67.49539947509766,67.49539947509766,600
2007-01-17,67.48859405517578,67.56972826349416,67.48183158158525,67.56972826349416,700
2007-01-18,67.5493392944336,67.5493392944336,67.50200721232558,67.50200721232558,6200
2007-01-19,67.47506713867188,67.51563165941813,67.4615421929195,67.51563165941813,2000
2007-01-22,67.50883483886719,67.542642027792,67.50883483886719,67.542642027792,1200
2007-01-23,67.41414642333984,67.44119112899813,67.41414642333984,67.44119112899813,1200
2007-01-24,67.44123840332031,67.44123840332031,67.44123840332031,67.44123840332031,1300
2007-01-25,67.30598449707031,67.38035616103843,67.30598449707031,67.38035616103843,2100
2007-01-26,67.31272888183594,67.31272888183594,67.25864462972153,67.29244664251178,1200
2007-01-29,67.29248046875,67.3465699063039,67.27219821923046,67.33980743704649,3100
2007-01-30,67.32626342773438,67.34654566995484,67.32626342773438,67.34654566995484,400
2007-01-31,67.50204467773438,67.50204467773438,67.38710853574531,67.38710853574531,3600
2007-02-01,67.45936584472656,67.60169886231166,67.45258660454294,67.60169886231166,1600
2007-02-02,67.49322509765625,67.54744865150553,67.47289255772344,67.47289255772344,6800
2007-02-05,67.58137512207031,67.58137512207031,67.58137512207031,67.58137512207031,7100
2007-02-06,67.69660949707031,67.69660949707031,67.55427643332165,67.55427643332165,6600
2007-02-07,67.77115631103516,67.77115631103516,67.73727044588658,67.74404451628862,2200
2007-02-08,67.79822540283203,67.79822540283203,67.74400184749187,67.75756032184833,7500
2007-02-09,67.64913177490234,67.64913177490234,67.64913177490234,67.64913177490234,2000
2007-02-12,67.59492492675781,67.6830343651384,67.58136644636379,67.64236926604661,5000
2007-02-13,67.56781005859375,67.64236618422864,67.56781005859375,67.64236618422864,1900
2007-02-14,67.85928344726562,67.86605751891655,67.70339189149445,67.70339189149445,16600
2007-02-15,67.96096801757812,67.98130575219139,67.92708213532013,67.94063545401359,9900
2007-02-16,67.96772003173828,67.97449927389333,67.95416671847485,67.97449927389333,16300
2007-02-20,67.96096801757812,67.99485907088484,67.94063545401359,67.94063545401359,5400
2007-02-21,68.0219955444336,68.0219955444336,67.98133040255912,67.98133040255912,1900
2007-02-22,67.92031860351562,67.92031860351562,67.92031860351562,67.92031860351562,200
2007-02-23,68.06262969970703,68.09652074987336,67.93385508538108,67.93385508538108,13300
2007-02-26,68.1778564453125,68.19819417966663,68.14397056348628,68.15074980827099,1400
2007-02-27,68.59127807617188,68.63872243069484,68.34050298985628,68.34050298985628,12300
2007-02-28,68.4692611694336,68.59126164770727,68.43537530777432,68.59126164770727,126000
2007-03-01,68.48224639892578,68.6658973383508,68.48224639892578,68.57747358077464,48700
2007-03-02,68.67259216308594,68.67259216308594,68.5909667693735,68.64538369851512,13600
2007-03-05,68.69306945800781,68.77469493756502,68.67266438549088,68.76789151689621,8500
2007-03-06,68.62500762939453,68.7066330575793,68.5637924503706,68.59779915333294,10200
2007-03-07,68.72027587890625,68.72027587890625,68.63185217083615,68.63185217083615,4600
2007-03-08,68.73389434814453,68.73389434814453,68.67947735420783,68.68628077582247,3500
2007-03-09,68.48900604248047,68.51621453268635,68.4413924819924,68.4413924819924,8400
2007-03-12,68.61141204833984,68.6318171098174,68.54338825743248,68.54338825743248,8300
2007-03-13,68.82233428955078,68.88354953003766,68.73391054568371,68.7611138595725,25200
2007-03-14,68.8086929321289,68.90392004427079,68.79508609354383,68.83589623032225,5000
2007-03-15,68.74066925048828,68.78828280665087,68.73387102067107,68.78828280665087,20500
2007-03-16,68.7542724609375,68.76787410934259,68.69985548834086,68.69985548834086,9500
2007-03-19,68.638671875,68.67948202848495,68.62506503084467,68.63186845292233,2000
2007-03-20,68.74748992919922,68.77469842376415,68.74068650818555,68.76789500275049,10100
2007-03-21,68.883544921875,68.94476534775777,68.69309060044607,68.74750760356606,28000
2007-03-22,68.7542724609375,68.8358927303443,68.7338673935858,68.8358927303443,4300
2007-03-23,68.6863021850586,68.82233952281244,68.6863021850586,68.82233952281244,17400
2007-03-26,68.7746810913086,68.86990820354207,68.67265055977603,68.67265055977603,8200
2007-03-27,68.76106262207031,68.76786604021862,68.72025249215551,68.74065755711291,31500
2007-03-28,68.78148651123047,68.90392211473309,68.78148651123047,68.85630855723144,2100
2007-03-29,68.70667266845703,68.74748281133425,68.69986924814776,68.69986924814776,7100
2007-03-30,68.69983673095703,68.8018672293459,68.59100281547911,68.73384862691556,27600
2007-04-02,68.7025375366211,68.76397931899743,68.63427294040115,68.76397931899743,25100
2007-04-03,68.64118957519531,68.71628229045503,68.61388265980436,68.61388265980436,8200
2007-04-04,68.80496978759766,68.83227668073522,68.66843532190985,68.79814176224895,19400
2007-04-05,68.68891906738281,68.77083453814394,68.64113330668638,68.77083453814394,3300
2007-04-09,68.4159164428711,68.42956729743611,68.33399569069518,68.33399569069518,6900
2007-04-10,68.50466918945312,68.53197611050089,68.49101833306057,68.53197611050089,5500
2007-04-11,68.4977798461914,68.60017940639915,68.4568221054115,68.5797005360092,4800
2007-04-12,68.48411560058594,68.5182505167281,68.47046475908326,68.49094362546576,3500
2007-04-13,68.4090576171875,68.49780115256713,68.35444380698792,68.49780115256713,15200
2007-04-16,68.45681762695312,68.49095254754192,68.42268791462197,68.4363387579029,3100
2007-04-17,68.67525482177734,68.67525482177734,68.5728552872879,68.5728552872879,2200
2007-04-18,68.7776870727539,68.79133791999288,68.74355214226773,68.74355214226773,6300
2007-04-19,68.7776870727539,68.84595172546709,68.70942242004072,68.84595172546709,2800
2007-04-20,68.7572021484375,68.77768102162379,68.7094163749166,68.7094163749166,3500
2007-04-23,68.85277557373047,68.86642642014081,68.75037599674695,68.75037599674695,1900
2007-04-24,68.96883392333984,68.98248997957843,68.96200589522054,68.98248997957843,1300
2007-04-25,68.89372253417969,68.96881519832604,68.88689971617221,68.90737858671068,7100
2007-04-26,68.78453063964844,68.87327418739775,68.78453063964844,68.87327418739775,6900
2007-04-27,68.78453063964844,68.79135346067969,68.74356767215924,68.79135346067969,1700
2007-04-30,68.98929595947266,68.98929595947266,68.89372442216877,68.90055244862138,8800
2007-05-01,68.94955444335938,69.05233232925288,68.89474410138321,69.05233232925288,7600
2007-05-02,68.92222595214844,68.94278573498106,68.88111684149607,68.94278573498106,28400
2007-05-03,68.8604965209961,68.8604965209961,68.78512640511131,68.85364326659709,12900
2007-05-04,68.9632568359375,68.97695811373917,68.92899580018313,68.9632568359375,64900
2007-05-07,68.99066925048828,68.99066925048828,68.87418485760375,68.87418485760375,1500
2007-05-08,69.00439453125,69.0386555812215,68.98383999226802,68.99754127575524,8800
2007-05-09,68.89479064941406,69.02497118050051,68.83997504290188,68.99756337724443,10300
2007-05-10,68.9632568359375,68.9632568359375,68.90844126973056,68.90844126973056,12200
2007-05-11,68.9153060913086,69.08660084383571,68.9153060913086,69.08660084383571,1400
2007-05-14,68.81255340576172,68.90162482780934,68.81255340576172,68.90162482780934,8400
2007-05-15,68.81939697265625,68.89476709897056,68.76458138488181,68.86050604973599,8300
2007-05-16,68.8673095703125,68.87415759321216,68.8261952954226,68.8261952954226,4700
2007-05-17,68.70974731445312,68.79882392750088,68.69604603494619,68.75770963397854,8800
2007-05-18,68.58642578125,68.69605694471929,68.55216996329203,68.68235043553483,3300
2007-05-21,68.68233489990234,68.68233489990234,68.55215445710577,68.55215445710577,5300
2007-05-22,68.51105499267578,68.62068615507204,68.51105499267578,68.55901731934875,9900
2007-05-23,68.51105499267578,68.60697964602174,68.49735371112702,68.60697964602174,4000
2007-05-24,68.53842163085938,68.54527488126965,68.41508926096661,68.53156838044912,11400
2007-05-25,68.46992492675781,68.5452950209204,68.46307167433395,68.49047945652943,10600
2007-05-29,68.40826416015625,68.48363426318832,68.37400834900566,68.48363426318832,10800
2007-05-30,68.44939422607422,68.55217213821207,68.40827992471802,68.55217213821207,18600
2007-05-31,68.38770294189453,68.45622501249761,68.29863156861059,68.44251850737697,9600
2007-06-01,68.17654418945312,68.29347202799302,68.10775816900698,68.12839712372278,49100
2007-06-04,68.2659683227539,68.2659683227539,68.13528116258983,68.17655383022115,6800
2007-06-05,68.12154388427734,68.1696909686753,68.04588343056074,68.15593166019667,16600
2007-06-06,68.23157501220703,68.23157501220703,68.09401344773119,68.09401344773119,27900
2007-06-07,67.92205047607422,67.99771090147875,67.91517082440926,67.9701975424556,3000
2007-06-08,67.92205047607422,67.94956383509738,67.79824298428831,67.8670237580279,6000
2007-06-11,67.93580627441406,67.9701992859844,67.86015109470553,67.86015109470553,6200
2007-06-12,67.64695739746094,67.7845242642896,67.63320333459777,67.75013123567258,8000
2007-06-13,67.75694274902344,67.7844560947195,67.63313531720817,67.68128236026777,13200
2007-06-14,67.7294921875,67.80515264639172,67.66758579038905,67.75700555870053,3800
2007-06-15,67.92890167236328,67.93577607351189,67.78446053372548,67.78446053372548,14800
2007-06-18,67.9771499633789,67.99090403379583,67.86709640947437,67.90836911600971,9200
2007-06-19,68.16282653808594,68.16282653808594,68.05277828387158,68.08029165933512,5200
2007-06-20,68.06653594970703,68.1353167681857,68.00463478736823,68.1353167681857,74400
2007-06-21,68.01834869384766,68.10776318031546,67.98395568109399,68.08025506727688,8900
2007-06-22,68.16282653808594,68.18346025777365,67.95648409356907,68.01838525263219,8900
2007-06-25,68.25220489501953,68.32098566811244,68.2315659402187,68.32098566811244,4200
2007-06-26,68.28661346435547,68.36227391210204,68.19719895685417,68.36227391210204,6800
2007-06-27,68.36910247802734,68.4722762158266,68.35534318091582,68.45163727015931,5000
2007-06-28,68.27287292480469,68.35540779495406,68.25911361468697,68.34165373247558,3200
2007-06-29,68.49295043945312,68.49982484444202,68.3003621470164,68.31411620463157,4000
2007-07-02,68.59378814697266,68.61450424355803,68.51091849204099,68.5661649286621,11300
2007-07-03,68.49710845947266,68.63521928030262,68.49020133785413,68.58687996615312,3700
2007-07-05,68.21401977539062,68.37975392428248,68.20021079156363,68.36594494045549,4100
2007-07-06,68.11038970947266,68.1656361460776,68.04133429801158,68.15872902435443,6200
2007-07-09,68.17939758300781,68.21392262770281,68.15867623388749,68.1932065471686,5300
2007-07-10,68.57998657226562,68.57998657226562,68.4211596233776,68.44878284679099,36200
2007-07-11,68.41424560546875,68.62831897960884,68.41424560546875,68.57307780694053,6200
2007-07-12,68.33829498291016,68.48331296506053,68.31067175746367,68.46950398663306,11200
2007-07-13,68.39350891113281,68.42803397507981,68.32445351464979,68.42803397507981,3200
2007-07-16,68.55236053466797,68.56617478010314,68.39353359230006,68.42115681457946,26400
2007-07-17,68.49710845947266,68.55234962665058,68.40042983117367,68.40042983117367,6700
2007-07-18,68.66976165771484,68.73190995740597,68.53855266691218,68.53855266691218,17900
2007-07-19,68.64216613769531,68.64907326331226,68.51786421955606,68.60763577820374,13000
2007-07-20,68.89073181152344,68.93907112687788,68.75952284045125,68.75952284045125,53700
2007-07-23,68.89073181152344,68.92525688329648,68.81476927759641,68.87691756794203,123700
2007-07-24,69.01502990722656,69.01502990722656,68.93216025601595,68.94596923025608,8800
2007-07-25,69.07714080810547,69.12548009466855,69.04951760598556,69.04951760598556,26400
2007-07-26,69.5398178100586,69.60887844987117,69.36717674770135,69.36717674770135,53700
2007-07-27,69.60199737548828,69.6779598928357,69.5053187658805,69.58818313492199,14400
2007-07-30,69.4570083618164,69.65727278464423,69.4570083618164,69.62964956060681,9700
2007-07-31,69.61580657958984,69.61580657958984,69.4017332674001,69.40864038770628,37300
2007-08-01,69.48412322998047,69.72671013378232,69.33163852244849,69.33163852244849,5500
2007-08-02,69.61580657958984,69.63659898467141,69.5118392661848,69.53956423562596,4700
2007-08-03,69.90001678466797,69.90001678466797,69.67128962672346,69.67128962672346,13400
2007-08-06,69.67817687988281,69.94848869511151,69.67817687988281,69.83066155267781,7500
2007-08-07,69.58116912841797,69.77523868252153,69.58116912841797,69.74751370507835,12800
2007-08-08,69.47025299072266,69.55342260929466,69.27617820872806,69.55342260929466,13100
2007-08-09,69.76831817626953,69.77524545530368,69.64355840966468,69.76138560923614,116100
2007-08-10,69.67125701904297,69.86533182125561,69.65739717716947,69.86533182125561,28900
2007-08-13,69.7959976196289,69.8098627457002,69.6435182488182,69.65737808689327,4900
2007-08-14,70.64161682128906,70.64161682128906,69.69206156369405,69.69206156369405,6100
2007-08-15,70.10099029541016,70.19109249291141,69.97623055917875,70.07326532202562,18400
2007-08-16,70.60699462890625,70.74561427227135,70.28123265019777,70.28123265019777,30100
2007-08-17,70.3851089477539,70.50293602094499,70.26727658656922,70.26727658656922,82300
2007-08-20,70.5307388305664,70.620841052825,70.47528886856138,70.47528886856138,8400
2007-08-21,70.73171997070312,70.80102975862584,70.57230269928279,70.80102975862584,30900
2007-08-22,70.5099105834961,70.61387259942246,70.41287055530357,70.53070298668136,16300
2007-08-23,70.4197998046875,70.55149206932506,70.37821500027417,70.45445733369628,25600
2007-08-24,70.37128448486328,70.48911162612781,70.26731718280772,70.45445938410705,7600
2007-08-27,70.49608612060547,70.49608612060547,70.32280894344697,70.4406361547948,11500
2007-08-28,70.90493774414062,70.90493774414062,70.64155336726374,70.64155336726374,7400
2007-08-29,70.66239929199219,70.98123380955262,70.66239929199219,70.9327111450564,51500
2007-08-30,70.92574310302734,70.96732789098283,70.78019105718874,70.9049507090496,10700
2007-08-31,70.90493774414062,70.91879757492673,70.6138284176981,70.73166077535043,13200
2007-09-04,70.85563659667969,70.94607919727233,70.77911069202331,70.94607919727233,8600
2007-09-05,71.20344543457031,71.20344543457031,70.95995644946235,70.95995644946235,25000
2007-09-06,71.02947998046875,71.20340133463624,71.02252164015766,71.20340133463624,60200
2007-09-07,71.50260925292969,71.5791351407772,71.27303158938716,71.27303158938716,26400
2007-09-10,71.6556396484375,71.7530352388807,71.52345764383817,71.55128571363075,73100
2007-09-11,71.47480010986328,71.64872166328942,71.47480010986328,71.60698218891982,6900
2007-09-12,71.42609405517578,71.50261995447664,71.34261511605771,71.44696378995529,16500
2007-09-13,71.1269302368164,71.28694034112654,71.02953462816244,71.24520088246415,134400
2007-09-14,71.19645690917969,71.37733663900994,71.09210832241179,71.37733663900994,8200
2007-09-17,71.18260192871094,71.19651331541492,71.05041987053616,71.05041987053616,3300
2007-09-18,71.27302551269531,71.27302551269531,71.02953648469622,71.0504062145729,6500
2007-09-19,71.23820495605469,71.2451632980485,71.057325217834,71.2451632980485,211500
2007-09-20,70.71644592285156,71.07820011800628,70.70252923784935,70.99472123863374,12900
2007-09-21,70.92518615722656,70.9530142343738,70.77909273295082,70.8486602719874,28000
2007-09-24,70.98775482177734,70.99471316348698,70.82774480841303,70.91122898595,19800
2007-09-25,71.07818603515625,71.21732631930932,71.04340494486233,71.21036797818688,13100
2007-09-26,71.11294555664062,71.14772663378936,70.98076366356689,71.00859170988016,18800
2007-09-27,71.27302551269531,71.27998385854178,71.14084878758881,71.14084878758881,6800
2007-09-28,71.23820495605469,71.37733994997225,71.14776243311445,71.22428827206704,24300
2007-10-01,71.27452850341797,71.36529191862013,71.15584361975984,71.28151153377772,46600
2007-10-02,71.37921905517578,71.41412886405121,71.14184939958767,71.19770296319275,12400
2007-10-03,71.30247497558594,71.49097956187978,71.23964366448331,71.49097956187978,6200
2007-10-04,71.37225341796875,71.39319717623833,71.27450700189421,71.30941681667011,9300
2007-10-05,71.03716278076172,71.10697710885968,70.96734845266374,71.0720726080566,8400
2007-10-08,71.20475769042969,71.20475769042969,70.9883315554495,70.9883315554495,19600
2007-10-09,70.93940734863281,71.0650752444604,70.93940734863281,71.05110918576248,37000
2007-10-10,70.97433471679688,71.01622225026557,70.8137569610135,70.84866678989877,9000
2007-10-11,71.00927734375,71.01626037857463,70.78586816781622,70.84870482824802,45800
2007-10-12,70.9115219116211,70.96737552600378,70.84869059031095,70.91850494504239,42500
2007-10-15,70.85566711425781,70.89057695428761,70.72302144043083,70.72302144043083,5600
2007-10-16,71.0162124633789,71.02319549349203,70.9254490513823,71.00224640315267,15300
2007-10-17,71.2536392211914,71.29553210889074,71.02325230807514,71.02325230807514,10200
2007-10-18,71.58174896240234,71.58873199579024,71.42117647993733,71.42117647993733,26200
2007-10-19,71.8679428100586,71.8679428100586,71.67943833025018,71.67943833025018,40400
2007-10-22,71.8679428100586,71.9517178442046,71.76321869088613,71.84699905152209,11400
2007-10-23,71.84003448486328,71.93079257067474,71.63058619269367,71.63058619269367,39900
2007-10-24,72.10533905029297,72.2100632080137,71.92381753200983,71.92381753200983,49900
2007-10-25,72.11932373046875,72.2030988170792,72.07743086067022,72.17517201271127,10000
2007-10-26,72.05641174316406,72.17509654275486,71.909800168407,72.01452424365854,16800
2007-10-29,72.0424575805664,72.08434508388711,71.91678974411609,72.01453080285654,15500
2007-10-30,72.05641174316406,72.06339476857755,71.91678319382049,72.05641174316406,12600
2007-10-31,71.80516052246094,71.99366514485708,71.70741935769776,71.96573833685417,17800
2007-11-01,72.19886779785156,72.2479109668262,71.8485579208029,71.8485579208029,24600
2007-11-02,72.28997802734375,72.47214073968695,72.19889934382559,72.21991709038309,12200
2007-11-05,72.31794738769531,72.46507684480399,72.30393200398818,72.444059114546,18300
2007-11-06,72.25495147705078,72.37406096058619,72.22692603064877,72.26195917497812,5500
2007-11-07,72.51416778564453,72.56321097033465,72.30397965394046,72.30397965394046,30200
2007-11-08,72.73838806152344,72.83647446070044,72.55622531506275,72.55622531506275,102400
2007-11-09,72.97654724121094,73.0255904041968,72.82941240694944,73.00456732408526,22800
2007-11-12,73.06766510009766,73.07467279723024,72.9205355321537,73.06766510009766,13100
2007-11-13,72.63320922851562,72.92046573763524,72.63320922851562,72.92046573763524,13700
2007-11-14,72.79438018798828,72.79438018798828,72.58419216213174,72.58419216213174,24900
2007-11-15,73.07464599609375,73.17973468800616,72.83643248871445,73.0045797410791,21600
2007-11-16,73.07464599609375,73.25680329227846,73.0045797410791,73.0045797410791,25100
2007-11-19,73.55110931396484,73.64919571216117,73.0466619259221,73.0466619259221,8900
2007-11-20,73.56510162353516,73.74025662740073,73.39695431651005,73.59312706559044,75300
2007-11-21,74.0204849243164,74.1746221396992,73.89437314312185,73.97144175081324,21400
2007-11-23,73.76126098632812,73.91539821700584,73.71221780795845,73.91539821700584,28100
2007-11-26,74.3778076171875,74.51092175705743,73.83832732643886,73.92940598480305,47100
2007-11-27,73.97843933105469,74.44085094739178,73.84532520887359,74.44085094739178,45000
2007-11-28,73.80326843261719,74.02747184319985,73.68416437972279,73.98543103106384,20900
2007-11-29,74.0695571899414,74.20267671829431,73.97147080440993,74.09057493751142,25100
2007-11-30,74.19564819335938,74.19564819335938,73.79629506570937,73.88036603239004,27500
2007-12-03,74.50634765625,76.44632575713659,74.23222095709083,76.44632575713659,38300
2007-12-04,74.47817993164062,74.59766987429968,74.31651832983646,74.47114953424244,57300
2007-12-05,74.37981414794922,74.52742039364342,74.274379583132,74.43604663086836,49600
2007-12-06,74.07759094238281,74.41498056693754,74.06353549923001,74.41498056693754,32200
2007-12-07,73.88778686523438,74.03539309801594,73.69097319223471,73.96510518182818,51300
2007-12-10,73.66986846923828,73.98617205493886,73.6276968028607,73.97211125773107,85200
2007-12-11,74.50634765625,74.50634765625,73.73316964932347,73.88780632323392,40700
2007-12-12,73.96516418457031,74.1549422459275,73.62777441005598,73.71914823772744,54500
2007-12-13,73.76123809814453,73.9369605023329,73.13566676824375,73.91587467184985,56400
2007-12-14,73.49417877197266,73.65584583612078,73.45903748854936,73.5785275049141,35800
2007-12-17,73.88070678710938,73.88070678710938,73.59954994878522,73.62766616887971,51700
2007-12-18,73.85260772705078,74.05644634813322,73.74717321785339,73.84557732973845,19900
2007-12-19,74.2181396484375,74.2462558870741,73.83858383340389,74.0986496562001,13000
2007-12-20,74.23217010498047,74.358690445815,74.08456393444385,74.20405387783701,26900
2007-12-21,73.85968780517578,74.07758200482486,73.80345531409682,74.07758200482486,17500
2007-12-24,73.70502471923828,73.77531262658218,73.62770641237292,73.62770641237292,7900
2007-12-26,73.48006439208984,73.73310502532266,73.45897856642394,73.64875636003806,14500
2007-12-27,73.79885864257812,73.80590606443346,73.64372928637934,73.71424116291206,15800
2007-12-28,74.17962646484375,74.25014372357185,73.96809082779407,74.0103968792617,13800
2007-12-31,74.40523529052734,74.48279993756762,74.20075254437667,74.48279993756762,204500
2008-01-02,74.79303741455078,74.85650182590163,74.33470246042191,74.50393730421906,56600
2008-01-03,74.9058837890625,74.91998400721528,74.67318984172162,74.76485470898803,10200
2008-01-04,75.15970611572266,75.23727074496202,75.09624708073116,75.13150568664285,65300
2008-01-07,75.23725891113281,75.26546471548419,75.10328806509773,75.12444107343447,41100
2008-01-08,75.29369354248047,75.32895215362751,75.06099962021095,75.15971727577218,27900
2008-01-09,75.32892608642578,75.57572013992701,75.32892608642578,75.44174391958053,122600
2008-01-10,75.28670501708984,75.45594003942229,75.216193114308,75.38542813664044,115900
2008-01-11,75.57579040527344,75.58989063013715,75.3360435448952,75.343096347183,26800
2008-01-14,75.62505340576172,75.63915361275316,75.4981300240184,75.55454161139433,39900
2008-01-15,75.82252502441406,75.82252502441406,75.59688394616562,75.74496039941856,88200
2008-01-16,75.8013687133789,75.97059816976976,75.69559828574432,75.87893333499709,86400
2008-01-17,76.18212890625,76.19622911753164,75.75199983611951,75.75199983611951,39400
2008-01-18,76.15397644042969,76.31615857214395,75.97064128712454,76.08346457522323,46300
2008-01-22,76.8379135131836,76.98598996826114,76.5417606030285,76.98598996826114,104600
2008-01-23,76.68988037109375,77.57833960334393,76.61231570133545,77.57833960334393,49200
2008-01-24,76.23149871826172,76.67572806379223,76.23149871826172,76.65457505396328,131500
2008-01-25,76.56993865966797,76.56993865966797,75.87891540453393,75.94237441829462,27000
2008-01-28,76.45714569091797,76.56291612793451,76.32316944538314,76.37252826536314,48900
2008-01-29,76.23149871826172,76.3513693604308,76.11162807609264,76.30906334077288,207500
2008-01-30,76.32318115234375,76.3302339504821,76.00587517233147,76.13279864027812,40500
2008-01-31,76.58402252197266,76.68979289460579,76.41479315358244,76.68274010184234,77800
2008-02-01,76.74877166748047,76.86187919777161,76.56497462738928,76.75584223643963,218100
2008-02-04,76.52257537841797,76.64981867560921,76.4942984909016,76.50843963129219,38100
2008-02-05,77.01741790771484,77.04569479907927,76.84776195279382,76.93965780477905,65700
2008-02-06,76.92550659179688,76.98206036315703,76.78412755666098,76.86895282043673,43900
2008-02-07,76.48722076416016,76.98205815949977,76.32463541773441,76.98205815949977,32300
2008-02-08,76.8901596069336,76.89723017671301,76.64981416707879,76.6639499133731,114900
2008-02-11,76.9891357421875,77.09516732853068,76.87602819240168,76.9325819672946,30900
2008-02-12,76.93255615234375,76.97496877264935,76.57910326776248,76.75582971005312,56200
2008-02-13,76.82653045654297,77.00325692470825,76.78411783002772,76.82653045654297,194200
2008-02-14,76.6851806640625,76.77000594941995,76.5650025210297,76.69224584233172,53500
2008-02-15,76.76288604736328,76.77702718134583,76.66391968253494,76.77702718134583,46800
2008-02-19,76.28223419189453,76.6074103266269,76.2115392725163,76.4377489920373,56600
2008-02-20,76.17620849609375,76.40241824914108,76.11965470951543,76.23275688940613,16300
2008-02-21,76.72052764892578,76.7558751155992,76.14086479103885,76.14793536302678,159700
2008-02-22,76.54379272460938,76.82655624725042,76.5367221533953,76.64982971975797,60500
2008-02-25,76.23277282714844,76.49433009980663,76.16915384889667,76.4448468745218,54000
2008-02-26,76.40240478515625,76.48016487968171,76.28223205480417,76.31050354984527,58400
2008-02-27,76.52969360351562,76.7912455376965,76.42365655761637,76.77003920717029,15700
2008-02-28,77.13047790527344,77.1658253459959,76.82650825215188,76.8547851260774,47200
2008-02-29,77.7737808227539,77.7737808227539,77.44153959685093,77.51222910463318,26300
2008-03-03,77.66256713867188,77.7900920924708,77.57046247997084,77.71924069186909,162800
2008-03-04,77.63421630859375,78.00261867392497,77.57753735848058,77.80424775373108,26900
2008-03-05,77.4642105102539,77.71926048279931,77.39336449681448,77.70509344219316,56200
2008-03-06,77.85380554199219,77.9388239290046,77.62709524849218,77.62709524849218,45000
2008-03-07,78.0664291381836,78.20103496629783,77.74761391272231,78.16561465582791,87200
2008-03-10,78.33563232421875,78.41356456073609,78.05932908754976,78.08058235110823,45800
2008-03-11,77.591796875,77.80434048865384,77.56346277137422,77.69806868182691,30400
2008-03-12,78.18687438964844,78.20104143396703,77.64843481704352,77.73345329857243,30700
2008-03-13,78.05219268798828,78.42768118334654,77.9246677834137,78.35683521529418,120000
2008-03-14,78.57649230957031,78.66859155982894,78.18683124077843,78.18683124077843,191700
2008-03-17,78.95196533203125,79.18575652189543,78.77484768216951,78.98030480463333,80300
2008-03-18,78.46310424804688,78.83859273085778,78.39225828236192,78.82442569980108,51000
2008-03-19,78.8315200805664,78.83860629991474,78.30016713867604,78.36393230240773,162000
2008-03-20,78.74654388427734,78.84572938071798,78.55525370885312,78.82447611793845,61100
2008-03-24,77.83969116210938,78.27893961243666,77.80426545892661,78.25768635260836,98500
2008-03-25,77.8963623046875,78.07348000470289,77.78300978738334,77.96012748739872,67200
2008-03-26,78.10887145996094,78.15846417801319,77.93175383760274,78.10178524161036,97100
2008-03-27,78.08056640625,78.16558484832665,77.93178818651832,77.99554796417335,22000
2008-03-28,78.22935485839844,78.24352730319994,77.97430490401116,78.09474906400803,36700
2008-03-31,78.37808990478516,78.42060181055811,78.29307690364124,78.41351559206245,46300
2008-04-01,77.75608825683594,78.04723237497842,77.68507921410252,78.04012984541227,140100
2008-04-02,77.53591918945312,77.67793720273566,77.40810081044287,77.62823035632279,137400
2008-04-03,77.42233276367188,77.72057396664611,77.36552336758854,77.70637432644638,37500
2008-04-04,77.7986831665039,77.82708786368198,77.69217232413868,77.69217232413868,30100
2008-04-07,77.4010238647461,77.59985131610809,77.22349858065263,77.48623795146197,84500
2008-04-08,77.43653869628906,77.60696146882209,77.42233363828666,77.52884990273566,265400
2008-04-09,77.84127044677734,77.90517693374541,77.55722897464707,77.62823798826952,73800
2008-04-10,77.66377258300781,77.92650656779753,77.585661015194,77.87679969897442,41500
2008-04-11,77.93355560302734,77.97615991344841,77.85544408882963,77.89095129260629,31200
2008-04-14,77.82705688476562,78.00458210823345,77.80575472477186,77.87676373063101,54700
2008-04-15,77.59273529052734,77.77736307080816,77.55723349046923,77.68505188948814,26800
2008-04-16,77.1524887084961,77.5856508303679,77.09567931797218,77.5359439680699,91200
2008-04-17,77.00337982177734,77.22350947145266,76.82585451264757,77.13119826105648,74900
2008-04-18,76.85424041748047,76.86844005497562,76.41397580815426,76.66961262419643,199300
2008-04-21,76.78327178955078,76.89689062786698,76.64835619110579,76.76196961177759,89700
2008-04-22,76.81161499023438,76.84001967706763,76.69089913442306,76.70509876901967,68300
2008-04-23,76.6909408569336,76.81875930840087,76.6625361546472,76.79745713609682,30700
2008-04-24,76.29324340820312,76.54177764286291,76.17962466227866,76.48496826990068,114400
2008-04-25,76.14410400390625,76.31452666293343,76.09439716928837,76.20801046942694,95900
2008-04-28,76.32170867919922,76.38561521128103,76.2009873114153,76.2009873114153,22300
2008-04-29,76.4566421508789,76.541856297889,76.35012582152768,76.42823743520887,100200
2008-04-30,76.57730865478516,76.63411804942227,76.23646312224668,76.40688588851592,102900
2008-05-01,76.42716217041016,76.83293209278118,76.42716217041016,76.81157663863436,184800
2008-05-02,76.15656280517578,76.32741167236351,76.10673165927987,76.14232223138406,151300
2008-05-05,76.2776107788086,76.36303253068766,75.9786237848524,76.30608650649819,89600
2008-05-06,76.22064971923828,76.51252181788698,76.21352943041565,76.45557036968395,83200
2008-05-07,76.43421173095703,76.46268745386509,76.15658022158948,76.15658022158948,46500
2008-05-08,76.79019165039062,76.79019165039062,76.50543969849858,76.52679514443193,17400
2008-05-09,76.80436706542969,76.93250507255564,76.76165620678354,76.88267392707263,66100
2008-05-12,76.66912841796875,76.89692877443467,76.66912841796875,76.74743529967787,21600
2008-05-13,76.18502044677734,76.42706128037966,76.17078530653565,76.38435042846788,51100
2008-05-14,76.0853271484375,76.3416030177874,75.9144783792657,76.3416030177874,46000
2008-05-15,76.42716217041016,76.42716217041016,76.09257890559314,76.09257890559314,173100
2008-05-16,76.2989273071289,76.56232358054297,76.25621645297034,76.25621645297034,31300
2008-05-19,76.47689819335938,76.49825362092798,76.2419776277306,76.3914710518979,23600
2008-05-20,76.6335220336914,76.68335318166751,76.52673945054612,76.55521516813072,85600
2008-05-21,76.48405456542969,76.61930748090666,76.41286253169592,76.49116942385136,60400
2008-05-22,76.04270935058594,76.19932317693396,75.91457125913674,76.19932317693396,90700
2008-05-23,76.3630142211914,76.3630142211914,76.17793018237106,76.19928561522045,52900
2008-05-27,76.02843475341797,76.22775936310447,76.00707388993304,76.07114561801129,92400
2008-05-28,75.66535186767578,75.92162783550155,75.6582315821288,75.89315212450019,63100
2008-05-29,75.48743438720703,75.56574128823281,75.28810970502876,75.50878982727039,113500
2008-05-30,75.6369400024414,75.74372265103601,75.62270485051798,75.70812662444077,52700
2008-06-02,75.97452545166016,76.5241320677305,73.85460410481515,76.5241320677305,161200
2008-06-03,76.36711883544922,76.45991347544512,75.88888880639053,75.94599236243495,660900
2008-06-04,76.22438049316406,76.48134110058005,76.17441623314961,76.48134110058005,338900
2008-06-05,75.93887329101562,76.13873034472977,75.93887329101562,76.0245286479058,98600
2008-06-06,76.42420196533203,76.50271797248416,76.18865394387564,76.18865394387564,33600
2008-06-09,75.80323028564453,76.10302121942749,75.76040534325894,75.99595341776892,60300
2008-06-10,75.34644317626953,75.61768244276955,75.30361821658923,75.61768244276955,158500
2008-06-11,75.58198547363281,75.76043005269904,75.37498910843243,75.57484616567518,21300
2008-06-12,74.90385437011719,75.27501648102854,74.88957576256684,75.22505224598869,45400
2008-06-13,74.8253402709961,75.18936308740162,74.79678850086154,74.98950614215309,235900
2008-06-16,74.803955078125,74.97526031569637,74.79681577156506,74.97526031569637,36500
2008-06-17,75.1180191040039,75.12515841107054,74.89674959619963,74.98240494391212,37200
2008-06-18,75.35359954833984,75.40356382784668,75.18942808956132,75.22511919450822,31200
2008-06-19,75.03239440917969,75.26080330078476,75.03239440917969,75.17514792429628,25900
2008-06-20,75.31778717041016,75.43199416579137,75.25354981977519,75.3392050663111,12200
2008-06-23,75.21794891357422,75.36070782888318,75.15371148595703,75.34642921450438,48400
2008-06-24,75.48915100097656,75.60335263135863,75.36067076323855,75.36067076323855,62600
2008-06-25,75.54627990722656,75.58911030107103,75.28218546604651,75.51059426566741,118100
2008-06-26,75.94598388671875,75.96739635642203,75.7318482982975,75.83891609250813,78400
2008-06-27,76.16010284423828,76.21006708143938,76.06731367392008,76.13155651928916,24500
2008-06-30,76.19580841064453,76.23149949215914,76.04591567053315,76.05305497597497,16300
2008-07-01,76.11492919921875,76.50137270445578,76.10061344354642,76.50137270445578,89500
2008-07-02,76.29386138916016,76.34395562969695,76.15073654758724,76.21514108833624,210300
2008-07-03,76.41551208496094,76.45129602249199,76.25091907598762,76.27953967417771,186600
2008-07-07,76.60157012939453,76.78047887723228,76.34394109571923,76.39403532671933,77500
2008-07-08,76.65887451171875,76.75190515848051,76.55868598140134,76.55868598140134,14600
2008-07-09,76.98087310791016,77.00234128889925,76.56580340924468,76.56580340924468,23800
2008-07-10,76.9522476196289,77.02381004341305,76.84490125402122,76.91646913766832,27300
2008-07-11,76.41551208496094,76.88067597355308,76.34394966976114,76.88067597355308,28200
2008-07-14,76.73040771484375,76.83059620696513,76.40121617503591,76.47277860371355,38600
2008-07-15,76.98087310791016,77.20271825794798,76.8592164423967,76.88784250366979,267300
2008-07-16,76.64453887939453,76.95226227414473,76.64453887939453,76.89501014026933,154400
2008-07-17,76.32247161865234,76.67313122967613,76.2008149825631,76.60156882373313,62300
2008-07-18,76.0647964477539,76.45123975725987,76.03617041076922,76.35105135774258,115400
2008-07-21,76.15067291259766,76.16498320085152,75.92882249572646,76.05047905538792,29600
2008-07-22,75.96466064453125,76.13641152549775,75.87878247411696,76.13641152549775,18200
2008-07-23,75.88595581054688,75.89311369117156,75.67842095133598,75.82870368527563,56400
2008-07-24,76.36540985107422,76.37972560853237,75.93602994497932,75.95749812130481,92000
2008-07-25,76.14356994628906,76.37973082171165,76.07915995305467,76.27238447289574,585600
2008-07-28,76.48703002929688,76.51565607070559,76.32959499133766,76.37968919883812,77000
2008-07-29,76.27239227294922,76.37258075279335,76.2079822731279,76.37258075279335,43100
2008-07-30,76.3725814819336,76.42267572233392,76.13642058010518,76.18651482050551,88500
2008-07-31,76.74468994140625,76.78763175079426,76.6158754329649,76.70175359187958,25000
2008-08-01,76.82933044433594,76.85085787329884,76.7145448575623,76.7145448575623,24500
2008-08-04,76.78630065917969,76.92978951096687,76.7145589700561,76.77195451077098,394800
2008-08-05,76.62850189208984,76.75763918298972,76.62133155126507,76.67872164557632,108500
2008-08-06,76.59980010986328,76.61415173784894,76.40609692039556,76.59262976941278,141500
2008-08-07,77.08041381835938,77.10193576800295,76.81496366783442,76.81496366783442,19000
2008-08-08,76.95855712890625,77.09487030313193,76.86529338912021,77.08769448513442,37700
2008-08-11,76.72174835205078,76.90110534335552,76.55673751169238,76.90110534335552,23400
2008-08-12,77.10200500488281,77.11635115968205,76.93699412020797,76.96569190334893,248600
2008-08-13,76.97284698486328,77.17372593920066,76.89392947086775,77.17372593920066,89600
2008-08-14,77.12349700927734,77.13784315850272,76.99435977208763,77.10197504866912,126100
2008-08-15,77.28132629394531,77.40328771071803,77.0589254194139,77.18088683618662,258500
2008-08-18,77.4320068359375,77.43918264876787,77.25982564279873,77.2813476077484,24000
2008-08-19,77.42485046386719,77.5468119448998,77.34593292354188,77.5468119448998,140400
2008-08-20,77.60417175292969,77.66874310777739,77.46068836766413,77.46068836766413,72300
2008-08-21,77.4320068359375,77.56114409917693,77.38178709320779,77.56114409917693,65300
2008-08-22,77.25265502929688,77.29569896209318,77.18091331678909,77.2670011823817,33700
2008-08-25,77.50374603271484,77.55396577381757,77.46070210421001,77.48939988106032,102400
2008-08-26,77.55400848388672,77.55400848388672,77.4177008107078,77.50378871512727,51500
2008-08-27,77.64724731445312,77.66159346839821,77.4033189090495,77.41049472279312,99100
2008-08-28,77.55400848388672,77.57553045999158,77.4177008107078,77.48944255557213,58200
2008-08-29,77.49654388427734,77.49654388427734,77.33153856538881,77.37458247926592,53700
2008-09-02,77.76627349853516,77.80942877439715,77.27003446564478,77.27003446564478,265300
2008-09-03,77.96046447753906,78.01800119174831,77.81662269201593,77.81662269201593,608600
2008-09-04,78.22650146484375,78.24088837573153,77.96759742585053,78.02512860840524,99700
2008-09-05,78.08268737792969,78.46385831935775,78.04672557753065,78.38474674808019,164600
2008-09-08,77.9820327758789,77.9820327758789,77.50736315431702,77.6008616787473,302500
2008-09-09,78.22650146484375,78.2624632550644,77.79498741718997,77.79498741718997,106500
2008-09-10,78.13301086425781,78.2121224155461,77.90286966605525,77.96040633735564,72600
2008-09-11,78.10433197021484,78.37762872835948,78.09713850631492,78.37043526445956,178300
2008-09-12,77.9820327758789,78.24094248091218,77.85257792336226,78.15463741690023,368300
2008-09-15,79.11835479736328,79.18307947742352,78.7227967958761,79.06081809041926,412400
2008-09-16,78.83065032958984,79.85190184406355,78.81626341417441,79.85190184406355,345000
2008-09-17,79.56428527832031,79.60024710760366,79.08242749315012,79.34133730037689,363300
2008-09-18,79.10395812988281,79.87349365767868,78.98889021717589,79.17587626119985,940000
2008-09-19,77.80940246582031,78.15461163397971,77.67994765601034,77.74467231741492,496200
2008-09-22,77.89570617675781,77.94604941176287,77.47138540842958,77.52172864343464,122800
2008-09-23,77.96760559082031,78.14021013055765,77.83815081426745,78.14021013055765,76200
2008-09-24,78.37760925292969,78.48548374959742,78.09711910058189,78.15465582347395,108700
2008-09-25,77.9388427734375,78.29843879077679,77.77342619118153,78.29843879077679,99500
2008-09-26,77.9101333618164,78.23376782740642,77.84540317649605,78.08273804433082,49800
2008-09-29,78.92418670654297,79.3988564101089,78.40636720701778,78.40636720701778,202600
2008-09-30,78.26968383789062,79.05360065600846,78.11865414321656,79.05360065600846,279900
2008-10-01,78.64098358154297,78.95817329583438,78.41751201005093,78.64098358154297,83700
2008-10-02,79.23201751708984,79.33294039693168,78.82111014931091,78.86436674058918,89300
2008-10-03,79.45556640625,79.50602789544365,78.76352076878426,79.27534601628841,408000
2008-10-06,79.99623107910156,80.24853853611816,79.71508769844164,79.81601068124827,237900
2008-10-07,80.16924285888672,80.18366357096602,79.65741757787542,79.72950463860134,102800
2008-10-08,79.1744613647461,80.50088143701093,78.73472296037964,80.34949689614761,148800
2008-10-09,78.89324951171875,79.01579801007352,78.56164478093584,78.64093666231008,322700
2008-10-10,78.92211151123047,79.04466005009436,78.51841411866477,78.82839339336668,294400
2008-10-13,77.85516357421875,78.64813173286771,77.84795322280843,78.57604471842447,34200
2008-10-14,78.24445343017578,78.43908895243965,77.8191306224324,77.8191306224324,282100
2008-10-15,78.69139099121094,78.8644009316778,78.24444268679414,78.34536561039039,354500
2008-10-16,78.82120513916016,78.9870103557941,78.55448242095007,78.55448242095007,83900
2008-10-17,78.78512573242188,79.05185381977304,78.54723355991042,78.8788383307347,60100
2008-10-20,78.97258758544922,79.00141801177483,78.61214675758299,78.79957202815223,81500
2008-10-21,79.34734344482422,79.60686095321988,79.04457485165716,79.34013309740111,163100
2008-10-22,79.73668670654297,79.79435853461962,79.397871591453,79.58530228275797,113600
2008-10-23,79.69342803955078,80.10433015088562,79.4915766603951,79.79435097918476,109500
2008-10-24,79.59249114990234,80.1836134783913,79.54923454057804,80.07548020491069,60100
2008-10-27,79.54203796386719,79.92410966298277,79.41948946598046,79.6213353448263,239800
2008-10-28,79.36185455322266,79.69346493685266,79.22489078595663,79.29697784765827,110300
2008-10-29,79.49881744384766,79.73670967828316,79.18162779793364,79.36184818767755,61800
2008-10-30,79.12397766113281,79.41953630091325,79.09514173288017,79.24652623128833,92200
2008-10-31,79.4194564819336,79.70059962497574,79.18156443785627,79.70059962497574,226200
2008-11-03,79.83152770996094,79.8459864847496,79.38340495083594,79.51350635189958,317200
2008-11-04,80.40975952148438,80.40975952148438,79.64360986953037,79.80262330999032,68800
2008-11-05,80.51815795898438,80.56875263050804,80.28686724424685,80.42419248729357,38800
2008-11-06,80.58319091796875,80.64101496451276,80.17843362096981,80.27962294521954,83500
2008-11-07,80.27962493896484,80.44586769830639,80.10615830942933,80.32299021774753,249200
2008-11-10,80.42418670654297,80.42418670654297,79.94715205423768,80.12784808446344,37500
2008-11-11,80.57598114013672,80.57598114013672,80.22181292891648,80.22181292891648,75800
2008-11-12,80.8506088256836,80.87229146073585,80.51089950478854,80.5325821398408,62500
2008-11-13,80.58319091796875,81.02408962265885,80.52537238582933,80.84339361301224,104000
2008-11-14,81.06026458740234,81.12531253088925,80.79283239722905,80.87956850295178,94200
2008-11-17,81.11082458496094,81.16141924639497,80.9518112163384,81.03131790064967,55900
2008-11-18,81.47942352294922,81.51555940578113,81.08911959330487,81.16862625569925,202500
2008-11-19,81.94205474853516,81.96373739434958,81.37827838532847,81.45056122391836,95500
2008-11-20,82.46241760253906,82.46241760253906,82.07934299415905,82.37568705839499,338600
2008-11-21,82.06494140625,82.25286689421198,81.86978653025675,81.92761060569234,173600
2008-11-24,81.39268493652344,81.8263541177848,81.3782261723198,81.81190086798398,92600
2008-11-25,82.05046081542969,82.26729828345887,81.76135154393195,81.7830341878537,68700
2008-11-26,82.16613006591797,82.296231477312,82.07939395351951,82.2384074023797,118900
2008-11-28,82.47688293457031,82.55638961596695,82.16608559303918,82.25282165849124,69600
2008-12-01,83.35568237304688,83.64546510246956,82.81958791625972,82.9137649542851,210200
2008-12-02,83.43531036376953,83.59469102211465,83.02237207948521,83.33388731339384,72200
2008-12-03,83.5657958984375,83.79038047242601,83.09489953464208,83.29050527562732,77800
2008-12-04,83.88448333740234,83.9062160611451,83.30491824426441,83.69612385306117,81600
2008-12-05,83.23246765136719,83.80478661729543,83.13829067993923,83.63815986938542,124900
2008-12-08,82.95718383789062,83.21074149415634,82.8702474155385,83.15278387925493,110200
2008-12-09,83.47151947021484,83.594675218511,83.07306789967944,83.13827157810371,271300
2008-12-10,83.58025360107422,83.58025360107422,83.13833625257607,83.26149209667688,213300
2008-12-11,83.66716003417969,83.8120540969923,83.39186960555078,83.61644849398112,85500
2008-12-12,83.92796325683594,83.93520934171377,83.13831134659439,83.89174388673338,58000
2008-12-15,84.00040435791016,84.09458687634202,83.67440240355873,83.82653701739893,52800
2008-12-16,84.70307922363281,84.75379073397477,83.3193762830794,83.86271626266038,77000
2008-12-17,84.32647705078125,85.02919856800276,84.32647705078125,84.95674872021497,303900
2008-12-18,84.63069915771484,84.89150298780257,84.58723369508165,84.66692406133869,111200
2008-12-19,84.45680236816406,84.56547151404757,84.31190833127194,84.31915441490214,89300
2008-12-22,84.11636352539062,84.40614626231829,84.0946307873716,84.28298486830049,122900
2008-12-23,84.08010864257812,84.19602390689282,83.89175462878278,84.07286808391648,111300
2008-12-24,84.03663635253906,84.19601706444719,83.97867872509181,84.08734789476951,24800
2008-12-26,84.12358093261719,84.24673675750016,84.01491175242582,84.05837721364473,47500
2008-12-29,84.35089874267578,84.61236227970568,84.27827121375088,84.5324703355507,89000
2008-12-30,84.25653076171875,84.40178590103018,84.06769464771119,84.33642275067855,415800
2008-12-31,83.92965698242188,84.3654332676359,83.9006048606659,84.3581688519155,103400
2009-01-02,83.39218139648438,84.23467604957895,83.30502505753957,84.18383623714215,78500
2009-01-05,83.45027160644531,83.66815410552664,83.30501106593472,83.63910753854756,487100
2009-01-06,83.53019714355469,83.63914120751234,83.05084547859113,83.18884166234584,363700
2009-01-07,83.66097259521484,83.66097259521484,83.3268813547926,83.45761319157766,67400
2009-01-08,83.82073974609375,83.85705075166895,83.52295957829102,83.71179564711404,34800
2009-01-09,84.07490539550781,84.24194814496683,83.68997453504808,83.68997453504808,57400
2009-01-12,84.26372528076172,84.34361720870149,83.90784658247266,83.91511099622831,61000
2009-01-13,84.2274169921875,84.36541315234449,83.99500561467929,84.09668524601886,51500
2009-01-14,84.48161315917969,84.68497241485078,84.39445681769601,84.39445681769601,87400
2009-01-15,84.36546325683594,84.63418578163103,84.29283015606444,84.4163031026994,90100
2009-01-16,84.08219909667969,84.34366272173128,83.88610414845456,83.92242069570561,33200
2009-01-20,84.09664154052734,84.19832111902348,83.55919154831616,83.5737148276207,39000
2009-01-21,83.66814422607422,84.07486815035527,83.66814422607422,83.91508434522225,49600
2009-01-22,83.50116729736328,83.80620632491244,83.39222320434521,83.80620632491244,57800
2009-01-23,83.41394805908203,83.58825515188772,83.17427234327259,83.58825515188772,104600
2009-01-26,83.28327178955078,83.52294766489426,83.12348787265512,83.34137603953579,70000
2009-01-27,83.51568603515625,83.61010682981414,83.21791144101773,83.3486432372832,31300
2009-01-28,83.1161880493164,83.5882696097722,82.90556440273106,83.5882696097722,29900
2009-01-29,82.7748794555664,83.1961269868057,82.56425568994676,83.1961269868057,63300
2009-01-30,82.85474395751953,83.05083882403072,82.6368558470628,82.85474395751953,89900
2009-02-02,83.25286865234375,83.27470553590199,82.70692434885702,82.81610876664824,43200
2009-02-03,82.56867218017578,83.12917293156548,82.56867218017578,83.12917293156548,63000
2009-02-04,82.5250244140625,82.58325430984671,82.24113354017632,82.49590668935134,97900
2009-02-05,82.58321380615234,82.68512301584005,82.32844078193308,82.45218688603453,62000
2009-02-06,82.24105072021484,82.53949737909007,82.24105072021484,82.39391445578009,52500
2009-02-09,82.1319580078125,82.31393965426057,82.04460481820735,82.14651409592715,80100
2009-02-10,82.83065795898438,82.96168479430004,82.33566830930651,82.43757745303739,86600
2009-02-11,82.903564453125,83.1728993088058,82.8890083639496,82.98363682768849,67200
2009-02-12,82.94718933105469,83.22380484492513,82.94718933105469,83.12189561991062,52500
2009-02-13,82.49594116210938,82.83806762838302,82.4886603394796,82.77255133199593,206600
2009-02-17,83.26741790771484,83.39844475197187,83.0417627245736,83.20190726240243,44300
2009-02-18,82.80158996582031,83.267462203535,82.73607928565816,83.267462203535,93600
2009-02-19,82.6778564453125,82.81615864235089,82.51043098114688,82.51043098114688,37900
2009-02-20,82.85256958007812,83.15829728706589,82.77977806226724,83.07822495138288,156300
2009-02-23,82.77249145507812,82.80888998825617,82.50315674901533,82.50315674901533,58300
2009-02-24,82.59776306152344,82.94716442705882,82.53952764938934,82.85253604756686,63200
2009-02-25,82.1683120727539,82.66330213870698,82.13191909289112,82.61234752398988,91900
2009-02-26,82.04460144042969,82.1829092632006,81.98636598309048,82.06643834852217,73200
2009-02-27,82.32846069335938,82.3575784108317,82.04456989005001,82.23383227680183,102700
2009-03-02,82.86531066894531,82.88719129699538,82.52979472107563,82.54437995152306,95100
2009-03-03,82.74859619140625,82.87988550800374,82.56625022750738,82.73401096278751,116000
2009-03-04,82.50060272216797,82.50060272216797,82.2672001268939,82.369313414529,50600
2009-03-05,82.93827819824219,83.01121550659529,82.58088149198004,82.71946627318289,144800
2009-03-06,82.697509765625,83.01844032724568,82.60269190185306,82.6610439248305,123000
2009-03-09,82.63922119140625,82.78509578627137,82.40581850076659,82.78509578627137,42200
2009-03-10,82.28181457519531,82.45687075738604,82.2088772816619,82.45687075738604,95000
2009-03-11,82.3984375,82.55160733491195,82.01186521692414,82.20879627188141,64800
2009-03-12,82.53711700439453,82.73404828575174,82.43499809896667,82.52252620443639,105600
2009-03-13,82.755859375,82.86526802370295,82.39116758916019,82.42034359979797,73300
2009-03-16,82.44226837158203,82.61731896440853,82.40580251232043,82.45685916709307,45300
2009-03-17,82.25261688232422,82.63189961242202,82.21615102754076,82.44225824737312,50700
2009-03-18,83.76971435546875,83.87912302018538,82.40577043823643,82.47141229821291,53400
2009-03-19,83.55818939208984,85.66610770118162,83.54360416754238,85.66610770118162,87400
2009-03-20,83.52899932861328,83.76969722882822,83.52170949994353,83.71134521094193,29600
2009-03-23,83.38313293457031,83.71864872282045,83.3758375404384,83.63841608163506,39800
2009-03-24,83.30291748046875,83.56549607584073,83.18621897405698,83.40503076036269,79300
2009-03-25,83.09139251708984,83.37585172431916,82.94551799816678,83.2299772053961,39000
2009-03-26,83.28829956054688,83.33935618045244,83.02572106824563,83.03301089626484,50000
2009-03-27,83.29562377929688,83.44150387122468,83.19351049732566,83.4050324570536,38500
2009-03-30,83.47064971923828,83.57276296430078,83.40500231040983,83.52899617016364,28000
2009-03-31,83.77702331542969,83.77702331542969,83.55091611922535,83.55091611922535,1322500
2009-04-01,83.85452270507812,83.91298932586709,83.61332907459594,83.91298932586709,94500
2009-04-02,83.51104736328125,83.67184319750689,83.3794876422074,83.64991193047923,83600
2009-04-03,82.87515258789062,83.3867704925462,82.87515258789062,83.32830385788338,46300
2009-04-06,82.77278137207031,82.97011799995313,82.75816611586977,82.92626665513778,116900
2009-04-07,82.89704132080078,83.05052662377997,82.84587955314105,82.96282392277155,134500
2009-04-08,82.99201202392578,83.10895074972042,82.85314205934661,83.03586334907237,52000
2009-04-09,82.81660461425781,83.05048766759771,82.70697628942024,82.82391502798427,52300
2009-04-13,83.17479705810547,83.25519493329796,83.0066908891897,83.12363528082076,86600
2009-04-14,83.41594696044922,83.47441912952479,83.24053602943545,83.28438736813565,77800
2009-04-15,83.44520568847656,83.53291396589023,83.28440996799208,83.48906261529063,57700
2009-04-16,83.2113037109375,83.48904373851016,83.16745237025265,83.30632238403898,129500
2009-04-17,82.83128356933594,83.13825424672437,82.7728113709146,83.08709246715964,53100
2009-04-20,83.16011810302734,83.24782633545409,83.04317936933663,83.04317936933663,45400
2009-04-21,82.9555435180664,83.37945864702337,82.92630741508147,83.33560170443772,26600
2009-04-22,82.91897583007812,83.0797715673437,82.78011134661563,83.02860979423329,65200
2009-04-23,82.88971710205078,82.97010936710973,82.7216110040601,82.87509627115777,35200
2009-04-24,82.72164916992188,82.83858798995306,82.67048739061778,82.79473662946833,30300
2009-04-27,83.07247924804688,83.07978409086732,82.78742866778863,82.97015011018583,56000
2009-04-28,82.7873764038086,83.12358855263744,82.69967373560314,83.10896772379496,57200
2009-04-29,82.53157043457031,82.87508743315155,82.37808518384068,82.78007434733203,40900
2009-04-30,82.61927795410156,82.61927795410156,82.30499704074404,82.45848229012155,127800
2009-05-01,82.45751953125,82.53805919787497,82.38429758991832,82.46483725654329,179900
2009-05-04,82.45751953125,82.56002354585453,82.39894421260459,82.5527002345114,239100
2009-05-05,82.38429260253906,82.5307308902875,82.31839956258939,82.50144323273781,153300
2009-05-06,82.45014953613281,82.61122877817873,82.31835793682677,82.31835793682677,68200
2009-05-07,82.08407592773438,82.30373049151079,81.97424864584617,82.2158675487907,41700
2009-05-08,82.14993286132812,82.2524367897868,82.0620755432465,82.12796853180771,55500
2009-05-11,82.5599365234375,82.58922415188954,82.36956973152124,82.39885735997328,139300
2009-05-12,82.61124420166016,82.66981949807585,82.47212926918478,82.53070456560049,26000
2009-05-13,82.75768280029297,82.89679774275956,82.73571845907153,82.7796471415144,85400
2009-05-14,82.80891418457031,82.86748947061625,82.75033889852438,82.77962654154734,30400
2009-05-15,82.7064437866211,82.8235944062489,82.66251509728517,82.73573144152805,92400
2009-05-18,82.39156341552734,82.80157918787182,82.39156341552734,82.72836288367402,37100
2009-05-19,82.34767150878906,82.42088784566937,82.22320317748769,82.32570716632982,288700
2009-05-20,82.59659576416016,82.69909973760467,82.36962347811127,82.40623443407613,78300
2009-05-21,82.21588134765625,82.7137602678707,82.16462935231279,82.7137602678707,57300
2009-05-22,81.98889923095703,82.15729623009484,81.90103628398434,82.14265519862333,59400
2009-05-26,81.64482879638672,82.2159243535304,81.63018216945656,82.17931337225649,129600
2009-05-27,81.32997131347656,81.79856269934922,81.27139599373,81.63748336307113,63900
2009-05-28,81.31523132324219,81.5422090301287,81.05897157615438,81.5422090301287,234000
2009-05-29,81.8131332397461,81.84242087438288,81.39579422175073,81.4104408320917,110300
2009-06-01,81.08686828613281,81.47568527412962,81.0208452943897,81.45367761021525,139200
2009-06-02,81.1675796508789,81.27028583013642,81.02085813681589,81.21893274050765,86100
2009-06-03,81.4683609008789,81.57839923096363,81.27761846695434,81.34364146500516,125100
2009-06-04,81.04285430908203,81.3436350493685,80.96949356245604,81.26293654896004,80200
2009-06-05,80.08920288085938,80.44134254268711,80.00117216320497,80.32396078972118,149500
2009-06-08,79.64898681640625,80.11850236482572,79.61964139499668,80.03046610059701,70700
2009-06-09,79.96442413330078,80.13315886711658,79.88372564283222,80.00843945644164,123700
2009-06-10,79.81040954589844,80.0378296387506,79.64901247468647,79.92778567228166,52900
2009-06-11,80.10381317138672,80.25787239890425,79.72966613480673,79.75167379629988,120800
2009-06-12,80.2726058959961,80.38264988769937,80.10387662617835,80.14055422536616,101500
2009-06-15,80.4559326171875,80.58798415968855,80.426587208069,80.4999535293975,43300
2009-06-16,80.646728515625,80.69808161640725,80.3899630117137,80.45598602826166,114400
2009-06-17,80.72013092041016,80.93288118968319,80.63210018627724,80.7274686806116,74400
2009-06-18,80.11116027832031,80.48530738472736,80.04513728151899,80.4559619649046,34200
2009-06-19,80.25057220458984,80.3386084888303,80.0011444615107,80.0231521333038,60400
2009-06-22,80.55868530273438,80.66139149546738,80.44130919549711,80.49266229186361,89800
2009-06-23,80.646728515625,80.75677247360647,80.51467688546087,80.52201464187783,24300
2009-06-24,80.56600189208984,80.92547347221439,80.53665647372327,80.67604581169792,80400
2009-06-25,81.15293884277344,81.19695419336449,80.63207000485963,80.72743846349658,36900
2009-06-26,81.262939453125,81.37298337552984,81.22626187703432,81.32163029134976,47000
2009-06-29,81.28499603271484,81.43171760939951,81.28499603271484,81.38036449785294,30500
2009-06-30,81.27763366699219,81.38033985898983,81.01353043126466,81.0795534416627,28300
2009-07-01,81.35920715332031,81.39595471710255,80.95494469748913,81.13869933964027,37400
2009-07-02,81.61649322509766,81.76349475100422,81.54299246214437,81.54299246214437,60700
2009-07-06,81.82230377197266,81.8370016825717,81.61649937709107,81.69000014558462,64400
2009-07-07,81.91049194335938,81.96928918193665,81.7487869198387,81.77818834300136,24200
2009-07-08,82.41768646240234,82.4911928557473,81.95462646618181,82.01342933775757,76900
2009-07-09,82.11625671386719,82.2706099052547,82.02070073271392,82.21180708727506,33300
2009-07-10,82.48381042480469,82.56466294122025,82.29270396711806,82.35150681682909,23400
2009-07-13,82.27062225341797,82.60137834064288,82.24857259530246,82.47642653949092,126000
2009-07-14,82.06483459472656,82.22653959733199,81.92517925470416,82.14568709602928,149000
2009-07-15,81.3445053100586,81.82962026700615,81.3445053100586,81.73406426216975,123400
2009-07-16,81.64588165283203,81.87373566403475,81.62383198823149,81.72673416153259,91500
2009-07-17,81.46210479736328,81.63115591845136,81.38125231067026,81.47680270051369,78400
2009-07-20,81.66061401367188,81.81496733874722,81.33720945016887,81.38866055852732,91900
2009-07-21,82.1383285522461,82.21182929069872,81.50621210760904,81.50621210760904,76200
2009-07-22,81.86637115478516,82.07952722563486,81.81492007614882,82.07952722563486,79100
2009-07-23,81.27835845947266,81.8296224116811,81.22690738157641,81.8296224116811,78200
2009-07-24,81.40335845947266,81.43275989392303,81.28575272167114,81.2931044822213,33000
2009-07-27,81.24160766601562,81.293058745419,81.05785300989679,81.17545868153144,80000
2009-07-28,81.190185546875,81.5797446595618,81.190185546875,81.34453884014246,67300
2009-07-29,81.09459686279297,81.35920398580855,80.85203939873762,81.32245081571055,53200
2009-07-30,81.22689056396484,81.22689056396484,80.86672748551415,81.02843244192127,77400
2009-07-31,81.71200561523438,81.71935737043172,81.30774880331822,81.37389777685597,47500
2009-08-03,81.1744613647461,81.41013367990263,81.04926167644727,81.36594687670804,48200
2009-08-04,81.08601379394531,81.32168591045922,80.93872082819904,81.32168591045922,65500
2009-08-05,80.93136596679688,81.3437908244435,80.9092725806897,80.9092725806897,76000
2009-08-06,80.94612121582031,81.10078058057834,80.88720175718807,80.90929514945795,47900
2009-08-07,80.58524322509766,80.68098874947356,80.48213698259192,80.62206929122205,111400
2009-08-10,80.9681625366211,80.97552325006474,80.6809373840924,80.71775780790632,64700
2009-08-11,81.18169403076172,81.2185144331715,81.0343955645367,81.10804198821823,47300
2009-08-12,81.18169403076172,81.86661644683771,80.91656241041863,81.30689351290653,84600
2009-08-13,81.54999542236328,81.59418218729004,81.30695697753336,81.33641669377332,23800
2009-08-14,81.73407745361328,81.99920354208227,81.68988508981529,81.74880449563675,28200
2009-08-17,82.13177490234375,82.13914123328126,81.99184832771603,81.99184832771603,36600
2009-08-18,81.95508575439453,82.095018056244,81.91089897228144,82.0876517196023,33300
2009-08-19,82.06551361083984,82.23490554808546,81.98450080853092,82.22017288282994,127700
2009-08-20,82.1539077758789,82.20546087597394,81.94768975663227,82.08025567385756,35600
2009-08-21,81.60155487060547,82.1539119506352,81.60155487060547,82.14654561628544,45600
2009-08-24,81.95508575439453,81.96981842767791,81.55002714099803,81.55002714099803,26300
2009-08-25,82.0876235961914,82.0876235961914,81.785671323754,81.89613824119049,26100
2009-08-26,82.13916015625,82.14652648888455,82.01396059579002,82.10970044457727,40000
2009-08-27,82.0360336303711,82.19805919495694,81.94765451727044,82.01394025681195,65200
2009-08-28,82.22020721435547,82.22020721435547,81.88879515297444,81.92561559375687,87700
2009-08-31,82.41168975830078,82.43378314577916,82.1760175937521,82.31594425407101,30300
2009-09-01,82.60209655761719,82.67588683307558,82.27003187329868,82.46927180985722,90000
2009-09-02,82.91934204101562,82.92671712253743,82.67582923479904,82.74223874749454,334900
2009-09-03,82.72017669677734,82.87513799570858,82.67590364846508,82.74969393893163,72800
2009-09-04,82.5208740234375,82.79389843508727,82.50611259966347,82.74962542343242,38600
2009-09-08,82.4618911743164,82.65375039456632,82.43237393813664,82.4618911743164,29000
2009-09-09,82.48399353027344,82.51351075422758,82.31427652983064,82.31427652983064,100300
2009-09-10,82.78652954101562,82.86770048833917,82.64632415385059,82.72011438873542,96200
2009-09-11,82.80127716064453,83.07430719557819,82.80127716064453,82.87506738824368,75500
2009-09-14,82.63153839111328,82.80863601657633,82.60202118189744,82.75698230790661,36600
2009-09-15,82.49131774902344,82.57986936024075,82.39539105924459,82.39539105924459,31300
2009-09-16,82.27735900878906,82.60941784702567,82.24046108017012,82.56514483654972,155900
2009-09-17,82.52825164794922,82.5725302908018,82.25522722788835,82.3437732539259,42000
2009-09-18,82.25524139404297,82.46185633015929,82.20358766001388,82.44710053322302,67600
2009-09-21,82.32167053222656,82.48401248636563,82.24788027030048,82.38070499370188,35400
2009-09-22,82.44713592529297,82.47664753183393,82.26265742030736,82.26265742030736,20500
2009-09-23,82.63894653320312,82.72011748356354,82.25523391954559,82.38067788652648,55300
2009-09-24,82.73489379882812,82.82343984800478,82.58730766714157,82.69799585844767,49100
2009-09-25,82.78652954101562,82.88245628338251,82.65370486628929,82.80866604849767,44600
2009-09-28,82.88241577148438,82.91193297697747,82.72745466501905,82.84551785716017,33900
2009-09-29,82.83819580078125,82.88984953599861,82.67585388157391,82.69799039240493,28000
2009-09-30,83.01530456542969,83.01530456542969,82.82344539630226,82.84558191007935,150700
2009-10-01,83.4418716430664,83.47884088109559,83.1683139475063,83.24224678285088,72400
2009-10-02,83.3458023071289,83.64153380032232,83.33101234803924,83.64153380032232,143300
2009-10-05,83.35315704345703,83.53060263456986,83.31619344251094,83.53060263456986,137400
2009-10-06,83.24224853515625,83.32357634796143,83.20528493706274,83.29400772577218,39100
2009-10-07,83.523193359375,83.58973121411564,83.39750698438931,83.39750698438931,51100
2009-10-08,83.37533569335938,83.53060199457207,83.27922356277872,83.4862377767766,58100
2009-10-09,82.85780334472656,83.10178680948418,82.81344476593954,83.01306401119564,40400
2009-10-12,82.98350524902344,83.0870123793412,82.85042384708409,82.88739309678995,47100
2009-10-13,83.19798278808594,83.2571313798864,83.07229626105008,83.10187055695032,89900
2009-10-14,82.90211486816406,83.08694969581684,82.8355770377505,82.94647906248441,49200
2009-10-15,82.70988464355469,82.96865225515073,82.6729154244506,82.7616381658739,67400
2009-10-16,82.88739013671875,82.89478511453895,82.70995015404154,82.73952442460696,48900
2009-10-19,82.91698455810547,82.95394817475879,82.7321495526887,82.74693387120669,45100
2009-10-20,83.18309020996094,83.26441800767039,83.0721881548378,83.15351595254725,110400
2009-10-21,82.946533203125,83.0204660543011,82.76169825482725,82.90956395717946,62600
2009-10-22,82.87260437011719,82.90217864217753,82.70995433485874,82.74691794439744,34200
2009-10-23,82.56941986083984,82.69510619813266,82.54724058257777,82.59899411209315,52000
2009-10-26,82.34027099609375,82.50292100488447,82.28112246159819,82.45116744737953,121700
2009-10-27,82.8282470703125,82.8282470703125,82.3920392422498,82.49554637571266,35200
2009-10-28,82.98350524902344,83.0426537922666,82.78388596647218,82.83563953163107,45000
2009-10-29,82.76908874511719,82.82823728316849,82.62861801813914,82.77648372255236,42900
2009-10-30,83.13140106201172,83.1905439819375,82.894812460157,82.9761403208618,65500
2009-11-02,83.097900390625,83.25416871058351,82.7183940467214,83.24673141724489,379300
2009-11-03,83.01603698730469,83.22439472777793,82.96394755218637,83.22439472777793,93500
2009-11-04,82.97135925292969,82.98623950993162,82.74811565665729,82.9192698374422,102700
2009-11-05,83.07555389404297,83.08299686262066,82.91928561784101,82.94905181483018,59700
2009-11-06,83.25414276123047,83.27647166625616,83.12764068602516,83.20949630582186,59000
2009-11-09,83.298828125,83.34347459821977,83.19464923593812,83.27650488839012,110200
2009-11-10,83.29136657714844,83.40298841262639,83.18718771132166,83.40298841262639,41500
2009-11-11,83.41790008544922,83.46998953797679,83.29139794035719,83.29884091281099,29300
2009-11-12,83.38066864013672,83.44019536784843,83.22439465759095,83.32857920506234,28500
2009-11-13,83.47735595703125,83.47735595703125,83.34341096232046,83.44014680620963,23900
2009-11-16,83.75272369384766,83.79737015151942,83.41785822934436,83.44018145818023,24100
2009-11-17,83.8122329711914,83.8643223867431,83.64852743468643,83.69317388306773,90500
2009-11-18,83.75272369384766,83.8196933803553,83.67830536129914,83.8196933803553,64000
2009-11-19,83.85688018798828,83.96105901299315,83.75270136298343,83.82711399836973,71700
2009-11-20,83.8494873046875,83.96854645695578,83.79739786107196,83.92389998452062,72200
2009-11-23,83.8494873046875,83.8494873046875,83.67833303148012,83.67833303148012,72800
2009-11-24,84.10244750976562,84.15453692610357,83.88665255445171,83.88665255445171,35400
2009-11-25,84.25871276855469,84.27359302426886,84.02058893588796,84.16197123579258,137900
2009-11-27,84.5489501953125,84.57871639257472,84.4373283749096,84.57871639257472,49900
2009-11-30,84.63826751708984,84.64571048788216,84.45223298854505,84.51176540023697,55600
2009-12-01,84.44538879394531,84.63974111087893,84.44538879394531,84.63974111087893,141900
2009-12-02,84.31079864501953,84.51262178912475,84.2659503247719,84.51262178912475,27100
2009-12-03,84.1987075805664,84.1987075805664,84.04173269063823,84.06415686020036,54300
2009-12-04,83.73529815673828,83.81005303217411,83.60822399329145,83.72782723159175,47000
2009-12-07,83.92958068847656,83.99685887975434,83.7651292242326,83.77260584615047,68600
2009-12-08,84.1987075805664,84.27345671343792,84.13890599307189,84.17628341100428,40200
2009-12-09,84.10154724121094,84.27346970301555,83.99689729846182,84.2360979823161,114000
2009-12-10,83.8996810913086,83.9819068245944,83.74270624676069,83.89221017227652,166900
2009-12-11,83.71283721923828,83.74273801568471,83.54838569027979,83.67546550092558,62700
2009-12-14,83.55581665039062,83.7277447102474,83.54834002961668,83.68289068859438,83800
2009-12-15,83.4063720703125,83.4586970433857,83.29424549858584,83.34657047165904,41400
2009-12-16,83.42131805419922,83.60071714380126,83.34656890878122,83.51849707593743,115800
2009-12-17,83.89225006103516,83.89225006103516,83.69042109137185,83.78012348933268,44300
2009-12-18,83.65301513671875,83.80998999166674,83.6455385141997,83.74271179497931,23100
2009-12-21,83.20452880859375,83.4362585378232,83.16715709310041,83.4362585378232,64400
2009-12-22,82.97283935546875,83.09244258206775,82.95789180364174,83.09244258206775,68400
2009-12-23,82.90553283691406,83.10735607033304,82.89057958822026,83.06997865159197,43600
2009-12-24,82.75601959228516,82.88309367697697,82.7261188012413,82.86814613295142,22200
2009-12-28,82.50186157226562,82.6513598066422,82.49438494964917,82.62145901916847,77100
2009-12-29,82.63895416259766,82.63895416259766,82.47419033341876,82.57904264017904,38500
2009-12-30,82.6613998413086,82.68386736897463,82.5340743278339,82.5865004637281,35900
2009-12-31,82.50418853759766,82.50418853759766,82.18962575236571,82.36188646127904,158800
2010-01-04,82.56403350830078,82.63144180578637,82.46667231639971,82.50412200544952,29200
2010-01-05,82.82615661621094,82.94599103899677,82.7662451188378,82.83364769613999,83000
2010-01-06,82.71385955810547,82.86364694603795,82.63896015011666,82.86364694603795,52400
2010-01-07,82.68388366699219,82.83367102363759,82.64643397082014,82.72132764914285,63800
2010-01-08,82.80367279052734,82.90852503281488,82.76622882629246,82.90852503281488,123200
2010-01-11,82.89360046386719,82.9385355346764,82.81121569136879,82.84866539305796,59200
2010-01-12,83.25310516357422,83.26059053332285,83.1182942258036,83.20816437496887,46800
2010-01-13,82.9759292602539,83.19312481268064,82.95346174000603,83.08078149742289,190900
2010-01-14,83.17815399169922,83.28300624315706,83.10326034266063,83.17815399169922,169800
2010-01-15,83.40281677246094,83.5076689938969,83.36536710165487,83.36536710165487,67300
2010-01-19,83.32046508789062,83.37289121938514,83.28301540224321,83.37289121938514,27100
2010-01-20,83.477783203125,83.57514443250741,83.44782458315599,83.47029211962712,121200
2010-01-21,83.70992279052734,83.72490495169295,83.35043091883666,83.38787489371012,71000
2010-01-22,83.75482940673828,83.7847880028328,83.64997717741643,83.6574625409266,85100
2010-01-25,83.67998504638672,83.73241119191748,83.63504426877371,83.63504426877371,71900
2010-01-26,83.78479766845703,83.86718238871659,83.68743079141287,83.85969131032428,46300
2010-01-27,83.60505676269531,83.93459568587546,83.5900803180141,83.87467847911192,86800
2010-01-28,83.70992279052734,83.70992279052734,83.5226857740992,83.5226857740992,37600
2010-01-29,83.91212463378906,83.91212463378906,83.52266852021992,83.60505324755113,69500
2010-02-01,83.77330780029297,83.85585832628,83.69826342908252,83.85585832628,209100
2010-02-02,83.81085205078125,83.86338369521607,83.75081424985007,83.82585863825413,75600
2010-02-03,83.63075256347656,83.76583476604041,83.63075256347656,83.73581586263506,71900
2010-02-04,84.11099243164062,84.11099243164062,83.86334092324658,83.9233786935573,111900
2010-02-05,84.30609893798828,84.44118104615725,84.103478638493,84.1485040993772,66100
2010-02-08,84.21611785888672,84.2911622644355,84.14857388602802,84.16358620245046,140300
2010-02-09,84.03594970703125,84.26108276177588,83.99091851566871,84.17853225738108,47000
2010-02-10,83.80330657958984,84.06596467854301,83.77328769320702,84.06596467854301,143400
2010-02-11,83.82587432861328,83.85589323469775,83.71331058769766,83.82587432861328,89100
2010-02-12,83.98340606689453,84.0434381042565,83.95338718545544,83.99841264485597,52800
2010-02-16,84.05853271484375,84.12607097007559,83.81838715370532,83.81838715370532,62000
2010-02-17,83.77330780029297,84.01345322347748,83.71327573863572,83.94591500704364,66100
2010-02-18,83.60069274902344,83.8033130909542,83.50312992931956,83.8033130909542,55700
2010-02-19,83.50309753417969,83.53311641124904,83.38302775141761,83.4880909584027,79900
2010-02-22,83.5256576538086,83.5706831291164,83.48062645298256,83.49563876176398,17100
2010-02-23,83.92339324951172,83.94590598590369,83.60069733501827,83.66073511574214,113700
2010-02-24,83.9009780883789,84.02104806394787,83.86345300040604,83.91598468825332,73800
2010-02-25,84.1710205078125,84.22355211940499,84.08096386271842,84.22355211940499,34800
2010-02-26,84.24615478515625,84.34371196068352,84.18611695766762,84.20862971159526,114200
2010-03-01,84.29423522949219,84.3769360598277,84.2491220355271,84.339342687514,317900
2010-03-02,84.36937713623047,84.37689695439671,84.19645573405043,84.23404908894106,164500
2010-03-03,84.36937713623047,84.38441103662234,84.23404908894106,84.25660280749919,61300
2010-03-04,84.39199829101562,84.44462558835173,84.23411639900732,84.29426352051864,243900
2010-03-05,84.10626983642578,84.17393101541104,84.01604919516949,84.17393101541104,214300
2010-03-08,84.00855255126953,84.06117983920257,83.97847899588719,84.02359219693278,109800
2010-03-09,84.11380767822266,84.18147461226228,84.05366630300816,84.18147461226228,177700
2010-03-10,83.9859619140625,84.04610899839766,83.93333464925465,84.04610899839766,38100
2010-03-11,83.88822174072266,83.94084900210314,83.82055484126703,83.94084900210314,61800
2010-03-12,83.89578247070312,83.99352296471247,83.73038651150361,83.76797415570803,54000
2010-03-15,83.94088745117188,83.95592136019202,83.84314696673725,83.93336762868985,63400
2010-03-16,84.15140533447266,84.1814788915808,83.92585652413389,83.95593008124202,29000
2010-03-17,84.14388275146484,84.18147613060316,84.03110834999423,84.1664364845701,27800
2010-03-18,83.95587158203125,84.09871944477449,83.9257980458779,84.09871944477449,83800
2010-03-19,83.81307220458984,83.98598795574263,83.79803256087185,83.81307220458984,54700
2010-03-22,84.01605987548828,84.02357969720123,83.92583922276292,84.02357969720123,118100
2010-03-23,83.94088745117188,84.08372966266693,83.93336762868985,84.06117593116475,33200
2010-03-24,83.39202117919922,83.72282440240845,83.33939391513789,83.69275086066746,92400
2010-03-25,83.2792739868164,83.3995681930051,83.08380450567499,83.36949464145792,99100
2010-03-26,83.40706634521484,83.43713988894872,83.18151763518172,83.18151763518172,53500
2010-03-29,83.40706634521484,83.51232088031244,83.34691925774707,83.44465397292572,222900
2010-03-30,83.43714141845703,83.44465550257178,83.29429351708801,83.40706787417187,47200
2010-03-31,83.5875015258789,83.62509488937623,83.50480071493836,83.52735443865997,47800
2010-04-01,83.48955535888672,83.56489219487236,83.45188406697783,83.52722665079561,120000
2010-04-05,82.9395980834961,83.12041341461631,82.85673157485728,83.10534259643978,110300
2010-04-06,83.10536193847656,83.16563372954435,82.98482410417533,83.09783227546886,86400
2010-04-07,83.40667724609375,83.45941360235615,83.11285958294157,83.13546005736377,60100
2010-04-08,83.3539810180664,83.5649265446693,83.33138053276389,83.48958967771605,45800
2010-04-09,83.3765869140625,83.41425822390104,83.19577727207422,83.30125004222029,40600
2010-04-12,83.53479766845703,83.61014028957648,83.42932489629182,83.50466176957626,45100
2010-04-13,83.63275146484375,83.74575966313009,83.54234375664754,83.73822425048814,159500
2010-04-14,83.54228210449219,83.69295575912336,83.52721703816167,83.67035528571184,88400
2010-04-15,83.6929931640625,83.72312905802367,83.48958306461712,83.53478403164186,31200
2010-04-16,84.02449798583984,84.05463388544484,83.73821556134502,83.77588112497492,59100
2010-04-19,83.85118103027344,83.98678963549315,83.83611021423114,83.98678963549315,27700
2010-04-20,83.8134994506836,83.8134994506836,83.6703554550123,83.79843438432259,37500
2010-04-21,83.93408203125,83.94914710462147,83.79093796896726,83.84367434751866,19900
2010-04-22,83.76827239990234,84.09222583011282,83.76073699515428,84.03195408778768,33500
2010-04-23,83.6402587890625,83.67793009437439,83.5649219262729,83.66286502095015,47600
2010-04-26,83.70807647705078,83.79848417242621,83.65534009170717,83.7306769639359,42900
2010-04-27,84.2730941772461,84.2956946594479,83.91900462852792,83.98681182296706,35500
2010-04-28,83.98682403564453,84.10736187419302,83.89641634585725,84.07722597759727,81800
2010-04-29,84.10736083984375,84.14503214708381,83.93408662134225,84.00942348798787,50600
2010-04-30,84.3635025024414,84.40870346719251,84.19022255783926,84.21282304021481,51700
2010-05-03,84.20269775390625,84.28573834983733,84.14985426190545,84.25554124590705,32500
2010-05-04,84.5499496459961,84.59524241883524,84.4744597714281,84.58014674772494,106400
2010-05-05,84.82928466796875,85.01801227007462,84.71604695480336,84.82928466796875,55100
2010-05-06,85.30490112304688,128.10078654720127,84.73116743203408,84.93499652730029,183400
2010-05-07,85.31990051269531,85.73510319409208,85.13117306833396,85.35009759493367,122600
2010-05-10,84.90475463867188,85.04063871069074,84.73867346625904,84.7764212816285,133300
2010-05-11,84.99530792236328,85.06325281233981,84.82168186037866,85.06325281233981,58100
2010-05-12,84.8594970703125,84.96518408577981,84.84439563409695,84.92743625475131,51300
2010-05-13,85.00284576416016,85.00284576416016,84.7461791863472,84.98019939076546,140000
2010-05-14,85.403076171875,85.5163139695551,85.22944987367731,85.25209628131061,115800
2010-05-17,85.2822036743164,85.56906746834576,85.25200657607529,85.38789063840657,71300
2010-05-18,85.62946319580078,85.67475596421848,85.2520081002995,85.26710376993617,194700
2010-05-19,85.58415222167969,85.83326815449205,85.54640441635631,85.60679860107113,102500
2010-05-20,86.01445770263672,86.18053884435363,85.84837656091979,85.90877075054539,146900
2010-05-21,85.9918441772461,86.42214286360024,85.93899492150081,86.42214286360024,406200
2010-05-24,85.9767074584961,86.1729856894652,85.92386398394751,86.08239440759328,113700
2010-05-25,86.0673599243164,86.39197171573544,86.01451641220218,86.2787339727733,267200
2010-05-26,85.9088134765625,85.9088134765625,85.60684813776157,85.9012627592273,111700
2010-05-27,85.44075012207031,85.53888639010258,85.35015881038069,85.53888639010258,48600
2010-05-28,85.64456176757812,85.8257443664038,85.51622841304084,85.56907189782136,102300
2010-06-01,85.87985229492188,85.96306233870693,85.72099833076707,85.94036973972213,216800
2010-06-02,85.59994506835938,85.86470160060759,85.57724670451562,85.84956935804509,352500
2010-06-03,85.53186798095703,85.6453367237097,85.35032145530876,85.41083888761152,155100
2010-06-04,86.22023010253906,86.2353565731101,86.0008587660739,86.08406878236273,286600
2010-06-07,86.40187072753906,86.42456334374543,86.15980653589517,86.18249915210154,700200
2010-06-08,86.23538208007812,86.38666991557388,86.1975572355737,86.29589952278083,263800
2010-06-09,86.26563262939453,86.2883252254431,86.05382737126062,86.10677868579411,99900
2010-06-10,85.78148651123047,86.03867690699934,85.75122779915309,86.01598431575611,254500
2010-06-11,86.09915924072266,86.16724275796356,85.85709541401799,86.00838314148709,116000
2010-06-14,86.0311279296875,86.04625440209611,85.743673012584,85.85714175505855,126400
2010-06-15,85.86466979980469,86.0916014128599,85.8192788601877,86.06890882868012,56600
2010-06-16,86.0235595703125,86.07651087925531,85.91009083078937,86.0235595703125,94000
2010-06-17,86.24296569824219,86.3261757560229,86.08411170736868,86.09167206079445,82800
2010-06-18,86.16728973388672,86.2353675169848,86.12189877389466,86.20510880074342,73700
2010-06-21,86.09161376953125,86.15213118353496,85.87224247221147,85.87224247221147,115200
2010-06-22,86.43205261230469,86.43205261230469,86.11433895414898,86.19754898708732,96900
2010-06-23,86.60607147216797,86.6514624556301,86.447217458208,86.48504231588261,78800
2010-06-24,86.63631439208984,86.77247577509948,86.53041173544479,86.7346566955902,59300
2010-06-25,86.72702026367188,86.85561541802588,86.62111769287948,86.62111769287948,48300
2010-06-28,87.06746673583984,87.06746673583984,86.8783540775208,86.93130539099971,147300
2010-06-29,87.26412963867188,87.29438835104857,87.14309478916512,87.14309478916512,54600
2010-06-30,87.2414321899414,87.29438349083767,87.06744604627711,87.29438349083767,87500
2010-07-01,87.1899185180664,87.4248335854608,87.17476550471173,87.25812153162808,225400
2010-07-02,87.13688659667969,87.23540143224015,87.00806573013284,87.12173358118649,88500
2010-07-06,87.34149169921875,87.38695652802983,87.09142357798339,87.13688840679448,186000
2010-07-07,87.23538208007812,87.40208833906962,87.22022328656067,87.40208833906962,433500
2010-07-08,87.1292953491211,87.20507197402787,86.97773631792165,87.08382474906831,140800
2010-07-09,87.0307846069336,87.09898761951203,87.00805219653617,87.06867581185341,77400
2010-07-12,87.07627868652344,87.22025258498725,87.0535404886092,87.06869928721869,150600
2010-07-13,86.84136199951172,87.01565349206425,86.78073836893799,87.01565349206425,279200
2010-07-14,87.18234252929688,87.20507493940332,86.97773927556663,87.06867469737853,74700
2010-07-15,87.41722106933594,87.51573007228602,87.2808208752752,87.2808208752752,118900
2010-07-16,87.71279907226562,87.78099631375711,87.49304276959242,87.49304276959242,89900
2010-07-19,87.62939453125,87.7430623188746,87.58392972875369,87.69001812216763,77500
2010-07-20,87.70520782470703,87.85676686541281,87.67489601656588,87.76583144098934,113600
2010-07-21,87.94771575927734,87.97044817501254,87.69007400576186,87.71280642149705,56500
2010-07-22,87.78855895996094,87.81129136945353,87.63700570908632,87.76582655046833,98800
2010-07-23,87.56881713867188,87.7885734356464,87.53850532722157,87.7203761959234,204000
2010-07-26,87.54612731933594,87.56128612312976,87.386994567839,87.4551976221318,45300
2010-07-27,87.33387756347656,87.45512476726283,87.31114515811285,87.3490305732574,191300
2010-07-28,87.65972900390625,87.68246141103518,87.34146374133056,87.35661675228806,95600
2010-07-29,87.8871078491211,87.96288450393615,87.69008392149138,87.69766332138934,173600
2010-07-30,88.19013977050781,88.21287795094224,88.0310071957665,88.15225436588366,494200
2010-08-02,88.01026916503906,88.15449457639839,87.97990439646674,88.04822078213893,619300
2010-08-03,88.3897933959961,88.4201581553999,88.20760483957322,88.26074172065847,423700
2010-08-04,88.10140991210938,88.26841334252514,88.08623041456742,88.26841334252514,315300
2010-08-05,88.33672332763672,88.34431017961167,88.19249205925195,88.20767155469188,178600
2010-08-06,88.60997009277344,88.66310699576752,88.48091836422658,88.55683318977934,105100
2010-08-09,88.52648162841797,88.57202589735562,88.47334471749441,88.57202589735562,235900
2010-08-10,88.84525299072266,88.85284562842679,88.36702106210384,88.48088167023761,146300
2010-08-11,89.01985931396484,89.10336096944583,88.92877081088501,89.00467982728044,56600
2010-08-12,88.8224868774414,89.01226229248248,88.79971475427423,89.01226229248248,109400
2010-08-13,88.95914459228516,88.95914459228516,88.86805028848565,88.90600769627395,77200
2010-08-16,89.24002075195312,89.28557080581928,89.09579532392657,89.22484126165647,251600
2010-08-17,89.08061981201172,89.08821245373682,88.96675335209024,89.04266818636371,60400
2010-08-18,89.00468444824219,89.17928040735443,88.95914019433769,89.11855087449042,44800
2010-08-19,89.16412353515625,89.25521786347396,88.94398325200511,88.99712016231823,88500
2010-08-20,88.95914459228516,89.14892004825198,88.93637246420711,89.12614792017393,94100
2010-08-23,89.1109619140625,89.13373404195492,88.92118645964266,88.98191599501395,69000
2010-08-24,89.45257568359375,89.52089787423871,89.31594288528096,89.36907979289879,93100
2010-08-25,89.21721649169922,89.61195259511632,89.16407960756453,89.57399519581182,3013200
2010-08-26,89.36152648925781,89.36152648925781,89.20211569623004,89.2552526272393,80100
2010-08-27,88.84525299072266,89.32348491934147,88.792116109765,89.17166691417266,242800
2010-08-30,89.30833435058594,89.31592699074834,89.11096624677653,89.11096624677653,251900
2010-08-31,89.46775817871094,89.49053031105348,89.33871223444436,89.46016553743397,99400
2010-09-01,89.18266296386719,89.33471258631899,88.9850071548299,89.32710865517139,524800
2010-09-02,89.0610122680664,89.12943023519027,89.02299841959831,89.07621432739428,187400
2010-09-03,88.81771850585938,88.88613645741334,88.68848073063678,88.68848073063678,403200
2010-09-07,89.17503356933594,89.19783955468324,89.00017801484321,89.03058792867229,175600
2010-09-08,89.00018310546875,89.19024072769791,88.85573745654312,89.03819694995391,289300
2010-09-09,88.56690979003906,88.81018347333809,88.53649985461391,88.81018347333809,2665400
2010-09-10,88.4528579711914,88.49847576612281,88.36923211393507,88.4528579711914,134800
2010-09-13,88.77970886230469,88.81772270391873,88.48321945802834,88.48321945802834,108100
2010-09-14,89.07630157470703,89.10671152324727,88.88624374640897,88.909049757788,90700
2010-09-15,88.99259185791016,89.2130594271242,88.96978586800856,89.09142554761596,73900
2010-09-16,88.90897369384766,89.00020346141893,88.81774972637602,88.96979353889517,72600
2010-09-17,89.01543426513672,89.0990601290544,88.96982226667308,88.98503013289532,42900
2010-09-20,89.18266296386719,89.18266296386719,88.9774032236823,89.07623112820094,136800
2010-09-21,89.615966796875,89.615966796875,89.068605723953,89.3194773740054,285600
2010-09-22,89.59320068359375,89.8136683166839,89.57039468708457,89.68443046973131,482200
2010-09-23,89.66163635253906,89.82128414935599,89.56280262110363,89.82128414935599,121300
2010-09-24,89.47915649414062,89.52477428297391,89.44875236838548,89.48676042562956,54900
2010-09-27,89.80602264404297,89.82883443005042,89.64637494257961,89.64637494257961,265900
2010-09-28,89.98091125488281,90.03412717491803,89.79845750049074,89.79845750049074,235400
2010-09-29,89.92008972167969,90.01131949721966,89.86687380263974,89.99611163457959,103100
2010-09-30,89.8896713256836,89.93528910920485,89.54756984982214,89.83645541165849,136900
2010-10-01,89.95063018798828,89.98870524192475,89.74504000126912,89.7907254184428,554900
2010-10-04,90.11050415039062,90.14096302123895,90.04197604805861,90.06481874883595,199700
2010-10-05,90.20948028564453,90.23993915087193,90.15617872385522,90.17140525175165,190700
2010-10-06,90.41506958007812,90.57497426405945,90.3770003559499,90.54452120853065,111700
2010-10-07,90.50643920898438,90.53689807160333,90.45313765175972,90.49120687295789,56800
2010-10-08,90.58258056640625,90.74248523297075,90.55973787253043,90.68918367744925,195200
2010-10-11,90.62068176269531,90.71966873455108,90.54453749131122,90.61306559272624,196400
2010-10-12,90.46076202392578,90.6968109688381,90.44552968651782,90.66635210345673,57600
2010-10-13,90.54459381103516,90.55982035100884,90.30092269594313,90.38468318939623,153300
2010-10-14,90.2703857421875,90.47597579272558,90.22469454584169,90.47597579272558,53600
2010-10-15,90.2018814086914,90.33132725364676,90.16381217693518,90.27041532094965,219200
2010-10-18,90.51405334472656,90.53689603881939,90.33130017311613,90.36937520289345,37800
2010-10-19,90.58258056640625,90.67395715134332,90.40744937373582,90.40744937373582,37600
2010-10-20,90.62068176269531,90.71205256458201,90.49123011096327,90.52168898140403,41700
2010-10-21,90.42268371582031,90.5597457003564,90.4150675473921,90.48360144437731,44600
2010-10-22,90.36941528320312,90.44555956709509,90.34657257897918,90.38464181620692,63000
2010-10-25,90.31607818603516,90.56735945255315,90.3008458495851,90.55212711610311,49200
2010-10-26,89.9886245727539,90.13330267669248,89.9733980504915,90.11807034499769,69000
2010-10-27,89.72219848632812,89.92017250300628,89.71458231355199,89.91256213966781,216700
2010-10-28,90.17143249511719,90.20189136954708,90.02676010337052,90.03437046490077,54300
2010-10-29,90.41506958007812,90.45314461364083,90.30846645742392,90.30846645742392,55400
2010-11-01,90.45548248291016,90.56987806782482,90.3410868979955,90.56987806782482,338100
2010-11-02,90.52416229248047,90.57754615008457,90.46315632550728,90.52416229248047,39600
2010-11-03,90.77580261230469,90.7834305376468,90.49363337707177,90.64615697350025,71000
2010-11-04,91.06560516357422,91.14186696143028,90.98933754731594,90.99696547262221,114200
2010-11-05,90.81390380859375,91.02743909427224,90.79864796338805,90.95879942764692,530200
2010-11-08,90.76815795898438,90.85967559101671,90.72240205216879,90.82154178973627,80700
2010-11-09,90.2724838256836,90.76056639060651,90.21147205046744,90.76056639060651,230000
2010-11-10,90.44788360595703,90.49364534565976,89.85303335544857,90.2495982496532,124900
2010-11-11,90.31061553955078,90.46314498387092,90.15046398681717,90.46314498387092,102900
2010-11-12,89.8835220336914,90.30297062664287,89.7462484776711,90.21145298316203,1107400
2010-11-15,89.25049591064453,89.7080722749913,89.24286798935898,89.5402987355035,57000
2010-11-16,89.4716796875,89.4716796875,89.09036499298824,89.39541791227774,188400
2010-11-17,89.43360137939453,89.62425884494303,89.38021752177711,89.54037491303346,50100
2010-11-18,89.26583862304688,89.29633870107214,89.03704730902365,89.25058276562943,162600
2010-11-19,89.2276840209961,89.32682379750528,89.17430016927523,89.17430016927523,73800
2010-11-22,89.61661529541016,89.64712118080809,89.32681229333119,89.36494610467928,122300
2010-11-23,89.7386474609375,89.90642694842681,89.70051946185589,89.78440920560054,137200
2010-11-24,89.17432403564453,89.51750520021196,89.1133122406621,89.51750520021196,49100
2010-11-26,89.34205627441406,89.36493423082204,89.2581665553168,89.2810445117248,20000
2010-11-29,89.38780212402344,89.50219771158677,89.34967414043652,89.48694186343097,56200
2010-11-30,89.54798126220703,89.71576073330566,89.50222534041762,89.69288277241094,65300
2010-12-01,88.95606994628906,89.21574829863636,88.91787921113772,89.07063632465501,76900
2010-12-02,88.74984741210938,88.98661947625303,88.74221392691192,88.88732589780675,45700
2010-12-03,88.92549896240234,89.1546316687313,88.84148402522084,89.1546316687313,221400
2010-12-06,89.26158142089844,89.29976633027701,89.16228783691996,89.2004785733868,228200
2010-12-07,88.54363250732422,89.00953149576578,88.4367054437889,88.97134076146548,100400
2010-12-08,87.98607635498047,88.10064272702017,87.70348590798197,88.04717919701335,89200
2010-12-09,87.8179931640625,88.0547592336977,87.77216314984511,88.01656852636384,248700
2010-12-10,87.5048599243164,87.79508953521398,87.4972206161893,87.77217743791743,113900
2010-12-13,87.81037139892578,87.91729840832063,87.41320894081491,87.47431175392197,178500
2010-12-14,87.3062973022461,87.75692334438995,87.12299465773833,87.71109331294849,127200
2010-12-15,87.1458969116211,87.54305939477189,86.99314569630793,87.4055809701559,100600
2010-12-16,87.34451293945312,87.39033715688018,86.90152608069931,87.13065882200995,109800
2010-12-17,87.73397064208984,87.82561900838917,87.42082318501168,87.47428667438072,205300
2010-12-20,87.77983093261719,88.05478779878258,87.6881767015335,87.92494867506163,96900
2010-12-21,87.80278778076172,87.88680274530043,87.60420642575306,87.81806640727167,129100
2010-12-22,87.66526794433594,87.80274638266245,87.53542881566254,87.77983428078902,102800
2010-12-23,87.4208755493164,87.48961769230011,87.37505133871846,87.48961769230011,48300
2010-12-27,87.5201644897461,87.53544311154756,87.18411056224312,87.32158902302197,53000
2010-12-28,87.08179473876953,87.49494048653602,86.95938442672201,87.46433644924332,147000
2010-12-29,87.70916748046875,87.77037555824333,87.0817992760882,87.12005578397822,129000
2010-12-30,87.5714340209961,87.6402945534597,87.42606632577922,87.6402945534597,54800
2010-12-31,87.71681213378906,87.8621740091473,87.54849285346822,87.54849285346822,32200
2011-01-03,87.7626724243164,87.81622800217093,87.41073493596956,87.49489453504383,88500
2011-01-04,87.8162841796875,87.9693043836758,87.70152048597727,87.8315891186483,40500
2011-01-05,87.32661437988281,87.44903051949304,87.1888991413827,87.4031215485778,66400
2011-01-06,87.51787567138672,87.57908373451362,87.37250798074088,87.44902097821058,231900
2011-01-07,87.96163177490234,88.08404207294255,87.670896372452,87.69385377563698,94500
2011-01-10,88.18350219726562,88.18350219726562,88.03813450336752,88.06873853561567,356600
2011-01-11,88.01515197753906,88.19877026931455,87.93864484239262,88.19877026931455,45800
2011-01-12,87.92340850830078,88.00756817375678,87.68623445317468,87.81629726810675,124700
2011-01-13,88.2676773071289,88.27532393869028,87.92338626179696,87.95399029941247,118700
2011-01-14,88.1987533569336,88.45123210791148,88.16050271525519,88.35177343500465,73600
2011-01-18,88.06108093261719,88.13758809021455,87.90806661742246,88.07638586640985,122400
2011-01-19,88.16819763183594,88.19880166421224,88.045787339453,88.045787339453,87500
2011-01-20,87.77796936035156,87.96158763382945,87.67850484116464,87.93098361539653,75400
2011-01-21,87.9080581665039,87.9080581665039,87.64792685113387,87.70148244001574,38500
2011-01-24,87.9157485961914,88.00755488127731,87.86218714705939,87.90044365726114,43300
2011-01-25,88.18350219726562,88.24470442463961,87.8774677119065,88.06108606827306,66800
2011-01-26,87.9692611694336,88.08401896964598,87.8927481864639,88.04576831528222,103400
2011-01-27,88.15287017822266,88.19112082854728,87.91569630000046,88.02280746030212,103200
2011-01-28,88.39006042480469,88.46656757674224,88.02282376065587,88.03812285619476,147900
2011-01-31,88.24469757080078,88.45127331315074,88.17584288143205,88.4130168165313,105200
2011-02-01,87.9696044921875,88.10754817655456,87.92362521300034,88.05390373523434,107700
2011-02-02,87.75497436523438,88.08450597866366,87.67834033004661,88.08450597866366,75700
2011-02-03,87.4331283569336,87.60939195299632,87.41013872414364,87.52509273489726,58100
2011-02-04,87.06526947021484,87.31816708655218,86.95031547671579,87.27218198107076,115400
2011-02-07,86.996337890625,87.04998233462825,86.83540455861524,86.88138968690795,197300
2011-02-08,86.58248138427734,86.98098198907859,86.55182659209206,86.93500272420253,522000
2011-02-09,86.8430404663086,86.96565963804123,86.60547312958151,86.71276198144561,166500
2011-02-10,86.65147399902344,86.86605175624892,86.59782955971706,86.78175251636671,75400
2011-02-11,86.79705047607422,87.01929331227741,86.73574089778303,86.85835420756223,140700
2011-02-14,86.81244659423828,86.91207620288736,86.7051576670839,86.7051576670839,148700
2011-02-15,86.91969299316406,86.92735815472696,86.75109451961134,86.75875968117424,55200
2011-02-16,86.88902282714844,87.00397684304127,86.72808954362011,86.88902282714844,49200
2011-02-17,87.13428497314453,87.19559458205038,87.05765088541528,87.09597085268297,77700
2011-02-18,87.195556640625,87.195556640625,86.94265899903638,86.96565447747464,84300
2011-02-22,87.73200225830078,87.73200225830078,87.34116099995451,87.36415063042136,63600
2011-02-23,87.60942077636719,87.80100890838749,87.54811117088731,87.70138518458701,24600
2011-02-24,87.64774322509766,87.82400103733956,87.6017580962818,87.70904698550886,26200
2011-02-25,87.76263427734375,87.77796459256761,87.60936620591802,87.60936620591802,53200
2011-02-28,87.86994934082031,87.90826344416955,87.81629907188507,87.84695386264656,115500
2011-03-01,87.98277282714844,87.98277282714844,87.60668129991483,87.64506049601431,72700
2011-03-02,87.75252532958984,88.04418734368663,87.75252532958984,87.92138444253573,103200
2011-03-03,87.26130676269531,87.4608622199073,87.23828158346656,87.44551405236952,253200
2011-03-04,87.75252532958984,87.76787349629227,87.45318630421993,87.46085745964922,94700
2011-03-07,87.63738250732422,87.85229194905867,87.52225077615417,87.529927786457,96500
2011-03-08,87.59896087646484,87.65268821087155,87.52220837814673,87.63734005354404,32600
2011-03-09,87.82164764404297,87.9367794510926,87.6220920913937,87.70651583699333,77300
2011-03-10,88.29745483398438,88.3204800064371,87.92903450721363,88.02114105286692,70700
2011-03-11,88.25907897949219,88.32816035530453,88.13627610315406,88.29745817225934,727300
2011-03-14,88.47402954101562,88.62754052761662,88.45100435698683,88.49706058088981,87400
2011-03-15,88.5277328491211,88.99593098320811,88.4893595047897,88.91917843870154,52600
2011-03-16,89.02662658691406,89.23386488318063,88.71961057575383,88.78869195979048,203600
2011-03-17,88.86543273925781,88.94218526793054,88.6735484896547,88.85008457586031,138900
2011-03-18,88.74268341064453,88.85013818679158,88.65057680715587,88.67360199406652,129200
2011-03-21,88.37422943115234,88.55076555711494,88.30515389654343,88.55076555711494,118200
2011-03-22,88.35884857177734,88.37419673295258,88.23603985900851,88.243716867517,23000
2011-03-23,88.28208923339844,88.52002964782677,88.26674107239096,88.47397345312102,37300
2011-03-24,88.04421997070312,88.22075616034209,88.02887179831305,88.14399773085367,48200
2011-03-25,87.84465789794922,88.15935105998742,87.79093051124099,88.09026964516485,73100
2011-03-28,87.7909164428711,87.8676748594504,87.69881571232797,87.71416388213682,40100
2011-03-29,87.61434936523438,87.83693579703122,87.58364718265798,87.76785442227371,68500
2011-03-30,87.8368911743164,87.8368911743164,87.67570918955565,87.71408250639988,29100
2011-03-31,87.63738250732422,87.90601930949228,87.62203434256166,87.88299413442688,132500
2011-04-01,87.71277618408203,87.7358413679182,87.42829189606013,87.45135707989628,363200
2011-04-04,87.92032623291016,88.00490244346531,87.851130714828,87.92032623291016,106900
2011-04-05,87.5896987915039,87.84342738566924,87.56663362221879,87.84342738566924,54400
2011-04-06,87.40518188476562,87.55895360882069,87.38211671275889,87.48975809280049,111800
2011-04-07,87.56666564941406,87.62817670068151,87.41289388726214,87.47439907251288,48700
2011-04-08,87.443603515625,87.505108668593,87.34364664327643,87.42822282787277,53900
2011-04-11,87.47443389892578,87.5667005125613,87.37448280033493,87.46674941397045,26600
2011-04-12,87.89728546142578,87.92035064052297,87.72813299335698,87.72813299335698,52200
2011-04-13,87.99724578857422,88.0049361377551,87.72045187823913,87.72045187823913,74300
2011-04-14,87.84346771240234,88.15101713142603,87.83577736377201,88.12795195155228,98700
2011-04-15,88.22019958496094,88.25864545639251,88.10486783668256,88.18944406101893,43300
2011-04-18,88.4738998413086,88.52003017939693,88.24323641883792,88.34319330604866,151600
2011-04-19,88.51234436035156,88.55078435283836,88.42007781955726,88.47389850185033,61800
2011-04-20,88.29708862304688,88.42780107098426,88.2509582684905,88.42780107098426,59000
2011-04-21,88.31248474121094,88.41243581554377,88.29710404299504,88.29710404299504,20300
2011-04-25,88.48162078857422,88.52006079493785,88.36628903745024,88.38935421447174,23200
2011-04-26,88.70460510253906,88.70460510253906,88.52007193111908,88.59696368555271,45700
2011-04-27,88.68920135498047,88.69689170162857,88.47391857695962,88.49698375088818,34600
2011-04-28,88.90446472167969,88.96597574940273,88.78913887721706,88.86602472886364,20700
2011-04-29,89.02754211425781,89.04291694773792,88.83532443265678,88.86607996563512,26000
2011-05-02,89.07600402832031,89.16841873697966,88.96047976668811,89.00668712101778,62000
2011-05-03,89.15303039550781,89.16843089044741,89.0529066130695,89.13762402475938,70000
2011-05-04,89.19154357910156,89.30706786814743,89.06061879356064,89.06061879356064,530200
2011-05-05,89.43032836914062,89.46113524931684,89.26089346607719,89.31480403743268,180100
2011-05-06,89.49955749511719,89.6073785391051,89.22230170320366,89.23000488514742,92000
2011-05-09,89.592041015625,89.64595157550688,89.54582776729028,89.57663464090997,77000
2011-05-10,89.36869812011719,89.5458303036848,89.36099493254149,89.5458303036848,72300
2011-05-11,89.57666015625,89.59206653535342,89.29940409050846,89.29940409050846,45900
2011-05-12,89.50731658935547,89.6151377006957,89.39179229125953,89.5843308294828,45000
2011-05-13,89.64596557617188,89.83850415950738,89.55354494087878,89.59205500787039,139700
2011-05-16,89.79995727539062,89.8153636461953,89.60741877099407,89.71523986339143,352300
2011-05-17,89.90779876708984,89.98481301116057,89.81538402452905,89.93090245273004,262100
2011-05-18,89.64596557617188,89.87700835068773,89.63055919905074,89.84620734806795,114100
2011-05-19,89.73065185546875,89.73065185546875,89.36867850439761,89.36867850439761,59400
2011-05-20,89.86162567138672,89.86162567138672,89.71529443877067,89.71529443877067,39400
2011-05-23,89.9155502319336,90.06957880277645,89.87704015131621,90.06957880277645,89900
2011-05-24,89.96939849853516,89.96939849853516,89.76915679449391,89.79226047653535,119100
2011-05-25,89.99248504638672,90.06180195512265,89.92317401345893,90.01558872402931,97900
2011-05-26,90.30826568603516,90.30826568603516,90.10032080176474,90.10802398750305,74400
2011-05-27,90.3621597290039,90.40066389904402,90.26973914445317,90.28514551311565,62500
2011-05-31,90.47000122070312,90.48540171703264,90.21584896269592,90.22355214876535,112000
2011-06-01,90.8626937866211,90.8626937866211,90.61582645274457,90.63125897186396,905000
2011-06-02,90.57730865478516,90.81645986568012,90.56959239081874,90.68531280717545,348200
2011-06-03,90.76242065429688,90.96300223486213,90.66984318193234,90.96300223486213,144500
2011-06-06,90.82406616210938,90.85491940904893,90.6466276204293,90.69291337661639,366100
2011-06-07,90.9706802368164,90.9706802368164,90.63895176945469,90.71609669274757,151100
2011-06-08,91.14813995361328,91.20985826084429,90.98613381146819,91.00156044538507,79600
2011-06-09,90.87813568115234,91.12500304049685,90.80870110951494,91.0632847292152,270500
2011-06-10,90.9706802368164,91.09411682270931,90.93982109034317,90.94753734840658,434300
2011-06-13,90.90898895263672,91.06328473084362,90.80098485078294,90.80098485078294,176000
2011-06-14,90.48468780517578,90.61583480086509,90.4384020151165,90.60811854059452,138200
2011-06-15,91.04786682128906,91.09415850507098,90.66985240413796,90.68528492732628,160100
2011-06-16,91.14035034179688,91.26378685691418,90.99377095153933,91.14035034179688,313300
2011-06-17,91.16354370117188,91.17897621699619,91.02468048765421,91.06325589143476,391100
2011-06-20,91.11725616455078,91.202117342604,90.99381958346243,91.202117342604,256900
2011-06-21,91.0555419921875,91.12497654363506,90.95525417985257,91.03239910363178,273200
2011-06-22,91.08641815185547,91.25614054733848,90.98613032078892,91.19442224247528,115300
2011-06-23,91.35643005371094,91.50300955900362,91.11727897520738,91.32557090071344,132100
2011-06-24,91.64188385009766,91.70360216353149,91.39501648214468,91.39501648214468,73200
2011-06-27,91.44124603271484,91.69582950470918,91.36410113126226,91.6881132488303,163400
2011-06-28,90.8703842163086,91.31783297107937,90.78552304261828,91.27925757002747,221400
2011-06-29,90.5849380493164,90.78551953262762,90.45379110805814,90.71608499057467,196600
2011-06-30,90.33808135986328,90.75467100356076,90.16064862700601,90.75467100356076,506400
2011-07-01,90.20905303955078,90.44857840319374,90.05452168784433,90.42539928993708,567900
2011-07-05,90.6494369506836,90.6494369506836,90.43309078842512,90.44081912136029,224500
2011-07-06,90.74223327636719,90.8890363519331,90.69586913592924,90.80404230529176,226400
2011-07-07,90.44083404541016,90.51809970253946,90.3558400540704,90.50264303411853,283700
2011-07-08,91.05900573730469,91.18263555974552,90.98174004577638,90.98174004577638,108100
2011-07-11,91.45307922363281,91.507165803587,91.29081948377025,91.35263440228792,423800
2011-07-12,91.5843734741211,91.66936745947983,91.3371198517115,91.49937948876236,162700
2011-07-13,91.66165161132812,91.68483661548608,91.39894718079287,91.4607620685631,233900
2011-07-14,91.41442108154297,91.59986579176804,91.3989703031877,91.4530568699216,71800
2011-07-15,91.63848114013672,91.94754971312898,91.22123945084608,91.36804834939076,52700
2011-07-18,91.6307601928711,91.73121087681372,91.58440196643184,91.67712431430353,235800
2011-07-19,91.74662017822266,91.74662017822266,91.52254569340793,91.59208889662172,190600
2011-07-20,91.53034973144531,91.65397957497368,91.5071706095326,91.5921646532095,79200
2011-07-21,91.30622100830078,91.51484477200142,91.13623302157934,91.45302988683146,216700
2011-07-22,91.41442108154297,91.44532853324715,91.32170462142408,91.40669863986216,144500
2011-07-25,91.3139419555664,91.51483736862076,91.25212707539715,91.2984911830198,191500
2011-07-26,91.52257537841797,91.57666193402011,91.3603157116115,91.3603157116115,162000
2011-07-27,91.3989028930664,91.55343414262106,91.28300150840576,91.3989028930664,157800
2011-07-28,91.49940490722656,91.57667058038304,91.4375900107042,91.55349146793539,152800
2011-07-29,92.171630859375,92.19480997237997,91.8162040383149,91.83938315131985,196300
2011-08-01,92.30164337158203,92.47964025615883,92.13139292653702,92.13139292653702,879700
2011-08-02,92.71949005126953,92.7659273314972,92.4408899870836,92.51828348603135,203600
2011-08-03,92.66535186767578,92.789176787619,92.59570477843059,92.64987670483146,768100
2011-08-04,93.2380142211914,93.27670507254781,92.69628916353821,92.69628916353821,437900
2011-08-05,92.68084716796875,93.04457554578887,92.51059082904887,92.82014727214884,920000
2011-08-08,93.23029327392578,93.38506852045666,92.97490880328237,93.00586503344799,321100
2011-08-09,93.62499237060547,94.30601182713774,92.91301077480117,92.9517075445931,520100
2011-08-10,94.07384490966797,94.70069834798024,93.71785705675269,93.9732415722022,286900
2011-08-11,93.5708236694336,93.9268115274902,93.49343012717485,93.81846765348594,154300
2011-08-12,93.81845092773438,93.87262285507884,93.66366977510926,93.70236653933985,151800
2011-08-15,93.65596771240234,93.85718034131834,93.63275200604659,93.79526785483654,226600
2011-08-16,93.87265014648438,93.97325349671597,93.66369700576627,93.68691270933518,279000
2011-08-17,94.04283905029297,94.05057958118225,93.80293573138123,93.92676060842929,173500
2011-08-18,94.12024688720703,94.48396923427475,94.01963768320668,94.3601502426614,185600
2011-08-19,94.05062103271484,94.09705242992432,93.93453663539343,94.09705242992432,253700
2011-08-22,94.0274658203125,94.03520635959266,93.81851849416002,93.81851849416002,117000
2011-08-23,93.88037872314453,94.07385077947237,93.86490355652968,93.86490355652968,97700
2011-08-24,93.48567199707031,93.7797473091181,93.48567199707031,93.75653161399549,156500
2011-08-25,93.7874526977539,93.90353112986948,93.67910889158297,93.7255402644292,63300
2011-08-26,93.98100280761719,94.1512591887512,93.91134978610803,93.97326227093849,81200
2011-08-29,93.77977752685547,93.82620893206183,93.694649347778,93.72560558601513,72300
2011-08-30,93.95003509521484,94.1667228613674,93.94229455948117,93.97325079811708,148000
2011-08-31,93.85710144042969,94.12022633463178,93.84162628396827,94.12022633463178,821700
2011-09-01,94.17796325683594,94.17796325683594,93.7672481571556,94.02297843471611,243000
2011-09-02,94.3097152709961,94.3949587097967,94.20897571254669,94.33296831890861,274000
2011-09-06,94.23999786376953,94.39498274889829,94.19350358068978,94.38723764324793,388700
2011-09-07,94.18574523925781,94.28648481552898,94.11599790776705,94.20899237899009,116800
2011-09-08,94.3406982421875,94.37944740351368,94.18571342146663,94.31745111030857,176100
2011-09-09,94.58094024658203,94.60418738038952,94.42594950071143,94.47244968061882,100600
2011-09-12,94.33296203613281,94.51119400554136,94.32521102067821,94.49569788692463,152900
2011-09-13,94.27872467041016,94.35621709458687,94.17797919791676,94.30971691024645,167500
2011-09-14,94.23221588134766,94.40270274634436,94.12372531494839,94.31745931384602,98100
2011-09-15,94.05400085449219,94.05400085449219,93.87576294199303,93.94551026855132,93900
2011-09-16,94.07726287841797,94.12375716195126,93.90677595573659,93.97651738103654,75100
2011-09-19,94.44144439697266,94.53443292517788,94.41044625014025,94.44918949946178,80800
2011-09-20,94.45694732666016,94.48019446038809,94.37945491013623,94.41045305920429,118300
2011-09-21,94.44144439697266,94.72816690866141,94.21671226665674,94.47244254380506,155200
2011-09-22,94.712646484375,94.79788988821429,94.59640494165868,94.69714445879126,938500
2011-09-23,94.4181900024414,94.7049184223219,94.37169573900367,94.64292212954363,158500
2011-09-26,94.24777221679688,94.3795099930031,94.18577588247776,94.27877038395643,115600
2011-09-27,94.05400085449219,94.05400085449219,93.93000823496347,93.93000823496347,157500
2011-09-28,94.03073120117188,94.0384822165972,93.7905029336188,93.96874081464662,230000
2011-09-29,93.96099853515625,94.06173809588186,93.88350611057555,93.9222493667194,305800
2011-09-30,94.13923645019531,94.20897785864295,94.03073996101061,94.16248358634452,200100
2011-10-03,94.49222564697266,94.53101519205644,94.21291487719951,94.25946469904277,782600
2011-10-04,94.32157135009766,94.59312194754858,94.29829643022458,94.55433238754648,231900
2011-10-05,94.12760162353516,94.25949677654756,94.08105178585049,94.25949677654756,145600
2011-10-06,93.89480590820312,94.06549647579926,93.8870515510263,94.02670693184527,91000
2011-10-07,93.63105010986328,93.76294526262143,93.57673999288295,93.66984558743158,803000
2011-10-10,93.36724090576172,93.45258620906087,93.05690080579171,93.45258620906087,317100
2011-10-11,93.37501525878906,93.4448459353587,93.3129448616958,93.4060504573357,174600
2011-10-12,93.31292724609375,93.32844780211654,93.12672200932462,93.18103211668887,2110600
2011-10-13,93.49913024902344,93.6543002795738,93.44482014639509,93.44482014639509,505000
2011-10-14,93.42932891845703,93.50691395808555,93.29743375915264,93.35174387882851,107900
2011-10-17,93.60771179199219,93.68529677522287,93.49133135746878,93.49133135746878,136100
2011-10-18,93.7086410522461,93.84829649319236,93.59226053156435,93.71640133212065,161700
2011-10-19,93.74739837646484,93.80946875147995,93.6155032690753,93.63101790315069,179000
2011-10-20,93.67760467529297,93.89484515417828,93.55346979565526,93.67760467529297,124900
2011-10-21,93.63105010986328,93.73191006443855,93.50690931713177,93.61553547045125,653900
2011-10-24,93.5689697265625,93.61552547854717,93.51465961537887,93.61552547854717,217300
2011-10-25,93.9724349975586,93.9957099172544,93.55346868495712,93.55346868495712,273700
2011-10-26,93.64654541015625,93.90258130277147,93.61551613774007,93.80948164680781,271800
2011-10-27,93.2120590209961,93.51464472359928,93.12671372853292,93.41378479585062,259700
2011-10-28,93.5069351196289,93.58452609617612,93.39831485569533,93.39831485569533,196800
2011-10-31,94.11984252929688,94.11984252929688,93.81725674181878,93.84829194045228,102100
2011-11-01,94.47251892089844,94.52689806291428,94.26276656820731,94.38706513674752,1812000
2011-11-02,94.48806762695312,94.55021692066087,94.30939581614692,94.30939581614692,865300
2011-11-03,94.3637466430664,94.42589591812,94.26275258938404,94.26275258938404,505700
2011-11-04,94.4336929321289,94.53468702088969,94.35600927477049,94.36377941857127,449300
2011-11-07,94.42593383789062,94.62014595526442,94.37931889944016,94.3948591878848,333500
2011-11-08,94.317138671875,94.5191149276654,94.27829389282546,94.43366115526133,50700
2011-11-09,94.52686309814453,94.65892583320803,94.43363920622218,94.55016758940518,190300
2011-11-10,94.4336929321289,94.54245123780733,94.26278532981048,94.41038842760969,172900
2011-11-11,94.26276397705078,94.30937890241296,94.16177583804937,94.28607440317278,201600
2011-11-14,94.49584197998047,94.54245098889619,94.38708367458838,94.38708367458838,529800
2011-11-15,94.42593383789062,94.59683552259746,94.36378453787898,94.51138764368578,168100
2011-11-16,94.51915740966797,94.550232061498,94.43370359885635,94.54246191681953,166400
2011-11-17,94.60458374023438,94.635658383038,94.37153280953032,94.40260152545186,419100
2011-11-18,94.38705444335938,94.52688735368405,94.32490516613034,94.50358285644349,227200
2011-11-21,94.44918823242188,94.5579464862974,94.4414180923221,94.48026286594065,331900
2011-11-22,94.5812759399414,94.58904608209174,94.38706387435631,94.49582215693341,637800
2011-11-23,94.68229675292969,94.71337140537223,94.48032040237901,94.4880846203267,308400
2011-11-25,94.51136779785156,94.58128130052137,94.47252301178018,94.56574694222215,59300
2011-11-28,94.52686309814453,94.62008699006688,94.20058836673597,94.20058836673597,210700
2011-11-29,94.47251892089844,94.54243242054083,94.29384121034236,94.39483527900178,289100
2011-11-30,94.33264923095703,94.41033284257844,94.262729831682,94.3171148793846,335900
2011-12-01,94.3404541015625,94.4182269266261,94.21602826128107,94.29379515311115,2562400
2011-12-02,94.5270767211914,94.54262772214449,94.20044636885724,94.23933277108786,497800
2011-12-05,94.46485137939453,94.51928877712007,94.29376071990531,94.29376071990531,353900
2011-12-06,94.44930267333984,94.47263807431018,94.34042786840573,94.37153580313432,257100
2011-12-07,94.62042236328125,94.69818925733415,94.49599651944334,94.51932599433584,117700
2011-12-08,94.80706787109375,94.85372681981681,94.58153973020973,94.62819867893278,314000
2011-12-09,94.65149688720703,94.84591702030866,94.62816742055189,94.8148090870246,114600
2011-12-12,94.73709106445312,94.82263644178137,94.72931259381383,94.72931259381383,212700
2011-12-13,94.82261657714844,94.87705399374994,94.63597485354805,94.66708279635368,112800
2011-12-14,94.87706756591797,94.90817551317359,94.77597118726288,94.77597118726288,92700
2011-12-15,94.80706787109375,94.8848347633767,94.72929504557725,94.76040298913713,331200
2011-12-16,95.05593872070312,95.07148972803141,94.88484797392005,94.88484797392005,196800
2011-12-19,95.04815673828125,95.07926468502272,94.97816237480437,94.97816237480437,693100
2011-12-20,94.82261657714844,94.91594040556534,94.7759576295567,94.91594040556534,96400
2011-12-21,94.63599395751953,95.06371490766493,94.63599395751953,94.86929467580758,99000
2011-12-22,94.67483520507812,94.77593748101131,94.60484679856944,94.71372160862661,165000
2011-12-23,94.44930267333984,94.57373441225418,94.35598480238596,94.5426264775256,110100
2011-12-27,94.4579086303711,94.50462005888113,94.40341691306918,94.46569485831473,88400
2011-12-28,94.70700073242188,94.73035347224861,94.53573938815846,94.53573938815846,97900
2011-12-29,94.78483581542969,94.84710780243294,94.62136071364002,94.70699137731317,96800
2011-12-30,95.00277709960938,95.01834360739147,94.87044099644241,94.88600750422451,112700
2012-01-03,94.72254943847656,94.83153282994658,94.6524852930176,94.77704113421157,2258000
2012-01-04,94.69143676757812,94.77706744738546,94.61359231479446,94.76928122036178,424400
2012-01-05,94.71480560302734,94.86271424585402,94.67588633959805,94.7303780597207,332800
2012-01-06,94.89385986328125,94.90164609217301,94.74595121009999,94.74595121009999,143400
2012-01-09,94.8860092163086,95.0027788138004,94.8470840374285,94.87044270824562,273700
2012-01-10,94.84712982177734,94.94833296005868,94.76928536558874,94.82377707883589,128400
2012-01-11,95.04176330566406,95.05733576356694,94.93277985695399,94.94835231485686,205700
2012-01-12,94.99504089355469,95.03396609222757,94.95612163403327,95.01839363709783,120500
2012-01-13,95.18963623046875,95.26748067330662,95.15849726550356,95.18963623046875,103400
2012-01-17,95.2052230834961,95.25192856843354,95.14294514414539,95.18965062908282,90000
2012-01-18,95.1429672241211,95.25195067370122,95.08068927031744,95.24416444468761,126200
2012-01-19,94.86267852783203,95.08064532625308,94.81597305364176,95.0339398520628,203900
2012-01-20,94.78483581542969,94.87046647910284,94.73034411483313,94.81597477850629,125200
2012-01-23,94.69143676757812,94.6992229946018,94.61359231479446,94.65251157161076,105900
2012-01-24,94.76150512695312,94.76150512695312,94.63694924566516,94.69922718630914,168600
2012-01-25,95.12733459472656,95.2596766476365,94.71475380526611,94.73810653838292,135700
2012-01-26,95.33756256103516,95.37648182011752,95.28307084699875,95.31420981775547,184800
2012-01-27,95.39982604980469,95.46209804273275,95.31419537798432,95.39982604980469,74000
2012-01-30,95.49327850341797,95.57112298276664,95.47771198320947,95.55555646255813,138700
2012-01-31,95.60221862792969,95.62557136723369,95.45431596595422,95.45431596595422,628500
2012-02-01,95.51342010498047,95.56796779426506,95.4277014582115,95.56796779426506,1986100
2012-02-02,95.5523910522461,95.58356201161082,95.47446068120797,95.4822549073623,239300
2012-02-03,95.27963256835938,95.37314543263881,95.24067333384839,95.34976870288187,145500
2012-02-06,95.388671875,95.41983686424922,95.26398813701174,95.2951590715088,479600
2012-02-07,95.15492248535156,95.24843531797761,95.10816904166339,95.24064109561301,406500
2012-02-08,95.13935852050781,95.19391214584724,95.09260506478972,95.12377601701887,91700
2012-02-09,94.99906921386719,95.09257609681846,94.9055563856665,95.04582265534282,73900
2012-02-10,95.2172622680664,95.24063898939352,95.10816693837347,95.16271460321994,84500
2012-02-13,95.12378692626953,95.22508807369351,95.06144501466157,95.12378692626953,111400
2012-02-14,95.16275787353516,95.21730556318434,95.08482750667723,95.15496364779891,313700
2012-02-15,95.24848937988281,95.31082535843163,95.10822302395508,95.12380553227902,237300
2012-02-16,94.96794128417969,95.1627553055629,94.93677032732812,95.13158434871133,226400
2012-02-17,94.96012878417969,94.98350551100664,94.83544498076802,94.85103342881997,109300
2012-02-21,94.78870391845703,94.88221678324034,94.7263620086015,94.87442255819546,60900
2012-02-22,95.00689697265625,95.02248542312584,94.84325391423693,94.86663064468941,90500
2012-02-23,95.01466369628906,95.06141714366144,94.88219163190051,94.96011602593788,108400
2012-02-24,94.93675994873047,95.01468435971455,94.92896572405662,94.97571918159677,217800
2012-02-27,95.13153839111328,95.21725699473181,95.11594994759214,95.17829183117821,177600
2012-02-28,95.15492248535156,95.25622359509251,95.14712826298697,95.23284687324842,78000
2012-02-29,95.00689697265625,95.18612848154518,94.93676678129879,95.18612848154518,481200
2012-03-01,94.91327667236328,94.96007233974949,94.80408281471617,94.85867974353972,185800
2012-03-02,95.18628692626953,95.2252813427098,95.0146948321948,95.02249609573107,100400
2012-03-05,95.06141662597656,95.14721260632926,95.00681972489902,95.12381478452689,198900
2012-03-06,95.24081420898438,95.28760985473377,95.19401856323499,95.22521169332379,100900
2012-03-07,95.15503692626953,95.2252304086893,95.13163909879627,95.20183258121604,84300
2012-03-08,95.0146713256836,95.15506428150073,94.98347222987766,95.10826861310137,106100
2012-03-09,95.00689697265625,95.01469823647203,94.88990776852329,94.99130039564544,140700
2012-03-12,94.9289321899414,95.05372864795454,94.90553434171962,95.05372864795454,142400
2012-03-13,94.56234741210938,94.8275369027265,94.56234741210938,94.81193437059595,205600
2012-03-14,94.03194427490234,94.37512846442611,93.97734733117089,94.37512846442611,158300
2012-03-15,94.1255111694336,94.20350592804321,93.99291948473538,93.99291948473538,133500
2012-03-16,94.03973388671875,94.03973388671875,93.85254523863553,93.86814181321753,98300
2012-03-19,93.75894927978516,93.96954171868204,93.68095450452036,93.90714351822223,156000
2012-03-20,93.68871307373047,93.86029912087412,93.6107123833903,93.79010564030861,102600
2012-03-21,93.96175384521484,93.99295294989052,93.8291621133088,93.89155437203938,70400
2012-03-22,94.0553207397461,94.156719291218,94.03192290498157,94.10212235989437,52200
2012-03-23,94.20350646972656,94.27370591831193,94.14890954332402,94.16451206550686,64700
2012-03-26,94.25814819335938,94.28154603713503,94.07876075733175,94.21135250580808,177300
2012-03-27,94.50767517089844,94.53107299983428,94.25808841121997,94.32048658879403,78800
2012-03-28,94.43753051757812,94.57012225052266,94.4141326765433,94.44532583084253,50800
2012-03-29,94.609130859375,94.61692617331833,94.47653316426097,94.57013048717299,89700
2012-03-30,94.45311737060547,94.65590855639753,94.39071916718942,94.60131161606354,148500
2012-04-02,94.55693054199219,94.63499814897166,94.51789376041414,94.5647331333665,220100
2012-04-03,94.19781494140625,94.70525736570403,94.18219784627844,94.61938121103097,71200
2012-04-04,94.43205261230469,94.47889200262064,94.37740467154313,94.4086329171467,154500
2012-04-05,94.650634765625,94.68186300805802,94.55695599450415,94.650634765625,81800
2012-04-09,95.08779907226562,95.15805813203714,95.07999052467657,95.10341021126708,333100
2012-04-10,95.26744079589844,95.32989732117753,95.095688329472,95.15033630004568,419400
2012-04-11,95.17369842529297,95.20492071090614,95.08001369991916,95.16588987580063,258900
2012-04-12,95.08779907226562,95.21270605280719,95.05657083808607,95.21270605280719,152800
2012-04-13,95.2751693725586,95.32981729725847,95.19710175958407,95.20490435155757,105800
2012-04-16,95.33761596679688,95.43129471018875,95.25954240573503,95.25954240573503,888800
2012-04-17,95.25956726074219,95.29079550207967,95.21272787682499,95.25176466754134,173100
2012-04-18,95.30635070800781,95.34538151719917,95.28293103125816,95.32977038475745,84600
2012-04-19,95.36103820800781,95.39226644203407,95.32200142643083,95.35322966045709,82100
2012-04-20,95.32984161376953,95.35326130801802,95.24396543073932,95.2517739808817,57900
2012-04-23,95.47811889648438,95.49373003153411,95.44689067020974,95.45469325964704,207300
2012-04-24,95.36882019042969,95.4624989102375,95.34539455430277,95.4312706849099,116000
2012-04-25,95.36103820800781,95.38445789448335,95.17367476002686,95.24393381945349,67900
2012-04-26,95.49375915527344,95.52498739107206,95.43911123167007,95.50937029508427,83200
2012-04-27,95.51715087890625,95.5327679703219,95.44689183606151,95.44689183606151,68800
2012-04-30,95.57964324951172,95.60306293926071,95.51718677272945,95.53280387001374,124000
2012-05-01,95.53355407714844,95.63513349332945,95.4554156061182,95.61950818375668,5380600
2012-05-02,95.5647964477539,95.6194939655001,95.52572423725708,95.6194939655001,451900
2012-05-03,95.57262420654297,95.6038807885389,95.47886042213861,95.47886042213861,137000
2012-05-04,95.70542907714844,95.76012658404593,95.67417250726685,95.6819821785514,242700
2012-05-07,95.72886657714844,95.77574844949702,95.70542564097414,95.77574844949702,161000
2012-05-08,95.79142761230469,95.89301300828475,95.78361793690951,95.78361793690951,320500
2012-05-09,95.8304443359375,95.93983934395723,95.79918776770603,95.92421404063191,139000
2012-05-10,95.77578735351562,95.77578735351562,95.68983324490814,95.76797171775586,81100
2012-05-11,95.88513946533203,95.89295509759154,95.80700102747889,95.86169853013415,74000
2012-05-14,96.01019287109375,96.04925912027151,95.9476797185105,95.97893629480212,121900
2012-05-15,95.94770812988281,95.98677439062861,95.9164515443357,95.97114907864712,135000
2012-05-16,95.94770812988281,95.97896471542992,95.79924083893007,95.81487211249569,154800
2012-05-17,95.9789047241211,96.01797096044866,95.8616940919776,95.8616940919776,215600
2012-05-18,95.96330261230469,96.0023748220821,95.84609790613685,95.84609790613685,151200
2012-05-21,95.94770812988281,95.97896471542992,95.89301059557141,95.90082623235422,189700
2012-05-22,95.86957550048828,95.87738517616383,95.78362137538151,95.82268763851265,165700
2012-05-23,95.95551300048828,96.02583583889098,95.91644078254225,95.95551300048828,156000
2012-05-24,95.83829498291016,95.90861781593779,95.81485403856762,95.85392029194419,80400
2012-05-25,95.94770812988281,95.94770812988281,95.8851949587886,95.92426718111851,127000
2012-05-29,95.87738037109375,95.99459107778189,95.86957069580961,95.95552481660864,216700
2012-05-30,96.23680877685547,96.24461845056925,96.0649005698245,96.10396682314237,302300
2012-05-31,96.3852767944336,96.47123090393865,96.23681548294766,96.27588173898779,1803700
2012-06-01,96.56981658935547,96.64802224243742,96.52288842413923,96.54634952339292,554600
2012-06-04,96.2804946899414,96.42126731881594,96.2648499718933,96.38216149040736,461400
2012-06-05,96.25701904296875,96.35868582808111,96.18662975580574,96.27265779194342,168400
2012-06-06,96.01459503173828,96.24921808550081,95.98331752683458,96.23357933304897,239100
2012-06-07,96.1005630493164,96.10838540401147,95.97543520773742,95.99107395041915,251500
2012-06-08,96.11626434326172,96.29613684018199,96.09280323207315,96.29613684018199,84700
2012-06-11,96.19440460205078,96.28825494967737,96.04580970998566,96.04580970998566,227900
2012-06-12,95.95985412597656,96.14755496286551,95.95203773280711,96.1006267702871,123700
2012-06-13,96.16314697265625,96.17879168481521,96.02237439677286,96.07711895591032,132900
2012-06-14,96.05369567871094,96.17100719926064,96.00677345717577,96.1006179002461,141800
2012-06-15,96.29612731933594,96.29612731933594,96.19446052533335,96.24138274307127,154700
2012-06-18,96.26483917236328,96.28830624680278,96.17881709959588,96.28048388865628,122600
2012-06-19,96.16314697265625,96.17879168481521,96.06929659983084,96.17879168481521,836200
2012-06-20,95.99890899658203,96.12404282141264,95.91288098368828,96.02237009706047,151800
2012-06-21,96.07711791992188,96.1475071904593,96.00673461609384,96.00673461609384,123100
2012-06-22,95.95985412597656,95.99895995867318,95.93639301304353,95.96767648585836,938900
2012-06-25,96.13970947265625,96.15534822194495,96.09278725807923,96.10060364936813,1014300
2012-06-26,96.08494567871094,96.1240514941761,96.02237876065054,96.05366221968073,192700
2012-06-27,96.13970947265625,96.13970947265625,96.0223979695028,96.10842600736794,251900
2012-06-28,96.26483917236328,96.31958971267774,96.2413780646348,96.27266153050978,132100
2012-06-29,96.19440460205078,96.20222695602996,96.03799332271433,96.03799332271433,585000
2012-07-02,96.35647583007812,96.45040030163403,96.24690026563977,96.28603098355609,7155800
2012-07-03,96.25469207763672,96.33295945503158,96.2468635484718,96.31730239670173,242300
2012-07-05,96.34081268310547,96.38777790162838,96.28602490434544,96.29385343600259,443900
2012-07-06,96.46599578857422,96.51295501157324,96.45034470471353,96.45816726093538,339900
2012-07-09,96.55996704101562,96.58344666390359,96.51300182381983,96.52083035525578,139600
2012-07-10,96.5755844116211,96.59906402631078,96.55210479693139,96.55993332563388,202100
2012-07-11,96.52870178222656,96.66175701866551,96.50522214890469,96.61479775202176,72300
2012-07-12,96.58345031738281,96.622581033203,96.55997069360667,96.59910140942688,98300
2012-07-13,96.5990982055664,96.5990982055664,96.4973511821044,96.5990982055664,122000
2012-07-16,96.72428894042969,96.79472777892083,96.71646041234712,96.74776855326007,52300
2012-07-17,96.64606475830078,96.7321547200074,96.6304076951396,96.69302400494439,51500
2012-07-18,96.71646881103516,96.75560548342922,96.68516066740347,96.71646881103516,68100
2012-07-19,96.67735290527344,96.77127735634379,96.66170181580459,96.73214067554304,708100
2012-07-20,96.84957122802734,96.8808793869447,96.77130381644433,96.77130381644433,63500
2012-07-23,96.91217803955078,96.94348619539706,96.86521879149146,96.92782913176384,2361900
2012-07-24,96.96692657470703,97.0060632465304,96.84952253065462,96.86517958795108,136100
2012-07-25,96.97478485107422,96.9826133821239,96.88868892378642,96.95130522934474,81700
2012-07-26,96.87300872802734,96.94345354781284,96.85735764108509,96.91997393169038,871900
2012-07-27,96.5990982055664,96.7243308234457,96.48952265063197,96.70867376050084,109100
2012-07-30,96.75563049316406,96.76345305253062,96.59908973454242,96.63039788626675,91000
2012-07-31,96.86521911621094,96.88087020847647,96.73215796056319,96.84173949210256,868100
2012-08-01,96.72496795654297,96.90512074392775,96.64664299604102,96.7719677134933,7393600
2012-08-02,96.82683563232422,96.9208232332824,96.77200753982731,96.78767014804905,310300
2012-08-03,96.57617950439453,96.67016709312384,96.49784854603595,96.64667019594151,133300
2012-08-06,96.63883209228516,96.70932875686397,96.59967259046392,96.63883209228516,1017300
2012-08-07,96.41169738769531,96.48219406098929,96.35686929771717,96.45086287017126,188000
2012-08-08,96.3020248413086,96.42734958328191,96.27852794614175,96.3881841074621,316100
2012-08-09,96.30989074707031,96.33338764995044,96.19240025685515,96.26289694131007,174200
2012-08-10,96.39602661132812,96.46652327864801,96.3881923203341,96.458688987654,107400
2012-08-13,96.41947174072266,96.48213408340501,96.40380914295702,96.40380914295702,130200
2012-08-14,96.2471694946289,96.30199755975674,96.23934118233272,96.2628380708431,163100
2012-08-15,96.03569793701172,96.13751978596157,96.02002935975094,96.12969147314249,109800
2012-08-16,95.92609405517578,96.0749157411673,95.87126595651804,96.02791595959313,193000
2012-08-17,96.02005004882812,96.05921552460762,95.98089054886124,95.99655315368547,107800
2012-08-20,96.05923461914062,96.07490320289205,95.98874391970061,95.99657223576254,112100
2012-08-21,96.07489013671875,96.09055274252627,95.9182341995787,96.01222776186273,100100
2012-08-22,96.4273910522461,96.45872225121352,96.21590695316975,96.23157554056105,160700
2012-08-23,96.505615234375,96.57611185235187,96.48211835365235,96.52911211509765,203800
2012-08-24,96.45082092285156,96.59180823230926,96.44298663460086,96.54481445442704,103400
2012-08-27,96.56053924560547,96.58403614967993,96.521379730753,96.521379730753,241200
2012-08-28,96.568359375,96.6466843690317,96.56052508285262,96.58402198348074,117100
2012-08-29,96.568359375,96.57619366714736,96.4900343809683,96.57619366714736,104600
2012-08-30,96.70149993896484,96.73283112768273,96.63883756152907,96.67800304137974,102500
2012-08-31,96.9834976196289,96.99133191261622,96.67802592708449,96.67802592708449,983600
2012-09-04,96.84083557128906,96.96622918115719,96.80948716882202,96.91137097161398,7929400
2012-09-05,96.85649108886719,96.90351667449616,96.81731007645438,96.83298128560041,214000
2012-09-06,96.5979232788086,96.68412991790649,96.56657486649134,96.68412991790649,778900
2012-09-07,96.70765686035156,96.911418586953,96.70765686035156,96.911418586953,313800
2012-09-10,96.7232666015625,96.7702921880264,96.65273719050998,96.75461499950659,301800
2012-09-11,96.66057586669922,96.71544005086324,96.63706606154088,96.70760145611182,59000
2012-09-12,96.52738952636719,96.5665765372163,96.49604111350756,96.54306672234618,104200
2012-09-13,96.71538543701172,96.754566430452,96.36272062149388,96.66835987415381,401800
2012-09-14,96.3784408569336,96.54301545272472,96.36276366928003,96.53517685889793,462500
2012-09-17,96.39415740966797,96.46468685000067,96.39415740966797,96.40199600718205,469300
2012-09-18,96.50381469726562,96.58218268706929,96.48030489823397,96.54300168171464,85400
2012-09-19,96.55087280273438,96.60573101538549,96.51169178175316,96.57438859023921,56700
2012-09-20,96.5665283203125,96.69975452412056,96.51950871404975,96.660567532838,85000
2012-09-21,96.66841888427734,96.66841888427734,96.51952145176345,96.51952145176345,81900
2012-09-24,96.71538543701172,96.754566430452,96.66052128382874,96.70754684668664,434800
2012-09-25,96.7624740600586,96.77814527279749,96.61357063310344,96.6841060381705,69300
2012-09-26,96.94266510009766,96.94266510009766,96.80943894030567,96.80943894030567,78500
2012-09-27,96.90353393554688,96.92704374300136,96.84083712960393,96.84083712960393,77100
2012-09-28,96.95841217041016,97.01327039216577,96.91139254579042,96.96625076754603,75800
2012-10-01,96.9764175415039,96.99993932465115,96.89016701520255,96.95289575835666,244400
2012-10-02,96.99208068847656,97.00776586274101,96.91367276357794,96.91367276357794,96600
2012-10-03,97.03134155273438,97.03918414422395,96.9686127851068,96.98429796808597,156500
2012-10-04,96.90583038330078,97.01560865696264,96.90583038330078,96.95287992405335,119900
2012-10-05,96.7412109375,96.80393969569207,96.7255317390238,96.77257531659603,63500
2012-10-08,96.88235473632812,96.9137191177175,96.84315374619946,96.85099035493874,58800
2012-10-09,96.78825378417969,96.83529735848907,96.73336762010433,96.764731997025,1127200
2012-10-10,96.82743072509766,96.8352733129162,96.68629405507251,96.7019792307096,61600
2012-10-11,96.81956481933594,96.81956481933594,96.67842819202237,96.69410738077279,50200
2012-10-12,96.84312438964844,96.89801054490592,96.78039564588498,96.80391742926071,45400
2012-10-15,96.811767578125,96.84313195245608,96.78040320379391,96.78040320379391,36900
2012-10-16,96.67845916748047,96.74118192471828,96.66277399156463,96.74118192471828,85200
2012-10-17,96.38048553466797,96.56082913657231,96.34912116989587,96.56082913657231,73300
2012-10-18,96.3021011352539,96.41971603634107,96.28642194010872,96.38050907526457,37200
2012-10-19,96.44325256347656,96.46677435086131,96.32563764440953,96.32563764440953,49700
2012-10-22,96.28642272949219,96.34914549272952,96.28642272949219,96.30210192476592,63000
2012-10-23,96.45108032226562,96.45108032226562,96.36482979368854,96.36482979368854,73700
2012-10-24,96.43540954589844,96.47461651279464,96.35700159424927,96.3805233815297,43300
2012-10-25,96.23150634765625,96.30991426368273,96.16093503573404,96.16877762197885,49700
2012-10-26,96.46675109863281,96.47459368658512,96.36482138382014,96.36482138382014,50400
2012-10-31,96.6392593383789,96.6706237103823,96.50596524397115,96.50596524397115,79800
2012-11-01,96.56084442138672,96.60788798492104,96.52163746368021,96.58436620315388,8769800
2012-11-02,96.57659149169922,96.60011328999809,96.46681911154037,96.48250429850367,219700
2012-11-05,96.69419860839844,96.73340559047483,96.65499162632204,96.65499162632204,333000
2012-11-06,96.46675109863281,96.6784590983523,96.46675109863281,96.6627739224477,90000
2012-11-07,96.80389404296875,96.89798713588254,96.7960514563574,96.8744653581893,250900
2012-11-08,96.96855163574219,96.97639422228616,96.80389321116353,96.82741498865465,102000
2012-11-09,96.96070098876953,96.9920593661223,96.8822870989679,96.93717323254509,197200
2012-11-12,97.00777435302734,97.00777435302734,96.92936642126632,96.96073079039908,90100
2012-11-13,97.04695892333984,97.04695892333984,96.97639359132558,97.02343714600175,555500
2012-11-14,97.03134155273438,97.05486334505858,96.92156920045839,96.93724840129302,87300
2012-11-15,97.05480194091797,97.08616630488831,96.96071483114771,96.99991579950508,311400
2012-11-16,97.09406280517578,97.14110638618297,97.01565484278245,97.01565484278245,105000
2012-11-19,97.00777435302734,97.01561694084597,96.96073079039908,96.96073079039908,118100
2012-11-20,96.86660766601562,96.96070074425637,96.85876508062726,96.94501557347964,151900
2012-11-21,96.79612731933594,96.81965509760965,96.75692631983742,96.78044811596564,160900
2012-11-23,96.7725601196289,96.80392449379954,96.7255165494443,96.7255165494443,28200
2012-11-26,96.84312438964844,96.90584715126964,96.82743921263645,96.82743921263645,88700
2012-11-27,96.93727111816406,96.93727111816406,96.84318392681828,96.84318392681828,255300
2012-11-28,97.00777435302734,97.0391387221601,96.96856739607597,96.99993176520873,94000
2012-11-29,97.03917694091797,97.06269873149613,96.9764481779468,97.01565515033981,89600
2012-11-30,97.10189819335938,97.1254259657113,97.07053979451148,97.10189819335938,91400
2012-12-03,97.07676696777344,97.08461323078778,96.99047602945092,97.0061685554796,389500
2012-12-04,97.10816955566406,97.13170236546193,97.07679048095139,97.08463674586619,111300
2012-12-05,97.17092895507812,97.22584084029506,97.14739016003091,97.17876923514724,176500
2012-12-06,97.18659973144531,97.24935787149535,97.18659973144531,97.21797880147032,108300
2012-12-07,97.10816955566406,97.17092770508943,97.07679048095139,97.09247702583446,118200
2012-12-10,97.13957214355469,97.17095122586285,97.1003467944325,97.13957214355469,115300
2012-12-11,97.06890106201172,97.08459358486488,97.00614892543068,97.05321452410243,132100
2012-12-12,96.95909118652344,97.08460744749563,96.93555838382734,97.02969557955649,454700
2012-12-13,96.81790924072266,96.91989272096677,96.81790924072266,96.91204645672968,198800
2012-12-14,96.87279510498047,96.90417416855585,96.84926230353503,96.85710856566497,133400
2012-12-17,96.6610107421875,96.84143290798906,96.65316447869098,96.84143290798906,196200
2012-12-18,96.48845672607422,96.66888492893877,96.48845672607422,96.65319239741288,352700
2012-12-19,96.57469940185547,96.66883658909533,96.55116660128155,96.55116660128155,219000
2012-12-20,96.55121612548828,96.65319364193084,96.53552359376033,96.62181456342222,143600
2012-12-21,96.67668151855469,96.74728590861847,96.66099497906522,96.71590684469506,198700
2012-12-24,96.63744354248047,96.6452838182411,96.60606448460798,96.62175102107257,61300
2012-12-26,96.68689727783203,96.71044211779352,96.65550216188136,96.66335243787056,162000
2012-12-27,96.79681396484375,96.85960422060046,96.66338916236701,96.66338916236701,106200
2012-12-28,96.87527465820312,96.90666977826072,96.8360292611294,96.8988195012446,128000
2012-12-31,96.71048736572266,96.8753073105734,96.46718258827757,96.8596127392581,196600
2013-01-02,96.64766693115234,96.67906205199034,96.60842153310311,96.62412208752562,10828000
2013-01-03,96.4279556274414,96.64771559595555,96.41225506511324,96.62417074047332,296000
2013-01-04,96.4279556274414,96.44365020175955,96.33377021750248,96.38871020963101,135800
2013-01-07,96.45928955078125,96.47498411513958,96.4121938816938,96.45928955078125,253500
2013-01-08,96.56918334960938,96.57703362692034,96.49069854052107,96.49069854052107,251500
2013-01-09,96.63983154296875,96.67907694706443,96.56134672278536,96.5927418484603,104200
2013-01-10,96.52210235595703,96.57704232606827,96.50640179992088,96.55349149201405,251500
2013-01-11,96.64766693115234,96.64766693115234,96.4671524713427,96.48284703775818,65400
2013-01-14,96.64766693115234,96.69475661840582,96.62412208752562,96.69475661840582,66400
2013-01-15,96.71831512451172,96.78109938316251,96.71046484667755,96.75755453766753,256100
2013-01-16,96.78105163574219,96.81244674358241,96.74965652790198,96.81244674358241,92700
2013-01-17,96.58495330810547,96.63989331615285,96.5378635834968,96.62419873728722,82700
2013-01-18,96.68689727783203,96.71044211779352,96.63195732191988,96.63195732191988,267300
2013-01-22,96.7418441772461,96.76538901889747,96.60056913933131,96.60056913933131,79800
2013-01-23,96.76542663574219,96.82036661695508,96.74188178493792,96.76542663574219,139200
2013-01-24,96.67909240722656,96.73403238894132,96.62415242551182,96.73403238894132,92800
2013-01-25,96.37301635742188,96.5142914793838,96.34162122054032,96.5142914793838,115600
2013-01-28,96.29444885253906,96.29444885253906,96.18456896177676,96.18456896177676,198200
2013-01-29,96.26309967041016,96.3808298918268,96.24739911395044,96.31803964200355,96700
2013-01-30,96.32585906982422,96.34155363324962,96.20812888611317,96.2316737252542,219600
2013-01-31,96.333740234375,96.37298563997057,96.2788002593461,96.37298563997057,185100
2013-02-01,96.24420166015625,96.58187330595962,96.24420166015625,96.55046129341642,281600
2013-02-04,96.50337982177734,96.53479184524163,96.38558623159398,96.38558623159398,161400
2013-02-05,96.36984252929688,96.38554553878397,96.32272750960728,96.36198802893917,84500
2013-02-06,96.49552154541016,96.52693356764632,96.44055200430452,96.45626101103792,241500
2013-02-07,96.52693176269531,96.62116782764171,96.49551974104651,96.51122874748617,108200
2013-02-08,96.53473663330078,96.56614863879933,96.41694311048808,96.51903362616522,68500
2013-02-11,96.48766326904297,96.53477830201403,96.47980876647112,96.48766326904297,164500
2013-02-12,96.41703033447266,96.4562968746753,96.3856183005571,96.3934728068442,112600
2013-02-13,96.25993347167969,96.33060602322676,96.22852145169314,96.2520789688755,173200
2013-02-14,96.45621490478516,96.45621490478516,96.30700936829153,96.36983338273387,93100
2013-02-15,96.40123748779297,96.42479499347085,96.3227104717909,96.40908599553407,128800
2013-02-19,96.3384017944336,96.45619529976415,96.32269878962859,96.44048630373258,157200
2013-02-20,96.43268585205078,96.45624336661095,96.32274678995029,96.33059530065066,185300
2013-02-21,96.53473663330078,96.59756064429789,96.51903362616522,96.55829413961783,445100
2013-02-22,96.58184814453125,96.59755714232475,96.54258763250196,96.56614513796498,128600
2013-02-25,96.88813018798828,96.88813018798828,96.49548902919095,96.49548902919095,96700
2013-02-26,96.85674285888672,96.9352759036421,96.8096278250176,96.84103984467373,354600
2013-02-27,96.86458587646484,96.95882192425974,96.84102836232348,96.95882192425974,178400
2013-02-28,96.91954803466797,96.91954803466797,96.85672400758321,96.90384502351127,131600
2013-03-01,96.99574279785156,97.01931119168363,96.94860601018743,96.96431627474334,155500
2013-03-04,96.9486312866211,96.9879099552498,96.92506288664428,96.9879099552498,120300
2013-03-05,96.87796783447266,96.90153624606407,96.83083101128985,96.90153624606407,128000
2013-03-06,96.74434661865234,96.80719967137318,96.73648848856298,96.76006287883106,288900
2013-03-07,96.55580139160156,96.65793311517064,96.54794326086625,96.65793311517064,142300
2013-03-08,96.37508392333984,96.42222670571962,96.31223087616446,96.31223087616446,436200
2013-03-11,96.39082336425781,96.43010203269162,96.36725496439793,96.41439176411768,272500
2013-03-12,96.492919921875,96.5086301847223,96.43792501091576,96.43792501091576,252000
2013-03-13,96.46158599853516,96.49301254839283,96.39873289881984,96.42230730671422,97800
2013-03-14,96.4850845336914,96.50865293051501,96.35938441929981,96.37509468584982,72500
2013-03-15,96.66577911376953,96.68934750902,96.50079435301953,96.50079435301953,347700
2013-03-18,96.78360748291016,96.79931774522983,96.72861257379802,96.79145961707222,62000
2013-03-19,96.89363861083984,96.94863354339857,96.83078554677327,96.83864367828112,142400
2013-03-20,96.77574157714844,96.84644674289787,96.76003131609136,96.79145183820552,339300
2013-03-21,96.83863830566406,96.8700648359538,96.79935364430244,96.8700648359538,189700
2013-03-22,96.83863830566406,96.8700648359538,96.77578524508458,96.8700648359538,54000
2013-03-25,96.86221313476562,96.9172080679239,96.77579166923147,96.79936007001385,179100
2013-03-26,96.93289947509766,96.93289947509766,96.77577283779138,96.79148310392321,140500
2013-03-27,97.09005737304688,97.1371941777062,97.05077270649839,97.08219924093747,197300
2013-03-28,97.01935577392578,97.09791912079949,97.01935577392578,97.05864044436221,177900
2013-04-01,97.08692169189453,97.13408368826849,97.03975369831859,97.04761603011491,156600
2013-04-02,97.039794921875,97.04765725701134,97.00835757573877,97.02407624880688,156100
2013-04-03,97.23629760742188,97.26774094632844,97.10266791497168,97.10266791497168,329800
2013-04-04,97.36991882324219,97.38563749175708,97.27558882054441,97.28345115340326,186400
2013-04-05,97.40923309326172,97.5035631100981,97.40923309326172,97.44853876624447,156100
2013-04-08,97.3070068359375,97.43277414294099,97.3070068359375,97.40133681409104,60400
2013-04-09,97.36205291748047,97.40921491849726,97.33060958440176,97.39349625055918,169900
2013-04-10,97.1812973022461,97.27562734229916,97.17344096347888,97.26776500632677,272300
2013-04-11,97.23629760742188,97.28346561438357,97.20486026571898,97.21271660254286,116800
2013-04-12,97.40131378173828,97.41703244244628,97.33842714450662,97.36987046312245,53600
2013-04-15,97.46422576904297,97.47208810052562,97.36990178005803,97.40920144306784,77800
2013-04-16,97.36991882324219,97.40136215747478,97.34633182466565,97.37777515889825,195600
2013-04-17,97.4170913696289,97.47211571119063,97.35420469435738,97.35420469435738,196700
2013-04-18,97.40131378173828,97.45633809001602,97.38558912383046,97.41703244244628,82600
2013-04-19,97.36205291748047,97.38563391798886,97.33847191697207,97.36991525005078,126900
2013-04-22,97.42491912841797,97.45636245489489,97.38561347102151,97.39347580194107,59400
2013-04-23,97.40131378173828,97.49563774038593,97.37772679487655,97.45633809001602,381100
2013-04-24,97.4170913696289,97.44853470726467,97.38564803199314,97.38564803199314,64900
2013-04-25,97.40131378173828,97.41703244244628,97.34628347626072,97.37772679487655,83800
2013-04-26,97.52715301513672,97.55073402219685,97.47999100101647,97.51929068038193,129500
2013-04-29,97.56642150878906,97.58214017510396,97.53497817895732,97.58214017510396,119200
2013-04-30,97.56642150878906,97.6764701645992,97.55069684527221,97.62144583669414,181400
2013-05-01,97.67024230957031,97.73315440318424,97.63878326266351,97.65450978601707,12759200
2013-05-02,97.70172882080078,97.71745534857513,97.67026976505072,97.68599629282507,340600
2013-05-03,97.34778594970703,97.50508117514532,97.33205942726286,97.49721491382357,324500
2013-05-06,97.31637573242188,97.37929385416591,97.269190141215,97.37929385416591,150800
2013-05-07,97.28487396240234,97.29274022421755,97.2534209155409,97.2612811771564,168100
2013-05-08,97.30848693847656,97.34780625288721,97.28488814958948,97.29275441255184,194000
2013-05-09,97.29276275634766,97.37140739211407,97.28489649271069,97.32422181069444,131900
2013-05-10,97.05681610107422,97.2141053519478,96.9860317380409,97.2141053519478,225500
2013-05-13,96.98603820800781,97.0096309971927,96.96244541882292,96.99390447113635,228500
2013-05-14,96.86807250976562,97.06468709519596,96.85234598301963,97.033228041503,136400
2013-05-15,96.9545669555664,97.00175252799866,96.86805607264064,96.98602600392122,179300
2013-05-16,97.15119171142578,97.20624355177883,97.07254708237868,97.07254708237868,304500
2013-05-17,96.97032165527344,97.10401814120551,96.93099633578692,97.08042534959412,165700
2013-05-20,96.9466781616211,97.03318902444047,96.88376607973308,97.00959624370766,137300
2013-05-21,97.0332260131836,97.0332260131836,96.84447769517223,96.92312232766022,214500
2013-05-22,96.71077728271484,97.15905826986733,96.69504475673722,97.05682085181522,333000
2013-05-23,96.74219512939453,96.85229876353938,96.66355053360506,96.85229876353938,160200
2013-05-24,96.74219512939453,96.82083972518399,96.70286983140078,96.74219512939453,170400
2013-05-28,96.2467269897461,96.62422946634187,96.20740769022878,96.61636320635908,428700
2013-05-29,96.35682678222656,96.35682678222656,96.15235203242302,96.23886288818532,218100
2013-05-30,96.35682678222656,96.41187859951184,96.2939147054706,96.34896652275586,114300
2013-05-31,96.25462341308594,96.42764518573732,96.04228232859573,96.41977892328948,240800
2013-06-03,96.28450775146484,96.58350135832148,96.14287793704983,96.14287793704983,12138200
2013-06-04,96.18225860595703,96.27668052518875,96.1507846328798,96.19012859998799,2706700
2013-06-05,96.32382202148438,96.38676992420586,96.2530101332045,96.26087411876287,247300
2013-06-06,96.3553237915039,96.63858343248786,96.23729794058657,96.30811585235463,492400
2013-06-07,96.05633544921875,96.33172511445987,96.02486148704197,96.22156924836342,298700
2013-06-10,95.93832397460938,95.98553192342956,95.83603808448383,95.95405795653431,909300
2013-06-11,96.0091552734375,96.0091552734375,95.70229153808737,95.75736949050798,216300
2013-06-12,95.8281478881836,96.04058961612992,95.81240790653179,95.89109580870254,59200
2013-06-13,96.15859985351562,96.18220381911675,95.8989442258171,95.90681421536519,101000
2013-06-14,96.28450775146484,96.41039758480936,96.2766377609296,96.3395856791238,359200
2013-06-17,96.26094055175781,96.39470643811805,96.20586259962592,96.3868364440859,117600
2013-06-18,96.21369934082031,96.26090728260432,96.09567348331579,96.11141346594012,179000
2013-06-19,95.42688751220703,96.26879666082023,95.38754955381319,96.22945870242638,171700
2013-06-20,95.28527069091797,95.37969260946296,94.81317310428601,95.3167446637663,246000
2013-06-21,94.7344970703125,95.19872469186598,94.7344970703125,95.15151673117833,143800
2013-06-24,94.59285736083984,94.82103915220941,94.30959762003944,94.30959762003944,319600
2013-06-25,94.58499908447266,94.80531090948847,94.53779112283985,94.75810294785565,283900
2013-06-26,94.7737808227539,94.89180666000514,94.64002100862277,94.86033270320192,183200
2013-06-27,95.04917907714844,95.0727830446439,94.86820532127726,94.94688721394331,171800
2013-06-28,95.001953125,95.04916705706377,94.79738143054747,94.8603233348944,667400
2013-07-01,95.0822525024414,95.11374262654259,94.92480788806259,94.9484239796067,20520700
2013-07-02,95.09803009033203,95.13738825308178,95.01930175257469,95.05079188645185,308800
2013-07-03,94.9799575805664,95.18464047785365,94.97208354440502,95.09804409846788,158900
2013-07-05,94.22415924072266,94.42096799107514,94.20841117726366,94.41309395934566,1118600
2013-07-08,94.5942153930664,94.60995745950875,94.39740652882263,94.39740652882263,227500
2013-07-09,94.65715789794922,94.71226412119859,94.60992570834344,94.66503193159281,354700
2013-07-10,94.53124237060547,94.751667354496,94.51549429682451,94.64932889944122,258100
2013-07-11,95.05075073242188,95.06649879560648,94.86969004868305,94.93266428304256,168900
2013-07-12,94.9799575805664,95.25548878491665,94.90123523734202,95.22399864640094,205000
2013-07-15,95.12165069580078,95.12951872504615,95.01143822507366,95.01143822507366,342000
2013-07-16,95.14527130126953,95.20037753924258,95.0901650632965,95.14527130126953,222700
2013-07-17,95.3971939086914,95.49166432671774,95.33421363000718,95.4444261146396,294300
2013-07-18,95.2476577758789,95.41297657317007,95.23191570257463,95.3972344998658,155500
2013-07-19,95.43653106689453,95.45227312904413,95.32631260733434,95.33418664147327,215600
2013-07-22,95.46013641357422,95.46800444069889,95.39715615981143,95.39715615981143,300500
2013-07-23,95.40501403808594,95.41288206387831,95.29480161572717,95.3341597630687,143100
2013-07-24,95.14527130126953,95.21611960460797,95.0035686884632,95.17676143812977,230600
2013-07-25,95.2476577758789,95.27127388890158,94.98000048677868,94.98787452649707,181000
2013-07-26,95.29483795166016,95.32632207908766,95.23185768454746,95.3105800153739,307700
2013-07-29,95.26331329345703,95.27905535146566,95.18459099116055,95.26331329345703,1468500
2013-07-30,95.23184204101562,95.31056435891053,95.18460985150425,95.27120019689914,151000
2013-07-31,95.23969268798828,95.28692486590153,94.8933073669542,94.9326655131731,183600
2013-08-01,94.8277816772461,95.07987821712457,94.75687633235073,95.07199850981273,28137100
2013-08-02,95.33192443847656,95.3476778343296,95.10346113066653,95.11134083381928,324000
2013-08-05,95.22162628173828,95.25313908179388,95.1349675841984,95.22162628173828,104600
2013-08-06,95.20584106445312,95.2452335564556,95.1506951819199,95.1822079734318,144600
2013-08-07,95.30038452148438,95.36341010786943,95.22947923418852,95.26887172829186,211300
2013-08-08,95.33983612060547,95.40286175003594,95.25318339320712,95.347715826898,92100
2013-08-09,95.39492797851562,95.4028076803423,95.31614899160307,95.33190839525645,171800
2013-08-12,95.32403564453125,95.44220713874294,95.292522845378,95.42644773394038,237000
2013-08-13,94.93011474609375,95.05616591625008,94.86708916101558,95.05616591625008,92600
2013-08-14,94.94586181640625,94.98525430707032,94.90647533619239,94.90647533619239,59100
2013-08-15,94.74896240234375,94.82774742609433,94.57565097727141,94.67806309351235,143300
2013-08-16,94.57559204101562,94.74102966898062,94.4416611903728,94.74102966898062,1712900
2013-08-19,94.43378448486328,94.49680404794434,94.34712582387115,94.49680404794434,112800
2013-08-20,94.66223907470703,94.67799246143268,94.58345410973195,94.60708719504488,102000
2013-08-21,94.32353210449219,94.6228946880339,94.29989299671479,94.55986908819817,169800
2013-08-22,94.15808868408203,94.31565268414288,94.07143599711361,94.24474738150249,82300
2013-08-23,94.35501098632812,94.44166965785799,94.0083823106589,94.06352819159153,63900
2013-08-26,94.52046966552734,94.53622305810516,94.43381098022131,94.53622305810516,185300
2013-08-27,94.74896240234375,94.80410831269708,94.59928408021521,94.6623096950343,199200
2013-08-28,94.55982208251953,94.64648073660265,94.48892282578736,94.61496795234979,171700
2013-08-29,94.60713195800781,94.64652445913374,94.38654837678688,94.38654837678688,82600
2013-08-30,94.50470733642578,94.6465119070404,94.47319454179464,94.60711941113873,314800
2013-09-03,94.30760955810547,94.35491329437717,94.05534501768032,94.26031183629485,25511600
2013-09-04,94.05535125732422,94.33914963593737,94.02381743587149,94.28396695201045,1268000
2013-09-05,93.63748931884766,93.86610489309601,93.62960436402301,93.81092223824008,1770700
2013-09-06,94.00017547607422,94.2287911875483,93.91345896432675,94.03959425940013,702700
2013-09-09,94.1736068725586,94.24455947842702,94.14995800875639,94.22878955958434,461000
2013-09-10,93.952880859375,94.07113119880728,93.92923199438097,93.97652972436904,250300
2013-09-11,94.22090148925781,94.2366714075798,93.98440684458231,94.11842107801125,439700
2013-09-12,94.20513153076172,94.3943284372346,94.18936762791448,94.315496894076,368700
2013-09-13,94.27606964111328,94.2997245149497,94.17358924566484,94.19723810504058,214800
2013-09-16,94.52047729492188,94.82792456752547,94.48894347023662,94.81215464795181,219000
2013-09-17,94.6229476928711,94.65448151421663,94.52835224329594,94.63871761077458,227800
2013-09-18,95.29307556152344,95.4113259508741,94.4259160637264,94.52840254124713,307200
2013-09-19,95.13538360595703,95.29304673442013,95.11173473813386,95.26151290583495,306000
2013-09-20,95.12747955322266,95.2220810199918,95.0486480048125,95.11960060850478,234900
2013-09-23,95.27727508544922,95.29303899122948,95.15902474147912,95.18267360738066,224400
2013-09-24,95.40345764160156,95.43499148523067,95.27732828155081,95.29309219613252,258400
2013-09-25,95.5452651977539,95.56103511166062,95.3560683320927,95.38760214544622,226200
2013-09-26,95.45852661132812,95.46641156645573,95.37181616275855,95.42699881973475,216300
2013-09-27,95.58473205566406,95.65567866055697,95.49801552893075,95.49801552893075,173600
2013-09-30,95.64776611328125,95.66353001512087,95.49009702258083,95.60834733699093,233800
2013-10-01,95.4939193725586,95.61226234603592,95.46236084501973,95.59648007267965,30824800
2013-10-02,95.64386749267578,95.71486969986614,95.58075040683327,95.58864154735774,567300
2013-10-03,95.72276306152344,95.83321495472242,95.5649703432558,95.6044200276169,370500
2013-10-04,95.5571060180664,95.65177565045344,95.5334325907916,95.62021709993175,247300
2013-10-07,95.58860778808594,95.72272703375157,95.54915811857278,95.69905963971345,91700
2013-10-08,95.47028350830078,95.57284424228988,95.4466161096245,95.50184204626105,426900
2013-10-09,95.45447540283203,95.55704212824553,95.40714061828673,95.53336871679886,114200
2013-10-10,95.44660949707031,95.45449461663236,95.31248421523753,95.37560128678528,121600
2013-10-11,95.52552032470703,95.64386335074262,95.50973804434157,95.57285512745074,55500
2013-10-14,95.34405517578125,95.53340039592382,95.31249663589482,95.53340039592382,230800
2013-10-15,95.42295837402344,95.51763400346364,95.39140585005335,95.49396660089775,183600
2013-10-16,95.65958404541016,95.65958404541016,95.30456119270457,95.37556335557655,94300
2013-10-17,95.88052368164062,95.96730814828875,95.82529775006229,95.83318888862351,219400
2013-10-18,95.89634704589844,95.95157300113854,95.87267362007181,95.94368185919633,87500
2013-10-21,95.84894561767578,95.87261300936218,95.77794344261655,95.87261300936218,148500
2013-10-22,96.1172103881836,96.14876892348423,96.04620217896338,96.04620217896338,115900
2013-10-23,96.15665435791016,96.25132996412219,96.12509582250615,96.13298696115095,1680300
2013-10-24,96.10147094726562,96.18825545323195,96.04624499066685,96.18825545323195,69400
2013-10-25,96.18034362792969,96.20401102859016,96.09355914605715,96.09355914605715,106800
2013-10-28,96.15665435791016,96.18821289331417,96.10931956439173,96.14876923844054,138100
2013-10-29,96.22769927978516,96.23559042144055,96.12513249579744,96.16458218489694,98700
2013-10-30,96.12510681152344,96.37757512361769,96.0856631521406,96.28289950658234,149100
2013-10-31,96.12510681152344,96.26711722748853,95.99098753510525,96.26711722748853,291300
2013-11-01,95.87715911865234,96.04298119030763,95.86136912229236,96.02719119394764,176700
2013-11-04,95.98773193359375,96.0272159713067,95.95614590830705,95.95614590830705,152100
2013-11-05,95.85343933105469,95.90871333661332,95.77447732660161,95.86923534659417,96000
2013-11-06,96.05875396728516,96.11402797779533,95.99558194829771,96.02716795779143,189000
2013-11-07,96.15355682373047,96.20093887523748,96.09828278398771,96.12986881018622,209300
2013-11-08,95.70341491699219,95.79817294452104,95.67183493223116,95.72710894218585,70600
2013-11-11,95.67973327636719,95.75869529234915,95.67184129185995,95.70342127872021,179800
2013-11-12,95.59290313720703,95.67976318926742,95.5613171160562,95.62448915835785,385000
2013-11-13,95.8218994140625,95.85348543591934,95.72714737290964,95.78242140505469,71200
2013-11-14,96.0982437133789,96.11403973226523,95.90083564821221,95.90083564821221,91500
2013-11-15,96.0745849609375,96.11406899575883,96.01141291499056,96.11406899575883,126700
2013-11-18,96.20881652832031,96.21671453979776,96.06668846823193,96.06668846823193,103900
2013-11-19,96.05084991455078,96.12191993754321,96.00347391549913,96.0666459305113,142800
2013-11-20,95.96400451660156,96.2087885815389,95.94031651346774,96.07455254750332,612000
2013-11-21,95.99559783935547,96.05876986880037,95.77450176071463,95.83767379015953,157400
2013-11-22,96.06663513183594,96.07452711451413,95.94818912310615,95.99556511683237,307700
2013-11-25,96.12199401855469,96.13778402226959,96.02723592300659,96.0667199689232,262600
2013-11-26,96.20089721679688,96.24037521413574,96.07455316671437,96.07455316671437,90500
2013-11-27,96.1377182006836,96.21668021403515,96.0034821755444,96.18509420381143,188800
2013-11-29,96.1377182006836,96.1377182006836,96.04296017001245,96.07454618023617,254000
2013-12-02,95.92668914794922,96.0452256815768,95.85557084518379,96.03732163826335,1199100
2013-12-03,96.01364135742188,96.07686166289366,95.97412715924698,96.03734746471875,61100
2013-12-04,95.83979797363281,95.86350408326511,95.7528715523005,95.7528715523005,285500
2013-12-05,95.71339416503906,95.78451251681089,95.64226978424455,95.71339416503906,129800
2013-12-06,95.66595458984375,95.77658713174704,95.57113014193885,95.57113014193885,161900
2013-12-09,95.68177795410156,95.75289630138032,95.62646167432176,95.71338811812178,175800
2013-12-10,95.84770202636719,95.87931218221934,95.7686796512472,95.79238576088112,108800
2013-12-11,95.71339416503906,95.84773284884541,95.6817839990218,95.76080639955362,148300
2013-12-12,95.5315933227539,95.59481362573992,95.49207912613267,95.55529942911868,216800
2013-12-13,95.51583099365234,95.57114727452027,95.492118848404,95.57114727452027,102900
2013-12-16,95.55526733398438,95.64219371413829,95.48414903877729,95.64219371413829,77700
2013-12-17,95.70548248291016,95.72128455014709,95.57904182892588,95.57904182892588,137500
2013-12-18,95.54747772216797,95.80825112946751,95.07333110011481,95.56327979602486,233600
2013-12-19,95.27877044677734,95.31038061562397,95.17604191979325,95.22345415855156,125100
2013-12-20,95.18389129638672,95.31823595258366,95.1601851891226,95.23920755634306,123800
2013-12-23,95.08909606933594,95.19972862322403,95.07328797362507,95.16811846082429,136500
2013-12-24,94.89942169189453,95.01006025917869,94.87571558069834,94.97054605450427,79500
2013-12-26,94.91204071044922,94.92785541061593,94.84876984209815,94.91204071044922,200500
2013-12-27,94.90416717529297,94.96743806819917,94.87253172883987,94.88835246898866,104200
2013-12-30,95.03863525390625,95.08609145147183,94.95954963642475,94.97536434638272,141400
2013-12-31,94.92788696289062,95.03070366659601,94.80925555376201,94.97533711300443,162400
2014-01-02,95.02278900146484,95.03860370617316,94.91206796697503,94.92788267168336,1470100
2014-01-03,94.95164489746094,95.11772651417851,94.93583018656477,94.9674656422033,113700
2014-01-06,95.10191345214844,95.17308870318449,95.01491745609573,95.0623676234531,131300
2014-01-07,95.18102264404297,95.21265810806342,95.10984737538278,95.14148283940324,95500
2014-01-08,94.82505798339844,95.01486458104829,94.81714761529217,95.01486458104829,98500
2014-01-09,94.94368743896484,94.95159177306742,94.79342061721609,94.90414163308058,176200
2014-01-10,95.41824340820312,95.46569356632492,95.25216182093176,95.26797652902397,123100
2014-01-13,95.58434295654297,95.608068040062,95.49734696107569,95.50525733353079,311800
2014-01-14,95.33122253417969,95.50521444698329,95.31540179637378,95.49730407808033,167100
2014-01-15,95.24421691894531,95.26794198940462,95.14140626900732,95.15722097136587,91900
2014-01-16,95.37078857421875,95.41824476686139,95.33915915758395,95.37869894530006,118400
2014-01-17,95.47358703613281,95.47358703613281,95.34704525841553,95.41031614727417,94800
2014-01-21,95.35497283935547,95.44196881877767,95.35497283935547,95.35497283935547,146200
2014-01-22,95.19681549072266,95.26799073852133,95.14935929167751,95.22845094547074,158100
2014-01-23,95.56847381591797,95.67920087267854,95.40239228154192,95.40239228154192,174500
2014-01-24,95.75833892822266,95.86906001181171,95.67134292913889,95.78206401272794,101100
2014-01-27,95.6475830078125,95.81366457270575,95.63176226800687,95.68712278963795,238600
2014-01-28,95.77417755126953,95.7820879260284,95.63182097484999,95.71090662089462,113800
2014-01-29,95.97183990478516,96.05883587593335,95.82157907322019,95.96392953454135,319800
2014-01-30,95.93229675292969,95.96392616510522,95.80575496885007,95.85320512095774,154000
2014-01-31,96.1458511352539,96.1458511352539,96.0034946115295,96.0904906001303,150800
2014-02-03,96.42922973632812,96.42922973632812,96.04927279907716,96.06510760936838,35655000
2014-02-04,96.31842803955078,96.3342568135596,96.23135468447288,96.2471834584817,1590100
2014-02-05,96.1601333618164,96.29469910222896,96.15221595378836,96.24720069327354,563400
2014-02-06,96.06511688232422,96.08094565493272,96.00970711937765,96.05719947641437,713800
2014-02-07,96.26304626464844,96.32637345752256,96.14430928781283,96.18389029316253,346500
2014-02-10,96.2392807006836,96.31051924891396,96.20761711062156,96.2392807006836,348100
2014-02-11,96.01761627197266,96.08885480140432,96.00178146151404,96.04927381446849,273800
2014-02-12,95.88301849365234,95.93051687291474,95.82760875052043,95.93051687291474,352100
2014-02-13,96.12840270996094,96.1679776440681,96.08090433414027,96.08090433414027,380500
2014-02-14,96.10465240478516,96.1442273371888,96.03340786372523,96.1442273371888,278500
2014-02-18,96.27088165283203,96.30254522229241,96.1679735422837,96.19963711174408,569500
2014-02-19,96.1601333618164,96.38968384171415,96.12055236088902,96.38968384171415,283800
2014-02-20,96.04923248291016,96.1046482564583,95.94633041605239,96.0254863166513,280000
2014-02-21,96.07302856445312,96.11260351322221,95.96220904516233,95.98595522226594,317400
2014-02-24,96.03343963623047,96.08093198651095,95.94636630124268,96.0571858113707,176700
2014-02-25,96.19175720214844,96.21550941790788,96.08885509070042,96.11260126724913,220200
2014-02-26,96.334228515625,96.334228515625,96.1600878958343,96.16799926090889,240800
2014-02-27,96.36590576171875,96.40548674954564,96.3263308131027,96.37382316712629,326500
2014-02-28,96.28675079345703,96.33424314795818,96.1442676907427,96.27092202169361,291900
2014-03-03,96.52678680419922,96.53471091861587,96.33665036849793,96.42379749409609,496700
2014-03-04,96.17820739746094,96.34457753951882,96.16235916812485,96.33665342485078,42883800
2014-03-05,96.20987701416016,96.24948549028122,96.0593490896494,96.09896361009767,325200
2014-03-06,96.04351043701172,96.09896714108062,96.00389591510789,96.00389591510789,685200
2014-03-07,95.78998565673828,95.8454423564331,95.74244702533777,95.76621331887456,184300
2014-03-10,95.8296127319336,95.86922725840213,95.75038972332463,95.79792231962439,279500
2014-03-11,95.88506317138672,95.91675358162333,95.77414975772243,95.80584016795905,139700
2014-03-12,96.01976776123047,96.09899682951482,95.97223515572328,96.02769187692475,137200
2014-03-13,96.28910827636719,96.33664086952363,95.85337269134075,95.85337269134075,482900
2014-03-14,96.2970199584961,96.40000924514884,96.2177909210265,96.3920851325365,283100
2014-03-17,96.09900665283203,96.23368641175564,96.08315841982342,96.17822968488534,170200
2014-03-18,96.24156188964844,96.24947995782121,96.12272437946169,96.15441478513328,282600
2014-03-19,95.60778045654297,96.52677818396926,95.44933444832981,96.18611987074375,283300
2014-03-20,95.57608795166016,95.57608795166016,95.4572504259405,95.5681638381248,85800
2014-03-21,95.56816101074219,95.62361771519365,95.48893801071544,95.48893801071544,183500
2014-03-24,95.48104858398438,95.54442942476189,95.36221706293861,95.37013513478857,952800
2014-03-25,95.47311401367188,95.59195155851128,95.44934771356972,95.45726578405136,869500
2014-03-26,95.74248504638672,95.76625134936153,95.55234857825891,95.55234857825891,110700
2014-03-27,95.7108383178711,95.74252875108004,95.56823439059686,95.56823439059686,79800
2014-03-28,95.53650665283203,95.67911052442311,95.52858858087068,95.67911052442311,61800
2014-03-31,95.63151550292969,95.63151550292969,95.39384656827526,95.40176463506903,946700
2014-04-01,95.58634948730469,95.62600442158795,95.53876840655957,95.58634948730469,111300
2014-04-02,95.33257293701172,95.45153168849183,95.30085019991746,95.42774114829449,171400
2014-04-03,95.34053039550781,95.42776643300789,95.32466599751051,95.32466599751051,56400
2014-04-04,95.71329498291016,95.75294388929555,95.56261340735365,95.57847175980842,72100
2014-04-07,95.81634521484375,95.9194395845006,95.8084130170258,95.8084130170258,74100
2014-04-08,95.9035415649414,95.91939990352273,95.76872451027947,95.85596049870581,146100
2014-04-09,96.06216430664062,96.06216430664062,95.72115249367671,95.76080742212307,324300
2014-04-10,96.2366714477539,96.41114351583083,96.06219937967698,96.06219937967698,341800
2014-04-11,96.31591796875,96.37936341947733,96.26833690595011,96.33971455064115,163500
2014-04-14,96.1969985961914,96.28423460850259,96.14941146643503,96.20492474240639,68800
2014-04-15,96.18904876708984,96.29214310342608,96.07009004024513,96.11767111078615,79300
2014-04-16,96.03044891357422,96.14148151161172,96.01459057127917,96.09389438374049,127500
2014-04-17,95.6973648071289,95.98286335906697,95.68943866159762,95.93528228390821,71800
2014-04-21,95.78458404541016,95.85596169614684,95.76079351199516,95.80044843468129,192700
2014-04-22,95.68946838378906,95.73704947372703,95.64981344184433,95.68946838378906,341400
2014-04-23,95.82425689697266,95.9273512445573,95.79253416298673,95.81632470085296,86700
2014-04-24,95.79252624511719,95.88769443920872,95.7290807823895,95.73701297785355,78900
2014-04-25,95.88768005371094,96.0066327153641,95.84802513283225,95.9352611183722,114200
2014-04-28,95.81634521484375,95.95909452309623,95.74497358596459,95.84013575780348,52800
2014-04-29,95.87190246582031,95.87190246582031,95.76087584742827,95.78466640129842,80700
2014-04-30,96.10186767578125,96.1097998755673,95.91153723438526,96.00669942983544,449100
2014-05-01,96.20500946044922,96.27645181017901,96.07799276338808,96.10974693765337,536900
2014-05-02,96.15740966796875,96.25267222494074,95.90338223920178,95.92719636432186,359800
2014-05-05,96.13359069824219,96.22885325041345,96.09390251053932,96.22885325041345,384200
2014-05-06,96.14944458007812,96.15737858155876,96.0938762872652,96.13356446413746,85000
2014-05-07,96.2606201171875,96.32412243717702,96.04628086068493,96.13360336422419,216200
2014-05-08,96.39558410644531,96.41145817449859,96.25269326799393,96.26856733604721,177100
2014-05-09,96.40351867675781,96.41939274390677,96.3082561043862,96.31619616620699,126100
2014-05-12,96.27642822265625,96.32405644414064,96.22085994542849,96.26055416765746,66400
2014-05-13,96.44319152832031,96.4511315888778,96.3638090922204,96.37174915277788,77500
2014-05-14,96.66544342041016,96.7765860741907,96.51461864208217,96.51461864208217,84800
2014-05-15,96.80835723876953,96.89567973692357,96.6575324245422,96.68928661082472,342200
2014-05-16,96.72897338867188,96.81629588555064,96.7051592634307,96.76072757449067,143900
2014-05-19,96.74479675292969,96.91150158830952,96.74479675292969,96.78448491955074,90500
2014-05-20,96.90360260009766,96.95123084282298,96.75277175614656,96.80040605536257,164600
2014-05-21,96.840087890625,96.87184206919052,96.72101123512688,96.82421382958739,80100
2014-05-22,96.73690795898438,96.80041632701756,96.70515377496777,96.76072208287398,127000
2014-05-23,96.82418060302734,96.8718088262862,96.80036649139792,96.83212065906656,112100
2014-05-27,96.8718490600586,96.87978911939554,96.72895827444702,96.83216087635526,133200
2014-05-28,97.09414672851562,97.14971504489105,96.97507609091988,96.99889021843903,90900
2014-05-29,97.02267456054688,97.25288781671155,97.0067944427477,97.13381115917942,101700
2014-05-30,96.93533325195312,97.02265571341451,96.87182490607408,96.95914736753546,1071500
2014-06-02,96.69937896728516,96.88214208316943,96.67554082717844,96.834465802956,298400
2014-06-03,96.49276733398438,96.65169230265555,96.49276733398438,96.65169230265555,111600
2014-06-04,96.50070190429688,96.57221631141698,96.43712950068027,96.57221631141698,203400
2014-06-05,96.57221984863281,96.62784418818521,96.51659550908042,96.54043364566026,905900
2014-06-06,96.48479461669922,96.667563740316,96.44506641598072,96.61988141181745,269700
2014-06-09,96.35760498046875,96.3814431008255,96.30198067877157,96.32581879912834,354000
2014-06-10,96.25433349609375,96.30995781808674,96.19870917410076,96.30995781808674,91100
2014-06-11,96.33383178710938,96.38150805995572,96.27820744792255,96.30998758808794,202600
2014-06-12,96.5245361328125,96.54837426755427,96.30998079494093,96.34971506124243,79400
2014-06-13,96.3814697265625,96.40530785350464,96.20664871219239,96.23048683913451,69800
2014-06-16,96.34968566894531,96.38941992312554,96.30200941400584,96.34968566894531,79600
2014-06-17,96.09538269042969,96.19074124353978,96.07949262954206,96.19074124353978,226800
2014-06-18,96.3814697265625,96.39735979032531,96.04772382418093,96.23048683913451,104100
2014-06-19,96.37352752685547,96.54834855186189,96.27817501328559,96.49272423141406,62200
2014-06-20,96.34968566894531,96.37352379641506,96.23843703235586,96.2622751598256,361300
2014-06-23,96.32584381103516,96.46093056986281,96.3020056844886,96.42119631722137,113600
2014-06-24,96.4530029296875,96.48478912601188,96.29407801066269,96.4530029296875,127100
2014-06-25,96.56423950195312,96.68343620760457,96.54040137334209,96.61986382291096,146300
2014-06-26,96.6834716796875,96.75499215435696,96.60400920096474,96.65168547567869,143800
2014-06-27,96.73912048339844,96.82653105087648,96.71528234001353,96.7868028327683,203800
2014-06-30,96.78675079345703,96.8105889240249,96.70728227476842,96.75496459850095,688700
2014-07-01,96.63798522949219,96.74934632247826,96.62207910280465,96.67775964929767,168500
2014-07-02,96.4232177734375,96.52662276725076,96.39935554938246,96.51071664078884,184300
2014-07-03,96.29598236083984,96.33575679572472,96.17667119363861,96.22439566051911,175700
2014-07-07,96.33572387695312,96.35163000423579,96.25618110309054,96.30390555366316,66800
2014-07-08,96.48686981201172,96.55845649559906,96.44709538642411,96.47095761428656,188300
2014-07-09,96.54259490966797,96.6062255237508,96.31191648602447,96.40736544151275,126400
2014-07-10,96.67780303955078,96.81302641762038,96.6459847031708,96.80507031634359,122200
2014-07-11,96.75736236572266,96.80508684407717,96.701681784733,96.7335001265454,187200
2014-07-14,96.63002014160156,96.6697884864851,96.59024572799456,96.63002014160156,136600
2014-07-15,96.54259490966797,96.73349888937263,96.47895822685705,96.57441325107342,250300
2014-07-16,96.5266342163086,96.53459031484539,96.45504753565257,96.50277198942325,85600
2014-07-17,96.797119140625,96.82893747662922,96.58234688977832,96.66188969542532,79700
2014-07-18,96.63798522949219,96.75730242018423,96.61412300509866,96.71752800037875,96800
2014-07-21,96.61412048339844,96.74139376847452,96.59025825962773,96.63798270716913,96400
2014-07-22,96.72550964355469,96.72550964355469,96.59824239026946,96.69369131305189,208100
2014-07-23,96.7493667602539,96.79709728784817,96.7255045308196,96.77323505841389,67200
2014-07-24,96.494873046875,96.5823719764321,96.4789669091049,96.56646583866201,248000
2014-07-25,96.63002014160156,96.65388236227638,96.55047131438756,96.58228963152847,115200
2014-07-28,96.57437896728516,96.62210342808717,96.4948301076472,96.6061912286692,112000
2014-07-29,96.606201171875,96.64597560578777,96.51870227224818,96.5982511400737,135100
2014-07-30,96.30394744873047,96.50280750425925,96.16872406746543,96.35962802152943,135400
2014-07-31,96.33572387695312,96.39936052353305,96.17663832922796,96.18458835850697,389100
2014-08-01,96.74100494384766,96.82063251030932,96.4941576652583,96.63748971496688,7098900
2014-08-04,96.8286361694336,96.88437609597271,96.7967839149546,96.82067158701476,493300
2014-08-05,96.812744140625,96.8684840850474,96.66941198708192,96.78885646090087,162500
2014-08-06,96.85250091552734,96.9162054094058,96.82861324912164,96.90824082887227,192400
2014-08-07,97.04364776611328,97.09142311535247,96.79679428625114,96.83661112741514,515000
2014-08-08,96.9879379272461,97.2427499942471,96.96404417001568,97.14719319092215,638700
2014-08-11,97.00379943847656,97.03565168602942,96.93213643787888,96.98787635229763,179500
2014-08-12,96.97195434570312,97.01177117688073,96.94010209580013,97.00380659560611,190300
2014-08-13,97.15515899658203,97.1790466789135,97.05163760621375,97.08348987438868,120900
2014-08-14,97.21085357666016,97.29844575446032,97.17103674122514,97.25066433689905,319400
2014-08-15,97.31437683105469,97.54530113010055,97.17900929977847,97.17900929977847,211900
2014-08-18,97.21085357666016,97.26659350115152,97.1949244124077,97.25066433689905,398000
2014-08-19,97.1949462890625,97.32235533097493,97.155135519863,97.29846765441573,160400
2014-08-20,96.96401977539062,97.16309184250173,96.93217359082652,97.16309184250173,106000
2014-08-21,97.0197525024414,97.07549850927997,96.96401257079977,97.01179399449039,102400
2014-08-22,96.94007110595703,97.02766324638989,96.80470364354026,96.97988792440599,157000
2014-08-25,96.89234161376953,96.94011695835104,96.84456626918802,96.88437703127381,104700
2014-08-26,96.96401977539062,97.02772429491354,96.91624442334711,97.00383661889178,469300
2014-08-27,97.05159759521484,97.1073375227416,97.01974534017148,97.05159759521484,366100
2014-08-28,97.14714813232422,97.2108526383269,97.07548511946825,97.14714813232422,84300
2014-08-29,97.21085357666016,97.23474124784272,97.09937372767745,97.13122598098623,191600
2014-09-02,96.9000015258789,97.03551947955934,96.89203453223706,97.02754640424295,7106800
2014-09-03,96.96378326416016,96.97175634024117,96.80435823259032,96.83624445523931,170200
2014-09-04,96.83617401123047,96.99559892682576,96.75645547176212,96.97965886793452,226100
2014-09-05,96.9159164428711,97.08331448051969,96.89997029737738,97.05142827120483,173500
2014-09-08,96.78839111328125,97.05144783189343,96.78839111328125,96.99564847476422,183500
2014-09-09,96.62897491455078,96.7086874203257,96.59708869590594,96.64491498303602,69000
2014-09-10,96.54127502441406,96.62098751837404,96.50141573659734,96.57316123833274,1404400
2014-09-11,96.51734161376953,96.66082650543211,96.50139546932249,96.65285343320859,345300
2014-09-12,96.39779663085938,96.50939534629572,96.3659104147813,96.37388348921928,315000
2014-09-15,96.50144958496094,96.53333581006387,96.45362328814433,96.45362328814433,204700
2014-09-16,96.56520080566406,96.64491331005911,96.50142836947832,96.55722773072229,228400
2014-09-17,96.35791015625,97.10722081850778,96.32602394916752,96.59705366853248,187900
2014-09-18,96.28616333007812,96.30210339155467,96.19847778777793,96.24630405387924,196600
2014-09-19,96.4057846069336,96.4217246765996,96.270266647236,96.3101259439132,214600
2014-09-22,96.58114624023438,96.58114624023438,96.42968822583357,96.4695414368988,152900
2014-09-23,96.65284729003906,96.66082036175582,96.54124861269152,96.58110788960356,105500
2014-09-24,96.52528381347656,96.6528286096066,96.50137068461984,96.62891548074988,106100
2014-09-25,96.77237701416016,96.77237701416016,96.5890329343254,96.61294605741925,132400
2014-09-26,96.60501861572266,96.70067114725305,96.51733307403872,96.68473108588853,166000
2014-09-29,96.74051666259766,96.78037593284674,96.70065739234857,96.74848973298162,516400
2014-09-30,96.70865631103516,96.77242872781049,96.63691690341722,96.6767701026475,409800
2014-10-01,97.14520263671875,97.1531786357745,96.92972889123557,96.92972889123557,481600
2014-10-02,97.03348541259766,97.2489591885847,97.01752732367812,97.17713256707243,674600
2014-10-03,96.93771362304688,96.93771362304688,96.76214422224896,96.84194683482554,218300
2014-10-06,97.08137512207031,97.13723756799239,96.9297458737604,96.98560831968247,572200
2014-10-07,97.37662506103516,97.4085473218167,97.20106175955964,97.2329779317925,136300
2014-10-08,97.7277603149414,97.73574240198597,97.25692068463654,97.39258572165166,354200
2014-10-09,97.60810089111328,97.74377208273832,97.56820261356005,97.67992753239142,251300
2014-10-10,97.73576354980469,97.76768581634171,97.62403866120002,97.67191901673066,2892900
2014-10-13,98.12682342529297,98.15874569923594,97.91135568686693,97.9432779608099,728500
2014-10-14,98.19061279296875,98.21455296283452,98.05494777136425,98.13475036709939,855700
2014-10-15,98.62957000732422,99.61914207805334,98.50188702021254,99.03657132530877,566900
2014-10-16,98.46196746826172,98.87695081157662,98.35024258857294,98.85301063572177,472800
2014-10-17,98.26244354248047,98.35022823350147,98.18264093842912,98.28638980338944,298900
2014-10-20,98.37421417236328,98.43805872072605,98.30239362186862,98.40613644654466,698300
2014-10-21,98.27040100097656,98.38212583635772,98.1905984169253,98.23049666467749,718800
2014-10-22,98.24649810791016,98.25448019590763,98.11880905414723,98.17467149303121,976400
2014-10-23,98.01506042480469,98.07092286036047,97.91131764121504,98.06294077283854,386300
2014-10-24,98.02306365966797,98.13478855488289,97.99912348048622,98.03902174960575,113800
2014-10-27,98.09486389160156,98.14275032860273,98.01506128133147,98.01506128133147,134200
2014-10-28,97.97513580322266,98.07090256802364,97.95917772002961,98.0549444848306,186500
2014-10-29,97.63996887207031,97.94322727331087,97.5442081883506,97.90332292939563,381900
2014-10-30,97.7277603149414,97.80756291974157,97.63997562309669,97.75170048752662,119300
2014-10-31,97.63996887207031,97.67987321598555,97.55218418629521,97.65593304505562,1062300
2014-11-03,97.55770111083984,97.62161720848412,97.38992592605456,97.60563513638577,280500
2014-11-04,97.55770111083984,97.67754227007921,97.51775202596855,97.64558422125708,2406400
2014-11-05,97.56566619873047,97.59762423905318,97.47778311168625,97.51772609055993,399600
2014-11-06,97.43783569335938,97.59762589768849,97.41386868655327,97.47778476828492,786000
2014-11-07,97.78142547607422,97.81338353277916,97.58968323122066,97.61365024990535,191200
2014-11-10,97.56566619873047,97.78936638561647,97.54968413088264,97.74941731136985,186600
2014-11-11,97.55770111083984,97.60563513638577,97.4778090364718,97.57367708756364,151900
2014-11-12,97.58961486816406,97.74939894438144,97.54966580142383,97.66950690627276,737700
2014-11-13,97.65360260009766,97.71751262026203,97.58968648455702,97.61365350404068,109100
2014-11-14,97.75746154785156,97.83735364445154,97.53376123922109,97.56571929693634,183100
2014-11-17,97.70953369140625,97.83735983497901,97.6615935541119,97.81339281402016,288600
2014-11-18,97.78142547607422,97.79740755211472,97.69354234397966,97.70952442002016,483200
2014-11-19,97.64554595947266,97.79734510805264,97.57363885395556,97.60559689025514,351900
2014-11-20,97.73346710205078,97.87727527372523,97.63759295580964,97.86928423769483,182300
2014-11-21,97.8373031616211,97.84529419577069,97.74142903794521,97.74142903794521,218900
2014-11-24,97.90121459960938,97.91719057177755,97.7254484288952,97.76539750237491,148800
2014-11-25,98.00507354736328,98.04502262079824,97.83729841060753,97.86126541651937,152300
2014-11-26,98.12491607666016,98.18084112304581,98.07698206415043,98.15687411679095,164100
2014-11-28,98.30069732666016,98.33265537169254,98.18884721673373,98.18884721673373,105800
2014-12-01,98.2607192993164,98.56466356945228,98.24472512303898,98.53266911457911,1269100
2014-12-02,97.96477508544922,98.09274679454361,97.95677494665647,98.07675261927604,337600
2014-12-03,97.9248275756836,97.94882190128031,97.8608386392118,97.93282771832278,156600
2014-12-04,98.05274963378906,98.06074977237219,97.88478333744978,97.9407721028962,271300
2014-12-05,97.62084197998047,97.76481396612176,97.53285876054314,97.74881368859613,244600
2014-12-08,97.70079803466797,97.78078109321758,97.52483164446909,97.59681456646888,132000
2014-12-09,97.89279174804688,98.0287636038611,97.82080880166932,97.90079188730603,266500
2014-12-10,98.188720703125,98.21271501487604,97.87678244572676,97.92477106922885,2243600
2014-12-11,98.00473022460938,98.08471327836557,97.8607582869219,98.06871910854066,2239000
2014-12-12,98.41267395019531,98.49265702200911,98.1727186324367,98.20471308162566,512800
2014-12-15,98.1407241821289,98.35668518857264,98.1407241821289,98.22071335625901,352900
2014-12-16,98.42864990234375,98.58062198227867,98.22069517458827,98.51663309574649,328100
2014-12-17,97.97271728515625,98.48461605532715,97.94072284923124,98.3646445485017,865500
2014-12-18,97.73278045654297,97.80476336968822,97.70078601659549,97.79676323412248,191400
2014-12-19,97.8528060913086,97.93279528656926,97.78082313835658,97.86080623129843,210200
2014-12-22,97.82081604003906,97.87680481435955,97.78082144310213,97.86080453465728,229200
2014-12-23,97.4848403930664,97.70080137107308,97.46884622173677,97.68480109742704,160100
2014-12-24,97.48802947998047,97.48802947998047,97.34389908936542,97.43197911190973,106700
2014-12-26,97.49605560302734,97.52007632085781,97.46402594290906,97.52007632085781,95200
2014-12-29,97.6882553100586,97.7523146485614,97.5841634667676,97.5841634667676,1707300
2014-12-30,97.82440185546875,97.89647015698507,97.77636039381541,97.80038112464207,419600
2014-12-31,97.93645477294922,97.99250515381027,97.82435401122714,97.8323629539311,211900
2015-01-02,98.15267181396484,98.21673114950677,97.91245236019981,97.95249097217214,820800
2015-01-05,98.3768539428711,98.40888360431391,98.14464347918558,98.16866419800938,236100
2015-01-06,98.68113708496094,99.06548695422308,98.52099486970484,98.52099486970484,347600
2015-01-07,98.7691879272461,98.82523829691345,98.52897467539972,98.57701610396258,329600
2015-01-08,98.64915466308594,98.68919329059139,98.57709246442036,98.6571636103944,217100
2015-01-09,98.93739318847656,99.06551188014458,98.7532302054981,98.81728955133211,119900
2015-01-12,99.15357971191406,99.19361221634131,99.02546103606356,99.02546103606356,1267700
2015-01-13,99.24964904785156,99.32972626383336,99.04946822596477,99.12153649854163,289100
2015-01-14,99.5138931274414,99.71407395723077,99.473860626904,99.66603251297224,462900
2015-01-15,100.06639099121094,100.07439993467744,99.52189890713316,99.52189890713316,258700
2015-01-16,99.61799621582031,99.9382806728046,99.57795760418006,99.89824817019877,2577800
2015-01-20,99.64201354980469,99.8501972179561,99.55393349441978,99.72208466132709,1174200
2015-01-21,99.41781616210938,99.73810062162718,99.36175966175583,99.61799700382524,310400
2015-01-22,99.27367401123047,99.54591699154072,99.17758501927958,99.54591699154072,528700
2015-01-23,99.5699462890625,99.58596417695095,99.37777439764109,99.37777439764109,335400
2015-01-26,99.41781616210938,99.52190800054922,99.31371821463505,99.45784866503186,336400
2015-01-27,99.5138931274414,99.75411256680228,99.44983379574062,99.65001462552998,239900
2015-01-28,99.8742446899414,99.97032760001147,99.50590650455457,99.50590650455457,279500
2015-01-29,99.73011016845703,99.78616056673503,99.61000042670838,99.72210122326439,267300
2015-01-30,100.20254516601562,100.25058662441552,99.98635249418018,100.12247403233717,277600
2015-02-02,100.14803314208984,100.24423132517222,100.01976889798001,100.05985300325828,7335700
2015-02-03,99.7391357421875,99.93954391050855,99.7070697013395,99.9315319872755,419400
2015-02-04,99.79530334472656,99.87546543188351,99.47464888012354,99.570847054297,643500
2015-02-05,99.65902709960938,99.74720723019907,99.56282892551829,99.68307511413833,442600
2015-02-06,98.8734130859375,99.21811552685742,98.84135314741081,99.15398953382952,711200
2015-02-09,98.82532501220703,98.98565529761093,98.8012769983902,98.98565529761093,405500
2015-02-10,98.69705963134766,98.83333577692369,98.64895749128144,98.72110764339348,362700
2015-02-11,98.67301940917969,98.80930168993639,98.61690533450651,98.7531876152632,1046200
2015-02-12,98.7852554321289,98.89748358347208,98.72112331251121,98.72112331251121,333200
2015-02-13,98.67301940917969,98.80930168993639,98.65698943754826,98.77723563069807,318200
2015-02-17,98.31226348876953,98.66498394025777,98.16796931461289,98.5768038273857,482600
2015-02-18,98.66500091552734,98.81730704180457,98.24814828914485,98.352364503728,493300
2015-02-19,98.4886245727539,98.71308081984819,98.41647442705988,98.55275667648772,267600
2015-02-20,98.41650390625,98.79327248357393,98.29626382070056,98.65699630930064,445900
2015-02-23,98.64895629882812,98.65697434140468,98.50466211232283,98.51268015489937,1877100
2015-02-24,99.03372955322266,99.03372955322266,98.34432476748529,98.56076296022903,3814900
2015-02-25,99.07382202148438,99.07382202148438,98.8974678944757,99.01770795471467,1273800
2015-02-26,98.68903350830078,98.94555580907719,98.65696745620697,98.90547171496641,658500
2015-02-27,98.86539459228516,98.89746064465642,98.68903436223023,98.76117839308499,1997600
2015-03-02,98.53557586669922,98.8966859579338,98.49544980217188,98.84853957840329,5971700
2015-03-03,98.41520690917969,98.575698927611,98.37508084338283,98.47940616550343,945300
2015-03-04,98.511474609375,98.58369415809422,98.39110257246685,98.58369415809422,349300
2015-03-05,98.5917739868164,98.67202001408806,98.43128193227311,98.50350152010377,711900
2015-03-06,98.03803253173828,98.18247778048212,97.9898861562828,98.13433140502661,166300
2015-03-09,98.27881622314453,98.27881622314453,98.14239735617694,98.20659050850416,213300
2015-03-10,98.46334838867188,98.57569402045678,98.39112882068633,98.52754764179974,600200
2015-03-11,98.51954650878906,98.54362582667999,98.37510121334023,98.4312801660397,270100
2015-03-12,98.59983825683594,98.76033037295652,98.48749255107518,98.76033037295652,182600
2015-03-13,98.57568359375,98.72815527320678,98.47939084662117,98.51149046978982,206700
2015-03-16,98.70409393310547,98.81643956649113,98.63989467906285,98.77631350212003,453100
2015-03-17,98.77629852294922,98.84049776725618,98.72815215090743,98.82445101736789,166000
2015-03-18,99.48248291015625,99.57075534487153,98.76025668174826,98.88062874021246,257600
2015-03-19,99.12142181396484,99.39426570625446,99.0893282947596,99.33809286407433,286400
2015-03-20,99.43439483642578,99.45044159652024,99.3140227073846,99.3140227073846,219900
2015-03-23,99.50659942626953,99.53869906399585,99.36215411769105,99.48252622856977,171000
2015-03-24,99.66706085205078,99.68311372716877,99.45039601698188,99.51459527269786,239900
2015-03-25,99.45843505859375,99.69917311446962,99.45040862001758,99.66707348254374,216000
2015-03-26,99.22571563720703,99.40226054861779,99.16954281288349,99.40226054861779,309500
2015-03-27,99.39421844482422,99.46643801226693,99.37014525567665,99.38619200764911,230300
2015-03-30,99.45843505859375,99.54670751579519,99.41028254951556,99.44238218144143,195400
2015-03-31,99.6429214477539,99.66699462205595,99.46637667304024,99.50650271179296,190300
2015-04-01,99.85347747802734,99.95791611123,99.78116909397359,99.79724034793551,840000
2015-04-02,99.78116607666016,99.91774721365657,99.74903582848283,99.90167596018063,255500
2015-04-06,99.98204803466797,100.19896712507166,99.91778138694593,100.15879510702968,253000
2015-04-07,99.8856201171875,99.91775649773814,99.78117534805097,99.86954886221825,392000
2015-04-08,99.85347747802734,99.92577973269361,99.69279558534537,99.92577973269361,452600
2015-04-09,99.63655853271484,99.81330555010868,99.55622065100515,99.81330555010868,229700
2015-04-10,99.60443115234375,99.74904179534128,99.55622351841947,99.71690541585431,125400
2015-04-13,99.74098205566406,99.74098205566406,99.58833582235023,99.6204721940682,131600
2015-04-14,99.8856201171875,100.04629589055281,99.84544810915224,99.94185725080415,182200
2015-04-15,99.93385314941406,100.03026232148014,99.93385314941406,99.99812593079145,163100
2015-04-16,100.07037353515625,100.11858115954392,99.85346067826427,99.98200004139636,177200
2015-04-17,100.03823852539062,100.15071889757051,99.90969916050675,99.99003702973249,266400
2015-04-20,100.00614929199219,100.11862358090929,99.92580526043223,100.0704159360955,258700
2015-04-21,99.93385314941406,99.97402517012237,99.8776159980563,99.91778801876461,165300
2015-04-22,99.63655853271484,99.86954268024422,99.61245778114069,99.83740630168285,196500
2015-04-23,99.78116607666016,99.86151008526532,99.6124546914864,99.70082819744226,283000
2015-04-24,100.01416015625,100.01416015625,99.91775714336305,99.91775714336305,191100
2015-04-27,99.90168762207031,99.99809676601835,99.8293853611503,99.90972324974632,168000
2015-04-28,99.66071319580078,99.89369132564357,99.66071319580078,99.74908674686823,111600
2015-04-29,99.56427001953125,99.76511781621961,99.40359423393589,99.47589649863731,319200
2015-04-30,99.5401382446289,99.56423899201879,99.21074501860343,99.28305339015948,549800
2015-05-01,99.22330474853516,99.41632882769252,99.19917136953124,99.36002988226643,311500
2015-05-04,99.19915771484375,99.36806066399754,99.17503047528578,99.27959002820232,450800
2015-05-05,99.11071014404297,99.27960698592165,98.98202332958778,99.27960698592165,440100
2015-05-06,98.90962982177734,99.06243772559236,98.82919750425707,99.05439940273979,407900
2015-05-07,99.0222396850586,99.07049417251031,98.89355287035399,98.94985181775598,125300
2015-05-08,99.35195922851562,99.47260154722852,99.26348860386771,99.45651876825764,202600
2015-05-11,98.90962982177734,99.2072073065548,98.83724196323396,99.2072073065548,366300
2015-05-12,98.94979095458984,99.03021709624826,98.76481144238758,98.86936481293141,168700
2015-05-13,98.95783996582031,99.1749911719083,98.92566828045143,99.15086394191204,317700
2015-05-14,99.20718383789062,99.2715272222359,99.07045874824905,99.12675767552045,178300
2015-05-15,99.4565200805664,99.52890179107527,99.28761715046578,99.30370606577216,148200
2015-05-18,99.18306732177734,99.34391966390143,99.11068560865856,99.3358813420817,229600
2015-05-19,98.85334014892578,99.06244701293467,98.83725122946362,98.8855057156003,313300
2015-05-20,99.03025817871094,99.15894496764686,98.94178754534846,99.03830263705039,192700
2015-05-21,99.28761291503906,99.31174628696917,99.11871612826656,99.11871612826656,161800
2015-05-22,99.15895080566406,99.16699526447712,98.9498378293935,99.08656294859479,239700
2015-05-26,99.3117446899414,99.31978301099913,99.0222055926666,99.04633282808567,156000
2015-05-27,99.29566955566406,99.31979679443148,99.10264550940096,99.2313261615351,182200
2015-05-28,99.40825653076172,99.44042822429972,99.27153143531753,99.31174758627081,179800
2015-05-29,99.47257995605469,99.6093050240614,99.44845272477373,99.44845272477373,1356800
2015-06-01,99.2454833984375,99.55952541020832,99.17301500040062,99.50315905280003,222700
2015-06-02,98.9798355102539,99.06035806693485,98.91541500751822,99.0281539590443,322400
2015-06-03,98.60939025878906,98.79459759958817,98.55302387567194,98.79459759958817,348500
2015-06-04,98.79457092285156,98.88314752147153,98.6657299999595,98.6657299999595,283100
2015-06-05,98.39196014404297,98.52079493379291,98.23896307170818,98.34364172234713,413300
2015-06-08,98.55298614501953,98.59325046474886,98.49661978348207,98.51272182529021,217000
2015-06-09,98.35975646972656,98.48054331680991,98.3033900935509,98.48054331680991,141800
2015-06-10,98.1745376586914,98.35974495500068,98.15843561458664,98.28727039784539,248100
2015-06-11,98.50470733642578,98.52080938370351,98.19871314687649,98.27118771831306,128900
2015-06-12,98.46440124511719,98.66571053982621,98.38387875592801,98.39193284788857,193700
2015-06-15,98.63350677490234,98.77844972232394,98.56909246541582,98.73013745434092,214600
2015-06-16,98.78652954101562,98.82679387046888,98.67379679071544,98.77847544643014,145500
2015-06-17,98.9637222290039,99.05229887434724,98.32758365948206,98.68993819517635,2605400
2015-06-18,98.94757843017578,99.04420913854709,98.73822111058284,98.98784276119909,258900
2015-06-19,99.19722747802734,99.25359386745228,99.10059674895217,99.10059674895217,335200
2015-06-22,98.81073760986328,98.97983682418122,98.79463555570425,98.97983682418122,164900
2015-06-23,98.68991088867188,98.83485389154065,98.59328631574262,98.59328631574262,212200
2015-06-24,98.83477783203125,98.85088601077312,98.62542065614797,98.74620127936134,523300
2015-06-25,98.66573333740234,98.77041812666153,98.55300059779518,98.68988947539337,167400
2015-06-26,98.50470733642578,98.5610737171099,98.45638890764316,98.4724970983956,121600
2015-06-29,99.07640838623047,99.1488768018658,98.79457653074807,98.86704494638339,229700
2015-06-30,99.01200866699219,99.1730598634939,98.90732999687229,98.91537794909115,189300
2015-07-01,98.74195861816406,98.83869554724988,98.63716489099177,98.70971297513546,1584000
2015-07-02,99.03211212158203,99.11272311241761,98.9434381865956,98.95150113074646,532700
2015-07-06,99.37071990966797,99.45133708150487,99.16918928052915,99.39490875135508,236000
2015-07-07,99.48358917236328,99.78991353443982,99.44328058383054,99.6125655852592,165900
2015-07-08,99.6528549194336,99.749585672859,99.4432613699687,99.50775263906958,197900
2015-07-09,99.32233428955078,99.4916192455079,99.32233428955078,99.37876260820316,144300
2015-07-10,98.98382568359375,99.18535639648887,98.8467862748801,99.01607133568449,167900
2015-07-13,98.7983627319336,98.903162583638,98.70968877290343,98.70968877290343,214600
2015-07-14,98.98382568359375,99.02412813603522,98.9354602805723,98.95158003150303,131100
2015-07-15,99.17723083496094,99.233659152939,98.87090655882653,98.87090655882653,136500
2015-07-16,99.08855438232422,99.12080001324365,98.90314969231899,98.91926943266608,485200
2015-07-17,99.02408599853516,99.08052047835146,98.93541818080286,98.9757206160945,355500
2015-07-20,98.87094116210938,98.91124360321298,98.75002153834345,98.83869551908995,141600
2015-07-21,99.01603698730469,99.08052826911431,98.8386890374418,98.8386890374418,133200
2015-07-22,99.00800323486328,99.14504263644837,98.9999402847027,99.05636863536886,111900
2015-07-23,99.20142364501953,99.20948659133222,98.9595906076732,98.96764740375987,144600
2015-07-24,99.2578353881836,99.33845253739166,99.16110464949391,99.22558975854537,117000
2015-07-27,99.49967956542969,99.53998814207146,99.41906856237144,99.4513141936398,194300
2015-07-28,99.41106414794922,99.45137274832378,99.3465728474415,99.3465728474415,2410200
2015-07-29,99.2981948852539,99.41105157175079,99.1934011478577,99.32237758232779,691500
2015-07-30,99.2981948852539,99.31431463322711,99.1208469064079,99.1208469064079,167100
2015-07-31,99.67706298828125,99.69318273454803,99.56420631373129,99.66093709178698,202500
2015-08-03,99.75373840332031,99.8586613259039,99.61653813565555,99.65689405317977,1091400
2015-08-04,99.38250732421875,99.70533625691648,99.34215139858787,99.67305274790174,296700
2015-08-05,99.19684600830078,99.34211250582021,99.07578443625393,99.28561792652465,147900
2015-08-06,99.3421401977539,99.41477962420943,99.2856456027103,99.30986284982818,140300
2015-08-07,99.51161193847656,99.53582302371689,99.26948877117744,99.390550354827,174800
2015-08-10,99.37438201904297,99.45509382734866,99.28560395586389,99.35824335184971,224500
2015-08-11,99.7375717163086,99.89091061344384,99.67300472938491,99.67300472938491,404300
2015-08-12,99.78602600097656,100.07657137821892,99.753742497122,99.87480409721444,406300
2015-08-13,99.54389953613281,99.7214557227854,99.51968844839811,99.64075004452019,406800
2015-08-14,99.45513916015625,99.58426702889969,99.3905721470599,99.46320541870634,132100
2015-08-17,99.60846710205078,99.71339002608947,99.59232842928638,99.67303410800558,175600
2015-08-18,99.54389953613281,99.64882245958128,99.45512760025508,99.45512760025508,120700
2015-08-19,99.90705871582031,99.96355329186983,99.41474619991148,99.41474619991148,130300
2015-08-20,99.96357727050781,100.03621053251702,99.89093785105014,99.95550485557952,267300
2015-08-21,100.19759368896484,100.28637175039117,100.02003756611217,100.1088156275385,370200
2015-08-24,100.439697265625,100.83516536203935,100.27021357749551,100.69795900336216,461800
2015-08-25,100.14112091064453,100.24603766177664,99.93935366484976,100.14918716711398,1323500
2015-08-26,99.88288879394531,100.2379950651112,99.87481637762691,99.93938339327508,1052800
2015-08-27,99.85865020751953,99.97970563171675,99.72951621177874,99.81829429448858,292500
2015-08-28,99.79410552978516,100.10078960209133,99.75374960772812,100.07657851183679,503100
2015-08-31,99.63267517089844,99.96357644830348,99.63267517089844,99.92322053144244,1473200
2015-09-01,99.86293029785156,99.93565511521425,99.76597209428454,99.8225331012611,951000
2015-09-02,99.81449127197266,99.93569523978272,99.70945112103854,99.76601215072458,1147100
2015-09-03,99.95183563232422,99.98415709580496,99.79831638665168,99.94375988997064,843600
2015-09-04,100.03262329101562,100.12958149827318,99.87101600444029,99.95989847088481,389300
2015-09-08,99.8063735961914,99.87909841669119,99.76597639785834,99.86293460560783,234600
2015-09-09,99.8548812866211,99.89527849402513,99.58823382606043,99.65287675553375,320500
2015-09-10,99.79019927978516,99.8225207318649,99.69323492354596,99.79828118397675,257800
2015-09-11,99.94377136230469,100.00840813199689,99.8468069607321,99.8548888687022,161700
2015-09-14,100.0003433227539,100.04074053764236,99.92761847245035,100.0003433227539,151900
2015-09-15,99.56401062011719,99.93569827859761,99.53977105875607,99.91145871723651,869000
2015-09-16,99.54781341552734,99.67709925234564,99.50741621503764,99.54781341552734,325500
2015-09-17,100.10538482666016,100.12154864458529,99.50745302192608,99.50745302192608,238200
2015-09-18,100.3154296875,100.32351159310952,100.13766475221719,100.2346291254681,495500
2015-09-21,100.0569076538086,100.14579016005959,99.9922647102278,100.13770825093938,218500
2015-09-22,100.3154296875,100.3962302495319,100.18614385649879,100.18614385649879,169400
2015-09-23,100.24273681640625,100.30737975251027,100.17810004499192,100.25081872459168,275900
2015-09-24,100.33969116210938,100.52553804360599,100.3316092547341,100.46089511398203,332600
2015-09-25,100.22653198242188,100.25885343525835,100.09724617107598,100.1538071723681,413800
2015-09-28,100.47705078125,100.48513268846577,100.25080669671986,100.25080669671986,215100
2015-09-29,100.646728515625,100.72753525412631,100.52553073725026,100.55784603502444,549300
2015-09-30,100.71942138671875,100.73557903047865,100.56589602990977,100.59821748211621,655600
2015-10-01,100.738037109375,100.8674714224659,100.68950232784978,100.81084545343057,563600
2015-10-02,101.09396362304688,101.39326963690856,100.99688789944018,101.27193269710898,582600
2015-10-05,100.84324645996094,101.00503324762616,100.80279667715946,100.96458346482468,225800
2015-10-06,100.92411041259766,100.94837780649121,100.76231750035971,100.81085845991537,290800
2015-10-07,100.7542724609375,100.83516586326915,100.68146407859932,100.72191386565063,188200
2015-10-08,100.61669158935547,100.83511044455659,100.56815680898526,100.75421708668371,282000
2015-10-09,100.5762939453125,100.64101112988436,100.5277529709984,100.56820275429843,335000
2015-10-12,100.77037048339844,100.81890525278436,100.64094237444728,100.71374452852615,213200
2015-10-13,100.83515930175781,100.87560291440641,100.66528131638428,100.77853330663329,250500
2015-10-14,101.21537017822266,101.21537017822266,100.98886001449306,101.07784460730124,252900
2015-10-15,100.97264099121094,101.08589293917218,100.91601501723032,101.0373581534083,1822200
2015-10-16,100.90791320800781,100.98880656635599,100.85937842735244,100.9645391760283,292400
2015-10-19,100.91606140136719,100.94841999733887,100.76235961344445,100.8837028053955,671800
2015-10-20,100.72187042236328,100.77849639674866,100.65715325970332,100.70568804581413,300800
2015-10-21,100.81088256835938,100.89986714842836,100.77043278768438,100.77043278768438,4235300
2015-10-22,100.93220520019531,100.98074616445001,100.81086821898141,100.88367040770976,874100
2015-10-23,100.60862731933594,100.71378808907811,100.56008635718898,100.71378808907811,603900
2015-10-26,100.71379852294922,100.72997473082813,100.6248139501914,100.64099632983982,195100
2015-10-27,100.85127258300781,100.94025711578874,100.82700519620697,100.8674549553862,237600
2015-10-28,100.45496368408203,100.85134568995478,100.39024649118858,100.8028108811703,334200
2015-10-29,100.18792724609375,100.3092703397289,100.15556867633997,100.2850029553551,357000
2015-10-30,100.23651885986328,100.23651885986328,100.1313519120562,100.13944310152657,525500
2015-11-02,100.03164672851562,100.13693244711872,100.03164672851562,100.11263621814123,1552000
2015-11-03,99.93440246582031,100.01539191235746,99.86960843695113,100.01539191235746,1082500
2015-11-04,99.74006652832031,99.95064411698306,99.68337327511509,99.90204548630632,571600
2015-11-05,99.69953155517578,99.75622478725934,99.61044130774462,99.74002936913499,708700
2015-11-06,99.31887817382812,99.34318057059893,99.21359250421769,99.29458195615642,308200
2015-11-09,99.22980499267578,99.30269983732953,99.12451930495389,99.14072090558814,395100
2015-11-10,99.41609191894531,99.49708138937282,99.26220759976268,99.26220759976268,308600
2015-11-11,99.39176940917969,99.69953178704927,99.30267916154133,99.69953178704927,243100
2015-11-12,99.4241943359375,99.49708300677698,99.37559570961058,99.38369651051516,248200
2015-11-13,99.66717529296875,99.66717529296875,99.55378878243874,99.58618581103323,133600
2015-11-16,99.73197937011719,99.81296886018963,99.68338691189413,99.7886726310781,218100
2015-11-17,99.6914291381836,99.78051938416846,99.48895242987228,99.53755104165415,110600
2015-11-18,99.59429168701172,99.6914765986451,99.53759842885836,99.63478334049172,161400
2015-11-19,99.6833724975586,99.74816655188805,99.6428746688274,99.6995679215904,236400
2015-11-20,99.62667083740234,99.75625275602486,99.6185700365195,99.68336408538106,251300
2015-11-23,99.6833724975586,99.72386414718866,99.53758896486787,99.56188519046614,202500
2015-11-24,99.74813842773438,99.81292628469568,99.69143901185676,99.71574140970404,258000
2015-11-25,99.74006652832031,99.79675978152552,99.67527247348544,99.78055817826623,2808000
2015-11-27,99.82102966308594,99.91011992019638,99.78053184472682,99.78863264421855,157600
2015-11-30,99.82102966308594,99.85342668195334,99.74814100495897,99.74814100495897,594800
2015-12-01,100.08454132080078,100.1250868323251,99.81695579204381,99.81695579204381,1739500
2015-12-02,99.88999938964844,99.93864908501767,99.79269381252958,99.93053874032934,197000
2015-12-03,99.44396209716797,99.6710021178319,99.2898965746989,99.62235245236866,221400
2015-12-04,99.58183288574219,99.67102808658187,99.48453352946487,99.53318320760353,244300
2015-12-07,99.7197036743164,99.80078854937774,99.57374842465424,99.57374842465424,214700
2015-12-08,99.7845230102539,99.83317886252385,99.68722367846729,99.80884784320057,1145800
2015-12-09,99.91429901123047,99.96294869431676,99.65482372413886,99.80077895977658,1113400
2015-12-10,99.76832580566406,99.89806033265312,99.73589062732238,99.89806033265312,648300
2015-12-11,100.21430969238281,100.29540074283842,100.01159443900099,100.03592546596481,740900
2015-12-14,99.83318328857422,100.08454815533595,99.81696260830621,100.0277881471518,504800
2015-12-15,99.6548080444336,99.75210739529707,99.58993768627269,99.63858736170444,452900
2015-12-16,99.48452758789062,99.63858695492148,99.35478687209853,99.55750210074032,232200
2015-12-17,99.62236022949219,99.65479540445862,99.4926195296264,99.4926195296264,300500
2015-12-18,99.8412857055664,99.89804571276322,99.69533051757793,99.74398637115863,187000
2015-12-21,99.87374114990234,99.92239701335842,99.80076663428534,99.86563699464139,172100
2015-12-22,99.70341491699219,99.7926100745773,99.65476526244584,99.76828524730412,168700
2015-12-23,99.58183288574219,99.6385929056967,99.53318320760353,99.60615772481152,175300
2015-12-24,99.6369857788086,99.66133995353711,99.57203718363996,99.62074553309697,89900
2015-12-28,99.6776351928711,99.74258382790867,99.59645249599549,99.59645249599549,204500
2015-12-29,99.40967559814453,99.62887558021394,99.35284712017089,99.60452140305947,325900
2015-12-30,99.43407440185547,99.46654252138447,99.27982296180394,99.27982296180394,314800
2015-12-31,99.53962707519531,99.7101126020731,99.48279856623606,99.5558611375367,758500
2016-01-04,99.7425308227539,99.92113637727135,99.71005652249261,99.82371347648744,1411900
2016-01-05,99.7831802368164,99.85624280728936,99.68575728234293,99.72634553465807,345100
2016-01-06,100.07542419433594,100.10789850843162,99.93741300481085,100.01048175998666,261200
2016-01-07,100.30280303955078,100.30280303955078,100.01865417353366,100.18914597068222,401100
2016-01-08,100.50569915771484,100.50569915771484,100.21343653938953,100.27837897047377,418000
2016-01-11,100.38391876220703,100.51380981398322,100.2702617692123,100.31085001308665,824700
2016-01-12,100.57064056396484,100.73301212462529,100.29461820160465,100.37580088501402,422200
2016-01-13,100.77362060546875,100.87104356142825,100.49759818768129,100.50571831580532,290000
2016-01-14,100.74927520751953,100.87105236463589,100.57878966509405,100.74115507868684,1759600
2016-01-15,101.02525329589844,101.17949850348295,100.96030468542054,101.17949850348295,989000
2016-01-19,100.92781829833984,101.03335513235255,100.8709898194346,100.8791099432324,790700
2016-01-20,101.19575500488281,101.39871479984093,101.1389265100482,101.22010918926317,600700
2016-01-21,101.09832000732422,101.32563395953251,101.03337139416738,101.29315965295409,502600
2016-01-22,100.95222473144531,100.9846990496064,100.78985933448271,100.89539622312411,317200
2016-01-25,101.05773162841797,101.09019974111041,100.94406845863182,101.00090314044522,402300
2016-01-26,101.14707946777344,101.21202811374104,101.033422434252,101.09837108021962,462900
2016-01-27,101.21199035644531,101.22823060880066,100.93596800481923,101.03338474358539,299700
2016-01-28,101.33377838134766,101.3581325686607,101.14705262221084,101.16329287631429,320900
2016-01-29,101.67475891113281,101.68287903894482,101.46368513876244,101.60169634235294,1854900
2016-02-01,101.49433898925781,101.64064323839567,101.40493049249734,101.50246252447464,1320300
2016-02-02,101.90886688232422,101.94137962809664,101.73005608233419,101.77069236367058,614500
2016-02-03,101.9332275390625,102.25021897008294,101.84381906352644,101.87632559902096,673000
2016-02-04,102.03074645996094,102.07951245811775,101.90882526339927,102.03074645996094,3260200
2016-02-05,102.03890228271484,102.10392776432943,101.82757256805307,101.92511079047495,384700
2016-02-08,102.43714904785156,102.49404478094262,102.2339491152164,102.2827151146745,920600
2016-02-09,102.4046401977539,102.64035287268948,102.39651666498271,102.63222313874823,783300
2016-02-10,102.52656555175781,102.55907828766863,102.20957412809037,102.34774860483355,548000
2016-02-11,102.68911743164062,103.09551730661371,102.66473443132942,103.01423857185308,1861100
2016-02-12,102.33151245117188,102.59160818078585,102.24210396275724,102.51032942800111,1170200
2016-02-16,102.20142364501953,102.29083210033008,102.12014492232878,102.185170380949,396400
2016-02-17,102.05510711669922,102.07136657997167,101.89254969098451,102.06323684833544,576400
2016-02-18,102.29085540771484,102.3477511466792,102.02262998066696,102.07952571963132,453600
2016-02-19,102.20142364501953,102.32334482964019,102.16078738425868,102.17704064832921,352600
2016-02-22,102.17706298828125,102.20957572469993,102.0795247790252,102.14455025186257,249500
2016-02-23,102.25833129882812,102.33961623216932,101.99011210277942,102.02261863471217,694000
2016-02-24,102.29085540771484,102.7216383171836,102.2258299342783,102.46154262460792,482800
2016-02-25,102.46968841552734,102.58347991128657,102.38027992583488,102.44530540946057,341200
2016-02-26,102.19332885742188,102.25022459942534,102.04702463496,102.23396512961247,503000
2016-02-29,102.23394012451172,102.25832312209647,102.07138267316722,102.07950620491594,3110700
2016-03-01,101.76449584960938,102.28523795715354,101.7319486919209,102.26082914082109,2269500
2016-03-02,101.67494201660156,101.72375962492303,101.55289178806538,101.63426274557783,589100
2016-03-03,101.6830825805664,101.80513281177525,101.60171782900473,101.61798829622401,731400
2016-03-04,101.53662872314453,101.69935823456728,101.40644014781998,101.64240228479603,391500
2016-03-07,101.38204956054688,101.45528219926031,101.31695526118695,101.45528219926031,543000
2016-03-08,101.70755004882812,101.79705318949,101.64245572694018,101.71568839099818,276300
2016-03-09,101.52847290039062,101.60983764208966,101.44710815869159,101.55288170212715,318500
2016-03-10,101.25997161865234,101.49593373352403,101.21115401134523,101.41456898543471,257200
2016-03-11,101.12167358398438,101.25999430750234,101.04030881766404,101.25999430750234,306200
2016-03-14,101.10540008544922,101.24372080482411,101.10540008544922,101.13794723254922,312000
2016-03-15,101.113525390625,101.29253158372427,101.08098445345527,101.23557563207751,302300
2016-03-16,101.53662872314453,101.56103752908466,100.91010706792774,100.97520135559002,286500
2016-03-17,101.60986328125,101.66681923558417,101.52849851902023,101.53663685756324,386400
2016-03-18,101.82147216796875,101.83774885393292,101.71569854014895,101.74824570434046,284000
2016-03-21,101.60176086425781,101.71567280624015,101.60176086425781,101.66684896843682,606300
2016-03-22,101.48784637451172,101.80517337745847,101.45529921937165,101.74007906717834,373600
2016-03-23,101.73187255859375,101.78069015472491,101.5203192958072,101.5203192958072,974200
2016-03-24,101.67494201660156,101.83767772389395,101.56103012536313,101.81326271200072,324600
2016-03-28,101.72380065917969,101.8214421229426,101.67498303116572,101.71566852633403,345800
2016-03-29,102.16313934326172,102.20382482306144,101.84581246556847,101.85395080307495,527000
2016-03-30,102.25267791748047,102.29336341139931,102.05740120368664,102.13062764345877,319000
2016-03-31,102.48052215576172,102.55375481782573,102.22015108303556,102.31779256320888,627400
2016-04-01,102.40308380126953,102.49269005218083,102.26460367345669,102.44381617527928,3596900
2016-04-04,102.4845199584961,102.52525232361256,102.38677222603471,102.46008302538074,344100
2016-04-05,102.69636535644531,102.71265458121903,102.62305452262973,102.65563297217714,3061200
2016-04-06,102.60680389404297,102.6801209747673,102.50090834954335,102.6719732513775,613400
2016-04-07,102.86749267578125,102.89192963523195,102.71271697940277,102.74530166363472,339000
2016-04-08,102.79412841796875,102.84300231149066,102.68008518982442,102.75339603010728,249300
2016-04-11,102.79412841796875,102.86743925825161,102.68008518982442,102.68008518982442,357700
2016-04-12,102.5741958618164,102.69638682527584,102.54161119056785,102.67194987556206,263400
2016-04-13,102.52529907226562,102.60675762475503,102.46012974431842,102.50086212800771,197000
2016-04-14,102.40308380126953,102.5171269906316,102.35420992436799,102.45195767817107,258600
2016-04-15,102.5741958618164,102.65565443249251,102.46830034142653,102.47644806296131,247700
2016-04-18,102.52529907226562,102.55788373623922,102.46827746403412,102.54973601652352,804200
2016-04-19,102.40308380126953,102.49269005218083,102.37864686281877,102.44381617527928,212900
2016-04-20,102.17504119873047,102.47644473682887,102.09358263069831,102.45200157301788,325200
2016-04-21,102.02836608886719,102.10982461921414,101.97134449613557,102.02836608886719,749800
2016-04-22,102.00391387939453,102.06093546358898,101.92245536124342,102.02835081335121,219600
2016-04-25,101.90624237060547,102.01214412327411,101.90624237060547,101.93882704720416,548800
2016-04-26,101.81656646728516,101.91432043026181,101.77584031054373,101.90617271295858,245600
2016-04-27,102.12615966796875,102.12615966796875,101.84104537883012,101.98767327628516,286800
2016-04-28,102.32164764404297,102.34608458783767,102.08541349587918,102.10170272011263,1113900
2016-04-29,102.3379135131836,102.40308282502284,102.16684873077132,102.23201804261056,521300
2016-05-02,102.19770050048828,102.30371247306287,102.1650799962211,102.28740533179179,440600
2016-05-03,102.52388000488281,102.57280764120262,102.46679568860176,102.51572332492157,733200
2016-05-04,102.6380844116211,102.6380844116211,102.41789752798887,102.57284339263926,251700
2016-05-05,102.77668762207031,102.77668762207031,102.48310934203992,102.59727798186016,152700
2016-05-06,102.65433502197266,102.82558793619353,102.59725071723237,102.73588936164958,662800
2016-05-09,102.82555389404297,102.82555389404297,102.71954199797165,102.76031915431012,278300
2016-05-10,102.80925750732422,102.82556463853126,102.71139605491838,102.77663702318894,282200
2016-05-11,102.80115509033203,102.91532373420425,102.7277636285818,102.74407076839591,199900
2016-05-12,102.67884063720703,102.77669592397203,102.60544295040853,102.68699109662094,138300
2016-05-13,102.79301452636719,102.83378549068942,102.59729149941026,102.67068918995037,350500
2016-05-16,102.58911895751953,102.65435373073849,102.56464891812324,102.64620327266344,1019200
2016-05-17,102.46676635742188,102.60539876846025,102.45045300216908,102.48307349095259,200400
2016-05-18,102.00191497802734,102.30364355120581,101.91221020715784,102.28733642092082,545200
2016-05-19,102.05085754394531,102.1405623279591,102.02639373407278,102.02639373407278,250700
2016-05-20,102.14055633544922,102.16502014388648,102.03454442498062,102.0916287185747,1143900
2016-05-23,102.13243103027344,102.15689484622514,102.01826240801665,102.12428057277174,147700
2016-05-24,101.9937973022461,102.0508816126526,101.92040585531912,102.0508816126526,213400
2016-05-25,101.9611587524414,102.02639973041704,101.92853826345359,101.95300207476393,142000
2016-05-26,102.23027038574219,102.24657751893885,102.05086081196929,102.09978843328119,293700
2016-05-27,102.0182876586914,102.23031781895813,101.9448961926711,102.16507681245686,325200
2016-05-31,102.11615753173828,102.19770568568124,101.85519970608563,101.85519970608563,2841800
2016-06-01,102.05900573730469,102.28759862214886,102.0426741148507,102.21411877848384,531000
2016-06-02,102.21410369873047,102.26309233017612,102.12429847454945,102.12429847454945,166500
2016-06-03,102.8182144165039,102.8671968027543,102.71207760804683,102.74473460844239,262800
2016-06-06,102.69579315185547,102.78559838156389,102.61415373267192,102.68762734133058,587000
2016-06-07,102.80188751220703,102.86720151599077,102.7773963179597,102.82637870645438,302000
2016-06-08,102.8182144165039,102.8835221886091,102.79372322337872,102.80188280196315,502500
2016-06-09,102.8917007446289,102.99783756623683,102.88353493634675,102.94884894523058,446900
2016-06-10,103.09583282470703,103.18563805629593,103.02235921450986,103.02235921450986,131400
2016-06-13,103.28357696533203,103.36521636082568,103.1692805659036,103.36521636082568,304900
2016-06-14,103.26721954345703,103.42233871621268,103.24272835379773,103.42233871621268,263800
2016-06-15,103.5448226928711,103.59380508250214,103.2427500898781,103.2427500898781,280000
2016-06-16,103.51216125488281,103.77341103619818,103.47133844614855,103.66728045364967,329200
2016-06-17,103.4141845703125,103.4876643762605,103.34071099305027,103.4876643762605,206400
2016-06-20,103.12845611572266,103.20193593058042,103.1121307283579,103.20193593058042,146900
2016-06-21,103.01417541503906,103.22644285524473,103.00600960576914,103.16929464773023,214000
2016-06-22,103.1366195678711,103.1692765705412,103.00599155719071,103.0713055625309,2067700
2016-06-23,102.84269714355469,102.99781632549264,102.84269714355469,102.94882771458909,177700
2016-06-24,103.61833190917969,103.83059938505187,103.58567489530023,103.65915473370113,363600
2016-06-27,104.04283905029297,104.14080383705684,104.01018204514273,104.08365563521564,411600
2016-06-28,104.0510025024414,104.07549992873092,103.91221489690288,104.06733411996775,283600
2016-06-29,103.85501098632812,104.02645550627145,103.80602861739682,103.96114152857388,337500
2016-06-30,103.9693603515625,104.05099975097416,103.84689813810157,103.84689813810157,627700
2016-07-01,104.12792205810547,104.23416445260042,103.98081384674802,104.16878163971974,1907800
2016-07-05,104.34039306640625,104.44664168211672,104.25049326938081,104.29135908084598,473200
2016-07-06,104.299560546875,104.37311154429551,104.20148631506528,104.30772872308904,474700
2016-07-07,104.2750015258789,104.32404174257793,104.08703377348107,104.13606775493322,435500
2016-07-08,104.299560546875,104.30772872308904,104.0625524964383,104.11976090618171,204900
2016-07-11,103.9399185180664,104.15240948197167,103.9399185180664,104.11154367671227,566300
2016-07-12,103.67022705078125,103.82550964027853,103.60484425149323,103.72743544134651,266400
2016-07-13,103.76829528808594,103.90722905215583,103.7437782985732,103.89088647089619,265500
2016-07-14,103.59671783447266,103.71113466172089,103.53133500883096,103.53133500883096,425200
2016-07-15,103.4005355834961,103.47409279712913,103.34332718855815,103.44140139498639,2703000
2016-07-18,103.42506408691406,103.57217228643624,103.37602386357486,103.51496388858027,225900
2016-07-19,103.57215118408203,103.61301075408407,103.4822514007325,103.50676838978302,152800
2016-07-20,103.44956970214844,103.48226110236281,103.35966991037066,103.48226110236281,282300
2016-07-21,103.62940216064453,103.62940216064453,103.31883687770907,103.34335387683576,287400
2016-07-22,103.53130340576172,103.62937761428697,103.4577461905559,103.50678641244228,207300
2016-07-25,103.42506408691406,103.54764905714278,103.40871526738509,103.52313206309704,325000
2016-07-26,103.44956970214844,103.47408669349747,103.32697851015628,103.41687830193406,446500
2016-07-27,103.70292663574219,103.70292663574219,103.47409305541915,103.49861004827555,173100
2016-07-28,103.76829528808594,103.79281227759867,103.5966701262502,103.61301270750984,161100
2016-07-29,104.02983856201172,104.04618114615043,103.85821336994059,103.88273036377251,415300
2016-08-01,103.87028503417969,103.9848232872693,103.83755892731598,103.8621019469971,348100
2016-08-02,103.76394653320312,103.87848480468807,103.64122517322134,103.65758510834735,425100
2016-08-03,103.85395812988281,103.86213497779919,103.66578451603921,103.8294151023964,233500
2016-08-04,104.00123596191406,104.06668196303654,103.91941753723943,103.91941753723943,108900
2016-08-05,103.5267105102539,103.76397019582598,103.51852741989099,103.73124407624337,200000
2016-08-08,103.47759246826172,103.57576455479676,103.37941413985952,103.4530432047608,141400
2016-08-09,103.69847106933594,103.69847106933594,103.50212068248933,103.5430236320715,232600
2016-08-10,103.84577178955078,103.87849790579783,103.71486732456256,103.78031955705667,246500
2016-08-11,103.51032257080078,103.85394363325159,103.45305343403693,103.85394363325159,525200
2016-08-12,103.76394653320312,103.90302782831088,103.71485424408982,103.8212156689456,302300
2016-08-15,103.59211730957031,103.69028938338667,103.55939120434276,103.6575632781591,160400
2016-08-16,103.44486999511719,103.5430420851032,103.41214388449939,103.50213912823149,281700
2016-08-17,103.5430679321289,103.65760622694923,103.41216969884951,103.45307266593167,278400
2016-08-18,103.68213653564453,103.72303949524618,103.52668906030198,103.58395819723853,141600
2016-08-19,103.43670654296875,103.5512448309408,103.4121635158131,103.49397568695478,170400
2016-08-22,103.58396911621094,103.60851214293263,103.49397385698583,103.56760293715087,205300
2016-08-23,103.59211730957031,103.67392945170606,103.51848201234172,103.62484341479788,99900
2016-08-24,103.59211730957031,103.66574636493257,103.51848201234172,103.64120334647849,223200
2016-08-25,103.43670654296875,103.5512448309408,103.43670654296875,103.49397568695478,138300
2016-08-26,103.1421127319336,103.6002655950882,103.09302670855692,103.46118436761121,235000
2016-08-29,103.39579010009766,103.40397318919969,103.19943965472594,103.24852570560184,155300
2016-08-30,103.3875961303711,103.42849908537085,103.33850384575747,103.33850384575747,139200
2016-08-31,103.28126525878906,103.47762197157824,103.28126525878906,103.39580355364829,191400
2016-09-01,103.40658569335938,103.42296288763976,103.10355448732525,103.11993793005823,375400
2016-09-02,103.31646728515625,103.39836573109466,103.17723930221587,103.3492279132218,451600
2016-09-06,103.66046905517578,103.67684624886142,103.28373111588245,103.33286894539172,178600
2016-09-07,103.63585662841797,103.76689286824399,103.63585662841797,103.70137787255585,138500
2016-09-08,103.36558532714844,103.62766405308105,103.30825580111473,103.57033452704734,171000
2016-09-09,103.15267181396484,103.22638479470542,103.13629462293993,103.22638479470542,275600
2016-09-12,103.23457336425781,103.30828009429786,103.11991428522805,103.16905210525475,169800
2016-09-13,103.08714294433594,103.30826935993089,102.96429215858296,103.25913154500991,262000
2016-09-14,103.23457336425781,103.31647181378604,103.11991428522805,103.11991428522805,224100
2016-09-15,103.35736083984375,103.42288206266564,103.19356403123675,103.29184586546958,219700
2016-09-16,103.3492431640625,103.42294990174841,103.27553017792476,103.37381207662447,1173900
2016-09-19,103.26731872558594,103.33283997886613,103.22637262862378,103.3164627897714,265800
2016-09-20,103.31646728515625,103.38198854128734,103.2755149379616,103.32465900428537,207000
2016-09-21,103.36558532714844,103.52938843613738,103.10350660121583,103.23454908840698,135600
2016-09-22,103.4474868774414,103.55396046360794,103.39015734967862,103.39015734967862,182400
2016-09-23,103.5212173461914,103.57854688364858,103.43931889960271,103.44750437034592,260200
2016-09-26,103.69322967529297,103.75875094693033,103.61133120997245,103.64409184579114,124600
2016-09-27,103.76690673828125,103.85699689890033,103.7177689228347,103.85699689890033,148800
2016-09-28,103.69322967529297,103.82426597011532,103.69322967529297,103.80788877643216,171100
2016-09-29,103.77510833740234,103.84882131604095,103.59492799900926,103.59492799900926,434000
2016-09-30,103.63585662841797,103.8242223947522,103.58671881953943,103.76689286824399,639000
2016-10-03,103.51287841796875,103.61945524087427,103.46368382250235,103.57846078713152,1223000
2016-10-04,103.28335571289062,103.4555212118827,103.2587552802826,103.4555212118827,283600
2016-10-05,103.17675018310547,103.28333326994823,103.07837349355951,103.24233881272009,1210600
2016-10-06,102.98822784423828,103.17678740380762,102.98822784423828,103.10300486003133,487000
2016-10-07,103.0865707397461,103.14395922880966,102.96359361893097,103.06197656655831,292900
2016-10-10,102.93083190917969,102.95542608866381,102.66028342509874,102.66028342509874,182300
2016-10-11,102.90623474121094,103.01281786219565,102.88984070599376,102.90623474121094,389500
2016-10-12,102.9226303100586,102.93083045473003,102.81605344884076,102.898036130922,454700
2016-10-13,103.09478759765625,103.14397595200694,103.00460477809516,103.01280492211268,593100
2016-10-14,102.98822784423828,103.14399307716985,102.95543351760053,102.98822784423828,521400
2016-10-17,103.11935424804688,103.1521485604856,103.0455717362164,103.0455717362164,624400
2016-10-18,103.2424087524414,103.25880279351291,103.07024317422952,103.07844332220537,675500
2016-10-19,103.25873565673828,103.30793025772792,103.15215882186702,103.15215882186702,320500
2016-10-20,103.17675018310547,103.34072175714203,103.1603561531398,103.28333326994823,2369700
2016-10-21,103.20134735107422,103.26693598259267,103.13576497443195,103.19315346329155,513100
2016-10-24,103.11116790771484,103.23414503210174,103.07837984576295,103.21775100112579,209600
2016-10-25,103.11116790771484,103.20955085819963,103.03738538600854,103.03738538600854,176300
2016-10-26,103.01277923583984,103.07016771989822,102.98818506479705,103.0537674359526,127700
2016-10-27,102.84068298339844,102.89807150607258,102.76689416574321,102.85707702349968,367100
2016-10-28,102.93902587890625,102.9964143827063,102.84064916089348,102.84884305080934,404200
2016-10-31,102.98822784423828,103.05381024263556,102.94723337222152,102.98822784423828,659500
2016-11-01,103.07437133789062,103.1482395010911,102.81994977247896,102.86098833665764,802300
2016-11-02,103.23849487304688,103.32877468356567,103.09897380646485,103.17283569055971,234200
2016-11-03,103.25492095947266,103.27133888818969,103.13181780212076,103.13181780212076,718900
2016-11-04,103.42728424072266,103.42728424072266,103.24673083407674,103.25493353782934,192100
2016-11-07,103.1646499633789,103.19747956201678,103.12361766128583,103.14002932980192,178200
2016-11-08,102.92660522460938,103.13998813812695,102.87735771551802,103.11536751438285,351200
2016-11-09,102.22903442382812,102.79533407634588,102.14696355313428,102.79533407634588,292200
2016-11-10,101.96640014648438,102.278278209948,101.92536784344315,102.05667997942322,650500
2016-11-11,101.7940444946289,102.05667501542064,101.76121489682924,101.98281311657556,373400
2016-11-14,101.44937896728516,101.64635036209684,101.31806052967221,101.52324089223664,892100
2016-11-15,101.40013122558594,101.45758147298054,101.31805407650164,101.35909265104378,296100
2016-11-16,101.40013122558594,101.47399314583298,101.2359831890247,101.26060382910704,925100
2016-11-17,101.1949234008789,101.41651536306345,101.17029650587561,101.41651536306345,281700
2016-11-18,100.94872283935547,101.26059468825797,100.92410220149564,101.18673277467848,264700
2016-11-21,100.96510314941406,101.08000985974611,100.9158618889895,101.05538296792899,265900
2016-11-22,101.06361389160156,101.15389372973307,100.97333405347007,101.03078429031682,1336900
2016-11-23,100.75994110107422,100.87484783218312,100.56296976215575,100.70249086632275,330600
2016-11-25,100.77632141113281,100.8255626620787,100.65321202216447,100.76811244877395,151800
2016-11-28,100.9815673828125,101.00618802431468,100.86666688139718,100.89949649060266,153600
2016-11-29,101.04714965820312,101.05535235805272,100.83376049165796,100.89121069861977,311400
2016-11-30,100.73528289794922,100.88301291244478,100.70245331010535,100.75170082267296,788800
2016-12-01,100.55536651611328,100.60466038427697,100.33353784108218,100.5060726479496,2437400
2016-12-02,100.85939025878906,100.91690187833463,100.67863766356115,100.67863766356115,294800
2016-12-05,100.78543090820312,100.94153654296775,100.58824913207113,100.65397848021368,452500
2016-12-06,100.86759185791016,100.88402732948445,100.79365104071319,100.81829797977883,244500
2016-12-07,101.05657196044922,101.05657196044922,100.92511324830376,100.94976645805333,277200
2016-12-08,100.90045928955078,100.96618864105226,100.83473620634528,100.90045928955078,866400
2016-12-09,100.64580535888672,100.94979902757855,100.62115840948168,100.90049886047004,732200
2016-12-12,100.66220092773438,100.74436575602292,100.56361316306226,100.5964778407184,297200
2016-12-13,100.63753509521484,100.71969363978451,100.54715881569966,100.69504670324312,411300
2016-12-14,100.05422973632812,100.85118100873402,100.05422973632812,100.7690224407977,272200
2016-12-15,99.84060668945312,100.0049300841498,99.79131280519242,99.93920072627114,389600
2016-12-16,99.9556655883789,100.1446297124677,99.87350073272457,99.94744784915379,521900
2016-12-19,100.22673797607422,100.25960264817495,100.07063861896481,100.16101490016801,455400
2016-12-20,100.14458465576172,100.15280239128954,99.98847902221107,100.04599063431463,332400
2016-12-21,100.21034240722656,100.2432070903575,100.16925998623856,100.23498935250042,335000
2016-12-22,100.19795227050781,100.23907054078943,100.1321555083877,100.16505388944775,278100
2016-12-23,100.28843688964844,100.29665678015189,100.23086628249641,100.29665678015189,169000
2016-12-27,100.15682220458984,100.16504836808255,100.10747777308205,100.13214998883595,490400
2016-12-28,100.37068939208984,100.42003383876897,100.13218077526376,100.14040694128568,217300
2016-12-29,100.60917663574219,100.67497340048745,100.45291088815344,100.4611370524278,193600
2016-12-30,100.75723266601562,100.81480327588396,100.62563911504465,100.64209144627895,339300
2017-01-03,100.73255157470703,100.77366984972073,100.45291844087745,100.51048904567688,739600
2017-01-04,100.79833984375,100.79833984375,100.62562803316571,100.65852641728536,334800
2017-01-05,101.1026611328125,101.1849039687172,100.85592635037223,100.88060484839718,498700
2017-01-06,100.82301330566406,100.97927906347687,100.78189503105165,100.88059018462688,346900
2017-01-09,101.02042388916016,101.06154217202563,100.93818104870269,100.97107316510446,356000
2017-01-10,101.03684997558594,101.10264674483659,101.00395159096061,101.02862381074829,703900
2017-01-11,101.03684997558594,101.26713239323794,100.93816109643524,101.08620068988657,367700
2017-01-12,101.13555908203125,101.30827091909741,101.10266069286729,101.17667736244158,360400
2017-01-13,100.97927856445312,101.07797371754063,100.83123897218448,100.98750472922507,360200
2017-01-17,101.32471466064453,101.37406538062568,101.20957343856519,101.36583921484116,286000
2017-01-18,100.88056945800781,101.1930946346977,100.84767108024192,101.16842242005428,251800
2017-01-19,100.72431182861328,100.78188242565015,100.60094447075585,100.65851506779272,1483700
2017-01-20,100.83950805664062,100.87240645500546,100.62567160463311,100.67502233954433,254600
2017-01-23,101.1520004272461,101.23424325896175,100.86414737887831,100.96284254177263,1105600
2017-01-24,100.93819427490234,101.07800774947282,100.83949908858517,101.02865701895057,275600
2017-01-25,100.69140625,100.7654228945885,100.6091634422159,100.73253079125408,429700
2017-01-26,100.78193664550781,100.81483504361717,100.55987402695168,100.69146761938907,548900
2017-01-27,100.83126831054688,100.93818965951668,100.7983699166121,100.93818965951668,369300
2017-01-30,100.85587310791016,101.01213880594374,100.85587310791016,100.8723254312415,794400
2017-01-31,101.0533218383789,101.14379084490446,100.92995444086894,100.92995444086894,924100
2017-02-01,100.92240905761719,101.02121762666951,100.7247982014484,100.80713553469073,1265900
2017-02-02,100.9636001586914,101.14473981366483,100.95536453921264,101.07887370364588,326000
2017-02-03,101.00471496582031,101.25173317062979,100.92237765819512,101.13645968356774,177000
2017-02-06,101.30941772460938,101.36705449534064,101.14473674970803,101.22708037812714,389200
2017-02-07,101.35052490234375,101.48226960641026,101.22702209469796,101.30935939377291,331200
2017-02-08,101.58113098144531,101.62229651143228,101.42468563445989,101.42468563445989,1065700
2017-02-09,101.27645111083984,101.49876250776347,101.24351492575208,101.48229755618708,254400
2017-02-10,101.22704315185547,101.27644428519017,101.13647021945216,101.13647021945216,316500
2017-02-13,101.136474609375,101.136474609375,101.03766605648218,101.08706719196118,360200
2017-02-14,100.8482666015625,101.12821467788012,100.76592301964949,101.12821467788012,411600
2017-02-15,100.74951934814453,100.7989205017914,100.67541133573711,100.73304810897082,755900
2017-02-16,101.0293960571289,101.05410289839489,100.8317853005299,100.8317853005299,803800
2017-02-17,101.20236206054688,101.23529196781733,101.12825406434895,101.16942587134066,429500
2017-02-21,101.15294647216797,101.21881884526412,101.02943734309648,101.07060914676539,326600
2017-02-22,101.2435073852539,101.2929085182387,101.02942533909557,101.2929085182387,404200
2017-02-23,101.40817260742188,101.40817260742188,101.30112845993852,101.30112845993852,283000
2017-02-24,101.65521240234375,101.69638420604454,101.54817450743106,101.5975756463238,409500
2017-02-27,101.40817260742188,101.58931216098307,101.36700081501543,101.58108282804861,888600
2017-02-28,101.31758880615234,101.49872834025554,101.28465263215189,101.41639104622084,214800
2017-03-01,100.86595153808594,100.91540574011005,100.8247355106106,100.84121814839102,529400
2017-03-02,100.70106506347656,100.78349080629101,100.61039485977633,100.74228107922433,466200
2017-03-03,100.78350067138672,100.80823405646503,100.59392207322485,100.69283674749302,223900
2017-03-06,100.79997253417969,100.80821699447706,100.71754679724778,100.79172807388231,180100
2017-03-07,100.66815185546875,100.73409500341313,100.6434247471608,100.72585053774891,209900
2017-03-08,100.50325775146484,100.51974038713479,100.37137151137702,100.42907016924492,365500
2017-03-09,100.31365966796875,100.4373014296287,100.29717703446532,100.34663122365681,401200
2017-03-10,100.47026062011719,100.50323217174734,100.35486333375187,100.4867495402725,219800
2017-03-13,100.34664154052734,100.45380067970116,100.32191444338935,100.38785756154526,417900
2017-03-14,100.3961181640625,100.4455723662892,100.34665767315292,100.35490213641833,377000
2017-03-15,100.92362976074219,100.98956658719086,100.38785295550149,100.45379607063175,324500
2017-03-16,100.74224090576172,100.87412078393828,100.74224090576172,100.77521244747551,294100
2017-03-17,100.89891815185547,100.95661681428031,100.82473056377636,100.84945766357521,196400
2017-03-20,101.03899383544922,101.03899383544922,100.90710764856695,100.923596566267,231600
2017-03-21,101.24507904052734,101.24507904052734,100.99779554109863,100.99779554109863,944700
2017-03-22,101.31926727294922,101.41818193724755,101.26156862427878,101.31102910076848,164800
2017-03-23,101.27808380126953,101.34402063921412,101.15444201101405,101.33578246489772,258800
2017-03-24,101.28629302978516,101.36048059821005,101.2285943826462,101.23683884328916,266200
2017-03-27,101.41812896728516,101.5252817477991,101.39340188629562,101.49231021025379,261800
2017-03-28,101.21210479736328,101.4758709216909,101.18737770581389,101.4758709216909,380900
2017-03-29,101.3934326171875,101.40167078756238,101.31924506305593,101.31924506305593,250100
2017-03-30,101.26160430908203,101.37700164708916,101.23687720646383,101.32754744185276,185300
2017-03-31,101.42642974853516,101.42642974853516,101.3357595421035,101.37696927041164,192200
2017-04-03,101.69383239746094,101.72683629607509,101.47926928016378,101.5205273014569,956700
2017-04-04,101.61956024169922,101.73509277768018,101.61130611882886,101.61956024169922,1159400
2017-04-05,101.82585144042969,101.85060750866202,101.53702015096927,101.53702015096927,1365300
2017-04-06,101.73506927490234,101.82584571735212,101.66080107437955,101.77633358367027,247200
2017-04-07,101.4792709350586,101.9001430538374,101.4792709350586,101.9001430538374,313100
2017-04-10,101.60308837890625,101.6691024932643,101.5453220938099,101.5618240483862,300400
2017-04-11,101.8836441040039,101.94966450043422,101.74335548362812,101.74335548362812,447600
2017-04-12,102.07344055175781,102.12295269590439,101.89188762848585,101.91664370055913,391700
2017-04-13,102.2549819946289,102.29624001143529,102.06517496995895,102.19720943820964,340500
2017-04-17,102.18895721435547,102.33749991977572,102.14769290327489,102.32924579834962,215500
2017-04-18,102.53555297851562,102.56030904631349,102.3292440188003,102.38701027567859,254500
2017-04-19,102.35400390625,102.42002428687461,102.30449176880657,102.42002428687461,341500
2017-04-20,102.24671173095703,102.34573599249934,102.1724372387511,102.26321367586435,370700
2017-04-21,102.32099151611328,102.40351384209485,102.27973350114743,102.34574758430276,308300
2017-04-24,102.16419219970703,102.17244002436097,101.97438519982741,102.01564950729453,200500
2017-04-25,101.85888671875,102.01568358424166,101.85063259528953,102.00742946078118,447800
2017-04-26,102.00741577148438,102.03217184249209,101.85061892703472,101.90013736510075,219500
2017-04-27,102.07344055175781,102.13120681861245,101.98266409012183,102.00742016219512,423400
2017-04-28,102.09814453125,102.14765665013448,101.9661038194945,101.99085987893675,425000
2017-05-01,102.02216339111328,102.13783427074617,101.91475021460404,102.03042109423693,439100
2017-05-02,102.15437316894531,102.17090118515395,101.98913082840635,101.98913082840635,245000
2017-05-03,101.97261810302734,102.18743822081335,101.93131066349414,102.12133875324963,502500
2017-05-04,101.85691833496094,101.87344634896628,101.75777546529038,101.7908188861203,159500
2017-05-05,101.8816909790039,101.8816909790039,101.75776240781813,101.8155978422347,184200
2017-05-08,101.74125671386719,101.82387788064466,101.70820698643801,101.82387788064466,156400
2017-05-09,101.6917495727539,101.6917495727539,101.58433631479548,101.67522154679341,230800
2017-05-10,101.65033721923828,101.81558580059146,101.6090298015916,101.77427207935597,131600
2017-05-11,101.74125671386719,101.74952072162222,101.59253609223137,101.62558581966054,167700
2017-05-12,102.04696655273438,102.0800162816494,101.92303164520081,101.98913110303087,196400
2017-05-15,102.00567626953125,102.0387260060453,101.9643688265832,102.0387260060453,156700
2017-05-16,102.06352233886719,102.14614353694188,101.98090114079248,101.98090114079248,263900
2017-05-17,102.50968933105469,102.54273907260182,102.33618291562753,102.40228239872178,896600
2017-05-18,102.41876220703125,102.55921882343519,102.37745477469596,102.47659765517353,188500
2017-05-19,102.41876220703125,102.42702621493474,102.29482730284322,102.42702621493474,171900
2017-05-22,102.37745666503906,102.410500090081,102.34440693640593,102.36919265698299,668200
2017-05-23,102.18741607666016,102.44354357847617,102.17089436514559,102.44354357847617,307500
2017-05-24,102.39398193359375,102.39398193359375,102.15437612037572,102.21221157159445,273200
2017-05-25,102.3857192993164,102.44355475131132,102.31961983886751,102.41050502108688,171600
2017-05-26,102.41876220703125,102.45181193505414,102.38571247900838,102.45181193505414,149800
2017-05-30,102.54269409179688,102.55095809945703,102.44354491064773,102.4848586453576,142000
2017-05-31,102.54269409179688,102.60052953823616,102.51790837240732,102.53443008413673,3538300
2017-06-01,102.52947235107422,102.53774031534816,102.40538346131088,102.43847425267597,564900
2017-06-02,102.76107788085938,102.8107109007493,102.68662203960282,102.70317058718058,220100
2017-06-05,102.62870025634766,102.71143035971286,102.61215802252707,102.66179103540958,256100
2017-06-06,102.8272476196289,102.86860636097227,102.75279178693737,102.81069907395481,150000
2017-06-07,102.67839050292969,102.78593085464891,102.6370254307325,102.71148129840266,639500
2017-06-08,102.58735656738281,102.66180609762958,102.49635848946673,102.64526386138198,1347400
2017-06-09,102.52947235107422,102.58737965810737,102.46329076834402,102.48810728401206,1161400
2017-06-12,102.52119445800781,102.67009985818521,102.46328715301789,102.4798293924052,372600
2017-06-13,102.53768920898438,102.55423775213043,102.46323969908701,102.46323969908701,295100
2017-06-14,102.77761840820312,103.00924757906718,102.69489460595474,102.89343299363514,657200
2017-06-15,102.62870025634766,102.69488181447151,102.61215802252707,102.68660754185083,242800
2017-06-16,102.70317840576172,102.76935997826766,102.64527110767456,102.69490413134295,1717000
2017-06-19,102.52947235107422,102.6618292051115,102.49638155970912,102.6287384137464,326400
2017-06-20,102.62870025634766,102.67833958065093,102.49634345152069,102.50461772414135,183800
2017-06-21,102.65351104736328,102.66178531952326,102.55424502712506,102.57906153218461,465500
2017-06-22,102.70317840576172,102.74453715501133,102.62872255883701,102.70317840576172,148800
2017-06-23,102.7280502319336,102.74459247825625,102.6618686237919,102.70323370673685,256800
2017-06-26,102.76932525634766,102.79414175979727,102.72796020965161,102.72796020965161,200600
2017-06-27,102.50462341308594,102.57907293654162,102.43844185128904,102.57907293654162,406000
2017-06-28,102.56251525878906,102.57078321920291,102.43842642695941,102.49633370695723,270100
2017-06-29,102.37230682373047,102.44675638102785,102.25649219365188,102.28130871275101,429200
2017-06-30,102.223388671875,102.39711059536616,102.20684643167627,102.36401980354547,266300
2017-07-03,102.02622985839844,102.2332972183709,101.98481385872621,102.2084501462453,973900
2017-07-05,102.0759506225586,102.14221371163687,101.99312492080875,102.0096938526763,2615000
2017-07-06,102.00140380859375,102.03453535132103,101.91029364589266,102.00140380859375,530900
2017-07-07,101.9599838256836,102.03453137371277,101.9185741382855,102.026246908555,447100
2017-07-10,102.06766510009766,102.10907478838219,102.00968648114288,102.05938063476253,213500
2017-07-11,102.16703033447266,102.16703033447266,102.00137898035328,102.00137898035328,347900
2017-07-12,102.3492431640625,102.42379069142471,102.30782716895087,102.39893730284155,240800
2017-07-13,102.27473449707031,102.3161441861638,102.19190248049203,102.30785972066684,315500
2017-07-14,102.39895629882812,102.55632952641422,102.38239368922714,102.54804506201631,348300
2017-07-17,102.43211364746094,102.49009227446574,102.36585055397076,102.39898210071584,356700
2017-07-18,102.62260437011719,102.64745144696509,102.55634128572574,102.58947282792147,290600
2017-07-19,102.60599517822266,102.64741116951512,102.57286364902728,102.62256410241686,343300
2017-07-20,102.60599517822266,102.68882716080759,102.57286364902728,102.66397377451628,579700
2017-07-21,102.73030090332031,102.78827953577381,102.68060673813075,102.71373828798946,572500
2017-07-24,102.63082885742188,102.71365450490964,102.6059754759029,102.68052298207617,1392200
2017-07-25,102.34101867675781,102.49010749966007,102.34101867675781,102.48182935114136,183800
2017-07-26,102.5977554321289,102.64744958492327,102.34098756456874,102.34098756456874,306100
2017-07-27,102.52320098876953,102.58117960286219,102.46522237467686,102.51491652412915,230900
2017-07-28,102.63915252685547,102.65572145521769,102.49834823174989,102.51491084091745,234200
2017-07-31,102.60599517822266,102.64741116951512,102.57286364902728,102.60599517822266,359300
2017-08-01,102.78106689453125,102.78106689453125,102.52397111684621,102.5405552877783,410100
2017-08-02,102.69807434082031,102.77271255823473,102.6566044462006,102.70636325781021,192800
2017-08-03,102.85566711425781,102.89713701738239,102.7063843213957,102.7063843213957,989100
2017-08-04,102.73953247070312,102.74782771467156,102.62342436481384,102.74782771467156,441000
2017-08-07,102.764404296875,102.78098845515055,102.68146452324818,102.71463916721564,111900
2017-08-08,102.70634460449219,102.7561097344811,102.6400016435343,102.7561097344811,277200
2017-08-09,102.79761505126953,102.97178358585461,102.79761505126953,102.92201843565074,267400
2017-08-10,102.98834228515625,102.99663752937558,102.88881833677667,102.88881833677667,399600
2017-08-11,103.13762664794922,103.16250605357668,102.97175972548786,102.98834388676698,226400
2017-08-14,102.98007202148438,103.05471658273042,102.94689736397711,103.00495143276008,372900
2017-08-15,102.78932189941406,102.83908072014982,102.71467734089171,102.73126783274944,200800
2017-08-16,102.92202758789062,103.00496107571323,102.72298595163248,102.72298595163248,276400
2017-08-17,103.0961685180664,103.11275900865621,102.8805427597448,102.89712692291637,190400
2017-08-18,103.0961685180664,103.23716237840682,102.9966508842005,103.18739723405564,231300
2017-08-21,103.1210708618164,103.17083601723591,103.07960728095638,103.12936610895626,196800
2017-08-22,103.00494384765625,103.0629979121642,102.98006443821262,103.0629979121642,169800
2017-08-23,103.2122802734375,103.22057551902422,103.08788322672893,103.13764204541236,978500
2017-08-24,103.0712890625,103.17081302373865,103.06299381720889,103.12104787941021,650900
2017-08-25,103.15419006347656,103.18736470678044,103.03808197562107,103.07125661892496,202300
2017-08-28,103.22059631347656,103.23718680799227,103.15424699025321,103.15424699025321,287700
2017-08-29,103.3615493774414,103.51083214115319,103.32008580983224,103.50254322408192,162400
2017-08-30,103.30354309082031,103.33671775669895,103.2537842557126,103.2537842557126,166000
2017-08-31,103.38644409179688,103.40302825479765,103.28692013153778,103.28692013153778,653000
2017-09-01,103.21288299560547,103.37066479308949,103.21288299560547,103.36235882069543,339600
2017-09-05,103.64471435546875,103.66132630279395,103.43710936311464,103.43710936311464,452900
2017-09-06,103.40389251708984,103.66132701759314,103.40389251708984,103.63641543203512,832800
2017-09-07,103.76094818115234,103.78586609626538,103.52843165823123,103.59486676066585,766300
2017-09-08,103.70281219482422,103.72773010828999,103.6280774612259,103.71942413713472,296400
2017-09-11,103.43706512451172,103.5118061843063,103.39554794515817,103.48689460957439,4465600
2017-09-12,103.22118377685547,103.3125304617943,103.19626586092646,103.3125304617943,390400
2017-09-13,103.11325073242188,103.25442061304523,103.11325073242188,103.25442061304523,515500
2017-09-14,103.11325073242188,103.12155670645909,103.00529841234554,103.01360438638275,143900
2017-09-15,103.03851318359375,103.1132479411,102.9969896501336,103.1132479411,138900
2017-09-18,102.9471206665039,102.98863784588703,102.89729751700462,102.9471206665039,162100
2017-09-19,102.8973388671875,103.0302027644444,102.86412130897293,102.99698520622982,429400
2017-09-20,102.68975067138672,102.95548484495353,102.62331554409441,102.93887289532923,619000
2017-09-21,102.68141174316406,102.81427561950642,102.67310577101753,102.78936403866724,161900
2017-09-22,102.78936767578125,102.84749681166295,102.75615012162018,102.84749681166295,178800
2017-09-25,102.93888092041016,102.96379251118626,102.7810990646909,102.7810990646909,161800
2017-09-26,102.86412811279297,102.89734567320468,102.80599896597293,102.8890396992013,188000
2017-09-27,102.6565170288086,102.68973458725193,102.58177593841071,102.58177593841071,267900
2017-09-28,102.71463012695312,102.7395417079938,102.58175991393564,102.58175991393564,196200
2017-09-29,102.5651626586914,102.75615568595917,102.54025107562178,102.75615568595917,270600
2017-10-02,102.50525665283203,102.62166380329644,102.4969400438806,102.61335353805893,437800
2017-10-03,102.63833618164062,102.63833618164062,102.52192898676245,102.52192898676245,384700
2017-10-04,102.58014678955078,102.67992077399664,102.53025345361064,102.67992077399664,391500
2017-10-05,102.53021240234375,102.62999269055658,102.48032543009467,102.60504920443204,144600
2017-10-06,102.45537567138672,102.50526264058159,102.31402502952507,102.38053887388013,473600
2017-10-09,102.52191925048828,102.53022951810728,102.45539904724193,102.4886591488651,140400
2017-10-10,102.5385513305664,102.64664190853767,102.51360783901274,102.53023471880982,266000
2017-10-11,102.56346893310547,102.59672902802023,102.48863847733311,102.58841241836292,788600
2017-10-12,102.59669494628906,102.60501155318366,102.53849138545156,102.59669494628906,3453300
2017-10-13,102.77135467529297,102.79629816416842,102.6798909869394,102.74641118641752,133400
2017-10-16,102.60504913330078,102.68819620156316,102.54684555114565,102.64661949557463,240700
2017-10-17,102.55519104003906,102.56350765283605,102.47204394321975,102.47204394321975,532800
2017-10-18,102.43046569824219,102.4554091910002,102.38888898116791,102.41383247392592,156700
2017-10-19,102.52191925048828,102.63000982297682,102.45539904724193,102.57180623106518,482800
2017-10-20,102.28083038330078,102.42218111561043,102.28083038330078,102.33071738441751,185800
2017-10-23,102.36393737792969,102.40551409170976,102.33899388714798,102.3805642572122,3470600
2017-10-24,102.23924255371094,102.30576277712377,102.1727223302981,102.26418605156134,470700
2017-10-25,102.18101501464844,102.23090199866633,102.08955131480485,102.13112803063053,229500
2017-10-26,102.09781646728516,102.2474836876196,102.08949985956852,102.23085047218635,372000
2017-10-27,102.28909301757812,102.29740962846392,102.1144822512687,102.1144822512687,306600
2017-10-30,102.46373748779297,102.47204775718241,102.37227377477242,102.4138441528709,166200
2017-10-31,102.37226867675781,102.45541577253121,102.36395206406544,102.44709915983884,1166600
2017-11-01,102.38473510742188,102.47632153696321,102.29314867788052,102.31812564007754,328400
2017-11-02,102.45967102050781,102.53460826300359,102.39306790212447,102.44302182896917,914900
2017-11-03,102.51798248291016,102.51798248291016,102.38476985523961,102.48467773793487,137300
2017-11-06,102.57623291015625,102.58456068191752,102.50962979275194,102.52627898404585,155000
2017-11-07,102.5429458618164,102.60122756613006,102.52629031645287,102.56792282763234,182400
2017-11-08,102.46802520751953,102.59291640905558,102.45137601168891,102.58458863502507,371700
2017-11-09,102.47633361816406,102.54294309336116,102.40972414296697,102.42637333565166,473300
2017-11-10,102.26815795898438,102.36806579433323,102.25150241827451,102.35141660585096,181700
2017-11-13,102.18492126464844,102.30980608566371,102.17659349250444,102.27650134931666,401900
2017-11-14,102.25154113769531,102.27651810599052,102.16828245930131,102.18493800631809,1487900
2017-11-15,102.38473510742188,102.4346890318159,102.27649313493022,102.38473510742188,1703000
2017-11-16,102.2598648071289,102.31814651488865,102.23488783983613,102.23488783983613,1682700
2017-11-17,102.30979919433594,102.35143170002273,102.24319607835699,102.32645473750206,972000
2017-11-20,102.16825103759766,102.28481442194635,102.14327407698407,102.25983746133278,253200
2017-11-21,102.08500671386719,102.21821930658051,102.06002974974776,102.19324234246108,221500
2017-11-22,102.35140228271484,102.37637923805677,102.17655724309469,102.20153419843662,416900
2017-11-24,102.28479766845703,102.3347579337291,102.26814848151767,102.31810239456274,111100
2017-11-27,102.3431167602539,102.38474927116059,102.24320889764475,102.30981202197441,234200
2017-11-28,102.32645416259766,102.45134532672783,102.28482165714478,102.40971282127495,307800
2017-11-29,102.17657470703125,102.20987943725513,102.10163747597058,102.16824693641833,167200
2017-11-30,101.99341583251953,102.17658869771819,101.93513413470437,102.12663477165624,222200
2017-12-01,102.14432525634766,102.38609760904009,101.91089163597954,102.03594717848792,334500
2017-12-04,102.06930541992188,102.06930541992188,101.96092733179155,101.9859371705455,616900
2017-12-05,102.07762145996094,102.07762145996094,101.91921736894814,101.93588847088135,457100
2017-12-06,102.19435119628906,102.26104833364445,102.16100262761138,102.16934135992807,148400
2017-12-07,102.10262298583984,102.21933977164082,102.06927442409845,102.17765247931713,222000
2017-12-08,102.11099243164062,102.18602194768697,102.0609663936867,102.15267337591425,166100
2017-12-11,102.03592681884766,102.14430487508228,102.0275880881872,102.11929504368874,187900
2017-12-12,101.9942398071289,102.00257853781234,101.91087158205815,101.96922997566647,250600
2017-12-13,102.24437713623047,102.33608411556816,101.99426603611141,102.06930191038293,332500
2017-12-14,102.16096496582031,102.21098462010248,102.05258692801337,102.12761640943661,541500
2017-12-15,102.09432220458984,102.13600951240906,102.0026152158597,102.06931236413438,1250500
2017-12-18,102.05261993408203,102.12764943977147,102.0276037382634,102.07762976931184,165500
2017-12-19,101.81083679199219,101.91921485335376,101.75247839578394,101.90254375183203,426800
2017-12-20,101.72745513916016,101.81916209263233,101.65242564663987,101.70244530832007,278700
2017-12-21,101.70158386230469,101.74332897455602,101.67653934271783,101.70158386230469,284900
2017-12-22,101.71829223632812,101.73499283131595,101.67655348768008,101.72664253382204,405900
2017-12-26,101.72665405273438,101.78509340298756,101.69325922838804,101.71830375429492,222100
2017-12-27,101.96039581298828,101.9687461101468,101.77673386137452,101.79342808628105,483400
2017-12-28,101.90199279785156,101.94373792911497,101.86025403600092,101.91869339812203,342600
2017-12-29,101.98545837402344,102.03554742388488,101.91866872793402,101.94371325286475,297900
2018-01-02,101.84354400634766,101.9353781910943,101.73501559228897,101.89363943310812,447900
2018-01-03,101.86854553222656,101.92698486426738,101.80176227375813,101.88524612390079,181000
2018-01-04,101.76837158203125,101.79341610114754,101.65983683998095,101.7099322476233,457200
2018-01-05,101.7099380493164,101.79342190760269,101.6681929354682,101.78507161095104,723200
2018-01-08,101.70158386230469,101.74332897455602,101.65983875005335,101.73497867822378,403100
2018-01-09,101.49288177490234,101.65150557494344,101.47618754988197,101.65150557494344,310900
2018-01-10,101.501220703125,101.54295944570613,101.37599173656191,101.41773684855288,247700
2018-01-11,101.53466033935547,101.57639910036139,101.45117007851836,101.48456490897068,551800
2018-01-12,101.47616577148438,101.48450969749855,101.37598133463162,101.39267555606915,234700
2018-01-16,101.46781158447266,101.54294513217376,101.40102196246573,101.5262509113765,1632300
2018-01-17,101.30921173095703,101.41774648468197,101.26747298441012,101.35930714398793,443600
2018-01-18,101.20068359375,101.25077263749279,101.15059455000723,101.19233329665606,476800
2018-01-19,101.0671157836914,101.18399447862444,101.03372096093752,101.18399447862444,398000
2018-01-22,101.02536010742188,101.1422387827741,101.00031558690497,101.08379944509798,268000
2018-01-23,101.2174301147461,101.2174301147461,101.13394620890418,101.1506468117208,281100
2018-01-24,101.12555694580078,101.19234659250706,101.0671175972856,101.14225754218299,265700
2018-01-25,101.2174301147461,101.2174301147461,100.98367263062323,101.04211200165395,266500
2018-01-26,101.00029754638672,101.10047561056064,100.9502021448908,101.10047561056064,299600
2018-01-29,100.88343048095703,100.916825298096,100.76655180567569,100.85004203322816,394200
2018-01-30,100.816650390625,100.91682847578625,100.7832555724345,100.86673943320562,390700
2018-01-31,100.74152374267578,100.90014755764672,100.63299534630211,100.84170821045917,989200
2018-02-01,100.75487518310547,100.75487518310547,100.50407861674617,100.73815796328839,858100
2018-02-02,100.43717956542969,100.50406118946852,100.30342269553476,100.41210055096082,212500
2018-02-05,100.93045806884766,101.03077416101203,100.42885209528617,100.48737194177703,594200
2018-02-06,100.6378402709961,100.93044584620083,100.62948484978418,100.91372224740871,628000
2018-02-07,100.50410461425781,100.76326304665439,100.47066378778963,100.72146679720827,512500
2018-02-08,100.6378402709961,100.69636011040022,100.33687927457946,100.44556353217577,352900
2018-02-09,100.65457153320312,100.99732879632788,100.50409102353785,100.5291700454513,1871900
2018-02-12,100.56261444091797,100.66293691032135,100.50409459497888,100.5876934637226,819000
2018-02-13,100.65457153320312,100.66293333323581,100.57097266743011,100.57932808927819,745300
2018-02-14,100.22820281982422,100.39540054101708,100.18640020043388,100.39540054101708,285100
2018-02-15,100.24492645263672,100.33688073459483,100.18640023419684,100.19476203371457,455900
2018-02-16,100.37031555175781,100.42047996767984,100.33687473387108,100.37867735077546,196900
2018-02-20,100.3034439086914,100.3117993298263,100.17804243164316,100.21148325073497,217000
2018-02-21,100.15298461914062,100.35362319799233,100.08610296679491,100.34526139690277,381700
2018-02-22,100.27835845947266,100.30344385741674,100.21983862063793,100.26164123902734,303700
2018-02-23,100.43717956542969,100.50406118946852,100.33685712937145,100.38702153649193,699400
2018-02-26,100.50410461425781,100.60442071547689,100.47902558895305,100.55426266486735,514000
2018-02-27,100.29513549804688,100.52921497810962,100.17809575801552,100.52085317433952,303300
2018-02-28,100.37031555175781,100.38703914979311,100.26999947628146,100.3034402941682,230400
2018-03-01,100.67420196533203,100.75791447490349,100.39794493557666,100.46491749797586,219000
2018-03-02,100.47333526611328,100.61565363014874,100.43985535477846,100.598907287623,615800
2018-03-05,100.4398422241211,100.6407536001562,100.36449646632201,100.63238042998798,962500
2018-03-06,100.40630340576172,100.53186895831188,100.39793023997366,100.43141651627175,792000
2018-03-07,100.40630340576172,100.55698845567606,100.39793023997366,100.50675584780186,235300
2018-03-08,100.52351379394531,100.56536685401305,100.45654123361106,100.46491440036657,293300
2018-03-09,100.42306518554688,100.45655146912591,100.3309795024184,100.37283895360609,166800
2018-03-12,100.52351379394531,100.52351379394531,100.41468178668845,100.43980128695495,137300
2018-03-13,100.58212280273438,100.63234903435902,100.51515023599785,100.63234903435902,204900
2018-03-14,100.66583251953125,100.74117186487402,100.50677427466718,100.50677427466718,160600
2018-03-15,100.64909362792969,100.70769302609634,100.57374789494094,100.65746040848536,231700
2018-03-16,100.56538391113281,100.60724336515531,100.5067845076149,100.60724336515531,332500
2018-03-19,100.52351379394531,100.6323394143473,100.45654123361106,100.46491440036657,136900
2018-03-20,100.37281799316406,100.43141738047643,100.35607166144385,100.39793110389019,137400
2018-03-21,100.45658111572266,100.46495428580238,100.18869715488836,100.28915603527275,251500
2018-03-22,100.65750122070312,100.78307323536143,100.5654155024109,100.615648140389,281400
2018-03-23,100.76629638671875,100.7997826708244,100.63235125029621,100.63235125029621,449400
2018-03-26,100.60724639892578,100.74955832792409,100.59050644892558,100.65747263578255,491900
2018-03-27,100.90861511230469,100.95046818011882,100.67421749460611,100.6825842760553,251500
2018-03-28,100.86674499511719,101.05091635722782,100.80814559688703,101.03417640924295,766400
2018-03-29,100.97559356689453,101.0341929747326,100.82490846290284,100.87513470194793,532400
2018-04-02,101.04936981201172,101.15836269024732,100.88169731728944,100.93199778644698,639000
2018-04-03,100.86492919921875,100.98230122823858,100.82301427245216,100.94038630147199,495900
2018-04-04,100.82299041748047,100.97389818998595,100.79784018811195,100.97389818998595,360800
2018-04-05,100.70563507080078,100.78108577138428,100.68886398425197,100.74754999458204,637300
2018-04-06,100.96551513671875,100.99066536670718,100.83137204838779,100.88167890465915,496600
2018-04-09,100.95714569091797,100.95714569091797,100.81462343406389,100.8649239020605,346600
2018-04-10,100.82299041748047,100.89005556369841,100.77268356244909,100.87329087621751,162000
2018-04-11,100.84813690185547,100.94874421188786,100.78945090341011,100.89005181714838,871300
2018-04-12,100.6469497680664,100.78947202325641,100.62179313806631,100.78108647992303,163800
2018-04-13,100.63859558105469,100.69728161008237,100.56313846013484,100.56313846013484,335400
2018-04-16,100.61339569091797,100.62177483643184,100.51278837810291,100.51278837810291,372200
2018-04-17,100.63020324707031,100.63858879245075,100.5379814367766,100.55475252753746,979100
2018-04-18,100.39541625976562,100.5463240306634,100.37865157246334,100.52117380156281,709700
2018-04-19,100.29483795166016,100.33675927648068,100.21938724253859,100.29483795166016,603200
2018-04-20,100.10200500488281,100.2529128040396,100.10200500488281,100.23614171730246,173400
2018-04-23,100.03491973876953,100.07684105357075,99.98461927804377,100.0433052809887,354000
2018-04-24,100.00137329101562,100.0684448290198,99.92592260798135,99.94268729433544,275600
2018-04-25,99.95108795166016,100.00138841462348,99.91755217758632,99.95947349425234,769700
2018-04-26,100.06846618652344,100.10200196268303,100.02654486725012,100.051695100296,388400
2018-04-27,100.1523208618164,100.18585664414826,100.08524929715269,100.10202038646685,354400
2018-04-30,100.20259857177734,100.23613434649009,100.13553341864686,100.16906919335959,641000
2018-05-01,100.07750701904297,100.18666796054389,100.06071549209456,100.16987643359548,1111900
2018-05-02,100.14460754394531,100.19498849188545,100.0606371618686,100.11941706997526,213900
2018-05-03,100.2957763671875,100.36294884204001,100.25378796469029,100.27058588830147,529600
2018-05-04,100.2957763671875,100.37974676565119,100.22859748580426,100.37134780384561,198000
2018-05-07,100.2622299194336,100.29581937452853,100.23703942974575,100.29581937452853,176500
2018-05-08,100.18665313720703,100.2370405236661,100.12787319178275,100.1950521027058,161400
2018-05-09,100.06908416748047,100.11947154936807,100.04389367980315,100.06069160927667,206800
2018-05-10,100.13623046875,100.2118019071765,100.10264102727237,100.20340935170526,668500
2018-05-11,100.11949157714844,100.16147359616433,100.09429467789778,100.15307462974745,174400
2018-05-14,100.06069946289062,100.0858899525451,100.02711000784015,100.03550256670266,595700
2018-05-15,99.7583999633789,99.86756088650583,99.69122105382384,99.82557246640054,350300
2018-05-16,99.65762329101562,99.79197469239203,99.65762329101562,99.76678420504226,185800
2018-05-17,99.69956970214844,99.75834961671035,99.67437281888174,99.73315273344365,325600
2018-05-18,99.89274597167969,99.93473438951337,99.80877554254543,99.81717450741878,418900
2018-05-21,99.91793823242188,99.92633719744423,99.82556883677553,99.8507657318426,154800
2018-05-22,99.90955352783203,99.92634505266354,99.85077358112123,99.90115456214943,286600
2018-05-23,100.16142272949219,100.22020265149065,100.01867240557176,100.08585128972173,341100
2018-05-24,100.30421447753906,100.41338181099997,100.26223246250566,100.31261344315921,914200
2018-05-25,100.58130645751953,100.58130645751953,100.48893707020078,100.48893707020078,161300
2018-05-29,101.24468231201172,101.37904011229391,100.7660438599383,100.80803227415963,252600
2018-05-30,100.95079040527344,101.0767492511037,100.8668199768976,101.01796931058732,1141400
2018-05-31,100.9423828125,101.0179606761514,100.79123349172967,100.9423828125,3627200
2018-06-01,100.66986083984375,100.73715506760671,100.58574626390543,100.6278003431092,618000
2018-06-04,100.43433380126953,100.57732921690827,100.43433380126953,100.5689158343617,634800
2018-06-05,100.61937713623047,100.66984459014105,100.50161546541926,100.56890326479014,250200
2018-06-06,100.40068817138672,100.4763893628321,100.35022071042314,100.4511556323503,281000
2018-06-07,100.63621520996094,100.78762401589492,100.3586313294935,100.3586313294935,288700
2018-06-08,100.55213928222656,100.63625389173656,100.5269055411269,100.56055266843757,370700
2018-06-11,100.48481750488281,100.4932308887894,100.00535730271298,100.41752326869333,298600
2018-06-12,100.43433380126953,100.4511541488321,100.38385992352075,100.40068668861386,470200
2018-06-13,100.3333740234375,100.47636941279569,100.17355187207873,100.43431534285294,356800
2018-06-14,100.46795654296875,100.46795654296875,100.37542860999318,100.39224895347556,182400
2018-06-15,100.50161743164062,100.65302621386431,100.49320404998102,100.6025523414365,166700
2018-06-18,100.54368591308594,100.60256675808128,100.51003879915562,100.57733302701624,169800
2018-06-19,100.6866226196289,100.76233018620661,100.65298194284664,100.695035997588,299400
2018-06-20,100.53528594970703,100.70352154181475,100.52687898325038,100.70352154181475,268100
2018-06-21,100.66986083984375,100.73715506760671,100.61939337778692,100.61939337778692,1008300
2018-06-22,100.70353698730469,100.73718411088689,100.6194223871155,100.63624274014029,160900
2018-06-25,100.79606628417969,100.86336053221962,100.75400577477156,100.75400577477156,160000
2018-06-26,100.82967376708984,100.84649411372057,100.77079292758704,100.80443362084847,355800
2018-06-27,101.04837036132812,101.05678374340862,100.9053749536108,100.96425579311384,490400
2018-06-28,100.96426391601562,101.06520525651194,100.93061680251684,101.0231447602558,918600
2018-06-29,100.93901824951172,100.9978990867894,100.91378452175412,100.93901824951172,297700
2018-07-02,100.84886932373047,100.9836745770536,100.84886932373047,100.97524764175385,855000
2018-07-03,100.99210357666016,101.00052408426377,100.85729832058156,100.85729832058156,139500
2018-07-05,100.96680450439453,101.05106098813506,100.93310962433901,100.96680450439453,228700
2018-07-06,101.05105590820312,101.07633028090783,100.983653295746,101.05947641386008,206000
2018-07-09,100.9162368774414,100.94151124668844,100.89096250819436,100.9162368774414,186400
2018-07-10,100.84043884277344,100.89941452830232,100.81516446724216,100.8488593493721,425500
2018-07-11,100.95838928222656,100.95838928222656,100.85728535316673,100.9162610381514,178100
2018-07-12,100.93309783935547,100.9583722103797,100.87412216434346,100.87412216434346,151100
2018-07-13,101.05948638916016,101.06791332351582,100.97523632920611,100.98366326356178,195500
2018-07-16,100.93309783935547,100.97521964844034,100.8656952313799,100.90781704046476,496100
2018-07-17,100.89945983886719,100.98370993776123,100.89945983886719,100.96685606126012,192600
2018-07-18,100.8656997680664,100.94994981789199,100.85727283472382,100.93310237907359,289400
2018-07-19,101.05948638916016,101.08476719222716,100.89098626925205,100.89098626925205,147500
2018-07-20,100.9246826171875,101.02578654088246,100.90782874930473,101.02578654088246,189200
2018-07-23,100.68043518066406,100.87421625237191,100.64673384524215,100.86578931154831,212200
2018-07-24,100.68882751464844,100.71410190055991,100.62142486697097,100.66355312873695,257800
2018-07-25,100.63829040527344,100.75624184597632,100.59616856380607,100.73939439496365,187100
2018-07-26,100.53716278076172,100.69723601506676,100.53716278076172,100.66354112311691,262000
2018-07-27,100.63829040527344,100.68041867461221,100.58774162436403,100.68041867461221,425900
2018-07-30,100.60456085205078,100.66353655208924,100.56243259722221,100.57085953376178,248900
2018-07-31,100.65509033203125,100.68879164386377,100.62981595512387,100.67193777401351,636000
2018-08-01,100.52935028076172,100.58843032277726,100.48714749107563,100.52090843497618,566800
2018-08-02,100.65592956542969,100.6812486578485,100.56308860040058,100.63061047301088,420100
2018-08-03,100.83316040039062,100.84160224350244,100.56307937396895,100.63060124038427,580300
2018-08-06,100.866943359375,100.94290064624893,100.83318241879515,100.84162426375036,237800
2018-08-07,100.71508026123047,100.81635670196667,100.70663841142088,100.81635670196667,233000
2018-08-08,100.77412414550781,100.8078850933786,100.74036319763704,100.77412414550781,152200
2018-08-09,100.91759490966797,100.93447216257154,100.86695671171542,100.86695671171542,140300
2018-08-10,101.1792221069336,101.2973821808793,101.08638112894181,101.08638112894181,438800
2018-08-13,101.19612121582031,101.27207851525533,101.13704116984573,101.19612121582031,228000
2018-08-14,101.11170196533203,101.18765924966395,101.11170196533203,101.16234015488665,518300
2018-08-15,101.27206420898438,101.39022428424158,101.23830326759072,101.23830326759072,181700
2018-08-16,101.23831939697266,101.28896403675246,101.1370429958974,101.26364493648366,245100
2018-08-17,101.23831939697266,101.34804408379375,101.20456488944237,101.29739944401395,192300
2018-08-20,101.44930267333984,101.45774451836137,101.35646169582623,101.38178723089081,254300
2018-08-21,101.3564453125,101.39864809154489,101.32269081635211,101.39864809154489,333600
2018-08-22,101.45774841308594,101.50838660667686,101.39022652880385,101.4830675098814,190100
2018-08-23,101.42399597167969,101.47464060875663,101.4155605648684,101.44087966378595,662700
2018-08-24,101.40711212158203,101.4324312188524,101.30582929325912,101.30582929325912,161000
2018-08-27,101.3058090209961,101.35644720540365,101.28048992879232,101.34801180082914,201200
2018-08-28,101.16230773925781,101.22982959652168,101.1454240553225,101.22982959652168,528400
2018-08-29,101.11170196533203,101.18765924966395,101.09481827598663,101.17078199955934,202200
2018-08-30,101.26363372802734,101.2973882318215,101.20455368752539,101.22143093942246,388300
2018-08-31,101.33958435058594,101.41554807722676,101.33958435058594,101.40710623221311,372400
2018-09-04,101.24151611328125,101.33451509921343,101.19924150142111,101.2922404873533,304000
2018-09-05,101.2330322265625,101.28376303696629,101.18230786635709,101.22458246666052,380100
2018-09-06,101.35983276367188,101.40210735696279,101.26683381858973,101.29219599448534,344400
2018-09-07,101.04707336425781,101.14007236071446,101.02171117435161,101.14007236071446,387800
2018-09-10,101.0639877319336,101.08934992232687,101.03016932800888,101.03016932800888,236300
2018-09-11,100.85259246826172,100.95404764474948,100.84413625767138,100.93713522356879,282500
2018-09-12,100.90332794189453,100.94560254930232,100.8864219690511,100.93714633778086,160400
2018-09-13,100.886474609375,100.97101741810367,100.87801839344128,100.96256120216995,170200
2018-09-14,100.75117492675781,100.83571771364532,100.75117492675781,100.77653711780394,297500
2018-09-17,100.79341888427734,100.81032485643163,100.70887612310744,100.70887612310744,2414200
2018-09-18,100.59054565429688,100.7596312282191,100.5820894405404,100.74272525090736,384200
2018-09-19,100.51445007324219,100.5820868811705,100.46372569239648,100.5736306676292,428200
2018-09-20,100.53980255126953,100.59053337741555,100.4468035619023,100.4468035619023,260300
2018-09-21,100.55672454833984,100.58208673872679,100.49754395403664,100.49754395403664,192000
2018-09-24,100.52291870117188,100.57364308828195,100.47218786385997,100.47218786385997,289500
2018-09-25,100.47216033935547,100.48061655162451,100.41297975387238,100.46371057728649,513900
2018-09-26,100.64122009277344,100.67503848081559,100.49749678124276,100.51440275016485,254500
2018-09-27,100.6328125,100.64972492729065,100.57363190488495,100.61590652291046,195500
2018-09-28,100.6666259765625,100.74271899524331,100.6666259765625,100.74271899524331,513900
2018-10-01,100.57260131835938,100.67423490479392,100.57260131835938,100.64882166202915,870900
2018-10-02,100.69966125488281,100.75047482720389,100.64884122101898,100.64884122101898,501400
2018-10-03,100.3523941040039,100.62341052789719,100.28464484418652,100.598003747773,1029100
2018-10-04,100.25074005126953,100.31848929288618,100.19145542639279,100.22532681643136,569900
2018-10-05,100.1575927734375,100.20840632774568,100.06443028284555,100.17452847102673,525700
2018-10-08,100.1999740600586,100.29313658673652,100.18303835590942,100.21691622575075,453100
2018-10-09,100.25074005126953,100.26767574628883,100.17451326983401,100.1829843481134,777100
2018-10-10,100.33549499511719,100.3524307008624,100.14916992420193,100.14916992420193,301500
2018-10-11,100.50484466552734,100.60647825102292,100.36933967974136,100.45403110355028,588900
2018-10-12,100.44558715820312,100.60650542999136,100.43711607507133,100.46252932446673,403200
2018-10-15,100.47093963623047,100.5471664201257,100.44553286211196,100.5217596460072,241800
2018-10-16,100.47093963623047,100.48788179333594,100.39471931387494,100.46247501921744,378900
2018-10-17,100.3016128540039,100.521815788583,100.3016128540039,100.46253112868209,249300
2018-10-18,100.4371109008789,100.5387445085951,100.25925693353273,100.27619909892353,291600
2018-10-19,100.369384765625,100.47101193523001,100.32703580392668,100.46254731212584,421200
2018-10-22,100.36088562011719,100.43710597600978,100.35241453783716,100.39476348769475,222200
2018-10-23,100.53026580810547,100.75046871069966,100.50485902348737,100.65730619273836,2456000
2018-10-24,100.87748718261719,100.9028939617164,100.6826911069549,100.71656896626752,431500
2018-10-25,100.70811462402344,100.79280605017654,100.66576568017607,100.76739926848477,2099800
2018-10-26,101.0215072631836,101.12314088541282,100.95375151503076,100.99610047301223,688000
2018-10-29,101.01302337646484,101.08077911603002,100.85211157192626,100.93680301561125,369500
2018-10-30,100.8690414428711,100.96220396399995,100.86057036052958,100.91139039303606,678500
2018-10-31,100.7335205078125,100.7758629897408,100.65729370187502,100.69117156434261,2698700
2018-11-01,100.82601165771484,100.85146530767274,100.70722364227043,100.72419058442192,1547900
2018-11-02,100.52055358886719,100.6817686677614,100.46964628962112,100.6478283104436,410900
2018-11-05,100.55453491210938,100.6224091809357,100.54604820095713,100.58847528325448,379000
2018-11-06,100.46965789794922,100.55450556431643,100.44419777192326,100.55450556431643,331100
2018-11-07,100.41873168945312,100.53751970235597,100.40176474766467,100.47812569590454,394400
2018-11-08,100.29994201660156,100.45267038401488,100.29994201660156,100.45267038401488,288000
2018-11-09,100.54602813720703,100.5969354470343,100.40178644372138,100.40178644372138,273100
2018-11-12,100.74966430664062,100.76663772563505,100.67330334155362,100.69875699658262,206200
2018-11-13,100.80055236816406,100.8344862505685,100.70721800789943,100.74963859763547,442800
2018-11-14,100.97875213623047,101.10602687473894,100.7411760768611,100.75814302104658,573600
2018-11-15,101.05509185791016,101.18236656967107,100.96175750084953,101.14842621497078,547200
2018-11-16,101.25871276855469,101.28417288596827,101.17386513088884,101.2247788922562,960600
2018-11-19,101.36901092529297,101.39446456683662,101.21628260257192,101.21628260257192,370900
2018-11-20,101.32666015625,101.43696798392857,101.30969320693394,101.36908723973623,638700
2018-11-21,101.28418731689453,101.30964096447494,101.1993331936789,101.28418731689453,367700
2018-11-23,101.33511352539062,101.41996119098162,101.33511352539062,101.41147448238394,119200
2018-11-26,101.2757339477539,101.28422065756126,101.22482663583547,101.25876052813919,405000
2018-11-27,101.3096694946289,101.38603045887437,101.25875571166938,101.25875571166938,406300
2018-11-28,101.36052703857422,101.46234808103908,101.24173905909491,101.27567940658321,712700
2018-11-29,101.48782348632812,101.59812478422351,101.44539642450488,101.52176384109457,442300
2018-11-30,101.56417846679688,101.581151879914,101.48781752815096,101.53024458748338,879700
2018-12-03,101.62535858154297,101.62535858154297,101.44686048270461,101.46386400732419,1551800
2018-12-04,101.80388641357422,101.93138694568117,101.66789060162087,101.67639236641372,781700
2018-12-06,101.98238372802734,102.33087824015787,101.98238372802734,102.10138248679836,1558200
2018-12-07,102.24590301513672,102.27140182846465,101.9569013325429,102.00790544414619,614500
2018-12-10,102.26287078857422,102.37337426129238,102.1693708431722,102.2373719825456,2157200
2018-12-11,102.10140991210938,102.2289039843629,102.00790993582498,102.10140991210938,667200
2018-12-12,101.95686340332031,102.02486453686247,101.93136459947827,101.99936573302043,681200
2018-12-13,102.02487182617188,102.08437120103602,101.98237597838063,102.01637006263543,904600
2018-12-14,102.15242004394531,102.25442179918035,102.10991769136025,102.12692122637368,627600
2018-12-17,102.34789276123047,102.39889038191089,102.19489341424251,102.19489341424251,1051600
2018-12-18,102.50625610351562,102.55735186118139,102.37853295085078,102.42962221191672,853300
2018-12-19,102.61693572998047,102.80427164173233,102.39553815276477,102.58287406451663,976300
2018-12-20,102.57438659667969,102.72766088715743,102.56586955370862,102.72766088715743,1430700
2018-12-21,102.65106201171875,102.68511720202106,102.54887695100432,102.59145568378595,707300
2018-12-24,102.8724365234375,102.88095356793102,102.75322388693411,102.79580261280022,322000
2018-12-26,102.5914077758789,102.99161779276562,102.5914077758789,102.92350094736756,669800
2018-12-27,102.83838653564453,103.05126719597854,102.83838653564453,102.8809652663522,370800
2018-12-28,103.20449829101562,103.21301533290915,102.94052846171134,102.94052846171134,563600
2018-12-31,103.37482452392578,103.46849251115553,103.11084815236896,103.15342687260087,1535700
2019-01-02,103.51959228515625,103.51959228515625,103.3833520604671,103.47701356060269,1522000
2019-01-03,104.10710906982422,104.13265369712384,103.54510128283643,103.56213536543552,633500
2019-01-04,103.5280990600586,103.66433927123359,103.47700329634245,103.63027759428968,722700
2019-01-07,103.32376098632812,103.64734376917262,103.30673339088492,103.60476503566068,778800
2019-01-08,103.13641357421875,103.28968789305226,103.12789652967203,103.20453044078805,427900
2019-01-09,103.22160339355469,103.28120973462096,103.1194183103251,103.136452405832,703600
2019-01-10,103.20449829101562,103.39183423307652,103.19598774572155,103.3237108911272,807600
2019-01-11,103.39183044433594,103.45995378378892,103.36628581619088,103.38331989935374,380300
2019-01-14,103.37482452392578,103.49403714465446,103.35779043719279,103.45997546778904,556700
2019-01-15,103.33220672607422,103.51954262968802,103.30666210223562,103.51954262968802,1406000
2019-01-16,103.2981948852539,103.32373952141329,103.20452688826872,103.25562265718872,5766100
2019-01-17,103.17897033691406,103.28967240962237,103.11936402722516,103.2726383230824,658900
2019-01-18,102.96607208251953,103.13638043572513,102.91498282485756,103.05974005263276,588800
2019-01-22,103.17897033691406,103.24709368987294,103.1023364372857,103.14490866043462,1334200
2019-01-23,103.13641357421875,103.21304748533477,103.0427455740093,103.05977316650126,547400
2019-01-24,103.33220672607422,103.41735763773555,103.28963451854261,103.34924080636536,1266300
2019-01-25,103.17897033691406,103.2726383230824,103.13639811376514,103.24709368987294,615000
2019-01-28,103.19601440429688,103.2811653554308,103.15343568042934,103.17046976861681,991900
2019-01-29,103.40884399414062,103.40884399414062,103.26408030239823,103.26408030239823,2011700
2019-01-30,103.62175750732422,103.66432972713413,103.28966430844692,103.33223652825683,807000
2019-01-31,103.91129302978516,103.95387175481643,103.75801871491444,103.78356335129267,1457500
2019-02-01,103.5444564819336,103.7918651207901,103.53592335400903,103.74920599003676,1838400
2019-02-04,103.43348693847656,103.48467916824715,103.41642720113026,103.48467916824715,689800
2019-02-05,103.53593444824219,103.60418646121317,103.5018084417567,103.51886819056433,452200
2019-02-06,103.60413360595703,103.68944532421258,103.57000761688144,103.67237907524134,2273000
2019-02-07,103.79182434082031,103.84301007051778,103.72357236197907,103.7576983513997,1224300
2019-02-08,103.86859893798828,103.96244377806664,103.86859893798828,103.88565867760857,523700
2019-02-11,103.77481079101562,103.82599654670643,103.71509190641959,103.76627766211041,380700
2019-02-12,103.68096160888672,103.7492136195634,103.65536873210046,103.7492136195634,252000
2019-02-13,103.5273666381836,103.60415175427083,103.49324064313015,103.51883351220322,384200
2019-02-14,103.80891418457031,103.8771661832039,103.74919531298312,103.8771661832039,637700
2019-02-15,103.74066162109375,103.77478762022474,103.70653562196276,103.70653562196276,735100
2019-02-19,103.86859893798828,103.89419180185206,103.8088800860172,103.87713206223177,1850400
2019-02-20,103.86009979248047,103.93688491805946,103.82597379320856,103.89422579175238,371400
2019-02-21,103.69799041748047,103.72358328502436,103.65533129899555,103.68945729200996,2117700
2019-02-22,103.8771743774414,103.95395300030917,103.78332949913458,103.79186262685411,396100
2019-02-25,103.80891418457031,103.83450705684069,103.74919531298312,103.8003810575239,542500
2019-02-26,103.97954559326172,104.01367159517817,103.8857007152088,103.96248584673816,318500
2019-02-27,103.80891418457031,103.89422592842789,103.76625505820711,103.89422592842789,513700
2019-02-28,103.68096160888672,103.77480649634965,103.62977585531421,103.76627336779758,3544900
2019-03-01,103.45702362060547,103.6279537195456,103.45702362060547,103.56812753286002,897900
2019-03-04,103.63654327392578,103.6707306113826,103.4997939240985,103.53398126155531,595600
2019-03-05,103.653564453125,103.66211291192175,103.49972479760132,103.56809942684819,476300
2019-03-06,103.84162139892578,103.86726026215358,103.67069129703026,103.68778169899365,658400
2019-03-07,104.08946990966797,104.12365723261601,103.96126907875406,103.96981753963234,575400
2019-03-08,104.16636657714844,104.22619275072626,104.08945000564718,104.149276179225,275300
2019-03-11,104.0979995727539,104.15782574696843,104.06381225597933,104.1492772876338,406400
2019-03-12,104.2518539428711,104.30313166498381,104.1407435175404,104.17493083913716,377600
2019-03-13,104.2518539428711,104.27749280392744,104.17493083913716,104.20911816073392,518600
2019-03-14,104.1920394897461,104.27750454307689,104.14075524129514,104.23476875612869,333800
2019-03-15,104.36294555664062,104.42277173224791,104.29457092149968,104.35439709710698,435400
2019-03-18,104.28600311279297,104.36292619319528,104.26891271746072,104.32019042402034,356800
2019-03-19,104.23475646972656,104.32022151298338,104.20056914831086,104.209117608806,369400
2019-03-20,104.69627380371094,104.72191266420924,104.29458093439818,104.31167785510686,1148200
2019-03-21,104.6449966430664,104.73901014577345,104.59371240123045,104.73901014577345,273000
2019-03-22,105.11505126953125,105.2005163066618,104.90993387630505,104.94412119527014,559200
2019-03-25,105.33729553222656,105.49968371334019,105.10653921430854,105.17490735111294,763100
2019-03-26,105.2945785522461,105.39714055662483,105.16638419748189,105.21766193938757,909900
2019-03-27,105.4740219116211,105.62785507640457,105.4227376694618,105.49966077241834,920400
2019-03-28,105.43130493164062,105.47404072096704,105.3116525462058,105.43130493164062,462000
2019-03-29,105.2945785522461,105.30312701608617,105.14073880596166,105.18347460459465,631100
2019-04-01,104.89126586914062,105.10532967703683,104.86557925742652,105.09676529556246,1437500
2019-04-02,105.02825927734375,105.05394588647411,104.95975729785727,104.98544390698763,848900
2019-04-03,104.88267517089844,104.9254905348182,104.8141797344171,104.84842418630409,867900
2019-04-04,104.93408203125,104.95120426161823,104.85701566282037,104.9083888866341,712200
2019-04-05,104.95973205566406,104.98541865861694,104.87410786825222,104.88266571409868,590700
2019-04-08,104.86557006835938,104.97688088693633,104.85700568763549,104.95975865819696,545600
2019-04-09,104.95973205566406,105.0453562430759,104.95116767711085,105.0025408830166,737300
2019-04-10,105.10533905029297,105.16527666054075,105.07108805405001,105.08821681852626,472800
2019-04-11,104.95973205566406,105.01966964012301,104.94260329855764,105.01110526156981,364700
2019-04-12,104.67718505859375,104.77137364138581,104.66862067851049,104.72000042630211,1221100
2019-04-15,104.74568939208984,104.76281161993393,104.6686230350213,104.6686230350213,991800
2019-04-16,104.5658950805664,104.67720591299305,104.54876631698741,104.65151930033376,484500
2019-04-17,104.61723327636719,104.6686064844842,104.55729568932833,104.55729568932833,407000
2019-04-18,104.74568939208984,104.8227492164503,104.72000278396969,104.75424723965784,1905600
2019-04-22,104.6943588256836,104.75429645035703,104.66867220549656,104.75429645035703,4583600
2019-04-23,104.831298828125,104.86554981169596,104.7884834654845,104.80561222362357,556900
2019-04-24,105.07107543945312,105.08820420187294,105.0025734551914,105.0025734551914,282300
2019-04-25,104.98545837402344,105.0967692064964,104.96832961043731,105.06251821203337,377200
2019-04-26,105.1994857788086,105.25085898636752,105.1566704173715,105.25085898636752,421600
2019-04-29,105.08818817138672,105.13956138539199,105.04537280457713,105.08818817138672,258200
2019-04-30,105.24230194091797,105.26798854489286,105.0453604225988,105.06248264767973,671200
2019-05-01,105.12909698486328,105.5494399604636,105.08620203956029,105.24919497789195,745600
2019-05-02,104.94892883300781,105.09476769981543,104.92319448735024,105.08618740297997,652400
2019-05-03,105.02613830566406,105.12908223303617,105.00040396003324,105.03471860249061,707800
2019-05-06,105.20626831054688,105.3092122213243,105.19768801510347,105.3006319258809,347100
2019-05-07,105.38643646240234,105.44648545289976,105.34354806624654,105.36928241290984,599500
2019-05-08,105.27491760253906,105.4807989183947,105.24918325616324,105.44648427494391,428300
2019-05-09,105.45508575439453,105.62665246126136,105.38645645370767,105.51513475628296,321000
2019-05-10,105.4122085571289,105.61809649386194,105.39505450149355,105.49799846986006,665800
2019-05-13,105.78961181640625,105.85824109529712,105.7209825375154,105.76387747303424,922100
2019-05-14,105.7381820678711,105.77249671995294,105.66955276370742,105.75533612148668,300000
2019-05-15,105.961181640625,106.04697151423075,105.86682456038592,106.01265687375815,703400
2019-05-16,105.84967041015625,105.86683100386124,105.73815273046921,105.79820171873898,285700
2019-05-17,105.87541198730469,105.99550997204707,105.77247459743938,105.98693621945785,375700
2019-05-20,105.7295913696289,105.90115806831304,105.72101107123969,105.84968936767781,376100
2019-05-21,105.60948944091797,105.70385308513714,105.58375509155815,105.68669248899741,321800
2019-05-22,105.84111785888672,105.85827845709025,105.72101985086425,105.72960014996603,359500
2019-05-23,106.23572540283203,106.34724965541528,105.98695563518594,105.98695563518594,768000
2019-05-24,106.2013931274414,106.20996687965008,106.1156032465626,106.18423253332604,248300
2019-05-28,106.44159698486328,106.44159698486328,106.26145000237803,106.33007274938467,729400
2019-05-29,106.39868927001953,106.69036045297358,106.39868927001953,106.59599682421039,1057700
2019-05-30,106.63030242919922,106.67319081918946,106.35579186283866,106.4415751876673,312900
2019-05-31,107.14500427246094,107.18789266058964,106.83617908060364,106.87049371801533,2844500
2019-06-03,107.51970672607422,107.63142654458998,107.21032170603287,107.30485638197396,3724800
2019-06-04,107.31344604492188,107.40798071541298,107.14156184552361,107.24469236516256,622800
2019-06-05,107.407958984375,107.62280927261996,107.3563904566331,107.51967877384662,773800
2019-06-06,107.30485534667969,107.51110983914657,107.26188265558939,107.40798587126918,404000
2019-06-07,107.53690338134766,107.69159590792943,107.45096454584953,107.68300661407862,310400
2019-06-10,107.21893310546875,107.33924879107713,107.21033725457869,107.33924879107713,391800
2019-06-11,107.21036529541016,107.25333800438683,107.12442643417162,107.15880329001,462400
2019-06-12,107.41658020019531,107.45955289330034,107.30486037751962,107.32204552073419,274800
2019-06-13,107.61418914794922,107.70012793251772,107.46809255851186,107.51105867244162,408500
2019-06-14,107.59703826904297,107.65719609672995,107.51969530060748,107.52829114933746,299200
2019-06-17,107.57127380371094,107.6228423473009,107.50252011673264,107.60565064720008,189000
2019-06-18,107.64002227783203,107.86346847133407,107.59704958637359,107.84627677206583,691000
2019-06-19,107.9580078125,108.00097394910304,107.45955341957514,107.50251955617819,619100
2019-06-20,108.05257415771484,108.2588287213056,108.03538245266556,108.11273201195857,400700
2019-06-21,107.84632873535156,107.91508245212762,107.74320471690278,107.87210973996375,276800
2019-06-24,108.0611572265625,108.10412992999504,107.93224567297884,107.94943737703746,315300
2019-06-25,108.18144989013672,108.2587994285004,108.03535322032072,108.12129205217056,482400
2019-06-26,107.84632873535156,108.05258988567974,107.8291435845152,108.0439940319039,2129700
2019-06-27,108.05257415771484,108.07835515857438,107.91506674417809,107.97522459842182,320900
2019-06-28,108.0783462524414,108.12990824991157,107.95803055386847,107.99240740441985,1500100
2019-07-01,107.98623657226562,108.0981459623176,107.86571674672105,108.05510035269259,927800
2019-07-02,108.17561340332031,108.21004200536831,108.0034375538949,108.04648315821053,495000
2019-07-03,108.23589324951172,108.30475703413192,108.21867237747794,108.23589324951172,431500
2019-07-05,107.78821563720703,107.82265080484599,107.64187110061899,107.82265080484599,501800
2019-07-08,107.67630004882812,107.88290447489162,107.659079182085,107.82264457696326,477900
2019-07-09,107.58155059814453,107.69345990405473,107.57294016912591,107.69345990405473,870900
2019-07-10,107.82263946533203,107.87428892744025,107.65047021308067,107.72794440624298,981800
2019-07-11,107.56440734863281,107.77962225454672,107.52136830815266,107.75379751669108,575500
2019-07-12,107.63325500488281,107.69351490312194,107.53855994081613,107.53855994081613,383700
2019-07-15,107.75377655029297,107.75377655029297,107.66769191824504,107.66769191824504,482400
2019-07-16,107.5901870727539,107.63322609260003,107.47827117191798,107.54714148507324,506400
2019-07-17,107.89152526855469,107.89152526855469,107.67631038845362,107.68491425481507,380900
2019-07-18,108.14116668701172,108.15838098619771,107.79682159276433,107.82264632546152,504300
2019-07-19,107.94316101074219,108.0206417730004,107.86568681632006,107.93455057763882,262200
2019-07-22,107.98623657226562,108.05510035269259,107.96041183362577,108.02927561405274,318400
2019-07-23,107.88294219970703,107.994851601325,107.85711745839815,107.9087669410159,208300
2019-07-24,107.94316101074219,108.03785607137108,107.90872584616477,107.98620660842299,477400
2019-07-25,107.79676818847656,107.8828527774316,107.70207317027608,107.8828527774316,607500
2019-07-26,107.79676818847656,107.81398247913431,107.69346274103064,107.805378617722,366200
2019-07-29,107.83983612060547,107.91731686892776,107.83983612060547,107.90870643737308,380200
2019-07-30,107.8656997680664,107.91734923721619,107.78821899650484,107.8915245026413,426700
2019-07-31,107.90876007080078,108.05510464079279,107.55581101565308,107.89154576697037,1405700
2019-08-01,108.70126342773438,108.7702477242582,108.0113678278397,108.04586326576764,1658700
2019-08-02,108.78744506835938,108.83918491006214,108.6235934638622,108.70120980574517,836300
2019-08-05,109.37389373779297,109.44288460464054,109.18417214362772,109.20141657067401,823400
2019-08-06,109.46012878417969,109.46875428734893,109.20141632375186,109.2617816872742,453400
2019-08-07,109.45150756835938,109.986176937166,109.38251669896535,109.85682070188504,1046400
2019-08-08,109.4256362915039,109.47737615324745,109.12380946578102,109.27041012694194,682200
2019-08-09,109.2790298461914,109.56361222938058,109.25315991668893,109.43425600253723,311300
2019-08-12,109.64122772216797,109.73608852149965,109.47737605435297,109.51187148859462,446800
2019-08-13,109.32212829589844,109.59808513599144,109.17552766382748,109.58946621363201,604300
2019-08-14,109.65850067138672,109.7533549103672,109.56363985307358,109.63262415602914,789600
2019-08-15,110.10692596435547,110.22765671618998,109.75335263445972,109.77060364434037,906800
2019-08-16,110.06379699707031,110.06379699707031,109.75334463517078,109.93444732905554,594400
2019-08-19,109.73609924316406,109.84820448090404,109.71885481402406,109.77059468077606,310300
2019-08-20,110.00344848632812,110.08106487836568,109.93446417925736,109.97757854875995,378000
2019-08-21,109.79647064208984,109.96032233490943,109.75334969787448,109.82234057688613,642000
2019-08-22,109.64122772216797,109.8395748242246,109.60673228792632,109.66709765301636,3059500
2019-08-23,110.10692596435547,110.19316127576118,109.66711732305399,109.76197813940004,982800
2019-08-26,110.02926635742188,110.19311799026215,109.95165658144276,110.08963828895666,605100
2019-08-27,110.236328125,110.26219807126105,110.04660641330526,110.04660641330526,1022300
2019-08-28,110.26215362548828,110.37425887387589,110.23628368965518,110.31389349715447,543000
2019-08-29,110.15001678466797,110.22762656990777,110.01203506068957,110.22762656990777,986000
2019-08-30,110.1672592163086,110.22762457462376,110.03790299725307,110.03790299725307,1670000
2019-09-03,110.40477752685547,110.59481888740108,110.15426905981084,110.25792978113216,2347500
2019-09-04,110.58624267578125,110.59487613087809,110.37892112582978,110.37892112582978,806200
2019-09-05,109.99881744384766,110.20613895466364,109.86060969372616,110.19749891077403,721800
2019-09-06,110.04204559326172,110.11979283181279,109.96430494513521,110.02477209048624,534600
2019-09-09,109.70513153076172,109.8174257495401,109.66193789792683,109.7655986624767,558500
2019-09-10,109.23004150390625,109.63603797747913,109.21276800287978,109.57557083825066,525100
2019-09-11,109.16094207763672,109.28187635738794,109.15230203181908,109.17821557884805,375600
2019-09-12,108.99681854248047,109.33370784825301,108.91043785210212,109.29915425401683,1087300
2019-09-13,108.42666625976562,108.81538915221066,108.41803280624337,108.75492202544221,604600
2019-09-16,108.70310974121094,108.7376633333665,108.57354200865734,108.62536910167879,524000
2019-09-17,108.8586196899414,108.9277268882692,108.66858478017771,108.73768538808034,544200
2019-09-18,108.8067398071289,109.19546266634471,108.7635527719418,109.04860829352702,706700
2019-09-19,108.89315032958984,108.99681110522525,108.85859673771137,108.99681110522525,2226200
2019-09-20,109.19544982910156,109.22999681702105,108.93630128675707,108.96221482290727,2932700
2019-09-23,109.31642150878906,109.5150964142855,109.28186791861067,109.3077814636386,4590400
2019-09-24,109.65327453613281,109.72237510322938,109.3509323695976,109.3509323695976,5528600
2019-09-25,109.22142791748047,109.6274244649097,109.17823427142093,109.56695072425632,2893400
2019-09-26,109.33370208740234,109.47191645706451,109.30778854069666,109.36825567981788,1386100
2019-09-27,109.4632568359375,109.52372396424533,109.34232257932184,109.35959607722863,645800
2019-09-30,109.53236389160156,109.54963738948994,109.342322462716,109.3682360047599,1721800
2019-10-01,109.7918930053711,109.90436459218465,109.25547634345412,109.28143081727012,1927000
2019-10-02,110.07743835449219,110.17260258668007,109.86978930016976,109.90439747589016,913900
2019-10-03,110.48406219482422,110.64844936831808,110.17259523495908,110.17259523495908,1168300
2019-10-04,110.57061004638672,110.63117271285739,110.40622283703678,110.44948471344537,588100
2019-10-07,110.31969451904297,110.46677432260856,110.27643264701314,110.42351245057871,538100
2019-10-08,110.45809936523438,110.5965320484141,110.33697406786892,110.55327018471202,1408500
2019-10-09,110.32833099365234,110.44946290350994,110.21585937836907,110.44946290350994,818600
2019-10-10,109.91307830810547,110.18993718139193,109.86116933212557,110.18993718139193,711600
2019-10-11,109.50642395019531,109.6102484874007,109.34203674982895,109.56698661335632,1556700
2019-10-14,109.57565307617188,109.70543211259175,109.54104489307085,109.62756205040543,511500
2019-10-15,109.342041015625,109.6621617338708,109.30743283520636,109.61025276366058,459900
2019-10-16,109.49774932861328,109.55831198019987,109.4198858912165,109.47179484948101,394000
2019-10-17,109.46315002441406,109.61023641946981,109.40258736792093,109.45450293122539,289900
2019-10-18,109.55829620361328,109.64481992270653,109.4977335607478,109.53234172821851,466600
2019-10-21,109.31609344482422,109.48913435786235,109.30743974896335,109.41126429678621,299200
2019-10-22,109.4458236694336,109.48043183660688,109.2468283583954,109.4458236694336,1213300
2019-10-23,109.40259552001953,109.57563640920436,109.39394842618653,109.55832901986838,2319100
2019-10-24,109.42855834960938,109.59293894591339,109.41990465480333,109.48046731677536,786300
2019-10-25,109.26416015625,109.49775708582315,109.16898932546684,109.49775708582315,787000
2019-10-28,109.10845184326172,109.12575263428921,108.99598019949308,109.05654286934326,2870800
2019-10-29,109.1257095336914,109.17762508794111,109.07380058027506,109.16031770291343,630500
2019-10-30,109.39396667480469,109.39396667480469,109.05654513565084,109.1603630856452,1376900
2019-10-31,109.85247802734375,109.87843250644805,109.54101107642411,109.54101107642411,557300
2019-11-01,109.7060775756836,109.87937258092003,109.56743628286988,109.73207116539099,1549300
2019-11-04,109.44611358642578,109.49810736955679,109.39412641407456,109.46344705106272,385200
2019-11-05,109.11681365966797,109.25544827608759,109.05615977546358,109.22945469868252,954500
2019-11-06,109.29879760742188,109.35078477283656,109.1428295003989,109.25547056239036,516200
2019-11-07,108.80492401123047,108.99555247471025,108.57963522613795,108.98688574161197,1111800
2019-11-08,108.76158905029297,108.9955445514768,108.76158905029297,108.79624936938613,728300
2019-11-11,108.80492401123047,108.86557792135764,108.7442701011033,108.86557792135764,393500
2019-11-12,108.87418365478516,108.92617080268685,108.73554244601169,108.82218989610676,955400
2019-11-13,109.06489562988281,109.1342096766349,109.02156856622874,109.09088922376257,929100
2019-11-14,109.38542938232422,109.45475000011076,109.30744864539783,109.33344222437329,1286500
2019-11-15,109.27283477783203,109.36814901510293,109.24684118780921,109.26416804423083,512600
2019-11-18,109.39413452148438,109.46345516361002,109.37680766634311,109.40280125444515,1250600
2019-11-19,109.42877960205078,109.48076677101444,109.37679243308712,109.37679243308712,805300
2019-11-20,109.6540298461914,109.68002342154536,109.51538862993425,109.55871566270888,1081300
2019-11-21,109.50675964355469,109.57608027557514,109.44610574323163,109.51542637525208,718100
2019-11-22,109.48076629638672,109.5587536602735,109.4374458593646,109.54142019684117,2130000
2019-11-25,109.48944854736328,109.5154421354168,109.43746137125622,109.46345495930974,483500
2019-11-26,109.61071014404297,109.63670372113533,109.55872298985823,109.56738310837069,556700
2019-11-27,109.4374771118164,109.498131029592,109.40281678583302,109.4807975612097,342200
2019-11-29,109.44611358642578,109.46344705106272,109.34213924172336,109.39412641407456,145600
2019-12-02,109.30899810791016,109.35238105206793,109.15280494424248,109.19618788840025,2225400
2019-12-03,109.83832550048828,109.95980834380977,109.64742199803499,109.65610123550607,953100
2019-12-04,109.59532165527344,109.78621847094243,109.50854255141392,109.72547707043044,521900
2019-12-05,109.473876953125,109.52593913730638,109.3610667269741,109.36974596444381,614800
2019-12-06,109.28296661376953,109.36105988515595,109.17015639467624,109.20486672206509,801800
2019-12-09,109.27430725097656,109.36975901357658,109.25695539428528,109.36975901357658,477100
2019-12-10,109.17015075683594,109.33502314833906,109.16147814067513,109.30031282274274,528700
2019-12-11,109.41312408447266,109.46519288667548,109.2222272107894,109.23089982755809,349900
2019-12-12,108.96190643310547,109.42180670816923,108.83174435404707,109.41312747081378,1816800
2019-12-13,109.34369659423828,109.38707953369797,109.00527921299299,109.1788242114664,759200
2019-12-16,109.09207153320312,109.18752328580136,109.04000934826537,109.17016481060976,579000
2019-12-17,109.10073852539062,109.19618364695762,109.08338005214732,109.1788317940321,436000
2019-12-18,108.98794555664062,109.07471807563473,108.9011730376465,109.05736621996344,555400
2019-12-19,109.05486297607422,109.15044944212342,108.95927651002502,108.99403582764855,1651400
2019-12-20,109.0374526977539,109.07220537489984,108.94186626145286,108.97662556825868,300400
2019-12-23,108.97662353515625,109.09827779187707,108.93317274504463,109.06351848571973,374800
2019-12-24,109.08963012695312,109.1156979596271,108.88108083589891,108.88976569368195,271400
2019-12-26,109.1764907836914,109.19387375311656,109.06352800106933,109.15042295921403,471800
2019-12-27,109.36766815185547,109.38504449233244,109.28945804555754,109.29814953062633,426200
2019-12-30,109.39375305175781,109.41113602460857,109.21996310122017,109.23733944440927,807900
2019-12-31,109.27213287353516,109.36771936507,109.25475652492143,109.33296003817881,931800
2020-01-02,109.4632568359375,109.61097893682323,109.40242969853392,109.47194832118394,555900
2020-01-03,109.81085968017578,109.87168682664196,109.61968675423589,109.66313092761929,673300
2020-01-06,109.74998474121094,109.90639828253413,109.68915762123297,109.90639828253413,363500
2020-01-07,109.70658111572266,109.81085906464948,109.68920477239904,109.75871677535523,410100
2020-01-08,109.55884552001953,109.80215407459812,109.46325906934068,109.7326354505297,935300
2020-01-09,109.55884552001953,109.59360483205374,109.36767261866181,109.38504895984848,427900
2020-01-10,109.66312408447266,109.70657488480641,109.5936120854645,109.60229694180218,751300
2020-01-13,109.60231018066406,109.61969315476179,109.54148303064629,109.61100166771293,507500
2020-01-14,109.71527099609375,109.75003031189385,109.63706087812812,109.63706087812812,8989400
2020-01-15,109.83697509765625,109.8630429389127,109.7587649442223,109.84566658796327,544300
2020-01-16,109.75872039794922,109.80217120218492,109.68920839269879,109.77610337150827,458100
2020-01-17,109.74134063720703,109.75871698056314,109.64575417459416,109.64575417459416,488600
2020-01-21,109.99332427978516,110.00200913533516,109.87167000547787,109.87167000547787,437700
2020-01-22,110.01068115234375,110.01937263601639,109.9585455096271,109.97592184731279,969800
2020-01-23,110.14974975585938,110.2627125571502,110.09760746862702,110.14974975585938,576400
2020-01-24,110.34093475341797,110.44520607997556,110.18452113391942,110.20189747845829,872900
2020-01-27,110.7232437133789,110.76669450733397,110.66241657963803,110.76669450733397,920700
2020-01-28,110.57554626464844,110.7145835325627,110.52341060401152,110.7058920459026,592400
2020-01-29,110.84490203857422,110.88835283411989,110.64504429024957,110.65372914563022,965200
2020-01-30,110.94046020507812,111.13163304929002,110.87094160179036,110.9665280238963,1796800
2020-01-31,111.2793960571289,111.33153171394993,111.05347045779696,111.07084680018352,1121400
2020-02-03,111.1654281616211,111.2176449792398,110.9478492349006,111.08709629521113,1841000
2020-02-04,110.83468627929688,110.88690972857444,110.72154764582702,110.87820471369804,736600
2020-02-05,110.59970092773438,110.69543616877509,110.57359252381066,110.58229089846479,804400
2020-02-06,110.6083755493164,110.64318896039875,110.52134534160015,110.55615875268249,383200
2020-02-07,110.86946868896484,110.93909550853996,110.7737334720438,110.82595026673566,955300
2020-02-10,111.03484344482422,111.1044702723753,110.95651160383433,111.03484344482422,471200
2020-02-11,110.87820434570312,110.95652955938826,110.83468591144639,110.91301776511234,495100
2020-02-12,110.73021697998047,110.77372876037995,110.67799354753092,110.74762036414452,378300
2020-02-13,110.78248596191406,110.86081118751925,110.75637755337901,110.77378094574176,354500
2020-02-14,110.86946868896484,110.95649889344426,110.85206530406056,110.9042820987524,520000
2020-02-18,111.00873565673828,111.09576587166725,110.93910882880319,110.99132562976462,570800
2020-02-19,110.9652328491211,111.00004626798909,110.88690763665363,110.92171441554092,609000
2020-02-20,111.15670013427734,111.21762195554808,111.02615147727418,111.04355486621702,444500
2020-02-21,111.40036010742188,111.54831211709461,111.26981148242521,111.2785164947527,1024300
2020-02-24,111.9312973022461,112.00962252427193,111.84426042446425,111.93999567803907,642300
2020-02-25,112.13141632080078,112.31418837087945,111.9225491549476,111.93994589879728,3431600
2020-02-26,112.1488265991211,112.36640541735004,111.97476620052937,112.0443930159575,1289800
2020-02-27,112.5143814086914,112.74065864710819,112.27939251651553,112.62752666787979,2953600
2020-02-28,113.38469696044922,113.4978422197307,113.04527446256479,113.14100969427373,6151700
2020-03-02,113.22866821289062,113.88231278152152,113.21123396749928,113.64699701325321,6286900
2020-03-03,114.169921875,114.65797437511328,113.35940896554759,113.37682991309931,4007600
2020-03-04,114.09149169921875,114.50982052843132,114.08276792670505,114.2832285164482,2516100
2020-03-05,114.56210327148438,114.71026111278385,114.518524306765,114.5882479906294,1745300
2020-03-06,114.98917388916016,115.5556606240905,114.84972649955314,115.346502838115,3471400
2020-03-09,115.5207748413086,116.41844556428485,115.46848540865855,116.28770868422826,4153500
2020-03-10,114.8933334350586,115.54697827219304,114.65801757012748,115.20708348882066,2536300
2020-03-11,114.62306213378906,115.22441698586105,114.52719377623517,115.11111439099919,4533500
2020-03-12,114.75386047363281,115.91299198933844,114.4749789870403,115.11118943003645,2973500
2020-03-13,114.2135009765625,114.67540875746421,114.04790888559145,114.24835617014065,3877100
2020-03-16,115.39881896972656,115.86072691848193,114.50985827846007,114.50985827846007,8029600
2020-03-17,114.1350326538086,115.39001872347313,114.1350326538086,115.09370312223689,3354700
2020-03-18,113.39427185058594,114.37910068982227,113.23739022294643,114.03920601144318,5288300
2020-03-19,113.63833618164062,114.57958636745758,113.63833618164062,114.0566651647464,4170800
2020-03-20,114.9979019165039,115.02404664374137,114.27453343324743,114.35298091339689,3006200
2020-03-23,115.81713104248047,115.97401269379034,115.36393363678503,115.36393363678503,3096700
2020-03-24,115.26805877685547,115.64282198519662,115.10247995754261,115.38136144656437,4732600
2020-03-25,115.30293273925781,115.46852486485427,115.13734061366134,115.24191951469656,2004900
2020-03-26,115.52948760986328,115.7560928870921,115.37261930879572,115.44234298652522,1755600
2020-03-27,115.96524047851562,116.04367462218886,115.69506956246516,115.79964842069616,1518800
2020-03-30,115.9826889038086,116.35743872391578,115.9652546591613,116.12213626412243,2356500
2020-03-31,116.20927429199219,116.34872164438804,116.11340589952397,116.14827438683866,2439700
2020-04-01,116.29830169677734,116.46409522510997,116.27212517278907,116.4379187011217,3808800
2020-04-02,116.21978759765625,116.49028725795475,116.19361107018298,116.4030232899691,2299000
2020-04-03,116.23722076416016,116.45536732767967,116.211030927097,116.25466290272281,1869400
2020-04-06,115.95796203613281,116.10630006993003,115.87943248552372,116.09757900250904,2327700
2020-04-07,115.76605987548828,115.77478094801985,115.5217366984587,115.6438982869735,2175000
2020-04-08,115.78347778320312,115.91436040180044,115.70494821204474,115.71366928174783,2745200
2020-04-09,116.02780151367188,116.13250760912067,115.79219948430178,115.83583146227555,1645900
2020-04-13,115.90560913085938,116.05394716482098,115.90560913085938,116.02777064792228,1329900
2020-04-14,116.0539779663086,116.132507537847,116.00162491861633,116.00162491861633,985500
2020-04-15,116.4466781616211,116.53394214675853,116.28961896591143,116.31579549852971,1105300
2020-04-16,116.4466781616211,116.58629521199508,116.42922270167067,116.53394214675853,1059000
2020-04-17,116.32447052001953,116.58624905718273,116.32447052001953,116.4379109928658,1206200
2020-04-20,116.42047882080078,116.4379342773315,116.31577271084089,116.40302336427008,1102600
2020-04-21,116.50773620605469,116.6473399065761,116.47282529496577,116.58626578408762,2056200
2020-04-22,116.3419189453125,116.44662502800911,116.26338938329005,116.40299305534928,815400
2020-04-23,116.3419189453125,116.38555091797231,116.26338938329005,116.28956590396419,925100
2020-04-24,116.36808776855469,116.39426428749734,116.2721027608957,116.28955821172674,717400
2020-04-27,116.13249206542969,116.26338798183129,112.65960278023189,116.26338798183129,789700
2020-04-28,116.3419189453125,116.37681653467514,116.27211045197853,116.27211045197853,766100
2020-04-29,116.39425659179688,116.49024159310956,116.28955052294918,116.4204331090088,661100
2020-04-30,116.35065460205078,116.55135903852853,116.34193353226885,116.43791855831158,1739500
2020-05-01,116.35507202148438,116.45114715151429,116.30266982821519,116.41620347126205,1344400
2020-05-04,116.38119506835938,116.43359722648563,116.31132108182427,116.35499398929625,683500
2020-05-05,116.35507202148438,116.3987449582451,116.2764687315806,116.32012834123213,559700
2020-05-06,116.27642822265625,116.32008781709746,116.12795095108436,116.16288129205823,878700
2020-05-07,116.66072082519531,116.70438041672351,116.32882263611764,116.32882263611764,1297600
2020-05-08,116.53844451904297,116.79173947952873,116.48604234159217,116.59086002359894,691500
2020-05-11,116.38119506835938,116.555873371147,116.3375221608874,116.52094304142956,1080100
2020-05-12,116.52100372314453,116.54720481585265,116.30265239917212,116.32885349188024,1860800
2020-05-13,116.59962463378906,116.68697050742959,116.54722244044844,116.5908953772687,1234100
2020-05-14,116.66948699951172,116.77429137571183,116.65201516110909,116.66075774386434,1453400
2020-05-15,116.66072082519531,116.7917262539872,116.62577715944838,116.76552516822883,787600
2020-05-18,116.37248992919922,116.5820986051336,116.30261592818677,116.56464010020773,957100
2020-05-19,116.52971649169922,116.5559175807004,116.36376737662155,116.36376737662155,1034700
2020-05-20,116.53844451904297,116.62579036619775,116.42491091026795,116.46858383384533,977700
2020-05-21,116.54718780517578,116.61706181790133,116.51224413526039,116.52971597021808,794500
2020-05-22,116.58211517333984,116.63451734977063,116.58211517333984,116.59085775414823,774500
2020-05-26,116.53844451904297,116.55591635389496,116.45111199899335,116.45984125286677,580400
2020-05-27,116.54718780517578,116.66073474174296,116.48604304637645,116.48604304637645,900900
2020-05-28,116.53844451904297,116.56465893487352,116.45111199899335,116.47731308771876,838700
2020-05-29,116.72181701660156,116.73928884420108,116.5733397997547,116.61701270520369,2807500
2020-06-01,116.69038391113281,116.71660933205777,116.58548222743293,116.66415849020784,1730300
2020-06-02,116.61170196533203,116.70786628386426,116.57673918562985,116.6641528046258,892100
2020-06-03,116.33200073242188,116.4718652400332,116.26206180887336,116.4718652400332,2107300
2020-06-04,116.15709686279297,116.26201187279621,116.10464602753133,116.244523814549,968400
2020-06-05,115.87738800048828,115.92983885085556,115.72877281128639,115.82493715012102,1024300
2020-06-08,115.93856048583984,116.02598745091517,115.868621581676,115.868621581676,1305600
2020-06-09,116.17459869384766,116.20082411458756,116.09592243162793,116.12214785236783,3305600
2020-06-10,116.6029281616211,116.6029281616211,116.28820988474111,116.31443529619136,911900
2020-06-11,116.63795471191406,116.74285641507886,116.60299192402051,116.7078936271853,828200
2020-06-12,116.57673645019531,116.66415006714013,116.5242722726516,116.55924839101408,874500
2020-06-15,116.53304290771484,116.6903954488228,116.52429220688687,116.6554326639598,991900
2020-06-16,116.48058319091797,116.5767475163222,116.36693080467242,116.3931562261934,2537200
2020-06-17,116.51557159423828,116.56802244881389,116.44563267497584,116.51557159423828,448800
2020-06-18,116.56798553466797,116.62918707194844,116.55051081499983,116.61169901279963,916000
2020-06-19,116.6029281616211,116.6641163418461,116.4980131763432,116.4980131763432,916800
2020-06-22,116.55052185058594,116.68164895791607,116.54177115044264,116.64667283630675,573800
2020-06-23,116.59423065185547,116.61171871395882,116.52429174292499,116.5592678671317,447500
2020-06-24,116.65543365478516,116.6816590785259,116.53304389750068,116.53304389750068,867800
2020-06-25,116.67294311523438,116.72539397233548,116.6467043471983,116.72539397233548,943800
2020-06-26,116.82149505615234,116.85645782878967,116.7253307570518,116.73406811534154,788900
2020-06-29,116.90023040771484,116.91771847261519,116.8302914875985,116.8302914875985,1468000
2020-06-30,116.85650634765625,116.987646813322,116.812792859101,116.95267068668426,1662000
2020-07-01,116.74626159667969,116.79877057113757,116.69376597309251,116.76376458816564,1043900
2020-07-02,116.85122680664062,116.87747460958664,116.6762370033785,116.71122962368445,452400
2020-07-06,116.76374816894531,116.78125115797,116.70250773366207,116.75500334986737,688100
2020-07-07,116.88624572753906,116.9124935363911,116.77250967280332,116.78125449213094,879300
2020-07-08,116.83372497558594,116.89497875030939,116.78122936917518,116.8249801581396,563800
2020-07-09,116.94747161865234,116.99996722383405,116.8337222401813,116.84246705742292,462800
2020-07-10,116.85122680664062,117.00871362431668,116.83372382105456,116.99122398959682,571600
2020-07-13,116.90373992919922,116.92124291740791,116.77250089480452,116.77250089480452,496700
2020-07-14,116.87749481201172,116.99124421168362,116.87749481201172,116.95623823446066,401500
2020-07-15,116.88624572753906,116.96498915409516,116.82500529050739,116.82500529050739,829200
2020-07-16,116.94747161865234,117.01747020918329,116.93871345054471,116.96496125313557,371100
2020-07-17,116.92996978759766,116.98246539329757,116.89497716741975,116.98246539329757,981000
2020-07-20,116.92996978759766,116.9999683788196,116.90372198474769,116.98246539329757,286400
2020-07-21,117.00872802734375,117.01748619664795,116.93872942724927,116.94748759655349,851100
2020-07-22,116.99998474121094,117.06122517280325,116.98248175324113,117.04373553570146,553300
2020-07-23,116.99998474121094,117.05248035425235,116.97373693469024,117.03497736628255,588100
2020-07-24,117.0174560546875,117.05244867028723,116.9912082552716,116.99995307145544,618700
2020-07-27,116.92996978759766,117.06120880184746,116.92122497026972,117.0349609989975,608900
2020-07-28,117.06127166748047,117.07877466240215,116.99128638954035,117.02627902851042,348700
2020-07-29,117.1487045288086,117.16620751345661,117.05245813954271,117.08746410883874,374300
2020-07-30,117.25374603271484,117.26250420422855,117.19250558647501,117.23625639142988,415600
2020-07-31,117.30619812011719,117.33244592018667,117.19244875257291,117.23619953631031,782800
2020-08-03,117.29308319091797,117.3106012045895,117.20550648488954,117.24929483790375,2733700
2020-08-04,117.43319702148438,117.44194934689062,117.33686799270025,117.35437264351273,682300
2020-08-05,117.28435516357422,117.3456615499458,117.258084815796,117.33690922146424,595100
2020-08-06,117.3018569946289,117.44197440499826,117.3018569946289,117.35439768293449,519800
2020-08-07,117.21427917480469,117.37190122027646,117.20551348628067,117.34563087936449,502200
2020-08-10,117.18798065185547,117.31933232482706,117.1704626413503,117.31933232482706,439900
2020-08-11,117.01282501220703,117.02159069845379,116.88147334177154,116.98655467811993,1093600
2020-08-12,116.87274169921875,116.9340347021593,116.81143533394923,116.89024635015664,713800
2020-08-13,116.77641296386719,116.89901233238604,116.72385892393426,116.86397630576408,474000
2020-08-14,116.85521697998047,116.89900532947024,116.82018095545737,116.83769896771892,513400
2020-08-17,116.92528533935547,116.99534403186908,116.90776732564474,116.93403766504619,2871900
2020-08-18,116.99532318115234,117.02159351587193,116.92526450112447,116.95153483584406,565800
2020-08-19,116.92528533935547,117.03036669696124,116.91651965133546,116.99534403186908,1215300
2020-08-20,117.02161407470703,117.07415475337676,117.01284838670924,117.05663673971043,453800
2020-08-21,117.03912353515625,117.0829118899567,116.98658285432764,117.0829118899567,368400
2020-08-24,116.97782897949219,117.08291033975812,116.9690766535799,117.03036965962515,437200
2020-08-25,116.8902359008789,116.93402424896715,116.76763654362848,116.82017721640327,609400
2020-08-26,116.8902359008789,116.92527192428061,116.79390688001588,116.87273125150583,577400
2020-08-27,116.80269622802734,117.03912930340869,116.76766019752831,117.03912930340869,835700
2020-08-28,116.96028900146484,117.01282967173124,116.90774833119843,116.93401866633164,589400
2020-08-31,116.98660278320312,117.06541381787166,116.94281442094325,116.96033243831363,888100
2020-09-01,117.08824157714844,117.11453277592736,116.93924028681543,117.00059533259248,1115900
2020-09-02,117.11454772949219,117.15835748442458,117.06196532522047,117.06196532522047,1058400
2020-09-03,117.15831756591797,117.28102763132998,117.1495582925042,117.17584948568205,1067000
2020-09-04,116.89545440673828,117.08826548578062,116.86916320259088,117.07073355870166,644500
2020-09-08,117.01815032958984,117.0970239414788,116.99185912562686,116.99185912562686,462600
2020-09-09,117.01815032958984,117.06197346050881,116.97432719867086,117.02690960659683,659600
2020-09-10,117.05316925048828,117.09699236959159,116.94800446299105,116.95676373763635,597900
2020-09-11,117.15831756591797,117.16709021226826,117.0882166327347,117.0882166327347,596300
2020-09-14,117.08824157714844,117.18464709698426,117.08824157714844,117.14958324998612,513600
2020-09-15,117.07074737548828,117.09703858273859,117.05321544634018,117.0795066535905,656300
2020-09-16,117.04442596435547,117.13205884159454,117.00060283926584,117.13205884159454,442700
2020-09-17,117.05316925048828,117.16710668556921,117.05316925048828,117.16710668556921,356300
2020-09-18,117.00933074951172,117.09697697619649,117.00933074951172,117.0794450562722,474100
2020-09-21,117.07947540283203,117.18465357670287,117.07947540283203,117.14958972776589,1045000
2020-09-22,117.09700775146484,117.15834942791662,117.08824847566892,117.08824847566892,890600
2020-09-23,117.08824157714844,117.11453277592736,117.03564580665125,117.08824157714844,903700
2020-09-24,117.10576629638672,117.13205749655054,117.0882477449042,117.09700702064545,1207300
2020-09-25,117.15831756591797,117.21091332521019,117.14079901909041,117.15831756591797,980500
2020-09-28,117.14954376220703,117.17583495212395,117.14078448987969,117.14954376220703,916500
2020-09-29,117.20218658447266,117.22847778794822,117.1758953809971,117.20218658447266,512400
2020-09-30,117.07947540283203,117.18465357670287,117.05318420259934,117.18465357670287,991800
2020-10-01,117.1014175415039,117.1540373657665,116.96108908849843,117.01370891276102,2787900
2020-10-02,117.05755615234375,117.17157468632682,117.02246734998417,117.17157468632682,933800
2020-10-05,116.77689361572266,116.96984187199784,116.7681281067852,116.96984187199784,1337700
2020-10-06,116.86461639404297,116.94354613141225,116.7769077642162,116.81199656913012,677300
2020-10-07,116.75060272216797,116.81200144209963,116.69798289506001,116.7681471253568,1094700
2020-10-08,116.8295669555664,116.84709797946441,116.75940271259142,116.78571263089941,778900
2020-10-09,116.78569030761719,116.86462004745397,116.73307048105934,116.81200022089611,629900
2020-10-12,116.8295669555664,116.8295669555664,116.76816822454042,116.79447814284842,521000
2020-10-13,116.95230102539062,116.98737644064909,116.89966782882003,116.89966782882003,469600
2020-10-14,116.96109008789062,117.02247542256889,116.95232457792459,116.96985559785668,639900
2020-10-15,116.91725158691406,117.02249125057278,116.89970718215102,117.00496022826951,393500
2020-10-16,116.89968872070312,116.97863183843981,116.88215770116845,116.91723312269546,724300
2020-10-19,116.8295669555664,116.85587687387441,116.75940271259142,116.79447814284842,439000
2020-10-20,116.75060272216797,116.82954584528848,116.7330717014377,116.78569152854566,895000
2020-10-21,116.69792938232422,116.74178367895732,116.65407508569112,116.68038498718049,905400
2020-10-22,116.55763244628906,116.68041648053105,116.5488669375775,116.66288546310795,1138600
2020-10-23,116.60149383544922,116.67165805677055,116.54887401507243,116.54887401507243,1603800
2020-10-26,116.70675659179688,116.75937641656206,116.67166778698143,116.68043329695631,656400
2020-10-27,116.81198120117188,116.82952560132065,116.76812689202802,116.76812689202802,1039600
2020-10-28,116.81198120117188,116.90845532830582,116.79443680102308,116.88214541931077,966900
2020-10-29,116.6628646850586,116.82072410848757,116.61901038439933,116.81195860133718,1472100
2020-10-30,116.56641387939453,116.6628880071496,116.54886947913278,116.64534360688786,1554300
2020-11-02,116.58568572998047,116.69101162853252,116.58568572998047,116.66467011010253,1285100
2020-11-03,116.5243148803711,116.54185804560645,116.46287362685982,116.5243148803711,952800
2020-11-04,116.88411712646484,116.93678678828964,116.82268927525958,116.83146085636693,1127500
2020-11-05,116.85778045654297,116.90166514232835,116.78758102935745,116.88410858966901,1278600
2020-11-06,116.71739959716797,116.72617117999346,116.62963020199497,116.70861462261296,961700
2020-11-09,116.36631774902344,116.38387430373963,116.18202079554943,116.36631774902344,1765000
2020-11-10,116.23465728759766,116.3136416827881,116.18200102413736,116.19954418414066,718100
2020-11-11,116.28732299804688,116.29609457876111,116.18201046257087,116.19955362399935,976600
2020-11-12,116.54186248779297,116.54186248779297,116.41899336781624,116.44532150840199,1009400
2020-11-13,116.48914337158203,116.55058459429343,116.46281524519786,116.52425646790925,663100
2020-11-16,116.47164916992188,116.50674888927956,116.44530764074348,116.45409261437898,785000
2020-11-17,116.58568572998047,116.60324227835959,116.541801054894,116.541801054894,806900
2020-11-18,116.55060577392578,116.58570548490887,116.48039296023471,116.58570548490887,861300
2020-11-19,116.59449005126953,116.64714631342362,116.55937694868356,116.59449005126953,560200
2020-11-20,116.65594482421875,116.67350137956481,116.61206013171757,116.61206013171757,441000
2020-11-23,116.6032943725586,116.62962251102843,116.56819465184171,116.62962251102843,1159800
2020-11-24,116.56819915771484,116.6032988797885,116.53308604391205,116.5857423228871,750900
2020-11-25,116.59449005126953,116.67347444450067,116.59449005126953,116.61203321083765,429800
2020-11-27,116.71739959716797,116.72617117999346,116.66472992502646,116.66472992502646,240100
2020-11-30,116.73487091064453,116.77875558121931,116.70854278664392,116.73487091064453,634900
2020-12-01,116.48904418945312,116.59442805987604,116.41000628663595,116.58565053760658,1545700
2020-12-02,116.46271514892578,116.47149267247099,116.36610878673125,116.44514670103605,838600
2020-12-03,116.59441375732422,116.62955064368654,116.50659834300984,116.52415338539528,803200
2020-12-04,116.45390319824219,116.47145824014282,116.39242034920389,116.45390319824219,541400
2020-12-07,116.61196899414062,116.62953743533214,116.55927707136023,116.55927707136023,406500
2020-12-08,116.63834381103516,116.72617263792682,116.62077536549731,116.67348070211082,571600
2020-12-09,116.55926513671875,116.60317953480401,116.4977822992408,116.54169669732607,796200
2020-12-10,116.69107818603516,116.69986911239998,116.56812582414898,116.60326272800353,687300
2020-12-11,116.8139419555664,116.86664727137622,116.77881847915208,116.79638691775534,528700
2020-12-14,116.8139419555664,116.84907883277295,116.69098968692792,116.7085581255312,578000
2020-12-15,116.77005767822266,116.78761271854707,116.71735235486702,116.76126675726631,614400
2020-12-16,116.75248718261719,116.78761066344208,116.6471033393486,116.65588085935636,674200
2020-12-17,116.71472930908203,116.83776214671946,116.6532195950501,116.82018219575023,832600
2020-12-18,116.70589447021484,116.76740415706783,116.68831452701356,116.73225768023293,552500
2020-12-21,116.71472930908203,116.76745575241613,116.67078613644576,116.74988921102049,783200
2020-12-22,116.79375457763672,116.82011778476792,116.73224489751932,116.75860810465052,694700
2020-12-23,116.73226165771484,116.73226165771483,116.66195529208179,116.72347839059874,1717300
2020-12-24,116.78500366210938,116.78500366210938,116.74985717938733,116.75864044767536,229600
2020-12-28,116.79375457763672,116.79375457763672,116.67951848325693,116.70588169038813,415600
2020-12-29,116.80257415771484,116.8201406928696,116.74105105596675,116.74984773311294,437700
2020-12-30,116.82014465332031,116.82894133076474,116.7762149043753,116.78499817225044,705600
2020-12-31,116.86408996582031,116.88166991146392,116.82014680649608,116.82014680649608,452400
2021-01-04,116.89920806884766,116.92557127310417,116.75859537310312,116.77617531246237,848800
2021-01-05,116.80257415771484,116.89924373934127,116.74984773311294,116.89924373934127,992800
2021-01-06,116.52132415771484,116.60041377797275,116.42465459643319,116.60041377797275,870900
2021-01-07,116.3807601928711,116.40713682023716,116.34561370566904,116.36319365405586,1404100
2021-01-08,116.24014282226562,116.31044919534689,116.18741639484706,116.27528930402148,1000600
2021-01-11,116.1609878540039,116.2137276674202,116.143421325762,116.2137276674202,616400
2021-01-12,116.1346435546875,116.16100676090488,115.98524758293378,116.05555393603537,1111000
2021-01-13,116.28410339355469,116.31924988057324,116.18743379228923,116.18743379228923,1233100
2021-01-14,116.24893188476562,116.37196469139803,116.20498872320329,116.30165831481234,944900
2021-01-15,116.38957214355469,116.4159353648083,116.2665393078467,116.32804902091401,568600
2021-01-19,116.4422378540039,116.4422378540039,116.28405860898279,116.31042181648631,1021400
2021-01-20,116.4422378540039,116.4422378540039,116.37193149747239,116.37193149747239,699600
2021-01-21,116.42469787597656,116.44227782353546,116.37197144287086,116.38075471186481,1403300
2021-01-22,116.48625183105469,116.50383178326842,116.44230865530758,116.45109192662719,700600
2021-01-25,116.63561248779297,116.65319243466905,116.53015962567737,116.53894289433018,647100
2021-01-26,116.61803436279297,116.63561430994369,116.60045441564223,116.60045441564223,1348700
2021-01-27,116.66193389892578,116.74982019224277,116.66193389892578,116.68829710500775,994500
2021-01-28,116.55651092529297,116.60923735096038,116.50378449962555,116.60923735096038,1842800
2021-01-29,116.5389404296875,116.59166685963021,116.45105410673621,116.45985078477345,777900
2021-02-01,116.62420654296875,116.64179802607177,116.54506499656021,116.56265647966323,1203100
2021-02-02,116.4835205078125,116.51869005733163,116.46592902386762,116.49230954059962,925000
2021-02-03,116.39559936523438,116.45714944357324,116.3780078778347,116.43957137454687,490500
2021-02-04,116.40438079833984,116.42197228459075,116.32523923776941,116.35161975795955,547900
2021-02-05,116.3516616821289,116.47477529350105,116.34287264502277,116.41322519700361,834800
2021-02-08,116.33403015136719,116.39559364505386,116.2900715625883,116.3164520832047,747200
2021-02-09,116.33403015136719,116.39559364505386,116.32524111728594,116.33403015136719,653800
2021-02-10,116.4571762084961,116.46597866340561,116.38683707947825,116.40441515254453,865200
2021-02-11,116.43077087402344,116.47474288407328,116.41319280470232,116.45715139637865,403900
2021-02-12,116.30764770507812,116.37800023168124,116.28126718489851,116.33402822525774,648500
2021-02-16,115.91193389892578,116.13178052673449,115.89434241155656,116.08780851749809,872900
2021-02-17,115.96468353271484,116.01744457125797,115.92072494617688,115.93830301344327,711800
2021-02-18,115.99984741210938,116.03501695922576,115.87673386964747,115.91190341676383,427900
2021-02-19,115.84161376953125,115.9207687756463,115.77126121874957,115.87679675411061,515700
2021-02-22,115.74486541748047,115.86797901050986,115.70969585591861,115.77124594324567,836700
2021-02-23,115.82398223876953,115.88553230581034,115.71844675211685,115.73603823628743,2092500
2021-02-24,115.70968627929688,115.74485583794795,115.56019217287505,115.6041641849695,1324900
2021-02-25,114.72480010986328,115.34036814475334,114.53133395341543,115.30518516083002,7173100
2021-02-26,115.2612075805664,115.27878565125702,114.69838727747693,114.92703638020068,3996700
2021-03-01,115.29461669921875,115.31221866019881,115.16263555777405,115.27701473823868,1455400
2021-03-02,115.45299530029297,115.46178956667292,115.25060633630589,115.27700256180665,1556800
2021-03-03,115.1626205444336,115.22420726029151,115.04822795251961,115.22420726029151,1368600
2021-03-04,114.90746307373047,115.24183322660676,114.84587634504256,115.1890407659133,2378700
2021-03-05,114.82827758789062,114.90746628114118,114.63469627570232,114.6699002013895,1538300
2021-03-08,114.50273895263672,114.65232210203182,114.49393125619984,114.64351440559494,977500
2021-03-09,114.73143768310547,114.75783390285837,114.608250848806,114.6962471988876,706600
2021-03-10,114.87226867675781,114.91626686796356,114.72268556774861,114.7314798354446,1110200
2021-03-11,114.90746307373047,114.97785749677617,114.80187815234358,114.90746307373047,1308100
2021-03-12,114.5818862915039,114.59948825165577,114.50269761036299,114.5818862915039,1368100
2021-03-15,114.63468170166016,114.67867988999357,114.58188924620487,114.59949120681064,834100
2021-03-16,114.6787109375,114.74910537261927,114.63471273725474,114.69631290287123,872500
2021-03-17,114.74908447265625,114.9250638152194,114.44991824766258,114.52029924359726,2256200
2021-03-18,114.45870971679688,114.51150217563861,114.25633414911594,114.33552283737855,1547500
2021-03-19,114.3971176147461,114.5291121975026,114.27393072665834,114.27393072665834,1705500
2021-03-22,114.52032470703125,114.54672094296673,114.45873796530387,114.48513420123935,2178200
2021-03-23,114.75786590576172,114.75786590576172,114.59068084979798,114.62588477019125,1296100
2021-03-24,114.7930908203125,114.81067935736414,114.64349427082443,114.66109623424023,2460300
2021-03-25,114.7930908203125,114.88988147955317,114.69630016107183,114.82828132077995,1334200
2021-03-26,114.61705780029297,114.76664087090278,114.61705780029297,114.66986367200182,1380500
2021-03-29,114.46751403808594,114.68749158682222,114.42351584306586,114.67869731836383,1889800
2021-03-30,114.3971176147461,114.42351384602463,114.2475344953798,114.29153268963196,2155600
2021-03-31,114.29156494140625,114.3883556255287,114.21237622522449,114.34435741886075,1266900
2021-04-01,114.421875,114.49229830794584,114.3690373673882,114.37785035670764,1225100
2021-04-05,114.26332092285156,114.28973300621058,114.09603543862646,114.14006005570047,1155300
2021-04-06,114.58031463623047,114.59792717536827,114.40422954814572,114.40422954814572,1338200
2021-04-07,114.58031463623047,114.72118808047071,114.56270209709268,114.58911418858384,1079800
2021-04-08,114.75641632080078,114.75641632080078,114.67718003486787,114.69479257655286,487100
2021-04-09,114.59794616699219,114.67718245459702,114.47468524146247,114.50109733733075,1027900
2021-04-12,114.52749633789062,114.52749633789062,114.46585916495684,114.50988379784786,2362800
2021-04-13,114.75641632080078,114.75641632080078,114.53630657025401,114.54511955831302,895200
2021-04-14,114.66838836669922,114.68598747516144,114.58033908665237,114.65957537803418,1818200
2021-04-15,114.95010375976562,115.02934003865636,114.80043075482807,114.81804329494773,1281800
2021-04-16,114.80921936035156,114.89726861812234,114.79162025634184,114.80921936035156,1420800
2021-04-19,114.80921936035156,114.88846906611748,114.71237055057593,114.72998308901619,3039900
2021-04-20,115.00292205810547,115.03814713654144,114.8180374168256,114.8180374168256,2320600
2021-04-21,115.01176452636719,115.06458872313064,114.92371524213837,115.01176452636719,4112100
2021-04-22,115.02935791015625,115.03817089880123,114.86208577354269,114.950121618955,1716100
2021-04-23,114.92371368408203,115.0205625216469,114.87088948803473,115.01176296711714,956000
2021-04-26,114.84442901611328,114.94127781288422,114.84442901611328,114.90605274073366,1073100
2021-04-27,114.6771240234375,114.83559651790105,114.6771240234375,114.78277235307986,2362300
2021-04-28,114.80921936035156,114.81803234678696,114.57151054634544,114.71237055057593,1184300
2021-04-29,114.75641632080078,114.76522930885979,114.553919111939,114.58033120724997,3258300
2021-04-30,114.83564758300781,114.84446057068128,114.70358711223022,114.79163638237024,966600
2021-05-03,114.93172454833984,115.0198137682697,114.80838888637486,114.82599866481345,1151800
2021-05-04,114.98448944091797,115.14305797639402,114.97567111612378,115.02854073718407,1469900
2021-05-05,115.09905242919922,115.10787075749849,114.96691193044656,114.96691193044656,1100700
2021-05-06,115.09905242919922,115.16953184272519,115.05501455799742,115.05501455799742,569200
2021-05-07,115.2488021850586,115.44260372296318,115.18712767192089,115.32808646546098,1258600
2021-05-10,115.16069030761719,115.31045397273313,115.13426221627728,115.26640267297682,1044100
2021-05-11,115.07264709472656,115.11669841721684,115.03741410228011,115.06384220725901,569100
2021-05-12,114.7818832397461,114.86118096875603,114.76427347114073,114.7730783554434,840800
2021-05-13,114.95808410644531,114.9756938743828,114.82593019148847,114.86117661250533,746300
2021-05-14,115.02855682373047,115.0902178930716,114.96688231181919,115.02855682373047,716700
2021-05-17,114.9757308959961,115.01978221516602,114.9493027930092,114.98454922537525,2657000
2021-05-18,115.01976013183594,115.04618822974875,114.94047583809753,114.98452714880976,530400
2021-05-19,114.85235595703125,115.12545522280492,114.76426679141721,114.99331475309853,1672400
2021-05-20,115.0638198852539,115.07262477101332,114.91405617190165,114.91405617190165,602200
2021-05-21,115.03739166259766,115.11667596206885,114.9933403487002,115.10787107631883,557900
2021-05-24,115.11668395996094,115.14311206162081,115.05502287027946,115.07263264300298,353700
2021-05-25,115.3016586303711,115.31926839767524,115.16069983651514,115.16069983651514,954400
2021-05-26,115.26643371582031,115.3369131258976,115.23120073206815,115.25762883052552,1030300
2021-05-27,115.18718719482422,115.19599208300647,115.0902796545098,115.15195419951777,693100
2021-05-28,115.22236633300781,115.31927382802583,115.17832847010325,115.17832847010325,715300
2021-06-01,115.21003723144531,115.21003723144531,115.10426338108907,115.16596031033424,3211100
2021-06-02,115.26293182373047,115.30700874777345,115.22767835472935,115.26293182373047,457400
2021-06-03,115.04256439208984,115.16597171318693,115.04256439208984,115.16597171318693,509000
2021-06-04,115.35983276367188,115.36865621390177,115.21880551418944,115.21880551418944,386600
2021-06-07,115.31582641601562,115.33344642443758,115.27174949418452,115.27174949418452,362000
2021-06-08,115.44808197021484,115.4568919773439,115.41281504091347,115.44808197021484,526600
2021-06-09,115.58028411865234,115.68607144224217,115.51858717608317,115.63317105525185,555400
2021-06-10,115.7212905883789,115.73010059173512,115.4392225267253,115.4480325300815,639800
2021-06-11,115.60671997070312,115.7125072873236,115.58909995992464,115.69487382615522,696900
2021-06-14,115.40399169921875,115.54503249934224,115.39518169310766,115.52739903672907,417200
2021-06-15,115.43042755126953,115.43042755126953,115.36873061178095,115.39517407876036,402200
2021-06-16,114.86625671386719,115.47448324331768,114.78692632751824,115.44803978120136,1600800
2021-06-17,114.9367446899414,115.02489850573262,114.8485908741502,114.88385778062023,1932600
2021-06-18,114.98969268798828,115.024959613194,114.57539374436259,114.8222084192386,2524800
2021-06-21,114.91914367675781,114.9808540553084,114.76048290400657,114.8221798321695,1229800
2021-06-22,115.08666229248047,115.10429575596216,114.9368114788653,114.963254948892,997900
2021-06-23,114.9367446899414,115.09541886828882,114.92793468851583,115.04251850858378,740400
2021-06-24,114.9103775024414,115.0073413840141,114.88393403023002,114.94563098192566,518900
2021-06-25,114.8221664428711,114.98084064750716,114.76046952190258,114.98084064750716,1080800
2021-06-28,114.96319580078125,115.02490616602158,114.91911888995027,114.92794234234732,374300
2021-06-29,115.00731658935547,115.01612659472897,114.89271926755053,114.90154272331392,787500
2021-06-30,115.06021881103516,115.12192920801911,115.0337753410111,115.06021881103516,799200
2021-07-01,115.00194549560547,115.07250586263949,114.92257012944741,115.04604740725347,493300
2021-07-02,115.2136459350586,115.22246093566221,115.07252517730375,115.09898363713076,322900
2021-07-06,115.52233123779297,115.5840766154176,115.24891818377769,115.24891818377769,1112300
2021-07-07,115.6281967163086,115.67228518381211,115.47824747793128,115.53117786336817,987300
2021-07-08,115.83983612060547,115.91921149233828,115.70754383438414,115.75164574912954,907100
2021-07-09,115.60176086425781,115.67230780926964,115.57528893735238,115.65467780202708,669400
2021-07-12,115.54876708984375,115.65461436534575,115.47820672551356,115.63697090975985,479200
2021-07-13,115.31066131591797,115.51351398784746,115.28420285688438,115.46059706978028,978500
2021-07-14,115.57530212402344,115.5841305866728,115.44300976450623,115.4782832410367,432500
2021-07-15,115.70759582519531,115.74286929803212,115.5135580795406,115.65467888692964,680700
2021-07-16,115.68114471435547,115.71641818943596,115.495921960623,115.50475042290945,840200
2021-07-19,116.12207794189453,116.26319868627895,116.00741565483031,116.03387411215053,1126700
2021-07-20,116.19263458251953,116.45721914722448,116.12207421259339,116.43076069075398,735100
2021-07-21,115.89282989501953,116.06040920738144,115.8840148894303,115.99867725220925,772200
2021-07-22,116.03389739990234,116.12210124734867,115.89277662719529,115.89277662719529,734400
2021-07-23,115.99864959716797,116.03392306913918,115.87517225823781,115.87517225823781,461500
2021-07-26,115.96337127685547,116.06039015450521,115.95455627271335,116.04276014622097,351000
2021-07-27,116.11327362060547,116.1838340074651,116.07800015618452,116.1309170818248,567400
2021-07-28,116.16622924804688,116.17504425156325,115.8839876392752,116.02510844366104,1150800
2021-07-29,115.99864959716797,116.08684000610631,115.94573266020083,115.96336266717616,506700
2021-07-30,116.19263458251953,116.21909303899002,116.12207421259339,116.13970421156407,605300
2021-08-02,116.42921447753906,116.5262908465703,116.25271566093588,116.27918981012652,571000
2021-08-03,116.45561981201172,116.55269611245454,116.42913221553911,116.44678612452519,510300
2021-08-04,116.36737060546875,116.69389387806604,116.21734603519465,116.64094561396786,738200
2021-08-05,116.11148071289062,116.19972335477422,116.04087851978888,116.18206944000093,1051000
2021-08-06,115.8114242553711,115.89968036799355,115.80260403050572,115.85555231168233,538400
2021-08-09,115.67906188964844,115.95263700610614,115.67024166414737,115.89086849561237,615700
2021-08-10,115.53784942626953,115.71434818593114,115.53784942626953,115.70552796104533,1472500
2021-08-11,115.63492584228516,115.74965609583938,115.51137536383915,115.6084517016176,844300
2021-08-12,115.54668426513672,115.64376061512735,115.52021012113872,115.58199210112998,532200
2021-08-13,115.78495788574219,115.79379157719261,115.60845911464362,115.61727934010098,474300
2021-08-16,115.94380187988281,116.08499279972024,115.94380187988283,115.96144232861788,448800
2021-08-17,115.88201904296875,116.01440320343802,115.88201904296875,115.91732687215708,621000
2021-08-18,115.82907104492188,115.91732715211454,115.70552057444695,115.89085301315501,659600
2021-08-19,115.90847778320312,115.97907996620884,115.87318342469503,115.9526058308304,498800
2021-08-20,115.82907104492188,115.94380129107408,115.79377668163961,115.90849346180048,416500
2021-08-23,115.88201904296875,115.89967295756291,115.7849427116878,115.84672467977173,353000
2021-08-24,115.74967193603516,115.87322243138888,115.74967193603516,115.84674828709838,747600
2021-08-25,115.59078216552734,115.7849348148475,115.55548780473748,115.74964045405764,626300
2021-08-26,115.5643310546875,115.60845911396014,115.47608840213528,115.59080519705246,2009300
2021-08-27,115.79375457763672,115.82022871154257,115.4760515047777,115.54664021786746,1430100
2021-08-30,115.97025299072266,115.97025299072266,115.79375427647975,115.81139472171193,538200
2021-08-31,115.89086151123047,115.98792438387198,115.87320759529914,115.92615587710081,719800
2021-09-01,115.91646575927734,115.96944591254936,115.84582106354867,115.95178137009269,611800
2021-09-02,115.95173645019531,115.97822651656902,115.89875631744789,115.97822651656902,525300
2021-09-03,115.88995361328125,115.89877914577991,115.83695999600303,115.89877914577991,408400
2021-09-07,115.68684387207031,115.73099848228618,115.64270273594971,115.70450841097572,416700
2021-09-08,115.79285430908203,115.81934438878329,115.68688051617741,115.73103514037938,530800
2021-09-09,115.91646575927734,115.96944591254936,115.75751182536332,115.80166644445599,492500
2021-09-10,115.75752258300781,115.8369928203012,115.6957168898127,115.80167720620389,477500
2021-09-13,115.81049346923828,115.85464808889927,115.78400339226133,115.79284240065242,345800
2021-09-14,115.95173645019531,116.02238111855613,115.88993078668759,115.9164208530613,462800
2021-09-15,115.88113403320312,115.89879857525719,115.7928382711282,115.88997304127899,625100
2021-09-16,115.65156555175781,115.73987480065843,115.59858539205729,115.66039108700802,327100
2021-09-17,115.49258422851562,115.53673884250193,115.43077854821192,115.49258422851562,436600
2021-09-20,115.73101806640625,115.80166275988717,115.63388329713219,115.67803791481995,784000
2021-09-21,115.71333312988281,115.81046788203675,115.69568206519678,115.7839778109125,697600
2021-09-22,115.61620330810547,115.85462743248623,115.4925784795554,115.68684799214776,1157300
2021-09-23,115.19234466552734,115.3954397037648,115.17468012660814,115.38661417135283,817600
2021-09-24,115.04224395751953,115.13055318891104,114.99808934182379,115.10406311431298,808900
2021-09-27,114.87445831298828,114.9804320797677,114.86563277996342,114.90094838615907,704000
2021-09-28,114.75969696044922,114.8568317408221,114.63607210125637,114.75085795144317,892500
2021-09-29,114.8656234741211,114.93626815488534,114.75966319002228,114.84795893540624,735200
2021-09-30,114.9450912475586,114.95391677968114,114.76848628644386,114.80380188902888,874600
2021-10-01,115.2313461303711,115.24017668161157,115.04581018201766,115.07231531749673,1536300
2021-10-04,115.13417053222656,115.23136053505172,115.04582456350508,115.11649594577854,856300
2021-10-05,114.99283599853516,115.04585977410753,114.92216459463219,115.02818518225007,516000
2021-10-06,114.95745849609375,115.01046877062724,114.91327877339633,114.94862794425768,481800
2021-10-07,114.75426483154297,114.86028539620688,114.73659024351215,114.84261080817606,396700
2021-10-08,114.61287689208984,114.7542466103681,114.56869716990809,114.7542466103681,540700
2021-10-11,114.3655014038086,114.48919655284584,114.3655014038086,114.47152196533763,199800
2021-10-12,114.5687026977539,114.58637728383107,114.42733297265468,114.4538381108909,561300
2021-10-13,114.53336334228516,114.65705847734898,114.45383444836239,114.48918361938553,1100100
2021-10-14,114.65708923339844,114.71893007663948,114.58640435414998,114.63941464314577,4573500
2021-10-15,114.32132720947266,114.50687668288982,114.28599151450598,114.44502236449719,558300
2021-10-18,114.14461517333984,114.19762545360615,113.99441488533199,114.09160489307355,667200
2021-10-19,114.09160614013672,114.1887961489406,114.09160614013672,114.17112156140531,592700
2021-10-20,114.11813354492188,114.21532357268745,114.1004589539383,114.1357946541427,595000
2021-10-21,113.81771850585938,114.0120850550349,113.80887447060522,113.97674935930146,828800
2021-10-22,113.91488647460938,113.95906620227521,113.6940013180402,113.80886591361939,985700
2021-10-25,114.06510925292969,114.10927550232337,113.95907520180597,113.9679192370936,539600
2021-10-26,114.02970886230469,114.04738344318082,113.89718321012131,113.98552915099188,691400
2021-10-27,114.22415161132812,114.29483649194276,113.87074069001743,114.15346673071349,1394100
2021-10-28,114.0385971069336,114.27714337334918,113.9502376500506,114.08276335361481,1233800
2021-10-29,114.02094268798828,114.15346841499453,113.74704719766693,113.83539318841687,1173900
2021-11-01,114.0368423461914,114.08988468931213,113.83349537767621,113.86001654923658,1767500
2021-11-02,114.26670837402344,114.36395717606604,114.15177429254153,114.17829546674264,858400
2021-11-03,114.15177154541016,114.25786972957692,113.87771042531709,114.24018445056323,2288000
2021-11-04,114.49652862548828,114.5407350658387,114.26667402154234,114.26667402154234,964000
2021-11-05,114.76174926757812,114.83247687137691,114.48768823405227,114.55841583785104,1625700
2021-11-08,114.3993148803711,114.65570421895991,114.38164309074932,114.64685483423328,1033500
2021-11-09,114.64685821533203,114.74410702078274,114.61150114513002,114.63802232026056,988500
2021-11-10,113.93075561523438,114.34627199797417,113.92191972046473,114.32860020843489,2343000
2021-11-11,113.67439270019531,113.87772622235528,113.66555680442043,113.8600409408883,544800
2021-11-12,113.88652038574219,114.01029031616191,113.81579278408653,113.92187744161467,843000
2021-11-15,113.71858215332031,113.88655857734419,113.69206098004446,113.86887329852189,688700
2021-11-16,113.69207000732422,113.79815470885089,113.64786355171603,113.66554883194256,602600
2021-11-17,113.89539337158203,113.89539337158203,113.68321049750968,113.68321049750968,937200
2021-11-18,113.95724487304688,113.95724487304688,113.78043259776469,113.78043259776469,924000
2021-11-19,113.96614837646484,114.26673073617884,113.9307778106642,114.1606460186135,1263400
2021-11-22,113.4533462524414,113.70088617299444,113.40913980450395,113.62132266065538,1062400
2021-11-23,113.32958221435547,113.4445162870161,113.31189693627353,113.3649392806047,859600
2021-11-24,113.3737564086914,113.40027757331147,113.20578003949048,113.27650764178091,841800
2021-11-26,114.20481872558594,114.31975280916579,114.05452757239777,114.11641930660721,1287600
2021-11-29,114.19596862792969,114.24901097070315,113.96611397927329,113.98378576692163,1464000
2021-11-30,114.3462905883789,114.75297114246713,114.028022956024,114.57615878891838,2667500
2021-12-01,114.4488754272461,114.4488754272461,113.99772345685032,114.06849265804662,1556000
2021-12-02,114.1392822265625,114.32505310008285,114.0065983867961,114.29851633212958,1095900
2021-12-03,114.4488754272461,114.5904003317937,113.93580884195667,114.02426022006831,6126400
2021-12-06,114.1480941772461,114.36924285230091,114.07733847933122,114.33386500334348,1337600
2021-12-07,113.85623931884766,113.99776427406867,113.82084795665504,113.91815395591001,680500
2021-12-08,113.75004577636719,113.8473517474323,113.65273980530206,113.76774145233699,3451700
2021-12-09,113.82966613769531,113.98005914996948,113.74121474571608,113.84736181522999,1337000
2021-12-10,113.88275909423828,114.06851647555034,113.83852664702424,113.89160018454197,2674900
2021-12-13,114.11272430419922,114.19233459330077,113.95350372599611,113.96234481439244,1154900
2021-12-14,113.96234893798828,114.05080031868667,113.90042082343857,113.9800446132661,619500
2021-12-15,113.94464874267578,113.98888118019302,113.6792676154172,113.83850169091028,1365200
2021-12-16,114.25711059570312,114.3367722116445,114.13318802427855,114.14203481275628,1709800
2021-12-17,114.30138397216797,114.4872610962302,114.23056913700896,114.38104559676606,1878600
2021-12-20,114.34563446044922,114.58463284713488,114.33678767077535,114.46071025895512,1334300
2021-12-21,114.07121276855469,114.16858146183874,113.97384407527062,114.13318080362019,1019700
2021-12-22,114.08892822265625,114.12432888347247,113.95615886141117,114.12432888347247,875000
2021-12-23,113.99156951904297,114.03583047885539,113.94730855923054,114.03583047885539,820100
2021-12-27,113.94729614257812,114.00040388594654,113.92074227089392,113.93844935419911,633300
2021-12-28,113.98270416259766,114.03581190310219,113.95615029234538,114.02696511520024,582100
2021-12-29,113.78803253173828,113.90309486714105,113.71721766796124,113.86769418852963,1630100
2021-12-30,113.92962646484375,113.95618034209816,113.77913648500213,113.87650520378496,5111000
2021-12-31,113.89420318603516,114.05353994337412,113.87649610043107,114.00927898263835,1926800
2022-01-03,113.41621398925781,113.54898335796511,113.39850690458077,113.54013656890069,1770700
2022-01-04,113.45161437988281,113.46046116892602,113.30998471590269,113.33653858958044,812300
2022-01-05,113.10637664794922,113.40732949048916,113.04441537135143,113.39848270331281,2110000
2022-01-06,112.87630462646484,112.97367337434754,112.81434330992832,112.93826594300138,1114600
2022-01-07,112.71693420410156,112.8231564601075,112.58416482568738,112.77890225172763,1270800
2022-01-10,112.6107406616211,112.67270196805568,112.46911095932727,112.52222547432541,1498400
2022-01-11,112.70809936523438,112.73465324373282,112.45140061762395,112.4691009521978,921000
2022-01-12,112.76119995117188,112.86742221168572,112.71693898763905,112.83201479151444,696000
2022-01-13,112.93819427490234,112.9559013559774,112.7257565749107,112.78771785212795,564200
2022-01-14,112.51332092285156,112.7965734457537,112.49561384145422,112.7965734457537,573100
2022-01-18,111.98223114013672,112.22122272957931,111.97337759881712,112.17696852952795,919100
2022-01-19,112.14157104492188,112.25664007916993,112.08845654557561,112.10616362978234,2094700
2022-01-20,112.23009490966797,112.24779524197345,112.15928007389715,112.221241366878,1214100
2022-01-21,112.53988647460938,112.67266258578186,112.45137131825223,112.60184775938673,1024200
2022-01-24,112.5753173828125,112.8408696605795,112.5753173828125,112.74350094228326,1435300
2022-01-25,112.49565887451172,112.72580375189659,112.45140465984863,112.61073468984193,1240700
2022-01-26,111.96453094482422,112.56644347938953,111.93797707250532,112.51333573475175,1708800
2022-01-27,112.02649688720703,112.16812654982566,111.95568880917173,111.95568880917173,1788800
2022-01-28,112.23009490966797,112.28320265985886,111.98224973774455,111.98224973774455,1315500
2022-01-31,112.2655029296875,112.30975713732578,112.11502646782326,112.14158034306112,2467300
2022-02-01,112.1866683959961,112.3283818126066,112.06265986477588,112.30181096934149,2282400
2022-02-02,112.31953430175781,112.4523952895004,112.27525181090397,112.27525181090397,3000800
2022-02-03,112.05381774902344,112.1069594404512,111.97409845429131,112.08038859473731,1344900
2022-02-04,111.44265747070312,111.61980094115457,111.39836822429515,111.61094849794516,1046900
2022-02-07,111.49578857421875,111.55778945874903,111.40721684740258,111.50464777417724,500100
2022-02-08,111.24778747558594,111.36293680480264,111.24778747558594,111.33635920434435,1078000
2022-02-09,111.24778747558594,111.47807937642959,111.24778747558594,111.38950764767118,965800
2022-02-10,110.38865661621094,110.92895308893618,110.3532265638496,110.88467059167814,2527300
2022-02-11,111.12380981445312,111.19466991587034,110.44179992168829,110.76951606495827,2860400
2022-02-14,110.64549255371094,110.91121450308583,110.53034997969642,110.70749344088644,1718400
2022-02-15,110.55693054199219,110.68093232724395,110.48607044825104,110.53921889735214,739100
2022-02-16,110.77836608886719,110.83150778173162,110.60122260759198,110.7163651946618,940700
2022-02-17,111.07950592041016,111.07950592041016,110.88464405784748,110.89349650062584,1433100
2022-02-18,111.2212142944336,111.29207437898647,111.13264256753729,111.19464345212367,994600
2022-02-22,111.12380981445312,111.17695151172043,110.98209636920991,111.06180891511087,1134900
2022-02-23,110.84922790527344,110.99094134097548,110.77836780862704,110.90236959896286,1893500
2022-02-24,111.06180572509766,111.44267031228664,111.00866402935674,111.41609946441618,2436600
2022-02-25,111.03521728515625,111.04407648557313,110.77835453378663,110.92007471009674,1014700
2022-02-28,111.74381256103516,111.82352509765938,111.51352063702555,111.54895068361091,1621800
2022-03-01,112.48739624023438,112.77987218780285,112.17719755121824,112.20378504430188,5474100
2022-03-02,111.46817016601562,112.06198683402044,111.45044742393429,112.02653458803324,3791300
2022-03-03,111.67201232910156,111.76063955795031,111.44157612463552,111.56565559738858,1388800
2022-03-04,112.20378112792969,112.41648782699866,112.13287664096535,112.16832888444752,1707400
2022-03-07,111.82269287109375,112.14175634314711,111.82269287109375,111.90246212001956,1598600
2022-03-08,111.37068176269531,111.62769870557285,111.29091252104506,111.50361922907186,1939800
2022-03-09,111.02503204345703,111.14911829069982,110.94526955789897,111.1048012908399,1493900
2022-03-10,110.7325439453125,110.83889390791491,110.58187022858633,110.79458367743847,1384600
2022-03-11,110.63502502441406,110.68819999276347,110.51980357722765,110.64388301125761,1305300
2022-03-14,109.82852935791016,110.17418026211026,109.82852935791016,110.14759277129852,2109000
2022-03-15,109.80192565917969,110.23620372258951,109.76647342272258,110.20075148613239,1997400
2022-03-16,109.60697174072266,109.7665034675346,109.1549708162759,109.71332847920547,2710000
2022-03-17,109.51834106445312,109.73104777290958,109.42084908103051,109.59811030626452,1370700
2022-03-18,109.58038330078125,109.67787528642626,109.50062081897597,109.50947880907134,2194700
2022-03-21,108.65866088867188,109.24361288703231,108.64979613547159,109.17270838508097,1369400
2022-03-22,108.33072662353516,108.48139360104263,108.31299711922564,108.42821184993876,2139600
2022-03-23,108.72955322265625,108.75614071745622,108.40162500919894,108.52570449281528,3401100
2022-03-24,108.43706512451172,108.5700093454628,108.38389014086088,108.41934238390276,2279900
2022-03-25,107.61283874511719,108.0825692181174,107.52421150221954,108.05598172143063,1842200
2022-03-28,107.666015625,107.87872235068764,107.57738162429067,107.64828612012818,1919800
2022-03-29,107.931884765625,108.00278925320085,107.6394088257427,107.7900825522974,2107000
2022-03-30,108.17122650146484,108.23326626102677,107.79012318934822,107.8255754465017,2380000
2022-03-31,108.17122650146484,108.39279803730412,108.12690948956632,108.28644126584366,6251400
2022-04-01,107.61859893798828,107.84034664530274,107.51215760228426,107.55650985062834,2068200
2022-04-04,107.69841766357422,107.74276990895288,107.5476308568108,107.74276990895288,1393200
2022-04-05,106.95337677001953,107.53878731307601,106.9267681226812,107.53878731307601,1683500
2022-04-06,106.95337677001953,107.21060497296403,106.71388540956583,106.72275721441338,2023600
2022-04-07,107.04203796386719,107.21056836239887,106.91785980722342,107.01542932561524,1492400
2022-04-08,106.70499420166016,106.86465281373695,106.60742467387973,106.61628970934876,1199100
2022-04-11,106.57196807861328,106.62518537214675,106.51874401787566,106.52761582253262,1279000
2022-04-12,107.1041259765625,107.30813681313433,106.9355955797076,107.00655645914145,1433800
2022-04-13,107.26382446289062,107.65410267771854,107.18399175203744,107.3613940165976,1437800
2022-04-14,106.67839813232422,107.1485090183074,106.62518084105226,107.1307654097475,1212200
2022-04-18,106.58082580566406,106.78482991539944,106.58082580566406,106.77595811191429,1034300
2022-04-19,106.02200317382812,106.3945376643801,105.99539453410333,106.30583994289663,1167900
2022-04-20,106.35020446777344,106.43890219949905,106.15506539765518,106.21715448658344,1948600
2022-04-21,105.91555786132812,106.1018250876924,105.65832975810078,106.0929532862841,2121200
2022-04-22,105.95993041992188,106.07523679889823,105.60513271211325,105.62287631946556,1382800
2022-04-25,106.3679428100586,106.81143824215577,106.359077773803,106.52760143630171,1617600
2022-04-26,106.85577392578125,106.9267348080441,106.6606348831595,106.83803032161444,1798700
2022-04-27,106.59855651855469,106.95335419833198,106.53646743213388,106.89126511191117,4848900
2022-04-28,106.43890380859375,106.47438425526101,106.19054744912623,106.36794291525925,1851200
2022-04-29,106.03978729248047,106.26153506451224,105.9067372758204,105.94221773141008,2080400
2022-05-02,105.65361022949219,105.8577833576247,105.61810833750722,105.84003241163222,2018400
2022-05-03,105.6979751586914,106.0175462989247,105.68022421649349,105.95540784235622,1706800
2022-05-04,106.27498626708984,106.31049492650342,105.44942856033087,105.5914564254009,3465100
2022-05-05,105.71571350097656,105.94651635754393,105.49378950074183,105.85774811196663,1786100
2022-05-06,105.47608184814453,105.84004060873836,105.44057318082422,105.51159051546483,1583800
2022-05-09,106.06195831298828,106.12409678391039,105.67136976857195,105.69799957431208,1732700
2022-05-10,106.1684799194336,106.37265305566729,106.13297125345444,106.28388477701219,2574900
2022-05-11,106.35486602783203,106.45251313921936,105.86663724347903,105.9731564394771,2423900
2022-05-12,106.64781951904297,106.88750128252785,106.5057916506609,106.5768021985597,1415000
2022-05-13,106.39927673339844,106.51467481174456,106.2927507415969,106.46141520213637,1833200
2022-05-16,106.67445373535156,106.81648838219559,106.55905566422933,106.60343641192955,2510600
2022-05-17,106.05304718017578,106.36373944023848,106.03528946669601,106.1595663707211,1323200
2022-05-18,106.36375427246094,106.4880311938162,105.99980236637319,105.99980236637319,991300
2022-05-19,106.64781951904297,106.9496397448046,106.62118971700785,106.94076088659808,2239900
2022-05-20,106.86085510253906,106.9762599310971,106.58567147613233,106.59455033354075,1388000
2022-05-23,106.53243255615234,106.860875845597,106.4969238922098,106.75435662635446,1355000
2022-05-24,107.12716674804688,107.30470326088464,106.81647446428886,106.81647446428886,3302700
2022-05-25,107.33138275146484,107.40239332144446,107.16271825601683,107.39352123306361,2332000
2022-05-26,107.32246398925781,107.49112164941432,107.1360486137686,107.43786204858428,2504200
2022-05-27,107.34022521972656,107.43787234566305,107.21594829082278,107.42899348714573,2504700
2022-05-31,106.80760192871094,106.94963656545512,106.70995480909538,106.93187884956997,5127200
2022-06-01,106.3287582397461,106.79074518163362,106.20437687930423,106.74632714049055,1770700
2022-06-02,106.42647552490234,106.48866619817242,106.24878304536281,106.46201402081024,1483800
2022-06-03,106.27542114257812,106.33761180364219,106.1776919925812,106.1776919925812,790400
2022-06-06,105.84896087646484,106.14214831211548,105.81342238927022,106.13326199574848,2057300
2022-06-07,106.04444122314453,106.19547474143022,106.00001641034297,106.00890272855823,1307800
2022-06-08,105.85787200927734,106.02667139018205,105.84009937237688,105.9467148589548,1100100
2022-06-09,105.73347473144531,105.86674237501732,105.62685926093292,105.75124058739375,1509100
2022-06-10,104.8717269897461,105.28040962299066,104.81842262227664,105.20933261418031,3059200
2022-06-13,103.69893646240234,104.23200023034879,103.3169061860239,104.09873259379378,4010200
2022-06-14,103.26362609863281,103.93883720010646,103.10370625285744,103.83222848843965,2673000
2022-06-15,104.19646453857422,104.28530737257081,103.36132698680397,103.7788957626891,3044400
2022-06-16,104.57850646972656,104.58739278759782,103.57456945505936,103.64564644148037,1782700
2022-06-17,104.48076629638672,104.62292025424664,104.08985646881955,104.56072959225136,1160500
2022-06-21,104.2586669921875,104.38304832950541,104.19647632352854,104.24978067430065,1057500
2022-06-22,105.06713104248047,105.13820123626233,104.89832492841812,104.99605407042546,1052100
2022-06-23,105.44918060302734,105.93781962426466,105.41364211049246,105.60021411259483,1673600
2022-06-24,105.3070297241211,105.6979463752056,105.28037754850617,105.36922039331412,1739800
2022-06-27,104.97836303710938,105.24489170486721,104.80955680273483,104.97836303710938,2029400
2022-06-28,104.98717498779297,105.03159979295641,104.81837564037376,104.88056630063843,1833300
2022-06-29,105.46693420410156,105.46693420410156,105.04048589978822,105.07601760991967,2217400
2022-06-30,106.02667999267578,106.18659984638033,105.83122841883733,105.88453277731368,6240300
2022-07-01,106.90618896484375,107.26192175776879,106.66607323101658,106.73721436157065,3262500
2022-07-05,107.02180480957031,107.27971092823945,106.95955207644597,107.12852668851448,2330900
2022-07-06,106.37261199951172,107.22636678265197,106.34593322270106,107.20858319312482,1708700
2022-07-07,105.99018859863281,106.35480981629402,105.91014549204822,106.35480981629402,1277300
2022-07-08,105.63445281982422,105.81232261555785,105.54552131447687,105.77674865641113,1221800
2022-07-11,106.03467559814453,106.17696467764007,105.91016332415556,105.94573729028951,890900
2022-07-12,106.19474029541016,106.45263964022072,106.12359237302962,106.33702935513188,1496500
2022-07-13,106.22139739990234,106.39036519978595,105.60775856837711,105.6789064762428,1548800
2022-07-14,105.89239501953125,106.0435793086443,105.52777368784439,105.67895797695743,2593100
2022-07-15,106.07914733886719,106.2214432159745,105.8923890889445,105.90128427752393,873300
2022-07-18,105.92794036865234,106.016871880275,105.69671301040188,105.90126159366949,480700
2022-07-19,105.62557220458984,105.91015713198259,105.59000502557565,105.8567995784214,880500
2022-07-20,105.52776336669922,105.93685381872176,105.49218939890935,105.92795863051414,865500
2022-07-21,106.35482788085938,106.38151344427958,105.82123195813996,105.88348470270655,1786500
2022-07-22,107.0841064453125,107.29754350210939,106.8439838195045,106.9507057404238,1501700
2022-07-25,106.89732360839844,106.96847154384473,106.77281811388772,106.78171330207866,1022400
2022-07-26,106.86177062988281,107.35089748474994,106.84398025113624,107.28864472921988,930300
2022-07-27,107.15521240234375,107.386439762513,106.91509664046605,107.02181174128305,2182800
2022-07-28,107.81330871582031,107.97338813455727,107.58208138096941,107.85777107461246,1273400
2022-07-29,107.84000396728516,108.02676218684394,107.57320263360701,107.64435056059315,1608100
2022-08-01,108.00292205810547,108.11866882542154,107.84265364556438,107.95840041288044,1557100
2022-08-02,106.99684143066406,108.07419919171316,106.98794253177584,107.96735806063388,2485200
2022-08-03,107.19268035888672,107.19268035888672,106.50709181784443,106.91666516344822,1311900
2022-08-04,107.55776977539062,107.60228464287842,107.18380548879362,107.25503742843607,773200
2022-08-05,106.5159912109375,106.66736073812571,106.45366497964227,106.59612881863123,995000
2022-08-08,106.83654022216797,106.889967564398,106.6851774707923,106.73859801997183,714900
2022-08-09,106.58724212646484,106.66737974844074,106.49820560775348,106.59614781625126,1020500
2022-08-10,106.74748992919922,107.2728168361689,106.73858424113543,107.0502221859215,904800
2022-08-11,106.42698669433594,107.10367654681068,106.42698669433594,107.01464001720784,855000
2022-08-12,106.63175964355469,106.75641212352254,106.46258550943374,106.7207961588102,953100
2022-08-15,106.85433197021484,107.02349927588885,106.82762170053206,106.93446277926319,682900
2022-08-16,106.6495361328125,106.72967373056588,106.52488368568405,106.71186235637673,1452600
2022-08-17,106.2221908569336,106.3468433423207,106.06192240528576,106.26670571997128,1594000
2022-08-18,106.37356567382812,106.58725470255848,106.27562345377426,106.40918164412514,939600
2022-08-19,106.00849151611328,106.08862913578415,105.90165041395312,106.01739720564353,976300
2022-08-22,105.69685363769531,105.92835399950631,105.61672281613592,105.87493345180005,926500
2022-08-23,105.61673736572266,106.04411539234829,105.53659974007331,105.62563626286605,944600
2022-08-24,105.40303802490234,105.5365962011385,105.32290719499126,105.47426995796843,782000
2022-08-25,105.70578002929688,105.73249030838126,105.40304768255339,105.50098990123055,1683000
2022-08-26,105.53658294677734,105.75027192608734,105.38522020280986,105.58110459761492,1023700
2022-08-29,105.23390197753906,105.34074311586761,105.17157571582973,105.34074311586761,502800
2022-08-30,105.19824981689453,105.39413422719205,104.98456082068391,105.22496009228952,832500
2022-08-31,104.96676635742188,105.26949871113627,104.89553441618885,105.12703482867025,1508200
2022-09-01,104.60302734375,104.84373701558707,104.4247175851468,104.71000639709011,2396000
2022-09-02,105.07550048828125,105.26272056963859,104.88828040692393,105.02201097984187,869200
2022-09-06,104.44252014160156,104.68322974010206,104.36227907422156,104.66540217058414,1811200
2022-09-07,104.8793716430664,104.89720601519123,104.6119104757542,104.64757241818384,1322600
2022-09-08,104.60302734375,104.93288849397777,104.59411015536439,104.82590944063764,2343200
2022-09-09,104.53165435791016,104.81694303589738,104.4603304879587,104.68321248019305,1845300
2022-09-12,104.47816467285156,104.79019810106787,104.3800960522952,104.72779141542462,1061800
2022-09-13,103.88980865478516,103.96113256285493,103.72041607357504,103.87198107867884,1753400
2022-09-14,103.79169464111328,104.00566627185084,103.71146038095114,103.73820513433851,1518400
2022-09-15,103.53316497802734,103.67581275154024,103.48859265016972,103.59557167848419,761100
2022-09-16,103.69363403320312,103.80953704260777,103.4974967574289,103.54207588440298,772000
2022-09-19,103.4708023071289,103.55996060442378,103.3459888531038,103.36382323329202,1598100
2022-09-20,103.17655944824219,103.3192004203501,103.0606564314705,103.12306313210901,1044700
2022-09-21,103.23006439208984,103.38162257317634,102.68623157588885,103.22114720443145,1083400
2022-09-22,102.39201354980469,102.7129642495242,102.29394490256703,102.6683919201201,2502900
2022-09-23,102.22262573242188,102.39201146361904,102.03539882654977,102.35634951973009,1972500
2022-09-26,101.33110809326172,101.98191993200477,101.2152050630974,101.9284304115111,2201900
2022-09-27,101.0547103881836,101.52721920043703,101.01013806356366,101.46481250451336,2380800
2022-09-28,102.43659210205078,102.50791599087876,101.74120119052904,102.00865557090333,3989400
2022-09-29,102.12457275390625,102.25829656172876,101.88385629618303,101.96409738269789,1488200
2022-09-30,101.88384246826172,102.41875803241575,101.70553954748384,102.28503424274257,2719800
2022-10-03,102.58200073242188,103.10874576255132,102.34094261138168,102.49272272189704,2479400
2022-10-04,102.77845764160156,103.12664679025428,102.67131989913983,102.87666553598856,2078200
2022-10-05,102.26953887939453,102.4659478059782,102.10883571293404,102.42131220008596,2134100
2022-10-06,101.9213638305664,102.23384036067078,101.9035041365733,102.16241520765335,2680200
2022-10-07,101.55533599853516,101.7606816529895,101.53748311233338,101.6178313174597,1056700
2022-10-10,101.3321304321289,101.53747607234584,101.108931906948,101.52854622412464,765400
2022-10-11,101.44816589355469,101.78743192650148,101.3856705945608,101.5553036110342,1552500
2022-10-12,101.69812774658203,101.77847590542044,101.42135708380818,101.44813980342097,1227500
2022-10-13,101.23387145996094,101.53742484302202,100.74283222771874,100.74283222771874,1111700
2022-10-14,100.97498321533203,101.58208330664861,100.90355807247677,101.57315346092258,1389600
2022-10-17,101.13568878173828,101.53745011122854,101.09997620946292,101.46602496667782,929800
2022-10-18,101.29638671875,101.46601972542635,101.0374756917353,101.37674170508798,774600
2022-10-19,100.7071533203125,100.957134519189,100.68036378202419,100.84106695437005,992700
2022-10-20,100.28752899169922,100.71606620043055,100.22503369828107,100.54644001056762,1613500
2022-10-21,100.73391723632812,100.90354341161773,100.2964434085102,100.36786854098769,2183300
2022-10-24,100.7160873413086,100.93036280212802,100.51967157462957,100.67145172891271,1349900
2022-10-25,101.26065063476562,101.47492600759283,101.16244279175518,101.24279775943407,1023500
2022-10-26,101.50175476074219,101.65352811005631,101.35890444740338,101.36783429485651,1168300
2022-10-27,102.03739929199219,102.09989458251525,101.60885529163707,101.76955844033577,1201000
2022-10-28,101.61778259277344,101.85883390404969,101.44814960353881,101.59992971513194,1320200
2022-10-31,101.36781311035156,101.4570911317915,101.1446146510135,101.33210053948031,1409900
2022-11-01,101.22743225097656,101.82651532494236,101.19166518093623,101.80863520085772,1062800
2022-11-02,101.13800048828125,101.78179399387841,100.97705211188196,101.3257724571021,1467600
2022-11-03,100.81611633300781,100.8876504696505,100.55681020408113,100.57469714917717,1752000
2022-11-04,100.89656829833984,101.1290507881242,100.71773981196385,100.88763164932968,895000
2022-11-07,100.69094848632812,100.88766397749838,100.65518141321793,100.85189690438818,710700
2022-11-08,101.0486068725586,101.12013419299788,100.81612432098491,100.81612432098491,1146100
2022-11-09,101.3615493774414,101.37942950017117,100.98600540328147,101.04859606564146,1394800
2022-11-10,102.81901550292969,102.84583909638039,102.3898243639782,102.40770448565529,7082700
2022-11-11,102.69385528564453,102.72962235821775,102.52397021826117,102.55973046896284,762300
2022-11-14,102.53287506103516,102.60440918398943,102.38981363699604,102.57758559334894,756500
2022-11-15,102.9889144897461,103.01573808505445,102.67596117469753,102.88161328664204,921600
2022-11-16,103.30187225341797,103.38234986467938,103.10515678352442,103.23928158771284,1151900
2022-11-17,102.89054870605469,102.97102630755161,102.78324751134882,102.9620828358586,1558800
2022-11-18,102.62230682373047,102.92632348725392,102.60442670087407,102.83690922923077,808700
2022-11-21,102.58655548095703,102.91738894654102,102.55972506153807,102.87268522458515,831900
2022-11-22,102.7743148803711,102.87267260723009,102.6938372757272,102.78325153054347,1398000
2022-11-23,103.07831573486328,103.09620267739112,102.80112952250965,102.81007299377357,982400
2022-11-25,103.0962142944336,103.0962142944336,102.93526590289595,102.95314602556878,256800
2022-11-28,103.10513305664062,103.24820130068386,103.04254240533906,103.12301999808071,668300
2022-11-29,102.94419860839844,103.12303393762635,102.8905514205652,102.93526195833975,667800
2022-11-30,103.64165496826172,103.65059161907995,102.67596457396617,102.78325895875177,2260300
2022-12-01,104.27123260498047,104.2801902196047,103.75180027930239,103.76971550855086,1196100
2022-12-02,104.36077117919922,104.37868640551666,103.6711852844289,103.83238815800152,931700
2022-12-05,103.63538360595703,104.0204790614313,103.6174683758466,103.99361304892399,999900
2022-12-06,103.93990325927734,104.01155053443941,103.69810224643065,103.73392588401168,1487300
2022-12-07,104.53093719482422,104.5757115976723,104.17270780875336,104.20853143062617,1970200
2022-12-08,104.14585876464844,104.33392768562197,104.07421150923233,104.18168239235649,764600
2022-12-09,103.83240509033203,104.04734001259344,103.83240509033203,104.02943161601249,828900
2022-12-12,103.76072692871094,104.07417502043742,103.66221369521747,104.03835140528926,1912100
2022-12-13,104.36974334716797,104.80857079594544,104.34287733660209,104.73692354599791,2309600
2022-12-14,104.56678009033203,104.67424414310088,104.14586099656472,104.51304123128912,1523100
2022-12-15,104.58650970458984,104.67621971097446,104.37122074587447,104.63136470778215,1497300
2022-12-16,104.56857299804688,104.71210353476336,104.19181560503512,104.2546085038704,961100
2022-12-19,104.1648941040039,104.29944541277057,104.12003910514038,104.29944541277057,1594900
2022-12-20,103.83296203613281,103.93163753676853,103.71634864624988,103.77914152448075,2172800
2022-12-21,103.92268371582031,104.13797264475858,103.88680108701199,104.12003475231025,1042400
2022-12-22,103.8509292602539,104.08416294981195,103.8509292602539,103.91372215622195,1093300
2022-12-23,103.66253662109375,103.71636398461665,103.55489558187087,103.57283347377086,804000
2022-12-27,103.17815399169922,103.42933244064561,103.11536109044086,103.33962242977971,806200
2022-12-28,103.10640716552734,103.2768411487405,103.06155215504752,103.24095850913939,1453900
2022-12-29,103.29474639892578,103.33959454834559,103.1332780044101,103.2140087797124,1009600
2022-12-30,103.06153106689453,103.2857923855785,102.91800738177119,103.08844133011064,1207900
2023-01-03,103.36651611328125,103.63562555315144,103.27680612274646,103.58180503395968,1381000
2023-01-04,103.77018737792969,103.9137110488386,103.62665686310912,103.85989052773672,846900
2023-01-05,103.59974670410156,103.65357406916786,103.25887199693607,103.33960277866804,857000
2023-01-06,104.49681854248047,104.5416735508239,103.61771786782155,103.70742104059504,1966300
2023-01-09,104.68517303466797,104.82870355302376,104.49679436225985,104.51473909901023,1676000
2023-01-10,104.46092224121094,104.55063224616384,104.26357802448703,104.48783934904431,2204300
2023-01-11,104.7748794555664,104.7748794555664,104.52370105701425,104.54164579315233,2027000
2023-01-12,105.40282440185547,105.41179677129159,104.86459858220299,105.1157701751133,1285100
2023-01-13,105.07088470458984,105.37588358176414,104.96324367821943,105.25926334464869,3474200
2023-01-17,105.0170669555664,105.1695629762121,104.9273638165931,104.9273638165931,2357400
2023-01-18,105.83340454101562,105.86928032936777,105.59119848420862,105.73472901326645,1446900
2023-01-19,105.67192077636719,105.77956181362096,105.54633500363025,105.66294840862561,1311900
2023-01-20,105.28618621826172,105.39382725053437,105.16956597475168,105.32206884365627,1298300
2023-01-23,105.02604675292969,105.2323633027735,105.01707438522435,105.06192937983977,1098300
2023-01-24,105.28618621826172,105.32206884365627,104.90045655015906,105.05295257515264,712800
2023-01-25,105.39381408691406,105.5373445705654,105.2323457147614,105.35793146600123,815700
2023-01-26,105.16958618164062,105.35796486822314,105.08885539192484,105.28620644755765,1052200
2023-01-27,105.07984924316406,105.08882160933004,104.9273532378929,104.97220138090259,696100
2023-01-30,104.8287124633789,104.93636036129574,104.77489193637669,104.83768483251674,665900
2023-01-31,105.22340393066406,105.22340393066406,104.90943263782299,105.1157560436404,2042500
2023-02-01,105.77235412597656,105.79930597696324,105.02665426106311,105.33211771156411,1474500
2023-02-02,105.75438690185547,106.04188475079039,105.71844881392744,105.97899481053867,1636300
2023-02-03,104.95478057861328,105.26923027173254,104.90087687536119,105.13446415911308,3338000
2023-02-06,104.21806335449219,104.50556118611811,104.2000977388545,104.39774692882503,1094900
2023-02-07,104.18212890625,104.72118650255872,104.13721143834299,104.28095693193035,1280000
2023-02-08,104.36183166503906,104.44268722951314,104.15518935389967,104.28096924607495,1379700
2023-02-09,104.07431030273438,104.50556047448114,104.00244098618403,104.50556047448114,1643400
2023-02-10,103.81376647949219,104.09227806155289,103.80478024489676,104.06532621225523,1801800
2023-02-13,103.89462280273438,103.92157465223318,103.76884293541418,103.77782917007667,2043100
2023-02-14,103.45439910888672,103.73291070875266,103.34658485031487,103.58017898330934,2930100
2023-02-15,103.3825454711914,103.55324970418361,103.29270366337624,103.39153170832009,2027700
2023-02-16,103.25675201416016,103.44542184215125,103.15792398219011,103.29269010346651,2473500
2023-02-17,103.45439910888672,103.47236472473749,103.13994942283016,103.15791503868093,1585100
2023-02-21,102.80752563476562,103.08603723021129,102.7715875491454,103.02314729399811,1746600
2023-02-22,102.9063491821289,103.10400521720146,102.86142486343472,103.00517719966518,3576700
2023-02-23,103.10403442382812,103.16692437512184,102.8884058584006,102.92434395263852,1244300
2023-02-24,102.62784576416016,102.72666693507027,102.4751071811408,102.61885952880861,1845900
2023-02-27,102.82548522949219,102.90634763102516,102.70869159893186,102.85244393299556,956900
2023-02-28,102.87041473388672,102.90635281921452,102.57393067079906,102.65479307640884,1463800
2023-03-01,102.40424346923828,102.67422153430705,102.35924369205915,102.60223150322325,1275600
2023-03-02,102.21526336669922,102.24226048834983,102.10726801409433,102.13426513574494,1394300
2023-03-03,102.5572509765625,102.5572509765625,102.23327174486583,102.50325672661415,1348800
2023-03-06,102.4852523803711,102.71023757279322,102.4312581313108,102.71023757279322,1078100
2023-03-07,102.26924133300781,102.5932204732561,102.20624577051517,102.55722202811724,1691000
2023-03-08,102.1882553100586,102.56622870472576,102.10725708777179,102.4762360201862,1444600
2023-03-09,102.80023956298828,102.90822806365145,102.39526208749136,102.45825766821265,1014800
2023-03-10,103.99714660644531,104.06014218172082,103.50218333385277,103.74516430534325,2453100
2023-03-13,105.24805450439453,105.81502149861882,104.9600737758687,105.34704852351298,7397700
2023-03-14,104.57308959960938,104.87007163018798,104.20411754289177,104.74408050194279,3880000
2023-03-15,105.77899932861328,106.35496065650699,105.40102599455815,105.82399223066712,10387100
2023-03-16,105.0500717163086,106.25598885283577,104.91507924995055,106.1389990438599,4176200
2023-03-17,105.95001220703125,106.25598872213118,105.5180376884173,105.56303746581531,3241300
2023-03-20,105.65302276611328,106.21998284526869,105.46403607306148,106.21998284526869,2794300
2023-03-21,104.9601058959961,105.31108230173098,104.87911450975156,105.07710260857723,1940400
2023-03-22,105.95899963378906,106.07599630085423,104.76208390690323,104.84307526163919,2876600
2023-03-23,106.5619888305664,106.65198153348679,105.93202617811748,106.03102021113084,2251500
2023-03-24,106.53495788574219,107.15591905098796,106.48996497866726,107.11992060572719,3376700
2023-03-27,105.66201782226562,105.97699562532213,105.62601937820185,105.7970034050033,1311200
2023-03-28,105.46405792236328,105.59904354107883,105.32906543764476,105.46405792236328,945500
2023-03-29,105.36506652832031,105.50905348055485,105.19407558566385,105.19407558566385,2101400
2023-03-30,105.42804718017578,105.4820414213685,105.19406069167029,105.23005914113284,1115600
2023-03-31,105.87800598144531,105.87800598144531,105.40103859345756,105.49103127432292,1639000
2023-04-03,106.19715118408203,106.27828322528228,105.64723331174187,105.7013213392087,2634400
2023-04-04,106.75605773925781,106.81015263380758,105.9627370244386,105.9627370244386,2502400
2023-04-05,106.96343994140625,107.45025287653895,106.95442297651611,107.08964993815225,1980000
2023-04-06,106.95442962646484,107.17078865177751,106.92738560804193,107.02655159421221,1990500
2023-04-10,106.22418975830078,106.3594166979714,106.17009485567583,106.32335572219738,1207600
2023-04-11,106.18815612792969,106.28732211736335,106.00785120262776,106.27830515161584,832100
2023-04-12,106.50365447998047,106.62986445712248,106.19714650061498,106.59380348109221,2727400
2023-04-13,106.39545440673828,106.81015212529583,106.34136639037285,106.7019692146382,1187400
2023-04-14,105.95374298095703,106.08896992969179,105.85457701041342,106.08896992969179,1468700
2023-04-17,105.530029296875,105.72836122708479,105.50298528419692,105.67427320172865,1029700
2023-04-18,105.5931396484375,105.77344453866155,105.51200760628289,105.53905162033442,2874200
2023-04-19,105.43988800048828,105.48496594353118,105.29565096302224,105.43988800048828,1220100
2023-04-20,105.89964294433594,105.9537309665253,105.79146002202967,105.83653795913916,736100
2023-04-21,105.73738861083984,106.12503554592595,105.70132763107269,106.09799153058275,783000
2023-04-24,106.05291748046875,106.09799542631504,105.88162953976754,105.95375150195004,576600
2023-04-25,106.90032958984375,106.92737360523091,106.48563863874043,106.51268265412759,1806000
2023-04-26,106.6388931274414,106.90934016046633,106.44056117646593,106.85525212944708,1569100
2023-04-27,106.08898162841797,106.34140162566281,106.00784269905836,106.2963305564,1173900
2023-04-28,106.53971862792969,106.56676264127557,106.26926473861457,106.42252561078813,1318200
2023-05-01,105.86335754394531,106.30584511165496,105.81820279861608,106.28778045766454,1160600
2023-05-02,106.74832916259766,106.82960632358325,106.02590148865798,106.04395925240667,1768900
2023-05-03,107.33531188964844,107.36240198148424,106.87475965949879,106.983126916489,1478300
2023-05-04,107.49784088134766,107.97645079403232,107.21790079422547,107.21790079422547,3701300
2023-05-05,107.01021575927734,107.11858301500264,106.86572608497693,107.06439594231655,1734100
2023-05-08,106.63092041015625,106.80249325368442,106.5857656731172,106.6128557594824,1005300
2023-05-09,106.5496597290039,106.65802698085879,106.4774217840806,106.59481447302177,1635300
2023-05-10,107.16373443603516,107.23597927558876,106.89282662217983,106.89282662217983,1726600
2023-05-11,107.29918670654297,107.63331390642016,107.25403196154855,107.55203674335954,1275600
2023-05-12,106.8837890625,107.2991865351274,106.84766664449151,107.25403179020512,1686400
2023-05-15,106.82960510253906,106.83863053948694,106.72123785234575,106.74832794248245,1082300
2023-05-16,106.58577728271484,106.68511220330413,106.38710744153629,106.61286737203078,1567400
2023-05-17,106.27873229980469,106.57673013047165,106.19745515351708,106.55867236998849,1108200
2023-05-18,105.80913543701172,106.00780522724352,105.74592294826928,105.98974746887906,1959900
2023-05-19,105.52922821044922,105.96268344241011,105.40280319365674,105.53826053726202,2268000
2023-05-22,105.46600341796875,105.73691118397883,105.41182324269592,105.547273680878,1879300
2023-05-23,105.57437133789062,105.62855151351229,105.28539202885256,105.36666918193099,1318400
2023-05-24,105.3486099243164,105.62855001391534,105.27636509808254,105.61951768822465,1813200
2023-05-25,104.79776763916016,105.17704268750612,104.7526128949847,105.0957655259196,2448600
2023-05-26,104.72554016113281,104.78875267966707,104.43656766359798,104.59911512406431,1267400
2023-05-30,105.3215560913086,105.3215560913086,104.87906840624512,104.94228093268276,986200
2023-05-31,105.54729461669922,105.6917842989482,105.26735446940087,105.42086958955498,2805800
2023-06-01,105.84584045410156,106.03583558186011,105.75536756983158,105.78250874484871,1291700
2023-06-02,105.1944351196289,105.6920463866297,105.13110340406874,105.66490520890953,1420400
2023-06-05,105.23060607910156,105.43869990730542,104.85061585643852,104.93204627708803,1997900
2023-06-06,105.1944351196289,105.25776683518906,105.03158115066857,105.25776683518906,971600
2023-06-07,104.80538940429688,105.17633721872205,104.69682469969548,105.12205486642135,1138000
2023-06-08,105.23060607910156,105.25774725177206,104.99537798086521,105.00442043666337,1070200
2023-06-09,104.8958740234375,105.00443873303622,104.8234929486122,104.96824819562357,886400
2023-06-12,105.06775665283203,105.07680601165686,104.77823929418264,105.00442494633492,745200
2023-06-13,104.56110382080078,105.28490067441929,104.4525322219665,105.23966078257875,1363000
2023-06-14,104.5249252319336,104.85968252294663,104.1992173008504,104.79635080871597,3416800
2023-06-15,105.05870819091797,105.08584936320258,104.83252255169569,104.92299542685701,1387700
2023-06-16,104.70587158203125,104.83253500282872,104.47968591594451,104.6515823283761,1424800
2023-06-20,104.86869049072266,105.04058684570667,104.78726008877324,104.78726008877324,1072000
2023-06-21,104.91395568847656,104.98633675629767,104.60634650419469,104.66967821287852,1746200
2023-06-22,104.5792007446289,104.84157694431669,104.50682657784228,104.7330122428174,1135000
2023-06-23,104.76014709472656,105.08585498484165,104.66967421472532,105.03156573473028,1240400
2023-06-26,104.95919036865234,105.0044233568151,104.82347759888768,104.95919036865234,910700
2023-06-27,104.66063690185547,105.02253536615144,104.57016401144125,104.93206247573723,1254900
2023-06-28,104.93203735351562,104.9410798085448,104.60632950389225,104.75108471337073,1207800
2023-06-29,104.25349426269531,104.32586842568126,104.12682394653365,104.28967789286912,2110700
2023-06-30,104.28062438964844,104.33490673179706,104.11777046056494,104.24443386067014,2027500
2023-07-03,103.99237823486328,104.44562255637787,103.99237823486328,104.20993357272162,1095300
2023-07-05,103.77481842041016,104.09208804859223,103.68416402725026,104.05582767452012,1563600
2023-07-06,103.29438018798828,103.30344701106992,102.89552987987179,103.22186635121415,5377900
2023-07-07,103.33969116210938,103.61164048418256,103.29436396977766,103.31249761309377,1240100
2023-07-10,103.82014465332031,103.87453175956706,103.51194182997597,103.53006856007168,938600
2023-07-11,103.84732818603516,103.95610930399175,103.7657475345369,103.85639500818793,1377200
2023-07-12,104.60881042480469,104.69039109833021,104.35499466366646,104.44564216179286,2001700
2023-07-13,105.27958679199219,105.28865361457626,104.94418351597383,105.02577108731202,3221700
2023-07-14,104.80821990966797,105.10735590720223,104.79008626378133,105.04390197851805,2180000
2023-07-17,104.93511962890625,104.99857355266933,104.78101131465964,104.88979243366448,640200
2023-07-18,104.96232604980469,105.25240215342681,104.93513249570884,105.16175466778736,965800
2023-07-19,105.12548065185547,105.17986775299123,104.9532456103136,105.12548065185547,1241500
2023-07-20,104.64505004882812,104.76289108142026,104.48188181818395,104.74476435177509,5129900
2023-07-21,104.64505004882812,104.76289108142026,104.60878967357837,104.70850397652534,671800
2023-07-24,104.4275131225586,104.81730360607418,104.39125965447626,104.75384966298843,917900
2023-07-25,104.31869506835938,104.3277549735939,104.16459368787434,104.18272041430157,1359500
2023-07-26,104.59063720703125,104.65409112331001,104.25524089925412,104.42746900574896,1025700
2023-07-27,104.00142669677734,104.41841056903901,103.91077231571145,104.37308337850607,1510000
2023-07-28,104.26434326171875,104.33686402869927,104.14650220234616,104.19182941069923,1165800
2023-07-31,104.35497283935547,104.42748667311491,104.21899816262258,104.21899816262258,1886400
2023-08-01,104.06248474121094,104.20781404810755,103.9625725751402,104.08973225383336,1954500
2023-08-02,104.05341339111328,104.0806609072614,103.790009185542,103.98075565794618,1960500
2023-08-03,103.79003143310547,103.93536078995858,103.71737368436406,103.79911625033007,1732300
2023-08-04,104.46214294433594,104.50755315962564,104.11698927378053,104.11698927378053,1455900
2023-08-07,104.40764617919922,104.49848047366486,104.34406633088352,104.41673099458254,1013400
2023-08-08,104.65290069580078,104.78914522475156,104.58932083958169,104.62565317594755,1420300
2023-08-09,104.59839630126953,104.75280351975142,104.56206396815308,104.6619761518023,1000900
2023-08-10,104.20783233642578,104.76188135957632,104.20783233642578,104.64380647426292,1397700
2023-08-11,103.82633209228516,104.12606860207367,103.808169393063,103.9171663774451,1543600
2023-08-14,103.63560485839844,103.83542922195726,103.54477749214911,103.68102200636503,1376000
2023-08-15,103.59925842285156,103.88083222848245,103.56292609536104,103.6355907503421,1506300
2023-08-16,103.39945983886719,103.77186109113212,103.35404961545646,103.6356165615307,2272100
2023-08-17,103.45394897460938,103.55386115527692,103.24503979784531,103.49935919238676,1865000
2023-08-18,103.59925842285156,103.74458773281368,103.52660069755342,103.56292609536104,1118200
2023-08-21,103.24505615234375,103.3903855034933,103.19056111050512,103.37221586975717,1898400
2023-08-22,103.17237091064453,103.29953753239374,103.10879106461168,103.1996253558159,1941700
2023-08-23,103.75370025634766,103.79911048057623,103.53570623318535,103.54479104990497,2614700
2023-08-24,103.5538558959961,103.75368024718252,103.52660838077675,103.52660838077675,1305700
2023-08-25,103.44486999511719,103.6265247358425,103.21779810436846,103.44486999511719,3256000
2023-08-28,103.617431640625,103.644679154766,103.40852248273882,103.56292968265987,1182300
2023-08-29,104.15335083007812,104.18968317031506,103.48121985990802,103.48121985990802,2557800
2023-08-30,104.13516235351562,104.30773226482697,104.09883002227018,104.28048474881378,2052600
2023-08-31,104.3259048461914,104.36223717846453,104.14425011450963,104.21690784937205,2080300
2023-09-01,104.0091781616211,104.49154373783877,103.98187549786674,104.48244747905997,2114300
2023-09-05,103.73615264892578,103.92727825378097,103.67244411397405,103.89997558790301,1522700
2023-09-06,103.44491577148438,103.79986432606165,103.4176061610702,103.78165791911886,2041500
2023-09-07,103.75434875488281,103.78165141987745,103.58142261830436,103.62693168910162,1328100
2023-09-08,103.69974517822266,103.98188197954995,103.6815387721122,103.90907024252697,1060100
2023-09-11,103.65422821044922,103.69973727854914,103.57232022032005,103.62692554707283,1641400
2023-09-12,103.65422821044922,103.68153087382562,103.57232022032005,103.64512500808746,869000
2023-09-13,103.79075622558594,103.87266422183474,103.60872688329516,103.60872688329516,1145300
2023-09-14,103.67242431640625,103.93635466529861,103.65421791349134,103.90905200463445,1643500
2023-09-15,103.49951934814453,103.64513588266654,103.46311347858662,103.56322788394345,1761100
2023-09-18,103.49038696289062,103.56319868147519,103.39937578651376,103.40847898726375,1599000
2023-09-19,103.26287078857422,103.46309957237565,103.22646492390953,103.36298518047494,1866600
2023-09-20,103.15365600585938,103.55411358437603,103.09905067922851,103.4631023920883,2562600
2023-09-21,102.8988037109375,102.97161542938765,102.82599893619499,102.86239785171242,2027600
2023-09-22,103.15365600585938,103.22646773717311,102.93522775562705,102.98073682362535,1621400
2023-09-25,102.90790557861328,103.06262527053491,102.88060292047507,102.92610503613625,3426100
2023-09-26,102.88970947265625,103.02622276779418,102.83509721089328,103.00802330967839,1599800
2023-09-27,102.62577819824219,103.05353839791395,102.48925795141169,103.0262287935813,2679800
2023-09-28,102.93522644042969,102.95343284487994,102.53477581073844,102.66219286705504,3224300
2023-09-29,102.9898681640625,103.26290181552183,102.95346228845911,103.20829647397213,3054700
2023-10-02,102.56390380859375,102.75544768573718,102.50005816909687,102.67335645858246,4914200
2023-10-03,102.16256713867188,102.62772513395173,102.13520572232026,102.51827946854524,6362600
2023-10-04,102.58213806152344,102.60949948133413,102.2264256866803,102.3723555785547,3364300
2023-10-05,102.80104064941406,102.83752486356136,102.67334937922466,102.81928623581388,1875500
2023-10-06,102.45443725585938,102.59125130082447,102.22641616713467,102.29938458560291,2054000
2023-10-09,103.28443908691406,103.30268467239134,102.93784950801758,102.99257234714545,1400500
2023-10-10,103.11114501953125,103.27532049117669,102.91048533655885,102.9652081742234,2977000
2023-10-11,103.2479476928711,103.2844319026359,103.03817218503788,103.17498623199299,2115500
2023-10-12,102.78279876708984,103.09290413954407,102.7189531340168,103.05641992655202,2876000
2023-10-13,103.04730987548828,103.14763276853157,102.95609585856302,103.13851693376104,2271800
2023-10-16,102.74630737304688,102.82839162755293,102.70982316260475,102.80103020938425,1937400
2023-10-17,102.08047485351562,102.25377310011494,101.98926781375584,102.24465030854364,3948900
2023-10-18,101.85245513916016,102.0987218043266,101.79773230630147,102.00750780469389,2246400
2023-10-19,101.79773712158203,101.9983967964238,101.65180028218747,101.75213011960835,3910800
2023-10-20,102.23552703857422,102.31761824502964,102.06223575143687,102.08047437584305,3295100
2023-10-23,102.47268676757812,102.51829377362878,101.99840591445101,102.05312875479011,2410600
2023-10-24,102.46356964111328,102.5182994431312,102.23554851555411,102.39972400430281,3152400
2023-10-25,102.04399871826172,102.26290398138337,101.98015308951415,102.25378118909039,2547300
2023-10-26,102.545654296875,102.56389292394446,102.18081912761713,102.18994192047789,2812700
2023-10-27,102.71895599365234,102.72807182816506,102.49093487509317,102.58214193078638,2455100
2023-10-30,102.5182876586914,102.59125608055925,102.37235081495572,102.40883502588964,3429900
2023-10-31,102.41796112060547,102.60037522250504,102.39059970118572,102.47268395944495,4128400
2023-11-01,103.1082534790039,103.18140102995471,102.50480362299575,102.53223221066871,4317100
2023-11-02,103.28199768066406,103.57458096684073,103.22714049442338,103.50143340136262,3462800
2023-11-03,103.92204284667969,104.23290957952815,103.79403110144807,104.09575961914457,3859400
2023-11-06,103.51058197021484,103.68430569996285,103.46486997210053,103.66601532012831,2772800
2023-11-07,103.78489685058594,103.93118503170925,103.62945650248757,103.63860169372559,2202700
2023-11-08,103.90373229980469,103.97687986124473,103.74829896354616,103.74829896354616,2296300
2023-11-09,103.33685302734375,103.84887900083987,103.3277148136235,103.84887900083987,3045800
2023-11-10,103.33685302734375,103.62029809459172,103.29114103153552,103.61115290513581,2367400
2023-11-13,103.382568359375,103.39171354850896,103.06255649704052,103.11741368037345,3085800
2023-11-14,104.39745330810547,104.46145567150064,104.21459140575766,104.31516056903484,6165700
2023-11-15,103.92204284667969,104.09575961914457,103.86717867708421,104.07747621310392,2403600
2023-11-16,104.41576385498047,104.49805661544629,104.31518768982016,104.3334780702509,4035600
2023-11-17,104.3334732055664,104.42490417624825,104.2328970450956,104.38833039282834,1254700
2023-11-20,104.39745330810547,104.44317227155963,104.21459140575766,104.26944858131512,1725000
2023-11-21,104.53462982177734,104.63520598638077,104.40662506241593,104.52548463161261,1810600
2023-11-22,104.47061157226562,104.6351900915491,104.33346164357353,104.5986163121822,3290400
2023-11-24,104.214599609375,104.2968853791886,104.18716404370215,104.25116641213549,853900
2023-11-27,104.63519287109375,104.64433108437687,104.35174781740459,104.38832159774303,3384200
2023-11-28,105.05577850341797,105.11063568481629,104.5803263455154,104.60776191194974,2532600
2023-11-29,105.4032211303711,105.54951625144645,105.26607119829679,105.35750913683654,2589600
2023-11-30,105.18379974365234,105.24780212390192,105.03750460266116,105.22951174340989,2753600
2023-12-01,105.81159973144531,105.87575546887147,105.13338093687565,105.1517151432551,5682500
2023-12-04,105.48163604736328,105.68327032862655,105.36249169591215,105.52746456308667,3644800
2023-12-05,105.8757553100586,105.95824525374047,105.6374665670908,105.67412798734375,2897500
2023-12-06,106.00408172607422,106.06823746821499,105.84826893020254,105.97658041448408,2399500
2023-12-07,106.00408172607422,106.17821474476976,105.93991899148199,105.96742030307215,1920500
2023-12-08,105.48163604736328,105.66494311780706,105.36249169591215,105.57329307881005,2740800
2023-12-11,105.4908218383789,105.50915604489636,105.24336599000127,105.353343259302,1571300
2023-12-12,105.62828826904297,105.66494968541042,105.43582107745154,105.49997680798201,1330700
2023-12-13,106.75560760498047,106.83809055018004,105.73827599281644,105.80243172545515,5190300
2023-12-14,107.22602844238281,107.40979619809058,107.0790212478397,107.09739451839893,3414100
2023-12-15,107.08821105957031,107.23521825366238,107.00551381724976,107.07902091930734,2486500
2023-12-18,106.95958709716797,107.06984075049921,106.93201667381142,107.06984075049921,1754600
2023-12-19,107.05144500732422,107.18007891589187,107.00550132139766,107.02388159977718,1889900
2023-12-20,107.40982055664062,107.45575724846783,107.12498222320333,107.26280631873432,1459200
2023-12-21,107.40982055664062,107.69465188005323,107.32712329531216,107.6303349034754,1995400
2023-12-22,107.40061950683594,107.53844358836974,107.2903588396041,107.52925344692777,995900
2023-12-26,107.37303924560547,107.45572947553718,107.2995321456509,107.30872228565094,1990100
2023-12-27,107.8416748046875,107.86004808089342,107.54765331521592,107.58439986762777,1547900
2023-12-28,107.6487045288086,107.8140850150401,107.57519741713415,107.73139477192436,1309100
2023-12-29,107.62112426757812,107.74057506563702,107.47411706769005,107.48330720831535,1452500
2024-01-02,107.3087387084961,107.41899937530256,107.26279501148741,107.27198515289395,2013800
2024-01-03,107.45574188232422,107.50168557760618,107.01471325172166,107.06984007804105,2441900
2024-01-04,107.11577606201172,107.21684657633696,107.0514590992614,107.11577606201172,1457900
2024-01-05,106.9320068359375,107.38223257903122,106.83093632299997,106.91363356541389,2467900
2024-01-08,107.15254211425781,107.4006198538009,106.98715461788775,107.00552789080709,1230500
2024-01-09,107.18008422851562,107.25359132563277,107.1065771313985,107.1065771313985,2932600
2024-01-10,107.11577606201172,107.36385377261347,107.09739578121267,107.32710022103855,2476700
2024-01-11,107.59358215332031,107.62114557062891,107.20768029095053,107.25362399314803,2228100
2024-01-12,107.86922454833984,108.05298532720289,107.74059060113082,107.90597810611732,1637400
2024-01-16,107.40982055664062,107.75896885663107,107.29036973583558,107.63952504585072,2755500
2024-01-17,107.04226684570312,107.14333735803311,106.93200619315505,107.09739366696564,2680200
2024-01-18,106.98717498779297,107.12499208598781,106.9320411384897,107.06986524670988,1688800
2024-01-19,106.9320068359375,106.9320068359375,106.69311926901524,106.84012646327332,3221800
2024-01-22,107.11577606201172,107.19846629553791,107.06064222963774,107.11577606201172,1503700
2024-01-23,106.99634552001953,107.03309907855147,106.92284541298018,107.00553566215865,1102900
2024-01-24,106.82176971435547,107.281178658754,106.80338943096598,107.27198851705926,2246200
2024-01-25,107.1709213256836,107.18930160964541,107.00553382014915,107.06985079396674,3347200
2024-01-26,107.03309631347656,107.0882301548624,106.94121592453261,107.0882301548624,1823800
2024-01-29,107.38224792480469,107.40981133954067,107.1617265868687,107.20767028477806,1323700
2024-01-30,107.2995376586914,107.48330541801978,107.1341501803075,107.4557349966031,1472900
2024-01-31,107.951904296875,107.98865785107799,107.6119461880388,107.69463642747776,3125300
2024-02-01,108.26232147216797,108.49258844645098,108.00442358532145,108.19784700045633,1875100
2024-02-02,107.37806701660156,107.59912128229828,107.2306928213448,107.47017237504282,2515000
2024-02-05,106.77941131591797,107.02809657881811,106.71493683833712,106.97283474866052,2237700
2024-02-06,107.1662368774414,107.2215057238029,106.84386455362271,106.87149546320866,2886800
2024-02-07,107.0464859008789,107.35043991898442,107.03727325655153,107.064904162345,2423500
2024-02-08,106.85307312011719,106.99123468996223,106.81622956634588,106.92675320047044,1575600
2024-02-09,106.74253845214844,106.77938200453679,106.66885134737173,106.67806399226609,1287900
2024-02-12,106.82545471191406,106.89913480088909,106.71492403766626,106.82545471191406,1501100
2024-02-13,105.97806549072266,106.31886312796446,105.97806549072266,106.26360130518637,2027700
2024-02-14,106.30043029785156,106.40174128333344,106.10699989025122,106.11621253518197,1718200
2024-02-15,106.48464965820312,106.65965479011675,106.39254428300269,106.60438594324474,1583000
2024-02-16,106.16228485107422,106.19912840920203,106.02412326489248,106.05175417669079,1967300
2024-02-20,106.35572814941406,106.49388976143207,106.33730285330952,106.41098998334466,1652100
2024-02-21,106.1162109375,106.42937761572873,106.08858003031285,106.40173968135257,1618200
2024-02-22,106.06094360351562,106.21752342088676,105.95962559764284,106.06094360351562,3010000
2024-02-23,106.26358795166016,106.32806241252918,106.05173927898242,106.05173927898242,1602200
2024-02-26,106.16228485107422,106.26360287912816,106.02412326489248,106.25439023279866,4903500
2024-02-27,106.07937622070312,106.2267504408945,106.02411440172615,106.11621977575096,1067800
2024-02-28,106.3372802734375,106.3372802734375,106.15306951465682,106.18070042575492,1671700
2024-02-29,106.46623229980469,106.55834470905825,106.36492129856815,106.38333956410474,2112500
2024-03-01,106.8493881225586,106.91401634638804,106.28619629606716,106.44314954766035,2116600
2024-03-04,106.67398071289062,106.77554037096634,106.61858709719445,106.64628390504254,911300
2024-03-05,107.00634765625,107.13560411149723,106.85862196799687,106.96018161768377,1710100
2024-03-06,107.10790252685547,107.30178720107531,107.07097110644004,107.13559933117999,1576900
2024-03-07,107.3110122680664,107.32947445465715,107.15405198428094,107.27408085093732,1686000
2024-03-08,107.42180633544922,107.5510627816815,107.36641272819196,107.51413136219398,1927300
2024-03-11,107.27409362792969,107.38488084856476,107.22792759003279,107.38488084856476,953200
2024-03-12,106.9786376953125,107.1171217060845,106.92323704705605,107.1171217060845,1136700
2024-03-13,106.82169342041016,106.95094987913556,106.81246584760741,106.9140255000272,1254600
2024-03-14,106.38774108886719,106.600087918687,106.37850647419546,106.59085330401528,2370000
2024-03-15,106.23078155517578,106.34157580016684,106.2215539843869,106.28618219964488,1278600
2024-03-18,106.14768981933594,106.24924944831359,106.0922962195107,106.20308341916117,1149600
2024-03-19,106.3785171508789,106.43391075657459,106.29541969838755,106.33235111683395,1304100
2024-03-20,106.62781524658203,106.79400313851751,106.39699912133551,106.43393054664885,1732000
2024-03-21,106.63702392578125,106.81244639236303,106.60009250945102,106.75704574589396,1433300
2024-03-22,106.9232406616211,106.96940669607085,106.89554385853039,106.96017208039132,1123400
2024-03-25,106.78477478027344,106.8863273942023,106.73860873798381,106.8863273942023,1198900
2024-03-26,106.85859680175781,106.88629360079528,106.6831813932049,106.73857499127983,1010100
2024-03-27,107.0802001953125,107.14482841671649,106.96017132417091,106.98786812706578,1101600
2024-03-28,106.9232406616211,107.02480030225225,106.88630924285086,106.9232406616211,3207400
2024-04-01,106.41040802001953,106.7992117569369,106.35486765586414,106.76218249329668,2508700
2024-04-02,106.38262939453125,106.3918884753589,106.1697199737606,106.22526033350785,1443400
2024-04-03,106.4659423828125,106.47519440062987,106.08639777402993,106.14194519397923,1704100
2024-04-04,106.6973876953125,106.72515787859986,106.4196717372185,106.56778879823135,1756400
2024-04-05,106.26229095458984,106.558517981383,106.25303187364366,106.37337873811582,1341000
2024-04-08,106.06790161132812,106.16973032252992,105.99384308270682,106.08641271217844,1002300
2024-04-09,106.3085708618164,106.37337736499373,106.26228958290174,106.26228958290174,1406500
2024-04-10,105.29029083251953,105.62354711593532,105.20698029297024,105.57726583705549,2705100
2024-04-11,105.30879974365234,105.49393896812737,105.20697105140847,105.46616879071699,1785100
2024-04-12,105.57728576660156,105.74391393976342,105.54950851889905,105.61430797165028,2118200
2024-04-15,105.24402618408203,105.26253728603719,104.94779911452652,105.1329383845198,1992500
2024-04-16,105.00332641601562,105.13292530140527,104.85520936836485,105.01258549714618,1581000
2024-04-17,105.36434173583984,105.42914117167396,105.13291417034533,105.20697268632969,1767200
2024-04-18,105.12367248535156,105.31807082502164,105.05887303879487,105.30881880594923,1190200
2024-04-19,105.20697784423828,105.28103636385346,105.12366024401892,105.2532591220409,1035900
2024-04-22,105.24402618408203,105.29956655255793,105.1329383845198,105.15144948647496,1233900
2024-04-23,105.40138244628906,105.51247023233591,105.1236665124767,105.16069577449232,3054300
2024-04-24,105.27178192138672,105.28104100239884,105.15143505605744,105.27178192138672,1811900
2024-04-25,105.02183532714844,105.0681236692271,104.85520718331841,104.90149552539708,1903600
2024-04-26,105.14218139648438,105.24401009819994,105.11441121649092,105.12366323474916,1124800
2024-04-29,105.33659362792969,105.40139307734047,105.24402399485862,105.29030528008902,1708300
2024-04-30,105.06812286376953,105.20698082633163,105.01258250378844,105.12366322375063,2084200
2024-05-01,105.35210418701172,105.59341303959509,105.02725990001534,105.23144267964565,2810200
2024-05-02,105.760498046875,105.80690741764639,105.38925140500706,105.43565369470265,1785000
2024-05-03,106.15029907226562,106.3823317218308,106.01107806631161,106.29879628582859,1867300
2024-05-06,106.17816925048828,106.25242141696359,106.12247658509365,106.15960266833129,772900
2024-05-07,106.28025817871094,106.43803871271112,106.2338488070281,106.34522705042136,1887600
2024-05-08,106.16891479492188,106.24316698156409,106.13178870160077,106.16891479492188,2595200
2024-05-09,106.34523010253906,106.4009156852959,106.16888298237419,106.16888298237419,866200
2024-05-10,106.15029907226562,106.2431107158768,106.11317299860625,106.23382742719332,1351700
2024-05-13,106.19673156738281,106.3173931113736,106.1874553571347,106.30810982004897,744500
2024-05-14,106.40093231201172,106.43805840000982,106.29883734028623,106.34524672055318,780300
2024-05-15,106.92068481445312,106.95781090294868,106.71650194934355,106.81858984135967,1234000
2024-05-16,106.74431610107422,106.91137991393472,106.72574952127003,106.91137991393472,1759900
2024-05-17,106.5679931640625,106.72577372279981,106.5587098720553,106.67937142491786,737900
2024-05-20,106.48446655273438,106.54015214355097,106.4566166762489,106.50302605598085,610000
2024-05-21,106.6422348022461,106.67936088553,106.60510871896217,106.66079430334987,630600
2024-05-22,106.48446655273438,106.58655444220575,106.4566166762489,106.46589996841072,649800
2024-05-23,106.2616958618164,106.54942123185958,106.15032469502982,106.54942123185958,863200
2024-05-24,106.28025817871094,106.31738425984203,106.17816322586943,106.196722725897,1568800
2024-05-28,106.0203857421875,106.42875848422692,106.0018191605498,106.41948227448422,1349900
2024-05-29,105.77906036376953,105.93684088831102,105.66768212705321,105.92755759831579,848800
2024-05-30,106.0760726928711,106.09463219367198,105.95541823497473,105.99253723657651,788800
2024-05-31,106.44732666015625,106.44732666015625,106.25242003649814,106.26169624637978,1825500
2024-06-03,106.80931854248047,106.83723411320605,106.49293260814304,106.49293260814304,1044900
2024-06-04,107.16292572021484,107.23736486938078,106.99542521031762,107.01403322271285,907200
2024-06-05,107.38626098632812,107.39556854263196,107.05125995524251,107.21876047078531,1018000
2024-06-06,107.41417694091797,107.4607076230188,107.30250756362715,107.31181511996436,569500
2024-06-07,106.6976318359375,106.86512522195088,106.68832428129764,106.86512522195088,2392400
2024-06-10,106.6138916015625,106.67903029315724,106.55806046579126,106.64180716944811,561100
2024-06-11,106.9395751953125,106.95819030524245,106.68832800793234,106.74415913855366,836000
2024-06-12,107.31182098388672,107.74918386102664,107.30251342704089,107.63751447763377,1665300
2024-06-13,107.74917602539062,107.87945341341553,107.57236795610604,107.65612176245644,1209600
2024-06-14,107.8236083984375,107.90735509442433,107.77707772316641,107.81430084346643,978800
2024-06-17,107.53514862060547,107.60028731691344,107.47931748079446,107.57237174700794,825800
2024-06-18,107.83292388916016,107.97250883485172,107.67473093051616,107.70264649973743,1264300
2024-06-20,107.70264434814453,107.72125946031034,107.53514383657789,107.56305940524148,621600
2024-06-21,107.72125244140625,107.90736095342713,107.6281981853958,107.85152981973779,821100
2024-06-24,107.74917602539062,107.7584835815596,107.64681420628746,107.73056091305268,558600
2024-06-25,107.81433868408203,107.82364624231985,107.66544615062374,107.72128440046397,909200
2024-06-26,107.4513931274414,107.53513983031216,107.42347755981783,107.49791670695242,621200
2024-06-27,107.61890411376953,107.67473525445409,107.57237343014204,107.57237343014204,632000
2024-06-28,107.4513931274414,107.86084038481357,107.43277801596912,107.82361726145383,838800
2024-07-01,107.04183959960938,107.2657549843056,106.9578668815097,107.097816666248,2652200
2024-07-02,107.25641632080078,107.35904568191219,107.19110737446998,107.2937367355814,862900
2024-07-03,107.66692352294922,107.73223246306719,107.35903546890417,107.37769211544904,878100
2024-07-05,108.09611511230469,108.14276741344662,107.90018826016373,107.9841538604491,619300
2024-07-08,108.07743072509766,108.14274678149178,107.98413325875525,108.0681059611617,620400
2024-07-09,108.04944610595703,108.10543028230016,107.88150781320898,108.00280093016853,2891700
2024-07-10,108.08675384521484,108.13340613367443,108.02144491225533,108.11474237103465,759800
2024-07-11,108.58125305175781,108.73986658540147,108.56259640446255,108.62790534720727,736600
2024-07-12,108.78650665283203,108.79583853511177,108.61856836249952,108.65588877347791,993000
2024-07-15,108.6932144165039,108.82383230214542,108.62790547368314,108.73053482927875,1059500
2024-07-16,108.88912200927734,108.9077857714382,108.66520669032467,108.73051562160835,936000
2024-07-17,108.94510650634766,108.98242691508072,108.7305230538077,108.78650010783723,1371100
2024-07-18,108.77716064453125,108.96376267519072,108.74917211946723,108.8331448127989,836700
2024-07-19,108.590576171875,108.66521699131474,108.57191952608522,108.64655322738463,930900
2024-07-22,108.53460693359375,108.65589293531373,108.4319775790073,108.60924775840951,1370000
2024-07-23,108.60924530029297,108.72119941684196,108.59058153544103,108.61857006457826,1936800
2024-07-24,108.60924530029297,108.92645812136931,108.599913417867,108.81449688667965,1109100
2024-07-25,108.6932144165039,108.9171297750121,108.63723735641209,108.70254629923284,1810100
2024-07-26,109.02909088134766,109.04774752864203,108.94511817317067,109.01042711591236,934500
2024-07-29,109.10371398925781,109.15035915898943,109.0197412947173,109.15035915898943,485200
2024-07-30,109.25300598144531,109.3183149240327,109.05707915368315,109.18769703885793,840200
2024-07-31,109.7847900390625,109.7847900390625,109.25298670947664,109.43025685871847,1605100
2024-08-01,110.14497375488281,110.22917185913222,109.90175064760034,109.92045737229626,2108400
2024-08-02,111.32369995117188,111.37982726386679,110.89337390026728,110.93079448781297,2522800
2024-08-05,111.32369995117188,112.00661318369812,111.06176297559928,111.88499448986278,2741600
2024-08-06,110.76240539550781,111.18337451514965,110.67820728923107,111.16466779000332,4509500
2024-08-07,110.60337829589844,110.65950561114465,110.41627534966506,110.59402136427487,2285300
2024-08-08,110.36949920654297,110.42562651886024,110.22917378850254,110.25723744466117,738800
2024-08-09,110.55658721923828,110.68755569691928,110.50045991087407,110.68755569691928,930800
2024-08-12,110.7998046875,110.81851140905094,110.46302660161582,110.50044718196361,1190800
2024-08-13,111.11788177490234,111.12723870538369,110.9869132971503,111.09917505118636,3100900
2024-08-14,111.14591979980469,111.27688824735654,111.02430828057659,111.05237192830268,1120400
2024-08-15,110.61271667480469,110.66885112150531,110.49110512523927,110.53788264128198,1123200
2024-08-16,110.76240539550781,110.78111212065414,110.55659573266165,110.78111212065414,1496100
2024-08-19,110.7998046875,110.89335256974651,110.70624966800757,110.715606597406,589000
2024-08-20,111.07110595703125,111.0991696098541,110.94013034844728,111.00562172136246,872400
2024-08-21,111.30499267578125,111.48273154418554,111.02434183919956,111.22079456990784,1933500
2024-08-22,110.97755432128906,111.13659358755399,110.88400642993984,111.13659358755399,746300
2024-08-23,111.37981414794922,111.40787780099194,111.02432931399737,111.11787720322192,941100
2024-08-26,111.2675552368164,111.5107783119537,111.2675552368164,111.5107783119537,727900
2024-08-27,111.34239196777344,111.3798125503758,111.12723253936775,111.15529619200795,1058500
2024-08-28,111.32369995117188,111.40789092021423,111.29563629482443,111.35176360751933,988600
2024-08-29,111.19273376464844,111.2301543529686,111.10853565661621,111.18337683325653,770600
2024-08-30,111.0617446899414,111.28626104100302,111.02432410855678,111.19271315616453,1144300
2024-09-03,111.44631958007812,111.52136300919962,111.30562209614446,111.38065836873065,1067400
2024-09-04,111.88722229003906,111.91536179475041,111.52139441571695,111.53077663613317,1882100
2024-09-05,111.99040985107422,112.11235009535112,111.79342615345573,112.08421058948242,3202400
2024-09-06,112.24365997314453,112.553201639789,111.87782499158953,112.07481581109467,2389300
2024-09-09,112.29056549072266,112.35622671681993,112.10296403231243,112.19676476151754,2871300
2024-09-10,112.62826538085938,112.65640488685037,112.31871650188324,112.32809872272612,1841300
2024-09-11,112.51568603515625,112.79709537271326,112.39374580570113,112.42188530814948,2170500
2024-09-12,112.42186737060547,112.56257201693376,112.2905449424419,112.47815352305814,2154800
2024-09-13,112.63764190673828,112.72206042044304,112.57198067723327,112.71268535661181,1648000
2024-09-16,112.7783203125,112.82521709034259,112.64699072754814,112.73141637812179,1063100
2024-09-17,112.6563949584961,112.72205618553424,112.56259422794687,112.69391668202319,1538300
2024-09-18,112.4124984741211,112.8721341836993,112.32807997024128,112.48754191526078,1712000
2024-09-19,112.42186737060547,112.44063180693489,112.26240544448336,112.28116272427718,2037700
2024-09-20,112.44066619873047,112.53446693946127,112.2155358331312,112.29996150936537,1812800
2024-09-23,112.38435363769531,112.47816151293488,112.14984826266864,112.3186924189493,2020900
2024-09-24,112.54385375976562,112.56261104606322,112.23430486181982,112.29058387725067,2809400
2024-09-25,112.31869506835938,112.4312602273804,112.29993778679068,112.42187800832791,1754900
2024-09-26,112.16862487792969,112.34684411585381,112.09358143220538,112.29994732967879,1122300
2024-09-27,112.48756408691406,112.51570359375371,112.29996260362445,112.32810211046412,1808400
2024-09-30,112.1967544555664,112.40312033478385,112.10295373497746,112.38435589674431,2960700
2024-10-01,112.43659210205078,112.6623097199946,112.38015731598955,112.4177781148858,1981500
2024-10-02,112.29550170898438,112.3425223200873,112.1356187154554,112.20145331134573,975600
2024-10-03,111.92870330810547,112.1356140796162,111.90048950752355,112.10739310360178,1141800
2024-10-04,111.08226013183594,111.39262630787324,111.05404632954763,111.23273613585125,1382700
2024-10-07,110.83775329589844,110.92240189709291,110.77191868405143,110.78132567872515,1291600
2024-10-08,110.92239379882812,110.93179361738106,110.74369679024639,110.76250360278625,755200
2024-10-09,110.6684341430664,110.81891731650352,110.63081334970714,110.80010333210755,1149100
2024-10-10,110.74370574951172,110.80013336713036,110.48977429479322,110.70608494595442,2727300
2024-10-11,110.82833862304688,110.8941804057669,110.69666940847488,110.7813180038049,1358300
2024-10-14,110.6778564453125,110.6778564453125,110.50856643949423,110.56499404962244,620300
2024-10-15,110.96940612792969,111.00702692563297,110.89417170795662,110.96000631007898,1059500
2024-10-16,111.06346130371094,111.14810989756096,111.02584767914861,111.10108210370718,1003900
2024-10-17,110.78131103515625,110.83773864487068,110.71547643201156,110.8001178465832,1286700
2024-10-18,110.9129867553711,110.96941436839953,110.86595896089139,110.95060755586805,908500
2024-10-21,110.43331909179688,110.71547147861276,110.43331909179688,110.69665749259396,1530000
2024-10-22,110.36749267578125,110.53678268533764,110.29225107699313,110.49916188594358,2218700
2024-10-23,110.16998291015625,110.23581751168162,110.07593450446763,110.15117609919189,1423700
2024-10-24,110.27345275878906,110.4145289735247,110.17940434077676,110.24523895092881,1208300
2024-10-25,110.16057586669922,110.46153507002555,110.10414825839847,110.46153507002555,1133600
2024-10-28,109.98188781738281,110.16057763835343,109.84081161892868,110.16057763835343,1096000
2024-10-29,110.0289077758789,110.03831476916858,109.68092795392904,109.69973476507492,1294200
2024-10-30,109.8125991821289,110.28284839921098,109.7937851952028,110.08534458908855,789700
2024-10-31,109.8125991821289,109.88783360353248,109.5304467817062,109.69032979341006,1407600
2024-11-01,109.51081085205078,110.03893507928325,109.47308666508376,109.9634867053492,1996400
2024-11-04,109.83143615722656,110.01062421473196,109.68997227999344,109.92574301033142,1735600
2024-11-05,109.76545715332031,109.83147269196853,109.46367080590645,109.71830011350555,1314200
2024-11-06,109.21845245361328,109.40707339233724,109.08642139408306,109.10528708553201,2786000
2024-11-07,109.76545715332031,109.84090553896229,109.48252930473991,109.50139499872743,1950600
2024-11-08,109.72772216796875,109.97292579961058,109.66170663581364,109.83146188923439,1896200
2024-11-11,109.4919662475586,109.52025759444413,109.41651785909427,109.46367490067306,948700
2024-11-12,109.1524429321289,109.3976465683907,109.08642739873,109.27504834783656,1651900
2024-11-13,109.28446960449219,109.52967323089409,109.19959557717222,109.52967323089409,1389300
2024-11-14,109.13356018066406,109.4824962674441,109.05811181778928,109.35989807413651,1366100
2024-11-15,109.27503967285156,109.47308625732607,108.91666349557613,109.05812739738734,1408300
2024-11-18,109.42591857910156,109.46364276225795,109.20901351989268,109.29388753563036,909600
2024-11-19,109.54854583740234,109.65227836784557,109.52024729802292,109.63341987007962,833100
2024-11-20,109.43535614013672,109.56738718929822,109.3881991103708,109.3976319553545,971600
2024-11-21,109.35992431640625,109.62398645468107,109.31277447465925,109.50138823195451,1118000
2024-11-22,109.35992431640625,109.4825225391328,109.35049146999539,109.46366404146474,990700
2024-11-25,110.001220703125,110.0200863958676,109.79374125387812,109.91634667124416,1849600
2024-11-26,109.92576599121094,109.93519883703894,109.7654435879008,109.8974746488801,986000
2024-11-27,110.20869445800781,110.31243417727113,110.0860962421299,110.2369858005063,2124100
2024-11-29,110.46331787109375,110.4916164072431,110.35957815733802,110.46331787109375,583100
2024-12-02,110.42644500732422,110.49263628606919,110.18058859442512,110.22787117108936,1220000
2024-12-03,110.32244110107422,110.55883958147301,110.28461647849332,110.53047291811461,935700
2024-12-04,110.55883026123047,110.60611283904788,110.15222462064952,110.17114053749988,1640400
2024-12-05,110.53046417236328,110.5682887919513,110.35079903289734,110.36971494984562,850900
2024-12-06,110.79523468017578,110.90870854445502,110.6723100712716,110.88979262658738,1484600
2024-12-09,110.61557006835938,110.7290367114797,110.60611210999654,110.7290367114797,909200
2024-12-10,110.4926528930664,110.54939343645324,110.40755289945025,110.4926528930664,897900
2024-12-11,110.34133911132812,110.71957084713263,110.32242319595315,110.64392882855648,3225900
2024-12-12,110.13333129882812,110.36027183256654,110.11441537933605,110.32244720789188,1537200
2024-12-13,109.8685531616211,110.06712700697332,109.83072854141467,110.05766904834456,1232900
2024-12-16,109.87799835205078,109.9820142487837,109.83072298991382,109.9820142487837,1026600
2024-12-17,109.87799835205078,109.97256350494128,109.82126503176312,109.84018094806451,792300
2024-12-18,109.25212860107422,110.00127609091038,109.21419625837756,109.93489629990488,1631700
2024-12-19,109.17626953125,109.3090291200896,109.07195739218245,109.22368677077343,1929600
2024-12-20,109.37539672851562,109.5935058772259,109.37539672851562,109.55557353680436,1936100
2024-12-23,109.12886047363281,109.36593220359734,109.10041302361388,109.3374847535784,1404000
2024-12-24,109.17626953125,109.17626953125,108.99609993774196,109.0340322823897,614600
2024-12-26,109.24264526367188,109.25213015819487,108.96764843619725,108.98661099038854,1144600
2024-12-27,109.14781188964844,109.34695125431293,109.13832699565843,109.24263912498567,774400
2024-12-30,109.5650863647461,109.59353381860151,109.48922166456099,109.48922166456099,1685800
2024-12-31,109.57454681396484,109.73575383974953,109.46074978907626,109.707306392241,1277000
2025-01-02,109.5650863647461,109.74526321897174,109.43232675685014,109.66939851878664,1138300
2025-01-03,109.44178009033203,109.68832944254537,109.41332540982685,109.64091944474463,1469200
2025-01-06,109.44178009033203,109.47022753598327,109.29953562722191,109.39436285767735,969300
2025-01-07,109.20472717285156,109.42282911691296,109.11937758636935,109.38489677123812,2306400
2025-01-08,109.32801055908203,109.35645801188525,109.15731860740692,109.18576606021016,2589000
2025-01-10,108.74956512451172,109.04353181091753,108.6926702135574,108.98663689996323,2362300
2025-01-13,108.64521026611328,108.74952238510498,108.58831537751911,108.7210749408079,2282700
2025-01-14,108.7210922241211,108.77798712175981,108.64522753736632,108.73057711867912,1039600
2025-01-15,109.40386199951172,109.46075689822396,109.28058007249535,109.39437710477472,2020300
2025-01-16,109.6314697265625,109.70733442920965,109.2711232412729,109.32801815083013,4930300
2025-01-17,109.58403015136719,109.69782718215221,109.5366201480145,109.6598948385572,1378200
2025-01-21,109.76420593261719,109.78316848680727,109.62196145420009,109.77369082713959,1042000
2025-01-22,109.57454681396484,109.72626894562856,109.51764468409336,109.71678405150757,939800
2025-01-23,109.48921203613281,109.54610693884034,109.38489989126545,109.38489989126545,1276100
2025-01-24,109.66937255859375,109.75471489995833,109.49868064101028,109.51764319413986,1176300
2025-01-27,110.1055908203125,110.15300805851483,109.91593633721277,110.1055908203125,1201200
2025-01-28,110.12455749511719,110.1435272850498,109.89697065991113,109.94438789988762,1171000
2025-01-29,110.02972412109375,110.20990094114207,109.82109985258614,110.19093115226612,982900
2025-01-30,110.1624984741211,110.25732572665112,110.1056035695742,110.17198336983078,806200
2025-01-31,110.12455749511719,110.29524943023549,109.9728353499315,110.20990708010386,1564200
2025-02-03,110.07606506347656,110.40890700567502,109.98096840219274,110.18067356751182,1998800
2025-02-04,110.24723052978516,110.26624695790696,109.98095700362333,109.98095700362333,1131900
2025-02-05,110.57056427001953,110.70370829293431,110.46596302875955,110.47546761543157,1075100
2025-02-06,110.46595764160156,110.55154244993408,110.39938200568608,110.46595764160156,1286700
2025-02-07,110.1996841430664,110.28527621246175,110.10458748683476,110.21870782755862,1237800
2025-02-10,110.20919799804688,110.38988672697376,110.18066972619735,110.30429465601526,1979900
2025-02-11,110.10456848144531,110.14260858845374,110.03800010803269,110.08555205564537,816900
2025-02-12,109.62911224365234,109.66715236253361,109.53401557415461,109.64813593079839,863400
2025-02-13,110.03802490234375,110.0950814480084,109.9334163983518,109.9524400838468,1328500
2025-02-14,110.35185241699219,110.50400562666258,110.34234057407207,110.4089089636923,1132800
2025-02-18,110.05703735351562,110.27575892651036,110.04752551173907,110.19967870311679,737900
2025-02-19,110.23773193359375,110.24724377650226,110.0570504507939,110.0570504507939,907900
2025-02-20,110.35185241699219,110.41842080661242,110.313812300722,110.313812300722,762800
2025-02-21,110.7512435913086,110.8273238106847,110.40888985952515,110.41840170079942,1059300
2025-02-24,110.91293334960938,110.94146887979566,110.64665977782279,110.6751880525984,812200
2025-02-25,111.42644500732422,111.47399696075905,111.255268132532,111.32183651409511,1443800
2025-02-26,111.61666107177734,111.66420577640781,111.29332370540217,111.38842037007355,1461000
2025-02-27,111.60713958740234,111.61665142967092,111.38841074768389,111.41694627448963,1216700
2025-02-28,112.01605987548828,112.0350763042991,111.69272254242695,111.81635472363115,3152300
2025-03-03,112.23917388916016,112.28684161636119,111.74338006181873,111.78151860808991,4542000
2025-03-04,112.13427734375,112.6396002737823,112.00079608955969,112.43937839249683,5034600
2025-03-05,111.72428894042969,112.26775037100356,111.72428894042969,112.20100974879912,2225500
2025-03-06,111.77198791503906,111.90546918809041,111.5336274597068,111.7624514600543,2026300
2025-03-07,111.6957015991211,112.20102455882387,111.60035887969885,112.15334956202113,2249600
2025-03-10,112.2105484008789,112.33449319477846,112.03892861553516,112.11519841799051,1516900
2025-03-11,112.00081634521484,112.43939872747082,111.93407570604946,112.2487132653366,2614300
2025-03-12,111.80058288574219,111.97220269361908,111.75290788803842,111.79104643136476,1167700
2025-03-13,112.06753540039062,112.1342760267019,111.65755518899776,111.73383226883428,2836000
2025-03-14,111.79105377197266,111.97221004612236,111.77198813614925,111.94360795529532,3752500
2025-03-17,111.762451171875,112.0103480815528,111.71477617125795,111.84825744396512,1798000
2025-03-18,111.8673324584961,111.98174082343535,111.7243147281381,111.7243147281381,1441300
2025-03-19,112.12474060058594,112.16287914085366,111.64801975851356,111.77197183292935,1861400
2025-03-20,112.24871063232422,112.48707109149284,112.15336062930963,112.48707109149284,1187000
2025-03-21,112.27729034423828,112.49657784942161,112.2486882587085,112.42030804606969,1618900
2025-03-24,111.8673324584961,112.09615646255854,111.84825954821693,112.0770908264633,3316600
2025-03-25,112.0198745727539,112.08661520750506,111.8959297579828,111.91499539326158,2576500
2025-03-26,111.89592742919922,111.99127015197608,111.81965034130434,111.9149930640812,1107400
2025-03-27,111.93405151367188,112.00079213841256,111.84823798232954,111.92451506037105,946900
2025-03-28,112.49658203125,112.54425702502685,112.21055389113717,112.23915597773018,1389200
2025-03-31,112.63961029052734,112.80169364586025,112.45845402622382,112.72542383252816,1682800
2025-04-01,112.84232330322266,113.01444136324842,112.72757549810483,112.72757549810483,2056000
2025-04-02,112.70845031738281,113.0813715510109,112.53633226376203,113.0813715510109,1071700
2025-04-03,113.69335174560547,113.89415493711769,113.52123368212325,113.66466661757545,2918800
2025-04-04,113.88459014892578,114.6495609367896,113.78897062426833,114.39138019538217,6213500
2025-04-07,113.12919616699219,114.1045343954733,112.92839295414088,113.98022243372994,5349400
2025-04-08,113.01445007324219,113.30130866519191,112.70846319798095,112.71802004433415,3584600
2025-04-09,112.52678680419922,112.83277369528959,111.77138007097237,112.66065561309482,7283100
2025-04-10,112.37377166748047,112.8327555780698,112.30683727378012,112.58413898919633,3717700
2025-04-11,111.86699676513672,112.04867898486727,111.51320376288598,112.01999385444724,3777100
2025-04-14,112.50765991210938,112.59371530104009,112.15385962413264,112.16342376578135,3110100
2025-04-15,112.67020416259766,112.85187906649766,112.53633537222842,112.53633537222842,1895100
2025-04-16,113.05269622802734,113.12918747325709,112.71801693702497,112.85188573530498,4376600
2025-04-17,112.96663665771484,113.1674398606659,112.88058126872264,113.05269934200962,1725700
2025-04-21,112.78495025634766,113.19612078864319,112.78495025634766,112.90926220734774,1793800
2025-04-22,112.76583862304688,112.92839256212848,112.72758934997422,112.87102230017095,1759700
2025-04-23,112.66064453125,113.25349726611675,112.58414599217643,113.08137920085235,2062400
2025-04-24,113.04312133789062,113.07180646403704,112.89012427137419,112.95705866414971,1340600
2025-04-25,113.31087493896484,113.35868835284076,113.0909434485594,113.1770061344755,1251400
2025-04-28,113.64555358886719,113.69336700553616,113.25351129433352,113.26306814142481,3023700
2025-04-29,113.88459014892578,113.89415428998215,113.60728842070769,113.60728842070769,2734500
2025-04-30,114.16190338134766,114.17146752336782,113.91328675594326,113.94197918200375,1964900
2025-05-01,113.74478149414062,114.29135449395768,113.60094495401397,114.27217238683129,1419300
2025-05-02,113.20779418945312,113.47628516722234,113.07354870056851,113.39957868488146,2012500
2025-05-05,113.13107299804688,113.26531846947718,112.99682021078708,113.25572741699516,847900
2025-05-06,113.34202575683594,113.35161680938693,113.13107381152112,113.20778028444035,791600
2025-05-07,113.45709991455078,113.5817543382129,113.31326338519925,113.36121133359302,1219900
2025-05-08,112.8721694946289,113.38997660820229,112.84340365206867,113.38038555540564,1464400
2025-05-09,112.93930053710938,113.1886167173468,112.92012574593585,113.07354602281485,1006600
2025-05-12,112.39273071289062,112.57492415541743,112.36396486740333,112.37355592117592,1908200
2025-05-13,112.38314056396484,112.5845161156582,112.29684302680816,112.55574295410877,2515700
2025-05-14,112.12425231933594,112.42150917717761,112.08589541577066,112.36397747974537,2861900
2025-05-15,112.60367584228516,112.63244168415547,112.38312552823014,112.47902142223727,2399900
2025-05-16,112.61327362060547,112.90093937231883,112.60368256746602,112.89135563500939,1578700
2025-05-19,112.68040466308594,112.68040466308594,112.36396572863939,112.38314052050104,2027900
2025-05-20,112.65164184570312,112.71876459276918,112.46944839688209,112.54616219805207,2498000
2025-05-21,112.30643463134766,112.48862076040417,112.21053872404038,112.42149801478743,2497600
2025-05-22,112.54615020751953,112.56532499785379,112.30642509127641,112.41190472768977,2611900
2025-05-23,112.72834014892578,112.92012463793053,112.6516336691541,112.91053358452274,2081600
2025-05-27,112.92970275878906,112.99682549764472,112.73792559515283,112.84340522990172,2965000
2025-05-28,112.75711059570312,112.84341544823549,112.68998785076927,112.80505854886894,1972300
2025-05-29,113.02559661865234,113.1118941459838,112.91052593304735,112.92970072273333,4291200
2025-05-30,113.33245849609375,113.33245849609375,113.07355125038472,113.12149920428065,1800400
2025-06-02,113.09488677978516,113.25840033115647,112.99870276947084,113.14297511575752,1745900
2025-06-03,112.99869537353516,113.24877231631056,112.95059970234114,113.19106338157303,1289500
2025-06-04,113.48921966552734,113.55654919248943,113.20066769499041,113.23914275873561,1927000
2025-06-05,113.20068359375,113.56618574311122,113.17182912648057,113.46038113754393,1529800
2025-06-06,112.64280700683594,112.84479561771957,112.59471133541973,112.77746608075836,4591500
2025-06-09,112.77745819091797,112.86402158736824,112.67165359189964,112.67165359189964,1402800
2025-06-10,112.84478759765625,112.99868786455488,112.81593313220492,112.97944666200823,1369400
2025-06-11,113.20068359375,113.22953806101943,113.00830824800533,113.0756377844237,1607800
2025-06-12,113.47960662841797,113.50846109169208,113.35456083640605,113.48921989059728,956000
2025-06-13,113.26800537109375,113.38342323226512,113.08525063974764,113.3449481657518,1310200
2025-06-16,113.12371826171875,113.33532744443194,113.12371826171875,113.20066838968138,1678300
2025-06-17,113.40266418457031,113.44113925099876,113.18143438719886,113.28723898528496,1323300
2025-06-18,113.46038055419922,113.729698698488,113.36419655100596,113.52771009027141,1135000
2025-06-20,113.57579040527344,113.68159499599166,113.36418122383701,113.39303568705687,1129700
2025-06-23,113.88359069824219,114.09519989291093,113.72969043362183,113.74893163588364,1368800
2025-06-24,114.11444854736328,114.15292361850518,113.81627591897534,113.85475099011724,2317700
2025-06-25,114.1913833618164,114.22023782670735,113.94129910214738,114.01824923410223,1547200
2025-06-26,114.47032928466797,114.47994254799048,114.28757454437508,114.35490407947735,1942100
2025-06-27,114.31642150878906,114.48955563602816,114.25871257916552,114.28756704397729,2391100
2025-06-30,114.5472640991211,114.57612590218378,114.35489610891378,114.47993456871168,1731900
2025-07-01,114.29840087890625,114.5299161507889,114.22123648111588,114.4527443934947,4456200
2025-07-02,114.20193481445312,114.29839582705551,114.11512211096203,114.18264555573406,1217000
2025-07-03,113.90290069580078,113.99936170605586,113.82572894379537,113.93183826292697,990400
2025-07-07,113.79678344726562,113.89324445079929,113.74854926574739,113.87395519389368,1743000
2025-07-08,113.7003173828125,113.70995833108476,113.62314563961945,113.6327939473942,1442300
2025-07-09,114.02828979492188,114.04758641107092,113.81607117429871,113.81607117429871,1232400
2025-07-10,113.99935150146484,114.0089998094777,113.8643046272957,113.98006224494183,659900
2025-07-11,113.77750396728516,113.83538646572549,113.71962882834876,113.82573815606813,703000
2025-07-14,113.7582015991211,113.8932484807472,113.70032646685364,113.80643578234603,1866800
2025-07-15,113.48810577392578,113.82572297185696,113.4495198999475,113.82572297185696,1068500
2025-07-16,113.77750396728516,113.81608984641075,113.5845819311612,113.5845819311612,3135500
2025-07-17,113.7099609375,113.87395273541983,113.66173411652578,113.79678099045788,1696800
2025-07-18,113.95112609863281,114.03794615843088,113.90289927385899,113.9897119741538,724800
2025-07-21,114.16333770751953,114.26944701879549,114.1344001425357,114.22122019699002,729400
2025-07-22,114.33697509765625,114.4044985385268,114.25016239918115,114.25016239918115,1128500
2025-07-23,114.08616638183594,114.2790957482775,114.08616638183594,114.2308615667914,1494100
2025-07-24,113.95112609863281,114.01864954091876,113.83537583157303,113.83537583157303,1142400
2025-07-25,114.08616638183594,114.11511130642928,113.95111950507827,113.97041612147383,1597500
2025-07-28,113.98970794677734,114.02829382093508,113.95112207261963,114.0090045636077,1198900
2025-07-29,114.34662628173828,114.36591553982791,114.06688420266745,114.06688420266745,1314000
2025-07-30,114.09581756591797,114.3562703773033,114.03794243427812,114.11511418279991,1816000
2025-07-31,114.124755859375,114.27909935740267,114.07652903586865,114.15369342537943,3330700
2025-08-01,115.14158630371094,115.18995662667122,114.84165782319137,114.84165782319137,4335200
2025-08-04,115.20931243896484,115.2576827626716,115.01580899993347,115.19963542166292,1605400
2025-08-05,115.11256408691406,115.21898175133069,115.05450936466694,115.09321005236454,1675800
2025-08-06,115.13191223144531,115.16093590224412,114.8900384662532,115.04484121904889,1596900
2025-08-07,115.06419372558594,115.17061877819627,114.99646936314318,115.1028944157535,1995900
2025-08-08,114.87069702148438,114.9577680378289,114.84166596796767,114.9577680378289,1950800
2025-08-11,114.89006042480469,114.97713145384272,114.84168270995939,114.89006042480469,1195900
2025-08-12,114.92874145507812,114.9480881088641,114.8029697519651,114.84166305953704,1450400
2025-08-13,115.22866821289062,115.286722939896,115.1512668311515,115.1802978853552,1289400
2025-08-14,114.9867935180664,115.09321857176222,114.92874617292395,115.05451788119993,2887700
2025-08-15,114.89972686767578,115.05452225440673,114.85134915728358,115.01582156237343,1330200
2025-08-18,114.85134887695312,114.95777393443439,114.78362451141071,114.95777393443439,1930600
2025-08-19,115.01581573486328,115.03516977060045,114.95776839045554,114.95776839045554,2919000
2025-08-20,115.09321594238281,115.18996397587729,115.01581456302651,115.0254915807965,1844500
2025-08-21,114.87069702148438,115.05451607201232,114.80297265941579,115.03516941773638,1727800
2025-08-22,115.36412048339844,115.44152186751478,114.97712094421898,114.98679796258409,2197000
2025-08-25,115.23834228515625,115.29638962927574,115.17061792321626,115.23834228515625,1222000
2025-08-26,115.48020935058594,115.49955600370096,115.32540660006008,115.35443765183474,1503400
2025-08-27,115.65436553955078,115.65436553955078,115.4124917637147,115.45119245361668,1389700
2025-08-28,115.72209930419922,115.74144596002125,115.56729653201317,115.5963275878499,1105700
2025-08-29,115.79948425292969,115.84785457631997,115.67370517303185,115.70272884334629,1312500
2025-09-02,115.60348510742188,115.66170171735058,115.50645495656535,115.50645495656535,1991300
2025-09-03,115.79756164550781,115.89459921289628,115.57439300753919,115.58409824486343,1589000
2025-09-04,116.0498275756836,116.0595328114674,115.8945808177719,115.95279742662306,1710000
2025-09-05,116.35063934326172,116.602916269058,116.35063934326172,116.54469965586291,2540200
2025-09-08,116.51557922363281,116.55439276269905,116.41854907743001,116.53498229170312,2039500
2025-09-09,116.33123016357422,116.60291756540698,116.28271138342132,116.51559264464352,1665300
2025-09-10,116.41854858398438,116.52527656230713,116.40884334852754,116.486470426331,1110100
2025-09-11,116.44766998291016,116.68054383958348,116.43796474636189,116.53499490306524,2054000
2025-09-12,116.28269958496094,116.36032666415868,116.20507990868892,116.36032666415868,1852400
2025-09-15,116.40885162353516,116.46706823456331,116.39914638738841,116.44766516519597,1124000
2025-09-16,116.49617767333984,116.55440168786053,116.42825582550421,116.4476662979865,1893500
2025-09-17,116.29241180419922,116.72905859871382,116.22448995655377,116.53499088906527,3631900
2025-09-18,116.13716888427734,116.23419904085084,116.03043349116858,116.1177584112068,1952300
2025-09-19,116.1274642944336,116.18568090811661,116.04983720757194,116.13716953102292,1665100
2025-09-22,116.02073669433594,116.17599087848832,116.01103145709467,116.1565804040058,1730600
2025-09-23,116.18567657470703,116.19538181093438,116.03042980970048,116.117754726968,2705900
2025-09-24,115.9819107055664,116.10805656738883,115.97220546936634,116.09835133118875,2221800
2025-09-25,115.75875091552734,115.8460758392046,115.67141858892337,115.80726229437246,2325800
2025-09-26,115.77815246582031,115.87518262516286,115.71993585080011,115.74904415831021,1581000
2025-09-29,115.92369079589844,115.97220216966619,115.83635847843496,115.84606371435889,945600
2025-09-30,115.96250915527344,116.14686422793295,115.94309868261901,116.0207257673842,2975800
2025-10-01,116.2602767944336,116.34785525803736,116.13376467000089,116.3186624368361,3062600
2025-10-02,116.3089370727539,116.33813732039691,116.15323954076273,116.17269894810376,1850500
2025-10-03,116.14352416992188,116.37707421640546,116.12406475955746,116.29922915052568,1536500
2025-10-06,115.98780822753906,116.12404635176009,115.96834139583838,116.0072676348188,1657300
2025-10-07,116.17269897460938,116.26028486871644,116.03646084992813,116.06565367315683,1875200
2025-10-08,116.12405395507812,116.28948491326095,116.10458712210283,116.2797514967733,1237700
2025-10-09,116.08512878417969,116.12405502606785,116.04620254229152,116.10458819291303,1739900
2025-10-10,116.56196594238281,116.63008501173688,116.27003025561751,116.3381493249716,3336600
2025-10-13,116.66900634765625,116.66900634765625,116.51330880614789,116.57169445616084,818900
2025-10-14,116.83443450927734,116.86362733358511,116.6592701390095,116.70792979580327,2363800
2025-10-15,116.73712158203125,116.86362629438038,116.66900251777847,116.78578123839232,2062300
2025-10-16,117.11664581298828,117.13611264574489,116.66900517706365,116.68847200982027,3291000
2025-10-17,116.95122528076172,117.04853717995437,116.88310620888468,117.0388037627085,2312600
2025-10-20,117.01933288574219,117.01933288574219,116.9220209960853,116.98040664499517,1622600
2025-10-21,117.12637329101562,117.1847589374826,117.07771363601249,117.13610670690043,1623700
2025-10-22,117.14583587646484,117.18476211663919,117.02906458036296,117.0874502284139,2118700
2025-10-23,116.89282989501953,117.04852743588182,116.87336306214837,117.0096011945609,1305400
2025-10-24,116.97068786621094,117.0388069399372,116.8831093818867,117.01934752933921,1834700
2025-10-27,116.90254974365234,116.93174999142457,116.75658562689624,116.85389751287397,1728300
2025-10-28,116.96095275878906,116.99987900137387,116.85390744778627,116.87336685686786,2217300
2025-10-29,116.47438049316406,116.95121395010605,116.43545425237392,116.95121395010605,2238000
2025-10-30,116.43545532226562,116.53276721292451,116.30894318242987,116.31867659882217,2831700
2025-10-31,116.53276824951172,116.58142790748467,116.46464918300244,116.51330884097538,1839400
2025-11-03,116.49958038330078,116.57767154263823,116.43125248067622,116.45077899410201,2179900
2025-11-04,116.60693359375,116.64597916663074,116.55813221303524,116.5874145309004,1351800
2025-11-05,116.28482818603516,116.51910165350547,116.25554586439699,116.50933839723191,2048600
2025-11-06,116.6752700805664,116.74359797634638,116.56789660902899,116.58742312049876,1523600
2025-11-07,116.74359893798828,116.8900179864892,116.64598872138171,116.65575197719701,1493100
2025-11-10,116.59717559814453,116.70454906661453,116.58741978987045,116.62646536451244,2699700
2025-11-11,116.8607406616211,116.89002298313657,116.7728862498922,116.81193182764032,934000
2025-11-12,116.8412094116211,116.90953730811421,116.79240802680154,116.81192709129292,1284700
2025-11-13,116.64598846435547,116.76312519233454,116.62646939995004,116.64598846435547,2007600
2025-11-14,116.5678939819336,116.9192967086488,116.53861166257099,116.88025113377134,1810800
2025-11-17,116.61669921875,116.67526385567054,116.58741690028974,116.626462473964,2780900
2025-11-18,116.79241180419922,116.95834992288054,116.68503832806839,116.8900220241775,1984800
2025-11-19,116.76313018798828,116.91930505146009,116.69480228887265,116.89002273000803,1876400
2025-11-20,116.9583511352539,117.02667903466522,116.7924130148525,116.8412144017563,2024300
2025-11-21,117.2121353149414,117.2706999539256,117.05595301474095,117.2121353149414,2331200
2025-11-24,117.27069854736328,117.29998086650416,117.15356182361788,117.25117948366332,2488400
2025-11-25,117.4756851196289,117.56353952639553,117.32926607313924,117.32926607313924,2594300
2025-11-26,117.4952163696289,117.4952163696289,117.29998848404169,117.40736195931908,1253000
2025-11-28,117.38784790039062,117.51474044604691,117.32927580862545,117.49522138024697,1048600
2025-12-01,117.04519653320312,117.18225120374959,117.02562049551906,117.13330737507978,2965800
2025-12-02,117.14310455322266,117.16268059181327,117.02562591491986,117.07456974585624,1326300
2025-12-03,117.28016662597656,117.3291104599994,117.17247973463803,117.28016662597656,1801400
2025-12-04,117.07456970214844,117.15288879432106,117.01583411747882,117.15288879432106,1736500
2025-12-05,116.90814208984375,117.08435630502012,116.87877429880092,117.08435630502012,2263000
2025-12-08,116.73192596435547,116.84940459552365,116.60466304894605,116.83961284236315,2242700
2025-12-09,116.60466003417969,116.83960982152226,116.60466003417969,116.82981806861493,2532800
2025-12-10,116.91793823242188,116.93751427087888,116.55571803515014,116.56550978883847,4615200
2025-12-11,116.95709991455078,117.14310589342834,116.92773212186903,117.10394634687938,3260300
2025-12-12,116.84941864013672,116.89836994290361,116.7906830519526,116.81025909170725,3180700
2025-12-15,116.93751525878906,117.08436168967602,116.8983631815443,117.006042597347,1243100
2025-12-16,117.14310455322266,117.17247234556844,116.93751506896282,116.94730682271799,1770900
2025-12-17,117.14310455322266,117.1528888380581,117.04520195351047,117.05499370726564,2980100
2025-12-18,117.32910919189453,117.38785224857531,117.21163801637319,117.34869270042816,1568500
2025-12-19,117.19259643554688,117.28098087445522,117.16313745328125,117.22206290992396,1365300
2025-12-22,117.09440612792969,117.13368727127221,117.05512498458718,117.12386511240857,1116600
2025-12-23,116.98637390136719,117.02565504103114,116.85871581654281,116.89799695620677,1340200
2025-12-24,117.16313934326172,117.18278365983,117.03548125401424,117.07476239503922,648900
2025-12-26,117.3104476928711,117.33009201043468,117.22207074017078,117.32026985165288,1381900
2025-12-29,117.43810272216797,117.43810272216797,117.34972577177525,117.37918475523949,1331700
2025-12-30,117.40863800048828,117.45774129860332,117.33989787839407,117.36935686041853,1370400
2025-12-31,117.20242309570312,117.38900664670116,117.1729641123059,117.29080753800652,1215900
2026-01-02,117.17296600341797,117.29080943102052,117.13368486088379,117.28098727235901,1201300
2026-01-05,117.36936950683594,117.38901382504316,117.24171140693778,117.28099255124003,3155700
2026-01-06,117.35955047607422,117.36936514270069,117.20242590470757,117.31044717449416,2074200
2026-01-07,117.41846466064453,117.4872047853744,117.33990237749276,117.4773826269525,1987100
2026-01-08,117.2220687866211,117.31044573784857,117.21224662800299,117.24170561174547,1308700
2026-01-09,117.18278503417969,117.30062096652503,117.12385957589534,117.21224401726602,1852800
2026-01-12,117.13368225097656,117.22206669273712,117.09440110931762,117.11404542620295,1218600
2026-01-13,117.2613525390625,117.30062619018545,117.17296809375587,117.2613525390625,1517800
2026-01-14,117.36936950683594,117.44793179544043,117.30062937733506,117.30062937733506,1082300
2026-01-15,117.14350128173828,117.32026266842823,117.13367912355787,117.31044051024782,2038100
2026-01-16,116.9372787475586,117.14349911286016,116.89799760767572,117.12385479686304,1764400
2026-01-20,116.78015899658203,116.88818026268,116.75070001348472,116.80961797967936,1244700
2026-01-21,116.91763305664062,116.92745521452368,116.78015281472298,116.85871509356485,2374400
2026-01-22,116.8488998413086,116.86854415823566,116.75070073300844,116.81944085802972,1289300
2026-01-23,116.95691680908203,116.97656112528702,116.82925872219533,116.85871770439138,1128200
2026-01-26,117.03547668457031,117.08457998196226,116.996195545079,117.03547668457031,1008600
2026-01-27,117.04530334472656,117.13368029289805,117.01584436200274,117.01584436200274,1476400
2026-01-28,116.9961929321289,117.0452962284242,116.87834951628685,117.03547407074292,1191300
2026-01-29,117.12385559082031,117.19259571305346,116.98637534635398,116.98637534635398,1516400
2026-01-30,117.20242309570312,117.26134855460931,117.14350512890869,117.18278627080889,1901800
2026-02-02,117.04186248779297,117.2191690945953,117.022165093802,117.2191690945953,2058200
2026-02-03,117.08126831054688,117.11081816003208,116.95321645770399,116.95321645770399,1215900
2026-02-04,117.08126831054688,117.16991785900247,116.99261124687015,117.01231615667437,1305000
2026-02-05,117.57378387451172,117.60333372350229,117.29797526363842,117.36692741635675,2219800
2026-02-06,117.52452087402344,117.6328753228706,117.43587133326875,117.62303038404484,2505700
2026-02-09,117.5934829711914,117.61318788095106,117.5048334229363,117.55408066689321,1106000
2026-02-10,117.8495864868164,117.87913633430287,117.78063433760775,117.80033173085853,1262100
2026-02-11,117.6131820678711,117.74123391409537,117.52452500877679,117.55407485673464,2181300
2026-02-12,118.02690124511719,118.0367537000339,117.68214047524367,117.6919929301604,3276500
2026-02-13,118.34210968017578,118.381511983794,118.2534601334505,118.28300998235893,2193000
2026-02-17,118.28301239013672,118.38151439357691,118.24361008571641,118.33225963424624,1252500
2026-02-18,118.12540435791016,118.18451157274434,118.11555941812213,118.14510926792862,1253200
2026-02-19,118.16480255126953,118.24360715815904,118.09585039904645,118.1155553083793,1298000
2026-02-20,118.22390747070312,118.23375992580473,118.0663057651839,118.22390747070312,1827000
2026-02-23,118.52925872802734,118.58835842085037,118.28299998763764,118.29284492629458,1350100
2026-02-24,118.47016906738281,118.52927628418094,118.40121691046956,118.49972643339261,1794700
2026-02-25,118.37165832519531,118.4504629316303,118.34210847658743,118.36181338580663,1846200
2026-02-26,118.57850646972656,118.59821137756468,118.44060217574126,118.44060217574126,1630600
2026-02-27,118.91342163085938,118.9725213236173,118.8050671839896,118.844469484235,2286200
2026-03-02,118.4106674194336,118.66748279469964,118.30201505050887,118.66748279469964,2836900
2026-03-03,118.35140991210938,118.44031073378365,118.02545279244342,118.0550838877069,3770000
2026-03-04,118.13409423828125,118.33164741490388,118.13409423828125,118.32176787210196,3830700
2026-03-05,117.93655395507812,117.98593659956474,117.81802204371996,117.8772842314573,2221100
2026-03-06,117.94642639160156,118.1736031214954,117.72912166848013,117.72912166848013,3297500
2026-03-09,118.13409423828125,118.17360487360578,117.75875450652298,117.86740686969463,3441500
2026-03-10,117.91679382324219,118.18348873746292,117.89704227279934,118.13409855753066,1692100
2026-03-11,117.64022827148438,117.84765346502486,117.61059717753338,117.80814282779569,2388300
2026-03-12,117.264892578125,117.57109060738883,117.16611974957704,117.49206933019694,3384500
2026-03-13,117.29452514648438,117.52170943729384,117.23526295578795,117.46243971071354,3052600
2026-03-16,117.6303482055664,117.65010729203495,117.48219273646968,117.59084510439627,3122200
2026-03-17,117.7093734741211,117.81802584573478,117.7093734741211,117.72913256126016,2191100
2026-03-18,117.29452514648438,117.65011336243074,117.29452514648438,117.5908511717343,2901600
2026-03-19,117.264892578125,117.3735449502929,116.95869454886119,116.9883256438372,4893800
2026-03-20,116.63272857666016,116.88953640420918,116.54382776259843,116.8697848543528,5392200
2026-03-23,116.9093017578125,117.08709585958486,116.6327348296963,116.70187656172536,7691100
2026-03-24,116.56359100341797,116.78089573900037,116.38579690483996,116.55371146019601,4736400
2026-03-25,116.9290542602539,116.98832398524941,116.77101924399444,116.89942316569798,3282400
2026-03-26,116.29689025878906,116.73149970817116,116.26725916649175,116.64259889539615,2778100
2026-03-27,116.51420593261719,116.56359611500942,116.20800790226001,116.21788744591521,3357200
2026-03-30,116.97843170166016,117.07720451805044,116.87965888526988,116.91916951900255,4371400
2026-03-31,117.14635467529297,117.34390785817622,117.09697203148468,117.23525549156128,3898500
2026-04-01,117.04827117919922,117.25632966839616,117.03836147241131,117.09781215424724,3196200
2026-04-02,117.1968765258789,117.33558217348511,117.0680805842134,117.07798273126322,2805800
2026-04-06,116.97891235351562,117.1077082995907,116.9095595273381,116.97891235351562,1499800
2026-04-07,117.1968765258789,117.266229349682,116.83029299498202,117.03835146639132,1551200
2026-04-08,117.39503479003906,117.61300298502535,117.33559166736698,117.60309327828283,2302100
2026-04-09,117.41485595703125,117.58328317971181,117.25633088234959,117.36531498147033,884400
2026-04-10,117.32567596435547,117.44456976251472,117.27614255095746,117.42475035004263,1129500
2026-04-13,117.47429656982422,117.48420627650292,117.23651652177537,117.31577905742213,1210900
2026-04-14,117.72198486328125,117.72198486328125,117.41485199007677,117.4544832574082,1087600
2026-04-15,117.57337188720703,117.65263442347891,117.49410935093515,117.65263442347891,852300
2026-04-16,117.47429656982422,117.65263349558371,117.4643868631455,117.642723788905,1156200
2026-04-17,117.92013549804688,118.0192174473815,117.83097081431548,117.87060208227103,1213700
2026-04-20,117.82106018066406,117.91023242258538,117.74179764537655,117.8805108615754,889700
2026-04-21,117.43466186523438,117.72198287937675,117.43466186523438,117.6724419063245,1194200
2026-04-22,117.53374481201172,117.66254832777139,117.50402324957234,117.64272891355061,649700
2026-04-23,117.39503479003906,117.5931911304318,117.25632913120988,117.55355986235325,1117200
2026-04-24,117.59319305419922,117.63282432292613,117.30587202509791,117.35540544183783,793900
2026-04-27,117.47429656982422,117.57337095993695,117.40494374085617,117.50401813096889,591900
2026-04-28,117.34549713134766,117.37521869160908,117.26623459805639,117.32567771857923,1552000
2026-04-29,116.94918823242188,117.14733700033509,116.83029443633937,117.14733700033509,1044900
2026-04-30,117.13744354248047,117.20679637228382,117.06809071267712,117.16716510398311,871000
2026-05-01,117.17718505859375,117.41569131949743,117.09768044430008,117.14736514175063,961700
2026-05-04,116.90886688232422,117.04799617587176,116.72004530594775,117.03805620291041,1098800
2026-05-05,116.96849060058594,117.07780755633422,116.94861823680341,116.98837054634623,833500
2026-05-06,117.32625579833984,117.38588805465636,117.26663112400125,117.30638343421963,903300
2026-05-07,117.13744354248047,117.53495148661372,117.0877512584748,117.53495148661372,1096700
2026-05-08,117.31632232666016,117.42563928325926,117.29644238074513,117.39581936438672,703900
2026-05-11,117.06787872314453,117.25669272173876,117.03805880359785,117.23682035735233,733500
2026-05-12,116.79954528808594,116.8691099320976,116.78960531551925,116.8691099320976,800200
2026-05-13,116.8492431640625,116.86911552816986,116.66042158614191,116.77967851671984,1338000
2026-05-14,116.72998809814453,117.00824669196007,116.7200481249431,116.98837432753525,623600
2026-05-15,116.22315216064453,116.37222142632625,116.18340743297537,116.35234906249167,1246300
2026-05-18,116.21321868896484,116.42191262618732,116.09396176113297,116.32253564398296,2870700
2026-05-19,115.94489288330078,116.06414981153016,115.78589122763937,115.98464519271057,1323700
2026-05-20,116.41197204589844,116.49147666403813,115.97470422810777,115.98464420086965,2614900
2026-05-21,116.43185424804688,116.46166658493264,116.06415106850739,116.18340799802831,2286200
2026-05-22,116.41197204589844,116.55110133665406,116.21321808252688,116.53122897310799,1577100
2026-05-26,116.71011352539062,116.74986583546611,116.57098423111539,116.72998588943942,1136900
2026-05-27,116.74987030029297,116.86911965310193,116.72005038011255,116.74987030029297,1107400
2026-05-28,116.8790512084961,117.0082405253939,116.71010958286564,116.7597942822982,1260200
2026-05-29,117.00823974609375,117.08774436302949,116.91880273852423,116.98836738284861,1319900
2026-06-01,116.86768341064453,116.87764702769904,116.56860757108912,116.658325759467,997000
2026-06-02,116.85771179199219,116.94742998006622,116.80786328363027,116.93746636304544,1070800
2026-06-03,116.70817565917969,116.76798778547793,116.60848624674442,116.66829837304266,841100
2026-06-04,116.81783294677734,116.94742841864772,116.79789810718745,116.89758751676577,783500
2026-06-05,116.36922454833984,116.47887757268347,116.30940481909917,116.44897151097027,1864900
2026-06-08,116.34928894042969,116.56861021363362,116.3393177173346,116.52873292706792,1534000
2026-06-09,116.52873229980469,116.60848687250675,116.41907166379302,116.48885501345364,1240100
2026-06-10,116.48885345458984,116.62842015204342,116.41907010586306,116.59851408913403,848600
2026-06-11,116.9873046875,117.0172107495323,116.50879248335461,116.54866976800245,1738000
2026-06-12,116.84774017333984,116.93746596692446,116.7380795399667,116.84774017333984,1312000
2026-06-15,116.97733306884766,117.12687098431721,116.95739822949841,117.06705886045512,619300
2026-06-16,117.12687683105469,117.21660262714107,117.00725257735911,117.02718741770347,726000
2026-06-17,116.53870391845703,117.13684800412366,116.51876147230648,117.11691316378781,1675200
2026-06-18,116.82780456542969,117.0172121625261,116.80786211995779,116.84773940508715,1501600
2026-06-22,116.55863952636719,116.67827138661421,116.53870468590007,116.63839409986521,1151200
2026-06-23,116.70817565917969,116.79790145444169,116.66829837304266,116.73808172232881,1738500
2026-06-24,117.10694122314453,117.15678212658611,116.97733814140419,116.97733814140419,1666200
2026-06-25,117.20662689208984,117.36613603196311,117.18669205251288,117.2664390166351,537600
2026-06-26,117.44588470458984,117.48576199013827,117.30631800807765,117.30631800807765,896500
2026-06-29,117.41597747802734,117.43591992351114,117.3162880680517,117.3860714156161,1226700
2026-06-30,117.08699798583984,117.31629047872843,117.07703436870766,117.29635563864946,1442100
2026-07-01,116.94999694824219,117.11000061035156,116.93000030517578,117.01000213623047,1092000
2026-07-02,117.11000061035156,117.19000244140625,117.01000213623047,117.06999969482422,957400
2026-07-06,117.19999694824219,117.19999694824219,117.05999755859375,117.12999725341797,900800
2026-07-07,116.83999633789062,117.05999755859375,116.81999969482422,117.05000305175781,983400
2026-07-08,116.68000030517578,116.70999908447266,116.52999877929688,116.66999816894531,1038500
2026-07-09,116.83999633789062,116.94999694824219,116.75,116.76000213623047,935600
2026-07-10,116.7699966430664,116.88999938964844,116.72000122070312,116.83999633789062,1345800
2026-07-13,116.44999694824219,116.66999816894531,116.43000030517578,116.66000366210938,1419900
2026-07-14,116.73999786376953,116.91000366210938,116.63999938964844,116.79000091552734,1203300
2026-07-15,116.9800033569336,117.05999755859375,116.86000061035156,116.86000061035156,2224400
2026-07-16,116.94999694824219,116.94999694824219,116.80999755859375,116.8499984741211,794000
2026-07-17,116.9800033569336,117.2300033569336,116.95999908447266,117.12999725341797,984800
