Date,Close,High,Low,Open,Volume
2007-01-11,25.152563095092773,25.15256309509277,25.15256309509277,25.15256309509277,200
2007-01-12,25.117429733276367,25.117429733276367,25.117429733276367,25.117429733276367,200
2007-01-16,25.14501190185547,25.14501190185547,25.14501190185547,25.14501190185547,1200
2007-01-17,25.14501190185547,25.14501190185547,25.14501190185547,25.14501190185547,0
2007-01-18,25.129974365234375,25.12997436523437,25.12997436523437,25.12997436523437,1000
2007-01-19,25.117429733276367,25.14502870025547,25.107393571265586,25.14502870025547,14800
2007-01-22,25.134994506835938,25.137504026085725,25.1149221812423,25.137504026085725,1800
2007-01-23,25.117429733276367,25.13499253824469,25.117429733276367,25.13499253824469,2200
2007-01-24,25.129974365234375,25.12997436523437,25.122445808388953,25.122445808388953,10200
2007-01-25,25.07478141784668,25.127469841025246,25.069762378952067,25.127469841025246,11200
2007-01-26,25.037145614624023,25.054708421881404,25.034636095243705,25.054708421881404,1400
2007-01-29,25.042158126831055,25.042158126831055,25.042158126831055,25.042158126831055,200
2007-01-30,25.072254180908203,25.074763698582142,25.067237059761457,25.074763698582142,10800
2007-01-31,25.10487937927246,25.104879379272457,25.08731657757322,25.08731657757322,600
2007-02-01,25.120738983154297,25.123253952531094,25.120738983154297,25.123253952531094,3200
2007-02-02,25.148420333862305,25.148420333862305,25.148420333862305,25.148420333862305,200
2007-02-05,25.148420333862305,25.148420333862305,25.148420333862305,25.148420333862305,0
2007-02-06,25.208820343017578,25.20882034301758,25.17107467017329,25.17107467017329,10800
2007-02-07,25.236488342285156,25.24152020034701,25.236488342285156,25.24152020034701,600
2007-02-08,25.236488342285156,25.236488342285156,25.236488342285156,25.236488342285156,0
2007-02-09,25.18869972229004,25.221413548518942,25.18869972229004,25.216379766102733,4400
2007-02-12,25.201261520385742,25.213842126422715,25.196227742111834,25.213842126422715,13000
2007-02-13,25.201261520385742,25.201261520385742,25.201261520385742,25.201261520385742,0
2007-02-14,25.28932762145996,25.29184451001764,25.276745098495024,25.279261987052703,2000
2007-02-15,25.33965301513672,25.357267394796757,25.33965301513672,25.34971864920294,29400
2007-02-16,25.367338180541992,25.369855069525535,25.35224068628831,25.35224068628831,7400
2007-02-20,25.39753532409668,25.39753532409668,25.36985530449271,25.36985530449271,12200
2007-02-21,25.392518997192383,25.392518997192383,25.37490268319323,25.379936464285837,2000
2007-02-22,25.34217071533203,25.359785095556266,25.342170715332028,25.359785095556266,2000
2007-02-23,25.412641525268555,25.422707164920812,25.374895856528706,25.374895856528706,130400
2007-02-26,25.4604434967041,25.462960385650277,25.452894749689328,25.452894749689328,1400
2007-02-27,25.551036834716797,25.553553724109612,25.503225535373833,25.503225535373833,12200
2007-02-28,25.518320083618164,25.55606381818927,25.508254447791295,25.55606381818927,13400
2007-03-01,25.51934051513672,25.572395044700013,25.519340515136722,25.567341130930167,35400
2007-03-02,25.554706573486328,25.562285515561758,25.49154615285364,25.49154615285364,28800
2007-03-05,25.559743881225586,25.56479779137569,25.5572188536525,25.5572188536525,12200
2007-03-06,25.526906967163086,25.552170741139907,25.516801072071882,25.516801072071882,20200
2007-03-07,25.549631118774414,25.567315944540837,25.52942126611382,25.52942126611382,19400
2007-03-08,25.582496643066406,25.582496643066406,25.539546093258203,25.55470590451528,7200
2007-03-09,25.49153709411621,25.531958746655196,25.47890424347769,25.47890424347769,19600
2007-03-12,25.516815185546875,25.52439412918163,25.511763198958192,25.521867172135554,23200
2007-03-13,25.600191116333008,25.600191116333004,25.56482142259565,25.572400367324548,2600
2007-03-14,25.564794540405273,25.59258526019091,25.564794540405273,25.57237347716468,8400
2007-03-15,25.564794540405273,25.56984652241097,25.539528847871626,25.539528847871626,10600
2007-03-16,25.559743881225586,25.562270836300637,25.55974388122559,25.562270836300637,400
2007-03-19,25.521865844726562,25.524392801641206,25.516813858400635,25.516813858400635,3600
2007-03-20,25.53953742980957,25.554697235924184,25.531958490503445,25.554697235924184,5800
2007-03-21,25.559743881225586,25.55974388122559,25.516795282459544,25.52184726510768,5000
2007-03-22,25.531959533691406,25.557225235747286,25.5269075497817,25.549644368629053,7000
2007-03-23,25.5142822265625,25.531967066717932,25.514282226562496,25.531967066717932,2000
2007-03-26,25.544597625732422,25.56480942052302,25.499122051204992,25.499122051204992,7000
2007-03-27,25.521865844726562,25.531971744881776,25.51934081531528,25.531971744881776,3800
2007-03-28,25.524389266967773,25.5673378910523,25.524389266967777,25.554706963234963,3600
2007-03-29,25.504179000854492,25.51933881364991,25.504179000854492,25.511759871003807,7200
2007-03-30,25.499114990234375,25.526905718500196,25.481430156565423,25.481430156565423,14200
2007-04-02,25.500635147094727,25.513322804598385,25.50063514709473,25.505709048577348,4400
2007-04-03,25.495563507080078,25.50824922984422,25.485413767349815,25.503175327911546,3200
2007-04-04,25.5158634185791,25.528551078385586,25.510789516175564,25.518401337713417,2000
2007-04-05,25.510780334472656,25.510780334472653,25.500630597453522,25.510780334472653,16600
2007-04-09,25.419435501098633,25.419435501098636,25.399136026370453,25.399136026370453,8400
2007-04-10,25.44989776611328,25.45243374985663,25.442284007286865,25.442284007286865,103800
2007-04-11,25.47019386291504,25.477807621307267,25.47019386291504,25.477807621307267,1600
2007-04-12,25.45243263244629,25.46765821356523,25.429597164565934,25.429597164565934,21600
2007-04-13,25.442256927490234,25.46763222483884,25.432109131586863,25.460018474116225,19600
2007-04-16,25.45751190185547,25.46004788582921,25.43721241487176,25.44228631868487,9400
2007-04-17,25.526002883911133,25.528540802023823,25.490479773790696,25.490479773790696,53800
2007-04-18,25.55645751953125,25.55645751953125,25.543769862138404,25.543769862138404,9400
2007-04-19,25.54883575439453,25.57928302290202,25.536148101940434,25.57928302290202,5000
2007-04-20,25.54632568359375,25.556475429448,25.52856411231533,25.556475429448,6600
2007-04-23,25.576766967773438,25.579302951548847,25.57169112849166,25.57169112849166,6400
2007-04-24,25.61737060546875,25.617370605468746,25.58692136952636,25.58692136952636,5600
2007-04-25,25.59451675415039,25.627501950839232,25.59451675415039,25.604666492177248,3000
2007-04-26,25.559003829956055,25.586913200827286,25.559003829956055,25.586913200827286,2000
2007-04-27,25.54883575439453,25.55898548918502,25.54629783673092,25.55898548918502,3000
2007-04-30,25.61737060546875,25.617370605468746,25.59960903513552,25.602146955430545,12600
2007-05-01,25.617101669311523,25.617101669311527,25.578878209790474,25.589071261937814,16000
2007-05-02,25.60946273803711,25.612011487640046,25.58907662946627,25.612011487640046,10400
2007-05-03,25.589086532592773,25.6043770920016,25.581442224951893,25.6043770920016,36200
2007-05-04,25.622211456298828,25.62730701275346,25.61966270600809,25.622211456298825,11000
2007-05-07,25.632375717163086,25.63237571716309,25.624731418425757,25.624731418425757,1600
2007-05-08,25.645143508911133,25.650241009320148,25.63240170201537,25.650241009320148,14000
2007-05-09,25.62984848022461,25.652781393944238,25.62984848022461,25.652781393944238,3200
2007-05-10,25.640029907226562,25.640029907226566,25.61199950708505,25.622192556602453,5000
2007-05-11,25.612014770507812,25.67317115993286,25.612014770507812,25.67317115993286,1400
2007-05-14,25.59926986694336,25.59926986694336,25.596721117322186,25.596721117322186,1800
2007-05-15,25.583984375,25.61456159767474,25.553405208198686,25.61456159767474,3400
2007-05-16,25.604360580444336,25.604360580444332,25.59416752878736,25.59416752878736,1600
2007-05-17,25.548311233520508,25.573792902035255,25.54831123352051,25.573792902035255,6200
2007-05-18,25.499889373779297,25.538112840627253,25.494793818791834,25.538112840627253,7800
2007-05-21,25.510093688964844,25.510093688964847,25.49225632244524,25.499900630364053,9200
2007-05-22,25.466766357421875,25.51772968970784,25.454024552287134,25.515180939855586,37400
2007-05-23,25.464204788208008,25.49478393866113,25.44636743647507,25.49478393866113,10600
2007-05-24,25.471874237060547,25.47442298814596,25.433650747289146,25.47442298814596,12800
2007-05-25,25.47949981689453,25.479499816894535,25.464211209875195,25.464211209875195,2600
2007-05-29,25.446374893188477,25.45911669564247,25.436181840050505,25.45911669564247,2000
2007-05-30,25.433639526367188,25.45402563780156,25.428543970571887,25.45402563780156,4000
2007-05-31,25.415794372558594,25.43108492350968,25.408150069146053,25.408150069146053,15800
2007-06-01,25.348989486694336,25.364347231829825,25.348989486694336,25.364347231829825,80200
2007-06-04,25.392486572265625,25.395046845629935,25.17491020629227,25.17491020629227,18400
2007-06-05,25.354110717773438,25.379707611325774,25.341311294538368,25.379707611325774,12200
2007-06-06,25.37714385986328,25.37970413474314,25.359225841539324,25.359225841539324,11600
2007-06-07,25.22355079650879,25.300341436902503,25.215871927761096,25.300341436902503,7800
2007-06-08,25.233793258666992,25.236351579974926,25.205636100943508,25.205636100943508,2000
2007-06-11,25.21331214904785,25.23634875574336,25.213312149047855,25.223551291884792,8200
2007-06-12,25.0955810546875,25.154453722667803,25.095581054687504,25.154453722667803,3400
2007-06-13,25.149324417114258,25.162123836661365,25.09813064476031,25.09813064476031,98600
2007-06-14,25.146785736083984,25.164703767085744,25.13398825846496,25.144227412311526,9000
2007-06-15,25.221006393432617,25.221006393432617,25.190290899113517,25.190290899113517,3400
2007-06-18,25.246599197387695,25.246599197387695,25.218442030213915,25.218442030213915,7200
2007-06-19,25.315698623657227,25.315698623657227,25.264502915541104,25.274742057164328,23600
2007-06-20,25.26964569091797,25.287563716290816,25.267085415030902,25.287563716290816,2200
2007-06-21,25.264516830444336,25.272197655579546,25.26195850831692,25.269637380534476,6000
2007-06-22,25.292675018310547,25.29267501831055,25.218442662347822,25.218442662347822,16200
2007-06-25,25.33876609802246,25.34388665153077,25.315729465991947,25.333647497433113,16400
2007-06-26,25.305465698242188,25.331062582129753,25.305465698242188,25.308025972506062,4800
2007-06-27,25.33620262145996,25.397635580633086,25.336202621459957,25.397635580633086,16000
2007-06-28,25.287546157836914,25.300343622549693,25.287546157836914,25.300343622549693,600
2007-06-29,25.395061492919922,25.395061492919922,25.32594969555245,25.32594969555245,19800
2007-07-02,25.43697738647461,25.436977386474613,25.393267292813793,25.393267292813793,15400
2007-07-03,25.416410446166992,25.46783582315026,25.416410446166992,25.46783582315026,800
2007-07-05,25.27241325378418,25.35983341734008,25.27241325378418,25.35983341734008,20000
2007-07-06,25.233844757080078,25.241558070146993,25.233844757080078,25.241558070146993,1000
2007-07-09,25.280141830444336,25.287855148159135,25.280141830444336,25.280141830444336,1000
2007-07-10,25.382978439331055,25.382978439331055,25.336696593617383,25.336696593617383,1800
2007-07-11,25.362415313720703,25.421554006930304,25.362415313720703,25.41641048838466,6000
2007-07-12,25.32640266418457,25.377826047360102,25.30583252624383,25.377826047360102,5400
2007-07-13,25.334136962890625,25.339280482474987,25.316138567701262,25.316138567701262,2400
2007-07-16,25.380407333374023,25.38555085062836,25.313555340807095,25.313555340807095,21000
2007-07-17,25.370113372802734,25.37011337280273,25.33411661134113,25.33411661134113,10000
2007-07-18,25.406116485595703,25.429258387564243,25.370119715135193,25.372691473504332,38200
2007-07-19,25.413854598999023,25.41385459899902,25.38557307604756,25.38557307604756,15800
2007-07-20,25.483264923095703,25.503835075880932,25.439554819685387,25.452409693917854,28800
2007-07-23,25.460102081298828,25.478100459770893,25.44981897503719,25.472958906640073,2400
2007-07-24,25.485824584960938,25.493537898174594,25.47810931007047,25.485824584960938,12400
2007-07-25,25.480680465698242,25.490965536965458,25.465253839635793,25.465253839635793,26000
2007-07-26,25.5783748626709,25.578374862670902,25.532093045965873,25.532093045965873,23000
2007-07-27,25.55010986328125,25.573249807498243,25.55010986328125,25.55010986328125,9800
2007-07-30,25.47042465209961,25.56298843815508,25.467854852588466,25.555275116263626,44600
2007-07-31,25.51154899597168,25.51154899597168,25.45498205531365,25.460123612792657,11000
2007-08-01,25.500946044921875,25.5267798582821,25.500946044921875,25.5267798582821,10800
2007-08-02,25.521617889404297,25.542285731733568,25.45703236037078,25.490616125910396,52600
2007-08-03,25.586206436157227,25.59137241185187,25.531954821889734,25.531954821889734,6800
2007-08-06,25.493200302124023,25.624955334280752,25.493200302124023,25.606871464847003,21400
2007-08-07,25.459596633911133,25.52418211297129,25.459596633911133,25.513848199802577,195400
2007-08-08,25.459596633911133,25.467346576039567,25.42601092336471,25.454428691830575,27400
2007-08-09,25.459596633911133,25.488014402376994,25.459596633911133,25.475096518168,4800
2007-08-10,25.475107192993164,25.542276671239602,25.475107192993164,25.52419280836478,2400
2007-08-13,25.495769500732422,25.51643536025688,25.462183783393677,25.462183783393677,3800
2007-08-14,25.54228973388672,25.54228973388672,25.54228973388672,25.54228973388672,200
2007-08-15,25.51902198791504,25.57844151408852,25.519021987915043,25.57844151408852,11800
2007-08-16,25.653366088867188,25.653366088867184,25.529361038908785,25.529361038908785,30000
2007-08-17,25.61203956604004,25.6172075125895,25.596539668379865,25.60170564393522,1600
2007-08-20,25.663715362548828,25.686967187423573,25.619797657890096,25.619797657890096,15800
2007-08-21,25.674028396606445,25.73861389948973,25.674028396606445,25.70244617555454,3200
2007-08-22,25.648208618164062,25.663708516616058,25.614624847853346,25.6275407728986,67200
2007-08-23,25.648208618164062,25.658542540796795,25.604290925220614,25.604290925220614,105200
2007-08-24,25.632707595825195,25.645623520304145,25.60428980257974,25.645623520304145,5600
2007-08-27,25.66887855529785,25.66887855529785,25.627542861398304,25.627542861398304,1000
2007-08-28,25.74119758605957,25.823866949993796,25.671446110956015,25.671446110956015,1600
2007-08-29,25.723112106323242,25.818699353075758,25.723112106323242,25.736029994341386,12200
2007-08-30,25.759296417236328,25.76446436416907,25.728294648622626,25.728294648622626,199200
2007-08-31,25.792869567871094,25.792869567871094,25.699868242312654,25.723118080953903,20400
2007-09-04,25.73501205444336,25.763554774998745,25.680521946017297,25.763554774998745,5000
2007-09-05,25.82842254638672,25.831017878901797,25.766148423635503,25.766148423635503,21000
2007-09-06,25.786903381347656,25.81804143042323,25.7791193639934,25.81025741306897,3200
2007-09-07,25.901081085205078,25.901081085205078,25.89070173277346,25.8958923988188,6800
2007-09-10,25.914060592651367,25.9322239678717,25.914060592651364,25.919249280003136,3000
2007-09-11,25.85698699951172,25.890718431926476,25.85698699951172,25.890718431926476,1600
2007-09-12,25.820648193359375,25.86216363084683,25.820648193359375,25.86216363084683,12000
2007-09-13,25.760961532592773,25.79728827449108,25.758366199697477,25.79728827449108,5200
2007-09-14,25.7817325592041,25.8310340094843,25.755785156826068,25.8310340094843,1800
2007-09-17,25.7635440826416,25.77392342941401,25.745380720704386,25.7505694042616,5600
2007-09-18,25.810279846191406,25.81546853571784,25.72984229074001,25.72984229074001,12800
2007-09-19,25.797292709350586,25.81026739639861,25.7817246686204,25.81026739639861,14000
2007-09-20,25.771333694458008,25.831014456445462,25.745386311721095,25.745386311721095,4600
2007-09-21,25.797292709350586,25.802483376033518,25.745397920477092,25.745397920477092,4600
2007-09-24,25.815460205078125,25.818055538833956,25.789512806498657,25.789512806498657,3200
2007-09-25,25.851776123046875,25.895888859767346,25.849182770037682,25.895888859767346,7600
2007-09-26,25.854360580444336,25.885498620385935,25.7817071335719,25.810249841937207,34400
2007-09-27,25.91145133972168,25.911451339721683,25.85955657544373,25.862149927896777,2400
2007-09-28,25.885509490966797,25.950378950010155,25.877725472627,25.950378950010155,11800
2007-10-01,25.91626739501953,25.952754337177506,25.88759879926838,25.88759879926838,19400
2007-10-02,25.947542190551758,25.947542190551758,25.905843677986546,25.905843677986546,10200
2007-10-03,25.97101402282715,26.020530910448464,25.950163760465305,25.994469076691384,12600
2007-10-04,26.0126953125,26.0126953125,25.942328209170885,25.942328209170885,4800
2007-10-05,25.911052703857422,25.968389892848965,25.887597665664043,25.95535799048211,12200
2007-10-08,25.952749252319336,25.952749252319336,25.88498694942136,25.900623639171346,8200
2007-10-09,25.8928165435791,25.93191027332738,25.892816543579098,25.93191027332738,11000
2007-10-10,25.908445358276367,25.9371119615551,25.85631974234018,25.85631974234018,10400
2007-10-11,25.950122833251953,25.95012283325195,25.91102915007767,25.91102915007767,6000
2007-10-12,25.924089431762695,25.955362821841792,25.92408943176269,25.92669621039912,4200
2007-10-15,25.95535659790039,25.95535659790039,25.903232968007828,25.903232968007828,7400
2007-10-16,25.973608016967773,25.9814263644072,25.92930073416191,25.963182890918716,12400
2007-10-17,26.11956024169922,26.11956024169922,25.978823998714866,25.989249126534798,5400
2007-10-18,26.143009185791016,26.150827532733576,26.124765713461915,26.124765713461915,6600
2007-10-19,26.283721923828125,26.283721923828125,26.187293079797694,26.187293079797694,155800
2007-10-22,26.205549240112305,26.234217826124446,26.20554924011231,26.234217826124446,3800
2007-10-23,26.231605529785156,26.231605529785156,26.17426836982424,26.19251183086743,9000
2007-10-24,26.301977157592773,26.32543417636584,26.268097006463307,26.268097006463307,3200
2007-10-25,26.262889862060547,26.30719713313773,26.262889862060547,26.30719713313773,6400
2007-10-26,26.234224319458008,26.249861010830003,26.21858563969698,26.226403985382976,7800
2007-10-29,26.25768280029297,26.268107925371265,26.22119585671358,26.22119585671358,8000
2007-10-30,26.24464225769043,26.244642257690433,26.226398791906085,26.231612346923693,2600
2007-10-31,26.166471481323242,26.23683860635789,26.158653132807146,26.18992652687154,3200
2007-11-01,26.25808334350586,26.27902537120594,26.195259257547303,26.195259257547303,2200
2007-11-02,26.28165054321289,26.349711152585854,26.265943019731615,26.265943019731615,8200
2007-11-05,26.27115821838379,26.354924286154162,26.27115821838379,26.336600521240037,9600
2007-11-06,26.229293823242188,26.286883412414284,26.22929382324219,26.22929382324219,4800
2007-11-07,26.25284194946289,26.26854746754781,26.226665420274305,26.250223697401683,8400
2007-11-08,26.27378273010254,26.362783324566237,26.260693467556198,26.292106499382776,10400
2007-11-09,26.381122589111328,26.381122589111325,26.331385758790997,26.357564299259952,6600
2007-11-12,26.368013381958008,26.370629636114796,26.32351109846506,26.370629636114796,3400
2007-11-13,26.25022315979004,26.362784030422723,26.25022315979004,26.36016577841514,9800
2007-11-14,26.297332763671875,26.29733276367187,26.2345087168509,26.2345087168509,34200
2007-11-15,26.38896942138672,26.388969421386715,26.32614533209407,26.354940122424406,16800
2007-11-16,26.433473587036133,26.45703187324606,26.386355017474354,26.386355017474354,7600
2007-11-19,26.512020111083984,26.530343899979297,26.375900821739254,26.399459122971855,16200
2007-11-20,26.48843765258789,26.532937956872093,26.462259123346467,26.532937956872093,10000
2007-11-21,26.582660675048828,26.59574793559092,26.559100410648536,26.5878951798376,2800
2007-11-23,26.454404830932617,26.535554672025544,26.454404830932617,26.519847155962346,8000
2007-11-26,26.71616554260254,26.755431324425853,26.54078064721777,26.54078064721777,24200
2007-11-27,26.56173324584961,26.569586005914644,26.46225962598208,26.566967753512493,11200
2007-11-28,26.485816955566406,26.53031725574319,26.467493185073547,26.53031725574319,14600
2007-11-29,26.54341697692871,26.61147757863488,26.54341697692871,26.546035230071023,725800
2007-11-30,26.5407657623291,26.5407657623291,26.47008899239737,26.480559994820496,728400
2007-12-03,26.663532257080078,26.68193169592088,26.63461856670333,26.655647069775227,29400
2007-12-04,26.67930793762207,26.697707380122118,26.59782497874883,26.697707380122118,161800
2007-12-05,26.56366539001465,26.62149280890771,26.54789500500372,26.608351489861857,26600
2007-12-06,26.45062828063965,26.561026944565114,26.45062828063965,26.492685296494855,12600
2007-12-07,26.374404907226562,26.434861374111016,26.319206570709014,26.42697618394982,18800
2007-12-10,26.287673950195312,26.348128430410693,26.27715969159486,26.329728979207346,31800
2007-12-11,26.56366539001465,26.56366539001465,26.32184346136162,26.32184346136162,13200
2007-12-12,26.447999954223633,26.450627013547066,26.32971610683882,26.32971610683882,11800
2007-12-13,26.361265182495117,26.419092587684915,26.353379991858194,26.37703556376896,7200
2007-12-14,26.27716064453125,26.311330482179553,26.2508759997718,26.311330482179553,11600
2007-12-17,26.36915397644043,26.36915397644043,26.303441371634168,26.30869749764727,12200
2007-12-18,26.387550354003906,26.432234438777346,26.366521841620173,26.38492128860861,17000
2007-12-19,26.537368774414062,26.539997839193056,26.374400849727074,26.44537156103788,54200
2007-12-20,26.513721466064453,26.584690194091753,26.513721466064453,26.542635171472845,24200
2007-12-21,26.38492774963379,26.492697397948582,26.35338697872394,26.492697397948582,10600
2007-12-24,26.355998992919922,26.369142310222138,26.337599551930023,26.350742869232235,10800
2007-12-26,26.300813674926758,26.37966960695465,26.269272906427325,26.340241640940704,13600
2007-12-27,26.416669845581055,26.41666984558106,26.374442225164703,26.387639489205938,12000
2007-12-28,26.561847686767578,26.582962516497552,26.485307939212166,26.485307939212166,54600
2007-12-31,26.64893913269043,26.648939132690433,26.596152069688916,26.60670948228922,37400
2008-01-02,26.714900970458984,26.754490733953798,26.606689084481083,26.65419639795106,17800
2008-01-03,26.809955596923828,26.823150862029635,26.68062870898159,26.778283336150256,169200
2008-01-04,26.831050872802734,26.897033191084912,26.815213747153035,26.841606271741796,40400
2008-01-07,26.873279571533203,26.87591942818258,26.791462137988212,26.860082301906953,16800
2008-01-08,26.881175994873047,26.881175994873043,26.804636321178837,26.804636321178837,18000
2008-01-09,26.849531173706055,26.960381007166006,26.815219072667766,26.84953117370605,24000
2008-01-10,26.76243782043457,26.875927527109752,26.722848013246256,26.86537011095145,23200
2008-01-11,26.96036148071289,26.965639177408125,26.809921954655092,26.809921954655092,148800
2008-01-14,26.92603302001953,26.96034507532787,26.828380588433088,26.949787674742094,24400
2008-01-15,26.98674964904785,26.997307054359037,26.860062798932745,26.997307054359037,15800
2008-01-16,26.96036148071289,27.036901171320476,26.923411562987784,26.93132911484038,65000
2008-01-17,27.02635383605957,27.081778733302098,26.92869929503974,26.92869929503974,9200
2008-01-18,27.108163833618164,27.110803689036707,26.986756661421197,26.997314069475674,14000
2008-01-22,27.184707641601562,27.282362170654206,26.965645921997528,27.234854834036703,22800
2008-01-23,27.16096305847168,27.490874657100743,27.160963058471676,27.490874657100743,23000
2008-01-24,26.981477737426758,27.155669928356364,26.981477737426754,27.155669928356364,14000
2008-01-25,27.108163833618164,27.145113754998995,26.91813451587693,26.91813451587693,41400
2008-01-28,27.142478942871094,27.153036352887227,27.063301388180218,27.10816887053372,53800
2008-01-29,27.068580627441406,27.092335304735116,27.021073286474174,27.089695448675773,25800
2008-01-30,27.052736282348633,27.055376137506713,26.915494018421004,27.050096427190557,21400
2008-01-31,27.150390625,27.292912598393375,27.073850934828396,27.121358259292858,24200
2008-02-01,27.216611862182617,27.264290679127082,27.20336696046372,27.264290679127082,7600
2008-02-04,27.192771911621094,27.200718043843455,27.150389845250977,27.174228241918055,29000
2008-02-05,27.364919662475586,27.370218426600417,27.298699257119956,27.351676793936296,106200
2008-02-06,27.306673049926758,27.34375837371676,27.293430167969593,27.341108988969953,14600
2008-02-07,27.084165573120117,27.28812368139941,27.073570058017733,27.28812368139941,219400
2008-02-08,27.18217658996582,27.203365602414685,27.081520192059006,27.13714513890259,28800
2008-02-11,27.259008407592773,27.261655772631894,27.187489133749736,27.200734042502695,25400
2008-02-12,27.229856491088867,27.24574875628171,27.100062922386492,27.166283388541,30800
2008-02-13,27.160985946655273,27.23515254351173,27.15303981426182,27.182176980296603,14400
2008-02-14,27.10273551940918,27.118627798213193,27.01002719156914,27.047110522705157,44400
2008-02-15,27.134492874145508,27.134492874145508,27.04973077699598,27.118598591569604,13200
2008-02-19,26.951719284057617,27.03648136706387,26.930528258084184,27.01529034109044,23400
2008-02-20,26.917301177978516,26.97822288729254,26.890811369523394,26.927896697182838,34800
2008-02-21,27.07622718811035,27.115959875889246,26.954381760906603,26.970274027662782,14800
2008-02-22,27.01000213623047,27.102710378071393,26.988811103555943,27.03913930093592,160000
2008-02-25,26.93054962158203,27.015311771828507,26.893466307154767,26.98352722854175,12800
2008-02-26,27.031204223632812,27.031204223632812,26.917304902536902,26.95968496432967,17000
2008-02-27,27.052370071411133,27.068264349246427,26.946418997240915,27.068264349246427,22400
2008-02-28,27.179542541503906,27.184839292382748,27.08153547268624,27.08153547268624,69800
2008-02-29,27.351694107055664,27.35169410705566,27.232496089433543,27.314610818254383,32600
2008-03-03,27.341604232788086,27.37881437959861,27.25920859816399,27.31236739917968,35400
2008-03-04,27.23795509338379,27.360217329873226,27.232638197822524,27.25390172446456,33800
2008-03-05,27.073158264160156,27.198078913641783,27.030631222719197,27.198078913641783,20600
2008-03-06,27.134307861328125,27.187466701351077,27.094441266063917,27.176834933346488,166400
2008-03-07,27.09708595275879,27.251243480363478,27.09708595275879,27.251243480363478,17200
2008-03-10,27.174163818359375,27.192768896744873,27.091770189480954,27.121007030915514,26400
2008-03-11,26.95355796813965,27.00139785419936,26.924321130346794,26.974819463788005,23400
2008-03-12,27.06787109375,27.070529543709583,26.93232056285883,26.966872301120727,37800
2008-03-13,26.982786178588867,27.073155117246174,26.921656098374275,27.067838223783603,49200
2008-03-14,27.027957916259766,27.139588288593576,26.924300852264135,26.982772456010643,78400
2008-03-17,27.147594451904297,27.240619874765105,27.081147431603416,27.240619874765105,36800
2008-03-18,27.142261505126953,27.307048707927613,27.017340865713045,27.017340865713045,25000
2008-03-19,27.09442710876465,27.174162285432484,27.03063653406877,27.03063653406877,31800
2008-03-20,27.1103515625,27.11832487086455,26.96151106556257,27.062509684513014,43200
2008-03-24,27.006704330444336,27.012019195355784,26.802046544846284,26.937598919793007,105200
2008-03-25,27.0997314453125,27.105048338371724,26.966837508039806,26.966837508039806,43200
2008-03-26,27.014677047729492,27.08644090315886,27.014677047729496,27.078465564266413,20800
2008-03-27,27.057214736938477,27.113029964372686,26.969504224769928,27.014687690626026,32000
2008-03-28,27.155548095703125,27.155548095703125,27.0040490802902,27.11036464130644,17600
2008-03-31,27.11835289001465,27.19543166351056,27.11835289001465,27.187458346907842,10600
2008-04-01,27.068161010742188,27.300309742443897,27.004118156088474,27.078834819851142,183600
2008-04-02,27.0201358795166,27.12953888445742,27.004124144392023,27.097519485851024,38000
2008-04-03,27.089515686035156,27.105527422983563,26.99612236975948,27.03081276996302,33600
2008-04-04,27.196273803710938,27.265652624487135,27.172259232571058,27.241636017523998,11200
2008-04-07,27.182920455932617,27.21227294204896,27.126884446752964,27.158903860100015,37400
2008-04-08,27.20160484313965,27.246967045464157,27.145568822181836,27.196266915911625,99600
2008-04-09,27.351028442382812,27.37504300235702,27.166908672624608,27.180251452047376,233000
2008-04-10,27.27362823486328,27.308316590141953,27.198913601450094,27.28430204475389,26800
2008-04-11,27.340370178222656,27.3537129652353,27.287003101819035,27.300343853008208,40400
2008-04-14,27.27898597717285,27.35903655578128,27.249633487603,27.329684066211424,32600
2008-04-15,27.23628044128418,27.265632919791138,27.188249297892956,27.214932814038796,224200
2008-04-16,27.110876083374023,27.22028118813894,27.08152359359917,27.206938407033075,33200
2008-04-17,27.094867706298828,27.121551233999373,27.025488905619277,27.113546379271476,68600
2008-04-18,27.097549438476562,27.116228120250806,27.00148706483083,27.073532827153315,30400
2008-04-21,27.124204635620117,27.13487844774101,27.025473400367968,27.07884246097244,30400
2008-04-22,27.161582946777344,27.161582946777344,27.078863383703265,27.1455732341367,41800
2008-04-23,27.148221969604492,27.166900633775857,27.068171424222246,27.14021711864844,22600
2008-04-24,26.998815536499023,27.05752054102218,26.964127141018718,27.049515683282372,26000
2008-04-25,26.92143440246582,26.998818094320868,26.90809161441978,26.969465589278485,23600
2008-04-28,27.094867706298828,27.094867706298828,27.014815087374526,27.014815087374526,19800
2008-04-29,27.14290428161621,27.177592670960024,27.092204143801883,27.116220748596117,15200
2008-04-30,27.228281021118164,27.228281021118164,27.094861377954604,27.14822842089115,73800
2008-05-01,27.20871925354004,27.307824324294803,27.147111686564543,27.307824324294803,27400
2008-05-02,27.14711570739746,27.20604416012676,27.098901704580072,27.10158082795114,16400
2008-05-05,27.20069694519043,27.224802932778555,27.152482926441138,27.152482926441138,24200
2008-05-06,27.090892791748047,27.200714477742302,27.066786788622103,27.195356225775853,15200
2008-05-07,27.20069694519043,27.20069694519043,27.05337576468619,27.09355445423944,20600
2008-05-08,27.299800872802734,27.299800872802734,27.227480869619257,27.23015999375878,28200
2008-05-09,27.305164337158203,27.342663907983205,27.264985641681886,27.339984783331893,10000
2008-05-12,27.23282241821289,27.313179750568366,27.22210797099404,27.26764488256713,21200
2008-05-13,27.109607696533203,27.173892332376028,27.08014347936113,27.131036589671385,30800
2008-05-14,27.093564987182617,27.1658850216353,27.042671824391643,27.1658850216353,111200
2008-05-15,27.248912811279297,27.248912811279297,27.05605672320745,27.05605672320745,53000
2008-05-16,27.20069694519043,27.299802063372336,27.149803802184778,27.19801782093407,20800
2008-05-19,27.25157928466797,27.2569375314583,27.152474198343157,27.19800907819901,38800
2008-05-20,27.29176139831543,27.305154973405593,27.251582716617584,27.29979672594047,41400
2008-05-21,27.267654418945312,27.281045949973443,27.23015486235045,27.24622551701323,23000
2008-05-22,27.058713912963867,27.189964347490754,26.970323307218663,27.189964347490754,20400
2008-05-23,27.13907814025879,27.149792589286108,27.05872079433997,27.05872079433997,19600
2008-05-27,26.948915481567383,27.09087842980273,26.948915481567383,27.09087842980273,21200
2008-05-28,26.831073760986328,26.989109502774035,26.831073760986328,26.98643037668965,11000
2008-05-29,26.833736419677734,26.852486203613143,26.745343705308027,26.812307511302077,17200
2008-05-30,26.868555068969727,26.91409200712058,26.836413752125644,26.903377553648205,17800
2008-06-02,26.980117797851562,27.009692580813677,26.899460977151513,26.91021357891926,45800
2008-06-03,26.996267318725586,27.050038565421723,26.899477433679273,26.974757999550498,83800
2008-06-04,26.93173599243164,27.101119295696083,26.93173599243164,27.101119295696083,36000
2008-06-05,26.894094467163086,26.950554881886138,26.87527432892207,26.899472821655507,17200
2008-06-06,27.015085220336914,27.06885646257481,26.96937740806916,26.96937740806916,12400
2008-06-09,26.875261306762695,26.96129647578283,26.84568652510825,26.942476346660932,16200
2008-06-10,26.781179428100586,26.859149175168774,26.724719001170172,26.83495067720336,16400
2008-06-11,26.789243698120117,26.880657278948338,26.770423556661594,26.802687535408303,11600
2008-06-12,26.633304595947266,26.71127434061413,26.617173631961574,26.673634057153105,11800
2008-06-13,26.641374588012695,26.751608330553825,26.638687461054584,26.713968040720747,115600
2008-06-16,26.619861602783203,26.67094367016908,26.571466661778707,26.617172425160312,9600
2008-06-17,26.722021102905273,26.727399456805387,26.644051381281646,26.70857726939599,16600
2008-06-18,26.77579689025879,26.77579689025879,26.716649345980827,26.730091130536174,18400
2008-06-19,26.65750503540039,26.71127628676481,26.59297912351473,26.708587108824062,78000
2008-06-20,26.70319175720215,26.756962970212374,26.644042192146717,26.756962970212374,30000
2008-06-23,26.69513511657715,26.70320059607436,26.617165396035805,26.665560324260053,10400
2008-06-24,26.681713104248047,26.743551916368343,26.641383622538523,26.722042585957578,14800
2008-06-25,26.65750503540039,26.73278560780728,26.59297912351473,26.71127628676481,47200
2008-06-26,26.71127700805664,26.778492099698074,26.71127700805664,26.775802921684708,24200
2008-06-27,26.762346267700195,26.762346267700195,26.657490947085716,26.72470600138939,15400
2008-06-30,26.670936584472656,26.797301233037494,26.668249458805168,26.797301233037494,16200
2008-07-01,26.811275482177734,26.88953712843546,26.71142604920005,26.786988450022406,48000
2008-07-02,26.75731086730957,26.81398268474387,26.730324581710608,26.76001011354595,12600
2008-07-03,26.716800689697266,26.862528940529568,26.716800689697262,26.797761515354985,13400
2008-07-07,26.768077850341797,26.849036622626436,26.714103276565908,26.849036622626436,11000
2008-07-08,26.84634780883789,26.870634830420155,26.711414420705037,26.711414420705037,11200
2008-07-09,26.94890022277832,26.94890022277832,26.840953085346076,26.8625429246166,26200
2008-07-10,26.88144302368164,27.005581554998066,26.87064810022963,26.97049959796988,16000
2008-07-11,26.689842224121094,27.0055860668903,26.689842224121097,26.838267813811544,9000
2008-07-14,26.79507064819336,26.87602944023927,26.773480813413126,26.79776989227088,48800
2008-07-15,26.851749420166016,26.903024776405818,26.808569739349235,26.88143493599743,40600
2008-07-16,26.727619171142578,26.835566347563606,26.7195234932222,26.835566347563606,26600
2008-07-17,26.63046646118164,26.73301514461489,26.59268525892091,26.73031795796848,26000
2008-07-18,26.565673828125,26.65742750133865,26.552179671984568,26.62234557786034,31200
2008-07-21,26.571094512939453,26.59538360438279,26.530614066481252,26.544108234940996,18600
2008-07-22,26.563016891479492,26.608893801153517,26.533331347826312,26.571112574489916,19000
2008-07-23,26.565673828125,26.565673828125,26.430740502397295,26.538685515844136,13800
2008-07-24,26.719518661499023,26.719518661499023,26.58728241630816,26.60077658301605,45000
2008-07-25,26.61697006225586,26.716821550676993,26.581888108501857,26.700630196470676,19400
2008-07-28,26.730316162109375,26.751903948435782,26.657450949129725,26.708726316862,6800
2008-07-29,26.643957138061523,26.67094341343641,26.581886851670525,26.662847736716028,10000
2008-07-30,26.733007431030273,26.78158354262371,26.64125369742073,26.692529053802833,28000
2008-07-31,26.862545013427734,26.884134854377074,26.770789218853327,26.884134854377074,17600
2008-08-01,26.851703643798828,26.911314215651025,26.786674868699833,26.911314215651025,15400
2008-08-04,26.82190704345703,26.865260952380403,26.72165474672102,26.82461717957178,11800
2008-08-05,26.727060317993164,26.819186297293818,26.6891266992303,26.819186297293818,10600
2008-08-06,26.764995574951172,26.778544182721678,26.69996680555281,26.778544182721678,28200
2008-08-07,26.905899047851562,26.916735455567686,26.76500094080928,26.838160129873312,77200
2008-08-08,26.862567901611328,26.903211700270543,26.789410717808323,26.903211700270543,27800
2008-08-11,26.73247528076172,26.854404450118952,26.699959870893966,26.854404450118952,39600
2008-08-12,26.857126235961914,26.881511253521712,26.756871895795957,26.881511253521712,39400
2008-08-13,26.851703643798828,26.905896012404227,26.78396473346269,26.905896012404227,392000
2008-08-14,26.90048599243164,26.9140346065526,26.859842217297043,26.884229309269113,30200
2008-08-15,26.935718536376953,26.957393430462904,26.89507475071898,26.935718536376953,17800
2008-08-18,26.968231201171875,26.97365147497228,26.900492249268105,26.938425896955913,27600
2008-08-19,26.91944694519043,26.943834031847715,26.87609511046212,26.943834031847715,47800
2008-08-20,26.827342987060547,26.97907762247284,26.82734298706055,26.95740065534841,34200
2008-08-21,26.8354549407959,26.85983996349355,26.765005874289177,26.79210103302927,19400
2008-08-22,26.857126235961914,26.93028335586898,26.773128574169156,26.93028335586898,33200
2008-08-25,26.851703643798828,26.973634922740363,26.811059884151646,26.811059884151646,10000
2008-08-26,26.973630905151367,26.97363090515137,26.85169964437089,26.873376588584378,13600
2008-08-27,26.976346969604492,26.976346969604492,26.843579264586896,26.895061505548487,13600
2008-08-28,26.95195770263672,26.9573759058287,26.843575033749865,26.88421879298587,14000
2008-08-29,26.92215347290039,26.93028181162089,26.819191070394794,26.878799576754318,13600
2008-09-02,27.001007080078125,27.02004093906569,26.88136449527912,26.88136449527912,11400
2008-09-03,27.047250747680664,27.060845185282965,26.992866773661987,27.036373952876925,47200
2008-09-04,27.01732063293457,27.074422208648826,26.960219057220314,26.99556705898581,72200
2008-09-05,27.00373077392578,27.093462732638656,26.96294540590675,27.093462732638656,22000
2008-09-08,26.954805374145508,27.0091893609659,26.89498610044853,26.96840188948485,30800
2008-09-09,27.00373077392578,27.063552079734364,26.87865080475125,26.965663047417685,20600
2008-09-10,26.998266220092773,27.060805104414733,26.916691417156787,26.98738944139908,21800
2008-09-11,26.892236709594727,26.919427635733985,26.750840574415083,26.919427635733985,18600
2008-09-12,26.72093963623047,26.81882866550509,26.67199512159316,26.81882866550509,15600
2008-09-15,26.60129737854004,26.715500547112505,26.47077798978915,26.7019040427197,15600
2008-09-16,25.910655975341797,26.68288986531255,25.83180075566954,26.593159923546114,157600
2008-09-17,25.41031837463379,25.88616704887439,24.988853650742037,25.86985290103753,76000
2008-09-18,25.263498306274414,25.56804026764387,23.555878835648233,25.529972522472686,53400
2008-09-19,25.67951011657715,26.09825713126892,25.214538307451058,26.09825713126892,57400
2008-09-22,25.684938430786133,26.152629790968444,25.570735305495436,26.027549881192748,38800
2008-09-23,25.58706283569336,25.823628354343633,25.58706283569336,25.633287638045008,33600
2008-09-24,25.584354400634766,25.766538123266113,25.5354119350599,25.5354119350599,46000
2008-09-25,25.47829818725586,25.597940810205586,25.41031980140455,25.597940810205586,26000
2008-09-26,25.018754959106445,25.45109631156793,24.994281671957502,25.369523528319345,23000
2008-09-29,25.11935806274414,25.35592345738271,25.016031722029055,25.32329310395633,45000
2008-09-30,25.157434463500977,25.21181840466893,25.097615240019074,25.11664910079405,19800
2008-10-01,25.12738800048828,25.506949475874688,24.974472585932332,25.272113898768758,50200
2008-10-02,25.13558578491211,25.14650653060558,24.93351657320037,24.99085986301588,20200
2008-10-03,24.958105087280273,25.31308782056983,24.802458347174777,25.31308782056983,21000
2008-10-06,24.971736907958984,25.203843299380353,24.611292006945018,25.13830634769352,30400
2008-10-07,24.977222442626953,25.209326965210153,24.82703606037544,24.8679961722002,45800
2008-10-08,24.848873138427734,24.97721380555035,24.48023642611448,24.843412764287606,44400
2008-10-09,24.166227340698242,24.66047380947887,23.92046867989186,24.66047380947887,134400
2008-10-10,23.409835815429688,24.171684435481534,23.205037306458763,23.753895810511757,77200
2008-10-13,23.549076080322266,23.68833952425451,23.180439513034585,23.18317074068871,30000
2008-10-14,24.28090476989746,24.96083715295,24.02968582715526,24.51300927315532,35800
2008-10-15,24.3764705657959,25.66806675647821,23.90680130704671,23.90680130704671,28400
2008-10-16,24.106142044067383,24.403783535088056,23.92045803666773,24.403783535088056,24000
2008-10-17,24.264516830444336,24.283631266203077,24.002375104331357,24.11433048997048,41600
2008-10-20,24.371030807495117,24.371030807495117,24.076120354870074,24.09796603654279,29600
2008-10-21,24.62494468688965,24.64132788224028,24.226270961269964,24.30272865066062,80400
2008-10-22,24.84613037109375,25.4851021812381,24.728712590097608,24.742366644082608,29000
2008-10-23,24.47750473022461,24.848872664178803,24.207171424129907,24.534848032528515,76000
2008-10-24,24.259037017822266,24.622213120741193,24.073355250897315,24.073355250897315,111200
2008-10-27,24.147090911865234,24.652259759397165,24.114322425815367,24.652259759397165,22400
2008-10-28,24.005096435546875,24.395576593142977,24.005096435546875,24.28362125366489,56000
2008-10-29,24.155284881591797,24.321854389544384,23.8139542641999,24.11432479084142,50000
2008-10-30,24.10066795349121,24.371001164593423,24.10066795349121,24.371001164593423,28600
2008-10-31,24.31092071533203,24.49114420091407,24.108853663301478,24.267231499119184,86000
2008-11-03,24.542722702026367,24.54272270202637,24.282153881732658,24.347980891104555,38200
2008-11-04,24.910249710083008,24.91024971008301,24.427513607340224,24.465912856042277,49400
2008-11-05,25.217435836791992,25.26680657886116,24.685329182557783,24.860869133781204,96400
2008-11-06,24.984310150146484,25.12145095130246,24.729230268894824,24.811513494026872,37200
2008-11-07,25.162567138671875,25.192738250593813,24.795031182677885,24.9650842579466,76200
2008-11-10,25.26133155822754,25.291502697594918,24.97333717236017,25.050135675258137,166200
2008-11-11,25.368289947509766,25.505430668308975,25.06383737992741,25.077552289047862,122800
2008-11-12,25.1516056060791,25.173548622103276,24.88281098388716,24.88281098388716,12200
2008-11-13,25.0226993560791,25.151609888818932,24.932185969017944,25.151609888818932,9400
2008-11-14,25.27229118347168,25.272291183471676,24.9596105158461,24.9596105158461,36000
2008-11-17,25.137907028198242,25.20647742265999,24.85539733783221,24.959623584077214,39800
2008-11-18,25.168067932128906,25.22017998775379,24.9733283421796,25.083039254611897,60200
2008-11-19,25.028167724609375,25.192736080168963,24.992511910228185,25.06656693781994,81200
2008-11-20,24.907506942749023,25.299729643848835,24.866366384236795,25.275045308741497,69200
2008-11-21,25.003520965576172,25.022720601017266,24.677125070474258,24.8224940377573,124000
2008-11-24,24.948637008666992,24.94863700866699,24.62498485848824,24.934924193614318,72800
2008-11-25,25.041919708251953,25.083060288612725,24.82249351417922,24.82797822735957,41600
2008-11-26,25.26407241821289,25.362813938463194,24.95961974620812,25.07481748896613,53200
2008-11-28,25.085798263549805,25.2558536317905,25.003515028029074,25.02271465891086,52400
2008-12-01,25.573339462280273,25.658732269477714,25.18494751260967,25.3171673453768,142200
2008-12-02,25.554065704345703,25.65598523478747,25.38879243728729,25.38879243728729,41200
2008-12-03,25.51825714111328,25.54304928701176,25.383284218308358,25.446637954873204,55200
2008-12-04,25.587116241455078,25.59537958797262,25.38603447098422,25.507233722513504,107600
2008-12-05,25.474180221557617,25.57609763023193,25.416332593069303,25.476933269342247,114400
2008-12-08,25.890117645263672,25.892872794636975,25.39154278842036,25.543044480503628,139200
2008-12-09,25.890117645263672,25.89838099182036,25.69729922039698,25.824008771246984,101000
2008-12-10,25.87908363342285,25.895612418189533,25.68626532416117,25.771655989468208,89800
2008-12-11,26.01407241821289,26.047125802241382,25.84879709181813,25.931434755015513,67600
2008-12-12,25.9534854888916,25.9534854888916,25.71383781996596,25.881866282965976,59200
2008-12-15,26.080184936523438,26.115993474751708,25.881856198353443,26.033357901556457,63800
2008-12-16,26.278486251831055,26.292257782210662,25.923147983682924,26.069139235386018,257200
2008-12-17,26.686180114746094,26.879000601632526,26.09945951235032,26.485098384560402,246000
2008-12-18,26.96164321899414,26.9946987086696,26.686187109722002,26.746787790012007,359600
2008-12-19,26.744035720825195,26.801883359810898,26.099469359638466,26.72475387501782,603400
2008-12-22,26.677907943725586,26.677907943725586,26.457544447912912,26.457544447912912,95400
2008-12-23,26.86249351501465,26.917586027880535,26.644884919278947,26.65314827081771,254000
2008-12-24,26.98091697692871,27.0112173079933,26.721989740871383,26.82666227446369,133600
2008-12-26,27.077342987060547,27.14620703117661,26.931349448220868,26.947878247872136,83200
2008-12-29,27.187068939208984,27.22576528969903,26.899608829287974,27.035046056003132,179800
2008-12-30,26.827730178833008,27.16217824983436,26.479463194426792,27.046089255032285,143400
2008-12-31,26.45458984375,27.16494705277193,26.45458984375,26.783510821720952,111800
2009-01-02,26.974239349365234,27.062690568557205,26.6591392617698,26.672960291966827,57600
2009-01-05,27.23404884338379,27.239578096809417,26.764163524236103,26.764163524236103,118400
2009-01-06,27.30038070678711,27.358427314404953,26.703350069726696,26.891304588740375,100200
2009-01-07,26.545812606811523,27.361202709187527,26.543047979244776,27.037810874045284,156400
2009-01-08,26.965925216674805,27.084778807928263,26.775208232601216,26.775208232601216,112200
2009-01-09,27.17049217224121,27.184311095840375,27.001885699259795,27.001885699259795,53600
2009-01-12,27.30038070678711,27.300380706787113,27.0875508777589,27.0875508777589,74400
2009-01-13,27.402647018432617,27.402647018432617,27.13177272786722,27.220221777062896,60600
2009-01-14,27.325267791748047,27.504930604311557,26.91342690174939,27.36672876523081,318200
2009-01-15,27.391599655151367,27.457935936722382,27.30591520358912,27.457935936722382,221800
2009-01-16,27.363954544067383,27.433055439380688,27.12624729548627,27.18705642076869,273400
2009-01-20,27.21747398376465,27.28933953967863,26.603857402883474,27.090328528712522,367600
2009-01-21,26.91617202758789,27.1566438313664,26.916172027587887,27.13729567074914,152600
2009-01-22,27.046096801757812,27.129018740492544,26.885782178226666,27.129018740492544,150400
2009-01-23,27.101402282714844,27.129042249981165,26.949379299558576,27.018480272121547,174200
2009-01-26,26.949356079101562,27.082030759975076,26.813918880037726,27.054388707731732,183400
2009-01-27,27.12900733947754,27.1400637339152,26.949344620250876,26.996332715017225,149600
2009-01-28,27.195341110229492,27.408172993305126,27.10412744605422,27.203632878101534,197400
2009-01-29,27.09859275817871,27.198098162518903,27.029491900097508,27.11794091408981,261600
2009-01-30,27.120731353759766,27.20365119711001,27.08756215114396,27.098618552015896,192800
2009-02-02,27.253402709960938,27.26172995390516,27.0646440819079,27.0646440819079,229600
2009-02-03,27.072980880737305,27.270066822292236,26.92863699319516,27.081308127620467,161200
2009-02-04,27.08409881591797,27.18403006666153,26.928651144901625,26.981391108816066,193600
2009-02-05,26.986915588378906,27.09795042975492,26.889760896354936,26.97581189245996,309400
2009-02-06,26.925859451293945,26.995255996271506,26.842582750195078,26.950841190934916,296400
2009-02-09,26.79817008972168,26.889774037459997,26.709342596773322,26.886997582670038,161600
2009-02-10,26.787080764770508,26.998046967927024,26.756546099136713,26.828719137708926,211800
2009-02-11,26.939735412597656,26.950836994388684,26.881440460216936,26.881440460216936,187200
2009-02-12,27.167360305786133,27.20344574691474,26.87311751371585,26.911979409643425,171800
2009-02-13,26.995250701904297,27.131267310396392,26.920303379865736,27.06187077902903,146800
2009-02-17,26.95639419555664,27.1201690257302,26.934186792810042,27.092410831204194,162200
2009-02-18,27.02023696899414,27.023013423702494,26.85923859875484,26.96472058171361,256200
2009-02-19,26.873109817504883,26.950833587100664,26.71766227831332,26.873109817504883,181800
2009-02-20,26.81482696533203,26.92031107857794,26.71767221719607,26.82037987540533,226000
2009-02-23,26.614965438842773,26.712122308005284,26.120862316718625,26.712122308005284,163800
2009-02-24,26.587202072143555,26.742649644079183,26.57887482619191,26.72877160676455,255200
2009-02-25,26.20415496826172,26.66772371941009,26.198602054626967,26.66772371941009,316400
2009-02-26,26.440092086791992,26.481730450649184,26.193040477138517,26.28464445406131,586800
2009-02-27,26.476160049438477,26.484489410959757,26.290177880591315,26.428970923220017,358200
2009-03-02,26.235334396362305,26.48065393797924,26.204669187801468,26.34963025174107,527400
2009-03-03,26.229747772216797,26.369134257460257,26.213022074585655,26.252050120304308,450400
2009-03-04,26.11821937561035,26.162821909208184,25.9425911836131,26.160033586212297,422800
2009-03-05,26.009506225585938,26.087562278694943,25.900784990631543,26.062471617699657,446200
2009-03-06,26.084766387939453,26.137733891555833,25.903563673291018,25.903563673291018,331200
2009-03-09,25.992765426635742,26.03179343369684,25.895195408982996,25.998342071568395,359600
2009-03-10,25.9732666015625,26.009508434203422,25.853394187860914,25.853394187860914,311800
2009-03-11,25.992765426635742,26.054095759693716,25.831078880325563,25.92864889797831,308600
2009-03-12,26.037372589111328,26.0708239544651,25.881258418947787,25.917500233903805,298600
2009-03-13,26.0736083984375,26.107061885681738,25.925859218458942,25.995552388401038,263000
2009-03-16,25.99555778503418,26.006708949763887,25.82829456782295,25.948166930083318,244000
2009-03-17,25.84780502319336,26.02064273558994,25.730720999918212,25.976040209666177,416800
2009-03-18,26.260391235351562,26.57819198853713,25.74466209215513,25.950953324060258,407800
2009-03-19,26.352397918701172,26.54196354716022,26.196285798864817,26.54196354716022,304600
2009-03-20,25.978836059570312,26.31057422163796,25.97604773624625,26.31057422163796,274600
2009-03-23,26.235334396362305,26.296664813483986,26.09315953184112,26.296664813483986,186200
2009-03-24,25.99555778503418,26.185123331704826,25.970469259542735,26.098704463633585,268600
2009-03-25,25.967695236206055,26.101505032912847,25.928667201594205,26.101505032912847,193400
2009-03-26,26.087556838989258,26.09591968195458,25.937019285011022,26.00671247887868,223000
2009-03-27,26.1767578125,26.19906013967832,26.073611144450496,26.19906013967832,178200
2009-03-30,26.21022605895996,26.21022605895996,26.051325597480496,26.190712041826284,435400
2009-03-31,26.2464599609375,26.26597397217176,26.06804553626205,26.143313257632,262600
2009-04-01,26.309471130371094,26.351477101023722,26.172253620317417,26.320672864979286,174800
2009-04-02,26.256258010864258,26.275860506663225,26.14984263094547,26.228254750653136,226800
2009-04-03,26.236650466918945,26.295457943000805,26.149837599502632,26.264653721742015,3921600
2009-04-06,26.189056396484375,26.295471812054792,25.9790286697691,26.2590656387228,390400
2009-04-07,26.205854415893555,26.250659210277032,26.169448250412916,26.233857679447233,102000
2009-04-08,26.35429573059082,26.35429573059082,26.203075416805888,26.303888959329175,127000
2009-04-09,26.217058181762695,26.41308317835235,26.021031048660824,26.340272978256667,264200
2009-04-13,26.634300231933594,26.634300231933594,26.34866149934775,26.429872427768775,471600
2009-04-14,26.558691024780273,26.639901959088558,26.474681260555815,26.6006969751482,112200
2009-04-15,26.693111419677734,26.70431314962401,26.522288776892207,26.595098953287234,233800
2009-04-16,26.690324783325195,26.698725551167467,26.575510728626405,26.684724983601242,313200
2009-04-17,26.603513717651367,26.760333746408214,26.57270947821518,26.760333746408214,295200
2009-04-20,26.754724502563477,26.782727764026202,26.698715843126127,26.765926234450948,259200
2009-04-21,26.687530517578125,26.810745361199498,26.600717583159312,26.810745361199498,193000
2009-04-22,26.698728561401367,26.7631380163086,26.609116800125815,26.7631380163086,189200
2009-04-23,26.765926361083984,26.771526158798267,26.63710964853648,26.765926361083988,144000
2009-04-24,26.841537475585938,26.841537475585938,26.681916521874314,26.81353421180553,194000
2009-04-27,26.81075096130371,26.81075096130371,26.687536091945795,26.73234091629954,187000
2009-04-28,26.777130126953125,26.875142618237124,26.6819164664829,26.771528192301425,236400
2009-04-29,26.802345275878906,26.875155505681175,26.75193852240243,26.849951060686386,283800
2009-04-30,26.813533782958984,26.861139544275503,26.757527256293915,26.841537046291524,390400
2009-05-01,26.910263061523438,26.92432361867695,26.74154710238037,26.800597580813452,211000
2009-05-04,26.949628829956055,26.952441370327687,26.82309240264877,26.913074386483657,251800
2009-05-05,27.033979415893555,27.03397941589355,26.88213446345327,26.946809999717093,263800
2009-05-06,27.163339614868164,27.163339614868164,26.983375628854375,27.067734685884563,212600
2009-05-07,27.146482467651367,27.25896055244864,27.070558848643273,27.233651964332267,311800
2009-05-08,27.059314727783203,27.312387753331425,27.031193595752363,27.312387753331425,390200
2009-05-11,27.289867401123047,27.41078085750317,27.1323973666709,27.230814797366563,306600
2009-05-12,27.393918991088867,27.40235446784247,27.168965078079584,27.168965078079584,238600
2009-05-13,27.464202880859375,27.475450892327164,27.357349989923634,27.41077750806092,284600
2009-05-14,27.464202880859375,27.469827959262684,27.25330749285072,27.393904418189827,317000
2009-05-15,27.385486602783203,27.436101614352985,27.289881661673725,27.343307068918346,295000
2009-05-18,27.284271240234375,27.43892889906059,27.194289187464946,27.430493416823044,263600
2009-05-19,27.3883056640625,27.388305664062504,27.15210150539092,27.368622162951596,249200
2009-05-20,27.52327537536621,27.528900458274627,27.329252921836673,27.416422398852255,427800
2009-05-21,27.379859924316406,27.582317797587102,27.2786299150111,27.512019299199522,293200
2009-05-22,27.41360092163086,27.509207991844885,27.326431473029125,27.377046476003645,216800
2009-05-26,27.492328643798828,27.531697766353062,27.388288266304954,27.47264515519139,177800
2009-05-27,27.41360092163086,27.52045600865476,27.281439405789623,27.46421592460538,336800
2009-05-28,27.5485782623291,27.548578262329098,27.396733235302698,27.52326968515465,430000
2009-05-29,27.658248901367188,27.66106144276299,27.309568855205292,27.385490310167935,223800
2009-06-01,27.6119327545166,27.832240379024814,27.405746142796477,27.832240379024814,628400
2009-06-02,27.747482299804688,27.747482299804688,27.49893070428295,27.637328580377584,297400
2009-06-03,27.97344207763672,27.97344207763672,27.755957528806896,27.75878259116462,323400
2009-06-04,27.863290786743164,27.970619461921856,27.75031198635479,27.911306076568522,218800
2009-06-05,27.707948684692383,27.81245446731168,27.665581359041763,27.806804341282692,259400
2009-06-08,27.685352325439453,27.806804175638838,27.671231320234497,27.744667873932,212000
2009-06-09,27.860492706298828,27.87743878855694,27.5723985334436,27.5723985334436,293800
2009-06-10,27.85198974609375,27.91412818748129,27.651453420182882,27.651453420182882,239800
2009-06-11,27.829408645629883,28.061014317803604,27.778568271011636,27.778568271011636,361400
2009-06-12,28.029939651489258,28.10902418449132,27.86329755050518,27.86329755050518,254000
2009-06-15,28.018640518188477,28.106200237827874,27.976275344853736,27.976275344853736,385800
2009-06-16,28.14291763305664,28.17116180043781,27.996046669739428,27.996046669739428,226600
2009-06-17,28.097728729248047,28.111849736162647,27.905665365095544,28.049711272040962,288800
2009-06-18,27.86614418029785,28.02713843419121,27.755988175629536,27.87461722183536,350200
2009-06-19,27.849185943603516,27.945218741301503,27.76445340375649,27.76445340375649,336600
2009-06-22,27.902835845947266,27.95932417436892,27.82092626131174,27.826574232197267,241400
2009-06-23,27.916982650756836,28.044084739507415,27.840723121421362,27.891563525942875,193000
2009-06-24,28.038394927978516,28.094885383552374,27.911295173995793,28.029921898365075,193600
2009-06-25,28.131628036499023,28.168347404593796,27.919793484786094,27.979106900678616,197800
2009-06-26,28.233308792114258,28.236133856173502,28.08078765630248,28.10620892305069,175000
2009-06-29,28.264368057250977,28.30108525749323,28.182458467579732,28.24742198866097,230000
2009-06-30,28.241783142089844,28.281325421187226,28.131629342476757,28.267204410019644,283000
2009-07-01,27.814130783081055,28.15443330586443,27.782936132740332,28.11756788436661,2081600
2009-07-02,27.987112045288086,28.19412868034539,27.9077082858913,28.05233563468251,244600
2009-07-06,28.066505432128906,28.106207297154658,27.887844875923662,28.106207297154658,276200
2009-07-07,28.216819763183594,28.2366707056191,27.99278646221691,28.086370403808775,248200
2009-07-08,28.2877197265625,28.287719726562496,28.160106818796248,28.242344902011382,280800
2009-07-09,28.259368896484375,28.282056314663503,28.09772482824281,28.270712605573937,229200
2009-07-10,28.267871856689453,28.273542628579847,28.185631600937526,28.208319015681013,136600
2009-07-13,28.18561553955078,28.37278335914177,28.13173350113706,28.259348513655386,327400
2009-07-14,28.19129753112793,28.290552241478064,28.13174254132743,28.256521127819266,304400
2009-07-15,28.12041473388672,28.2338475076338,28.089220072028827,28.123249038716363,537200
2009-07-16,28.262203216552734,28.267873988870864,28.10339346496062,28.13458812168812,388800
2009-07-17,28.22249984741211,28.250860200470928,28.109067089541508,28.140261747033275,333400
2009-07-20,28.327423095703125,28.398319640073908,28.17428630023133,28.205480952841743,653600
2009-07-21,28.557130813598633,28.557130813598633,28.301904952503975,28.30757572478983,281600
2009-07-22,28.506080627441406,28.557126224175008,28.392647891225188,28.557126224175008,304400
2009-07-23,28.386962890625,28.55711408621878,28.296215442068995,28.429501230420904,471400
2009-07-24,28.418161392211914,28.508908853104586,28.358608573837667,28.440848798332613,461800
2009-07-27,28.474885940551758,28.494736884215705,28.321749162176786,28.42951111869669,364800
2009-07-28,28.426664352416992,28.55427936995635,28.378455244355145,28.52024826589456,278800
2009-07-29,28.551433563232422,28.551433563232422,28.429491518057784,28.52307540091976,297400
2009-07-30,28.738601684570312,28.738601684570312,28.491883270875004,28.548599600472038,1478400
2009-07-31,28.76415252685547,28.80385442752981,28.698926739409732,28.77549623613261,530000
2009-08-03,28.725685119628906,28.896537487478877,28.600396135011188,28.842434092827848,440800
2009-08-04,28.805429458618164,28.87092101126321,28.620340763245647,28.81966571365973,456400
2009-08-05,28.694374084472656,28.859530282392477,28.589017543283,28.745629381327806,504400
2009-08-06,28.794042587280273,28.813975084700356,28.660209173540014,28.728548854340406,335000
2009-08-07,28.725685119628906,28.75700790890286,28.537750556463276,28.728533238420564,318600
2009-08-10,28.77693748474121,28.819650572383335,28.71144596650412,28.788327786277637,822000
2009-08-11,28.885160446166992,28.905092941903554,28.802582343121486,28.890854513886396,509000
2009-08-12,28.845273971557617,28.93924014005861,28.759847812035826,28.90507141423188,320800
2009-08-13,29.010446548461914,29.050311535895226,28.81966379824837,28.925022506452912,617000
2009-08-14,28.964885711669922,29.061700054485563,28.93641103275231,29.04461568163074,527000
2009-08-17,29.024700164794922,29.147143310984763,28.910799210028554,28.99907141804448,243400
2009-08-18,28.990497589111328,29.084465937181342,28.947786678604636,29.084465937181342,275400
2009-08-19,28.99337387084961,29.09019043115816,28.95635698829385,29.030390753405367,284600
2009-08-20,29.01613426208496,29.018982381058713,28.905081519369386,28.979115232860945,508000
2009-08-21,28.913637161254883,28.9962152701025,28.876620287280126,28.993367149803134,495600
2009-08-24,29.01613426208496,29.016134262084964,28.811113145539824,28.933556191672157,349400
2009-08-25,29.053176879882812,29.058873122881092,28.939275917199073,29.047482809364702,291000
2009-08-26,29.084491729736328,29.084491729736328,28.993371419052476,29.073101419340897,242600
2009-08-27,29.06454849243164,29.107261597515226,29.01044508116052,29.04461599972314,202600
2009-08-28,29.13575553894043,29.155688044826686,28.99337987618711,29.04178708012799,358400
2009-08-31,29.201248168945312,29.204094117904425,29.095889400494762,29.127212218886,188000
2009-09-01,29.234691619873047,29.25184457992009,29.05174270614051,29.191814672063142,508600
2009-09-02,29.266103744506836,29.28039749855592,29.174629388986446,29.28039749855592,365000
2009-09-03,29.294713973999023,29.346168475195622,29.171795008969493,29.266126443727966,331800
2009-09-04,29.254695892333984,29.288999624824957,29.174656030777708,29.28042423693288,216400
2009-09-08,29.26038360595703,29.317554252603113,29.240373661538865,29.2546652327402,571800
2009-09-09,29.30613899230957,29.311857369293342,29.220382965849247,29.26897826560228,326200
2009-09-10,29.423336029052734,29.44334598277505,29.26325639927424,29.323286260441176,281800
2009-09-11,29.4576358795166,29.52910030214433,29.374736887557912,29.4233321715237,283200
2009-09-14,29.311864852905273,29.494813706502136,29.29471407941881,29.391904703738607,328800
2009-09-15,29.288991928100586,29.397617114392883,29.268981967969847,29.36903176862355,619000
2009-09-16,29.4033260345459,29.44334594193501,29.280407124444654,29.380456892917437,1321200
2009-09-17,29.431922912597656,29.437641290707877,29.36331764173069,29.389043800459962,543200
2009-09-18,29.397624969482422,29.474807822697286,29.33759507305012,29.449079477984775,308800
2009-09-21,29.386184692382812,29.46908154075702,29.360456354569852,29.466224532828313,464400
2009-09-22,29.443334579467773,29.451909959038776,29.31755652997159,29.420465446664732,567000
2009-09-23,29.5176944732666,29.523410673037223,29.351896327916766,29.363330908381226,583000
2009-09-24,29.560558319091797,29.560558319091793,29.48051629723009,29.523395406568333,279800
2009-09-25,29.57199478149414,29.57199478149414,29.44907581430402,29.477663345077573,298600
2009-09-28,29.589153289794922,29.589153289794922,29.443365142991627,29.543414976710437,325000
2009-09-29,29.600582122802734,29.609157509610952,29.529117658171074,29.569137583891013,558600
2009-09-30,29.586273193359375,29.629152286345597,29.54339410037315,29.574838623168297,316600
2009-10-01,29.68241310119629,29.691021339195178,29.59058824707943,29.627891341500362,1411600
2009-10-02,29.659433364868164,29.725431264586305,29.56473844168072,29.70247671079659,228800
2009-10-05,29.619281768798828,29.673803526037897,29.51310839661673,29.670933383741865,351800
2009-10-06,29.47582244873047,29.61069075448882,29.475822448730472,29.61069075448882,848600
2009-10-07,29.570497512817383,29.62501707564766,29.524583997510927,29.573365465566354,273200
2009-10-08,29.49301528930664,29.768489778626986,29.46719058215628,29.650840241703175,832600
2009-10-09,29.269193649291992,29.561884622503154,29.26345555499546,29.561884622503154,571400
2009-10-12,29.32944679260254,29.472923199291298,29.297881807988915,29.472923199291298,243400
2009-10-13,29.42128562927246,29.427025914270864,29.315114438851968,29.409807248552923,334000
2009-10-14,29.31224822998047,29.536071210854722,29.27781308320075,29.533201067970353,442600
2009-10-15,29.23762321472168,29.37249139298936,29.21466646325562,29.37249139298936,268200
2009-10-16,29.338077545166016,29.338077545166012,29.20894955574441,29.240514564585766,964000
2009-10-19,29.32944679260254,29.39257676182979,29.2950116668578,29.363881918347285,434000
2009-10-20,29.510242462158203,29.510242462158207,29.41554964565808,29.418417599085938,434200
2009-10-21,29.498760223388672,29.52171479249356,29.392586857830278,29.510236413302632,304000
2009-10-22,29.498760223388672,29.515976697536587,29.392586857830278,29.515976697536587,349000
2009-10-23,29.49301528930664,29.495885430971114,29.406930742862137,29.495885430971114,297400
2009-10-26,29.472936630249023,29.541804723845804,29.398328251774135,29.47006648780997,192800
2009-10-27,29.610698699951172,29.613566655407823,29.361048650647234,29.510263337715088,252200
2009-10-28,29.581987380981445,29.65659578321466,29.556162658637977,29.604944149249807,204800
2009-10-29,29.57624053955078,29.581978635282482,29.49876420614778,29.57337039704629,177800
2009-10-30,29.636476516723633,29.690998233991365,29.550392014447517,29.61926005412351,270200
2009-11-02,29.676551818847656,29.74857529036356,29.587241219540232,29.725527251962813,426200
2009-11-03,29.656414031982422,29.80622203058623,29.618960383843433,29.690983925053427,158800
2009-11-04,29.716867446899414,29.786009323774607,29.411486611237763,29.667892042362013,250200
2009-11-05,29.618938446044922,29.69672504380874,29.523869112530413,29.682319467042873,376600
2009-11-06,29.69959831237793,29.711122331831724,29.544029544706618,29.667910006357452,303400
2009-11-09,29.72551155090332,29.768726050583282,29.66789368331721,29.768726050583282,386400
2009-11-10,29.7427921295166,29.81769710482799,29.708222293203992,29.81769710482799,227400
2009-11-11,29.82634925842285,29.85803975066346,29.662135888622046,29.811945887937853,221600
2009-11-12,29.823467254638672,29.837872822887224,29.731277332598875,29.737040439090745,672400
2009-11-13,29.803327560424805,29.872471712576385,29.75435210113809,29.872471712576385,184800
2009-11-16,29.93871307373047,29.944476181736714,29.786023681290327,29.843641573462634,290000
2009-11-17,29.95598602294922,29.958865377607978,29.823460977303995,29.944462010372217,235400
2009-11-18,29.92142677307129,29.95311727170681,29.892617828306705,29.95311727170681,194800
2009-11-19,29.92142677307129,29.96464128920896,29.832118384906604,29.93295079057344,217000
2009-11-20,29.907024383544922,29.95888136883094,29.883978544070334,29.95888136883094,218600
2009-11-23,29.91854476928711,29.93295034044357,29.817712365136583,29.93295034044357,255600
2009-11-24,30.016494750976562,30.02801876712807,29.901256787442783,29.930065728830893,234600
2009-11-25,30.05971908569336,30.05971908569336,29.94736263075867,29.999219625188697,162600
2009-11-27,30.03089141845703,30.100035499930087,29.93294060000815,30.100035499930087,156000
2009-11-30,30.07123374938965,30.07123374938965,29.941592402645316,29.941592402645316,218000
2009-12-01,30.023839950561523,30.078779502971035,29.986247292124464,30.070104952913844,418200
2009-12-02,29.934175491333008,30.055625720106022,29.91682640413984,30.04405892659715,494200
2009-12-03,29.948625564575195,29.994892724752795,29.905250653443602,29.9283842335324,372200
2009-12-04,29.830059051513672,29.937047960031215,29.815600017646464,29.902349808572044,300400
2009-12-07,29.92262077331543,29.968885756470176,29.859004491104276,29.88502813047738,207400
2009-12-08,30.041160583496094,30.087427748147306,29.997785668170543,30.038268334170436,301800
2009-12-09,29.96021270751953,30.125035716877267,29.95153816062825,30.125035716877267,240400
2009-12-10,29.942840576171875,30.035372682054636,29.942840576171875,30.032480433269086,296400
2009-12-11,29.937053680419922,29.97175404464848,29.919704601375265,29.960187256572294,245200
2009-12-14,29.9775390625,29.997780391939752,29.954405484243296,29.98043131131695,297800
2009-12-15,29.87923240661621,29.963089994921884,29.867665614490598,29.954413246222657,350200
2009-12-16,29.965988159179688,30.064304815821355,29.844540118158175,29.844540118158175,379400
2009-12-17,30.01224708557129,30.0469474618079,29.971764416365247,30.04116296269846,342800
2009-12-18,30.087413787841797,30.090303829686665,30.026687610878554,30.090303829686665,211800
2009-12-21,29.905242919921875,30.107658384144628,29.876327055358352,29.97464364224119,650200
2009-12-22,29.85031509399414,29.90814684570129,29.80404792771649,29.879230969847715,356000
2009-12-23,29.873449325561523,29.931283288934935,29.792483982978876,29.792483982978876,252800
2009-12-24,29.835838317871094,29.884995498215975,29.806922459205786,29.856079639550668,227200
2009-12-28,29.78960609436035,29.957321359785862,29.728882058149292,29.821414238014885,287000
2009-12-29,29.834287643432617,29.857503304437355,29.74722171858489,29.825579279605087,156800
2009-12-30,29.869104385375977,29.880713319914,29.74721389399352,29.854594877836846,184800
2009-12-31,29.808170318603516,29.840094347011043,29.639844025941777,29.7878552290877,164800
2010-01-04,29.959075927734375,29.97068264919993,29.805259191089803,29.816868126733432,2291400
2010-01-05,29.993921279907227,30.03165090040701,29.95909666305156,30.0287481109425,261200
2010-01-06,29.988113403320312,30.017134651060204,29.92136254075722,30.01423186203243,281000
2010-01-07,30.00261116027832,30.043241334024618,29.927156388565706,29.930056962277295,308800
2010-01-08,30.04612922668457,30.06354151703566,29.967771705927344,30.031619722784427,291400
2010-01-11,30.075170516967773,30.08968224472849,30.014225245894597,30.063561577594964,414000
2010-01-12,30.168039321899414,30.173844898579784,30.089681750144372,30.173844898579784,319600
2010-01-13,30.13611602783203,30.165139483584394,30.098388635204284,30.12450930254565,501600
2010-01-14,30.1883487701416,30.19705713353469,30.09838227601805,30.150621385484897,493200
2010-01-15,30.159334182739258,30.22898782016774,30.153530820042963,30.182552061882088,264600
2010-01-19,30.159334182739258,30.17674869918579,30.07517103148063,30.07517103148063,202000
2010-01-20,30.211610794067383,30.2377314940616,30.16517719233993,30.16517719233993,326000
2010-01-21,30.25509262084961,30.284113849592796,30.194147376235566,30.21736524490125,530400
2010-01-22,30.240581512451172,30.27831110334224,30.208657495933124,30.2318753650695,238000
2010-01-25,30.23188018798828,30.25219527317902,30.182543868836223,30.25219527317902,364200
2010-01-26,30.21737289428711,30.240588554651904,30.15352484638257,30.223176255833714,339600
2010-01-27,30.17095947265625,30.26673161538745,30.136132635068538,30.26673161538745,281600
2010-01-28,30.101287841796875,30.223178370409087,30.051951515574583,30.185450982270602,210200
2010-01-29,30.266708374023438,30.26961116180508,30.12450277121959,30.15062121871938,252400
2010-02-01,30.197071075439453,30.261157144108147,30.18832994458896,30.2553319460509,288600
2010-02-02,30.246612548828125,30.25243775064302,30.202915756427267,30.21748209473128,358400
2010-02-03,30.194171905517578,30.25534651587188,30.17086665704618,30.229127555713855,302600
2010-02-04,30.261178970336914,30.269920107492055,30.194179143060317,30.226223311761768,336400
2010-02-05,30.18543243408203,30.310695364158015,30.185432434082035,30.240779620038317,430400
2010-02-08,30.179609298706055,30.205828262103804,30.133001018514978,30.185436722799377,212200
2010-02-09,30.138816833496094,30.18833881031043,30.092208567820958,30.179599899403243,224000
2010-02-10,30.048524856567383,30.127177311442388,30.01648068763388,30.07183011079382,207800
2010-02-11,30.031030654907227,30.083466340954875,30.019380255794704,30.083466340954875,185000
2010-02-12,30.1009521484375,30.130082596817413,30.071821700057587,30.1184299729633,226200
2010-02-16,30.14754295349121,30.153370373297168,30.036846424782155,30.063063146380568,216400
2010-02-17,30.098037719726562,30.144648214032472,30.042688313365964,30.11551554383593,327200
2010-02-18,30.057252883911133,30.109688575671626,30.004817192150643,30.109688575671626,325400
2010-02-19,30.1009521484375,30.1009521484375,30.007733380115333,30.01647229237823,649200
2010-02-22,30.14466667175293,30.150491875852623,30.08057831409605,30.11844769702418,421000
2010-02-23,30.21166229248047,30.214576005378607,30.121357195243903,30.144662453405513,306600
2010-02-24,30.255355834960938,30.28157258068328,30.194181205763957,30.229136866727085,363400
2010-02-25,30.261178970336914,30.293223139038368,30.23204851402051,30.264092682721962,254600
2010-02-26,30.31069564819336,30.348565009729978,30.258259950867615,30.296129312404233,500000
2010-03-01,30.389629364013672,30.40424685795085,30.325306144851083,30.369163087976194,307600
2010-03-02,30.42179298400879,30.421792984008793,30.319459366401926,30.33700348320544,293000
2010-03-03,30.42764663696289,30.42764663696289,30.36917218238973,30.410104746722435,202000
2010-03-04,30.366247177124023,30.459807640945815,30.363322785257193,30.413026293706213,413200
2010-03-05,30.404254913330078,30.413025858147535,30.319465395665663,30.41010369697997,356200
2010-03-08,30.41594123840332,30.421790020320348,30.348695860954518,30.383779629829817,301400
2010-03-09,30.480257034301758,30.480257034301758,30.415933832815988,30.448095433558873,358400
2010-03-10,30.436416625976562,30.451036354489332,30.401332846597743,30.451036354489332,802000
2010-03-11,30.41009521484375,30.436408041956824,30.37208482369363,30.410095214843746,371400
2010-03-12,30.436416625976562,30.45396074632336,30.380866565074303,30.413025952619094,593600
2010-03-15,30.4393367767334,30.451032111782638,30.407175163012262,30.44810772035606,169400
2010-03-16,30.532901763916016,30.532901763916016,30.44518785334024,30.46273197384984,208200
2010-03-17,30.556293487548828,30.56506443277634,30.518283084019654,30.52120747598132,201200
2010-03-18,30.512439727783203,30.544601350758878,30.451040874099927,30.544601350758878,357000
2010-03-19,30.47732925415039,30.518261790423765,30.4568629860137,30.477329254150387,150600
2010-03-22,30.494905471801758,30.512447368487486,30.453972892429533,30.509522975487105,217400
2010-03-23,30.503644943237305,30.5358065410789,30.480254284687785,30.518262431838775,264600
2010-03-24,30.33702850341797,30.4276646308026,30.263934276647458,30.407198336533206,308000
2010-03-25,30.3253231048584,30.345789392342034,30.22591382946786,30.345789392342034,639000
2010-03-26,30.389629364013672,30.392551524407033,30.234670098207502,30.287295753169488,842400
2010-03-29,30.39546775817871,30.427629359128748,30.354535217088884,30.407163088583836,1380000
2010-03-30,30.35164451599121,30.40135028304853,30.322407272854278,30.38088398978681,402000
2010-03-31,30.41303825378418,30.451048671028495,30.37210567418129,30.383801015590443,294600
2010-04-01,30.434423446655273,30.452030149192414,30.39040445141331,30.449097191368956,1604200
2010-04-05,30.255451202392578,30.34055409936875,30.205563992100213,30.34055409936875,333400
2010-04-06,30.331741333007812,30.34641509096856,30.293592696771444,30.314134614575813,273600
2010-04-07,30.42562484741211,30.443231552699153,30.317044940709938,30.317044940709938,369800
2010-04-08,30.40216827392578,30.463794022936803,30.36108444125177,30.457925863512354,614000
2010-04-09,30.446178436279297,30.460852188917148,30.372814150890672,30.40509461557369,199800
2010-04-12,30.478466033935547,30.510746506173273,30.452053720786125,30.457924118775257,365400
2010-04-13,30.540096282958984,30.566508600003257,30.493144286626404,30.51661916534211,180200
2010-04-14,30.513671875,30.560623849283015,30.490194768408436,30.52540818939567,427200
2010-04-15,30.57532501220703,30.587063576026743,30.475548339190542,30.481418740551458,247800
2010-04-16,30.657482147216797,30.701501186634367,30.54890214850697,30.613463107799223,352000
2010-04-19,30.607606887817383,30.66042930794496,30.58999792184004,30.66042930794496,168600
2010-04-20,30.64573097229004,30.645730972290043,30.581170039573955,30.584105238033892,186400
2010-04-21,30.704425811767578,30.710296209510282,30.628128552318397,30.657473824329678,330000
2010-04-22,30.61931037902832,30.72495510599666,30.61050702493093,30.710283595467615,291000
2010-04-23,30.60464096069336,30.62224767009177,30.572360500862953,30.619312472225378,171600
2010-04-26,30.625211715698242,30.651621804673123,30.584127862469263,30.645753642312734,159000
2010-04-27,30.689741134643555,30.754302048723396,30.63985396972723,30.675067385480034,308000
2010-04-28,30.666259765625,30.745492178946733,30.64571786299348,30.68386647105217,359000
2010-04-29,30.73084831237793,30.748455033641918,30.66922254905248,30.710306391269445,210600
2010-04-30,30.801279067993164,30.81888579018985,30.72204657920649,30.742588501403155,275200
2010-05-03,30.732044219970703,30.770331866025593,30.708482937310393,30.770331866025593,347400
2010-05-04,30.79684066772461,30.820401953478722,30.732048255364735,30.779170826872964,219200
2010-05-05,30.770341873168945,30.841023497209385,30.673153235783143,30.826297129025484,233400
2010-05-06,30.726158142089844,30.73793878461597,30.555342195852766,30.702596857037598,541600
2010-05-07,30.514137268066406,30.779196335148338,30.514137268066406,30.55831415373502,505000
2010-05-10,30.57891273498535,30.676101380042166,30.51706602820242,30.590693381076647,266200
2010-05-11,30.65254020690918,30.679044975521165,30.48172420831472,30.679044975521165,358600
2010-05-12,30.68494415283203,30.690833353920034,30.543578610500248,30.60542533310507,284400
2010-05-13,30.714385986328125,30.73500155471323,30.620143067006463,30.702605340546864,151600
2010-05-14,30.752687454223633,30.793918612518375,30.717347745359344,30.737963324506715,168400
2010-05-17,30.699665069580078,30.78801880516681,30.61425705769393,30.746787661074027,371200
2010-05-18,30.77623176574707,30.805682255850147,30.6613732814952,30.6613732814952,217200
2010-05-19,30.764446258544922,30.835127873008013,30.714380208588903,30.720269406907487,171800
2010-05-20,30.829246520996094,30.835135720813533,30.693772455909194,30.755619165170916,198000
2010-05-21,30.829246520996094,30.891093230257816,30.71733374903611,30.888147506884803,222400
2010-05-24,30.805662155151367,30.873400260424855,30.78210087967129,30.864565343851552,284400
2010-05-25,30.767412185668945,30.802751892643546,30.726181029578925,30.79097348827167,350600
2010-05-26,30.755630493164062,30.770356868524587,30.623102102636974,30.770356868524587,305800
2010-05-27,30.623062133789062,30.67607387019551,30.561213235542816,30.649566878529047,309800
2010-05-28,30.67904281616211,30.746780964950233,30.617196113492085,30.708493305967593,254800
2010-06-01,30.7115478515625,30.776558704994486,30.661313011911663,30.776558704994486,157200
2010-06-02,30.673133850097656,30.732233397137023,30.640628422875047,30.661313489789144,237000
2010-06-03,30.66722297668457,30.69972840436719,30.584482707857262,30.611076828050365,365200
2010-06-04,30.814987182617188,30.826807548111024,30.73224687866453,30.747022899157873,653200
2010-06-07,30.859325408935547,30.859325408935547,30.75294433118213,30.764764701433077,378200
2010-06-08,30.779529571533203,30.800214648348575,30.673148532338626,30.764753550448955,498200
2010-06-09,30.752946853637695,30.80318174044582,30.69975631039813,30.717485739976222,440000
2010-06-10,30.581523895263672,30.676084514799353,30.566750137072383,30.676084514799353,293800
2010-06-11,30.661319732666016,30.70859892902327,30.60517357339459,30.670184441076522,318800
2010-06-14,30.679035186767578,30.67903518676758,30.578565531169627,30.634709410385042,252200
2010-06-15,30.67018699645996,30.682007360160043,30.614040832510543,30.670186996459964,289000
2010-06-16,30.702716827392578,30.705672484291934,30.631796843347537,30.6908964543008,284400
2010-06-17,30.752946853637695,30.823866826455358,30.73226176762816,30.73226176762816,152800
2010-06-18,30.782482147216797,30.809078533554835,30.729291629044944,30.747023304771712,134600
2010-06-21,30.797260284423828,30.83863043978904,30.708608663210146,30.708608663210146,223600
2010-06-22,30.90067481994629,30.900674819946293,30.809069830168742,30.84452866259691,240400
2010-06-23,30.998178482055664,31.009998839547805,30.8799771616369,30.936123296098913,366000
2010-06-24,30.88884735107422,31.001139639938028,30.87407359246266,30.959767254117683,307600
2010-06-25,31.015913009643555,31.018868663130036,30.888846963761463,30.956813466932225,435000
2010-06-28,31.110445022583008,31.110445022583008,31.030660487839537,31.06907492982699,203000
2010-06-29,31.110445022583008,31.13408571972958,31.024749186302408,31.024749186302408,212400
2010-06-30,31.116413116455078,31.15187197239194,31.075042948192014,31.075042948192014,208600
2010-07-01,31.055896759033203,31.159682838759366,31.052930796079067,31.159682838759366,1117200
2010-07-02,31.06775665283203,31.127064601162303,31.04106977285858,31.085550168514562,175000
2010-07-06,31.159679412841797,31.180436626504832,31.05292738189858,31.05292738189858,180600
2010-07-07,31.15671730041504,31.201197695865826,31.132994121192365,31.186370143259932,763600
2010-07-08,31.16856575012207,31.183393296477036,31.07664129734593,31.138912919778086,219600
2010-07-09,31.15671730041504,31.174508553648597,31.109273204336585,31.16264696403726,191800
2010-07-12,31.15671730041504,31.233816501705277,31.150787636792817,31.18933610625449,373600
2010-07-13,31.201190948486328,31.230843784918683,31.168572149700818,31.21898219787246,389400
2010-07-14,31.3109188079834,31.316850734989373,31.216028337193364,31.221960264199335,429000
2010-07-15,31.38506317138672,31.405822660890582,31.305000227396725,31.340585014930102,459800
2010-07-16,31.41767120361328,31.462151607160685,31.390984318905225,31.405811874210126,317200
2010-07-19,31.367267608642578,31.43843491158487,31.328719124208792,31.43843491158487,775600
2010-07-20,31.38208770751953,31.39394929891839,31.31981604945096,31.373192079562198,494000
2010-07-21,31.47700309753418,31.479969063323935,31.349493717002904,31.3969378577939,227200
2010-07-22,31.444355010986328,31.46214626443716,31.390978988266923,31.45918030140638,150600
2010-07-23,31.462158203125,31.479951725694708,31.426575682721133,31.471053833225966,318800
2010-07-26,31.482885360717773,31.500678866294344,31.399856542579176,31.438404990324777,187200
2010-07-27,31.515525817871094,31.518491781234154,31.45622012481298,31.479943306983095,307600
2010-07-28,31.51849937438965,31.562979786082646,31.468089296909184,31.536290634119762,354600
2010-07-29,31.61040687561035,31.622268463164904,31.521448362500934,31.53330768768899,199000
2010-07-30,31.70233154296875,31.729018416448604,31.604475148809907,31.678608369409087,257600
2010-08-02,31.62081527709961,31.71008168701644,31.614865242503406,31.70115550005258,391800
2010-08-03,31.674373626708984,31.7071044912588,31.63569272775876,31.68627596564883,621000
2010-08-04,31.692235946655273,31.716038360161335,31.635700390531767,31.716038360161335,297600
2010-08-05,31.695171356201172,31.724928309707423,31.650540466215446,31.662442793590582,780800
2010-08-06,31.775527954101562,31.814208835499876,31.730894770864744,31.745773255323016,330000
2010-08-09,31.808256149291992,31.817182331166833,31.76362296977996,31.787427634871417,188400
2010-08-10,31.817203521728516,31.855884425660626,31.733889408558227,31.78149650031011,680600
2010-08-11,31.912424087524414,31.92135027649439,31.861840836601473,31.876717061504895,259800
2010-08-12,31.870742797851562,31.91834985954771,31.817183434607216,31.849914282708642,192200
2010-08-13,31.92132568359375,31.921325683593754,31.832061592525424,31.891570986570976,176400
2010-08-16,32.03736114501953,32.05818965380808,31.97487561865389,32.00463030690364,161800
2010-08-17,32.001686096191406,32.00465997867745,31.963002922479774,31.98978375582931,215800
2010-08-18,31.927297592163086,32.07012113363787,31.92729759216309,32.03739026577088,267400
2010-08-19,32.00468826293945,32.07015005771343,31.903521685664266,31.92732638742595,173200
2010-08-20,31.995704650878906,32.05521629848919,31.957023782535142,32.05224014857437,201800
2010-08-23,32.0582160949707,32.070118434114924,31.965975804276823,32.028461382179685,224600
2010-08-24,32.14153289794922,32.16533757823668,32.01953788421971,32.11475433523027,271400
2010-08-25,32.082008361816406,32.18912710253471,32.040351325996866,32.180200919164555,233400
2010-08-26,32.09986877441406,32.120697297544524,32.031433171330605,32.06118788006857,282000
2010-08-27,31.942163467407227,32.114743938411245,31.906458728674345,32.064160711780644,256000
2010-08-30,32.073081970214844,32.09391048798939,31.98084171580446,31.98084171580446,191800
2010-08-31,32.1296272277832,32.132601109696346,32.052263165403076,32.126651075731196,250800
2010-09-01,32.089298248291016,32.12213704690686,32.002723440815174,32.11318142503437,498200
2010-09-02,32.02663040161133,32.092308047617436,31.99677754732495,32.092308047617436,267200
2010-09-03,31.93708038330078,31.990816446443695,31.90125558199637,31.94305004470448,359000
2010-09-07,32.01168441772461,32.06243446496423,31.969887715593106,32.06243446496423,411800
2010-09-08,32.0176887512207,32.06843885342647,31.978880251468254,32.03261632369429,771800
2010-09-09,31.9281063079834,32.02065309508528,31.925122617606032,31.963931091147955,202200
2010-09-10,31.943044662475586,31.97588348873128,31.865425411541484,31.91319180523232,163400
2010-09-13,32.056480407714844,32.05946637616622,31.949008319731224,31.95498025663397,388000
2010-09-14,32.062442779541016,32.110206872380786,32.056470844419856,32.062442779541016,296600
2010-09-15,32.056480407714844,32.107232760881864,32.02961352453223,32.05946637616622,188200
2010-09-16,32.03858184814453,32.05350941869014,31.97887612121705,32.05350941869014,525000
2010-09-17,32.10725021362305,32.149044684154426,32.068439435538316,32.10426424354857,200800
2010-09-20,32.0982780456543,32.131116869003385,32.059469562435744,32.12216124038578,430800
2010-09-21,32.2863655090332,32.2863655090332,32.12515731034671,32.19979060912967,315000
2010-09-22,32.265464782714844,32.33412613468897,32.22665401386859,32.289347982369875,406600
2010-09-23,32.274410247802734,32.337101918930934,32.2475410872469,32.328146291287844,282600
2010-09-24,32.20871353149414,32.26244954315219,32.19677194250067,32.19975790915534,376000
2010-09-27,32.32217788696289,32.32217788696289,32.23560529186704,32.28934134122501,388000
2010-09-28,32.372928619384766,32.39680953530146,32.25052896069493,32.25052896069493,278400
2010-09-29,32.35799789428711,32.378895117190304,32.31023378949115,32.35202823529754,539000
2010-09-30,32.36397933959961,32.36397933959961,32.23262402697155,32.3311405114426,231800
2010-10-01,32.22738265991211,32.31125545466327,32.17047183438452,32.30226736982208,2851200
2010-10-04,32.40411376953125,32.40411376953125,32.28729379766432,32.34121088354907,392200
2010-10-05,32.40109634399414,32.4460276001097,32.368146908529305,32.440037832433646,244200
2010-10-06,32.48798370361328,32.5838360451066,32.42807684716748,32.51494338872395,527600
2010-10-07,32.49998092651367,32.58684750921699,32.479013288295704,32.58684750921699,429200
2010-10-08,32.48200225830078,32.57485859518394,32.476010199940184,32.556886990703504,658000
2010-10-11,32.535911560058594,32.54190133168311,32.493976302786585,32.52991950313395,135800
2010-10-12,32.467018127441406,32.54489887398355,32.4550362983349,32.54489887398355,390800
2010-10-13,32.47599792480469,32.51493943352759,32.428072902537785,32.49397180779211,310600
2010-10-14,32.365177154541016,32.496972708781,32.350199296302236,32.496972708781,316200
2010-10-15,32.35918045043945,32.40411173340348,32.31724519575302,32.40411173340348,316600
2010-10-18,32.45203399658203,32.45203399658203,32.338210070023386,32.36816349434937,310400
2010-10-19,32.42208480834961,32.478997921714786,32.37415978022637,32.41909106523572,192600
2010-10-20,32.47002029418945,32.496977700799945,32.3921395329247,32.42209296870325,311200
2010-10-21,32.42208480834961,32.49696952159849,32.413099008407755,32.478997921714786,331800
2010-10-22,32.42507553100586,32.452032926420344,32.4011118782154,32.43406132947735,211200
2010-10-25,32.464012145996094,32.51193944772851,32.43106269737994,32.4879757968623,297800
2010-10-26,32.38015365600586,32.425084946710335,32.35618999625675,32.35618999625675,242400
2010-10-27,32.278316497802734,32.36218703453228,32.278316497802734,32.35320123206851,230400
2010-10-28,32.37714767456055,32.4100971252619,32.33521242554059,32.33521242554059,230400
2010-10-29,32.47599792480469,32.48498372364849,32.410099019550366,32.43705870138159,152400
2010-11-01,32.48682403564453,32.55593726002089,32.42672538030711,32.55593726002089,184200
2010-11-02,32.50483703613281,32.51385160069631,32.4537529751959,32.51385160069631,229800
2010-11-03,32.5589599609375,32.57398577896274,32.432751342950084,32.543936435530206,295800
2010-11-04,32.70616912841797,32.71518598536962,32.594986444785235,32.66109630673743,561200
2010-11-05,32.592018127441406,32.712217805594605,32.592018127441406,32.649113490403266,257400
2010-11-08,32.628055572509766,32.67313070641843,32.60702081570126,32.64909032931827,171600
2010-11-09,32.48682403564453,32.65209877674756,32.46278365646287,32.61303258742316,273600
2010-11-10,32.519866943359375,32.5258758896216,32.33956875148591,32.48681200737739,562600
2010-11-11,32.50483703613281,32.52887740337922,32.44173279157269,32.52887740337922,334200
2010-11-12,32.34858703613281,32.47479555569217,32.30952085678147,32.46578098895452,293400
2010-11-15,32.12923049926758,32.288493997546475,32.12923049926758,32.24342115283865,325000
2010-11-16,32.132240295410156,32.19835019972832,32.024060868819895,32.1502694356362,344600
2010-11-17,32.162261962890625,32.24039199102974,32.15024178220653,32.20733706730223,322400
2010-11-18,32.1502571105957,32.1652829167685,32.06912371806461,32.12020779086627,386000
2010-11-19,32.17729949951172,32.20434319645463,32.14725018314763,32.14725018314763,329600
2010-11-22,32.25844192504883,32.25844192504883,32.174302898598725,32.18331746677316,199400
2010-11-23,32.30952453613281,32.34257947967919,32.267455024822226,32.30952453613281,326200
2010-11-24,32.13823318481445,32.246412557346396,32.10217492238105,32.246412557346396,171600
2010-11-26,32.15626907348633,32.16528364034633,32.0991737598847,32.16227802052094,51000
2010-11-29,32.14121627807617,32.225355221606556,32.12318715949517,32.21033172032713,298400
2010-11-30,32.168304443359375,32.23140873378034,32.144264058641696,32.207368349062655,231000
2010-12-01,32.02708435058594,32.114582076915006,31.97277549637843,32.06328871878734,466200
2010-12-02,31.957677841186523,32.04517553748831,31.942593460247704,31.972764524029962,365400
2010-12-03,32.03913497924805,32.12361485944079,31.990859446621286,32.045168269874345,326200
2010-12-06,32.11459732055664,32.15080170594296,32.06330393808186,32.09951062537468,1189600
2010-12-07,31.930559158325195,32.078399142316904,31.882283562462614,32.078399142316904,296800
2010-12-08,31.76458740234375,31.86415400689363,31.64390081821406,31.8158784524797,1222400
2010-12-09,31.752534866333008,31.833999330884524,31.72236378023872,31.833999330884524,1241800
2010-12-10,31.640888214111328,31.782692488875007,31.637870416208383,31.719332544345193,685200
2010-12-13,31.68614387512207,31.767608305683538,31.595630654604758,31.60166394854377,1379200
2010-12-14,31.54134750366211,31.686169695263352,31.465918607480184,31.686169695263352,372400
2010-12-15,31.471933364868164,31.622791068355262,31.453831177059595,31.56546670632616,343800
2010-12-16,31.574504852294922,31.58657373985344,31.420629413305008,31.471920459000003,321400
2010-12-17,31.734407424926758,31.76156069023467,31.586567609362117,31.586567609362117,373600
2010-12-20,31.728391647338867,31.830973775444495,31.70726936012279,31.758562726081358,301600
2010-12-21,31.749528884887695,31.80685327507596,31.680133294356214,31.758579983238107,369000
2010-12-22,31.71332359313965,31.791770285493413,31.689185795198934,31.791770285493413,369200
2010-12-23,31.689180374145508,31.713318167956977,31.65599148313141,31.713318167956977,240600
2010-12-27,31.72538948059082,31.743491676374457,31.610736102209405,31.640909497724653,325200
2010-12-28,31.618494033813477,31.742607951697753,31.603359711076305,31.709309208339818,208600
2010-12-29,31.772918701171875,31.806217486235383,31.594318226311916,31.600371501083135,439800
2010-12-30,31.784984588623047,31.784984588623047,31.66995404725534,31.724442684645435,548600
2010-12-31,31.839500427246094,31.893989111187146,31.73960412176623,31.80014838699383,135800
2011-01-03,31.872774124145508,31.881855179404464,31.739579154945485,31.81525769480445,395800
2011-01-04,31.872774124145508,31.93331603222238,31.85158422536603,31.86974633588394,374200
2011-01-05,31.712356567382812,31.806197278653123,31.682085593701476,31.785007366123462,291000
2011-01-06,31.772918701171875,31.80924527838535,31.74567550040831,31.74567550040831,586600
2011-01-07,31.909114837646484,31.963601193418274,31.833436264149963,31.866732711723795,207200
2011-01-10,31.975690841674805,31.98779968330639,31.939366626305446,31.981746417253294,252600
2011-01-11,31.978750228881836,31.999940145294325,31.921233751678947,31.963613584503918,340800
2011-01-12,31.972694396972656,31.98782873061118,31.875825885481632,31.945448901179326,303000
2011-01-13,32.054412841796875,32.06349390008259,31.948463312585965,31.972681007698895,250000
2011-01-14,32.012054443359375,32.06654313904835,31.984811250278927,32.009026652063305,264400
2011-01-18,32.0241584777832,32.0241584777832,31.942424291790786,31.96664199945726,188400
2011-01-19,32.099815368652344,32.10889642550259,32.00597470183153,32.01202796988965,543200
2011-01-20,31.978750228881836,32.04534776890041,31.94545145887255,31.999940145294325,475400
2011-01-21,32.0483512878418,32.05440455529192,31.957536109408554,31.978726009772853,469400
2011-01-24,32.06047821044922,32.07864033256671,31.963607400416663,32.009015015237615,446000
2011-01-25,32.10587692260742,32.13009462014231,32.012036231568175,32.08771480421963,2847600
2011-01-26,32.0514030456543,32.121028380808845,32.02718764647376,32.0514030456543,845600
2011-01-27,32.08167266845703,32.10286258377227,32.01810061298375,32.0968070025236,305800
2011-01-28,32.10587692260742,32.17853001521209,32.03625392910306,32.07863374502574,565200
2011-01-31,32.10891342163086,32.145239977786666,32.051396951766016,32.145239977786666,337400
2011-02-01,32.00716018676758,32.0679077548199,31.998048630880426,32.0679077548199,522400
2011-02-02,31.97071075439453,32.05879298126771,31.93730017463979,32.05879298126771,259400
2011-02-03,31.87351417541504,31.912998349259006,31.83099204441928,31.891737283761124,875200
2011-02-04,31.80971908569336,31.858314795541084,31.745933595765916,31.81579268044377,403200
2011-02-07,31.794553756713867,31.80670327195407,31.718621024424934,31.77329268436429,831800
2011-02-08,31.721656799316406,31.81581263934383,31.700395728430117,31.779364096131797,445200
2011-02-09,31.81279945373535,31.85835958890689,31.733831024541736,31.782426802715907,409400
2011-02-10,31.718626022338867,31.794558766592548,31.70951446379378,31.770259732283343,225200
2011-02-11,31.83100700378418,31.864417596308606,31.767221460031408,31.812781569590488,258200
2011-02-14,31.867454528808594,31.87960404633552,31.785448182106272,31.785448182106272,622200
2011-02-15,31.85529136657715,31.891739903545773,31.82188078700988,31.84921776905698,234400
2011-02-16,31.897809982299805,31.919071047198813,31.82795319075261,31.870475320550625,171200
2011-02-17,31.976787567138672,32.00412455208783,31.946414941748433,31.958564455361085,208000
2011-02-18,32.004146575927734,32.00718221845781,31.900876797795892,31.94947488568955,241800
2011-02-22,32.13775634765625,32.14383226154998,32.01322792022104,32.04663849478999,204400
2011-02-23,32.07096481323242,32.14082398382599,32.049703729536,32.12563650234954,181000
2011-02-24,32.0557746887207,32.12259588922218,32.05273672943864,32.11348432865997,165000
2011-02-25,32.152950286865234,32.152950286865234,32.089167081835896,32.095240679669935,248800
2011-02-28,32.1833381652832,32.198525642991044,32.14081600844176,32.198525642991044,279400
2011-03-01,32.19184112548828,32.210128331098915,32.07603300726212,32.09431788773536,295200
2011-03-02,32.204063415527344,32.2680628851095,32.170539551678644,32.170539551678644,1228600
2011-03-03,32.08823776245117,32.12785579588141,32.05471391680312,32.12176160809923,346200
2011-03-04,32.173587799072266,32.21015992102403,32.079112723788135,32.12787322791748,254400
2011-03-07,32.1705207824707,32.18880799535323,32.082139949809836,32.12785449430867,272400
2011-03-08,32.16748046875,32.18271710281821,32.103478700191864,32.16748046875,151200
2011-03-09,32.23454284667969,32.26502078116977,32.16749743616537,32.1979730455155,256000
2011-03-10,32.30459976196289,32.338123589236275,32.22536141339515,32.26193349545807,420800
2011-03-11,32.31680679321289,32.3503306374337,32.271092248808294,32.30156783669859,508200
2011-03-14,32.3442497253418,32.41434570392327,32.32596482881595,32.38082184353293,331000
2011-03-15,32.31376647949219,32.408241522715215,32.30157577631198,32.405195590774326,325800
2011-03-16,32.44173812866211,32.545357856098406,32.35640560320689,32.38992942751243,530000
2011-03-17,32.44173812866211,32.46916776906525,32.32288177890135,32.402120120454164,789800
2011-03-18,32.42042922973633,32.42957400013053,32.365572233064476,32.365572233064476,291000
2011-03-21,32.30766677856445,32.42042669475074,32.274142931822986,32.42042669475074,232200
2011-03-22,32.338130950927734,32.34117920641119,32.2649890952885,32.28327397791389,209600
2011-03-23,32.30766677856445,32.402141805669395,32.29242782090434,32.37166621548765,178400
2011-03-24,32.271080017089844,32.316794544167244,32.23755618557558,32.29850966339126,228600
2011-03-25,32.231483459472656,32.29548290993566,32.18881715916398,32.268053245372094,159000
2011-03-28,32.13090896606445,32.22233807274822,32.13090896606445,32.155290371198625,605600
2011-03-29,32.11262893676758,32.17967432332935,32.10653242199161,32.164437686667675,557400
2011-03-30,32.173587799072266,32.18273024827529,32.10958832951144,32.10958832951144,639800
2011-03-31,32.08823776245117,32.21318837566249,32.08823776245117,32.210142444340605,506400
2011-04-01,32.20353317260742,32.2127058528868,32.035359591391696,32.07205264533735,2978200
2011-04-04,32.2585563659668,32.28607439382059,32.18822862896202,32.23715267780483,213600
2011-04-05,32.22797393798828,32.24937762212303,32.18516656971878,32.23408827652966,535800
2011-04-06,32.182125091552734,32.237163498561614,32.16377973349238,32.191297770582906,688400
2011-04-07,32.17601013183594,32.23410454218723,32.15766244130015,32.18212447346268,371600
2011-04-08,32.14543533325195,32.17601404358658,32.13932099088187,32.160724688419265,527200
2011-04-11,32.11177444458008,32.18210215506792,32.096487434700926,32.14846746737715,1160000
2011-04-12,32.22797393798828,32.2616086320324,32.19128090826016,32.224915602304286,178000
2011-04-13,32.32276153564453,32.32276153564453,32.182108420113394,32.19433943009349,294800
2011-04-14,32.24938201904297,32.32888242787977,32.22186165978807,32.32888242787977,316400
2011-04-15,32.3777961730957,32.39002718166258,32.29829578382417,32.29829578382417,369800
2011-04-18,32.40838623046875,32.41144456711013,32.29219509919695,32.35946450834333,170600
2011-04-19,32.48176193237305,32.49093460653845,32.405319870559225,32.405319870559225,214400
2011-04-20,32.438961029052734,32.49094341813205,32.41450133558702,32.44813603853301,198000
2011-04-21,32.4481315612793,32.484822262828835,32.423669538361665,32.4267278744331,163400
2011-04-25,32.51539611816406,32.5184544539997,32.42672537437115,32.46036007008297,198600
2011-04-26,32.59794998168945,32.59794998168945,32.48787323633318,32.503162580398474,221200
2011-04-27,32.54901885986328,32.56430820059954,32.497038833881376,32.533731851952886,423000
2011-04-28,32.634639739990234,32.634639739990234,32.56431203028883,32.60100505267558,352400
2011-04-29,32.65298080444336,32.671326146818856,32.555135090397634,32.60100077916222,222000
2011-05-02,32.69501495361328,32.719556715836134,32.64286546421315,32.69501495361328,246000
2011-05-03,32.70728302001953,32.71341728983171,32.67047037985324,32.69807810465466,234000
2011-05-04,32.72878646850586,32.765596801975015,32.68583951916971,32.68583951916971,206000
2011-05-05,32.78704833984375,32.80238752881506,32.731830536151335,32.750238031003235,563600
2011-05-06,32.80544662475586,32.82998604361636,32.70421362300174,32.73795795691978,321400
2011-05-09,32.85452651977539,32.86986570384124,32.81464791780743,32.82691879697393,877200
2011-05-10,32.747154235839844,32.823845463558435,32.74101996741179,32.80237201341445,333200
2011-05-11,32.82386779785156,32.8453412626067,32.728771359711956,32.75944740358614,279600
2011-05-12,32.78398895263672,32.817733302799226,32.74410798948169,32.79625983818964,292000
2011-05-13,32.839195251464844,32.9005473172826,32.811585183544956,32.81465348896523,132000
2011-05-16,32.8882942199707,32.8882942199707,32.80240034520728,32.82080550681871,243400
2011-05-17,32.85759735107422,32.918949411193154,32.833055590854215,32.89134168626895,428400
2011-05-18,32.73798370361328,32.882163727301965,32.73798370361328,32.866824530573574,654400
2011-05-19,32.76865005493164,32.80852867801276,32.67048531005861,32.701161354000405,212800
2011-05-20,32.79934310913086,32.83308747709684,32.771735357395066,32.771735357395066,208600
2011-05-23,32.848419189453125,32.89750040593983,32.817743136594835,32.88829782412562,268200
2011-05-24,32.848419189453125,32.879095242311415,32.79933563253361,32.84535088203745,261000
2011-05-25,32.81770324707031,32.84531095895609,32.79316149844075,32.81463494338413,234600
2011-05-26,32.9158821105957,32.9342872597982,32.84225683292379,32.860664322557255,154000
2011-05-27,32.91282272338867,32.946567066357,32.86987580332564,32.93122787757808,362000
2011-05-31,32.89442825317383,32.940441153592154,32.86988647932914,32.903630833257495,382800
2011-06-01,33.009525299072266,33.027989692964105,32.95720560310433,33.00029310212635,278600
2011-06-02,32.91720199584961,32.99106192692566,32.91412381389835,32.97567571309912,289800
2011-06-03,32.963348388671875,33.080293415091234,32.889488495563,33.00335534161342,666600
2011-06-06,32.938751220703125,32.9479834204551,32.90182242169521,32.92951902095115,233800
2011-06-07,32.957191467285156,32.960269647601734,32.87717756276322,32.94488344194611,1186600
2011-06-08,33.00337600708008,33.02184275289323,32.95105864786729,33.00030017274884,470600
2011-06-09,32.941810607910156,33.00028430359692,32.886415093039545,32.991049761148474,240400
2011-06-10,32.98183822631836,33.00338080959754,32.93567487701569,32.972606026050926,528400
2011-06-13,32.98183822631836,33.01876937535359,32.89874607594595,32.969527843306615,143600
2011-06-14,32.858726501464844,32.91720021555186,32.84334028847046,32.90796801816228,569200
2011-06-15,32.93256759643555,32.96334235059676,32.84024098598867,32.86793990830803,553400
2011-06-16,32.99720001220703,33.024896590531355,32.92949413457392,32.97565744641137,194200
2011-06-17,33.04336166381836,33.05259385612927,32.963345417184684,33.01258455883071,402200
2011-06-20,33.00029373168945,33.03722252017764,32.96951661066306,33.03414433848207,128200
2011-06-21,33.006465911865234,33.05878328965892,32.947992167292306,33.000311893051965,295000
2011-06-22,32.98491668701172,33.052622620164094,32.960295920780766,33.02184783635815,251800
2011-06-23,33.040283203125,33.06797977982252,33.015662458529356,33.055671755488135,175400
2011-06-24,33.06491470336914,33.10799984644492,33.04644796493367,33.095689470142666,491800
2011-06-27,33.009525299072266,33.123392192024795,32.97875052659766,33.123392192024795,238200
2011-06-28,32.871036529541016,33.009526532799775,32.81871917958236,32.98798395646593,350600
2011-06-29,32.81565475463867,32.88951705986007,32.775647766951366,32.88951705986007,360800
2011-06-30,32.8063850402832,32.89255528320917,32.72944698796173,32.889479451649684,207800
2011-07-01,32.891326904296875,32.89750325905642,32.74621319010645,32.872802551196536,2622400
2011-07-05,32.94379806518555,32.99011128092464,32.92218554525237,32.96541058511872,631000
2011-07-06,32.980838775634766,33.02097562705306,32.95613808756785,32.99627729457341,307400
2011-07-07,32.971588134765625,32.98702430351413,32.90983639300731,32.9468874380623,262800
2011-07-08,33.113609313964844,33.15683434979712,33.027159242300286,33.073472453717095,1205200
2011-07-11,33.237125396728516,33.249475749041764,33.138324933811376,33.203162516764294,1348000
2011-07-12,33.255638122558594,33.26490029465863,33.175362038378225,33.25872629845461,1325800
2011-07-13,33.255638122558594,33.29268916654677,33.20315091026636,33.20932490647038,343600
2011-07-14,33.184635162353516,33.24021056493825,33.17845880896153,33.19389733685287,406600
2011-07-15,33.237125396728516,33.26182610135501,33.14449893217358,33.20007433978877,114600
2011-07-18,33.15991973876953,33.25872014888167,33.1537433881195,33.193882600581915,211600
2011-07-19,33.19078826904297,33.23092511847323,33.15991358828222,33.163001763034444,573600
2011-07-20,33.184635162353516,33.25255856054497,33.15993445996283,33.184635162353516,113000
2011-07-21,33.12287139892578,33.18770895250545,33.10434705664238,33.17227278579855,544600
2011-07-22,33.16609191894531,33.21857911866045,33.13521723414744,33.163006099376744,315200
2011-07-25,33.107452392578125,33.163027803822125,33.058050980099466,33.098187861046625,153400
2011-07-26,33.1722526550293,33.20312732529442,33.1012387933918,33.15064015028507,556200
2011-07-27,33.08273696899414,33.17227522258755,33.06729844556536,33.150662703140036,161600
2011-07-28,33.15376663208008,33.16920516394144,33.11671792455557,33.14759263268907,125200
2011-07-29,33.31431198120117,33.36371103286234,33.20624934732792,33.22477369725227,523200
2011-08-01,33.384273529052734,33.467888014478376,33.32543221833358,33.34401269004477,224200
2011-08-02,33.52984619140625,33.54533150300248,33.40287561467911,33.44003894487396,271200
2011-08-03,33.54841995239258,33.588678443822545,33.45241529940392,33.53293464499003,365400
2011-08-04,33.50506591796875,33.65681201608122,33.48958060964599,33.560809720113824,2179000
2011-08-05,33.44004821777344,33.51127500032284,33.30068746294323,33.40288487727322,239000
2011-08-08,33.26970291137695,33.48029034569304,33.24182982896128,33.467902571589,483000
2011-08-09,33.55769729614258,33.90145019639083,33.31304418210033,33.42762926975817,711000
2011-08-10,33.67229080200195,33.76519554576367,33.50815459884379,33.69396881181894,304800
2011-08-11,33.24494934082031,33.483410015194245,33.08391289646203,33.39050282935777,385400
2011-08-12,33.390499114990234,33.44005023865171,33.05913365436889,33.44005023865171,261000
2011-08-15,33.551517486572266,33.57010032930926,33.309961795528444,33.44622494954346,301000
2011-08-16,33.582489013671875,33.60106949418607,33.446225855964016,33.45861363054895,317800
2011-08-17,33.64751434326172,33.69396789524183,33.55770477282705,33.566995010677914,252200
2011-08-18,33.5855827331543,33.78378239249098,33.508160917390704,33.68778009701655,271200
2011-08-19,33.56700897216797,33.610365008655556,33.47410182956498,33.56700897216797,296800
2011-08-22,33.54841995239258,33.61655152460189,33.390478795246096,33.54532241836683,542800
2011-08-23,33.31307601928711,33.48030751134328,33.309978483491385,33.440048996908985,185600
2011-08-24,33.285186767578125,33.39357683285194,33.19227964721416,33.384286593360784,162200
2011-08-25,33.42143249511719,33.44930556376017,33.3130424786726,33.3130424786726,1739600
2011-08-26,33.42764663696289,33.45861489323072,33.33164197098817,33.3811930711979,531000
2011-08-29,33.43382263183594,33.44001769762892,33.294464366923165,33.32543260771208,361400
2011-08-30,33.48646926879883,33.55460081696587,33.42763031942985,33.46479126372071,658400
2011-08-31,33.54841995239258,33.60725892252465,33.49267615356006,33.57009796512043,285400
2011-09-01,33.61022186279297,33.76241608747578,33.47355630692054,33.65681260863164,303800
2011-09-02,33.64439010620117,33.68787417279305,33.576057324498535,33.63196574864579,428600
2011-09-06,33.70029830932617,33.70029830932617,33.54810407725275,33.5760571042911,347200
2011-09-07,33.64439010620117,33.72514724545919,33.582270688128176,33.619541391090415,278000
2011-09-08,33.64751052856445,33.70962997200501,33.62576848638977,33.681676933368216,521600
2011-09-09,33.68167495727539,33.73758340097371,33.65371955057387,33.6630372295728,2393600
2011-09-12,33.58537673950195,33.64749853049591,33.48909092559135,33.53878835838651,330000
2011-09-13,33.476680755615234,33.56675561345435,33.47046975873548,33.47357407232285,648400
2011-09-14,33.5481071472168,33.58227354097058,33.48909203624133,33.52015174791638,133400
2011-09-15,33.48909378051758,33.49530477529445,33.37417023465961,33.37417023465961,158400
2011-09-16,33.50772476196289,33.51704480746831,33.3524238460607,33.37416587949885,1212800
2011-09-19,33.52635955810547,33.56052594619926,33.470451138470516,33.476662131894976,237600
2011-09-20,33.560523986816406,33.582266017088195,33.49529552629747,33.513933244890126,344200
2011-09-21,33.50150680541992,33.58536823990857,33.45491606639138,33.54809754444847,443400
2011-09-22,33.324485778808594,33.47046908444465,33.28100169241126,33.47046908444465,230400
2011-09-23,33.30894088745117,33.37416698993585,33.209548392754904,33.36484931382432,162400
2011-09-26,33.315155029296875,33.35863909863542,33.26545759593622,33.327579387637044,323800
2011-09-27,33.29032516479492,33.30585621394131,33.20646366063845,33.218885656309084,255200
2011-09-28,33.194034576416016,33.259260708088625,33.13812612502448,33.19713889003967,235800
2011-09-29,33.18159866333008,33.25303576709003,33.125690231398515,33.19402302261533,264000
2011-09-30,33.16917037963867,33.24682083870618,33.14742834588793,33.18780573150961,464800
2011-10-03,33.10871505737305,33.242682856642546,33.096255037079395,33.23333665294269,1192400
2011-10-04,32.909339904785156,33.24581768837063,32.88130127796665,33.16792944459402,727400
2011-10-05,33.05263137817383,33.06820996705671,32.93735837749266,33.06197995767892,419800
2011-10-06,33.0620002746582,33.07757649615392,33.00903446608366,33.033959272829286,240000
2011-10-07,33.0682258605957,33.11495927274684,33.00903004674026,33.00903004674026,1060600
2011-10-10,32.959171295166016,33.00278849740355,32.847012095995424,32.92178410312273,244400
2011-10-11,33.11806106567383,33.12117488202577,33.00278568275776,33.06198147087129,431600
2011-10-12,33.11806106567383,33.146099674595575,33.02147808870559,33.02147808870559,161000
2011-10-13,33.12119674682617,33.19285497852944,33.062003296595414,33.08069571488296,407400
2011-10-14,33.20532989501953,33.20844371460035,33.07136196723741,33.08382437644523,654400
2011-10-17,33.23646545410156,33.25204405081692,33.08691900729862,33.08691900729862,190600
2011-10-18,33.305023193359375,33.342408039982146,33.18974770336288,33.26763596977534,318800
2011-10-19,33.32371139526367,33.37356102039416,33.280094161754974,33.336173801546295,2024600
2011-10-20,33.35485076904297,33.37665937569329,33.23334533528259,33.295657337826285,929400
2011-10-21,33.4078254699707,33.435864095868894,33.3268210335529,33.3922468709425,240800
2011-10-24,33.46702194213867,33.47013813761809,33.361095065445404,33.417174699271456,514800
2011-10-25,33.55734634399414,33.58538732745152,33.37353136283574,33.3922237671681,421200
2011-10-26,33.541812896728516,33.58231395007159,33.488847055326815,33.52311809160244,449200
2011-10-27,33.57296371459961,33.65396581158327,33.47015061808775,33.582309927562214,225400
2011-10-28,33.49192428588867,33.59785109152692,33.4701156860832,33.50438668248595,490600
2011-10-31,33.6227912902832,33.64148608222441,33.54178924072534,33.604098875302185,1256600
2011-11-01,33.5887336730957,33.669979767447195,33.53561223542618,33.59810776397249,483800
2011-11-02,33.773094177246094,33.773094177246094,33.56373156737361,33.5918538355425,402200
2011-11-03,33.70749282836914,33.77623698534059,33.66374546299976,33.66374546299976,679400
2011-11-04,33.74809265136719,33.74809265136719,33.641849800327755,33.641849800327755,868400
2011-11-07,33.7449836730957,33.77310833710748,33.64811486338758,33.663739941622154,444800
2011-11-08,33.676231384277344,33.7981017287507,33.66060869276667,33.72935521075869,338000
2011-11-09,33.698097229003906,33.732470480012395,33.61685353030317,33.682474541123575,402600
2011-11-10,33.60747528076172,33.691844460215634,33.57622514076675,33.61059838752045,563600
2011-11-11,33.60124206542969,33.62311574456106,33.54186962890788,33.54186962890788,321800
2011-11-14,33.551231384277344,33.629351973189564,33.52623222365315,33.557479982407806,839000
2011-11-15,33.544986724853516,33.58561096453772,33.516864451889035,33.54811221653345,398600
2011-11-16,33.44499206542969,33.54498634158029,33.40437021026124,33.52311266817396,1397000
2011-11-17,33.40436935424805,33.45124219150377,33.341871443223226,33.45124219150377,1305800
2011-11-18,33.37938690185547,33.45125893950521,33.34188813646612,33.45125893950521,213200
2011-11-21,33.19501876831055,33.35126002652069,33.19189327561167,33.35126002652069,494600
2011-11-22,33.25437927246094,33.28875253011714,33.17625866579717,33.28875253011714,494600
2011-11-23,33.1825065612793,33.23562799669452,33.138759216343054,33.191880651758275,675200
2011-11-25,33.141883850097656,33.31375013029898,33.138760742495165,33.21688134548638,171800
2011-11-28,33.17625427246094,33.19812794406812,33.07626000453503,33.11688424041366,2803000
2011-11-29,33.07939529418945,33.14814182076118,33.066895708989854,33.14189083613533,470800
2011-11-30,33.17313003540039,33.25749922756876,33.110632130042966,33.17313003540039,1618200
2011-12-01,33.047428131103516,33.2982158736271,32.875013650846576,32.875013650846576,577200
2011-12-02,33.257442474365234,33.2793886016002,33.103836325535,33.19788227313021,192800
2011-12-05,33.30448913574219,33.348376638051214,33.229253759168074,33.27000575654374,252400
2011-12-06,33.238685607910156,33.28884416192503,33.21360633090272,33.27630452342131,393600
2011-12-07,33.33269500732422,33.34836774443228,33.235513513823264,33.307615757924694,244200
2011-12-08,33.33583068847656,33.37972057415217,33.25745982183069,33.32015795016081,420200
2011-12-09,33.32327651977539,33.40164734659359,33.28565766189503,33.39851184384827,356800
2011-12-12,33.31074142456055,33.357764405375434,33.28252667939635,33.32328104555706,2086200
2011-12-13,33.31387710571289,33.34522735646646,33.26685651295922,33.32955223108967,494800
2011-12-14,33.404781341552734,33.40791684438102,33.320141898692135,33.3859731079588,1104800
2011-12-15,33.32956314086914,33.41106951446891,33.32329452367952,33.39225887952181,1009000
2011-12-16,33.43929672241211,33.501994880584405,33.37346545009884,33.42989259660881,2009400
2011-12-19,33.49573516845703,33.50200618223483,33.39855598012003,33.40796010909574,385800
2011-12-20,33.433013916015625,33.501980664895825,33.395395037074834,33.47063040326725,386600
2011-12-21,33.42361831665039,33.43302244086119,33.332707796463076,33.43302244086119,418600
2011-12-22,33.4925651550293,33.4925651550293,33.41419430538722,33.43927355127793,580000
2011-12-23,33.483177185058594,33.486312690229354,33.41734592661071,33.41734592661071,461600
2011-12-27,33.62055587768555,33.62055587768555,33.384787596920965,33.384787596920965,1760400
2011-12-28,33.56081008911133,33.661404401322606,33.52937481623735,33.63311097688572,897000
2011-12-29,33.614261627197266,33.620547724548636,33.541958316685395,33.541958316685395,314600
2011-12-30,33.69285583496094,33.718005024665956,33.576542631344296,33.576542631344296,283600
2012-01-03,33.71485900878906,33.74315004695494,33.61740890173958,33.61740890173958,928200
2012-01-04,33.66142272949219,33.68028342381444,33.61112434682099,33.63627353815659,279400
2012-01-05,33.617374420166016,33.65509576569613,33.582794921192644,33.59536950248806,415800
2012-01-06,33.67711639404297,33.72741474268928,33.6079597621902,33.633106538156085,663400
2012-01-09,33.639408111572266,33.74943279407249,33.601684335418675,33.740002449623645,569000
2012-01-10,33.63623809814453,33.73054626710804,33.633093852950715,33.67710369223866,378400
2012-01-11,33.66767883300781,33.78084769483494,33.65510424854294,33.76827311037007,1063800
2012-01-12,33.60797882080078,33.74943880946327,33.60169032447524,33.74943880946327,1422600
2012-01-13,33.730567932128906,33.74942861869321,33.68341381736023,33.721135190488845,512200
2012-01-17,33.78401184082031,33.85631274613584,33.75886265707658,33.84374055262214,471000
2012-01-18,33.79658508300781,33.837450706190765,33.76200555633067,33.831164609684954,1261200
2012-01-19,33.68024444580078,33.843711601943376,33.677100200932934,33.821704286224545,1899800
2012-01-20,33.70541763305664,33.82172839415546,33.661407766961226,33.74628325204301,256600
2012-01-23,33.74628829956055,33.75257679471924,33.68027349054342,33.699134179303115,941000
2012-01-24,33.75258255004883,33.76829899390908,33.71485876773877,33.75258255004883,363400
2012-01-25,33.85944747924805,33.90031309257982,33.755708924224116,33.761997417572076,345200
2012-01-26,33.925472259521484,33.994631316569844,33.90975581823844,33.98834521972827,629600
2012-01-27,33.98203659057617,34.019760344349365,33.93488249794888,34.00089966664116,382400
2012-01-30,34.041786193847656,34.066935378489404,34.010350912224595,34.063791130819624,292400
2012-01-31,34.06692123413086,34.10150074906652,34.02291137845952,34.06692123413086,1417200
2012-02-01,34.16307830810547,34.1693821455666,34.077960869055694,34.15046822805636,536800
2012-02-02,34.16936111450195,34.1945812590773,34.10631315818894,34.163057280920796,336600
2012-02-03,34.1977653503418,34.20406918963215,34.103190925093635,34.14417189329981,493800
2012-02-06,34.14417266845703,34.19461300443518,34.11264866103449,34.15362963017103,5582200
2012-02-07,34.153629302978516,34.19776579910037,34.11895457873522,34.137868501982034,770200
2012-02-08,34.19145965576172,34.2166798235838,34.13471548072582,34.15362940402859,386800
2012-02-09,34.17253112792969,34.1914450431491,34.11578697714489,34.15992104940789,547000
2012-02-10,34.18830108642578,34.22297821037429,34.12209996028604,34.12209996028604,454200
2012-02-13,34.20092010498047,34.23559723799007,34.15678600935513,34.22614027537433,688400
2012-02-14,34.270267486572266,34.282877569236,34.18199931305346,34.25765740390853,1316800
2012-02-15,34.289188385009766,34.298647752777825,34.23875044921929,34.29549463018847,388600
2012-02-16,34.26078796386719,34.30176890169136,34.21350078630036,34.24502476963632,1769000
2012-02-17,34.298622131347656,34.298622131347656,34.20720088557172,34.21350472091356,270600
2012-02-21,34.314414978027344,34.33333131197616,34.27658712038628,34.2923479260273,534200
2012-02-22,34.383750915527344,34.383750915527344,34.27656883588187,34.30809283547601,571200
2012-02-23,34.352230072021484,34.40582111676786,34.330163029765494,34.34277311178709,424600
2012-02-24,34.39319610595703,34.43102633560115,34.36797595286095,34.39004298553848,393400
2012-02-27,34.37115478515625,34.46257610467405,34.36169782195233,34.43105209228501,473200
2012-02-28,34.45940017700195,34.48777345296451,34.39635219394841,34.48777345296451,411800
2012-02-29,34.48147964477539,34.52246301315155,34.41527851716072,34.51930989132402,274800
2012-03-01,34.458709716796875,34.48084109776293,34.33224364893103,34.40812473693431,344400
2012-03-02,34.47770690917969,34.52829192676979,34.433444114235314,34.45241319431393,686200
2012-03-05,34.43657302856445,34.51245410487315,34.43657302856445,34.48716041277025,626000
2012-03-06,34.33224105834961,34.47767859331191,34.30694977639652,34.43025351992328,855400
2012-03-07,34.40497589111328,34.43343191328967,34.35122857517412,34.38600681775606,163000
2012-03-08,34.40497589111328,34.43343191328967,34.35755079557968,34.43026959701661,245200
2012-03-09,34.386009216308594,34.427109682163,34.360715508640936,34.41762514482281,282000
2012-03-12,34.36701583862305,34.44289691329183,34.35437140498411,34.42708775303437,297000
2012-03-13,34.35122299194336,34.386001228872665,34.319607070773124,34.386001228872665,267200
2012-03-14,34.1931266784668,34.32591493914967,34.174155203984135,34.31959272241488,353200
2012-03-15,34.19945526123047,34.27849625189364,34.15519249943026,34.15519249943026,659800
2012-03-16,34.21843719482422,34.25953765415722,34.167849787515586,34.186818859186154,422400
2012-03-19,34.24689483642578,34.25954168974267,34.16153159171258,34.218441225568256,593200
2012-03-20,34.20579147338867,34.27850785862244,34.18366008499486,34.27850785862244,713400
2012-03-21,34.24689483642578,34.28167308001206,34.23741029947327,34.27851076364768,518800
2012-03-22,34.24689483642578,34.300642153917074,34.23741029947327,34.287995300600194,535600
2012-03-23,34.329097747802734,34.329097747802734,34.26902579833358,34.27535043098327,282200
2012-03-26,34.348045349121094,34.36701441093067,34.262682158838906,34.325913972963555,812800
2012-03-27,34.363861083984375,34.42393059525491,34.29746694280775,34.35121423631175,479200
2012-03-28,34.37336730957031,34.433439270891526,34.35439823215986,34.38285184827554,307800
2012-03-29,34.430259704589844,34.446066457132446,34.39548147200031,34.42393507386091,2001800
2012-03-30,34.414466857910156,34.47137650075557,34.37968860883013,34.43976056853945,319400
2012-04-02,34.43886947631836,34.57203336653061,34.41667549461632,34.55301064477531,886800
2012-04-03,34.27083206176758,34.50545695620956,34.261320699364276,34.4515576232822,1028400
2012-04-04,34.38496780395508,34.38496780395508,34.33106847956224,34.35326246131003,238000
2012-04-05,34.33425521850586,34.419859924137114,34.32157259193758,34.419859924137114,1315000
2012-04-09,34.49592208862305,34.524456156390116,34.448362890049935,34.483239474406126,284600
2012-04-10,34.461055755615234,34.55934302133282,34.43886177887378,34.5276376858396,789800
2012-04-11,34.53079605102539,34.533964890118014,34.442017758247985,34.486405695156115,573800
2012-04-12,34.51496505737305,34.54984166219839,34.4800884525477,34.54984166219839,447200
2012-04-13,34.543495178222656,34.58154303883801,34.48642459678086,34.48642459678086,380000
2012-04-16,34.533973693847656,34.600555616183556,34.51812223746011,34.55299882805917,382000
2012-04-17,34.572044372558594,34.594238361326106,34.518145031117974,34.52765639502358,855200
2012-04-18,34.533973693847656,34.587872999696465,34.524462336222776,34.54665631033475,520600
2012-04-19,34.55299758911133,34.62274834884666,34.53397245558199,34.57519156242749,747200
2012-04-20,34.59422302246094,34.59422302246094,34.51495846644191,34.51495846644191,290000
2012-04-23,34.57521438598633,34.62911372548217,34.55936050074013,34.62911372548217,315600
2012-04-24,34.59104537963867,34.60055673757181,34.540317331008,34.584705280670526,260600
2012-04-25,34.56566619873047,34.616396645853435,34.5307920400345,34.57834881051121,337200
2012-04-26,34.61322021484375,34.63858543461412,34.58468615682245,34.60053760495856,531800
2012-04-27,34.629112243652344,34.673500217686346,34.58789311136137,34.622769722239966,316200
2012-04-30,34.648109436035156,34.68298602121145,34.635426821520014,34.64176933825828,422000
2012-05-01,34.70755386352539,34.72663083823571,34.62489586680852,34.72663083823571,330000
2012-05-02,34.691680908203125,34.7234726518633,34.67260392156337,34.72029274983091,444000
2012-05-03,34.701229095458984,34.73620075214325,34.656720155234524,34.701229095458984,523000
2012-05-04,34.74573516845703,34.77116953950225,34.71712089464238,34.73937536291817,321600
2012-05-07,34.733009338378906,34.75844370309387,34.70757497366394,34.755263801115866,336000
2012-05-08,34.755279541015625,34.764816825714334,34.71395049880269,34.76163692229622,365000
2012-05-09,34.755279541015625,34.79978848664667,34.73620497161821,34.79978848664667,330000
2012-05-10,34.72028350830078,34.73618058867681,34.68849177310265,34.710746230296735,156400
2012-05-11,34.771183013916016,34.79025758681408,34.710776965664046,34.72667406011648,310000
2012-05-14,34.75847244262695,34.787084307422695,34.73939544053993,34.76164992167768,160600
2012-05-15,34.767982482910156,34.787057044491746,34.70439899393511,34.75844520211936,450000
2012-05-16,34.71074676513672,34.752075778975716,34.65987804759276,34.688492307599724,347400
2012-05-17,34.61219024658203,34.70120807310301,34.605830444371186,34.6535192587371,280600
2012-05-18,34.580406188964844,34.612200358199715,34.53907716473591,34.612200358199715,736200
2012-05-21,34.456424713134766,34.57405686024995,34.45324723591513,34.567699480255534,720800
2012-05-22,34.5295295715332,34.54542665140279,34.45958630099318,34.51681239274831,659800
2012-05-23,34.513641357421875,34.5486130016753,34.44369806891503,34.475492236821395,260000
2012-05-24,34.49456024169922,34.53588925634698,34.47548568502395,34.53588925634698,382800
2012-05-25,34.56769943237305,34.56769943237305,34.49139631921505,34.54862244130599,236000
2012-05-29,34.5422477722168,34.586756686503776,34.516813413894546,34.57085960616389,202400
2012-05-30,34.64397048950195,34.64397048950195,34.574027241706105,34.634433214903076,287600
2012-05-31,34.68531799316406,34.73618671890149,34.605837428365085,34.637629169173806,592800
2012-06-01,34.71784210205078,34.775227061516816,34.65726841364565,34.70827834752103,323600
2012-06-04,34.641326904296875,34.70508688433022,34.5935057031282,34.70508688433022,707800
2012-06-05,34.612632751464844,34.65407649470794,34.593505244166074,34.593505244166074,291800
2012-06-06,34.552066802978516,34.663650439965004,34.552066802978516,34.63176801094724,767400
2012-06-07,34.61899948120117,34.641318144084885,34.57118072441239,34.63175196044042,466000
2012-06-08,34.577571868896484,34.69871682972033,34.564819383711686,34.69553053264002,496200
2012-06-11,34.603065490722656,34.65726171076779,34.580749257040125,34.61581797172511,716400
2012-06-12,34.56800842285156,34.61901593176001,34.54888091104688,34.60307714935207,260400
2012-06-13,34.62538146972656,34.64769770324495,34.567996521781126,34.59668777961033,247000
2012-06-14,34.641326904296875,34.64451320069741,34.5935057031282,34.63494944692114,192000
2012-06-15,34.74653244018555,34.74972116903971,34.66045621942285,34.7146524485063,347800
2012-06-18,34.71464920043945,34.71464920043945,34.670016729807045,34.71464920043945,229800
2012-06-19,34.752899169921875,34.752899169921875,34.61899935454304,34.73376923498964,322400
2012-06-20,34.71146011352539,34.77840881878283,34.6859575822039,34.70827381728971,294600
2012-06-21,34.70509719848633,34.76567090012129,34.70190846885079,34.73378846834201,239800
2012-06-22,34.72740173339844,34.756092993581184,34.701896769488954,34.71783798000419,333800
2012-06-25,34.75928497314453,34.78160121058074,34.72421625256085,34.77522618515073,663400
2012-06-26,34.7305908203125,34.76247080938468,34.711460881039386,34.75928208079129,251000
2012-06-27,34.75607681274414,34.79114551372149,34.72101054405289,34.78477049185565,306200
2012-06-28,34.78158950805664,34.81028319355611,34.752898254843814,34.752898254843814,284200
2012-06-29,34.85175704956055,34.85175704956055,34.772055812031155,34.79118333070581,470000
2012-07-02,34.855587005615234,34.93550168534964,34.84280036420143,34.8619791069209,2127200
2012-07-03,34.868377685546875,34.9227190887476,34.868377685546875,34.9227190887476,319600
2012-07-05,34.92270278930664,34.92270278930664,34.87475351053125,34.92270278930664,387400
2012-07-06,34.93229293823242,34.999420954498,34.90991693281056,34.90991693281056,604600
2012-07-09,34.98344039916992,34.98663522945514,34.94827775561857,34.98663522945514,2699800
2012-07-10,35.066532135009766,35.06972940247833,34.970636060157354,35.00260141844149,1335600
2012-07-11,35.0985221862793,35.10171701697303,35.04737562955484,35.095324916783504,529200
2012-07-12,35.09212875366211,35.12729140281825,35.06016337410256,35.12729140281825,335600
2012-07-13,35.111297607421875,35.11769214481457,35.0729401382715,35.11769214481457,303400
2012-07-16,35.14007568359375,35.20081160784144,35.13368358363177,35.14327295297573,438400
2012-07-17,35.18162536621094,35.21359317782522,35.15605453124178,35.21359317782522,189400
2012-07-18,35.239173889160156,35.24876325981137,35.184832496268385,35.21360304702434,682000
2012-07-19,35.25193786621094,35.32546039193992,35.25193786621094,35.25833240173558,652600
2012-07-20,35.331871032714844,35.331871032714844,35.27113510735696,35.27113510735696,264600
2012-07-23,35.293495178222656,35.322263271801575,35.28070854592067,35.28390337489561,298800
2012-07-24,35.31908416748047,35.32547870632034,35.25195614247382,35.264742781351565,252800
2012-07-25,35.32227325439453,35.347846526225894,35.29350515268532,35.341451988867334,272400
2012-07-26,35.32867431640625,35.341460955566106,35.312692846557965,35.32547948571783,165800
2012-07-27,35.3031005859375,35.331868692589836,35.25195403348643,35.32227932370572,243600
2012-07-30,35.32867431640625,35.335068855387206,35.28711956823825,35.29670893790763,339000
2012-07-31,35.37022018432617,35.41177491919598,35.351039012323646,35.3766122824595,514600
2012-08-01,35.38111114501953,35.46763995937716,35.35867756758781,35.44520638194544,423600
2012-08-02,35.36508560180664,35.448411364666526,35.34585752002226,35.41956679691342,341000
2012-08-03,35.35546875,35.406746890783566,35.2657344487051,35.39392735558767,3184600
2012-08-06,35.400367736816406,35.41959583436424,35.37793414131776,35.38113963926857,570800
2012-08-07,35.3394660949707,35.36510518159591,35.30741845922814,35.345877089165946,1055800
2012-08-08,35.342655181884766,35.368294256605324,35.310607561022444,35.333041140133744,351800
2012-08-09,35.30742263793945,35.31703668529228,35.22089376668585,35.24973590874433,675400
2012-08-10,35.34586715698242,35.37791478371962,35.31381953024523,35.320228077561794,371800
2012-08-13,35.33625411987305,35.37791579131023,35.31382053601037,35.326640076085795,205200
2012-08-14,35.33625411987305,35.34907365994847,35.27856741207227,35.28177046328318,1126800
2012-08-15,35.25613021850586,35.291383338834564,35.23689968782301,35.259333269388826,327200
2012-08-16,35.21769332885742,35.294608163808384,35.198465231389314,35.294608163808384,167000
2012-08-17,35.275352478027344,35.28496651924241,35.224076776521485,35.265738436812285,199400
2012-08-20,35.252925872802734,35.297793037398314,35.2240837434529,35.24651732575069,192000
2012-08-21,35.31060028076172,35.31380577571007,35.2336855175349,35.259322141893016,179200
2012-08-22,35.342655181884766,35.403547373076904,35.317016107164214,35.339449686275515,766800
2012-08-23,35.377925872802734,35.451637637972425,35.36510632907418,35.393950913732915,508600
2012-08-24,35.41958236694336,35.45483549576261,35.3811261864697,35.43560740552578,154000
2012-08-27,35.4548225402832,35.49968969782605,35.39393279509032,35.41636637386174,455800
2012-08-28,35.4548225402832,35.47405306857064,35.44200300311715,35.4548225402832,215800
2012-08-29,35.45161437988281,35.47404795542071,35.416361269026645,35.44199789458684,446800
2012-08-30,35.49970245361328,35.50611344703827,35.4644517700862,35.49329390526588,234400
2012-08-31,35.61187744140625,35.63110553401436,35.48047895504313,35.512526591082604,335600
2012-09-04,35.57169723510742,35.62631852899463,35.52028967949713,35.62631852899463,366600
2012-09-05,35.56849670410156,35.571710443571796,35.55243290948032,35.571710443571796,498800
2012-09-06,35.51386642456055,35.54599645705686,35.50101392128915,35.53957143110334,1059200
2012-09-07,35.626319885253906,35.671302417386876,35.60704235758667,35.6552386281189,1788000
2012-09-10,35.58774948120117,35.648795776273325,35.568469510485095,35.62309323425704,848000
2012-09-11,35.5749397277832,35.597431011172645,35.54602096264475,35.558873474776725,841400
2012-09-12,35.53315353393555,35.59741606761845,35.52351476672437,35.58777730040727,646400
2012-09-13,35.63596725463867,35.6520310466808,35.571704732376446,35.626326037775904,1818000
2012-09-14,35.54599380493164,35.59740381418146,35.517077513251735,35.59419007576231,864200
2012-09-17,35.626319885253906,35.64238612588603,35.56848485088806,35.58776482991944,1454000
2012-09-18,35.6873664855957,35.70343272524982,35.623106429707256,35.68415274739208,892400
2012-09-19,35.64558792114258,35.74519171586964,35.642374183820095,35.74197797854715,860600
2012-09-20,35.66167068481445,35.72271946961628,35.635968126645196,35.703441938148174,398000
2012-09-21,35.69060134887695,35.69060134887695,35.62955254369366,35.648830081597666,541000
2012-09-24,35.67452621459961,35.72272249872129,35.67452621459961,35.71629747147532,1038400
2012-09-25,35.7355842590332,35.73879799917087,35.68738796243011,35.71951800971035,946000
2012-09-26,35.77413558959961,35.77734932940079,35.7098755017673,35.72594174940799,263600
2012-09-27,35.74842071533203,35.780550748184226,35.72914073452922,35.76769824477047,312600
2012-09-28,35.803043365478516,35.81910960819222,35.7644858537843,35.7644858537843,275400
2012-10-01,35.77758026123047,35.893542724238785,35.76469527005612,35.893542724238785,3519000
2012-10-02,35.80982971191406,35.84204099543218,35.790503433315884,35.84204099543218,687200
2012-10-03,35.87101364135742,35.87745491158268,35.81625424297541,35.81625424297541,575200
2012-10-04,35.87421798706055,35.883881116460756,35.82267802017825,35.84200427897867,934600
2012-10-05,35.85490417480469,35.86456730822165,35.825914774553794,35.85490417480469,336200
2012-10-08,35.87421798706055,35.883881116460756,35.809793028457676,35.867774262419815,129200
2012-10-09,35.88068771362305,35.88713144337475,35.85169830242889,35.86780271168248,190600
2012-10-10,35.88711166381836,35.90321606419584,35.822686689624014,35.851678542401835,269800
2012-10-11,35.94832992553711,35.95799306200908,35.86780051152042,35.89034864914258,1489800
2012-10-12,35.99661636352539,36.00627949148712,35.977290107601924,35.986953235563654,2083600
2012-10-15,36.054622650146484,36.06428578482499,35.97731511515623,35.99020011391498,1497400
2012-10-16,36.10938262939453,36.11260449352632,36.0159682300708,36.06428636179856,722600
2012-10-17,36.06105041503906,36.112590390771125,36.03850229004661,36.112590390771125,343400
2012-10-18,36.02561950683594,36.08038134880206,35.99985197494998,36.01595637518352,980600
2012-10-19,36.03851318359375,36.054620045269054,35.98053192214954,36.01596505178556,522400
2012-10-22,35.9773063659668,36.0352876174998,35.95797764374804,36.0352876174998,832800
2012-10-23,35.980525970458984,36.006295961851926,35.95153657331316,35.99663282946998,589800
2012-10-24,35.9773063659668,36.00951762624921,35.961199507044775,35.9773063659668,244800
2012-10-25,35.912879943847656,35.95475679233647,35.89999494874044,35.93864993406207,152800
2012-10-26,35.97086715698242,36.02240714595654,35.948319026196735,35.977310884385155,1182000
2012-10-31,36.06427764892578,36.0707213756326,35.938652011321224,36.04172952057526,470000
2012-11-01,35.99018478393555,36.01595231291516,35.94830794141646,35.99340418908226,822200
2012-11-02,35.99018478393555,36.009511045060556,35.961192934686856,36.009511045060556,605400
2012-11-05,35.954742431640625,36.02238678576447,35.93541371791913,36.00305807204298,1413800
2012-11-06,35.87101364135742,35.961206169883575,35.861350507238484,35.948321171870965,1366200
2012-11-07,35.890342712402344,35.9934202469908,35.864572714364655,35.9934202469908,2022000
2012-11-08,35.94186782836914,35.96441595292651,35.89999098450455,35.90965657293879,726400
2012-11-09,35.87101364135742,35.986976165908786,35.861350507238484,35.986976165908786,1620800
2012-11-12,35.92255401611328,35.98375714712175,35.87101647755006,35.98375714712175,176000
2012-11-13,35.928958892822266,35.951507002354326,35.88708453442262,35.945063281025384,301000
2012-11-14,35.89679718017578,35.92900845857861,35.85170089889922,35.90968218304952,1839200
2012-11-15,35.867794036865234,35.903227169241404,35.85168963150659,35.903227169241404,1444200
2012-11-16,35.88389587402344,35.90322214077195,35.848462746609904,35.900000277126566,1951600
2012-11-19,35.903221130371094,35.903221130371094,35.864566140400015,35.877451137057044,304000
2012-11-20,35.8420295715332,35.87746270937857,35.832366435314036,35.858136436940235,690000
2012-11-21,35.816261291503906,35.842028835038,35.79693256190012,35.82270256299679,297800
2012-11-23,35.832332611083984,35.85166132283945,35.81622821844145,35.825891345539034,149000
2012-11-26,35.835575103759766,35.880671361217985,35.81302697503065,35.83235324035226,151400
2012-11-27,35.85490417480469,35.89355916603445,35.82913663821342,35.84524104138772,1041200
2012-11-28,35.900020599365234,35.91612746914801,35.877472456207315,35.877472456207315,423400
2012-11-29,35.92255401611328,35.94832401417603,35.89034274731598,35.93221960855852,346800
2012-11-30,35.967647552490234,35.977310685979106,35.922548833605624,35.945096964266966,1074600
2012-12-03,35.955989837646484,35.955989837646484,35.894638678028045,35.9075528963439,278400
2012-12-04,35.98506546020508,35.991522571601024,35.95923208740923,35.98506546020508,257400
2012-12-05,36.03998565673828,36.043215446580696,35.985091547456356,36.010922475372205,619000
2012-12-06,36.027034759521484,36.065784810020496,36.027034759521484,36.03995144302116,286400
2012-12-07,35.99799728393555,36.03028778170565,35.99153770621729,36.02060087873533,338000
2012-12-10,36.01735305786133,36.033497066860384,35.99474947437798,36.02703995598193,310400
2012-12-11,35.99150848388672,36.01734184657093,35.9818215887814,36.014112060334135,470400
2012-12-12,35.943111419677734,35.998007992184654,35.93019472400598,35.975404390661026,1130600
2012-12-13,35.89146041870117,35.93343784750494,35.88177350925482,35.92375093805859,1281800
2012-12-14,35.92372512817383,35.936641819358364,35.891434632015965,35.91726801438503,753000
2012-12-17,35.89788055419922,35.94308772744773,35.87527696757496,35.91079724135682,329800
2012-12-18,35.81070327758789,35.91403433225514,35.80747348924017,35.91080454390742,715200
2012-12-19,35.872066497802734,35.8978998860298,35.84623557318317,35.86883917197998,1316800
2012-12-20,35.90435791015625,35.926961507974276,35.88821142731164,35.90435791015625,350000
2012-12-21,35.87851333618164,35.92695030600551,35.87851333618164,35.881743124465,513800
2012-12-24,35.88821029663086,35.90435677896677,35.872063814294954,35.87852339267224,420600
2012-12-26,35.96136474609375,35.96460039697474,35.91280281329143,35.91604093413491,653800
2012-12-27,36.00667953491211,36.026103315180514,35.945167604112996,35.954879494247194,304600
2012-12-28,36.05202102661133,36.05849479989025,36.003459082148595,36.029359115190466,242800
2012-12-31,36.029380798339844,36.03909269908457,35.95815689959238,36.00671887328061,291200
2013-01-02,35.96136474609375,36.0325885848755,35.92251470585939,36.0325885848755,2499800
2013-01-03,35.91927719116211,35.98726538021019,35.88366527117028,35.9743153665802,751000
2013-01-04,35.89662551879883,35.91281365794213,35.84482791947411,35.91281365794213,926800
2013-01-07,35.95166778564453,35.954903437869405,35.90634395486095,35.948429663456125,682000
2013-01-08,35.99049758911133,35.99049758911133,35.938700009507706,35.974311926093705,672600
2013-01-09,35.99049758911133,36.01315949330585,35.96136191370222,35.98078569730829,496800
2013-01-10,35.99049758911133,35.996973830288226,35.95812379311377,35.996973830288226,485600
2013-01-11,36.000205993652344,36.003444113927124,35.95164653934101,35.95164653934101,181400
2013-01-14,35.99699020385742,36.01965211835993,35.974328289354915,36.01641399629859,254600
2013-01-15,36.026119232177734,36.04230736952821,35.990507305977076,36.03583112660283,697000
2013-01-16,36.01966857910156,36.04880428107813,36.00024230781929,36.00024230781929,652200
2013-01-17,35.98405456542969,36.00347836563294,35.95491639516038,36.00347836563294,467800
2013-01-18,36.039066314697266,36.04230443589639,35.967842468093146,35.99374249776061,454600
2013-01-22,36.0131721496582,36.04231030526984,35.97756022055686,36.00022213271561,388000
2013-01-23,36.01639938354492,36.05848507341338,36.01316126279737,36.019637504292476,670400
2013-01-24,36.00667953491211,36.029341435212544,35.98077951457965,36.026103315180514,424800
2013-01-25,35.95166778564453,35.99051537205129,35.929005870252745,35.99051537205129,525600
2013-01-28,35.86103439331055,35.89341069038015,35.83189868990552,35.83189868990552,447400
2013-01-29,35.86747741699219,35.90308933481001,35.844815512013795,35.88690120127013,319200
2013-01-30,35.864253997802734,35.870730241858396,35.805980151118845,35.83835396150692,769200
2013-01-31,35.86103439331055,35.87398441814545,35.82866056620563,35.87398441814545,585600
2013-02-01,35.84283447265625,35.949925476123724,35.829855995748304,35.933701142057,574400
2013-02-04,35.898033142089844,35.90127652600529,35.82988494188162,35.846109289055626,275800
2013-02-05,35.852569580078125,35.891509959852876,35.84283200927102,35.891509959852876,408000
2013-02-06,35.898033142089844,35.9110141053484,35.85584439253314,35.90127652600529,344400
2013-02-07,35.93369674682617,35.93369674682617,35.87852708532933,35.917469938880636,351000
2013-02-08,35.898033142089844,35.94670865947744,35.89478728230881,35.94670865947744,748000
2013-02-11,35.898033142089844,35.9272384525224,35.89478728230881,35.898033142089844,346400
2013-02-12,35.910980224609375,35.92395869975761,35.87203737157492,35.90773436789069,508200
2013-02-13,35.84608840942383,35.87853956073528,35.83310745372642,35.839599169507196,270200
2013-02-14,35.88176345825195,35.907725353757556,35.852558182705124,35.875274222306864,432400
2013-02-15,35.872032165527344,35.91746424954244,35.872032165527344,35.88176725840731,338200
2013-02-19,35.86554718017578,35.92720608113117,35.86554718017578,35.89800079701337,191800
2013-02-20,35.88176345825195,35.917460445606494,35.859047418650206,35.865536654595296,274800
2013-02-21,35.949920654296875,35.96614746205075,35.91098027706878,35.91098027706878,596200
2013-02-22,35.94343948364258,35.98237986961022,35.94343948364258,35.962909676626396,929600
2013-02-25,36.0180778503418,36.0180778503418,35.9077434526242,35.92721364613581,1116400
2013-02-26,36.011573791503906,36.06349511145595,35.99534698634604,36.047270782160936,308200
2013-02-27,36.02133560180664,36.10246473604494,36.0116005018364,36.044051660358775,244400
2013-02-28,36.06351089477539,36.073248467649506,36.02132464910998,36.03105974612015,383600
2013-03-01,36.09572219848633,36.11198838702471,36.053433582907225,36.10222966665045,302600
2013-03-04,36.0664176940918,36.10545254491279,36.0664176940918,36.09569383220754,683800
2013-03-05,36.0664176940918,36.08268138797722,36.05665649951658,36.076176406797046,307200
2013-03-06,36.05014419555664,36.072915347866754,36.04038548483366,36.053397926420786,420200
2013-03-07,36.00788879394531,36.024152499510016,35.96885143322088,36.00463506008367,1155400
2013-03-08,35.939571380615234,35.965593803074,35.90378775762901,35.93631764710608,1050800
2013-03-11,35.949337005615234,35.95584199201175,35.92331209628525,35.92331209628525,459200
2013-03-12,35.99162292480469,35.994876658695105,35.96234676540627,35.96885175131533,355400
2013-03-13,35.97209548950195,36.007879106737875,35.93956560525232,35.952575573455306,1979600
2013-03-14,35.98832321166992,36.020855545266706,35.95579335994173,35.97856450433832,1700800
2013-03-15,36.0599250793457,36.06317881221056,35.99811904613943,36.02414146344529,943600
2013-03-18,36.05668640136719,36.082711311410314,36.027410238972685,36.06319386981398,548200
2013-03-19,36.111961364746094,36.13798377231447,36.069670298941126,36.069670298941126,538600
2013-03-20,36.09572219848633,36.13150582777323,36.06969728957369,36.11198838702471,791400
2013-03-21,36.089229583740234,36.12175949009647,36.07621712482319,36.115252019701565,1048400
2013-03-22,36.085968017578125,36.125005385857826,36.056689370900294,36.10223420816273,287800
2013-03-25,36.04367446899414,36.10548052464695,36.04367446899414,36.05017945521532,496400
2013-03-26,36.092464447021484,36.1119843674692,36.03065839757337,36.03390964942162,361600
2013-03-27,36.154258728027344,36.1705249083438,36.10221141838188,36.12498258170252,226200
2013-03-28,36.154258728027344,36.16727117590638,36.10871640138606,36.154258728027344,433600
2013-04-01,36.14773941040039,36.17382533251295,36.11187188941824,36.14121668602702,666000
2013-04-02,36.14122009277344,36.17382874233312,36.11187529339855,36.13143849298181,400400
2013-04-03,36.170589447021484,36.19341402302381,36.14124214205152,36.16080784126223,349200
2013-04-04,36.22928237915039,36.24884559110622,36.19667619665992,36.19667619665992,568000
2013-04-05,36.300994873046875,36.304253747882434,36.232521186139415,36.232521186139415,418400
2013-04-08,36.28794860839844,36.340117965617786,36.28142588393946,36.314034530853355,834800
2013-04-09,36.28794860839844,36.32707749208081,36.26838541040249,36.27164428494149,665000
2013-04-10,36.25534439086914,36.30751375088248,36.248821666060834,36.25860326558267,536400
2013-04-11,36.27490997314453,36.30751613625639,36.23904244741425,36.25208541019715,525800
2013-04-12,36.340126037597656,36.35643036467617,36.30425850817776,36.30425850817776,275400
2013-04-15,36.353145599365234,36.359668321074054,36.2977149032875,36.32706217559829,1029800
2013-04-16,36.359683990478516,36.36946558956773,36.32381646869104,36.3531612659587,2785000
2013-04-17,36.37271499633789,36.375973869836116,36.33032476396401,36.33684748633985,656600
2013-04-18,36.36296463012695,36.39231193265097,36.35970575360695,36.366225994338954,364800
2013-04-19,36.366214752197266,36.398820921161516,36.349912911560764,36.372737478604854,222600
2013-04-22,36.3988151550293,36.40859924309073,36.362947628543225,36.369470353917514,248000
2013-04-23,36.40534973144531,36.421651574806106,36.38578403664407,36.40861109519413,786400
2013-04-24,36.3988151550293,36.42490108114477,36.3890335546587,36.41511948077417,2108000
2013-04-25,36.395545959472656,36.41184779290404,36.375980276588805,36.389023235947995,520400
2013-04-26,36.444480895996094,36.444480895996094,36.418397445680675,36.42165632216262,432200
2013-04-29,36.46730041503906,36.477084506204626,36.4542599355349,36.477084506204626,405400
2013-04-30,36.44122314453125,36.49339253446464,36.44122314453125,36.46404771906936,382200
2013-05-01,36.498714447021484,36.52812661239551,36.479106336772126,36.511787351654924,393000
2013-05-02,36.524864196777344,36.537937102821154,36.501987234551144,36.528130553236885,356000
2013-05-03,36.43010330200195,36.485661306738734,36.43010330200195,36.47258839502367,611400
2013-05-06,36.41703414916992,36.44644633351244,36.4039612361055,36.43337591385124,435200
2013-05-07,36.41703414916992,36.43664227206494,36.40069238448859,36.41703414916992,1348200
2013-05-08,36.44646453857422,36.456271098323334,36.39090650035155,36.397444206850956,574800
2013-05-09,36.420318603515625,36.47587663778844,36.417049750498315,36.446461947441236,414600
2013-05-10,36.31897735595703,36.407218868598825,36.30263808971397,36.397414810172506,457000
2013-05-13,36.30917739868164,36.332054368727846,36.296104488169135,36.32551916017296,228400
2013-05-14,36.269962310791016,36.34185958078583,36.26342460862607,36.34185958078583,828800
2013-05-15,36.289573669433594,36.3353276150607,36.263427845245815,36.32225470296681,377800
2013-05-16,36.38434600830078,36.39415006783381,36.32878800867845,36.341858425787336,441600
2013-05-17,36.302616119384766,36.3843198813603,36.302616119384766,36.37451582886738,886400
2013-05-20,36.279747009277344,36.345109035628354,36.26994295466484,36.32223207706535,623200
2013-05-21,36.31570816040039,36.33531627572051,36.24707726337771,36.29936640203212,1603600
2013-05-22,36.26014709472656,36.3974113799662,36.237270129420324,36.335315691248326,1283800
2013-05-23,36.220947265625,36.27323642711493,36.17192446251339,36.27323642711493,1017000
2013-05-24,36.227474212646484,36.273228153540394,36.20459724219953,36.240547123388,280600
2013-05-28,36.034637451171875,36.21438427922089,36.024833396074854,36.20131137462433,1357200
2013-05-29,35.99870300292969,36.05099215030655,35.9856300927348,36.03138403171556,1212000
2013-05-30,35.99542236328125,36.02810338136387,35.98888715702547,36.02810338136387,422600
2013-05-31,35.97909927368164,36.05099904680648,35.90066429091052,36.00851395059778,897200
2013-06-03,35.91554641723633,36.00725085658317,35.87624344376258,35.954846891951505,807200
2013-06-04,35.88279724121094,35.99087855790347,35.8664228742556,35.90244997981978,1453000
2013-06-05,35.85004806518555,35.95157764191339,35.79764658965987,35.88935104589908,2043200
2013-06-06,35.96467590332031,36.036730113108455,35.86314633430547,35.905722686108085,934600
2013-06-07,35.81073760986328,35.961397755105715,35.80746423622299,35.93847164583117,662800
2013-06-10,35.75179672241211,35.836949438109286,35.74196910251549,35.77144696468697,691200
2013-06-11,35.66008758544922,35.67318857908612,35.59458511602373,35.67318857908612,687400
2013-06-12,35.57493209838867,35.70593702701495,35.57493209838867,35.686286787472774,1007000
2013-06-13,35.817283630371094,35.82055950224634,35.607672808001254,35.68627624170042,1010600
2013-06-14,35.8434944152832,35.92209786829673,35.833669296001354,35.88279489241061,721600
2013-06-17,35.781253814697266,35.92536218115075,35.781253814697266,35.87950997341699,479600
2013-06-18,35.797630310058594,35.80090368289349,35.72884950039944,35.774704206424836,435000
2013-06-19,35.506141662597656,35.82710712662618,35.48976480272033,35.79763177735658,245600
2013-06-20,35.25395202636719,35.33255545653941,35.158971736311685,35.28342987440551,1417600
2013-06-21,34.998512268066406,35.30637944745684,34.998512268066406,35.234325214088045,890000
2013-06-24,34.8609733581543,34.99853014735238,34.752891952886834,34.83149547546275,1036400
2013-06-25,34.96574020385742,35.08364660665723,34.93953822573343,35.02796677845421,1017200
2013-06-26,35.096763610839844,35.17864295577134,35.086935990490254,35.16226608728132,496000
2013-06-27,35.270347595214844,35.31292395523461,35.18191650295006,35.188468249881915,509800
2013-06-28,35.28015899658203,35.28998411439955,35.175353575264545,35.175353575264545,1505200
2013-07-01,35.31234359741211,35.34188423277195,35.2237166827474,35.2237166827474,1431800
2013-07-02,35.33531188964844,35.38454877423482,35.30576875717981,35.30576875717981,702600
2013-07-03,35.30904006958008,35.38125380890518,35.30904006958008,35.364840684770876,202600
2013-07-05,35.03989028930664,35.105537793986755,34.961112782832146,35.0366071627851,541000
2013-07-08,35.17119598388672,35.20073661657648,35.02348530756083,35.102265336651584,409200
2013-07-09,35.220401763916016,35.259789239375955,35.200705521895905,35.20398864628095,743000
2013-07-10,35.22368240356445,35.25650863885282,35.15475181718116,35.220401783467736,459800
2013-07-11,35.384559631347656,35.384559631347656,35.30577959012041,35.35501648981425,611800
2013-07-12,35.34516143798828,35.440352087574354,35.29920767671116,35.440352087574354,480000
2013-07-15,35.38783264160156,35.43378640361804,35.35172575654686,35.39439889577089,505400
2013-07-16,35.42720031738281,35.46659030468734,35.40422345086117,35.40422345086117,283000
2013-07-17,35.542118072509766,35.56181183253601,35.496164296253205,35.51914118438148,305600
2013-07-18,35.509281158447266,35.57164804783212,35.509281158447266,35.53225803806926,420000
2013-07-19,35.60447692871094,35.60447692871094,35.52898002520482,35.53554627992313,339600
2013-07-22,35.60447692871094,35.614323806495996,35.57821691842251,35.57821691842251,524800
2013-07-23,35.601192474365234,35.61432247902004,35.561802460400806,35.57493246505561,253800
2013-07-24,35.50597381591797,35.55849379311565,35.47315008231459,35.51582068556995,260400
2013-07-25,35.54539108276367,35.54867420993118,35.43050667482365,35.43050667482365,612800
2013-07-26,35.565067291259766,35.565067291259766,35.499419806050255,35.51583042520712,313800
2013-07-29,35.49943542480469,35.5289760548587,35.4797391671432,35.505999174497084,242000
2013-07-30,35.4830207824707,35.55523454747133,35.4830207824707,35.55523454747133,590000
2013-07-31,35.54539108276367,35.54867420993118,35.37470353014512,35.39111666169038,600600
2013-08-01,35.36941909790039,35.5075828029677,35.36941909790039,35.464816830790134,320800
2013-08-02,35.5568962097168,35.5568962097168,35.4582107951756,35.4582107951756,825400
2013-08-05,35.49111557006836,35.543749813239025,35.46808871611591,35.49440583770124,316000
2013-08-06,35.46479797363281,35.497695630043424,35.45163941301632,35.48124680183812,882400
2013-08-07,35.46808624267578,35.51413994736904,35.46479597527235,35.474664267743954,1310800
2013-08-08,35.56346893310547,35.5733372214186,35.49767867119286,35.49767867119286,523400
2013-08-09,35.56346893310547,35.58649577574864,35.523993270115334,35.55360064479234,368200
2013-08-12,35.54373550415039,35.583208660898556,35.517418393159716,35.55689154990788,199200
2013-08-13,35.43518829345703,35.468083435671886,35.38913459240854,35.468083435671886,427400
2013-08-14,35.385826110839844,35.4483286056926,35.37924808967822,35.398984662900276,360400
2013-08-15,35.31345748901367,35.36280143482369,35.23121841590943,35.28056236171944,1245000
2013-08-16,35.24769592285156,35.3628302169589,35.21480076878366,35.35625219004107,1919800
2013-08-19,35.188472747802734,35.25097527799945,35.158865361490065,35.21478986680542,597200
2013-08-20,35.22795486450195,35.27072082117855,35.204928006960415,35.24111342734558,1087800
2013-08-21,35.16543960571289,35.237810415155266,35.12596393427028,35.23122988171242,452800
2013-08-22,35.13254928588867,35.1786029873519,35.086495584425435,35.125968751543354,334200
2013-08-23,35.195045471191406,35.21478456233938,35.093069787590046,35.116096635814166,426000
2013-08-26,35.24769592285156,35.2937496404945,35.224669064030095,35.23453735927652,499800
2013-08-27,35.267433166503906,35.31019661661023,35.24111603886644,35.264142898114365,999000
2013-08-28,35.25425720214844,35.31346945523748,35.2180717969419,35.26412549270691,504000
2013-08-29,35.26082992553711,35.306883611101405,35.18187859908034,35.208195707899264,555000
2013-08-30,35.26412582397461,35.326628344416356,35.22794041842815,35.30360149631753,391800
2013-09-03,35.15730667114258,35.23313467753219,35.12104143094868,35.160604197144394,616200
2013-09-04,35.130916595458984,35.219932152831035,35.114434002990514,35.18036940341298,373600
2013-09-05,34.94632339477539,35.074899289062365,34.94632339477539,35.04193156249991,460400
2013-09-06,35.02543640136719,35.12434206797905,35.018843864055,35.07488923467312,473000
2013-09-09,35.05180740356445,35.14741553248751,35.048509877663584,35.14411800658664,1104200
2013-09-10,35.00234603881836,35.07817402439173,35.00234603881836,35.012236098833434,1684400
2013-09-11,35.074886322021484,35.09466644759107,35.005653367252584,35.074886322021484,541800
2013-09-12,35.084774017333984,35.17378960694119,35.08147900681165,35.16389954482377,974800
2013-09-13,35.107872009277344,35.14743479594537,35.08479434587349,35.08809187358166,838400
2013-09-16,35.177101135253906,35.312272088396874,35.17380612318436,35.29249195487405,604800
2013-09-17,35.25620651245117,35.28587669574647,35.21005121714185,35.21664375278249,743200
2013-09-18,35.50347137451172,35.543031622552995,35.21005446358809,35.275989887173665,565600
2013-09-19,35.51665115356445,35.57599402785437,35.47049334887262,35.526541213400336,1252200
2013-09-20,35.470516204833984,35.519969051153716,35.454033599578246,35.49029885252762,800600
2013-09-23,35.523250579833984,35.53973569294163,35.4770952814627,35.4902828688938,654200
2013-09-24,35.56612777709961,35.59250296636671,35.52656750847545,35.56612777709961,604800
2013-09-25,35.61227035522461,35.648535598668595,35.56941257446152,35.605677817905516,1235800
2013-09-26,35.57272720336914,35.62547507310871,35.55953960711505,35.62547507310871,660800
2013-09-27,35.60898208618164,35.628762217159554,35.55293418961744,35.59249696684934,714800
2013-09-30,35.582611083984375,35.61557881124817,35.543048302102,35.60239121728738,564200
2013-10-01,35.58393478393555,35.64010447207327,35.53437700137541,35.6301903948195,1574000
2013-10-02,35.640098571777344,35.66652854451996,35.59384296855111,35.59714513968061,609600
2013-10-03,35.63019561767578,35.679755928242464,35.603765636683384,35.63680500348046,708400
2013-10-04,35.59381866455078,35.64007423619301,35.587209285322125,35.6070323815289,790400
2013-10-07,35.60375213623047,35.65331242800457,35.59384058202388,35.623575244643646,573400
2013-10-08,35.60375213623047,35.633486798850235,35.58723119872539,35.60044744458122,551000
2013-10-09,35.620262145996094,35.62687152773466,35.56739969579036,35.60704590325952,622800
2013-10-10,35.663230895996094,35.66653306754436,35.56411029323207,35.58723809777812,2684200
2013-10-11,35.67314910888672,35.755748786356314,35.65332599293149,35.669844415980144,4292000
2013-10-14,35.610347747802734,35.716075160504005,35.59713150612253,35.67642895620375,399400
2013-10-15,35.61366653442383,35.669833693240584,35.61366653442383,35.6500105832444,544600
2013-10-16,35.7061767578125,35.739216113809185,35.61036086090321,35.64009804581912,1182400
2013-10-17,35.83502197265625,35.84163135444894,35.76233389738006,35.788766383069685,974200
2013-10-18,35.858158111572266,35.88459060341268,35.83172561973185,35.8482465573174,645000
2013-10-21,35.82841491699219,35.858149572676076,35.818503365097556,35.85154271165984,417600
2013-10-22,35.983699798583984,35.98700196846303,35.92092328051709,35.94735576399161,810600
2013-10-23,35.98701095581055,36.04317810666574,35.94736474143794,35.9969225094037,1872000
2013-10-24,35.97710037231445,36.05309315314604,35.97710037231445,36.05309315314604,1455400
2013-10-25,35.98701095581055,36.03987593596202,35.96388315717953,35.993620338699984,1285400
2013-10-28,35.9605827331543,36.029968658022334,35.953975870221825,35.96388742499118,1000800
2013-10-29,35.990299224853516,36.00351546386081,35.94734833863472,35.96386674683894,638400
2013-10-30,36.000221252441406,36.049781532959194,35.93414255891141,36.01343749529553,567600
2013-10-31,35.990299224853516,36.0365548010091,35.92752271975386,36.03325011107232,489400
2013-11-01,35.92673873901367,35.986340802949094,35.90687222645537,35.953229106598414,1161000
2013-11-04,35.92341613769531,35.976396857122815,35.91679481089675,35.9697730040645,921200
2013-11-05,35.88700866699219,35.89363252302997,35.8240971921985,35.87376348117749,830600
2013-11-06,35.90355682373047,35.95322562657914,35.90024489653782,35.9168020062408,643200
2013-11-07,35.920127868652344,35.97310609298632,35.916815940174835,35.946615717688715,594000
2013-11-08,35.771114349365234,35.814161832301544,35.754559762764195,35.77442627718973,943000
2013-11-11,35.761165618896484,35.824079589036515,35.72805393376054,35.79427730403242,461200
2013-11-12,35.7214469909668,35.767803877353685,35.71482566130903,35.76449447565522,1236200
2013-11-13,35.82076644897461,35.82407837525388,35.77772151238229,35.8042093438378,619400
2013-11-14,35.86715316772461,35.92013392725602,35.820796266265454,35.834041456148306,1231600
2013-11-15,35.91679382324219,35.92010574968027,35.886991537818794,35.91016997036602,627400
2013-11-18,35.97970962524414,35.97970962524414,35.91679565101732,35.91679565101732,597800
2013-11-19,35.91017532348633,35.93997761335234,35.89030881441569,35.93997761335234,782000
2013-11-20,35.843955993652344,35.956536259457,35.781042006137774,35.91017938221269,1011800
2013-11-21,35.85389709472656,35.90025398211452,35.78436176364463,35.83403057906341,860600
2013-11-22,35.9002571105957,35.92012615425121,35.863833477865235,35.87045733450411,989800
2013-11-25,35.95983123779297,35.95983123779297,35.913474382398064,35.91678630814317,919000
2013-11-26,35.966468811035156,36.01613508486446,35.94329037449478,35.94659977524332,1027200
2013-11-27,35.97309112548828,35.9863363076261,35.9201129231972,35.97309112548828,675000
2013-11-29,35.94330596923828,35.95323922831389,35.900258478229034,35.910191737304636,319600
2013-12-02,35.88322067260742,35.98941340317444,35.86331032682436,35.92304389600796,356200
2013-12-03,35.92305374145508,35.93300891707503,35.88654974295852,35.899824154396825,1038400
2013-12-04,35.8765869140625,35.88986132266907,35.833446984967054,35.833446984967054,634000
2013-12-05,35.899810791015625,35.90313002559842,35.823483586616284,35.83012205578187,1137200
2013-12-06,35.90645980834961,35.916417515725385,35.830135107980865,35.83345434377279,845000
2013-12-09,35.866634368896484,35.916412771860294,35.856679194670676,35.859995898189446,598800
2013-12-10,35.95622634887695,35.976139225220265,35.899812018211755,35.93963523906414,1210600
2013-12-11,35.93632125854492,35.9661867796751,35.899817267051624,35.92636608483486,675400
2013-12-12,35.909767150878906,35.91640562026411,35.873263164763024,35.873263164763024,1144600
2013-12-13,35.90645980834961,35.95291898209626,35.87991351751944,35.91973421968223,1191800
2013-12-16,35.90645980834961,35.94628304234748,35.88986869306014,35.94628304234748,1546400
2013-12-17,35.96285629272461,35.97613069652851,35.90975867750903,35.93298825120743,676400
2013-12-18,35.976131439208984,36.04250092776492,35.87325544056347,35.949582631053126,1032200
2013-12-19,35.91310501098633,35.929696129385405,35.85005217829738,35.85005217829738,513400
2013-12-20,35.909767150878906,35.93963519944383,35.87658239945562,35.92304155781507,322600
2013-12-23,35.90645980834961,35.92637269126609,35.84340951931349,35.916417515725385,871200
2013-12-24,35.82350158691406,35.86332482641519,35.800271996830595,35.86332482641519,445400
2013-12-26,35.81418228149414,35.84743851233129,35.77759966638695,35.79422651316163,316000
2013-12-27,35.8175048828125,35.84743726562638,35.790901421440665,35.79422526830734,387600
2013-12-30,35.9139404296875,35.927243425574154,35.85075437083466,35.90396381709426,2117400
2013-12-31,35.87737274169922,35.92725836269288,35.84411650679947,35.87737274169922,436800
2014-01-02,35.94390869140625,35.94390869140625,35.85744040045593,35.884046418792884,464800
2014-01-03,35.9239387512207,35.96052137769424,35.90398551397643,35.907311899279996,344400
2014-01-06,35.97380828857422,36.00706451486687,35.93722567846607,35.96715805823066,919800
2014-01-07,35.980472564697266,36.027031803856616,35.977146179817815,36.00375218427694,962200
2014-01-08,35.89068603515625,35.963851295289466,35.87073279595221,35.92394227959258,436600
2014-01-09,35.93057632446289,35.95385593716427,35.8939937134625,35.91727332616389,349200
2014-01-10,36.08024215698242,36.10019792945844,36.02703268405242,36.05031230420085,717400
2014-01-13,36.10684585571289,36.1301254743743,36.06693685059842,36.08356623705148,1064800
2014-01-14,36.04698181152344,36.10351766297164,36.03700519506646,36.086890814639354,767800
2014-01-15,36.03366470336914,36.04364131592029,35.99708209915691,36.02701447409738,516800
2014-01-16,36.073585510253906,36.09021235752455,36.05030589424472,36.056956125695415,719400
2014-01-17,36.12346649169922,36.12346649169922,36.05030126869012,36.09020772684961,499800
2014-01-21,36.0902214050293,36.10685079375663,36.063617935269434,36.0902214050293,500000
2014-01-22,36.056949615478516,36.060275999247196,36.02369338965392,36.056949615478516,2407600
2014-01-23,36.113494873046875,36.17335711006073,36.080238638547634,36.080238638547634,375000
2014-01-24,36.12346649169922,36.166699333801176,36.10351072533195,36.13011672229663,352000
2014-01-27,36.10684585571289,36.150078708287474,36.07026323534666,36.10684585571289,438800
2014-01-28,36.16339111328125,36.16339111328125,36.10685524430125,36.14011148856662,696600
2014-01-29,36.223243713378906,36.22989648283211,36.14342824095731,36.15007847312239,1132200
2014-01-30,36.18998336791992,36.22989236824236,36.1833331365101,36.21991575248371,1073200
2014-01-31,36.22657012939453,36.256499980095434,36.19996412613497,36.239873131024304,334600
2014-02-03,36.339881896972656,36.339881896972656,36.189908372879565,36.2532306970071,409400
2014-02-04,36.32655715942383,36.34655261576953,36.27323255229233,36.3032282794681,1192200
2014-02-05,36.273223876953125,36.306553019767705,36.253228425389665,36.286555025547635,292200
2014-02-06,36.28654861450195,36.29987976074114,36.249888598008226,36.28654861450195,786800
2014-02-07,36.35319900512695,36.37319445022017,36.303207849738136,36.319872415753004,659600
2014-02-10,36.32655715942383,36.35655034394238,36.31655943125097,36.31655943125097,477600
2014-02-11,36.259891510009766,36.30988013373342,36.259891510009766,36.29655152917801,860600
2014-02-12,36.26988983154297,36.273220711408456,36.23656323429339,36.26322298649922,847200
2014-02-13,36.3032112121582,36.31987577971655,36.27988234317013,36.3032112121582,474400
2014-02-14,36.34987258911133,36.34987258911133,36.2998814240877,36.303214846464286,369200
2014-02-18,36.36988830566406,36.41321519273528,36.34322853976372,36.34655942134021,849200
2014-02-19,36.3365592956543,36.4432059801976,36.33322587163989,36.41654367339739,1421800
2014-02-20,36.32655715942383,36.36321719116243,36.30989258403093,36.32989058303385,1083000
2014-02-21,36.339881896972656,36.35987734978903,36.306555294726444,36.32321732452117,767600
2014-02-24,36.35319900512695,36.35986330593943,36.336534439112086,36.34653216165869,1166400
2014-02-25,36.39653778076172,36.41986665685978,36.36321117814403,36.36654460120283,1211600
2014-02-26,36.439842224121094,36.46317363014365,36.40651563969022,36.416513360753946,620800
2014-02-27,36.476505279541016,36.49316984447745,36.44984553536058,36.46317667877861,406800
2014-02-28,36.47985076904297,36.483184191664115,36.42985960035158,36.46318874125015,747600
2014-03-03,36.50556945800781,36.53562771484315,36.482189964411326,36.48886872765017,670000
2014-03-04,36.412052154541016,36.48887195353445,36.412052154541016,36.47885253370355,358800
2014-03-05,36.442108154296875,36.46548764687576,36.408709243208975,36.41872866171799,1204200
2014-03-06,36.3886833190918,36.40872471279872,36.37532578752006,36.3886833190918,919800
2014-03-07,36.32521057128906,36.33188933421513,36.29514976768785,36.30183107878749,308200
2014-03-10,36.32521057128906,36.32521057128906,36.29514976768785,36.29514976768785,260800
2014-03-11,36.315189361572266,36.345247615517295,36.30516739541715,36.32854688676554,990200
2014-03-12,36.35527420043945,36.36863427643992,36.34859543652619,36.35861485648306,533400
2014-03-13,36.43543243408203,36.452133166275445,36.315196845350535,36.32521626539699,483800
2014-03-14,36.42874526977539,36.458806071156836,36.40870643430335,36.458806071156836,262000
2014-03-17,36.4154052734375,36.43210601098731,36.395366426917555,36.40538585017753,569800
2014-03-18,36.44879913330078,36.45213978998129,36.40538078915193,36.40538078915193,314400
2014-03-19,36.32853317260742,36.46547196179125,36.25505661908833,36.44877123934408,840800
2014-03-20,36.30183029174805,36.311849710006705,36.27176948879857,36.29848963627066,351600
2014-03-21,36.32521057128906,36.345249408240825,36.28513034921197,36.311850497263364,297400
2014-03-24,36.32853317260742,36.33855513497921,36.27509544748695,36.27509544748695,301600
2014-03-25,36.32521057128906,36.3552688267167,36.30183107878749,36.32521057128906,436000
2014-03-26,36.40204620361328,36.422087598864394,36.348608428684976,36.35528719498544,356800
2014-03-27,36.408729553222656,36.432109058843416,36.35194856970796,36.36864930865492,542200
2014-03-28,36.37529754638672,36.41203455194903,36.36193747701284,36.398677030747834,261800
2014-03-31,36.4254264831543,36.4254264831543,36.33190846390832,36.33190846390832,423600
2014-04-01,36.40733337402344,36.40733337402344,36.370517516904876,36.40733337402344,2005400
2014-04-02,36.35714340209961,36.38391904527026,36.33371535269176,36.33371535269176,771600
2014-04-03,36.38056182861328,36.41068505757894,36.343745967358146,36.347093560235486,401800
2014-04-04,36.47092819213867,36.49770382766175,36.42741714604738,36.45084774222894,693200
2014-04-07,36.511077880859375,36.53116087806757,36.4943450288943,36.4943450288943,332800
2014-04-08,36.54458236694336,36.56801042405452,36.504418888981355,36.521154309832205,414200
2014-04-09,36.584712982177734,36.621528834775475,36.50438864626658,36.52781668396836,340600
2014-04-10,36.64495849609375,36.6951621658118,36.601450010852616,36.62153045735395,511000
2014-04-11,36.64830017089844,36.691808649114456,36.64495257920049,36.691808649114456,524200
2014-04-14,36.658348083496094,36.66169567589636,36.61483959615194,36.65500049109582,181800
2014-04-15,36.68846130371094,36.70519415421978,36.61817720325985,36.64495027476683,626200
2014-04-16,36.62822723388672,36.67173572101896,36.62487964150275,36.64161504995775,428800
2014-04-17,36.584712982177734,36.64495687247725,36.54120449886432,36.618183796149935,413200
2014-04-21,36.564640045166016,36.60145590532394,36.55794741307599,36.56129245238844,526200
2014-04-22,36.564640045166016,36.57468027003361,36.53117177778566,36.57133267725604,327200
2014-04-23,36.58137893676758,36.63492765897896,36.57803134367144,36.60480698150982,501600
2014-04-24,36.5981330871582,36.61821610395344,36.55462456545775,36.57805262382982,625400
2014-04-25,36.62486267089844,36.65498332800285,36.59473946033039,36.61817004269645,630400
2014-04-28,36.57468032836914,36.6148437813687,36.56129251070262,36.59141573881857,733400
2014-04-29,36.60480499267578,36.61484521795332,36.55794890573713,36.574681763377946,355400
2014-04-30,36.671749114990234,36.681789342344395,36.61820038461281,36.63158565210785,418400
2014-05-01,36.70629119873047,36.73983079146287,36.66939687905276,36.6828132279271,266200
2014-05-02,36.71635818481445,36.75325250988232,36.629153183844295,36.66940223634759,211800
2014-05-05,36.736480712890625,36.78008449197627,36.71300273911652,36.73983544026042,3022800
2014-05-06,36.7498893737793,36.756596268208284,36.72641140491781,36.7331182993468,325400
2014-05-07,36.75323486328125,36.783419718985385,36.71634055592772,36.72975690032047,1361200
2014-05-08,36.80353927612305,36.81024616772945,36.73981229078698,36.769997141374205,1858000
2014-05-09,36.770023345947266,36.79350132165993,36.74654537023459,36.780087528887634,547800
2014-05-12,36.756591796875,36.7700081430076,36.73982328338903,36.756591796875,263400
2014-05-13,36.82032775878906,36.82368248586493,36.78008126950661,36.78008126950661,308000
2014-05-14,36.88070297241211,36.91424256910601,36.85051810305976,36.85051810305976,467800
2014-05-15,36.920936584472656,36.95783089307992,36.88739700180409,36.89074916883665,302000
2014-05-16,36.894107818603516,36.920940511154576,36.73311422220352,36.90416943858356,275800
2014-05-19,36.90082931518555,36.951139993901826,36.90082931518555,36.90082931518555,530800
2014-05-20,36.94108581542969,36.9679185240075,36.900836752562974,36.914253106851874,213000
2014-05-21,36.9310188293457,36.941080453875074,36.89076977232065,36.91760247700402,498400
2014-05-22,36.910892486572266,36.920954110258315,36.887414511669036,36.920954110258315,871400
2014-05-23,36.93436050415039,36.94442212512387,36.894111461349794,36.924296324270244,462000
2014-05-27,36.95783996582031,36.95783996582031,36.90081984648919,36.910884026775925,429600
2014-05-28,37.03498840332031,37.04505002677437,36.981325558596254,36.994741909504086,1120600
2014-05-29,37.03498840332031,37.08529907949789,37.024926779866256,37.03498840332031,353800
2014-05-30,37.02491760253906,37.03497922349915,36.97460693883194,36.97460693883194,569400
2014-06-02,36.96276092529297,36.98628685642277,36.91234748311933,36.95939934537895,986000
2014-06-03,36.885433197021484,36.93584660260014,36.865268860442946,36.89887694278461,570000
2014-06-04,36.86864471435547,36.88881162427801,36.845118789557084,36.87200629336481,478600
2014-06-05,36.929134368896484,36.93585752583249,36.858556605866966,36.89888785508373,257400
2014-06-06,36.912349700927734,36.97284532234403,36.88882376838442,36.942596229568714,428800
2014-06-09,36.878726959228516,36.89216814609057,36.85520103601994,36.86192162945097,622200
2014-06-10,36.83502960205078,36.87536085008196,36.8316680236816,36.85855552236905,389800
2014-06-11,36.86864471435547,36.89217063915385,36.83503661666256,36.85856254146095,252600
2014-06-12,36.902252197265625,36.93586029206339,36.83503344353682,36.86192094502834,518800
2014-06-13,36.86864471435547,36.8955322181632,36.80142851896966,36.804790097978994,228400
2014-06-16,36.87199401855469,36.898881513411474,36.84846810158816,36.86527342690681,906000
2014-06-17,36.81824493408203,36.84177086596294,36.80143959810955,36.84177086596294,742400
2014-06-18,36.902252197265625,36.908972790571866,36.81486909948482,36.84175660097634,944800
2014-06-19,36.885433197021484,36.97617527575721,36.86862787378449,36.97281626241567,651000
2014-06-20,36.89888000488281,36.91904434313471,36.858548764246486,36.86191034199931,223000
2014-06-23,36.902252197265625,36.93922187078314,36.89889061854586,36.908972790571866,291000
2014-06-24,36.94593048095703,36.96273580497187,36.89551707304496,36.94929205858649,1019800
2014-06-25,36.97953414916992,37.02322696073822,36.966090404389846,37.00978321595814,250800
2014-06-26,37.0198974609375,37.04678497379547,36.979566191650555,36.979566191650555,374400
2014-06-27,37.0198974609375,37.050143989801946,37.009815284649356,37.013174300655834,428400
2014-06-30,37.03330612182617,37.043388288559704,36.98961331380498,37.02322395509265,275600
2014-07-01,36.99997329711914,37.02354649066203,36.97640010357626,36.98650253376815,365800
2014-07-02,36.915775299072266,36.95955334392206,36.90230453851428,36.925877727169535,409200
2014-07-03,36.915775299072266,36.91914106224811,36.83495073572437,36.845055733106506,130400
2014-07-07,36.89558029174805,36.93599258702379,36.875375428753046,36.905682723245555,596000
2014-07-08,36.976402282714844,36.98987047757416,36.93598999028024,36.96629728264203,229800
2014-07-09,37.010093688964844,37.02019612405962,36.919166634538485,36.959578944204274,199800
2014-07-10,36.993228912353516,37.07068514313953,36.993228912353516,37.05047771768651,291600
2014-07-11,37.0538444519043,37.07741763951198,37.01343474131099,37.03700792891867,374000
2014-07-14,37.010093688964844,37.043769329043,36.996622919076245,37.01346202375865,461800
2014-07-15,36.983154296875,37.050505580942556,36.976420196182964,37.023566608887606,330000
2014-07-16,36.99997329711914,37.02354649066203,36.98650253376815,36.996604963960046,426400
2014-07-17,37.0807991027832,37.09763820101661,37.02691604386485,37.04038680859444,685000
2014-07-18,37.037044525146484,37.077454275668586,37.026939518228666,37.06398350239879,494000
2014-07-21,37.04038619995117,37.08079849347589,37.013447240220316,37.05722529790788,435600
2014-07-22,37.07744598388672,37.087548419258,37.02356547214434,37.06060944803016,445600
2014-07-23,37.0909309387207,37.117872489538435,37.07746016331184,37.10777005030371,459400
2014-07-24,37.01681900024414,37.060599634308765,37.00334823355396,37.060599634308765,333800
2014-07-25,37.07744598388672,37.08081431877272,37.02019713725834,37.06397521362945,269000
2014-07-28,37.04376220703125,37.08080617478117,37.01682067243382,37.06733540748246,402800
2014-07-29,37.0471305847168,37.08080621836008,37.026923149101904,37.06060135203134,768800
2014-07-30,36.95620346069336,37.00671819568249,36.932630260269924,36.99661576254189,620600
2014-07-31,36.9259033203125,36.97641806509521,36.885491010628996,36.885491010628996,531000
2014-08-01,37.060882568359375,37.06763020769372,36.966400170965194,37.00689115587571,599600
2014-08-04,37.09799575805664,37.11149360926274,37.047379459646756,37.05412709802386,257400
2014-08-05,37.06424331665039,37.09123901430926,37.02037723879331,37.08449137712025,666200
2014-08-06,37.067604064941406,37.111472700258126,37.060856430365995,37.111472700258126,785000
2014-08-07,37.10812759399414,37.14187094305024,37.05413617594237,37.08450699220962,665000
2014-08-08,37.1148567199707,37.1857184899762,37.09798634108438,37.15535026331008,381400
2014-08-11,37.12834548950195,37.145218438713904,37.08447942578173,37.10472490527559,290800
2014-08-12,37.10812759399414,37.15536879756319,37.10475248675278,37.11825034126572,481000
2014-08-13,37.16887283325195,37.178995582206944,37.138502011934044,37.151999868691675,377400
2014-08-14,37.182342529296875,37.24645408227343,37.16209447226918,37.20933564791548,497800
2014-08-15,37.256591796875,37.293707669133994,37.131738605715654,37.18235490345333,1208800
2014-08-18,37.178977966308594,37.222844049146865,37.178977966308594,37.212721304988165,663200
2014-08-19,37.18572998046875,37.22622353632075,37.175607235118754,37.216100790970756,640600
2014-08-20,37.14860916137695,37.202600565735324,37.10811818256004,37.19585292741645,605600
2014-08-21,37.14185333251953,37.18571940804844,37.13847822687845,37.162098817463445,1087400
2014-08-22,37.13511657714844,37.18573030433924,37.118243618450144,37.17560755890108,598800
2014-08-25,37.1620979309082,37.18234598982036,37.128354598656244,37.13172970421681,426600
2014-08-26,37.175628662109375,37.209372024208754,37.168881019470895,37.19924927302429,773200
2014-08-27,37.23970031738281,37.2464479523142,37.19920678444277,37.21270462875612,506800
2014-08-28,37.25995635986328,37.2768293136511,37.236335769231104,37.2768293136511,523000
2014-08-29,37.253204345703125,37.286947674862574,37.222833547343924,37.23295628864666,492800
2014-09-02,37.17610549926758,37.21668062333271,37.145676090947134,37.19301244587085,522200
2014-09-03,37.18963623046875,37.19977936812742,37.11524978145416,37.159206817492745,292000
2014-09-04,37.13895034790039,37.22686191699866,37.13557101882622,37.16600045833686,945000
2014-09-05,37.13554763793945,37.2200772451024,37.12540449782212,37.20317029181425,471600
2014-09-08,37.11189651489258,37.19304425278124,37.09160764569035,37.19304425278124,419000
2014-09-09,37.04764938354492,37.07808139442742,37.03412433200157,37.05441061949669,701600
2014-09-10,37.00367736816406,37.02734555224083,36.96986346550703,36.976627277893876,334000
2014-09-11,36.99015808105469,37.03749445657678,36.97663303381423,37.03411254985692,713200
2014-09-12,36.915767669677734,36.963104040145886,36.9056245302401,36.95296090070824,649800
2014-09-15,36.93267822265625,36.98001459773955,36.92253250259071,36.94282136308282,769200
2014-09-16,36.95972442626953,37.0138246128109,36.9529631927713,36.96310633283809,1201000
2014-09-17,36.89549255371094,37.03073789331694,36.89549255371094,37.00706970092194,977600
2014-09-18,36.89549255371094,36.92930388861244,36.86506054655194,36.89887188145344,525400
2014-09-19,36.96310043334961,36.980007383855074,36.90900283508135,36.94619348284414,233800
2014-09-22,36.9935302734375,37.02057778117686,36.96309828022804,36.98338455594214,771600
2014-09-23,37.000328063964844,37.044282564654466,36.95637356327522,37.044282564654466,659000
2014-09-24,36.97324752807617,37.030727038523736,36.95972248215226,37.01044075945724,366600
2014-09-25,37.02733612060547,37.02733612060547,36.979999764509486,36.99352480619947,695200
2014-09-26,36.96310043334961,37.02396184367544,36.92252529991957,36.94619348284414,668000
2014-09-29,36.949581146240234,37.00706065949355,36.939438006211866,37.00706065949355,908200
2014-09-30,36.95972442626953,37.02058584630913,36.94282005270451,36.94282005270451,701400
2014-10-01,37.11896896362305,37.11896896362305,36.9800621513496,36.990225749218176,601000
2014-10-02,37.08168411254883,37.149445709403835,37.074909245283635,37.10540002523793,757200
2014-10-03,37.047821044921875,37.07831442324691,37.00377792605434,37.047821044921875,3892600
2014-10-06,37.11896896362305,37.14607361450042,37.06815097428019,37.10203049545602,743000
2014-10-07,37.156253814697266,37.190133351011305,37.125763007467505,37.15286767045591,809200
2014-10-08,37.2781867980957,37.30190270946912,37.15960724122862,37.196875471221205,1151600
2014-10-09,37.23414993286133,37.2917453580018,37.230761206429264,37.251088395339806,945200
2014-10-10,37.295127868652344,37.29851400967914,37.22059140861507,37.24769604587235,539800
2014-10-13,37.315460205078125,37.42726491056718,37.27141710208585,37.34256484607684,624400
2014-10-14,37.38998031616211,37.42724853501916,37.32222132815277,37.35271209730506,1160800
2014-10-15,37.471309661865234,37.810109934729915,37.400161914744565,37.64409852478169,843400
2014-10-16,37.36967086791992,37.62038234431992,37.322239036839946,37.48825044561986,1770800
2014-10-17,37.37984085083008,37.423883962976944,37.32224541536694,37.35951107343498,1750800
2014-10-20,37.393375396728516,37.417091305046725,37.356107171537026,37.417091305046725,649200
2014-10-21,37.40694808959961,37.42727528356192,37.3290228713415,37.36629111683344,1482600
2014-10-22,37.376468658447266,37.38663225922031,37.308709596731916,37.37985738698579,592000
2014-10-23,37.30192184448242,37.34935369156069,37.268042322975354,37.34935369156069,571400
2014-10-24,37.30192184448242,37.33919009359274,37.281594648546545,37.30192184448242,1045400
2014-10-27,37.315460205078125,37.3662807607405,37.28158069625016,37.30529661091382,872400
2014-10-28,37.2781867980957,37.33239607257236,37.261248338452106,37.32561862084254,820800
2014-10-29,37.20705795288086,37.29175804861997,37.166400976383045,37.26126725487795,557400
2014-10-30,37.23414993286133,37.2680294426592,37.21382015910988,37.237538659293385,339400
2014-10-31,37.237548828125,37.25448729522903,37.179950802414744,37.20366672423369,619400
2014-11-03,37.14928436279297,37.230758810958676,37.108545843697115,37.169652327327896,441800
2014-11-04,37.15266799926758,37.20358789431221,37.139088497247286,37.20358789431221,880200
2014-11-05,37.186622619628906,37.19680660059877,37.12212062011888,37.14249117208428,1462600
2014-11-06,37.14249801635742,37.19002499632506,37.1255229849292,37.17304996489683,532800
2014-11-07,37.25791549682617,37.268099478457614,37.15267756660013,37.17644105374878,300400
2014-11-10,37.162872314453125,37.25453076571575,37.159476789583664,37.25453076571575,442200
2014-11-11,37.186622619628906,37.237545114503895,37.13570012475392,37.19001814329409,195000
2014-11-12,37.190006256103516,37.25450564497167,37.159451732934514,37.20019023381823,198000
2014-11-13,37.16965103149414,37.21717800710272,37.16625809754061,37.17644207945303,641600
2014-11-14,37.22737121582031,37.237555199548304,37.139105706800436,37.16286919884121,402000
2014-11-17,37.14588165283203,37.21717210493915,37.14588165283203,37.20019966778536,482200
2014-11-18,37.15946960449219,37.2069965833685,37.15607408027928,37.17304911131772,1570400
2014-11-19,37.125511169433594,37.16964261106517,37.08137972780202,37.084772660986914,686000
2014-11-20,37.12211990356445,37.193410359003074,37.10514746561752,37.16285841668322,600800
2014-11-21,37.210411071777344,37.22059505958021,37.14590902898929,37.156093016792155,739200
2014-11-24,37.21718215942383,37.2443411742377,37.17305070287095,37.200209717684814,270600
2014-11-25,37.31902313232422,37.322418656315136,37.217178132804186,37.23415316273284,1326600
2014-11-26,37.34617614746094,37.376728088395616,37.31562161650075,37.329201120258,1020200
2014-11-28,37.410682678222656,37.414078202315075,37.36315570103279,37.36315570103279,201200
2014-12-01,37.36067199707031,37.47632793304741,37.34366254988438,37.43550941224479,1525600
2014-12-02,37.258628845214844,37.319859235403044,37.25182662198409,37.30285237968723,624400
2014-12-03,37.258628845214844,37.275638296208506,37.22461253850536,37.25522643596054,732200
2014-12-04,37.30964660644531,37.30964660644531,37.24501382085538,37.24501382085538,761400
2014-12-05,37.14976501464844,37.24841409400188,37.12595334689258,37.217800204863124,1840600
2014-12-08,37.16337966918945,37.20420079168441,37.11575632391751,37.11575632391751,882800
2014-12-09,37.1973876953125,37.272225105592604,37.17697843624596,37.217799549656135,768600
2014-12-10,37.23482131958008,37.251830772468885,37.1837955561918,37.20760723306925,339200
2014-12-11,37.18379211425781,37.272236589592055,37.170185072261944,37.22801564956388,534000
2014-12-12,37.27562713623047,37.333455099851214,37.170173243141804,37.228003802039616,366000
2014-12-15,37.18721008300781,37.234833452280434,37.14298912447723,37.20081713069699,1131400
2014-12-16,37.26884078979492,37.26884078979492,37.17699648413181,37.23142206648964,847400
2014-12-17,37.21781921386719,37.401507833072976,37.13957935397857,37.21441680379939,433000
2014-12-18,37.14976501464844,37.238209464288964,37.12255093856256,37.1667744610214,716200
2014-12-19,37.18721008300781,37.2178265891282,37.14298912447723,37.1702006245766,416200
2014-12-22,37.22800064086914,37.24500749004915,37.163367866265304,37.20758878846554,533600
2014-12-23,37.1667594909668,37.24839909106443,37.12593839327993,37.19397096081528,473000
2014-12-24,37.14019012451172,37.14019012451172,37.05839177459866,37.078840711996264,270200
2014-12-26,37.15042495727539,37.18450739588711,37.09248455160312,37.15042495727539,200600
2014-12-29,37.184486389160156,37.23220229632498,37.170852901352795,37.23220229632498,508000
2014-12-30,37.22880935668945,37.29015877387877,37.2049513944671,37.28334072734504,562400
2014-12-31,37.26287841796875,37.28673637163055,37.22538697645422,37.24242688602869,399200
2015-01-02,37.32763671875,37.348088252050964,37.22538945353359,37.2287984758041,307000
2015-01-05,37.29357147216797,37.34469642848228,37.286756024810266,37.32083846224537,2389400
2015-01-06,37.375370025634766,37.443534896097304,37.317427025386166,37.34128499008037,847000
2015-01-07,37.40944290161133,37.44011630538454,37.334460003069076,37.371951452340205,555000
2015-01-08,37.42648696899414,37.4503449302401,37.39922258494357,37.419671523062185,1758600
2015-01-09,37.48783493041992,37.53895987405729,37.416261049456665,37.433303564110005,388600
2015-01-12,37.55259323120117,37.58326663708013,37.515101779356236,37.54236876257485,546000
2015-01-13,37.586673736572266,37.6139407183955,37.501466368616555,37.53214237324831,353800
2015-01-14,37.6003303527832,37.72643827103381,37.6003303527832,37.65486434996966,862400
2015-01-15,37.750282287597656,37.78777374672089,37.620765392327165,37.62758343961674,1099800
2015-01-16,37.66165542602539,37.757087259017126,37.62075495460504,37.69232882934884,450000
2015-01-20,37.6684684753418,37.72981787840922,37.624161584362874,37.64461051861126,997000
2015-01-21,37.61736297607422,37.716203869716615,37.60372948036595,37.70938582170077,631000
2015-01-22,37.62416076660156,37.71959259144951,37.56962940968368,37.67869472384165,351800
2015-01-23,37.74345397949219,37.74345397949219,37.65143116868511,37.65824661379871,361800
2015-01-26,37.66506576538086,37.73663964262667,37.64120780629892,37.69233014695842,1885800
2015-01-27,37.71278381347656,37.794582163474054,37.69233227573519,37.750275265625966,440400
2015-01-28,37.84912109375,37.87638548044274,37.644621291454925,37.712788758994286,2210400
2015-01-29,37.7945671081543,37.81501603742725,37.71617781239355,37.81501603742725,520800
2015-01-30,37.92411422729492,37.92411422729492,37.82527591651715,37.85594933703634,493400
2015-02-02,37.875938415527344,37.93740619370816,37.79739191210172,37.88276730017519,1052400
2015-02-03,37.79057312011719,37.848627774203685,37.76325236332915,37.83496739580966,608200
2015-02-04,37.814476013183594,37.862286032159716,37.71544022946145,37.725684861320524,496000
2015-02-05,37.79740524291992,37.841799522413574,37.766668737538936,37.790576355863585,436800
2015-02-06,37.602752685546875,37.70861737961925,37.578847670580494,37.660807349686486,525400
2015-02-09,37.609554290771484,37.6676115182469,37.57540466637081,37.599309663996216,836000
2015-02-10,37.55495834350586,37.59252375492404,37.53788220906039,37.565202981992215,487000
2015-02-11,37.609554290771484,37.61638577892122,37.52759467112,37.61297003484635,720000
2015-02-12,37.633480072021484,37.67787695316557,37.52078650980757,37.58225690985642,911000
2015-02-13,37.5788459777832,37.66422139959602,37.57201448498556,37.6608056531972,1145600
2015-02-17,37.48320007324219,37.602725060263666,37.469539702518404,37.602725060263666,746600
2015-02-18,37.63007354736328,37.65739170350394,37.49688809141684,37.51737735988515,514000
2015-02-19,37.59592819213867,37.65398547253875,37.52762888107609,37.592515050401744,468000
2015-02-20,37.59592819213867,37.68130363369276,37.54128926437895,37.64032508923589,775000
2015-02-23,37.660789489746094,37.671034119094614,37.609563737553515,37.63688448611622,617000
2015-02-24,37.752994537353516,37.7871441686789,37.602733032982,37.64712729316002,681200
2015-02-25,37.8315544128418,37.8315544128418,37.66421932483277,37.756423628912984,611600
2015-02-26,37.7154426574707,37.79740232307029,37.68129040847431,37.78032619857209,540600
2015-02-27,37.79057312011719,37.79057312011719,37.63006693080095,37.708610849753086,532000
2015-03-02,37.63999557495117,37.783711295138346,37.61262040616129,37.783711295138346,1382000
2015-03-03,37.619476318359375,37.70502178744014,37.5818361031126,37.63316390668916,1361000
2015-03-04,37.622901916503906,37.72555753909796,37.585261695595484,37.64685454702373,587600
2015-03-05,37.6468391418457,37.68790189620853,37.609201546979605,37.65710678841631,431600
2015-03-06,37.48945617675781,37.52025391190258,37.42102082632253,37.52025391190258,1316000
2015-03-09,37.54420471191406,37.54420471191406,37.468924263727274,37.52025207936746,926800
2015-03-10,37.56132125854492,37.58185395611378,37.51341598195387,37.56474380991336,740400
2015-03-11,37.54420471191406,37.59553252755425,37.49629944682086,37.54762726246105,941200
2015-03-12,37.581825256347656,37.663948151983746,37.5578726363438,37.650260567604434,349200
2015-03-13,37.56132125854492,37.588696448208886,37.50315093849032,37.57158891265024,642200
2015-03-16,37.56132125854492,37.646866768263486,37.53394867952273,37.59896149167243,608600
2015-03-17,37.54765319824219,37.63319874651877,37.5271204914186,37.554495693421416,606200
2015-03-18,37.82136917114258,37.845321802365355,37.56131016740889,37.58526279863167,281800
2015-03-19,37.72900390625,37.800861843170665,37.67425351013374,37.800861843170665,840000
2015-03-20,37.79058074951172,37.80084579176402,37.72214278342726,37.770048054365645,787400
2015-03-23,37.804264068603516,37.824794150787,37.74609115134835,37.824794150787,594600
2015-03-24,37.86240768432617,37.86240768432617,37.770017158348324,37.83160997212045,2615600
2015-03-25,37.81795883178711,37.87955170491062,37.80085129575615,37.87955170491062,331200
2015-03-26,37.70503616333008,37.79742415648045,37.691348569781596,37.73925384188053,454600
2015-03-27,37.79058074951172,37.80084579176402,37.74267547857333,37.766628114042526,259200
2015-03-30,37.79058074951172,37.828220978197805,37.749517969861046,37.76320556307794,647000
2015-03-31,37.869285583496094,37.872708134861625,37.787162625215714,37.85217804795197,475400
2015-04-01,37.958072662353516,37.96835805530581,37.89978702507906,37.913501754287836,1116000
2015-04-02,37.906646728515625,37.95807631404195,37.90322000774662,37.94093486274476,309800
2015-04-06,37.96150588989258,38.0437916577629,37.95122049588596,38.040362321154895,646600
2015-04-07,37.98550033569336,37.99921506425763,37.923785365062635,37.96835627103377,303000
2015-04-08,37.95463562011719,38.01977991667827,37.94092350950953,38.00263585469379,1925000
2015-04-09,37.8963737487793,38.02323308585887,37.8826590137584,38.02323308585887,1130400
2015-04-10,37.906646728515625,38.016361956923674,37.90322000774662,37.97179104457013,539600
2015-04-13,37.9717903137207,37.9717903137207,37.90321927821699,37.90321927821699,318800
2015-04-14,37.98892593383789,38.05064089839612,37.968352535107314,38.04035289112246,561600
2015-04-15,38.03351974487305,38.04380514252536,37.98551947861671,38.0300904070495,369200
2015-04-16,38.050655364990234,38.064367481601536,37.97522564453935,38.050655364990234,1237200
2015-04-17,38.050655364990234,38.07122615572493,37.982081702845,38.009511167703096,305600
2015-04-20,38.0129280090332,38.0746429767679,37.9992132811125,38.057498912912806,401000
2015-04-21,38.019805908203125,38.05752077769875,37.99237643660297,38.05752077769875,444800
2015-04-22,37.92721939086914,38.03693461713264,37.916931381311066,38.01636121383382,574800
2015-04-23,38.00265121459961,38.01293922543846,37.91693610166612,37.944365565601075,884800
2015-04-24,38.05406951904297,38.05406951904297,38.00606927930205,38.00606927930205,1250600
2015-04-27,38.040367126464844,38.05065513758845,37.982081475853036,37.99579620820012,1390800
2015-04-28,37.94436264038086,38.006077621567925,37.937506582834494,37.995792227339656,205200
2015-04-29,37.87236404418945,37.899793507298426,37.80721972326003,37.82093445481452,339000
2015-04-30,37.851802825927734,37.858658885529806,37.74551428345886,37.80722928315044,486600
2015-05-01,37.794044494628906,37.84557766646095,37.75968992043621,37.82496282507653,259400
2015-05-04,37.75972366333008,37.84904511183343,37.74254505033956,37.84904511183343,426400
2015-05-05,37.73566818237305,37.78376776895311,37.68413759155161,37.78376776895311,452000
2015-05-06,37.67727279663086,37.74254838645864,37.632612068431555,37.72536977194967,357600
2015-05-07,37.670406341552734,37.7047609525993,37.64979147805375,37.68758233653161,858000
2015-05-08,37.828407287597656,37.85589200135767,37.76656799218091,37.81466493071765,552000
2015-05-11,37.632625579833984,37.776916557595825,37.61888320751054,37.776916557595825,667600
2015-05-12,37.6497802734375,37.66695888439282,37.57076495365433,37.60511955447693,625600
2015-05-13,37.663516998291016,37.74597117322429,37.63603489440089,37.73222881073541,639600
2015-05-14,37.763153076171875,37.77689544081351,37.6910076276193,37.71505611047016,336400
2015-05-15,37.85933303833008,37.8730753979011,37.74596315877157,37.75970551834259,250800
2015-05-18,37.75972366333008,37.81812675375651,37.72536643734904,37.81812675375651,259200
2015-05-19,37.67727279663086,37.72536977194967,37.632612068431555,37.64291818870151,395800
2015-05-20,37.718502044677734,37.75285665456159,37.64635657759502,37.68414743479388,433000
2015-05-21,37.739105224609375,37.78720219111565,37.70818686946453,37.74941134299099,839200
2015-05-22,37.725341796875,37.7356479095025,37.67037498916616,37.72190817339026,726600
2015-05-26,37.78032302856445,37.78375927420934,37.670386757715114,37.70817759654653,364800
2015-05-27,37.80094528198242,37.80094528198242,37.71849371225786,37.776896798267416,480200
2015-05-28,37.80780792236328,37.831856399811244,37.75971096746736,37.81811403825706,466400
2015-05-29,37.78032302856445,37.87651693792169,37.77345053727468,37.85933833078471,729400
2015-06-01,37.69873809814453,37.83643833071514,37.681524584168145,37.83643833071514,412600
2015-06-02,37.64710235595703,37.709067332870305,37.59202120918361,37.64710235595703,810600
2015-06-03,37.53694152832031,37.602349731488154,37.49907389768773,37.595463275147566,423000
2015-06-04,37.574825286865234,37.60924970410322,37.52318734780092,37.53007118068265,452200
2015-06-05,37.416446685791016,37.48873870319595,37.38890611923305,37.437100797503,336000
2015-06-08,37.49217987060547,37.495620471426435,37.44054196774977,37.46463930556072,720600
2015-06-09,37.35106658935547,37.49565073291016,37.32008539848588,37.47155337565105,1584800
2015-06-10,37.306297302246094,37.36481905246088,37.285640558442154,37.33039464800593,944800
2015-06-11,37.42333984375,37.42333984375,37.302853118038136,37.36826132331613,1575200
2015-06-12,37.4061279296875,37.47153350675878,37.36826029887139,37.40956853146092,350800
2015-06-15,37.4439811706543,37.50250552579268,37.38890266903392,37.461194679767836,1046200
2015-06-16,37.46122741699219,37.478440941148556,37.40270563712459,37.478440941148556,1188800
2015-06-17,37.47844696044922,37.536968749715825,37.31664926248763,37.42680900610173,2784200
2015-06-18,37.49217987060547,37.53348809175975,37.43365551328217,37.51971780923738,1050800
2015-06-19,37.60579299926758,37.6298903453409,37.523173902218176,37.523173902218176,499600
2015-06-22,37.45087814331055,37.54726751802767,37.443991687165905,37.530054004079545,466400
2015-06-23,37.37858963012695,37.45776549834753,37.36826257135155,37.406130204470514,1413400
2015-06-24,37.46466827392578,37.50253592353906,37.3923762045954,37.430243854208676,1853600
2015-06-25,37.39925765991211,37.45777943235152,37.385487367617884,37.41647118188356,978600
2015-06-26,37.354488372802734,37.37169926015502,37.30629368595482,37.35792897442512,720000
2015-06-29,37.50251388549805,37.5093977148303,37.33382986310472,37.40268128849383,637800
2015-06-30,37.47500991821289,37.51287758255996,37.34419602182405,37.34419602182405,469400
2015-07-01,37.399436950683594,37.43738161920286,37.30285147872791,37.395989349368556,546200
2015-07-02,37.49946594238281,37.52361230604894,37.430477083838525,37.44082514944454,562800
2015-07-06,37.54778289794922,37.5891778188402,37.489142067172125,37.568481674273684,425400
2015-07-07,37.59607696533203,37.73750764281492,37.59607696533203,37.616775742377115,883800
2015-07-08,37.647796630859375,37.709887660002195,37.59950390061011,37.61675243216617,1028800
2015-07-09,37.54430389404297,37.65813786544668,37.54430389404297,37.58224855117754,1311600
2015-07-10,37.42356872558594,37.53395245502852,37.40977043043615,37.447715084159135,1203800
2015-07-13,37.39253234863281,37.44772290900853,37.330441323362464,37.44772290900853,674200
2015-07-14,37.42356872558594,37.523604391605105,37.406322830465484,37.523604391605105,432400
2015-07-15,37.471866607666016,37.506363666173236,37.392529689313974,37.42702411606513,652400
2015-07-16,37.49256134033203,37.50290940406981,37.40632396684282,37.45806428553172,598400
2015-07-17,37.44771194458008,37.506355351988994,37.43391365058713,37.47875876400309,754800
2015-07-20,37.40288162231445,37.444276517750474,37.38218549047461,37.43737605263297,673600
2015-07-21,37.444278717041016,37.47877314938556,37.385635287123144,37.40288381917367,816800
2015-07-22,37.42356872558594,37.49600780130553,37.41667089388889,37.47876190618508,1291800
2015-07-23,37.461509704589844,37.49255652357031,37.385620404588096,37.40976676079271,1364000
2015-07-24,37.46498107910156,37.5822626949238,37.45808061243147,37.5822626949238,632600
2015-07-27,37.48912811279297,37.58226336043299,37.461531509137785,37.523622551483456,1668400
2015-07-28,37.46842956542969,37.50292400190101,37.444283196724086,37.48567546778695,934000
2015-07-29,37.46842956542969,37.49602353555266,37.42013682801848,37.478777633195406,738600
2015-07-30,37.444278717041016,37.47877314938556,37.41668211846278,37.44082848427961,1014400
2015-07-31,37.60295486450195,37.60295486450195,37.527065534989816,37.59605439904278,430400
2015-08-03,37.60677719116211,37.64134171533716,37.56529817988955,37.568755423438304,1462400
2015-08-04,37.42702102661133,37.63441071778261,37.420109179650254,37.63441071778261,3298000
2015-08-05,37.4131965637207,37.48232822229838,37.36826296347256,37.42356565323157,1245800
2015-08-06,37.42355728149414,37.51342709898947,37.395907261351574,37.45120993873925,2770800
2015-08-07,37.461578369140625,37.506514595651716,37.41318753836136,37.4719500932526,485600
2015-08-10,37.4477424621582,37.49267867717525,37.395897040372105,37.478852352331685,450400
2015-08-11,37.5030632019043,37.568737612674575,37.47886778274203,37.499605959994575,686600
2015-08-12,37.53416061401367,37.59292316264059,37.50996520120337,37.55490142292408,1232200
2015-08-13,37.42702102661133,37.54108627974158,37.42702102661133,37.47195726171882,887600
2015-08-14,37.42702102661133,37.451216446629594,37.30950116855203,37.38554467063887,868200
2015-08-17,37.47884750366211,37.51341199274848,37.44773761751334,37.50304290973271,1409000
2015-08-18,37.416648864746094,37.48577787709158,37.416648864746094,37.46503970080849,850600
2015-08-19,37.527259826660156,37.561824335559116,37.37863006500194,37.39591363800292,750600
2015-08-20,37.51688766479492,37.561821258972884,37.50306133494721,37.547994929125174,1911400
2015-08-21,37.51688766479492,37.572190347082966,37.5134304230573,37.53762584101509,1135000
2015-08-24,37.5030632019043,37.68280022466649,37.45467236357975,37.572192217481394,1101600
2015-08-25,37.43736267089844,37.56871140079632,37.413167268617414,37.513406117239086,1831800
2015-08-26,37.43046188354492,37.527243521252046,37.3336802458378,37.388982908626794,1387400
2015-08-27,37.42702102661133,37.465042777654745,37.38208742860683,37.41665193761821,1014600
2015-08-28,37.42355728149414,37.537622514803296,37.409733589974124,37.47886259598435,688200
2015-08-31,37.43736267089844,37.49266795445566,37.3889718663364,37.44081991039603,960200
2015-09-01,37.463043212890625,37.53231553223937,37.42494264447794,37.463043212890625,1515200
2015-09-02,37.48381042480469,37.51498216413538,37.43878105567999,37.463029265250896,1702800
2015-09-03,37.5357551574707,37.56692688782519,37.50458078454837,37.53229075101981,857000
2015-09-04,37.598114013671875,37.62235958191629,37.52537466636988,37.598114013671875,580600
2015-09-08,37.501102447509766,37.5738417431187,37.48725011198764,37.542667381776745,619200
2015-09-09,37.56000900268555,37.58079016083923,37.4318523614115,37.49766288565607,727800
2015-09-10,37.52537155151367,37.5600103397608,37.4976642205119,37.532300366190505,807000
2015-09-11,37.56000900268555,37.58079016083923,37.52190845102484,37.563470767332205,368600
2015-09-14,37.52537155151367,37.594646485439405,37.52190978674378,37.594646485439405,458200
2015-09-15,37.41800308227539,37.53230475469128,37.407612501613734,37.51152359336797,647800
2015-09-16,37.40414047241211,37.463024821777964,37.40067870794282,37.41453105095658,463200
2015-09-17,37.58771514892578,37.59117955603176,37.414531789583464,37.42838677543905,612400
2015-09-18,37.6466178894043,37.681254049678465,37.61197908656049,37.61197908656049,727000
2015-09-21,37.58079528808594,37.632750833127005,37.55308531172153,37.632750833127005,812400
2015-09-22,37.6569938659668,37.6569938659668,37.58771892972078,37.63274829892285,559200
2015-09-23,37.64313507080078,37.69855237162306,37.59117953451416,37.63967066369678,513800
2015-09-24,37.59117126464844,37.67776292522031,37.59117126464844,37.67429851887846,382200
2015-09-25,37.5357551574707,37.60502743108146,37.53229075101981,37.53229075101981,572000
2015-09-28,37.5634651184082,37.60156566433922,37.539219556685566,37.55307454089394,338200
2015-09-29,37.58771514892578,37.632744513598524,37.5392240197154,37.632744513598524,541800
2015-09-30,37.61543273925781,37.65353329743547,37.58079658888782,37.58426099669549,452200
2015-10-01,37.669921875,37.71157389876647,37.63174151524,37.65603786707784,1799800
2015-10-02,37.74973678588867,37.83997882345815,37.732381121993186,37.79832946707301,683200
2015-10-05,37.72893142700195,37.80876382005952,37.64910168204845,37.64910168204845,569800
2015-10-06,37.77057647705078,37.822640841329154,37.66991941227355,37.822640841329154,1268000
2015-10-07,37.76018142700195,37.79489013638204,37.701176356245334,37.74282574825952,1065800
2015-10-08,37.71504592895508,37.77751999305574,37.694218592817755,37.73239895294845,470200
2015-10-09,37.73587417602539,37.753227201655406,37.68728146729492,37.742814856656594,474800
2015-10-12,37.76708221435547,37.81567488577764,37.7254328663376,37.739316865044216,535000
2015-10-13,37.78794860839844,37.791417625585495,37.74629656921127,37.78794860839844,779200
2015-10-14,37.881656646728516,37.909424668645975,37.81223924003919,37.87124430053555,520800
2015-10-15,37.84693145751953,37.90593649231371,37.83651911586211,37.87122780408791,1150000
2015-10-16,37.843448638916016,37.88510064137085,37.815680637279456,37.82262396173979,736400
2015-10-19,37.8538703918457,37.87816673729465,37.80180868595728,37.80874936404139,1623800
2015-10-20,37.80528259277344,37.8365222684518,37.76363322267347,37.82263826238402,1001800
2015-10-21,37.89207077026367,37.91289811173084,37.84347805368102,37.85389040036238,1120600
2015-10-22,37.916358947753906,37.94759862916219,37.89206259470474,37.926771292188704,1392400
2015-10-23,37.860801696777344,37.8885696965032,37.84344603492313,37.84691769691442,374600
2015-10-26,37.881656646728516,37.91636535007318,37.860831954342586,37.860831954342586,3552600
2015-10-27,37.88858413696289,37.93717683095214,37.87470013180836,37.91634949916874,1071800
2015-10-28,37.79142379760742,37.923320619188914,37.78448311399505,37.885140239057975,1090200
2015-10-29,37.666419982910156,37.76707697348866,37.666419982910156,37.74972396358993,1233800
2015-10-30,37.76362609863281,37.76362609863281,37.65949739681981,37.66990973738053,1138800
2015-11-02,37.736488342285156,37.82343877625355,37.67736268403065,37.82343877625355,1242200
2015-11-03,37.66694641113281,37.733026967003326,37.65998888724041,37.733026967003326,716200
2015-11-04,37.63215255737305,37.71910300473622,37.625197689131504,37.680844595615056,343400
2015-11-05,37.62867736816406,37.694757905380854,37.600852587484816,37.687803036969605,2497600
2015-11-06,37.51389694213867,37.56258897482469,37.486072165313296,37.56258897482469,481400
2015-11-09,37.524330139160156,37.54519739478118,37.44781333052743,37.51041775090723,2626200
2015-11-10,37.53479766845703,37.580013634497355,37.39220020372459,37.493063119520286,870600
2015-11-11,37.527835845947266,37.5765279130368,37.48609865121967,37.52087832006668,560800
2015-11-12,37.55217742919922,37.5695659348027,37.517397764473934,37.52783139853969,668800
2015-11-13,37.58695602416992,37.62521445033437,37.55913123177428,37.580001152830135,597200
2015-11-16,37.625213623046875,37.66695081072264,37.59043396007617,37.61477998950748,693400
2015-11-17,37.61476516723633,37.656499684948216,37.545203215187925,37.593895254863234,392600
2015-11-18,37.60783004760742,37.64261237110942,37.5869627763212,37.63565484500153,520200
2015-11-19,37.63215255737305,37.65997733737336,37.61476406001066,37.65302246913182,408400
2015-11-20,37.63215255737305,37.67388972737351,37.61476406001066,37.66693485913197,209200
2015-11-23,37.618255615234375,37.64955651324267,37.590430825770575,37.60434322050248,454400
2015-11-24,37.67042541503906,37.705207730138795,37.63564575345742,37.649558148793695,357200
2015-11-25,37.65306091308594,37.68436183240687,37.635669744450006,37.66349455285958,330600
2015-11-27,37.67042541503906,37.7086838388343,37.66694930634356,37.69825020571161,190400
2015-11-30,37.68085479736328,37.81649997321023,37.635641507759495,37.81649997321023,880600
2015-12-01,37.75786590576172,37.77529260492148,37.66028277192538,37.71604608208385,566200
2015-12-02,37.719547271728516,37.750912152224295,37.688179732290685,37.719547271728516,545400
2015-12-03,37.55573272705078,37.70907652097824,37.5278510703581,37.660284951236626,385800
2015-12-04,37.618465423583984,37.65331616525575,37.58361202297107,37.6289203801914,696400
2015-12-07,37.670738220214844,37.70907483171462,37.63240426765608,37.63240426765608,578000
2015-12-08,37.63588333129883,37.723011500749244,37.618459292773174,37.723011500749244,2622200
2015-12-09,37.670738220214844,37.67770996354626,37.594067656156305,37.646342436436896,1768600
2015-12-10,37.597557067871094,37.67074443127188,37.59058798233164,37.65332038795252,587800
2015-12-11,37.618465423583984,37.67074020662106,37.576642938213176,37.635889464949294,376000
2015-12-14,37.454673767089844,37.58013859693553,37.41285127082733,37.56271189209069,437200
2015-12-15,37.43722915649414,37.49299245817327,37.35358686291601,37.35358686291601,1449600
2015-12-16,37.388450622558594,37.47906468988545,37.33617317375688,37.388450622558594,949800
2015-12-17,37.41632080078125,37.47208144583413,37.318737677733196,37.40237997478286,762800
2015-12-18,37.4755744934082,37.51042523560754,37.444209623111156,37.44769283607226,390600
2015-12-21,37.47210693359375,37.5278702755164,37.45816875705558,37.51044356642995,1304200
2015-12-22,37.482547760009766,37.50694354643454,37.44421114435064,37.4616351866876,741600
2015-12-23,37.48604202270508,37.510437816320895,37.43028134827267,37.46513210216069,830600
2015-12-24,37.512916564941406,37.512916564941406,37.47099658976547,37.49894235144653,296600
2015-12-28,37.48149871826172,37.50944716175643,37.43957605301965,37.48149871826172,1244000
2015-12-29,37.41862487792969,37.50945600805413,37.40465065288662,37.432599102972745,723600
2015-12-30,37.41510772705078,37.45004193559501,37.38017351850656,37.404627731018444,822200
2015-12-31,37.47798538208008,37.51990802594087,37.4325711835459,37.4360654035282,443200
2016-01-04,37.446571350097656,37.502465582006685,37.415128679083836,37.450062907190826,3097000
2016-01-05,37.49197006225586,37.544372715382366,37.450047406692725,37.5129300573826,1133600
2016-01-06,37.547882080078125,37.58630786487174,37.53041363355406,37.56534786129146,936000
2016-01-07,37.60725784301758,37.60725784301758,37.52690674755678,37.55834940762747,1166800
2016-01-08,37.65266799926758,37.69808487388498,37.59677379283557,37.628213784208036,551000
2016-01-11,37.586307525634766,37.65268442345423,37.586307525634766,37.65268442345423,925200
2016-01-12,37.64570236206055,37.69810504102443,37.57932545768556,37.62124813391886,340600
2016-01-13,37.719051361083984,37.753985579281256,37.61075448507945,37.62123448400763,1292200
2016-01-14,37.68061828613281,37.73302093963733,37.64218985125015,37.72603249767156,556800
2016-01-15,37.673622131347656,37.760958980871706,37.64218214486738,37.760958980871706,274600
2016-01-19,37.551361083984375,37.66315217455951,37.551361083984375,37.62821795850037,875600
2016-01-20,37.51642608642578,37.607257178535306,37.50245186723125,37.60026873628315,1215000
2016-01-21,37.5303955078125,37.60026392954351,37.505941293675704,37.505941293675704,1858600
2016-01-22,37.52690124511719,37.579303894011495,37.48148703757382,37.52690124511719,928000
2016-01-25,37.51992416381836,37.63520948503979,37.50245572170236,37.63520948503979,2509800
2016-01-26,37.54087448120117,37.60725134575286,37.48498027840189,37.60725134575286,1639200
2016-01-27,37.56534957885742,37.58980380592276,37.47102689312276,37.49548112018811,719800
2016-01-28,37.53390884399414,37.60377730130819,37.53390884399414,37.547883068519106,2989200
2016-01-29,37.68061828613281,37.715552500032594,37.61424141400646,37.628215632628304,731400
2016-02-01,37.600799560546875,37.68481512020504,37.590295278633924,37.65680904338349,703400
2016-02-02,37.66031265258789,37.69181748773254,37.63580800165095,37.642808185858655,876200
2016-02-03,37.66382598876953,37.786351961690094,37.65682580185209,37.65682580185209,1146600
2016-02-04,37.72334671020508,37.76885461076971,37.68834042740088,37.68834042740088,797400
2016-02-05,37.76881790161133,37.782820935284484,37.63229166180504,37.63229166180504,1336000
2016-02-08,37.82486343383789,37.88787580560119,37.768851249689206,37.768851249689206,1919400
2016-02-09,37.84233856201172,37.90885231609864,37.81433248967974,37.90184946261262,3411600
2016-02-10,37.79334259033203,37.817847244557164,37.730330240780695,37.730330240780695,1281800
2016-02-11,37.77934265136719,37.943875059306144,37.73033333889268,37.943875059306144,2594800
2016-02-12,37.71984100341797,37.78285337364346,37.68483472458333,37.70233652859671,1411800
2016-02-16,37.69182586669922,37.75833965008849,37.66032102455098,37.709330337319734,944600
2016-02-17,37.6533317565918,37.68834071046711,37.611325285234535,37.68133785136877,976400
2016-02-18,37.76182556152344,37.77582859810436,37.66730573230374,37.69181037861882,589800
2016-02-19,37.75483703613281,37.80384634736246,37.705827724903166,37.7583384643084,609200
2016-02-22,37.76881790161133,37.78632236140417,37.72680880059186,37.7443132603847,917000
2016-02-23,37.814334869384766,37.84234094347919,37.73382074487106,37.78983022225369,840000
2016-02-24,37.82835388183594,37.91937232567799,37.800350466721525,37.83885549635476,879600
2016-02-25,37.90536880493164,37.92987346210247,37.852858062192055,37.88786700455666,1037600
2016-02-26,37.89134979248047,37.91585443932358,37.82483870579555,37.88434960944223,1225800
2016-02-29,37.908843994140625,37.908843994140625,37.85283186177277,37.88433935393106,1118600
2016-03-01,37.823265075683594,38.00918869259951,37.80923275110983,37.90044152264316,1749200
2016-03-02,37.8408088684082,37.87237959367254,37.76714116639897,37.87237959367254,571400
2016-03-03,37.8653678894043,37.88290629053227,37.781173928976436,37.80572983166973,667800
2016-03-04,37.8653678894043,37.903956118835566,37.798715006497076,37.903956118835566,541800
2016-03-07,37.80573654174805,37.865374610067676,37.79170688891263,37.865374610067676,329400
2016-03-08,37.92499923706055,37.95306388755156,37.868869936078525,37.8864110117335,1496400
2016-03-09,37.91450500488281,37.92502858786322,37.84434332435601,37.907487498632904,343400
2016-03-10,37.92148208618164,37.94603798082349,37.83729082975126,37.924990835813844,614000
2016-03-11,37.910980224609375,37.94956846348704,37.875900737373314,37.942553636597154,618200
2016-03-14,37.94955062866211,37.9565654522553,37.87237418717673,37.88991526074779,711000
2016-03-15,37.96359634399414,38.00569065318627,37.93904043816773,37.96359634399414,564400
2016-03-16,38.06532669067383,38.10040617192948,37.88290910591587,37.88992660800272,851600
2016-03-17,38.188106536865234,38.2091536905184,38.06532701323362,38.06532701323362,545000
2016-03-18,38.219669342041016,38.25825756666536,38.18108111741668,38.19160736845341,833600
2016-03-21,38.181095123291016,38.237224443840674,38.16706546954691,38.23020961696862,1096800
2016-03-22,38.167049407958984,38.2512406769605,38.12495243526213,38.19862013018748,1853800
2016-03-23,38.25126647949219,38.25126647949219,38.14602531495534,38.156548896130225,783000
2016-03-24,38.25126647949219,38.28283722301685,38.19163106857184,38.27231364184196,428000
2016-03-28,38.25826644897461,38.275807528382614,38.195122310055915,38.219678215391355,1361600
2016-03-29,38.34247589111328,38.36352305378186,38.24775830631661,38.286346555471695,769200
2016-03-30,38.3880729675293,38.412628878934974,38.32843756502889,38.33896114471795,1689200
2016-03-31,38.4792594909668,38.48627431456397,38.363494828672884,38.3985742994429,1492000
2016-04-01,38.526023864746094,38.526023864746094,38.41705512837137,38.51547884920599,1989200
2016-04-04,38.483863830566406,38.54362073762283,38.46628700762198,38.54010483666461,366000
2016-04-05,38.557647705078125,38.57170861468206,38.526009988008205,38.54007089761214,884200
2016-04-06,38.547096252441406,38.571702169675774,38.49085262342351,38.49085262342351,4387800
2016-04-07,38.59282302856445,38.61039716529289,38.5611852914997,38.575246209990034,2176400
2016-04-08,38.56116485595703,38.589286678034505,38.52952981750329,38.56116485595703,981600
2016-04-11,38.5963249206543,38.62093084862052,38.54711306472186,38.62093084862052,2008000
2016-04-12,38.54360580444336,38.5893017718093,38.46627210440437,38.5752408552708,1529600
2016-04-13,38.557647705078125,38.57873772856188,38.5084358623865,38.51546497626632,388400
2016-04-14,38.54360580444336,38.5752408552708,38.529544887904855,38.55063492178981,657400
2016-04-15,38.663089752197266,38.663089752197266,38.55412108537615,38.55412108537615,2683800
2016-04-18,38.666629791259766,38.666629791259766,38.57172197087493,38.63850796231418,1296800
2016-04-19,38.65608215332031,38.670143066839174,38.613899412763736,38.634992123964544,511800
2016-04-20,38.63500213623047,38.71233315785698,38.620941219067724,38.66312128871023,1262800
2016-04-21,38.63500213623047,38.63851535413686,38.55766843275823,38.57875846757948,832000
2016-04-22,38.642032623291016,38.66312265885966,38.61391078796894,38.64554852316773,548400
2016-04-25,38.606868743896484,38.65959649700987,38.59280783094325,38.6420196853571,494800
2016-04-26,38.557647705078125,38.62794957125351,38.54007089761214,38.60685954776975,523000
2016-04-27,38.680667877197266,38.680667877197266,38.57521242181157,38.606850131164734,504000
2016-04-28,38.65608215332031,38.69826221203185,38.61741531160471,38.67365628383511,7176600
2016-04-29,38.719356536865234,38.726385652995084,38.61390102200145,38.69475060764304,1668600
2016-05-02,38.72780990600586,38.72780990600586,38.660887821722575,38.660887821722575,1128400
2016-05-03,38.74542999267578,38.80178827166515,38.74190692841128,38.798265207400654,682000
2016-05-04,38.7771110534668,38.79120061650833,38.72779892647614,38.75950111514692,524800
2016-05-05,38.798255920410156,38.83700155611329,38.73133115195747,38.812345486784935,496200
2016-05-06,38.77360153198242,38.83700323976248,38.75598890142291,38.83700323976248,321200
2016-05-09,38.79474639892578,38.819402476860745,38.78065682763281,38.80883597021875,320600
2016-05-10,38.81938171386719,38.836994340390824,38.79472564911981,38.80529215011018,1128400
2016-05-11,38.798255920410156,38.851091122488064,38.791209793567766,38.812345486784935,1090400
2016-05-12,38.76301574707031,38.81937129967014,38.74892618709316,38.80528173969299,548800
2016-05-13,38.8017692565918,38.80881269435846,38.74541100522118,38.74893406775917,380600
2016-05-16,38.75246810913086,38.79473681256498,38.7419016050999,38.79473681256498,618800
2016-05-17,38.71371078491211,38.78063284803448,38.699621222331274,38.7524537228728,399000
2016-05-18,38.52702713012695,38.7031426361498,38.519983692302155,38.68200963536605,516400
2016-05-19,38.60100555419922,38.61157474470259,38.548173038232726,38.59396211450704,652000
2016-05-20,38.62563705444336,38.632680489165196,38.58689144520284,38.62563705444336,973600
2016-05-23,38.60451889038086,38.62565457875189,38.53759682458254,38.569296326175,779600
2016-05-24,38.57987976074219,38.65384798423451,38.49182196792124,38.65384798423451,739200
2016-05-25,38.59042739868164,38.60451696112174,38.54111527379593,38.59042739868164,515600
2016-05-26,38.657344818115234,38.685523937652015,38.611555764349525,38.629165698578454,821200
2016-05-27,38.63972473144531,38.69255989854192,38.56927963352199,38.67494996771521,275400
2016-05-31,38.69612121582031,38.71021078679601,38.565794699778266,38.586930399897255,2427200
2016-06-01,38.680233001708984,38.74729513283478,38.6449381353154,38.715530560928265,793800
2016-06-02,38.71551513671875,38.73669150955312,38.676689991305985,38.69786636414035,473800
2016-06-03,38.892005920410156,38.895533521920484,38.832001688002116,38.832001688002116,595400
2016-06-06,38.863773345947266,38.90612880429077,38.83553637371826,38.88848002344117,773800
2016-06-07,38.91670227050781,38.944936539227754,38.89552320293678,38.923760164481585,723800
2016-06-08,38.93787384033203,38.9661107983924,38.92022506833816,38.92022506833816,472600
2016-06-09,38.96257400512695,38.99081095847643,38.941397636526894,38.987280666101725,237600
2016-06-10,39.00846481323242,39.02611358580114,38.9661120675869,39.00140691989971,312200
2016-06-13,39.0190544128418,39.05434926399712,38.99081745478773,39.029642598905944,409400
2016-06-14,38.96610641479492,39.071990956372744,38.94139975247767,38.9943433696787,1029800
2016-06-15,39.05081558227539,39.07905253787911,38.95551922314321,38.99081407123571,768600
2016-06-16,39.04377365112305,39.11436337616556,39.00847609577639,39.09671459849223,676800
2016-06-17,39.001407623291016,39.07199732918973,38.96258247719933,39.07199732918973,1025800
2016-06-20,38.97669982910156,39.02964345340594,38.95905105672524,38.95905105672524,568800
2016-06-21,38.952003479003906,39.01553530642917,38.934354701953716,39.00141682335408,520800
2016-06-22,38.98024368286133,38.9943621671091,38.94141852438633,38.966125198613554,724000
2016-06-23,38.99083709716797,38.994367391909314,38.93436315261,38.94142374209269,795600
2016-06-24,39.100242614746094,39.174362629570375,39.07200564924392,39.15318625185637,960200
2016-06-27,39.12140655517578,39.29082560150273,39.12140655517578,39.202587131979705,1080000
2016-06-28,39.24495315551758,39.266129532212936,39.121417110594344,39.19906741557748,1072000
2016-06-29,39.21672058105469,39.28378270519667,39.20965999281584,39.255545737892106,400000
2016-06-30,39.26967239379883,39.31555545559822,39.22378663917346,39.2590842020625,1226800
2016-07-01,39.37397384643555,39.40580276403278,39.274946949536734,39.33507003718522,2906800
2016-07-05,39.462398529052734,39.49069270442759,39.39520053710773,39.437641800170006,1075600
2016-07-06,39.455322265625,39.473006799190294,39.41288370231786,39.43410298397143,928600
2016-07-07,39.437644958496094,39.49423061549633,39.37751915643915,39.46593643785556,466200
2016-07-08,39.52251434326172,39.53312398250146,39.41641255430314,39.45885380954269,1106200
2016-07-11,39.455322265625,39.5083731680399,39.42349334314465,39.48715388638633,951200
2016-07-12,39.3386116027832,39.44471070416587,39.3386116027832,39.44471070416587,1945600
2016-07-13,39.41288757324219,39.44825394556529,39.377518502637834,39.377518502637834,952800
2016-07-14,39.40935516357422,39.4235022539679,39.296181138706366,39.32801006838095,1114400
2016-07-15,39.31031036376953,39.36689600134622,39.29616327980526,39.33860453169806,818200
2016-07-18,39.3563117980957,39.38460598431017,39.31740796662134,39.37399633905027,872400
2016-07-19,39.36690902709961,39.3845935624765,39.335080101358706,39.37398392056287,965800
2016-07-20,39.363372802734375,39.37398244425021,39.31385934347307,39.37398244425021,917400
2016-07-21,39.42350769042969,39.43057988746098,39.28911166229744,39.3244807422998,2707200
2016-07-22,39.41288757324219,39.4341068569798,39.377518502637834,39.41995976839431,1142000
2016-07-25,39.37751770019531,39.43056860673951,39.36337331017931,39.43056860673951,367400
2016-07-26,39.38106918334961,39.395216276689226,39.33509315370747,39.37045953791544,339800
2016-07-27,39.42350769042969,39.427045138086314,39.35630967636356,39.38460386105266,472800
2016-07-28,39.45178985595703,39.45178985595703,39.37751696920521,39.40227639697658,425800
2016-07-29,39.557891845703125,39.557891845703125,39.46593711593139,39.48362165183104,507600
2016-08-01,39.45901870727539,39.508630190084965,39.4519325112839,39.50508844390074,1410200
2016-08-02,39.405887603759766,39.455499117828865,39.37399564626881,39.41297650784092,878000
2016-08-03,39.4200439453125,39.43421904310306,39.35980180742021,39.430674592749554,807400
2016-08-04,39.48735809326172,39.52279447076854,39.42002708346315,39.43065772635296,540800
2016-08-05,39.39523696899414,39.4661124557321,39.3704312245417,39.4661124557321,502200
2016-08-08,39.391693115234375,39.402323761770575,39.34562337541322,39.37397356859189,910600
2016-08-09,39.47673797607422,39.48382417201606,39.409406948323145,39.420037594047415,1233800
2016-08-10,39.529903411865234,39.55116470842529,39.46611681856139,39.51218386231607,3467000
2016-08-11,39.43421936035156,39.55470634072891,39.42358871282899,39.55470634072891,1359000
2016-08-12,39.519256591796875,39.57950141755838,39.50862594713977,39.526345490650115,529600
2016-08-15,39.50863265991211,39.52989665646196,39.48737136698547,39.52989665646196,319600
2016-08-16,39.47673797607422,39.508629913247034,39.43775713933655,39.48736862179849,618000
2016-08-17,39.512176513671875,39.53343780627767,39.44484548225598,39.48028457476319,2249400
2016-08-18,39.57240676879883,39.586581860822896,39.51570910432491,39.53697039054984,508400
2016-08-19,39.50863265991211,39.551157949388596,39.46965182046446,39.51926330637543,661600
2016-08-22,39.529903411865234,39.56888425797445,39.49446431276691,39.54762025779072,557400
2016-08-23,39.59368896484375,39.60786135976229,39.5299023732159,39.56533876775946,2282800
2016-08-24,39.59721755981445,39.61848155237678,39.56178117704085,39.61493710301261,4844800
2016-08-25,39.561790466308594,39.58659621043687,39.51572342824845,39.561790466308594,1123400
2016-08-26,39.494449615478516,39.625567203927254,39.45192703818257,39.575955728000196,811400
2016-08-29,39.565330505371094,39.57241670135056,39.46964928609854,39.51571902264571,475400
2016-08-30,39.547630310058594,39.56889431564724,39.51573835711218,39.56534986411174,404600
2016-08-31,39.50508117675781,39.58304013281548,39.487361634604106,39.57595393812753,1262800
2016-09-01,39.5082893371582,39.54379819122829,39.440828474104556,39.440828474104556,522400
2016-09-02,39.51539993286133,39.533151654428806,39.43373334502447,39.49054535551024,460800
2016-09-06,39.582847595214844,39.61480230654946,39.49052946978486,39.51538403713778,359600
2016-09-07,39.60770034790039,39.65740948032875,39.58639449904213,39.65740948032875,396000
2016-09-08,39.483436584472656,39.589957733702015,39.46568486556467,39.589957733702015,2744000
2016-09-09,39.369815826416016,39.45503383053989,39.35916425313688,39.42307640175709,478800
2016-09-12,39.394649505615234,39.408852498769335,39.31653710668361,39.34849180957237,1091000
2016-09-13,39.31654739379883,39.401762666075925,39.25973540631765,39.401762666075925,519000
2016-09-14,39.35560607910156,39.398215073859156,39.295245368237005,39.295245368237005,1941600
2016-09-15,39.394649505615234,39.405303782188774,39.3129856811591,39.35559195167745,937600
2016-09-16,39.398216247558594,39.41951939109956,39.35915867843681,39.41951939109956,2255200
2016-09-19,39.36271667480469,39.41952597004349,39.359165247306805,39.39822282294712,581600
2016-09-20,39.369815826416016,39.42307640175709,39.35206410726592,39.41242482847795,2278600
2016-09-21,39.42662811279297,39.45148268693822,39.334309962134014,39.34496153548977,1200800
2016-09-22,39.486995697021484,39.52250185069324,39.46214111855667,39.46214111855667,392200
2016-09-23,39.49407958984375,39.50473115993628,39.455022026874744,39.501179733590575,606000
2016-09-26,39.540260314941406,39.54381174335458,39.50120272923501,39.522505881821715,956000
2016-09-27,39.529579162597656,39.58993985572886,39.52602773684167,39.58993985572886,1470000
2016-09-28,39.582847595214844,39.586396312733356,39.53313575156434,39.586396312733356,1819000
2016-09-29,39.58641052246094,39.58641052246094,39.5082953658992,39.55090437191805,2040200
2016-09-30,39.53668975830078,39.607704747475665,39.4940834737407,39.597050467390794,1484600
2016-10-03,39.48366165161133,39.526352645155804,39.45519917969453,39.51923838434196,980400
2016-10-04,39.4089469909668,39.487217431585975,39.39827424257886,39.487217431585975,990600
2016-10-05,39.35916519165039,39.41964866328122,39.33426119074329,39.39830043798048,417400
2016-10-06,39.384056091308594,39.39828733199751,39.3342481060632,39.387614580063726,646600
2016-10-07,39.4089469909668,39.433850975315565,39.337793525493396,39.419622453685456,424600
2016-10-10,39.398292541503906,39.473004529250915,39.341370285553225,39.376947034813895,468600
2016-10-11,39.352046966552734,39.40185496335532,39.33070145773227,39.38050945453485,2182200
2016-10-12,39.3734130859375,39.391202828821676,39.316490794508745,39.35562605738699,713200
2016-10-13,39.4089469909668,39.440967950461335,39.373370258230096,39.412505478539686,571800
2016-10-14,39.4018440246582,39.458768984818995,39.36982577031638,39.42674801614567,642000
2016-10-17,39.43032455444336,39.46945980388566,39.394747795222926,39.43743882055435,357000
2016-10-18,39.49435806274414,39.49791383811612,39.43031881972808,39.45166432928932,795400
2016-10-19,39.52634811401367,39.53702086117631,39.4516361695448,39.47654015103442,868600
2016-10-20,39.49435806274414,39.55128032635156,39.483685307963526,39.54416606127526,332000
2016-10-21,39.52634811401367,39.54057934834066,39.47654015103442,39.508561106852746,855400
2016-10-24,39.472991943359375,39.53347538358266,39.44097369353332,39.52279991930953,444400
2016-10-25,39.48012924194336,39.52282026368663,39.44810826130339,39.45522524114894,1104000
2016-10-26,39.41608428955078,39.44810255122362,39.398294556844455,39.43387130792498,1028800
2016-10-27,39.32356262207031,39.380487566395,39.30933138598914,39.37337059118904,384000
2016-10-28,39.352046966552734,39.38050945453485,39.31647021374121,39.34848847697191,342200
2016-10-31,39.3734130859375,39.394761320265246,39.34495058305629,39.35562605738699,385600
2016-11-01,39.376953125,39.38764713673249,39.30565790029107,39.35913067869201,589400
2016-11-02,39.40547561645508,39.437557654350385,39.355568411014346,39.38765044890965,404600
2016-11-03,39.369842529296875,39.41974975315429,39.35558293394622,39.39123056245299,384600
2016-11-04,39.448246002197266,39.46250286951692,39.384079220306255,39.391207653966084,611000
2016-11-07,39.40189743041992,39.416157015945466,39.36268425015915,39.380509412000535,545000
2016-11-08,39.351993560791016,39.41616034120031,39.316345953838756,39.39477232097657,703400
2016-11-09,39.070377349853516,39.2878313130094,39.0347297387886,39.27357172463576,1087400
2016-11-10,38.98837661743164,39.13096701963673,38.95272629714278,39.13096701963673,629000
2016-11-11,38.902828216552734,39.006208186160954,38.902828216552734,38.97412615407818,613600
2016-11-14,38.70321273803711,38.81372117952417,38.68182470929488,38.7958987288187,1511800
2016-11-15,38.83866500854492,38.842230585684035,38.7459817608358,38.749544618236435,734600
2016-11-16,38.799434661865234,38.86360142330193,38.760224209628014,38.76735264101553,912000
2016-11-17,38.78877258300781,38.82085735000464,38.706783315746115,38.80659775575488,919000
2016-11-18,38.66043472290039,38.781639900886965,38.6069646499908,38.75312071550904,750200
2016-11-21,38.667545318603516,38.699627345290445,38.617638130598664,38.678239327499156,1009800
2016-11-22,38.728145599365234,38.728145599365234,38.64259081048617,38.653284819128835,862400
2016-11-23,38.606964111328125,38.62835214019355,38.521406556388094,38.57131377023352,581600
2016-11-25,38.624778747558594,38.64616949183541,38.5713059664745,38.61051915795359,231200
2016-11-28,38.70321273803711,38.70321273803711,38.62122076162663,38.67469355322137,406000
2016-11-29,38.710323333740234,38.717454486527174,38.63189969124919,38.65685328652768,486200
2016-11-30,38.582000732421875,38.64973037992099,38.57486957811345,38.599823178715965,543000
2016-12-01,38.547000885009766,38.57914886757476,38.443408398974,38.52913907780979,1264800
2016-12-02,38.643455505371094,38.643455505371094,38.522001187157294,38.543435905271316,2353800
2016-12-05,38.63629150390625,38.65415057978353,38.52912614732965,38.564847024412444,730200
2016-12-06,38.657745361328125,38.66846135798427,38.59701956339011,38.63631336801583,1171400
2016-12-07,38.743446350097656,38.75059215927528,38.65056990808229,38.70057967101494,2383400
2016-12-08,38.686317443847656,38.71489252225844,38.63273474316722,38.700603620388364,1457200
2016-12-09,38.59700393676758,38.68987768707259,38.5755692268037,38.68987768707259,703400
2016-12-12,38.57914352416992,38.62201022031513,38.54342264004663,38.57557061815896,857200
2016-12-13,38.58985900878906,38.65773059545984,38.571999929626934,38.632725704369875,2051600
2016-12-14,38.45412826538086,38.6684563467171,38.45055535851525,38.6648834398515,1127400
2016-12-15,38.40054702758789,38.46484572697285,38.37911503623608,38.44698391729332,1119800
2016-12-16,38.38982391357422,38.48627058210351,38.3791079198853,38.432687888329895,755600
2016-12-19,38.475528717041016,38.507679401818315,38.425518963233834,38.50053359394461,1360800
2016-12-20,38.475528717041016,38.49696069000776,38.44695093620057,38.44695093620057,487000
2016-12-21,38.539852142333984,38.539852142333984,38.49698544351009,38.49698544351009,1617000
2016-12-22,38.54521942138672,38.55953552268428,38.48795774671361,38.48795774671361,1043400
2016-12-23,38.566680908203125,38.57741729764116,38.541628422675664,38.56310120155173,697600
2016-12-27,38.523738861083984,38.538054959492726,38.477213589142984,38.49868637149782,766600
2016-12-28,38.60247802734375,38.62395081080568,38.49868835641657,38.51658416297932,743400
2016-12-29,38.681217193603516,38.699110270568326,38.61679610939311,38.61679610939311,992200
2016-12-30,38.7205810546875,38.74921052043656,38.66331666215633,38.66331666215633,644000
2017-01-03,38.7205810546875,38.756369934761224,38.641843880215404,38.68121246745145,1002800
2017-01-04,38.781436920166016,38.781436920166016,38.70627942476276,38.72775221473011,1246800
2017-01-05,38.8780517578125,38.906683953404,38.78500121791482,38.802894292272164,794400
2017-01-06,38.77785110473633,38.84585190294721,38.75995802608728,38.80290359925869,946400
2017-01-09,38.835113525390625,38.867322703623465,38.81721771713884,38.82437713264634,686000
2017-01-10,38.827964782714844,38.895965596142965,38.82080809575712,38.83512420019029,846400
2017-01-11,38.852989196777344,38.92814664283334,38.81004364504006,38.86730529086169,2278800
2017-01-12,38.888797760009766,38.9496391385196,38.8601655593521,38.89595444491571,1146000
2017-01-13,38.82078170776367,38.906675545459585,38.77783342365778,38.82793838985672,1218400
2017-01-17,38.96395492553711,38.97469131806817,38.9102702323649,38.94963882532339,1739800
2017-01-18,38.80289840698242,38.928160862832655,38.79216201512622,38.89237197980641,560600
2017-01-19,38.759952545166016,38.79574142792043,38.72416093189487,38.74921342287463,753400
2017-01-20,38.79216766357422,38.817220158392104,38.73490598849782,38.73490598849782,652200
2017-01-23,38.91028594970703,38.9389181617001,38.81365291685992,38.81723262598857,560200
2017-01-24,38.84585952758789,38.89596452646718,38.81364761086969,38.86733231838826,601000
2017-01-25,38.77427291870117,38.810064538438326,38.75637983934981,38.78501204293265,590000
2017-01-26,38.84226989746094,38.849429312910765,38.752796317956786,38.817217404420454,3007800
2017-01-27,38.87092208862305,38.87807877723644,38.80650096902912,38.83513318451939,3270600
2017-01-30,38.838680267333984,38.89594465423503,38.8207871943146,38.89594465423503,891000
2017-01-31,38.89955520629883,38.9067118950782,38.838711064341275,38.838711064341275,1546400
2017-02-01,38.85112762451172,38.9013365607496,38.79733155391918,38.85471202268456,667200
2017-02-02,38.886962890625,38.933584659096084,38.861858440497514,38.922825999924285,422200
2017-02-03,38.9049072265625,38.98739212853076,38.87621563623413,38.965874803874804,499800
2017-02-06,39.00532913208008,39.026846458984316,38.9264286185233,38.976637538753806,608600
2017-02-07,39.0161018371582,39.073482308280646,38.97306443167993,39.00534316983411,944400
2017-02-08,39.10573959350586,39.11649825492788,39.04118488879333,39.0555306827495,664000
2017-02-09,39.012481689453125,39.084210637885,38.994551504479865,39.06986484819862,553000
2017-02-10,38.97662353515625,39.01607377776088,38.93000176488712,38.95151908406058,803400
2017-02-13,38.95871353149414,38.973059331442855,38.92285039971313,38.96588779955928,600000
2017-02-14,38.912078857421875,39.00173802529612,38.858282809461194,38.99097936294012,585800
2017-02-15,38.876220703125,38.894150897281655,38.8439419757534,38.86187490609107,639800
2017-02-16,38.95871353149414,38.973059331442855,38.88698726793212,38.904920201913406,637600
2017-02-17,39.012481689453125,39.01965595238612,38.987377241546874,39.00531016269974,599800
2017-02-21,39.008914947509766,39.03760654187929,38.947947361610304,38.969467425477966,490200
2017-02-22,39.02685546875,39.066305734635904,38.96230073695321,39.05913420273918,875400
2017-02-23,39.10573959350586,39.12366978381575,39.07704800559353,39.08780666701555,731200
2017-02-24,39.21694564819336,39.238465723445145,39.148806495746406,39.15597803004201,702200
2017-02-27,39.12727355957031,39.21334562373858,39.12727355957031,39.20976122586019,656000
2017-02-28,39.152366638183594,39.19181689282447,39.12367504641191,39.16312530105278,786800
2017-03-01,39.03485107421875,39.060009233203644,38.99531643266626,39.05282236293667,776400
2017-03-02,38.984527587890625,39.03484389660839,38.944992953607645,39.01687261119498,861000
2017-03-03,39.024070739746094,39.024070739746094,38.945001453922096,39.006099450410176,567600
2017-03-06,39.00971984863281,39.024096341126345,38.98096686364574,38.99534335613927,774800
2017-03-07,38.912662506103516,39.002513489091875,38.912662506103516,38.97376325848174,1187200
2017-03-08,38.858741760253906,38.883899917813764,38.81561231499407,38.85514695430721,4103400
2017-03-09,38.77967071533203,38.815610547061524,38.75451255891805,38.80123406596305,1071200
2017-03-10,38.80482864379883,38.82998680006502,38.7581043949949,38.78326529329448,750000
2017-03-13,38.76169204711914,38.797631872004665,38.754505178955185,38.77606852547992,1061400
2017-03-14,38.747314453125,38.79403869196046,38.747314453125,38.758096126076936,566200
2017-03-15,38.94499588012695,38.955777555371924,38.75810436910287,38.776075655866734,1238200
2017-03-16,38.89468002319336,38.944996336281484,38.89468002319336,38.91624337393587,956400
2017-03-17,38.96296310424805,38.97374477836882,38.930615339852636,38.96296310424805,381200
2017-03-20,39.0132942199707,39.0132942199707,38.941411795158956,38.959383086870425,642000
2017-03-21,39.0564079284668,39.08156608326563,38.97374659499917,38.984528269622494,1162800
2017-03-22,39.10672378540039,39.124695070920055,39.063597087406286,39.08156563089277,477800
2017-03-23,39.09952926635742,39.1246874159427,39.06358944438311,39.11390574355367,773400
2017-03-24,39.08517074584961,39.131892261677955,39.074389068507216,39.10314203610954,930800
2017-03-27,39.124691009521484,39.185788986692884,39.11390933614217,39.14984916141753,669400
2017-03-28,39.07078552246094,39.157041663939715,39.06719071680627,39.12829144480232,640400
2017-03-29,39.16423416137695,39.1714210311826,39.11032304071736,39.11032304071736,448200
2017-03-30,39.095947265625,39.164234869163494,39.08876039568947,39.14267151732336,470400
2017-03-31,39.160621643066406,39.16421644736004,39.117492217639516,39.13186869278181,552000
2017-04-03,39.271209716796875,39.271209716796875,39.1739665553954,39.1739665553954,1352800
2017-04-04,39.22437286376953,39.289197944939254,39.22077055445224,39.263987275232054,669000
2017-04-05,39.28561019897461,39.30001669281977,39.202773546304364,39.23518884439541,1336800
2017-04-06,39.31083679199219,39.31083679199219,39.22079822982444,39.267617292958484,902000
2017-04-07,39.19917678833008,39.34684131034084,39.19197491426625,39.325232940391224,419000
2017-04-10,39.267601013183594,39.282007506888775,39.22438427982576,39.256796829844134,799200
2017-04-11,39.36124801635742,39.37205220138991,39.28561597337185,39.328832713501804,1362200
2017-04-12,39.41886520385742,39.43687400798699,39.33242898910249,39.37204615998136,421400
2017-04-13,39.47288131713867,39.48008593651531,39.390047428607716,39.451272954523155,742200
2017-04-17,39.43687057495117,39.49809610724957,39.41886177238929,39.47648774238131,474600
2017-04-18,39.562923431396484,39.573727613689094,39.48008953531482,39.49449602762412,1509000
2017-04-19,39.487300872802734,39.5377222340927,39.46209019215776,39.526918049210295,830600
2017-04-20,39.476497650146484,39.487301835292236,39.44768465791903,39.487301835292236,1056800
2017-04-21,39.48011016845703,39.51612504417369,39.47290554465837,39.49451666829547,583000
2017-04-24,39.45127868652344,39.45488099673515,39.40085733458988,39.429670320768366,643000
2017-04-25,39.3648681640625,39.42969605139001,39.35766353893756,39.40088304640903,607000
2017-04-26,39.43687057495117,39.43687057495117,39.364840860218635,39.38284691502303,1599800
2017-04-27,39.44768142700195,39.465690232608665,39.40086237928563,39.40086237928563,568400
2017-04-28,39.47288131713867,39.47648362682699,39.408053481534914,39.436866463527075,466400
2017-05-01,39.42959213256836,39.498166217409,39.4115454512302,39.472902515657765,956200
2017-05-02,39.494564056396484,39.50178107822136,39.42238282399762,39.42238282399762,748800
2017-05-03,39.415130615234375,39.476484887640765,39.411520730523634,39.472877756465266,836600
2017-05-04,39.38627243041992,39.40792899360902,39.34296481111436,39.36100873464624,415200
2017-05-05,39.39349365234375,39.40432055756857,39.368229955640366,39.38266674711893,465200
2017-05-08,39.346553802490234,39.38264713998535,39.346553802490234,39.38264713998535,307800
2017-05-09,39.37184524536133,39.37184524536133,39.324927728488,39.342974409959204,1566600
2017-05-10,39.37907028198242,39.41516089621098,39.364633485583525,39.38628730341319,580200
2017-05-11,39.38988494873047,39.40071185428035,39.32853064825678,39.35018445935655,784400
2017-05-12,39.534236907958984,39.534236907958984,39.47648975960127,39.47648975960127,744400
2017-05-15,39.516212463378906,39.534259145775756,39.4909487601456,39.50538555535565,409800
2017-05-16,39.552303314208984,39.573959883923806,39.519822589942486,39.527039610822655,561200
2017-05-17,39.68583297729492,39.689442863718746,39.606431997190164,39.656959392977456,617800
2017-05-18,39.65335464477539,39.68583536393346,39.64252498485264,39.660571664520496,438000
2017-05-19,39.664188385009766,39.664188385009766,39.61005109021548,39.6605784977469,486000
2017-05-22,39.635311126708984,39.660574828137165,39.61004742528081,39.62087433253046,365600
2017-05-23,39.584781646728516,39.671399653717614,39.584781646728516,39.646135953615094,649800
2017-05-24,39.635311126708984,39.649747920887506,39.566737042745245,39.59561063110229,662400
2017-05-25,39.62807083129883,39.66416141877927,39.62085106168154,39.656941649161986,562800
2017-05-26,39.646114349365234,39.66416101969154,39.63167756381125,39.64250446459292,555200
2017-05-30,39.693058013916016,39.700275034184166,39.646137744793805,39.68583824011094,700000
2017-05-31,39.70750045776367,39.72554714255866,39.68223675117319,39.693066414172684,649400
2017-06-01,39.698814392089844,39.70243170977118,39.655417616733516,39.67711600441168,619200
2017-06-02,39.79283142089844,39.79644873731472,39.756666534347545,39.77475035722498,469600
2017-06-05,39.75305938720703,39.77476053205214,39.738592877045186,39.738592877045186,370400
2017-06-06,39.814537048339844,39.84347006652876,39.7928386643004,39.80007329844987,553600
2017-06-07,39.785606384277344,39.80730476809587,39.76029068342092,39.80368745105796,422400
2017-06-08,39.716888427734375,39.767519825968485,39.71327111094501,39.767519825968485,993800
2017-06-09,39.73135757446289,39.734974891492506,39.677108855836465,39.695192681780085,258600
2017-06-12,39.72050094604492,39.74943395845606,39.67710142742822,39.69518524998616,418600
2017-06-13,39.73135757446289,39.74220676634729,39.69157536475048,39.720508382578494,858600
2017-06-14,39.84349060058594,39.90135666678608,39.8073256888138,39.85433979819699,787800
2017-06-15,39.807308197021484,39.81092551437098,39.767525983791124,39.81092551437098,449200
2017-06-16,39.829010009765625,39.839861962747854,39.785613234656424,39.81454349832758,957200
2017-06-19,39.78199768066406,39.81454526343891,39.76391385076356,39.81454526343891,1544600
2017-06-20,39.81089782714844,39.82536432728073,39.76026645628681,39.77111564158533,420400
2017-06-21,39.80368423461914,39.821768059142904,39.76751934477585,39.789217726840974,745800
2017-06-22,39.832618713378906,39.83985334713586,39.78921918845019,39.82538683882629,368200
2017-06-23,39.818145751953125,39.84346144759101,39.8000646888997,39.825380384537596,1300800
2017-06-26,39.84349060058594,39.868806314747026,39.8290240840359,39.836258721913865,493800
2017-06-27,39.76750946044922,39.82175816133261,39.745811083777284,39.810908972996636,1115800
2017-06-28,39.785606384277344,39.80007289322451,39.749441491511654,39.774757192368085,510200
2017-06-29,39.73135757446289,39.74944140040651,39.67349153880685,39.70604187366448,571600
2017-06-30,39.70243835449219,39.73860325974344,39.68797184055061,39.73860325974344,732800
2017-07-03,39.63790512084961,39.710388067359645,39.6306551671703,39.695890925048204,321400
2017-07-05,39.65604019165039,39.67053733970742,39.61255151252757,39.627045895536334,1292200
2017-07-06,39.6234130859375,39.64515741968389,39.60166598714358,39.6342852528107,336200
2017-07-07,39.605308532714844,39.64517500563235,39.59806133993382,39.63067785502155,619400
2017-07-10,39.6451530456543,39.692266685255966,39.63065590307366,39.663275165141904,306400
2017-07-11,39.685028076171875,39.68865305386254,39.65241157209934,39.66328374012352,879200
2017-07-12,39.753902435302734,39.79739112228615,39.73940528462534,39.772021799862905,517800
2017-07-13,39.753902435302734,39.772021799862905,39.71403596220209,39.76477460704859,440000
2017-07-14,39.779258728027344,39.85536667036793,39.76113660435431,39.82274740076605,337000
2017-07-17,39.8336296081543,39.837251821512076,39.79013816242561,39.80463531100184,315800
2017-07-18,39.9024772644043,39.90610224187081,39.82999430535994,39.866235784882115,471200
2017-07-19,39.88434982299805,39.916966318442675,39.88434982299805,39.90609415329446,653200
2017-07-20,39.88798141479492,39.92784787307813,39.88073422467422,39.92060068295743,900800
2017-07-21,39.935096740722656,39.953216098054845,39.90972742841946,39.9133496408573,701000
2017-07-24,39.92061233520508,39.94960663424638,39.902490207042135,39.94598165560408,514200
2017-07-25,39.82276916503906,39.88438276017223,39.82276916503906,39.8807577804469,389600
2017-07-26,39.935096740722656,39.949593885617006,39.83361949150986,39.851738848842054,722600
2017-07-27,39.9278450012207,39.93871716814363,39.87348140155852,39.91334785697428,435600
2017-07-28,39.956844329833984,39.96771649812832,39.90973067887591,39.90973067887591,496400
2017-07-31,39.96044921875,39.97494635753709,39.9495770559213,39.9568242427916,750000
2017-08-01,40.022953033447266,40.022953033447266,39.950317201432775,39.95757967628247,483400
2017-08-02,40.004791259765625,40.03384669787191,39.97573582165935,39.97573582165935,447000
2017-08-03,40.02656936645508,40.03746445973527,40.008411801280836,40.02656936645508,674600
2017-08-04,39.96120071411133,39.99388876865691,39.94667299774424,39.990256146845496,370800
2017-08-07,39.96482849121094,39.98298605630972,39.95030077660496,39.96846111258199,354800
2017-08-08,39.932125091552734,39.97207559864346,39.92123000250566,39.96118050959638,376800
2017-08-09,39.943023681640625,39.99023665866673,39.943023681640625,39.99023665866673,525000
2017-08-10,39.96120071411133,39.979361052289825,39.9430431468114,39.96846595773415,376200
2017-08-11,39.99748992919922,40.015650254351236,39.957539430566065,39.97206713651236,497800
2017-08-14,39.96482849121094,40.00841163502886,39.96482849121094,39.97572358444586,498200
2017-08-15,39.946659088134766,39.95392432922781,39.906708574755875,39.9103411953024,448800
2017-08-16,40.004791259765625,40.026581452905795,39.932152664499924,39.93941790946604,514000
2017-08-17,40.01567077636719,40.03746096102342,39.97935287831414,39.99388059171096,782400
2017-08-18,40.01931381225586,40.09558224927915,39.99389099991477,40.07015943693805,634200
2017-08-21,40.0519905090332,40.0519905090332,40.02656770214376,40.03020032337886,598000
2017-08-22,40.01931381225586,40.033841529433445,40.012048568227705,40.03020890741937,540000
2017-08-23,40.07740020751953,40.084665447613446,40.041082319681664,40.0519774089453,732200
2017-08-24,40.055625915527344,40.08468134567226,40.04836067255195,40.06288838762441,278200
2017-08-25,40.095577239990234,40.11373480603468,40.048361472342236,40.06288918770482,332000
2017-08-28,40.1064567565918,40.11371922601318,40.08466657745034,40.08466657745034,434600
2017-08-29,40.1391487121582,40.19362693996479,40.124623770895695,40.18999709008804,455400
2017-08-30,40.12461853027344,40.146408710198976,40.11735328971332,40.13914346963886,578200
2017-08-31,40.18636703491211,40.18636703491211,40.146416516695275,40.16820670085793,740800
2017-09-01,40.114662170410156,40.18381371880565,40.11102188451446,40.18381371880565,804800
2017-09-05,40.25296401977539,40.26388210115273,40.18381524547734,40.19109304082068,441400
2017-09-06,40.183807373046875,40.25295613379795,40.165608723166834,40.24203805455958,495200
2017-09-07,40.278446197509766,40.289364280440026,40.22385300613342,40.22385300613342,1060200
2017-09-08,40.278446197509766,40.278446197509766,40.23113357923696,40.260250318201024,856400
2017-09-11,40.183807373046875,40.212921325441165,40.16196843784601,40.20200324620279,1078200
2017-09-12,40.118309020996094,40.147422982752026,40.10738816152198,40.125586817253826,407200
2017-09-13,40.114662170410156,40.136498332335236,40.09282600848508,40.136498332335236,651800
2017-09-14,40.11103057861328,40.11831115198275,40.05643738524291,40.07463604194142,386400
2017-09-15,40.121944427490234,40.121944427490234,40.078272098783216,40.111026345313476,621200
2017-09-18,40.114662170410156,40.114662170410156,40.074627355731145,40.074627355731145,761400
2017-09-19,40.09284210205078,40.11103798538412,40.07464344199177,40.11103798538412,461600
2017-09-20,40.049163818359375,40.11467510197772,40.01276927784373,40.09647644335717,631000
2017-09-21,40.030948638916016,40.07826402111215,40.00911247896353,40.0673431644116,923600
2017-09-22,40.07463455200195,40.08555263492507,40.052798386155715,40.08191234837568,1026400
2017-09-25,40.136512756347656,40.1437933307555,40.08555984239495,40.08920012959888,1649800
2017-09-26,40.14014434814453,40.1510624306656,40.114667896687045,40.12922626562346,1430800
2017-09-27,40.0819091796875,40.08554946594911,40.049154933507545,40.06007301556753,1325600
2017-09-28,40.10009765625,40.11465602087646,40.04914476841947,40.04914476841947,2064600
2017-09-29,40.09284210205078,40.136514443431345,40.06372535664662,40.136514443431345,759600
2017-10-02,40.083709716796875,40.105592562010685,40.06182408892217,40.09465113940378,500400
2017-10-03,40.12019348144531,40.13843104609246,40.0837211348127,40.0837211348127,421400
2017-10-04,40.12384033203125,40.14937125216468,40.10925083728907,40.14572318281373,1291400
2017-10-05,40.09464645385742,40.12747071784222,40.08735310052543,40.11652929651396,838200
2017-10-06,40.076438903808594,40.09467647478481,40.02902511499813,40.03631847379103,527400
2017-10-09,40.12019348144531,40.12748683770716,40.08736920427446,40.10195591679816,488000
2017-10-10,40.09830856323242,40.1566637583045,40.09466049395869,40.12019141355176,572000
2017-10-11,40.12749099731445,40.14208049401218,40.08372528988325,40.14208049401218,2175200
2017-10-12,40.131141662597656,40.142083090163084,40.10561073739094,40.13843780274937,624200
2017-10-13,40.189491271972656,40.21137412254002,40.16760563874372,40.19313655862617,482600
2017-10-16,40.15666198730469,40.189489043997476,40.13113106883758,40.174899550207506,617400
2017-10-17,40.138427734375,40.14936915919587,40.11654210207181,40.12748352689268,1038600
2017-10-18,40.12384033203125,40.12384033203125,40.09101327319594,40.094661342546885,814800
2017-10-19,40.14204788208008,40.16757878489396,40.123813113018564,40.14934401583245,492800
2017-10-20,40.07276916503906,40.105593433573105,40.065473028035306,40.09100394222655,567200
2017-10-23,40.09830856323242,40.123839482825495,40.09466049395869,40.10560191911836,613200
2017-10-24,40.06547927856445,40.10195162129035,40.05453785401283,40.05453785401283,554800
2017-10-25,40.02900314331055,40.0435926355509,39.99253080404021,40.018061719795554,537200
2017-10-26,40.01441192626953,40.06182568701111,39.99982243465804,40.06182568701111,514400
2017-10-27,40.06910705566406,40.08734460912176,40.014397177950954,40.02898666418511,577800
2017-10-30,40.12384033203125,40.14207511346279,40.10195469858718,40.120192262680305,388000
2017-10-31,40.09098815917969,40.14204996746012,40.07275338917088,40.13840468305427,1305200
2017-11-01,40.09904098510742,40.131937464946155,40.08076764168255,40.08076764168255,481200
2017-11-02,40.110015869140625,40.15022113898484,40.09539551751119,40.12829200581416,1889000
2017-11-03,40.14289474487305,40.15020352320759,40.09172493089409,40.14289474487305,574600
2017-11-06,40.13925552368164,40.15753165987767,40.12829095738277,40.15022008998051,924800
2017-11-07,40.13193130493164,40.15020464555166,40.12096395430467,40.13558429992816,507000
2017-11-08,40.080780029296875,40.131949868375344,40.077124244063526,40.131949868375344,640200
2017-11-09,40.06979751586914,40.09538242573004,40.04786838985867,40.04786838985867,552600
2017-11-10,39.96746826171875,40.00767352888239,39.96015948066479,40.004017744082034,326600
2017-11-13,39.93457794189453,39.97843620902138,39.93457794189453,39.9747832124588,374400
2017-11-14,39.95650863647461,39.960164421727,39.92726793154967,39.92726793154967,582400
2017-11-15,39.99671173095703,40.00402051251678,39.93457732778483,39.97112681267748,1052200
2017-11-16,39.98209762573242,40.00037376530752,39.96747727178182,39.97113305740631,545000
2017-11-17,39.99671173095703,40.007676297570136,39.97478259773083,40.000367516010385,275200
2017-11-20,39.97111892700195,40.00035962456612,39.96015436255199,39.97111892700195,1793800
2017-11-21,39.99671173095703,40.007676297570136,39.97478259773083,39.99671173095703,343400
2017-11-22,40.077125549316406,40.0990546843365,40.033264490729046,40.04057606143386,261000
2017-11-24,40.06979751586914,40.09172943042565,40.06248873671433,40.084417862724806,152400
2017-11-27,40.08442306518555,40.08442306518555,40.033253238822546,40.06249393632895,1097600
2017-11-28,40.080780029296875,40.12463829790865,40.077124244063526,40.117329515989056,935600
2017-11-29,40.0551643371582,40.05882011983748,40.00765031650817,40.04419977766551,579000
2017-11-30,40.011329650878906,40.06249948432809,39.98208894932315,40.02960299794117,743800
2017-12-01,40.053443908691406,40.11937561630466,39.987512201078154,40.02047945215744,457600
2017-12-04,40.0278205871582,40.03880874390182,40.01683243041459,40.03148423758823,399000
2017-12-05,40.053443908691406,40.057107557599174,39.99850035325614,40.009491299979445,855600
2017-12-06,40.0754280090332,40.108392469681164,40.0754280090332,40.09007701740185,469600
2017-12-07,40.06809997558594,40.115716238275084,40.04978452364248,40.09373993157942,640400
2017-12-08,40.04978561401367,40.079089220102766,40.031472956117256,40.06443741705822,692400
2017-12-11,40.02048110961914,40.07542466732991,40.01315381150014,40.06077286563734,801800
2017-12-12,40.01316452026367,40.01316452026367,39.98386370358216,40.009503664769845,445200
2017-12-13,40.1120491027832,40.170653509643905,40.0204774464954,40.03146559812271,1633000
2017-12-14,40.08274841308594,40.104724717936584,40.057108459245065,40.08274841308594,1283400
2017-12-15,40.09008026123047,40.10473206533031,40.04978849859238,40.06077944757668,503600
2017-12-18,40.06809997558594,40.10106723017505,40.05344817294029,40.07908812893377,1404800
2017-12-19,39.99485778808594,40.02782225969419,39.96555417251422,40.02782225969419,571200
2017-12-20,39.95454406738281,39.98018401828682,39.93622861907492,39.94721677024163,447800
2017-12-21,39.966670989990234,39.974009152027385,39.94465090436559,39.95565954729961,606800
2017-12-22,39.97032928466797,39.98500840505169,39.95198248400528,39.97032928466797,484400
2017-12-26,39.999691009521484,40.007029170474546,39.9629946052438,39.97400324655149,292600
2017-12-27,40.06941223144531,40.084091351676676,40.01069575051986,40.01069575051986,412600
2017-12-28,40.06941223144531,40.084091351676676,40.05106263121713,40.08042087167986,575600
2017-12-29,40.076759338378906,40.11345574727143,40.06942117650301,40.06942117650301,410400
2018-01-02,40.01803207397461,40.06573710938245,39.981332877770264,40.051057990851824,1997200
2018-01-03,40.03639221191406,40.05474181613008,39.996025322444034,40.05107133533557,1905000
2018-01-04,39.999691009521484,40.03271693344455,39.97400324655149,39.999691009521484,2766200
2018-01-05,39.99235534667969,40.021710792081805,39.98134390492799,40.021710792081805,795200
2018-01-08,39.99601364135742,40.018033719936845,39.988675481668075,40.007022280769284,1333800
2018-01-09,39.951995849609375,39.992362744230014,39.94098440582085,39.992362744230014,452600
2018-01-10,39.966670989990234,39.966670989990234,39.89327537083574,39.91162497556351,477400
2018-01-11,39.98501205444336,39.99602069579691,39.948315650012795,39.962994771736255,789600
2018-01-12,39.9739990234375,39.99234862351586,39.92262350292515,39.937302623036665,771200
2018-01-16,39.940975189208984,39.99969167683779,39.9336370281335,39.996021196421935,1636000
2018-01-17,39.88227462768555,39.937320653015654,39.86759550094704,39.929979689767826,779600
2018-01-18,39.84555435180664,39.86757162885221,39.83454571328385,39.83454571328385,630600
2018-01-19,39.78684997558594,39.83822550414789,39.77951181425837,39.83822550414789,639600
2018-01-22,39.779510498046875,39.81987738340367,39.76850185654161,39.80152778105741,545600
2018-01-23,39.86391830444336,39.867588785449,39.816213250396764,39.827221893657004,819200
2018-01-24,39.84923553466797,39.86024697667754,39.8198800885784,39.830888730831546,4171600
2018-01-25,39.904273986816406,39.91528262698423,39.80886390552464,39.834551665834866,791000
2018-01-26,39.871246337890625,39.882254977581226,39.83454993900337,39.882254977581226,626400
2018-01-29,39.812530517578125,39.81987147733032,39.77583411808463,39.80519235758175,1035600
2018-01-30,39.77217102050781,39.812537907370086,39.768503339706754,39.808870226569034,1076400
2018-01-31,39.76483154296875,39.81253658961048,39.72446465744258,39.81253658961048,761800
2018-02-01,39.69236755371094,39.787986013146025,39.69236755371094,39.787986013146025,1982200
2018-02-02,39.633544921875,39.68503396939715,39.61515858170756,39.65193406783218,571600
2018-02-05,39.74387741088867,39.802720438094426,39.62619416226714,39.64825889457431,1126800
2018-02-06,39.6666374206543,39.747545158502895,39.6519266677919,39.74386676883999,821000
2018-02-07,39.615177154541016,39.71447129420866,39.60046639203635,39.699760531703994,570200
2018-02-08,39.59675979614258,39.64824602534096,39.55630592951684,39.59675979614258,643200
2018-02-09,39.55630111694336,39.58940100642329,39.51584725523939,39.54894714471933,1764600
2018-02-12,39.53792953491211,39.57102663095171,39.52689716956558,39.55999426560517,682800
2018-02-13,39.534236907958984,39.537915297013136,39.47539390624761,39.515847768476995,488000
2018-02-14,39.40919494628906,39.442292026385914,39.38712742043608,39.42758127774673,461400
2018-02-15,39.460693359375,39.479079696515164,39.42391507351612,39.434950242747355,539200
2018-02-16,39.50483703613281,39.515869403546766,39.47909391023683,39.482772301304905,349000
2018-02-20,39.460693359375,39.46804733307321,39.43127185300361,39.445982606189304,393200
2018-02-21,39.39080047607422,39.486418926389284,39.37608972942667,39.46435140352394,862400
2018-02-22,39.40919494628906,39.46068116363199,39.40551655768216,39.442292026385914,1185800
2018-02-23,39.48643112182617,39.49746348377219,39.44229886825322,39.46436359214525,369600
2018-02-26,39.50114059448242,39.54159165171223,39.482751454641665,39.537916068375125,779600
2018-02-27,39.43863296508789,39.519540719358865,39.390825112923125,39.50850835392006,2462200
2018-02-28,39.453338623046875,39.46069540291534,39.43127389502031,39.457017012981105,513000
2018-03-01,39.4791259765625,39.51229726533822,39.43858141556146,39.44963851182003,719200
2018-03-02,39.43121337890625,39.44964093644331,39.394352639672945,39.43858383950516,1080600
2018-03-05,39.43859100341797,39.475448937266826,39.40173306956911,39.468078475329094,289000
2018-03-06,39.434913635253906,39.47914485351677,39.42385653370838,39.45334401255029,450600
2018-03-07,39.42384338378906,39.46070131400701,39.40909964928591,39.44964421614961,297200
2018-03-08,39.457008361816406,39.475435916622615,39.43489135913813,39.44226463072394,381800
2018-03-09,39.41278076171875,39.41646739784776,39.3796066607165,39.41646739784776,437800
2018-03-12,39.401756286621094,39.42018385836372,39.387012541977946,39.39069918115917,499000
2018-03-13,39.405433654785156,39.43491832505277,39.39068991361081,39.431234498820004,355600
2018-03-14,39.43859100341797,39.464391838320175,39.39067597062246,39.39067597062246,638800
2018-03-15,39.41648864746094,39.445973316150074,39.394371630842905,39.423859111612984,281200
2018-03-16,39.42384338378906,39.43121665708055,39.38329881692537,39.39804255142851,544000
2018-03-19,39.390682220458984,39.43122679774967,39.37593848216414,39.379622307677444,408200
2018-03-20,39.335391998291016,39.35381956120598,39.3206482607108,39.33907863570617,362200
2018-03-21,39.32801818847656,39.342761925856216,39.246931851009,39.302217351082255,330000
2018-03-22,39.36119079589844,39.40910583149035,39.33907659671452,39.379618357858284,612400
2018-03-23,39.35383605957031,39.372266442292286,39.32066474516867,39.324351384129386,364600
2018-03-26,39.34274673461914,39.39803502542455,39.335376274815424,39.3722341979926,864000
2018-03-27,39.4422721862793,39.44595601069871,39.368553516695435,39.372240153194554,715000
2018-03-28,39.46071243286133,39.49757318554537,39.42754112994243,39.48282944688788,366400
2018-03-29,39.52706527709961,39.53075191547678,39.47915022652097,39.49020732957134,697400
2018-04-02,39.519283294677734,39.55622354429281,39.47864817459303,39.48234022670226,510000
2018-04-03,39.46757125854492,39.50820638655264,39.46757125854492,39.48973766732427,557000
2018-04-04,39.45650100708008,39.508217945427766,39.44172433635763,39.50083101924742,1698600
2018-04-05,39.445411682128906,39.471270146368745,39.43432988579201,39.45280142526099,2200800
2018-04-06,39.52299118041992,39.54515759375755,39.4860509160059,39.51190938293187,759400
2018-04-09,39.541465759277344,39.54516063151103,39.49713574755829,39.504525492025664,414600
2018-04-10,39.53777313232422,39.55993673026151,39.508219789499904,39.54516287721125,875400
2018-04-11,39.541465759277344,39.57101910042338,39.519302162598684,39.563629355956,555800
2018-04-12,39.497135162353516,39.53038337524062,39.482358491999435,39.53038337524062,700800
2018-04-13,39.4897575378418,39.50822626636328,39.47498086400719,39.482367791743314,305200
2018-04-16,39.48234939575195,39.49712606270167,39.45279888021356,39.46388067583559,546800
2018-04-17,39.50081253051758,39.51189432378204,39.47495407344703,39.48234099616985,262400
2018-04-18,39.44173812866211,39.47129148044146,39.43435119989864,39.460209678114886,282200
2018-04-19,39.378929138183594,39.412177354887255,39.36046041189224,39.40109555544004,496000
2018-04-20,39.33089065551758,39.356749116224684,39.312419118572144,39.35305424516343,494400
2018-04-23,39.290252685546875,39.30872422115555,39.26069935591725,39.30133447956783,746400
2018-04-24,39.2496337890625,39.28657405719161,39.24224686278139,39.282879184870154,608000
2018-04-25,39.208984375,39.223761040544716,39.19790258043166,39.212679245976375,349400
2018-04-26,39.264408111572266,39.2828768353513,39.24224451569277,39.25332631363252,481200
2018-04-27,39.2791748046875,39.30133839493743,39.27178506236358,39.27178506236358,547600
2018-04-30,39.2939567565918,39.31242547816409,39.28287214161487,39.28287214161487,259800
2018-05-01,39.249900817871094,39.29062822999449,39.24619755547036,39.27581800515311,686600
2018-05-02,39.28692626953125,39.30543975738688,39.24990211858164,39.27951974448433,307600
2018-05-03,39.31283187866211,39.3424523206022,39.30542818055749,39.31653514009482,274200
2018-05-04,39.309146881103516,39.32766037210804,39.275825987009924,39.32395710895471,281600
2018-05-07,39.2943115234375,39.31652826338713,39.2943115234375,39.30171804500748,641400
2018-05-08,39.28692626953125,39.28692626953125,39.24619885605818,39.27581930672253,453600
2018-05-09,39.249900817871094,39.26471104271247,39.23138733062898,39.24619755547036,545800
2018-05-10,39.29063034057617,39.32024796708834,39.279520552777186,39.32024796708834,508200
2018-05-11,39.3054313659668,39.320238763376054,39.28691788206366,39.30913180293859,261200
2018-05-14,39.29063034057617,39.31284426665073,39.28692707797651,39.29063034057617,312000
2018-05-15,39.18695831298828,39.223985289038055,39.14993416170018,39.22028202648074,483800
2018-05-16,39.14993667602539,39.194367355281585,39.13882971240181,39.17215342803442,547000
2018-05-17,39.15734100341797,39.17215122900529,39.14253077783064,39.15734100341797,275400
2018-05-18,39.23139572143555,39.23509898462833,39.18696503740859,39.19807482698695,263200
2018-05-21,39.23880386352539,39.23880386352539,39.19807644101422,39.20177687959722,349400
2018-05-22,39.24250030517578,39.24990683111196,39.22028637689123,39.24990683111196,420200
2018-05-23,39.32025146484375,39.323954727772836,39.27212034581345,39.27212034581345,846600
2018-05-24,39.36838912963867,39.39060305978889,39.34617237472624,39.357282164563564,280600
2018-05-25,39.438716888427734,39.438716888427734,39.41279970636379,39.41279970636379,272600
2018-05-29,39.61643981933594,39.653463964495224,39.457233452865914,39.479447375009244,591600
2018-05-30,39.49054718017578,39.560892190771376,39.47943739715075,39.549785232506835,1915800
2018-05-31,39.47943115234375,39.52015854271186,39.449813543243344,39.50164789011911,510800
2018-06-01,39.47722244262695,39.47722244262695,39.38071847394862,39.40299036319581,443000
2018-06-04,39.37329864501953,39.41783676251025,39.358451661931795,39.41783676251025,344600
2018-06-05,39.42898178100586,39.436403858104896,39.388153277528566,39.425269326569826,559600
2018-06-06,39.354732513427734,39.36957949398979,39.325038552303624,39.36586704090628,399000
2018-06-07,39.4104118347168,39.47350938444393,39.33246730297641,39.35102390666378,433400
2018-06-08,39.369590759277344,39.402997183043944,39.369590759277344,39.39557227475234,949400
2018-06-11,39.365875244140625,39.36958769799775,39.33247165474421,39.33618410860134,376600
2018-06-12,39.369590759277344,39.37330321342315,39.33989678965655,39.33989678965655,519400
2018-06-13,39.32503128051758,39.38441919178408,39.27306827404512,39.3510127837538,385000
2018-06-14,39.39556121826172,39.40298612446949,39.362157635642745,39.373292163182406,401400
2018-06-15,39.40298843383789,39.45866107479909,39.399275980516414,39.417832583579425,306200
2018-06-18,39.391845703125,39.41411758824507,39.38071117645086,39.41411758824507,711200
2018-06-19,39.425254821777344,39.44381142358437,39.402985766900116,39.41782991563694,314200
2018-06-20,39.34360885620117,39.432687932413174,39.34360885620117,39.432687932413174,572600
2018-06-21,39.35844039916992,39.3807094515428,39.35101549386452,39.35472794651722,332200
2018-06-22,39.36216354370117,39.388145055784065,39.34731656082917,39.351026182717845,571200
2018-06-25,39.354732513427734,39.414120435675954,39.33988553286568,39.391848548946875,2521800
2018-06-26,39.38815689086914,39.39929142342566,39.358462916202896,39.36588499398281,1923800
2018-06-27,39.454959869384766,39.48465100697343,39.42155344590995,39.44011288470404,651800
2018-06-28,39.44380187988281,39.451226784226705,39.410398305649196,39.440092259482164,607200
2018-06-29,39.43266296386719,39.47720388965651,39.43266296386719,39.43637541562571,344800
2018-07-02,39.43975830078125,39.47324952436256,39.406269916160994,39.462086729489144,538200
2018-07-03,39.506752014160156,39.51419577270747,39.43977238204472,39.43977238204472,325200
2018-07-05,39.53649139404297,39.551376060890036,39.506722060348835,39.53276951759122,547200
2018-07-06,39.56999206542969,39.59232049212096,39.54394460009053,39.58115769825572,382200
2018-07-09,39.54764938354492,39.562534048585064,39.53276471850479,39.54764938354492,771600
2018-07-10,39.525333404541016,39.566265533602234,39.465794729920965,39.53277431938839,9610400
2018-07-11,39.5662727355957,39.5662727355957,39.5178968439213,39.55138806423133,2671400
2018-07-12,39.607200622558594,39.614641537962044,39.551383820671106,39.551383820671106,624400
2018-07-13,39.66301345825195,39.674179089480496,39.63696599663946,39.64068787371565,628600
2018-07-16,39.610904693603516,39.62578935774663,39.56997257694979,39.622070320930405,561600
2018-07-17,39.596038818359375,39.63696811254069,39.596038818359375,39.625805319676644,618800
2018-07-18,39.596038818359375,39.640689989815556,39.596038818359375,39.625805319676644,473400
2018-07-19,39.6592903137207,39.68533777263618,39.610914433620465,39.614636310311276,755000
2018-07-20,39.633262634277344,39.666751024327134,39.62209983759408,39.666751024327134,694400
2018-07-23,39.5662727355957,39.62208954347191,39.54766618665004,39.62208954347191,776800
2018-07-24,39.60348129272461,39.61464408602802,39.57371195127509,39.592318499421204,865000
2018-07-25,39.629512786865234,39.64811932751329,39.60718720925517,39.63323466278675,507000
2018-07-26,39.6443977355957,39.69649264303205,39.6332349467107,39.66300143741752,375000
2018-07-27,39.68163299560547,39.707680465745355,39.67047019968285,39.70023954811738,301800
2018-07-30,39.636962890625,39.6667322269809,39.636962890625,39.65556943558748,939800
2018-07-31,39.700252532958984,39.73374093167996,39.68164597436139,39.68908973338533,453800
2018-08-01,39.63009262084961,39.67859844174989,39.62263128176988,39.64875023867815,439000
2018-08-02,39.65993881225586,39.671132242880645,39.61143299729764,39.64874538163107,343000
2018-08-03,39.749473571777344,39.76813118002977,39.663655406019394,39.70096777577291,801000
2018-08-06,39.7644157409668,39.83531126591296,39.76068364840317,39.779341264468755,4566600
2018-08-07,39.749473571777344,39.77559251527994,39.727086719275505,39.77559251527994,614600
2018-08-08,39.67113494873047,39.74575972248728,39.656209424628585,39.708447335608874,372000
2018-08-09,39.70844268798828,39.75321925505314,39.678591643278374,39.730832394896865,940800
2018-08-10,39.76065444946289,39.77557996200403,39.70095524604876,39.70841657894411,2115700
2018-08-13,39.768131256103516,39.79798229066397,39.7158933689984,39.75320573882329,1085500
2018-08-14,39.77560806274414,39.82038463200139,39.76814672457749,39.79053358582989,2655100
2018-08-15,39.87261962890625,39.895006488524515,39.82038172529547,39.82038172529547,343900
2018-08-16,39.86513900756836,39.91737973639178,39.812901125496005,39.88006452341061,1043000
2018-08-17,39.87261962890625,39.924857532517024,39.85769410690999,39.887545150902504,346400
2018-08-20,39.9696159362793,40.006928300939045,39.947226240082685,39.947226240082685,1140300
2018-08-21,39.9547119140625,39.969637437305536,39.90993534433339,39.9547119140625,472500
2018-08-22,39.96217346191406,40.036801078520675,39.939786600308324,39.99202450855671,523100
2018-08-23,39.96217346191406,39.984563170272295,39.94724793859274,39.96217346191406,386100
2018-08-24,39.984554290771484,39.984554290771484,39.88753983410346,39.93231354737188,276700
2018-08-27,39.9547119140625,39.969637437305536,39.939786390819464,39.96217325230778,316800
2018-08-28,39.85770797729492,39.95472248065528,39.85770797729492,39.95472248065528,392900
2018-08-29,39.83528518676758,39.90990990866993,39.83528518676758,39.90990990866993,351100
2018-08-30,39.87261962890625,39.90993201052077,39.842768584913735,39.90993201052077,506500
2018-08-31,39.88007354736328,39.94723696047544,39.88007354736328,39.91738876878804,1423400
2018-09-04,39.79848861694336,39.84340048555648,39.77603411031398,39.82842986268544,304100
2018-09-05,39.80597686767578,39.82843137515787,39.77603562079669,39.82094749111533,431300
2018-09-06,39.888301849365234,39.93321085079697,39.83590611079248,39.83590611079248,409000
2018-09-07,39.75358200073242,39.79100713248949,39.73861137695869,39.77603650871576,287900
2018-09-10,39.80597686767578,39.813460751718324,39.76855173675415,39.76855173675415,380500
2018-09-11,39.708683013916016,39.76856552844137,39.70119912727807,39.71616975590941,307000
2018-09-12,39.761070251464844,39.79849538733191,39.761070251464844,39.77604087688264,346400
2018-09-13,39.79848861694336,39.83591660179814,39.78352084942667,39.82842986268544,305100
2018-09-14,39.76854705810547,39.805972184624146,39.761060319589255,39.761060319589255,371900
2018-09-17,39.783531188964844,39.80598570143004,39.74610319438272,39.76107382114455,350400
2018-09-18,39.656272888183594,39.746093772106384,39.59639325068654,39.746093772106384,588100
2018-09-19,39.60388946533203,39.678739749346676,39.581434951198695,39.678739749346676,350000
2018-09-20,39.64878463745117,39.67872302522516,39.60387277275903,39.611356655864,802900
2018-09-21,39.64878463745117,39.67123914212019,39.626327277428054,39.626327277428054,739700
2018-09-24,39.60388946533203,39.65628523521334,39.58891883745804,39.60388946533203,357000
2018-09-25,39.58890151977539,39.603872141100666,39.551476394139236,39.58141763678978,440600
2018-09-26,39.708683013916016,39.71616975590941,39.61137535549004,39.61137535549004,340000
2018-09-27,39.738609313964844,39.753579936961394,39.69369744497521,39.69369744497521,211400
2018-09-28,39.746089935302734,39.78351791739909,39.73860605209595,39.77603117883816,385000
2018-10-01,39.69879150390625,39.76638320371048,39.69879150390625,39.743850727172514,270400
2018-10-02,39.77387237548828,39.80391375268977,39.73632208643813,39.76636346363962,356000
2018-10-03,39.61616516113281,39.73632782238085,39.55608239805687,39.71379821867929,805100
2018-10-04,39.47347640991211,39.52604739983124,39.45094393930099,39.503514929220124,644100
2018-10-05,39.36832809448242,39.45845223917343,39.33828957782258,39.450940461330596,422200
2018-10-08,39.398372650146484,39.42841403413041,39.36833126616255,39.398372650146484,580200
2018-10-09,39.37584686279297,39.4284178574105,39.37584686279297,39.39086755624145,1123200
2018-10-10,39.37584686279297,39.38335577706504,39.315764088999025,39.33078478244751,625600
2018-10-11,39.46595764160156,39.51101970993878,39.41338666099327,39.44342803988474,529900
2018-10-12,39.450950622558594,39.52605409581188,39.450950622558594,39.47348309698687,470100
2018-10-15,39.50351333618164,39.50351333618164,39.43592165688219,39.46596303988283,502900
2018-10-16,39.49602127075195,39.49602127075195,39.428429562619826,39.45847095843526,375200
2018-10-17,39.38334655761719,39.50350921217125,39.38334655761719,39.47347069721049,276200
2018-10-18,39.42843246459961,39.45096208066679,39.338311135425464,39.34582005247939,1381000
2018-10-19,39.34580993652344,39.42091341228034,39.33078924137206,39.41340163225232,311900
2018-10-22,39.36081314086914,39.41338411808562,39.33828354060591,39.405875206299,384300
2018-10-23,39.398372650146484,39.47347611010631,39.36833126616255,39.42841403413041,416600
2018-10-24,39.49602127075195,39.50353018725322,39.45095917702881,39.50353018725322,238900
2018-10-25,39.42843246459961,39.48100347869331,39.40590284853242,39.46598277968005,1025000
2018-10-26,39.51103591918945,39.56360692136481,39.49601522358153,39.51854483454104,263300
2018-10-29,39.49602127075195,39.51104196865967,39.428429562619826,39.48851235425069,221200
2018-10-30,39.40586471557617,39.45843567879708,39.38333225640819,39.42088540005395,281700
2018-10-31,39.330787658691406,39.38335865715344,39.32327874387021,39.330787658691406,425300
2018-11-01,39.401611328125,39.401611328125,39.303636933088725,39.33378135271298,490600
2018-11-02,39.288578033447266,39.37148168729291,39.28103976945839,39.37148168729291,310400
2018-11-05,39.326255798339844,39.35640310050535,39.3036467592182,39.341329449422595,909800
2018-11-06,39.311180114746094,39.34886280300217,39.2961064644427,39.33378915269878,631500
2018-11-07,39.37902069091797,39.454386087692605,39.3564116468867,39.409167999630064,635100
2018-11-08,39.29610061645508,39.38653962981163,39.2885652299272,39.37146885675587,819300
2018-11-09,39.356422424316406,39.386566866277704,39.33381049908745,39.33381049908745,556300
2018-11-12,39.356422424316406,39.40917879150666,39.33381049908745,39.39410513302282,237900
2018-11-13,39.34132385253906,39.3865419243494,39.31117655466246,39.37900653738254,300000
2018-11-14,39.2810173034668,39.371459169574905,39.27348191879297,39.2810173034668,406900
2018-11-15,39.25088882446289,39.30364516360828,39.19059422257967,39.29610690087045,1102600
2018-11-16,39.333805084228516,39.333805084228516,39.25090428648943,39.288586990008284,451400
2018-11-19,39.31871795654297,39.33379160778721,39.27349987781524,39.30364718030373,382000
2018-11-20,39.2056770324707,39.273507037933676,39.19813876797174,39.25089799444786,705900
2018-11-21,39.243350982666016,39.30364558519599,39.23581559485222,39.25842463329851,1438400
2018-11-23,39.27351760864258,39.34134763236242,39.26597934211465,39.33380936583449,98600
2018-11-26,39.27351760864258,39.30366492474169,39.258443950593026,39.258443950593026,320600
2018-11-27,39.258419036865234,39.28856633383261,39.24334538838155,39.25088365012563,1234800
2018-11-28,39.356422424316406,39.363957816055134,39.17554139751667,39.235836031452045,1375800
2018-11-29,39.303646087646484,39.371476078857384,39.26596052308104,39.341328777206996,513400
2018-11-30,39.303646087646484,39.31871686346675,39.22827783352053,39.303646087646484,389400
2018-12-03,39.38608169555664,39.40120437969181,39.333140761454274,39.340704988429174,1976400
2018-12-04,39.33314514160156,39.42389856596281,39.325583798691945,39.38608608159944,353700
2018-12-06,39.439022064208984,39.499521459029665,39.340707302104455,39.401206696925136,602800
2018-12-07,39.461708068847656,39.49195920801582,39.393644448173,39.47683363843174,862900
2018-12-10,39.469276428222656,39.49952757276901,39.401212795447314,39.484402000495834,509200
2018-12-11,39.48440170288086,39.522214190824826,39.454150558562525,39.47684035925523,591000
2018-12-12,39.4919548034668,39.55245419014819,39.44657809977543,39.4919548034668,1123700
2018-12-13,39.529781341552734,39.612970552123876,39.514655768275425,39.55246825901464,2184300
2018-12-14,39.56758117675781,39.59783231363672,39.52976869811277,39.57514540343114,1273300
2018-12-17,39.612972259521484,39.62053360403199,39.56759553773373,39.57515976715248,751400
2018-12-18,39.71695327758789,39.7321359467615,39.633450045032035,39.648632714205654,565000
2018-12-19,39.68659973144531,39.80046833618253,39.67141705776042,39.75492031512786,986300
2018-12-20,39.610687255859375,39.74732841631506,39.5575493485487,39.74732841631506,849700
2018-12-21,39.6182861328125,39.656244271616536,39.54996553708443,39.63346880917423,679300
2018-12-24,39.56513595581055,39.671411761618025,39.549953284152544,39.64104931410055,361500
2018-12-26,39.50440216064453,39.6334505064255,39.44367148324307,39.61826783707513,603100
2018-12-27,39.549957275390625,39.610687968151346,39.549957275390625,39.5651399485808,469000
2018-12-28,39.72455596923828,39.73973574640039,39.603094585551204,39.610687369931036,454400
2018-12-31,39.792877197265625,39.84601800526009,39.7017840471876,39.72455950655638,796700
2019-01-02,39.91434097290039,39.91434097290039,39.77769979173236,39.78528968144205,751100
2019-01-03,39.98263931274414,40.02818731635084,39.86118086559074,39.86118086559074,524700
2019-01-04,39.88398742675781,39.921942678138116,39.85362206733354,39.88398742675781,719100
2019-01-07,39.853599548339844,39.959875350474334,39.853599548339844,39.93710279167364,458800
2019-01-08,39.95988845825195,39.982661024522585,39.8536126212565,39.861202511413595,1432600
2019-01-09,40.058555603027344,40.08892094100202,39.99023504048331,39.99023504048331,869600
2019-01-10,40.035789489746094,40.09651727966937,39.982648691840325,40.08892739185339,808200
2019-01-11,40.119293212890625,40.16484123101246,40.096520651729065,40.13447588559791,386000
2019-01-14,40.088924407958984,40.13446952306181,40.081331624909666,40.1116969655104,461900
2019-01-15,40.10410690307617,40.17242457543199,40.08133144982598,40.157244800996196,730500
2019-01-16,40.157249450683594,40.202794570861,40.104111546610895,40.157249450683594,801000
2019-01-17,40.19521713256836,40.217989699710486,40.17244166962674,40.18003445587378,667300
2019-01-18,40.255924224853516,40.28628956261442,40.202786331670936,40.23315166943184,894600
2019-01-22,40.33943557739258,40.362208137399094,40.27870778544236,40.28629767351167,829700
2019-01-23,40.422943115234375,40.422943115234375,40.309074511519796,40.309074511519796,812700
2019-01-24,40.514034271240234,40.567172178151274,40.514034271240234,40.551989505348295,532000
2019-01-25,40.49883270263672,40.544380699794026,40.49124281767587,40.52919803407492,1127800
2019-01-28,40.536808013916016,40.55198779027825,40.483670109252344,40.51403255777543,547400
2019-01-29,40.605133056640625,40.62031283467239,40.56717492416441,40.58995038280993,500700
2019-01-30,40.74179458618164,40.77215995117652,40.58238076365944,40.62792881115175,460800
2019-01-31,40.94672775268555,40.97709309639442,40.87840717723985,40.885999961066354,760300
2019-02-01,40.868289947509766,40.93683546263726,40.83020975140177,40.92922058554875,1187700
2019-02-04,40.82258987426758,40.868287850451935,40.76927702138545,40.79212746214392,926000
2019-02-05,40.90636444091797,40.9672950704627,40.89113178353178,40.89113178353178,483900
2019-02-06,40.91399002075195,40.967302879099215,40.891139577651074,40.95207021880958,369500
2019-02-07,40.95967483520508,40.96729261610795,40.89112933373999,40.944442178731485,423800
2019-02-08,40.99013900756836,41.02821919502665,40.959673695468894,40.98252413220953,351500
2019-02-11,40.96730041503906,40.98253307441249,40.944449973312565,40.96730041503906,262100
2019-02-12,40.982521057128906,40.99013593191636,40.93682309240861,40.944437967196066,411900
2019-02-13,40.92158508300781,40.944432609712486,40.89111977718059,40.9063524300942,270400
2019-02-14,40.982521057128906,41.04344877142411,40.95205574731538,41.04344877142411,462200
2019-02-15,41.01298522949219,41.02821788505557,40.982522823697416,40.982522823697416,262500
2019-02-19,41.05107116699219,41.073918699255195,41.005373197133984,41.073918699255195,334900
2019-02-20,41.02821350097656,41.03583128061024,40.982518444501174,41.03583128061024,293300
2019-02-21,40.95967483520508,40.95967483520508,40.906361990213576,40.952059959634354,507400
2019-02-22,41.1043701171875,41.12721764172692,41.02059198676803,41.02059198676803,434000
2019-02-25,41.09675598144531,41.12722128708567,41.08152332862514,41.08152332862514,330800
2019-02-26,41.15010070800781,41.20341358153411,41.112020499108134,41.1881838222412,1937700
2019-02-27,41.134857177734375,41.165322498940284,41.08916210125846,41.134857177734375,1103600
2019-02-28,41.089141845703125,41.15006955274669,41.08152406649048,41.134836899652925,945400
2019-03-01,41.04331588745117,41.11207807301791,41.01275426841786,41.089155401484724,1477900
2019-03-04,41.119712829589844,41.13499363754907,41.081512266949815,41.11207388286828,478200
2019-03-05,41.1502799987793,41.1502799987793,41.07387594867233,41.09679862096267,1134200
2019-03-06,41.20374298095703,41.21902378415623,41.11970002061907,41.15026162701746,555900
2019-03-07,41.2801399230957,41.31834338450195,41.257220177863886,41.2801399230957,593800
2019-03-08,41.27250671386719,41.303068321432406,41.21902535788571,41.264864854718226,537700
2019-03-11,41.34892654418945,41.34892654418945,41.29544516398756,41.30308702659733,587000
2019-03-12,41.417686462402344,41.45588702980516,41.35656613746113,41.379485894999526,705200
2019-03-13,41.43295669555664,41.43295669555664,41.3871142776657,41.39475613790539,502300
2019-03-14,41.4100456237793,41.44060724211258,41.348922387112744,41.44060724211258,1007600
2019-03-15,41.52463912963867,41.547561796125095,41.49408043184972,41.50171937766802,349300
2019-03-18,41.53226852416992,41.53990746769541,41.501706921038185,41.53226852416992,419800
2019-03-19,41.53992462158203,41.55520542945809,41.47880430459386,41.47880430459386,758600
2019-03-20,41.738555908203125,41.776756455715784,41.52462759600532,41.52462759600532,353700
2019-03-21,41.776771545410156,41.79969129929333,41.73857098409952,41.7614907379827,633800
2019-03-22,41.94486999511719,42.01363219174591,41.88374674721749,41.89902755919241,641900
2019-03-25,42.021236419677734,42.11291830125661,41.937193480516065,41.97539402163106,774100
2019-03-26,42.0441780090332,42.0823814845145,41.998338501681225,42.01361930897055,754600
2019-03-27,42.12821960449219,42.18170097098556,42.097657990920005,42.12821960449219,402900
2019-03-28,42.15114212036133,42.15114212036133,42.06710204930295,42.11294155815005,360200
2019-03-29,42.12821960449219,42.143500411278275,42.028895817640546,42.03653767829153,688600
2019-04-01,41.90058517456055,42.06153715294514,41.892922186870116,42.06153715294514,1177500
2019-04-02,41.95423889160156,42.00022266633617,41.90825219317832,41.931244080545625,778300
2019-04-03,41.93891143798828,41.969566314305325,41.900587726136706,41.931245526142476,736900
2019-04-04,41.98490524291992,41.992571156596824,41.94658444560368,41.96957633925554,555100
2019-04-05,42.03087615966797,42.03087615966797,41.95423459383564,41.96189758094354,573400
2019-04-08,41.98490524291992,42.03089195391307,41.98490524291992,42.03089195391307,386100
2019-04-09,42.05388259887695,42.11519821171386,42.03855369566773,42.05388259887695,866500
2019-04-10,42.21482849121094,42.22249147985823,42.09986319567916,42.11519209666266,426200
2019-04-11,42.22248840332031,42.22248840332031,42.16117280385408,42.19183060358719,279900
2019-04-12,42.16883850097656,42.18416740076509,42.12285180161098,42.16117258923796,2681100
2019-04-15,42.16117858886719,42.16117858886719,42.12285779578708,42.16117858886719,428100
2019-04-16,42.069210052490234,42.107530847348194,42.038552247128166,42.107530847348194,436800
2019-04-17,42.04623031616211,42.08455112209887,42.038564400760706,42.05389330787343,482500
2019-04-18,42.09218978881836,42.145842394552204,42.07686381425257,42.130513496298015,1061600
2019-04-22,42.03087615966797,42.07686285338036,42.00021836385971,42.069196942584135,556200
2019-04-23,42.16883850097656,42.16883850097656,42.09985991377253,42.10752290182245,1445100
2019-04-24,42.25314712524414,42.29913090215873,42.2454812132992,42.26081011350032,749000
2019-04-25,42.237815856933594,42.268473655616965,42.21482396976537,42.268473655616965,479100
2019-04-26,42.352787017822266,42.36045293093047,42.322132136457085,42.33746103898428,528900
2019-04-29,42.27614974975586,42.32213646203756,42.253157855459754,42.306807557943664,509400
2019-04-30,42.322120666503906,42.337449564876735,42.268470984043226,42.276133971385434,919200
2019-05-01,42.27599334716797,42.47587854403852,42.25292752746659,42.36055824368282,517600
2019-05-02,42.17607116699219,42.252949451975766,42.12994243637089,42.252949451975766,850600
2019-05-03,42.28368377685547,42.28368377685547,42.229868413938675,42.252931302983775,955900
2019-05-06,42.32980728149414,42.37593305391131,42.299054811404716,42.31443104644943,477900
2019-05-07,42.391319274902344,42.422071752236,42.352880144594096,42.40669551356917,1318100
2019-05-08,42.30675506591797,42.41438581312167,42.29906841228252,42.40669915948622,963500
2019-05-09,42.360557556152344,42.40668626208935,42.28367931230768,42.40668626208935,389900
2019-05-10,42.360557556152344,42.37593379146468,42.32211843423001,42.34518425355702,439100
2019-05-13,42.42975616455078,42.4681982255466,42.391317036272454,42.39900662155862,917000
2019-05-14,42.42975616455078,42.43744574983695,42.39900662155862,42.422069511982116,534800
2019-05-15,42.51433563232422,42.537401461772774,42.43745735474451,42.52971187438382,695300
2019-05-16,42.48357391357422,42.49126349929169,42.43744813014005,42.4682006075746,339600
2019-05-17,42.46821212768555,42.52202751143538,42.422083399020636,42.50665126854708,464900
2019-05-20,42.39902114868164,42.475899431578995,42.375955317637626,42.44514694533265,357500
2019-05-21,42.35287857055664,42.3913176994363,42.34519191786772,42.3913176994363,325000
2019-05-22,42.47589111328125,42.47589111328125,42.39901284543941,42.41438615283343,401600
2019-05-23,42.575836181640625,42.621961970313755,42.4758920849855,42.49126832544921,368500
2019-05-24,42.606597900390625,42.606597900390625,42.53740919761723,42.57584834339762,503400
2019-05-28,42.6834716796875,42.69115833441531,42.62196671099169,42.63734295316565,487900
2019-05-29,42.6680908203125,42.729595782352725,42.66040416641647,42.70652995522864,1434500
2019-05-30,42.78341293334961,42.81416248292787,42.683468832245424,42.72190796875684,1060100
2019-05-31,42.88334655761719,42.914099034503536,42.79109205967575,42.8218445365621,1080000
2019-06-03,43.05763244628906,43.07305440722538,42.9188112618669,42.94965812573894,828800
2019-06-04,43.034507751464844,43.06535756746599,42.94967222846189,43.0036579354637,574000
2019-06-05,43.07307052612305,43.19646685378712,43.05764855941549,43.11163426889349,567200
2019-06-06,43.10391616821289,43.15019088985464,43.057644388571376,43.08849126099898,495200
2019-06-07,43.219581604003906,43.31983904173777,43.204156703891265,43.23500650411655,1250400
2019-06-10,43.15019607543945,43.20418178617579,43.13477116637184,43.1964678606417,1228100
2019-06-11,43.11933517456055,43.15789596631819,43.10391026945752,43.11933517456055,670700
2019-06-12,43.181034088134766,43.20416997441067,43.14247035500855,43.14247035500855,328600
2019-06-13,43.29671096801758,43.319846851358,43.22730037599691,43.22730037599691,317800
2019-06-14,43.30443572998047,43.31214671235761,43.227311196208376,43.23502512058566,457000
2019-06-17,43.28900909423828,43.31214498244577,43.25044829989245,43.28900909423828,271700
2019-06-18,43.48952865600586,43.528089451828855,43.396982157630646,43.497242580370546,1358200
2019-06-19,43.697750091552734,43.72088597514428,43.3892579143348,43.396971836864935,515900
2019-06-20,43.79802322387695,43.89828070992118,43.79802322387695,43.79802322387695,1156800
2019-06-21,43.744049072265625,43.798034791933006,43.67463844097884,43.72862416064622,945000
2019-06-24,43.83659362792969,43.87515443424295,43.790318895153206,43.8057438060787,459200
2019-06-25,43.79029846191406,43.87513396141823,43.736312769865876,43.83657317309804,387500
2019-06-26,43.697750091552734,43.80572147097918,43.67461420796119,43.79801049044848,847500
2019-06-27,43.84429931640625,43.867438151,43.73632789497069,43.774888696626164,823400
2019-06-28,43.92141342163086,43.92912440332882,43.84428889465177,43.867427723745436,978500
2019-07-01,43.96783447265625,44.052923997899825,43.898216038439585,44.01424774573699,628200
2019-07-02,44.06064987182617,44.09159204812412,43.97556036241098,43.98329738188964,783500
2019-07-03,44.145748138427734,44.16895329985022,44.09933486477381,44.10707188578726,413700
2019-07-05,43.90594482421875,43.92915293337034,43.7667109233519,43.92915293337034,470400
2019-07-08,43.859535217285156,43.94462473366468,43.82859303845468,43.92141662413753,350900
2019-07-09,43.79764175415039,43.83631799424346,43.782170667951576,43.828583926548035,1823600
2019-07-10,43.85178756713867,43.92140597722688,43.83631648147375,43.86725865280359,626800
2019-07-11,43.735782623291016,43.85954842507497,43.69710636351031,43.83634030855897,336300
2019-07-12,43.76671600341797,43.79765523453035,43.712565709651315,43.728036800611946,387700
2019-07-15,43.79764175415039,43.828583926548035,43.774436600256145,43.79764175415039,289000
2019-07-16,43.76671600341797,43.76671600341797,43.69709756949956,43.728036800611946,391000
2019-07-17,43.92914581298828,43.936879880912855,43.79764305180607,43.8053800705387,498100
2019-07-18,44.01423645019531,44.03744160537601,43.86726259856254,43.90593884079975,443200
2019-07-19,43.92914581298828,43.99876422754167,43.89820363967387,43.96782205422726,1279800
2019-07-22,44.01423645019531,44.03744160537601,43.991028344206484,44.01423645019531,651900
2019-07-23,44.02968978881836,44.0374268051504,43.97554247772263,43.998750575911615,320300
2019-07-24,44.091590881347656,44.122533056826796,44.052914637402864,44.052914637402864,546000
2019-07-25,44.02968978881836,44.07610303438919,43.94460326481588,44.07610303438919,655600
2019-07-26,44.02968978881836,44.06063195253225,44.006484641436515,44.05289788700735,1571800
2019-07-29,44.07613754272461,44.11481380224403,44.05293237717485,44.09160863669427,1126200
2019-07-30,44.091590881347656,44.091590881347656,43.9987673057185,44.068385725142434,1246600
2019-07-31,44.091590881347656,44.16120930077159,43.87500155461021,44.083856812882004,2084600
2019-08-01,44.39262390136719,44.44693131239915,44.152117538559985,44.16763436450225,594800
2019-08-02,44.470191955566406,44.470191955566406,44.361577165537184,44.40036773918604,496200
2019-08-05,44.56328582763672,44.602079357250446,44.516738327349515,44.54776900769739,536200
2019-08-06,44.65639877319336,44.65639877319336,44.524507247956194,44.56329782848539,1216400
2019-08-07,44.6408805847168,44.842593373022616,44.617603869485414,44.842593373022616,1195900
2019-08-08,44.69518280029297,44.71845655329165,44.5400175413957,44.57880811623723,1601200
2019-08-09,44.625362396240234,44.70294355255475,44.58657181808297,44.69518662073586,625400
2019-08-12,44.74174118041992,44.78053472422107,44.65640307884026,44.67967683749546,1353900
2019-08-13,44.65639877319336,44.749496758369744,44.609848300839374,44.73397993425175,2349900
2019-08-14,44.76500701904297,44.79604066272881,44.71069962235833,44.77276395019885,1690000
2019-08-15,44.951194763183594,45.00550214996279,44.764998854092234,44.79603249211766,578900
2019-08-16,44.958953857421875,44.98222760576408,44.733964425012026,44.881369763730255,1123700
2019-08-19,44.8891487121582,44.93569622860602,44.84259823617856,44.850358128607745,576100
2019-08-20,45.0598258972168,45.0598258972168,44.98224177907944,45.02879224996185,599200
2019-08-21,45.090850830078125,45.16067504772446,44.99775285972671,45.02102661243178,411300
2019-08-22,45.03655242919922,45.121893485537754,45.00551877970671,45.03655242919922,592600
2019-08-23,45.15290451049805,45.22272870710388,45.013256117286375,45.03652986297824,518900
2019-08-26,45.17619705200195,45.23050445423137,45.12188964977254,45.17619705200195,1611200
2019-08-27,45.26154708862305,45.30809756814808,45.18396591561337,45.20723967560986,996300
2019-08-28,45.323585510253906,45.35461914551951,45.29255483451866,45.35461914551951,694000
2019-08-29,45.24601364135742,45.30808092459088,45.168432496846556,45.30808092459088,775600
2019-08-30,45.22275161743164,45.269299132396846,45.17620114293471,45.230508550081936,2024900
2019-09-03,45.25852584838867,45.38301493392005,45.1651620022233,45.2740869840801,2022800
2019-09-04,45.39081573486328,45.414155965575894,45.25854750219446,45.26632955775505,4385600
2019-09-05,45.14963150024414,45.227437231491905,45.0951689723633,45.219655174374545,1342700
2019-09-06,45.211849212646484,45.26631170815642,45.172947854137014,45.172947854137014,1513300
2019-09-09,45.025115966796875,45.10292164735843,45.025115966796875,45.10292164735843,811900
2019-09-10,44.78394317626953,44.9940141434267,44.768382034111475,44.9940141434267,4206700
2019-09-11,44.745025634765625,44.830610407390765,44.73724654997403,44.75280768754074,2511000
2019-09-12,44.698341369628906,44.9161913409759,44.65165796091887,44.89285112061251,633800
2019-09-13,44.44158935546875,44.62832003191298,44.402687996871364,44.597197757841705,641200
2019-09-16,44.56608200073242,44.573864054379925,44.46493904718562,44.511619497135264,425800
2019-09-17,44.682796478271484,44.690575565226354,44.51940894036006,44.550528256163894,610200
2019-09-18,44.698341369628906,44.85394976401244,44.573855247718726,44.76836499870233,931800
2019-09-19,44.713905334472656,44.80726918981568,44.713905334472656,44.7917080525946,1843200
2019-09-20,44.885066986083984,44.931750392628174,44.77614200546401,44.82282541200819,1349500
2019-09-23,44.97844314575195,45.05624587150999,44.94732086825525,44.99400428450031,1543600
2019-09-24,45.0795783996582,45.11070067184172,44.98621455109089,45.009554771236914,3748800
2019-09-25,44.89284896850586,45.032896219939026,44.86950578127826,45.017335084448334,3154000
2019-09-26,44.93953323364258,45.00955686532175,44.93953323364258,44.97843755967363,2910100
2019-09-27,45.00178527832031,45.01734641772858,44.947322774383295,44.970662999503766,432100
2019-09-30,45.064022064208984,45.071804117075494,44.93953593019672,44.9550970679462,1467400
2019-10-01,45.118656158447266,45.212278679209184,44.90800325457825,44.93920877736137,928900
2019-10-02,45.196659088134766,45.212263332332746,45.071828110756144,45.13424211134282,905600
2019-10-03,45.38389587402344,45.42290796557911,45.22005580382665,45.25126428658929,775100
2019-10-04,45.46194076538086,45.4853456515438,45.36051463166434,45.37611888117505,804800
2019-10-07,45.32929229736328,45.40731352110345,45.31369102882062,45.368304397336054,834100
2019-10-08,45.34490966796875,45.430731550822856,45.30590053290949,45.4151273015579,1022800
2019-10-09,45.32929229736328,45.368304397336054,45.259074684099815,45.368304397336054,1512300
2019-10-10,45.126434326171875,45.22786040928318,45.095225842721504,45.22786040928318,736500
2019-10-11,44.98601531982422,45.06403358032847,44.94700618957209,45.048432309192314,684000
2019-10-14,45.09523010253906,45.11083434573826,45.03281610594732,45.06402161614065,318200
2019-10-15,44.98601531982422,45.11084632235454,44.98601531982422,45.09524207501252,549200
2019-10-16,45.09523010253906,45.11083434573826,45.02501249624518,45.05622098264359,545200
2019-10-17,45.103050231933594,45.173267863945775,45.04843684883592,45.087445983019094,1209700
2019-10-18,45.14204025268555,45.204454245710906,45.13423664342931,45.14984088573688,975100
2019-10-21,45.08743667602539,45.14205004784972,45.07183243033194,45.08743667602539,409400
2019-10-22,45.14985275268555,45.196665491912256,45.08743874325562,45.18106124550335,610700
2019-10-23,45.15764236450195,45.22785996347075,45.149838755613885,45.22785996347075,719100
2019-10-24,45.20444869995117,45.266865661524015,45.20444869995117,45.22005294034439,521300
2019-10-25,45.14985275268555,45.243478231138965,45.11864723607342,45.23567461983167,486800
2019-10-28,45.103050231933594,45.11085086828776,45.04843684883592,45.087445983019094,600200
2019-10-29,45.05621337890625,45.118630341169506,45.048412746725624,45.118630341169506,680700
2019-10-30,45.15764236450195,45.16544299718526,45.017207166564354,45.0484156497071,531600
2019-10-31,45.360504150390625,45.38390903114549,45.25127740526048,45.27468228601534,1111000
2019-11-01,45.37692642211914,45.46298658767623,45.31433612554322,45.384748716956324,518400
2019-11-04,45.24391555786133,45.2908552844521,45.22826798750811,45.2908552844521,609800
2019-11-05,45.079627990722656,45.13439300739456,45.017040679298866,45.110923138669335,885100
2019-11-06,45.22828674316406,45.24393432000615,45.142226562767625,45.15787413960972,4228600
2019-11-07,44.97007751464844,45.095255065061735,44.8996649560117,45.095255065061735,732500
2019-11-08,44.9622802734375,45.07181031801344,44.94663269785952,44.993572440123565,448800
2019-11-11,44.97793197631836,45.02487172288973,44.93881154154868,45.01704942661789,379700
2019-11-12,44.9622802734375,45.001397720147494,44.93098512228155,44.97792784901547,2088800
2019-11-13,45.06398010253906,45.09527525026754,45.03268793928014,45.07180538170596,643600
2019-11-14,45.2204704284668,45.25176558835593,45.18917526857766,45.1970005507853,673700
2019-11-15,45.20480728149414,45.251750005162336,45.16568983733882,45.18915970693807,554400
2019-11-18,45.267398834228516,45.2908687044782,45.24392896397883,45.267398834228516,764600
2019-11-19,45.30651092529297,45.3221584984335,45.26739348467634,45.2752157790119,1235500
2019-11-20,45.369102478027344,45.39257234615533,45.32215975730186,45.34562962542985,446500
2019-11-21,45.27521514892578,45.322157867694095,45.251745281776316,45.30651029477132,503100
2019-11-22,45.345638275146484,45.361285851706434,45.29869852993671,45.345638275146484,743700
2019-11-25,45.42388153076172,45.431703827731894,45.36911649855924,45.38476109249959,732900
2019-11-26,45.4864616394043,45.49428691960271,45.43952189609363,45.47863934367584,731400
2019-11-27,45.455142974853516,45.47079054268633,45.40820325582348,45.44732068317131,595200
2019-11-29,45.40039825439453,45.44734097885647,45.38475067957389,45.43169340403582,1960600
2019-12-02,45.29841995239258,45.31410779979349,45.219965751779284,45.27488219584772,1915300
2019-12-03,45.55730438232422,45.60437689551075,45.43178067321477,45.47100627117623,549900
2019-12-04,45.49454879760742,45.55730916238658,45.41609460073147,45.541618323011384,679800
2019-12-05,45.46315002441406,45.478840857889395,45.37685193665997,45.41607752398806,856700
2019-12-06,45.423954010009766,45.45533270466882,45.32196502238117,45.36119063524681,984300
2019-12-09,45.439632415771484,45.49455185363459,45.423944568064094,45.48670493705908,712400
2019-12-10,45.41609191894531,45.463164434291286,45.384710242047994,45.455317518706245,412700
2019-12-11,45.5416145324707,45.58084013128303,45.431781658707635,45.45531641945076,438200
2019-12-12,45.36117172241211,45.541611860539476,45.28272052939019,45.541611860539476,743800
2019-12-13,45.58867263793945,45.60436347104942,45.408232546255476,45.47099288597492,774500
2019-12-16,45.47885513305664,45.53377157109756,45.455317379095234,45.53377157109756,1285800
2019-12-17,45.49454879760742,45.533774399684596,45.47101104218383,45.525927483636195,792300
2019-12-18,45.46315002441406,45.50237561174216,45.4317683574634,45.49453169136473,3792200
2019-12-19,45.4914665222168,45.522927454180305,45.43641139142045,45.475736056235036,5583700
2019-12-20,45.49934768676758,45.51507815877599,45.436428799014685,45.46788974303151,720600
2019-12-23,45.475730895996094,45.53078602054521,45.45213669984055,45.52292228858644,927000
2019-12-24,45.52294921875,45.54654342886325,45.428566377734924,45.4364331146267,356200
2019-12-26,45.58584213256836,45.60157259710589,45.507192810160014,45.554381203493286,338000
2019-12-27,45.672401428222656,45.69599564722737,45.61734625035687,45.64094046936159,774100
2019-12-30,45.695960998535156,45.71169146603816,45.53866232406494,45.57012025879104,712100
2019-12-31,45.60159683227539,45.656651987276405,45.60159683227539,45.63305777807052,608100
2020-01-02,45.71171951293945,45.79037189871245,45.67239482019382,45.71958625165762,2319800
2020-01-03,45.86900329589844,45.86900329589844,45.73529879294143,45.73529879294143,629100
2020-01-06,45.78248977661133,45.876872607825334,45.73530136128505,45.86900587175047,765800
2020-01-07,45.71955490112305,45.79820423268336,45.71955490112305,45.79034049963921,789100
2020-01-08,45.735294342041016,45.82180742362179,45.680239199089485,45.7510218112155,835500
2020-01-09,45.79820251464844,45.80606924767717,45.64876759017774,45.68022852173354,819100
2020-01-10,45.86115646362305,45.89261441690822,45.806101295021904,45.82182877152366,701200
2020-01-13,45.79820251464844,45.83752717895341,45.78247204887054,45.83752717895341,776500
2020-01-14,45.84539794921875,45.85326168266041,45.79820654772928,45.81393701489244,672500
2020-01-15,45.92405700683594,45.93978747732922,45.87686859563656,45.931923742222814,994900
2020-01-16,45.92405700683594,45.95551794782251,45.88473233074296,45.931923742222814,1801800
2020-01-17,45.92405700683594,45.93978747732922,45.87686859563656,45.88473233074296,787000
2020-01-21,46.06563186645508,46.08136233818638,45.986982508079265,46.042037658998474,646000
2020-01-22,46.089229583740234,46.16001521178128,46.07350211109194,46.089229583740234,1034200
2020-01-23,46.13640594482422,46.191461081967496,46.13640594482422,46.16786688041465,805600
2020-01-24,46.2386589050293,46.27798357983711,46.1757370251125,46.19933423022148,660400
2020-01-27,46.34091567993164,46.34091567993164,46.27799678234527,46.33305194283881,586100
2020-01-28,46.31730270385742,46.34876364004546,46.27011429985537,46.34876364004546,733300
2020-01-29,46.44315719604492,46.47461814154577,46.34877735982328,46.37237156880847,580800
2020-01-30,46.44315719604492,46.56113424153264,46.403832514309315,46.54540376878222,739500
2020-01-31,46.60044479370117,46.62403899553244,46.49033451811528,46.529659187927386,1412500
2020-02-03,46.60045623779297,46.60834126645867,46.49793281471078,46.55313704058472,870300
2020-02-04,46.49003219604492,46.49003219604492,46.426939954257996,46.47425913559819,678200
2020-02-05,46.419090270996094,46.44274837547726,46.37965909405882,46.41120223056506,914000
2020-02-06,46.41117858886719,46.466382810139706,46.38752049643737,46.41117858886719,782800
2020-02-07,46.55312728881836,46.57678838666839,46.4900380474944,46.51369613694038,514800
2020-02-10,46.63199996948242,46.6556580626667,46.56102268152504,46.624111932817975,1138700
2020-02-11,46.56101608276367,46.61622029797299,46.56101608276367,46.60044723528402,744600
2020-02-12,46.5216064453125,46.561037616068774,46.51371840611795,46.545264546085164,614500
2020-02-13,46.56101608276367,46.60044723528402,46.53735498452818,46.53735498452818,690100
2020-02-14,46.62409973144531,46.65564585303852,46.6083266706487,46.631987766045484,2555600
2020-02-18,46.6793098449707,46.734514060540306,46.64776672779102,46.68719788056872,1236500
2020-02-19,46.655662536621094,46.69509369851092,46.62411640374731,46.64777750760505,671600
2020-02-20,46.72663116455078,46.76606231912694,46.69508503752816,46.70297307348594,1531500
2020-02-21,46.84492111206055,46.90801034891439,46.80548695457258,46.81337498943171,1986000
2020-02-24,46.923797607421875,46.97900183452293,46.900139512494206,46.97111680568196,767800
2020-02-25,46.963233947753906,47.03421124876935,46.923802782390894,46.93957585021711,1037100
2020-02-26,46.88435745239258,47.010538948475485,46.87646941666005,46.90013051545346,879200
2020-02-27,46.81339645385742,46.97900916098821,46.781850316764356,46.97112413091755,1269200
2020-02-28,47.144615173339844,47.144615173339844,46.86859403398496,46.87647906293591,2182600
2020-03-02,47.06474304199219,47.29405786837433,47.033112786678686,47.19126104681903,934000
2020-03-03,47.51546859741211,47.68152293055253,47.12800547032364,47.13591454319365,1486300
2020-03-04,47.602455139160156,47.760603431933674,47.57082487731989,47.665712646412885,2290100
2020-03-05,47.59455108642578,47.71316307262572,47.56292383767683,47.69734794003719,920800
2020-03-06,47.5471076965332,47.7843286474731,47.45221690301481,47.77641957313255,859700
2020-03-09,46.724735260009766,47.22290132948334,46.55077183527313,47.19127106745344,1334400
2020-03-10,46.06050109863281,46.75635157356363,46.06050109863281,46.75635157356363,1414100
2020-03-11,44.92974853515625,46.04468938202509,44.83486078677492,46.04468938202509,1918100
2020-03-12,43.54595947265625,45.14325125685779,42.89755428514429,44.52647632640186,5405900
2020-03-13,44.494850158691406,44.70834988880053,43.75155714812557,44.06785069847316,4787500
2020-03-16,43.43526077270508,44.3920535175952,41.52167226649721,42.763134335881226,3866000
2020-03-17,43.07151794433594,43.972959160920894,42.77103653333183,43.395720540062584,2295800
2020-03-18,41.19746398925781,42.48636825553115,40.27230163140161,41.83005703880386,1863800
2020-03-19,39.98763656616211,41.11839260408873,39.97182143780464,40.85744751083153,2984900
2020-03-20,39.8769416809082,40.93653136192732,39.62390560930017,40.4225501447328,1712000
2020-03-23,41.75889205932617,41.85377981379506,40.42254235859744,40.42254235859744,3315000
2020-03-24,41.67190933227539,42.23333280563044,41.268631106989126,41.75889102856957,1286400
2020-03-25,43.01616668701172,43.38781165377874,41.727262354670906,41.73516841080324,1745900
2020-03-26,43.095218658447266,43.19801543746117,42.6603133853628,42.992421879433365,2210500
2020-03-27,43.079429626464844,43.15059620635395,42.58126356724109,42.78685724977751,901200
2020-03-30,43.42736053466797,43.68830570895998,42.93710346904968,42.960827677166925,1300500
2020-03-31,43.42736053466797,43.86226915848799,43.09525178530894,43.40363934297896,1744200
2020-04-01,43.11726379394531,43.52171288490215,43.11726379394531,43.37103446760311,1619100
2020-04-02,43.26001739501953,43.7358397564193,43.23622733576449,43.434485896718,974200
2020-04-03,43.14105224609375,43.60101040830819,43.14105224609375,43.3393107526931,747300
2020-04-06,43.7675666809082,44.00547941689315,43.43449369082704,43.46621579231651,2581700
2020-04-07,43.87859344482422,44.06892000082406,43.783427141638235,43.91031252070015,2089800
2020-04-08,44.29096603393555,44.38613233148355,43.87859084530441,43.894448869709855,1463600
2020-04-09,45.401222229003906,45.59155182794548,42.68111382549584,44.8460975093762,24143800
2020-04-13,45.48844909667969,45.63912452847058,44.846090208166366,45.409143849537756,4194500
2020-04-14,45.44084930419922,45.82150527549526,45.4091272169617,45.82150527549526,2376500
2020-04-15,45.766021728515625,45.766021728515625,45.36950446586998,45.50432190826655,1652900
2020-04-16,45.59946060180664,45.7897901162695,45.543948457001854,45.75806802632819,1510800
2020-04-17,45.69462585449219,45.940467524563324,45.56774051433599,45.84530427574246,1226900
2020-04-20,45.59946060180664,45.67083379158209,45.25052668800725,45.575670546943165,1286400
2020-04-21,45.52016830444336,45.686704775085516,45.22674344643309,45.647053666625816,1188400
2020-04-22,45.512245178222656,45.63120155207722,45.432942945777114,45.607408462194556,680400
2020-04-23,45.742218017578125,45.789801163970466,45.55188845719447,45.59947160358682,1777200
2020-04-24,45.742218017578125,45.79773017577632,45.60740061539268,45.718427956974814,3473700
2020-04-27,45.55982208251953,45.79773177240394,45.49637788511791,45.76600967370313,2322100
2020-04-28,45.67877197265625,45.77393826158725,45.57567969742609,45.77393826158725,642500
2020-04-29,45.94047546386719,45.94047546386719,45.77393899335402,45.829451150191744,1370600
2020-04-30,45.92461395263672,46.00391616869551,45.84531173657793,45.948404012417235,3123700
2020-05-01,45.693206787109375,45.844300086510025,45.55802123871372,45.756825657070635,2126900
2020-05-04,45.72500991821289,45.8761001632688,45.72500991821289,45.820435176484295,423800
2020-05-05,45.82840347290039,45.88406847720245,45.71707346429628,45.71707346429628,1495500
2020-05-06,45.66935348510742,45.79658819780458,45.54211877241026,45.72501848231775,479300
2020-05-07,45.804534912109375,45.804534912109375,45.58982881851384,45.68525408605792,614900
2020-05-08,45.65343475341797,45.77271858711988,45.61367448668863,45.661385593358276,474300
2020-05-11,45.486454010009766,45.661399844924695,45.47054929165117,45.65344900250282,517200
2020-05-12,45.73295974731445,45.836338877704655,45.621629776208486,45.836338877704655,1779300
2020-05-13,45.788639068603516,45.89201519099632,45.73297103579553,45.87611047212475,1580300
2020-05-14,45.94767761230469,45.987440924010095,45.74887318783675,45.88406177390263,944100
2020-05-15,46.05901336669922,46.074918086668134,45.9397325172051,45.95563723717402,1267800
2020-05-18,46.1544303894043,46.2180462201937,46.11467011597162,46.19419066283698,1817500
2020-05-19,46.233943939208984,46.34527390137754,46.17827895812471,46.241897812800424,1472300
2020-05-20,46.5361328125,46.56794224351574,46.36118397542776,46.392993406443495,2172200
2020-05-21,46.583866119384766,46.71110086226619,46.5361519532359,46.639531129800666,1565100
2020-05-22,46.639503479003906,46.64745431855719,46.5361243637287,46.62359876638359,1231900
2020-05-26,46.71107864379883,46.73493419876842,46.63950894537596,46.68722005531513,1990900
2020-05-27,46.80651092529297,46.80651092529297,46.68722706550608,46.77470149154786,1113000
2020-05-28,46.85422134399414,46.886030777265105,46.78265466940624,46.82241494423769,1398200
2020-05-29,47.100738525390625,47.14845267390297,46.9019341235275,46.94169439719724,2115700
2020-06-01,47.09675598144531,47.168498287360926,46.93732153939506,47.02501063457065,3541500
2020-06-02,47.3438835144043,47.76638226381801,47.15256458827562,47.15256458827562,6847900
2020-06-03,47.280094146728516,47.53518798162812,47.19240507080208,47.31995198825188,3037400
2020-06-04,47.20835494995117,47.39967383050704,47.1844378091626,47.39170347755004,2108000
2020-06-05,47.335914611816406,47.45548818407548,47.23228174975753,47.39171622039589,2302400
2020-06-08,47.50331497192383,47.52722907593564,47.391711765256304,47.43156961892909,1514700
2020-06-09,47.606937408447266,47.654765606006684,47.415615495333675,47.4953342261971,16154200
2020-06-10,47.83015441894531,47.973645125478896,47.51128550643528,47.606948004763886,6037800
2020-06-11,47.39170837402344,47.80623671266826,47.38373497928385,47.64680226842655,2451200
2020-06-12,47.575050354003906,47.67070979096187,47.45547377708744,47.62288159296222,1810800
2020-06-15,48.013492584228516,48.18089735862092,47.43952988235895,47.495334514781746,1536100
2020-06-16,48.14105224609375,48.32440081524897,47.94175992645206,48.300486709999,1221800
2020-06-17,48.05336380004883,48.212798266147686,47.909873084655814,48.212798266147686,1453700
2020-06-18,48.021484375,48.10917045163736,47.97365311786704,48.10917045163736,1162600
2020-06-19,47.97364044189453,48.06132953632182,47.90986544923504,48.05335614175987,1066500
2020-06-22,47.93379211425781,48.05336568780973,47.84610300241063,47.973649972108454,925700
2020-06-23,47.94175338745117,47.98958463238666,47.870008040527466,47.893925183474735,1637700
2020-06-24,47.83812713623047,47.91784588877525,47.71855356885251,47.893931783491546,2361000
2020-06-25,47.83015441894531,47.94175762603603,47.83015441894531,47.94175762603603,620800
2020-06-26,47.83015441894531,47.877985668109616,47.79029656512139,47.8540685230478,613100
2020-06-29,47.909854888916016,47.95768612286764,47.76636422801948,47.869997047768834,1209200
2020-06-30,48.13307571411133,48.15698981629226,47.9736412706673,48.05335697190978,3226900
2020-07-01,48.179405212402344,48.195385480581805,48.035585846711705,48.051566114891166,898500
2020-07-02,48.19540023803711,48.267309942901214,48.17941996496448,48.243341057254995,678200
2020-07-06,48.33921432495117,48.33921432495117,48.227355473685414,48.283284899318296,1910200
2020-07-07,48.33921432495117,48.35519459626415,48.23534408537935,48.259316016311374,784900
2020-07-08,48.29127502441406,48.34720445179971,48.259317528711684,48.33122722791112,2760200
2020-07-09,48.36319351196289,48.41113433611585,48.259326298186785,48.32324434913164,1273300
2020-07-10,48.33921432495117,48.41911263359096,48.29926517063127,48.41911263359096,864700
2020-07-13,48.31525802612305,48.411136631048336,48.2912860889473,48.307266364422496,2535700
2020-07-14,48.427101135253906,48.4830305572396,48.33921117272642,48.35519144299732,955200
2020-07-15,48.49101257324219,48.53895337753455,48.4510634269608,48.46704369505826,802800
2020-07-16,48.51500701904297,48.58691673489831,48.51500701904297,48.530987294558145,1112600
2020-07-17,48.666812896728516,48.666812896728516,48.562942634469636,48.610883458879684,719400
2020-07-20,48.70676040649414,48.73073234184835,48.650830970543744,48.72274068075506,574000
2020-07-21,48.76268005371094,48.81062086686995,48.746699782657934,48.77067171319997,955600
2020-07-22,48.882537841796875,48.91449838866216,48.82660840874537,48.91449838866216,1412500
2020-07-23,48.89850616455078,48.95443558393327,48.86654562549658,48.94644392520733,1433500
2020-07-24,48.81063461303711,48.93847376953846,48.81063461303711,48.8985246046179,604300
2020-07-27,48.76268005371094,48.87453890315692,48.754691442146964,48.85856168002896,473900
2020-07-28,48.79465103149414,48.83460019370802,48.76269048255275,48.83460019370802,439000
2020-07-29,49.00237274169922,49.00237274169922,48.8186011797914,48.84257310625846,912400
2020-07-30,49.01036834716797,49.01036834716797,48.938458653352164,49.01036834716797,527700
2020-07-31,49.05032730102539,49.07429618777849,48.978417592840536,48.99439786665112,2492900
2020-08-03,49.1103630065918,49.11836791690694,49.01428881209222,49.01428881209222,1037300
2020-08-04,49.222450256347656,49.23846313118023,49.14238893632838,49.166406721505446,1572400
2020-08-05,49.20643615722656,49.22244903166072,49.16640549821291,49.18241837264707,1218700
2020-08-06,49.29450607299805,49.34254469691785,49.23045762858186,49.27849319835811,2123800
2020-08-07,49.2464714050293,49.35055357147798,49.166410079541876,49.31052290873427,994800
2020-08-10,49.214439392089844,49.28649579304732,49.18241364629914,49.27048292015197,594100
2020-08-11,49.04631805419922,49.18242598087293,49.006287388993066,49.166413103961666,2269100
2020-08-12,49.00627899169922,49.070330488368946,48.97425324336436,49.014286955854665,1013400
2020-08-13,48.80613327026367,49.03031050326462,48.74208481379492,48.98227187030496,1076500
2020-08-14,48.71805953979492,48.838154584200495,48.67002396534777,48.838154584200495,855600
2020-08-17,48.81414794921875,48.85417862178486,48.74209151694192,48.78212218950804,1335600
2020-08-18,48.878196716308594,48.90221756331222,48.798135370682,48.81414825063623,853800
2020-08-19,48.83015823364258,48.966263123962,48.83015823364258,48.9182244869493,2728700
2020-08-20,48.95024490356445,48.96625778082138,48.87018357142386,48.93423202630753,614100
2020-08-21,48.990272521972656,48.990272521972656,48.90220628375418,48.9822676109142,652100
2020-08-24,48.934234619140625,49.01429900966757,48.91021682905465,48.98227325345679,687300
2020-08-25,48.81414794921875,48.85417862178486,48.74209151694192,48.83816574192951,612400
2020-08-26,48.878196716308594,48.91022247621706,48.76610961077353,48.83016113059046,3022200
2020-08-27,48.70204162597656,48.93422065689727,48.70204162597656,48.92621574720069,1017300
2020-08-28,48.85417175292969,48.85417175292969,48.766102453179975,48.78211533078393,478000
2020-08-31,48.966251373291016,48.99827712361411,48.83014651563334,48.846156336651234,1341000
2020-09-01,49.10745620727539,49.123502141247705,48.906886623294895,48.97107035918416,1035200
2020-09-02,49.20374298095703,49.20374298095703,49.067354041454884,49.107467355267396,1821900
2020-09-03,49.13152313232422,49.25186303785541,49.12349863568622,49.211749736011676,825700
2020-09-04,48.90688705444336,49.06734333513208,48.87479518621581,49.04327596418592,584700
2020-09-08,48.89887619018555,48.93096806535178,48.83469243985309,48.88283025260244,1376000
2020-09-09,48.90688705444336,48.955024856784675,48.8828196834972,48.94700035950329,676200
2020-09-10,48.922943115234375,48.97108092753985,48.86678386443614,48.906897177799216,1275200
2020-09-11,48.987117767333984,49.00316370178918,48.906888095058044,48.963047335426666,563000
2020-09-14,49.0031623840332,49.067343059679,48.99513788679686,49.011183820820555,471900
2020-09-15,49.05931091308594,49.05931091308594,49.01117312152349,49.01919455655974,942700
2020-09-16,49.06734085083008,49.14756745688803,49.04327348110246,49.091408220557696,1983300
2020-09-17,49.01921463012695,49.115490252677105,49.011193191805894,49.115490252677105,531700
2020-09-18,49.0272216796875,49.06733497791528,48.98710838145973,49.06733497791528,1060300
2020-09-21,48.946998596191406,49.02722826387,48.938977159648,49.02722826387,526100
2020-09-22,49.0031623840332,49.02722975484425,48.95502458196212,48.99513788679686,2004000
2020-09-23,48.7705078125,49.0031692979968,48.7705078125,48.938985552846205,862300
2020-09-24,48.63411331176758,48.76247772691133,48.63411331176758,48.706318486564,699300
2020-09-25,48.68225860595703,48.70632598110945,48.642145293886486,48.65016673212078,605300
2020-09-28,48.834693908691406,48.834693908691406,48.68226208774152,48.69830802580726,648300
2020-09-29,48.84270095825195,48.882814258860414,48.82665502591883,48.85874689058507,849400
2020-09-30,48.78654479980469,48.850725472733124,48.762474369563776,48.82665810294107,2250000
2020-10-01,48.9433479309082,48.9433479309082,48.77449531982111,48.77449531982111,1953300
2020-10-02,48.91117858886719,48.92725715784233,48.83881275944509,48.91117858886719,818700
2020-10-05,48.8146858215332,48.91117563310399,48.79056490226966,48.8468490920568,1023900
2020-10-06,48.8146858215332,48.93529655236753,48.75036234774432,48.8629307273186,955600
2020-10-07,48.82271957397461,48.870961404005186,48.77447467668627,48.77447467668627,1121000
2020-10-08,48.91117858886719,48.92725715784233,48.846852043932664,48.87901531639992,716200
2020-10-09,48.951377868652344,48.967459503809344,48.879012044074955,48.90313296318133,606400
2020-10-12,49.1202392578125,49.1202392578125,49.01571014415001,49.039834134846785,435800
2020-10-13,49.104156494140625,49.136319769493156,49.03983301069432,49.12827741702564,7375900
2020-10-14,49.09612274169922,49.1604462323943,49.047877823233584,49.12024366730249,8815600
2020-10-15,49.03983688354492,49.096121086227434,49.031794530442276,49.0719970941785,3624700
2020-10-16,48.991573333740234,49.1202233291221,48.991573333740234,49.05589679780225,766900
2020-10-19,48.991573333740234,49.015694249356265,48.95137078529425,48.9996126165263,537200
2020-10-20,48.935298919677734,48.9915831121877,48.91921728363797,48.95941984010816,558600
2020-10-21,48.89508819580078,48.93529074555556,48.86292492909378,48.91920911220207,1637900
2020-10-22,48.879005432128906,48.903126347972396,48.82272125032218,48.903126347972396,1270700
2020-10-23,48.91921615600586,48.951379427344,48.87097124899864,48.87097124899864,709800
2020-10-26,48.975502014160156,48.99158365037658,48.91921782103189,48.975502014160156,566600
2020-10-27,49.08808517456055,49.08808517456055,48.99159839548062,49.02376167759373,845600
2020-10-28,48.935298919677734,49.07198822512808,48.9031356475982,49.07198822512808,855300
2020-10-29,48.86293029785156,48.94333540619555,48.78252212224931,48.94333540619555,1324500
2020-10-30,48.69407653808594,48.838808183369125,48.686034187093426,48.838808183369125,1688400
2020-11-02,48.82786178588867,48.843979620265294,48.77145090265177,48.819804405781646,1352300
2020-11-03,48.77143859863281,48.82784946763842,48.747263390248065,48.803674259253675,4783100
2020-11-04,49.246917724609375,49.254975104956486,49.11797811991692,49.15827116997781,1476300
2020-11-05,49.27914047241211,49.367783929637035,49.25496218938544,49.31137305951124,1375900
2020-11-06,49.222747802734375,49.230805183947965,49.158276456373684,49.222747802734375,715300
2020-11-09,48.99709701538086,49.383915838298805,48.96486134493035,49.238858395434235,822500
2020-11-10,48.956787109375,49.08572667262252,48.88425841291316,48.956787109375,1068800
2020-11-11,48.99709701538086,49.01321485060611,48.93262874864257,49.005157470074856,477500
2020-11-12,49.14215087890625,49.15826871295754,49.06156478281231,49.10185783085928,1796800
2020-11-13,49.19855499267578,49.20661544567379,49.15020457133607,49.16631932900791,1385100
2020-11-16,49.23885726928711,49.26303555865338,49.190506838879905,49.20662467373653,1227100
2020-11-17,49.35165023803711,49.36776498832287,49.303296764697784,49.31135413984066,3539800
2020-11-18,49.3677864074707,49.432257733228575,49.3677864074707,49.41613990178911,3240000
2020-11-19,49.528953552246094,49.55313183253439,49.40807444745067,49.40807444745067,4716800
2020-11-20,49.47254180908203,49.5289526718161,49.40807356916943,49.48865963760055,3307900
2020-11-23,49.504791259765625,49.504791259765625,49.456437760737224,49.496730806179734,1157000
2020-11-24,49.45642852783203,49.51283939575279,49.424195941992835,49.50478201783343,4410300
2020-11-25,49.52090835571289,49.52896573501655,49.48867269017375,49.52090835571289,1118900
2020-11-27,49.61761474609375,49.633732579665,49.57732169924682,49.57732169924682,573700
2020-11-30,49.73849105834961,49.73849105834961,49.62566931090176,49.71431277378075,1878500
2020-12-01,49.607666015625,49.753024879006254,49.56728923814146,49.753024879006254,1545900
2020-12-02,49.567298889160156,49.599598469105494,49.49461944331845,49.591524344256975,1099400
2020-12-03,49.66419219970703,49.720720302108184,49.59958689379112,49.63996675026383,1539400
2020-12-04,49.5511360168457,49.575361466299626,49.51075924090565,49.5511360168457,1538900
2020-12-07,49.63188171386719,49.67225848341712,49.575353620387276,49.615730389937205,2284700
2020-12-08,49.615753173828125,49.664207167868476,49.56730226033924,49.664207167868476,1273600
2020-12-09,49.46230697631836,49.52691228450276,49.405778871932334,49.52691228450276,1244900
2020-12-10,49.62382888793945,49.63190301309438,49.48654411589471,49.502695446755936,1418600
2020-12-11,49.63996505737305,49.67226462867894,49.5753597536604,49.591511079588564,1187500
2020-12-14,49.656124114990234,49.66419823893627,49.56729334882919,49.58344467727219,530800
2020-12-15,49.72880172729492,49.736875850944585,49.63997096439462,49.696499071594666,763800
2020-12-16,49.70456314086914,49.75301711461812,49.607658273921366,49.672260491703156,1527600
2020-12-17,49.73936080932617,49.820276053931956,49.666535854493475,49.77981843162906,3163700
2020-12-18,49.70699691772461,49.80409583531689,49.69890354067254,49.787912167931694,693200
2020-12-21,49.65843963623047,49.739357962924316,49.626075392271474,49.70699063224678,1504700
2020-12-22,49.80409622192383,49.82027988943466,49.69890392646291,49.82027988943466,1700900
2020-12-23,49.80409622192383,49.85264722445632,49.67462996855615,49.80409622192383,1016000
2020-12-24,49.885005950927734,49.885005950927734,49.828364667773776,49.836454956773586,372300
2020-12-28,49.89311218261719,49.92547952239585,49.82838058977929,49.83647088136425,855000
2020-12-29,49.93356704711914,49.949750716111716,49.88501912686065,49.893109417997316,673600
2020-12-30,49.99829864501953,49.99829864501953,49.91738030503826,49.94165735039217,1452600
2020-12-31,49.99829864501953,50.03066598101204,49.98211497702328,49.99020526766188,957700
2021-01-04,49.957855224609375,49.98212919014687,49.901210827155325,49.97403581048775,1283100
2021-01-05,49.84455490112305,49.89310590468197,49.796006984283146,49.876922236828996,1148200
2021-01-06,49.690826416015625,49.69891670849229,49.59372747269679,49.64227540099633,1628500
2021-01-07,49.642269134521484,49.65036251269626,49.57753754272009,49.60181150380569,884800
2021-01-08,49.56135559082031,49.60990660139359,49.49662091005593,49.5937229312025,1045800
2021-01-11,49.45615768432617,49.50470868940822,49.43997401596549,49.49661531186831,846400
2021-01-12,49.512794494628906,49.52088787143559,49.31859666533228,49.36714457929701,1220800
2021-01-13,49.682743072509766,49.72320071399132,49.561367061344924,49.561367061344924,1726400
2021-01-14,49.59371566772461,49.7636395497649,49.59371566772461,49.69890487848154,1423100
2021-01-15,49.642269134521484,49.682729851956644,49.60990488198047,49.66654618232645,851900
2021-01-19,49.682743072509766,49.69892365972623,49.6099180831549,49.634192050699795,1344000
2021-01-20,49.666534423828125,49.70699204496562,49.634167092230676,49.6503507580294,1307700
2021-01-21,49.650352478027344,49.67462643420701,49.56943414623053,49.593711189128946,1164600
2021-01-22,49.61798858642578,49.67462987925238,49.59371462856266,49.60180491894405,3045700
2021-01-25,49.73126220703125,49.74744587159556,49.64225359528675,49.65843725985106,1644800
2021-01-26,49.73126220703125,49.77171982508282,49.65843725985106,49.68271430005672,858100
2021-01-27,49.7150993347168,49.787924312354434,49.69082537107748,49.771740641021665,1331700
2021-01-28,49.642269134521484,49.71509410449766,49.642269134521484,49.67463647378187,987100
2021-01-29,49.59371566772461,49.65844725228895,49.52898099644125,49.54516466426209,1109700
2021-02-01,49.689369201660156,49.70558408361767,49.600188897230076,49.61640377918759,1517100
2021-02-02,49.64885330200195,49.656959199870386,49.54345807366991,49.583993748359546,1477100
2021-02-03,49.616432189941406,49.62453808922541,49.56778751621454,49.60832319798312,738900
2021-02-04,49.640750885009766,49.738037135682525,49.543464634337006,49.575894415452645,663200
2021-02-05,49.624515533447266,49.69748096453552,49.60830064957511,49.65694530119157,1125300
2021-02-08,49.66505813598633,49.689382011529524,49.62452246697874,49.632631456384246,1721500
2021-02-09,49.64885330200195,49.7056038651022,49.63263841359135,49.68938897669159,2068900
2021-02-10,49.73801803588867,49.762341908721915,49.67316159123694,49.70559135989929,863000
2021-02-11,49.697486877441406,49.76234642064688,49.689380980877345,49.76234642064688,2169100
2021-02-12,49.616432189941406,49.69750355347857,49.60832319798312,49.640752980467695,2194000
2021-02-16,49.33266067504883,49.45427077467883,49.316448881593246,49.45427077467883,1158500
2021-02-17,49.42185592651367,49.44617980938883,49.332675572211336,49.405641035488316,2022200
2021-02-18,49.4056282043457,49.47859364867282,49.340771749762396,49.397522307275324,1686500
2021-02-19,49.219146728515625,49.36507757294369,49.19482595200178,49.34886269104363,1298000
2021-02-22,49.089454650878906,49.2353855663109,49.089454650878906,49.16242010859491,4008800
2021-02-23,49.17051315307617,49.17051315307617,49.00025841183906,49.06511794996234,1197400
2021-02-24,49.211063385009766,49.211063385009766,48.951631341068286,49.00838190738837,1181200
2021-02-25,48.48141098022461,48.96784840370957,48.34358905380867,48.935418623609095,3042000
2021-02-26,48.82190704345703,48.830012940411365,48.52193628069921,48.692191043474025,1392700
2021-03-01,48.942142486572266,48.95026430030014,48.83654031563281,48.84466522810686,1539400
2021-03-02,48.942142486572266,48.990882665178056,48.90152722044053,48.942142486572266,1358200
2021-03-03,48.72279357910156,48.79590226349793,48.69842505055102,48.787780453562654,1117000
2021-03-04,48.406005859375,48.74717776363469,48.389759135541816,48.72280922725778,1324200
2021-03-05,48.3166389465332,48.36537910645099,48.19479319485623,48.267898786615426,1195000
2021-03-08,47.95109558105469,48.20291509296952,47.95109558105469,48.20291509296952,998400
2021-03-09,48.146060943603516,48.20292292347548,48.09732077567948,48.121692409014244,1144900
2021-03-10,48.3166389465332,48.36537910645099,48.17854647488364,48.18666828549744,1245300
2021-03-11,48.37351989746094,48.454753529197674,48.324782817165094,48.39789153635506,1870800
2021-03-12,48.05670166015625,48.19479724214776,48.03233312752344,48.113563635462974,1748900
2021-03-15,48.146060943603516,48.17042947819279,48.08107405303813,48.09732077567948,1095000
2021-03-16,48.146060943603516,48.21916964611682,48.121692409014244,48.19480111152755,958500
2021-03-17,48.202919006347656,48.316642956849996,47.967346195309815,48.03233308059415,1312900
2021-03-18,47.9592170715332,47.99983231927056,47.829246419526804,47.886108386108056,1541900
2021-03-19,47.90237045288086,47.97547916173005,47.85363028073281,47.88612372883151,1410000
2021-03-22,48.040443420410156,48.08105866464182,47.9754596493884,48.016074893620065,3164300
2021-03-23,48.154197692871094,48.17044442055214,48.056720425531296,48.09733569536068,2406200
2021-03-24,48.21104049682617,48.219165406805274,48.04857948218689,48.064823104654636,1835200
2021-03-25,48.21916961669922,48.251663061962084,48.113567468967645,48.23541633933065,1587900
2021-03-26,48.13794708251953,48.202933988002044,48.089210002153855,48.12170345489511,921900
2021-03-29,48.048583984375,48.1541830340362,47.99984381616909,48.1379363113009,901900
2021-03-30,48.07294464111328,48.07294464111328,47.91048053912969,47.98358923008506,5737100
2021-03-31,48.11355972290039,48.18666841359892,48.04857594158225,48.097313002884604,6677100
2021-04-01,48.23809814453125,48.270653705087625,48.16484968561398,48.25437592480944,7647100
2021-04-05,48.107872009277344,48.189257794160895,48.083456894746014,48.13228712380867,1624900
2021-04-06,48.37643814086914,48.37643814086914,48.18924838843829,48.197388828138976,3976900
2021-04-07,48.32761764526367,48.41714387197623,48.29506208924661,48.35203275994211,1755500
2021-04-08,48.46598815917969,48.46598815917969,48.38460235019931,48.40088013292931,1811800
2021-04-09,48.409000396728516,48.457833727693604,48.32761461645522,48.360167065763434,2554900
2021-04-12,48.36832046508789,48.36832046508789,48.30320933969033,48.343905345398476,888000
2021-04-13,48.53922653198242,48.53922653198242,48.3438993891937,48.35203672653117,1622400
2021-04-14,48.49038314819336,48.50665781845465,48.42527204847572,48.482242708394594,1318000
2021-04-15,48.69385528564453,48.76710062275581,48.571773514455586,48.588051290925335,1597600
2021-04-16,48.51481628417969,48.60434252722131,48.51481628417969,48.54737184613469,2587500
2021-04-19,48.47412109375,48.506673549497684,48.40087263514674,48.44156553333319,1028500
2021-04-20,48.56364059448242,48.60433659429322,48.48225480419861,48.48225480419861,773000
2021-04-21,48.62874984741211,48.62874984741211,48.514808503512455,48.57177917546228,1110100
2021-04-22,48.645015716552734,48.67757126531635,48.5717672841686,48.645015716552734,1705100
2021-04-23,48.669437408447266,48.726408074155,48.62060718336545,48.66130007248977,1547800
2021-04-26,48.645015716552734,48.68570860017325,48.645015716552734,48.669430825791444,1352300
2021-04-27,48.53922653198242,48.65316788272067,48.531089194644956,48.65316788272067,1742700
2021-04-28,48.57993698120117,48.57993698120117,48.4171653382866,48.53924407047253,964100
2021-04-29,48.53107833862305,48.53107833862305,48.392718797484434,48.41713701337258,1194700
2021-04-30,48.61247253417969,48.61247253417969,48.51480896771248,48.52294630463942,1474200
2021-05-03,48.654052734375,48.71928506932431,48.580671023230416,48.62143967734927,1595500
2021-05-04,48.670372009277344,48.768220534200395,48.63775894475263,48.75191244671322,4776200
2021-05-05,48.719295501708984,48.719295501708984,48.62960257717197,48.63775817601148,1040500
2021-05-06,48.784515380859375,48.784515380859375,48.70297496555475,48.71113056230961,1921900
2021-05-07,48.83344650268555,48.98837176821152,48.792677841923236,48.92313942263228,2035400
2021-05-10,48.72743225097656,48.857893796222804,48.7111272794633,48.817125146542466,1166600
2021-05-11,48.662193298339844,48.67850137703915,48.61326906224194,48.65403770376621,1700100
2021-05-12,48.450199127197266,48.53173953372251,48.43389415634068,48.49912337111241,1772000
2021-05-13,48.621437072753906,48.629589558961385,48.52358857557157,48.539896658435296,3470500
2021-05-14,48.74374008178711,48.74374008178711,48.66220278284655,48.70297143231683,1591700
2021-05-17,48.67851638793945,48.71113255539584,48.6540527071227,48.69482447166765,4805000
2021-05-18,48.637752532958984,48.67852119107767,48.637752532958984,48.67852119107767,896000
2021-05-19,48.56437301635742,48.694834602877236,48.49098817953693,48.637757853177916,1050000
2021-05-20,48.74374008178711,48.76004816366494,48.645894700968725,48.65404718668335,1575600
2021-05-21,48.74374008178711,48.817124895013045,48.735587596072484,48.80081681313522,1297400
2021-05-24,48.82529830932617,48.84975888584519,48.77637404583842,48.80083462235744,1955800
2021-05-25,48.93943786621094,48.96389843575883,48.84159247757055,48.85789745030326,699700
2021-05-26,48.923133850097656,48.955750019172164,48.85790151194863,48.85790151194863,1324500
2021-05-27,48.84160614013672,48.89052729291732,48.80898996464986,48.89052729291732,1534000
2021-05-28,48.890525817871094,48.955758166876734,48.84975715496737,48.84975715496737,1961900
2021-06-01,48.8774528503418,48.8856208676302,48.795757095585714,48.836603414776555,1133600
2021-06-02,48.959129333496094,48.959129333496094,48.910111896816915,48.94279018793637,1516500
2021-06-03,48.80391311645508,48.844759422997306,48.7875739705635,48.82842027710573,788500
2021-06-04,49.02448654174805,49.03265767333835,48.89377648366557,48.91011563047258,647600
2021-06-07,48.999996185302734,49.0081673196955,48.95914986246291,48.967317880481005,1096900
2021-06-08,49.11436080932617,49.122531942666406,49.08168562508804,49.09802165901997,821700
2021-06-09,49.22872543334961,49.285914010276144,49.196050253300854,49.25323571385352,709400
2021-06-10,49.392127990722656,49.392127990722656,49.163386082788534,49.17155410105414,1206300
2021-06-11,49.38394546508789,49.424791777166156,49.34309915300963,49.40845262906008,1306600
2021-06-14,49.253238677978516,49.33493130757759,49.228728395999546,49.33493130757759,818500
2021-06-15,49.3185920715332,49.326763204303155,49.23689944207799,49.26140660763974,1127600
2021-06-16,49.06534194946289,49.38394756011297,48.96730705666749,49.334930113715274,1899000
2021-06-17,49.17155456542969,49.27775750213412,49.12254022262364,49.12254022262364,1782700
2021-06-18,49.33491897583008,49.35125812094058,49.1143451913983,49.18786978620889,1785300
2021-06-21,49.22872543334961,49.33492833853622,49.22055741743089,49.277742877983556,1079800
2021-06-22,49.3022575378418,49.318596688537255,49.130701130101016,49.179718582187384,1349200
2021-06-23,49.245079040527344,49.318603670879064,49.2205718692017,49.269589328227774,1389900
2021-06-24,49.29408645629883,49.31859362263134,49.23690099060685,49.28591843964604,1178600
2021-06-25,49.2123908996582,49.32676182424527,49.14703430482333,49.318590691703925,3147600
2021-06-28,49.34309387207031,49.359429902054174,49.2777372866408,49.2777372866408,1742200
2021-06-29,49.38394546508789,49.38394546508789,49.27774256058534,49.27774256058534,2737500
2021-06-30,49.441131591796875,49.473809888449566,49.42479244347053,49.441131591796875,1396300
2021-07-01,49.401851654052734,49.4591431468388,49.32819071730604,49.450956863782395,1470700
2021-07-02,49.50823974609375,49.51642290505869,49.41002310560574,49.42639254568707,1142300
2021-07-06,49.671939849853516,49.69649557695747,49.53280425892403,49.549173702942596,1388700
2021-07-07,49.77014923095703,49.78651867258021,49.671932581217966,49.71285774635179,1738400
2021-07-08,49.80290603637695,49.85201438199732,49.73743136436953,49.76198397610318,1377900
2021-07-09,49.655574798583984,49.671944244050664,49.6392084752698,49.655574798583984,955500
2021-07-12,49.62282943725586,49.68830408431323,49.59009055265123,49.663751481935705,765500
2021-07-13,49.491886138916016,49.65557434779179,49.48369985518075,49.62283857930811,1556200
2021-07-14,49.68009948730469,49.68828264384887,49.61462174634904,49.630991181587945,1228200
2021-07-15,49.737422943115234,49.76197555069178,49.63920939065652,49.753792388883774,954400
2021-07-16,49.729225158691406,49.753780882741694,49.663750512911555,49.663750512911555,1670000
2021-07-19,49.96657943725586,50.00750148281866,49.884735346130256,49.90928794903755,1711300
2021-07-20,49.96657943725586,50.12208758140723,49.917474231441275,50.1139012990035,1459800
2021-07-21,49.80290603637695,49.86019754519084,49.7783534246433,49.82746177026367,1067900
2021-07-22,49.90110778808594,49.95021299685199,49.81107740914534,49.82744685278474,1077400
2021-07-23,49.90110778808594,49.90110778808594,49.786524804762315,49.80289112624958,2165200
2021-07-26,49.860172271728516,49.942019472941865,49.843805953637336,49.942019472941865,1457400
2021-07-27,49.9583854675293,49.97475490664296,49.901093991707114,49.9583854675293,1814300
2021-07-28,50.032066345214844,50.0484357908599,49.876558172663074,49.91748334785197,1217800
2021-07-29,49.9583854675293,49.98293806512415,49.90927715018831,49.94201602841564,1214700
2021-07-30,50.007511138916016,50.04843631453313,49.96658908545145,49.99932797708412,1703500
2021-08-02,50.132972717285156,50.214971606180235,50.05097695632786,50.07557505902749,1475400
2021-08-03,50.149349212646484,50.19854852314218,50.11654967231602,50.15754753376094,938300
2021-08-04,50.124755859375,50.28054899876645,49.985359363762335,50.24774945533564,1674400
2021-08-05,50.00175476074219,50.05915239275599,49.96075689900894,50.03455430130332,982500
2021-08-06,49.77217102050781,49.84596843286651,49.77217102050781,49.82136721012243,1405400
2021-08-09,49.62458038330078,49.80497476827482,49.62458038330078,49.79677331735579,1488300
2021-08-10,49.567176818847656,49.67377377250489,49.55897536890812,49.65737400056249,1275600
2021-08-11,49.640968322753906,49.72296404477405,49.526173060751184,49.58357069175255,1267900
2021-08-12,49.65736770629883,49.67376747616249,49.599970075744146,49.62456816657151,1034900
2021-08-13,49.83775329589844,49.84595474387306,49.70655827972772,49.72295804774105,471800
2021-08-16,49.895164489746094,49.99356312458711,49.88696616747772,49.9279640346931,3023100
2021-08-17,49.8459587097168,49.89515488973501,49.82135749177152,49.862358479034924,1353600
2021-08-18,49.77217102050781,49.85416675515669,49.71477338066624,49.82956866034938,1522300
2021-08-19,49.862369537353516,49.895165955327094,49.78037067257743,49.82956999144308,1796400
2021-08-20,49.8459587097168,49.88695656904403,49.81315917108054,49.87875824835305,952200
2021-08-23,49.87056350708008,49.8869632786039,49.829565642238826,49.83776396403244,1509000
2021-08-24,49.76397705078125,49.85417424921549,49.76397705078125,49.83777447423316,939100
2021-08-25,49.69016647338867,49.796763418587,49.665568381395374,49.78036364794599,1657600
2021-08-26,49.67376708984375,49.72296327111586,49.63276610153534,49.71476495021592,1124500
2021-08-27,49.8459587097168,49.862358479034924,49.6327648365173,49.69836391378981,1404900
2021-08-30,49.94435501098633,49.94435501098633,49.82955975182627,49.82955975182627,912000
2021-08-31,49.87876892089844,49.99356420275188,49.87056747051643,49.92796511144314,3568200
2021-09-01,49.9116325378418,49.9444915084167,49.83770142085023,49.93627833257492,2361000
2021-09-02,49.94447326660156,49.96911905233302,49.91983061447288,49.96911905233302,4295400
2021-09-03,49.87055587768555,49.903414845286406,49.85412639388512,49.87055587768555,980100
2021-09-07,49.714473724365234,49.763762169066815,49.67340158724885,49.73911637991442,1269600
2021-09-08,49.82947540283203,49.862334364938434,49.73911482384097,49.75554430489417,705500
2021-09-09,49.97735595703125,50.010214931207834,49.8377068835829,49.87056585775948,903900
2021-09-10,49.87055587768555,49.9527032966877,49.82127055988788,49.93627381288727,751600
2021-09-13,49.94447326660156,49.97733222517499,49.91983061447288,49.91983061447288,1202800
2021-09-14,50.01841354370117,50.067701990614346,49.969128230391334,49.97734140474186,1054400
2021-09-15,49.9937744140625,50.010203897525976,49.93627278874211,49.98555810552898,2850900
2021-09-16,49.89519500732422,49.936267144538824,49.837690254899925,49.86233604411125,906500
2021-09-17,49.804847717285156,49.83770355566354,49.771988745302735,49.81306089347874,2593000
2021-09-20,49.91984939575195,49.93627888121991,49.82127561654815,49.82948879248016,733500
2021-09-21,49.91984939575195,49.969137852155825,49.89520673435199,49.96092154261988,648300
2021-09-22,49.969139099121094,50.001994937272976,49.845919521838475,49.91163433174626,1296000
2021-09-23,49.73089599609375,49.85411238957935,49.71446651690845,49.85411238957935,1649400
2021-09-24,49.665191650390625,49.706263792775474,49.64054899168043,49.68162113406528,3639000
2021-09-27,49.5994758605957,49.64876117703364,49.56661689390138,49.58304637724854,2185400
2021-09-28,49.385887145996094,49.45981824143513,49.34481501155285,49.45160506798768,1736000
2021-09-29,49.385887145996094,49.50089037587838,49.34481501155285,49.45160506798768,3580200
2021-09-30,49.336585998535156,49.39408759501534,49.320156523311965,49.36944181537956,3281000
2021-10-01,49.56869125366211,49.60161160974227,49.437012968799394,49.45347314683947,1422100
2021-10-04,49.519317626953125,49.54400946718647,49.45348004506711,49.494628926178166,1721800
2021-10-05,49.412330627441406,49.469939688263054,49.37941026712665,49.461708028455185,1777700
2021-10-06,49.37940216064453,49.404090857098346,49.32179310928041,49.36294198318937,803700
2021-10-07,49.23126983642578,49.32179925397872,49.22304131640198,49.30533907447289,1462300
2021-10-08,49.09959030151367,49.21480841569036,49.08313012242298,49.21480841569036,1088600
2021-10-11,48.98435974121094,49.06665747629573,48.98435974121094,49.025508608753334,350100
2021-10-12,49.1407356262207,49.17365598202167,49.03374917905447,49.17365598202167,1848500
2021-10-13,49.26417922973633,49.2888679237705,49.173649832334306,49.173649832334306,2276600
2021-10-14,49.3958625793457,49.40409109838455,49.305333172629126,49.33825352770022,2332100
2021-10-15,49.247718811035156,49.28886768070837,49.214798459513574,49.28063916255674,1470300
2021-10-18,49.132503509521484,49.17365238153081,49.041974107426356,49.124271851445,1646800
2021-10-19,48.98435974121094,49.09134930838705,48.98435974121094,49.09134930838705,1213500
2021-10-20,48.9679069519043,49.05843635782611,48.9679069519043,49.000827306686375,1372000
2021-10-21,48.85268020629883,48.92674942172481,48.82799151430926,48.92674942172481,3072800
2021-10-22,48.934993743896484,48.967914103486464,48.82800728441648,48.86915616417481,1130300
2021-10-25,48.99260330200195,49.041983841889426,48.95145442182489,48.95145442182489,1549900
2021-10-26,49.0584602355957,49.0666887585673,48.96793078561132,49.00907967938804,623100
2021-10-27,49.23126983642578,49.30533907447289,49.09136301981359,49.19012095739033,986800
2021-10-28,49.16542434692383,49.23126191489535,49.1160438163519,49.21480173803804,1693500
2021-10-29,49.1407356262207,49.20657633782263,49.02551752037526,49.05020621749702,2271400
2021-11-01,49.10859680175781,49.133331488176,49.026142604853845,49.04263344423464,1846600
2021-11-02,49.24051284790039,49.24875669367819,49.14156782673373,49.158058663594836,4462900
2021-11-03,49.18278884887695,49.24874904076612,49.05910916429035,49.23225820646757,3041800
2021-11-04,49.339447021484375,49.39716336883553,49.21576733698618,49.232258171272946,3686900
2021-11-05,49.57030487060547,49.61977736594035,49.39715585489022,49.4466283502251,4418900
2021-11-08,49.42189407348633,49.52908291507847,49.38891555286972,49.52908291507847,1263100
2021-11-09,49.5125846862793,49.60328268136291,49.5125846862793,49.562057177771536,759700
2021-11-10,49.18278884887695,49.4383889172419,49.14980718027986,49.43014507274514,1496700
2021-11-11,49.05086898803711,49.19928021721285,49.02613116208676,49.19103637209958,957200
2021-11-12,49.092098236083984,49.191040111490906,49.059116562513175,49.1745492747055,916300
2021-11-15,48.86123275756836,49.07561050403559,48.86123275756836,49.059119666206904,1203200
2021-11-16,48.852989196777344,48.951931079021925,48.836498358852296,48.852989196777344,3022400
2021-11-17,48.968414306640625,48.97666129697433,48.82824692402006,48.84473775938222,966000
2021-11-18,48.99314880371094,49.02613047431186,48.91894476281669,48.91894476281669,1719100
2021-11-19,49.075592041015625,49.16629004229852,49.067345052551076,49.10032671580022,943500
2021-11-22,48.76227951049805,48.98490105133863,48.76227951049805,48.92718470504347,1975000
2021-11-23,48.572628021240234,48.70455151626542,48.572628021240234,48.67981684385577,1645200
2021-11-24,48.64684295654297,48.663333789219045,48.50667559675344,48.53965411680086,1147200
2021-11-26,48.9024543762207,48.943679892197515,48.787018528058276,48.79526551843679,1714700
2021-11-29,48.976661682128906,48.984905527222196,48.77877480153194,48.80350948211708,1996600
2021-11-30,49.02613067626953,49.25699922612183,48.910697973996,49.1250756884799,5616400
2021-12-01,49.03606033325195,49.052618558157775,48.92843345044336,48.961549900255,2686600
2021-12-02,49.02778244018555,49.05261819828283,48.95327200773524,49.01950174871415,1842000
2021-12-03,49.284427642822266,49.375496301191255,49.01950235928985,49.05261880927103,2471300
2021-12-06,49.14368438720703,49.27614702067019,49.11884863035716,49.25131126382031,1698600
2021-12-07,49.14368438720703,49.234753039867634,49.11884863035716,49.127126163254346,2708000
2021-12-08,49.02778244018555,49.1105704059488,48.96154954104818,49.1105704059488,2252600
2021-12-09,49.044342041015625,49.13540754264687,49.01950312406297,49.09401355860384,950200
2021-12-10,49.094017028808594,49.19336322916584,49.06918126825897,49.11885594751698,1382300
2021-12-13,49.23474884033203,49.31753679487565,49.19335170490219,49.20163239525137,1270100
2021-12-14,49.11057662963867,49.16852884464881,49.06918264151126,49.16852884464881,1269200
2021-12-15,49.15196228027344,49.176801195463625,48.99466388880777,49.04433856102982,3717300
2021-12-16,49.27391815185547,49.31539387999166,49.23243925932406,49.249030183457585,3608500
2021-12-17,49.29050827026367,49.38175677516688,49.282214389997634,49.32369012011854,1796100
2021-12-20,49.2324333190918,49.331978851882056,49.19925463922321,49.29879700761864,1603700
2021-12-21,49.199249267578125,49.207543145541024,48.99186751016624,48.99186751016624,2389300
2021-12-22,49.2324333190918,49.25732128448678,49.15777575169651,49.2490242412235,1368500
2021-12-23,49.199249267578125,49.224134065861314,49.141182628654356,49.199249267578125,880800
2021-12-27,49.27391815185547,49.29880295585814,49.19096353118787,49.20755445532139,1178300
2021-12-28,49.26561737060547,49.348571984980644,49.24902644773044,49.331981062105605,1147100
2021-12-29,49.107994079589844,49.18265162863526,49.074812243482086,49.166060710581384,1553300
2021-12-30,49.22414016723633,49.24073108961308,49.10800687499397,49.157776477729335,678500
2021-12-31,49.16606140136719,49.26560374669497,49.15776436002665,49.24071895146155,995200
2022-01-03,48.867435455322266,48.96697780931608,48.84255065792241,48.95038688958471,2761700
2022-01-04,48.90061950683594,48.90061950683594,48.76789530737553,48.79278010590107,1546900
2022-01-05,48.651771545410156,48.925513875922725,48.651771545410156,48.908922952195425,3115400
2022-01-06,48.56052017211914,48.601995896784274,48.519044447454,48.56881405129418,1943400
2022-01-07,48.42781448364258,48.502472082362736,48.35315688492241,48.485881153269794,1309700
2022-01-10,48.39460754394531,48.39460754394531,48.24529242389065,48.31994998391799,1349700
2022-01-11,48.452674865722656,48.477559664617324,48.31165678612682,48.35313250574944,2235100
2022-01-12,48.452674865722656,48.560514268257144,48.452674865722656,48.51074150607325,1776100
2022-01-13,48.5356330871582,48.560521053925186,48.4360907132753,48.47756643869359,1525500
2022-01-14,48.286781311035156,48.45268739682779,48.27848743072345,48.45268739682779,1791000
2022-01-18,47.9466667175293,48.10427889493191,47.93007579546614,48.07109705080559,3150100
2022-01-19,47.996437072753906,48.11257035696758,47.97984615152414,48.03791279363098,1716000
2022-01-20,47.97983932495117,48.087678715403904,47.963248406081966,48.05449687766549,1447900
2022-01-21,48.187232971191406,48.23700574009777,48.145757245966934,48.17064204822262,2440300
2022-01-24,48.154048919677734,48.26188833183805,48.13745799746885,48.22870648742028,2123200
2022-01-25,48.07109451293945,48.20381871804287,48.062797470148496,48.13745503329383,2063900
2022-01-26,47.79733657836914,48.16233042038674,47.78904270213866,48.145739503531956,2061000
2022-01-27,47.872005462646484,47.971550987357006,47.82223586468581,47.847120663666146,2320400
2022-01-28,47.91347885131836,47.93006977129626,47.71439414037238,47.71439414037238,2242800
2022-01-31,47.96327209472656,47.97986302178988,47.83054784261577,47.86372969674241,2360400
2022-02-01,47.997337341308594,48.02227000849023,47.8477349972556,47.98902750907524,1740400
2022-02-02,48.013946533203125,48.12199334442494,48.013946533203125,48.047192193653025,2451600
2022-02-03,47.74799346923828,47.81448162784332,47.73137063696675,47.8061717969481,1867100
2022-02-04,47.448795318603516,47.48204098769339,47.340748479302185,47.448795318603516,2351900
2022-02-07,47.49866485595703,47.52359752307629,47.37399517939756,47.39892784651683,2398500
2022-02-08,47.357364654541016,47.432165814234075,47.340741822333555,47.40723315116341,2131000
2022-02-09,47.41555404663086,47.531910728754326,47.41555404663086,47.44048988600146,1287300
2022-02-10,46.983367919921875,47.282572616415486,46.9584352520413,47.22439427770636,2243300
2022-02-11,47.24931716918945,47.29087583436704,46.958425535832454,47.09140502115009,1603900
2022-02-14,47.00830078125,47.108034616937836,46.983364944466935,47.06647911627469,2311000
2022-02-15,46.88362121582031,47.0249136928385,46.87531138563374,46.92517670771479,1088900
2022-02-16,46.925174713134766,46.95842037342955,46.792195242436314,46.941797543282156,2078900
2022-02-17,46.99997329711914,47.058151614217834,46.95841780926014,46.97504063849984,1734200
2022-02-18,47.05816650390625,47.091412172904924,46.9833653339,47.083102340896005,979900
2022-02-22,46.95842742919922,46.97505026184428,46.87531643645504,46.92518176390909,2076100
2022-02-23,46.70077896118164,46.8753171212641,46.69246912997828,46.85038128669164,2209000
2022-02-24,46.817142486572266,46.85038498449065,46.6592271469138,46.69247281531363,2258600
2022-02-25,46.850379943847656,46.875315777705396,46.77557878323664,46.80882444805956,2342400
2022-02-28,47.23269271850586,47.24100254841019,47.024912095610055,47.024912095610055,2807300
2022-03-01,47.444236755371094,47.62744912666233,47.35262898129827,47.36095551673469,3889600
2022-03-02,46.91123962402344,47.244354977624546,46.91123962402344,47.21104248920831,3282400
2022-03-03,47.044490814208984,47.10278608597937,46.952883050897235,47.052817348667304,1538800
2022-03-04,47.09446334838867,47.2693491895968,47.07780710015153,47.236039869977056,1583500
2022-03-07,46.66972351074219,46.969529518492465,46.66972351074219,46.877921774251725,2396900
2022-03-08,46.46152877807617,46.54480681906734,46.353264783304745,46.47818502164513,2771400
2022-03-09,46.41990280151367,46.49485433020846,46.37826059246305,46.403246553264324,2828500
2022-03-10,46.07011795043945,46.26998970922949,46.01182268263691,46.2533334645925,2222200
2022-03-11,46.028480529785156,46.120088290051065,46.01182428456827,46.078449265435815,1067000
2022-03-14,45.528812408447266,45.7619967143337,45.51215933653467,45.75366700152278,1060100
2022-03-15,45.66205596923828,45.737004312855895,45.57044820234453,45.68703875044415,1621900
2022-03-16,45.7619743347168,45.80361334784423,45.378890330979566,45.73698838535789,2628800
2022-03-17,46.053470611572266,46.09510964278993,45.86192852648744,45.86192852648744,2075200
2022-03-18,46.10343551635742,46.14507454410803,45.98684496791405,45.98684496791405,1739400
2022-03-21,45.64539337158203,45.92021345716985,45.6204074169986,45.85359165760609,1764000
2022-03-22,45.53713607788086,45.57044857099429,45.478840803359454,45.51215329647288,1522400
2022-03-23,45.57877731323242,45.64540230268594,45.4788430059065,45.545464818505664,1964400
2022-03-24,45.52047348022461,45.57876874661255,45.303948658905654,45.412209481138255,1203300
2022-03-25,45.204010009765625,45.40388175847155,45.112402257310976,45.3955520481464,1579900
2022-03-28,45.32892608642578,45.387221345932836,45.21233556741167,45.24564805194524,1741200
2022-03-29,45.720340728759766,45.720340728759766,45.44551749128093,45.47050026674139,1618800
2022-03-30,45.7536506652832,45.7536506652832,45.528796152491495,45.55378210514846,1694200
2022-03-31,45.69535446166992,45.85358717677202,45.67869821919321,45.74532318910007,1694600
2022-04-01,45.66614532470703,45.741254242024986,45.44081857275315,45.44081857275315,1601100
2022-04-04,45.73292922973633,45.75796767000905,45.64947625156605,45.71623799739686,3262400
2022-04-05,45.190460205078125,45.64111056164842,45.190460205078125,45.61607531504056,2502400
2022-04-06,45.05693435668945,45.21549622713485,44.848298808643804,44.93175175445174,2421900
2022-04-07,44.915061950683594,45.07362382614937,44.89002670285372,45.04858857831949,3197700
2022-04-08,44.57291030883789,44.789889936234566,44.50614857099533,44.68974573770738,1827100
2022-04-11,44.431034088134766,44.547869502441365,44.36426917508741,44.53117827417953,1963600
2022-04-12,44.5478630065918,44.75649855415271,44.5478630065918,44.62297193105476,1764400
2022-04-13,44.723121643066406,44.76484812104275,44.589595003426375,44.60628623132216,1611000
2022-04-14,44.34758377075195,44.69809324322853,44.339239747288396,44.68140201277472,1426500
2022-04-18,44.14728927612305,44.33088641870888,44.12225084213651,44.305851168248594,4265800
2022-04-19,43.84685516357422,44.03879951912036,43.83850795742687,43.980381810194416,3362000
2022-04-20,44.08052444458008,44.1806686301316,43.99707148720818,44.038797965894126,2012400
2022-04-21,43.738365173339844,44.04714495665672,43.64656500392839,44.04714495665672,1439000
2022-04-22,43.69664001464844,43.77174895702914,43.529730900077254,43.604839842457956,3104400
2022-04-25,44.00543212890625,44.13895882124557,43.913631931011565,43.913631931011565,3756200
2022-04-26,44.03880310058594,44.24743870186774,43.98872941020872,44.21405624161626,2183400
2022-04-27,43.78843307495117,44.12224806635048,43.75505062075342,44.03879511438217,5378500
2022-04-28,43.830169677734375,43.830169677734375,43.62153406608304,43.68829580637754,2810600
2022-04-29,43.51304626464844,43.679955404514615,43.47131977556366,43.51304626464844,3307900
2022-05-02,43.35577392578125,43.43105582317444,43.255391680605136,43.41432863997102,1991100
2022-05-03,43.48125076293945,43.673645296594906,43.42269604360922,43.6234573605935,1748400
2022-05-04,43.87439727783203,43.89112764993685,43.297210608688594,43.489608292397875,2241400
2022-05-05,43.364139556884766,43.57326445768167,43.1466510640928,43.531440115720834,1682200
2022-05-06,43.10482406616211,43.313948969554694,43.08809369097157,43.17174556692427,2852600
2022-05-09,43.272125244140625,43.288855619569745,42.987715243831275,43.096461088624125,1936500
2022-05-10,43.372493743896484,43.539794266454756,43.33066941100493,43.439415229316616,1657700
2022-05-11,43.46451187133789,43.53979695158239,43.19683229513351,43.29721133846209,2696100
2022-05-12,43.539791107177734,43.67363087731443,43.506330366895604,43.573251847459865,1263800
2022-05-13,43.33905029296875,43.506347678966826,43.288859162573466,43.506347678966826,1986300
2022-05-16,43.49797821044922,43.61508764122622,43.464517461372175,43.52307217676067,1277200
2022-05-17,43.28886032104492,43.34741504590988,43.21357521893381,43.27212994379877,2078600
2022-05-18,43.31393814086914,43.32230492186907,43.16336799279029,43.16336799279029,890500
2022-05-19,43.44778060913086,43.673635845238785,43.422686646560706,43.556526431921824,1438800
2022-05-20,43.581626892089844,43.58999367485542,43.464517461313,43.55653292577842,1018000
2022-05-23,43.46451187133789,43.598351659440084,43.397593572782924,43.523066579195586,1305400
2022-05-24,43.80748748779297,43.85767861751049,43.58163219055371,43.58163219055371,1137000
2022-05-25,44.05006790161133,44.24246242273185,43.90786450421503,43.983149594305026,2008900
2022-05-26,44.18389892578125,44.28427796228696,44.10861385065396,44.18389892578125,1525400
2022-05-27,44.35120391845703,44.426489001174026,44.24245808986752,44.30101279964825,1467500
2022-05-31,44.05843734741211,44.11699526170058,43.916233931121354,44.05843734741211,1901000
2022-06-01,43.829566955566406,44.19006289295498,43.737346618360384,44.13137780529613,1457800
2022-06-02,43.85472106933594,43.93017378362233,43.73734769303683,43.88825312160961,2161000
2022-06-03,43.737335205078125,43.796023475519654,43.67865013273318,43.712185373529316,876900
2022-06-06,43.561279296875,43.75410213124845,43.53612946572523,43.75410213124845,2129800
2022-06-07,43.71219253540039,43.77926302798159,43.6115899946257,43.64512524091631,2011900
2022-06-08,43.561279296875,43.720570089080944,43.55289708585725,43.636731988420834,1108600
2022-06-09,43.318153381347656,43.536129243856564,43.318153381347656,43.51936162380999,3346600
2022-06-10,42.91573715209961,43.108559972269944,42.77321718862009,43.108559972269944,1486600
2022-06-13,42.13607406616211,42.412735070134566,41.86779847339342,42.28697948685666,3697600
2022-06-14,41.87618637084961,42.35405249872155,41.79234824432096,42.286981997498636,2172400
2022-06-15,42.48817443847656,42.53009188704063,42.001923080463634,42.26181637851499,2457200
2022-06-16,42.46302032470703,42.46302032470703,41.96000139840064,42.001918842735506,1818300
2022-06-17,42.496559143066406,42.56362962318233,42.2869686898489,42.53009438312437,1304900
2022-06-21,42.26183319091797,42.53010880616775,42.2366833513938,42.40435641044932,1267800
2022-06-22,42.513336181640625,42.67262700815751,42.48818634507363,42.59717430035931,1721500
2022-06-23,42.7564582824707,43.04150146561105,42.68938779321558,42.68938779321558,2177800
2022-06-24,42.81515121459961,42.957674431359614,42.73131628575081,42.764848338431804,2367000
2022-06-27,42.50494384765625,42.71453429740002,42.50494384765625,42.60554636806625,3266000
2022-06-28,42.46302032470703,42.51331997867047,42.362414620588154,42.446252707353885,1914000
2022-06-29,42.62232208251953,42.664239540809824,42.46303446177757,42.471416674196796,861100
2022-06-30,42.806766510009766,42.91575127155183,42.73131379919745,42.73969601235555,1086900
2022-07-01,43.274051666259766,43.3833060394876,43.10596382266677,43.12277292762697,2813500
2022-07-05,43.29926300048828,43.3664962132018,43.22362363243001,43.3496903145301,3162200
2022-07-06,43.02190399169922,43.44212185794128,42.99669194564722,43.42531275857065,2975300
2022-07-07,43.01351547241211,43.17319716098095,42.92947315337777,43.13958215697259,2033900
2022-07-08,42.90424346923828,42.95467076731153,42.820201178457424,42.88743436988053,921700
2022-07-11,43.02190399169922,43.13116153460437,42.971479899595224,43.04711924375911,1894300
2022-07-12,43.10596466064453,43.282455457144124,43.08915555535757,43.156388770496406,3357900
2022-07-13,43.290855407714844,43.29926156278048,42.75297689983079,42.76138305489643,2480200
2022-07-14,43.07234191894531,43.139578333020026,42.83702088170117,42.92106319328588,1559800
2022-07-15,43.30766677856445,43.35809409357125,43.02191840554386,43.09755777504957,1142800
2022-07-18,43.089149475097656,43.248831143777785,43.055531269267554,43.21521293794768,1815700
2022-07-19,43.13115692138672,43.16477511653225,43.021899390167526,43.12275397560411,1209300
2022-07-20,43.03871536254883,43.27403956014959,43.021906262291054,43.27403956014959,1646900
2022-07-21,43.54298782348633,43.54298782348633,43.15638484903341,43.164791003917564,821100
2022-07-22,43.85393524169922,44.02202302351104,43.69425361228227,43.837126142917256,743100
2022-07-25,43.593414306640625,43.7026718840332,43.593414306640625,43.677459830022954,1663500
2022-07-26,43.61022186279297,43.81192790573942,43.585009809677956,43.79511880165981,2691100
2022-07-27,43.92958450317383,44.089266168649296,43.75309373512065,43.76149668340525,1120100
2022-07-28,44.299373626708984,44.32458888271737,44.14809491469222,44.24894952670899,1421900
2022-07-29,44.391815185546875,44.45064543040933,44.21532445095951,44.25734559643156,862600
2022-08-01,44.38170623779297,44.52492584203341,44.3395830138279,44.406979529412816,1153700
2022-08-02,43.90150451660156,44.44068962053901,43.90150451660156,44.40698974809374,1635200
2022-08-03,44.20478820800781,44.22163814090161,43.8088228194938,43.943619068848086,988400
2022-08-04,44.4069938659668,44.42384380375193,44.18795110235408,44.2553476396976,869700
2022-08-05,43.90150451660156,43.94362775025979,43.749858304394564,43.90992787781452,928900
2022-08-08,44.05315017700195,44.18794645129787,44.05315017700195,44.07000011301353,1127000
2022-08-09,43.9099235534668,43.96889671753985,43.85937696357355,43.926773488030015,606300
2022-08-10,44.221641540527344,44.356437800244365,44.12896850938508,44.171091737959834,1003800
2022-08-11,44.00259780883789,44.48280970894002,43.985747873806666,44.3985632475804,1356300
2022-08-12,44.3395881652832,44.348011525536464,44.095268938585946,44.2047919046565,895300
2022-08-15,44.4069938659668,44.48281697910139,44.32274739083814,44.42384380375193,760300
2022-08-16,44.25535583496094,44.28905571677179,44.11213615796122,44.28905571677179,1698100
2022-08-17,43.93519592285156,44.061565599475145,43.84252289838327,44.00259244095825,929000
2022-08-18,44.00259780883789,44.12054414025996,43.985747873806666,44.02787110448648,1378100
2022-08-19,43.65717315673828,43.72457288294012,43.56450014010867,43.72457288294012,457700
2022-08-22,43.3707389831543,43.63190815108316,43.3707389831543,43.5392351168569,871200
2022-08-23,43.404441833496094,43.58978791467742,43.328618728812515,43.37916853653379,789000
2022-08-24,43.311771392822266,43.37074456513879,43.252798220505746,43.35389462822023,1199600
2022-08-25,43.68245315551758,43.70772966362292,43.320187606038836,43.38758734259131,1077300
2022-08-26,43.42129135131836,43.665610598923735,43.39601484080277,43.589787494970224,673100
2022-08-29,43.160118103027344,43.26121449417827,43.12641823471159,43.26121449417827,943800
2022-08-30,43.160118103027344,43.28649100231325,43.00847190940279,43.235941199839615,560600
2022-08-31,42.85681915283203,43.151688134745136,42.8231225034728,43.09271498112169,1596500
2022-09-01,42.695518493652344,42.712411271638864,42.44213326779047,42.64484338166074,2159400
2022-09-02,42.78842544555664,42.999580328967795,42.77153266824761,42.87288611013397,2081200
2022-09-06,42.38300704956055,42.64484025620984,42.34922149606366,42.6279474794614,1035500
2022-09-07,42.76306915283203,42.771513926802335,42.50968404815945,42.50968404815945,1223700
2022-09-08,42.67862319946289,42.83065497041027,42.65328564496091,42.74619430742518,1774200
2022-09-09,42.72929382324219,42.91511111465437,42.69550827535503,42.771524147117546,653100
2022-09-12,42.695518493652344,42.89822860752262,42.619502603696986,42.855998273540294,979300
2022-09-13,42.33231735229492,42.39988844114459,42.2647494854121,42.32387257717214,839800
2022-09-14,42.416786193847656,42.50969484094166,42.30698477255771,42.30698477255771,820500
2022-09-15,42.25629425048828,42.38298840939728,42.239401481169324,42.34075809708305,1811300
2022-09-16,42.306976318359375,42.35765463082013,42.13805183212345,42.163389377370535,1236700
2022-09-19,42.24785232543945,42.290082640601135,42.070483068580494,42.0958206132842,2722400
2022-09-20,41.94379806518555,42.053599486169,41.90156774079721,41.977583613483105,1261100
2022-09-21,41.97758102416992,42.1296127601639,41.70730309839552,42.03670411906013,1459400
2022-09-22,41.538387298583984,41.707311843102886,41.504601745286664,41.707311843102886,1362600
2022-09-23,41.42857360839844,41.49614469500819,41.268097110650395,41.47080392654616,2099900
2022-09-26,40.803550720214844,41.29342813286895,40.79510272474002,41.2174122834267,1391600
2022-09-27,40.423484802246094,40.930255150986106,40.41503680398562,40.8457945001852,2867600
2022-09-28,41.12451171875,41.149852488170936,40.71065007448824,40.75288039423397,1611000
2022-09-29,40.81200408935547,40.879575179520636,40.583956492998404,40.77821854427289,1513600
2022-09-30,40.77821350097656,41.09916969563262,40.72753841158691,40.997816294886796,1097700
2022-10-03,41.305015563964844,41.62685173139355,41.14409909565062,41.1949131220655,1401000
2022-10-04,41.51674270629883,41.694598232149374,41.440518447962916,41.53368178935123,1179300
2022-10-05,41.220314025878906,41.30500944201783,41.05939758141462,41.25419219233448,1173500
2022-10-06,41.06787872314453,41.237263135004774,41.02552938937891,41.16951001642079,1944000
2022-10-07,40.77991485595703,40.93236338942529,40.77144369809763,40.92389223156589,1283000
2022-10-10,40.585113525390625,40.84766447298637,40.42419707861894,40.80531837970959,825300
2022-10-11,40.51737594604492,40.77992699423389,40.46655867616288,40.6444175053495,1584800
2022-10-12,40.4919548034668,40.56817906630336,40.37338121509887,40.483483646040554,761400
2022-10-13,40.50042724609375,40.58511944500023,39.8398190483824,39.8398190483824,1698300
2022-10-14,40.161643981933594,40.72909194003715,40.14470813016899,40.72909194003715,1059300
2022-10-17,40.32255554199219,40.61051342607653,40.31408438701379,40.49194310277103,1328200
2022-10-18,40.51737594604492,40.576661145506776,40.246356968276146,40.54278296558542,1516900
2022-10-19,40.043087005615234,40.280231009900085,40.017679988685,40.19553556879809,954600
2022-10-20,39.805931091308594,40.153174190745474,39.78052408404232,40.017664767326195,662300
2022-10-21,39.983802795410156,40.05155914995782,39.64503071507427,39.72125499853998,1265600
2022-10-24,40.01767349243164,40.16165087273142,39.83134678305526,40.01767349243164,1515400
2022-10-25,40.39032745361328,40.55124716521685,40.31410317727489,40.31410317727489,2143800
2022-10-26,40.50890350341797,40.68675908198886,40.458086239197414,40.475025327270934,1267600
2022-10-27,40.66133499145508,40.796844419108766,40.52582556380139,40.65286706570154,1214700
2022-10-28,40.72062301635742,40.77990818847977,40.55123542566517,40.55970335133998,1509400
2022-10-31,40.55971908569336,40.619004280814245,40.42420960673121,40.585126103373504,789600
2022-11-01,40.657379150390625,40.87820650924801,40.521486637221884,40.84423257097255,1735100
2022-11-02,40.54697036743164,41.0735534724823,40.44504854844128,40.72532869076495,1871100
2022-11-03,40.411075592041016,40.50449906099866,40.139287329844045,40.215727069851596,1083100
2022-11-04,40.53846740722656,40.65737293307457,40.39408305153472,40.53846740722656,1179700
2022-11-07,40.47901916503906,40.55545890304001,40.368605490163695,40.52998007035068,2438400
2022-11-08,40.60641860961914,40.70833717730072,40.51299190593901,40.54696584181048,1197700
2022-11-09,40.58943176269531,40.72532426665351,40.49600505873664,40.56394969074931,1485500
2022-11-10,41.70206832885742,41.72755041162054,41.319872726687215,41.319872726687215,2469000
2022-11-11,41.77000045776367,41.81246625975528,41.58314704108098,41.702052582630685,814300
2022-11-14,41.549156188964844,41.702035605844245,41.549156188964844,41.634090998304345,2014400
2022-11-15,41.9908332824707,42.00782025477765,41.81247493314828,41.88042282237607,1685500
2022-11-16,42.22865295410156,42.26262366304475,42.03330760795833,42.08426529134016,2237500
2022-11-17,41.982337951660156,42.01631189347032,41.846445424352886,41.9313770389449,1325400
2022-11-18,41.9313850402832,42.084264567667994,41.88891922488388,42.04179875226867,1881300
2022-11-21,41.89741134643555,42.10124854180106,41.88042437349945,42.07576970236382,3731400
2022-11-22,42.135223388671875,42.169197335270546,41.98234386891174,42.033304788809744,1476000
2022-11-23,42.38151931762695,42.38151931762695,42.19466589678496,42.211652865946334,1452600
2022-11-25,42.44098663330078,42.5174264007546,42.35605175838865,42.40701268333593,1182400
2022-11-28,42.245635986328125,42.44098131424243,42.19467506776769,42.415499234995316,2081500
2022-11-29,42.101253509521484,42.20317211923008,42.05029258470009,42.135227459402415,1011700
2022-11-30,42.48344421386719,42.568375832378116,42.00781872637871,42.118232422389774,3282400
2022-12-01,42.97572708129883,42.98424569177583,42.65209135892802,42.69467466461913,2411600
2022-12-02,43.103458404541016,43.103458404541016,42.63503578151659,42.72020234974055,1047300
2022-12-05,42.77983093261719,42.90758406770011,42.669111765471804,42.899065459282745,1909700
2022-12-06,42.890541076660156,42.916090398742924,42.77982193280732,42.847957790223376,1630900
2022-12-07,43.2312126159668,43.248246581108425,43.00126220879648,43.05236085532471,2358000
2022-12-08,43.0523681640625,43.18012129986423,43.018300227995745,43.14605336379748,3153900
2022-12-09,42.8650016784668,43.01830089535097,42.8650016784668,42.97571759905552,1289000
2022-12-12,42.847965240478516,43.08643428510585,42.81389730584687,43.052366350474216,1004000
2022-12-13,43.214176177978516,43.5378117261287,43.14604032643349,43.427095840712376,1719100
2022-12-14,43.29084014892578,43.3504574121551,42.9842352243766,43.239738245201856,1718400
2022-12-15,43.313880920410156,43.33096091696141,43.160164209125085,43.279720927307636,4439700
2022-12-16,43.21141052246094,43.26265052347626,43.032075405422745,43.04061703443045,1383300
2022-12-19,42.91252136230469,43.05769648780555,42.86128135806353,43.05769648780555,2551700
2022-12-20,42.588008880615234,42.69048889157562,42.55385213463903,42.664867259996896,4531100
2022-12-21,42.77588653564453,42.835664914446866,42.70756652691196,42.792966537827674,1618200
2022-12-22,42.7673454284668,42.81858217406237,42.70756379581011,42.7417237979919,1255700
2022-12-23,42.724639892578125,42.758799891638255,42.613624782147916,42.6648615230613,977400
2022-12-27,42.314727783203125,42.57946287755641,42.314727783203125,42.5538445082462,1274500
2022-12-28,42.23788070678711,42.459917492409694,42.23788070678711,42.40867748241736,1451100
2022-12-29,42.459922790527344,42.46846116441938,42.33182437840125,42.36598438932527,1028000
2022-12-30,42.28057861328125,42.408677007990285,42.212261858399934,42.365978628979775,1112400
2023-01-03,42.49406433105469,42.716101064894524,42.4086675919943,42.69048269471177,1731500
2023-01-04,42.741722106933594,42.775882107763856,42.60508536128952,42.775882107763856,1300900
2023-01-05,42.66485595703125,42.71609594893671,42.468440874574895,42.53676086378218,2588500
2023-01-06,43.237022399902344,43.288259131684505,42.707552281861,42.76733389840057,1490800
2023-01-09,43.33096694946289,43.441982055987125,43.185788587403714,43.20286858633283,2297400
2023-01-10,43.24557876586914,43.3138987802449,43.14310200198309,43.2284987622752,2760700
2023-01-11,43.51030731201172,43.51030731201172,43.38220893339483,43.3907505627304,2731700
2023-01-12,43.89461135864258,43.89461135864258,43.47615936247768,43.64695616208944,3109900
2023-01-13,43.72380065917969,43.886055775506854,43.69817902989238,43.80065903168771,1753200
2023-01-17,43.68110275268555,43.783579497895786,43.638401122644034,43.65548112312524,2460700
2023-01-18,44.12517166137695,44.24473166996642,43.97145816568762,44.15933166383108,2309400
2023-01-19,44.05685043334961,44.11662880272603,43.99707206397319,44.022690434369714,2339500
2023-01-20,43.89461135864258,43.92876811242253,43.78359295024324,43.89461135864258,2816600
2023-01-23,43.83482360839844,43.92875873333502,43.775041972271815,43.80066360423388,1306300
2023-01-24,44.03977966308594,44.05685966615527,43.79212450509688,43.88606289313945,2442600
2023-01-25,44.065399169921875,44.099559176937355,43.928762399537526,44.031242420583965,1850200
2023-01-26,44.02269744873047,44.15079583647724,43.92022069313944,44.056857453153256,6079600
2023-01-27,43.93729782104492,43.97145782323301,43.88605781776278,43.90313781885683,1360900
2023-01-30,43.7835807800293,43.89459915756964,43.757962407395794,43.81774078199203,1145700
2023-01-31,44.13371276855469,44.13371276855469,43.85189763815876,44.014156019057175,2655900
2023-02-01,44.456581115722656,44.4994012880332,44.028372858677756,44.199656814889664,2209900
2023-02-02,44.53365707397461,44.696375029482,44.47370818157875,44.66212085309123,3767700
2023-02-03,44.10546112060547,44.22535893880057,44.04551221150792,44.16541002970302,2144400
2023-02-06,43.77145767211914,43.89991821579936,43.77145767211914,43.882792756884996,1153100
2023-02-07,43.694374084472656,43.97698985563071,43.68580808921243,43.76288571170462,2278300
2023-02-08,43.77145767211914,43.805715123888696,43.61730240612655,43.7286374908924,1189400
2023-02-09,43.52308654785156,43.899908634159864,43.52308654785156,43.899908634159864,3049600
2023-02-10,43.30042266845703,43.49739808621574,43.28329394513411,43.49739808621574,1480100
2023-02-13,43.4031982421875,43.4031982421875,43.26617170205075,43.300429153827544,862300
2023-02-14,43.25760269165039,43.39462922223982,43.094884707503624,43.317554861567814,3273700
2023-02-15,43.146263122558594,43.23190346366239,43.07774823609987,43.22334073633985,1539600
2023-02-16,42.96642303466797,43.120578297590406,42.93216885055103,43.026375207555894,2019200
2023-02-17,43.052066802978516,43.0691955285781,42.855091359038894,42.87222008463848,1894300
2023-02-21,42.563899993896484,42.786566842718194,42.563899993896484,42.76943812096735,1499900
2023-02-22,42.63240432739258,42.76086808508265,42.6152756085693,42.7009192026857,715600
2023-02-23,42.86363983154297,42.86363983154297,42.683793173021456,42.69235589948803,1401500
2023-02-24,42.62385177612305,42.67523794485918,42.529645433591725,42.58959433029896,1564000
2023-02-27,42.70948791503906,42.78656552706296,42.64953902423931,42.75230808461467,714800
2023-02-28,42.70948791503906,42.72661663626321,42.51251252141565,42.581027406312245,1418600
2023-03-01,42.45520782470703,42.63561488780669,42.429436791588365,42.60125132558869,1457900
2023-03-02,42.42085266113281,42.44662369736287,42.27480914261903,42.309172708985805,646100
2023-03-03,42.764469146728516,42.764469146728516,42.54111256834242,42.63561071665208,890000
2023-03-06,42.669979095458984,42.867567957831405,42.65280058986048,42.858975427942184,2124000
2023-03-07,42.55830001831055,42.747293063022276,42.506754673158376,42.747293063022276,2283100
2023-03-08,42.498165130615234,42.7301142665813,42.42943800421503,42.66138714018109,1538200
2023-03-09,42.54112243652344,42.65280239016734,42.48957708628238,42.54112243652344,3279700
2023-03-10,42.99640655517578,43.108086452528326,42.850366385404996,42.91909020732994,2908100
2023-03-13,43.21118927001953,43.606360399337134,43.09950933274643,43.288505645502504,1894500
2023-03-14,43.047969818115234,43.254144646894396,42.96206090854907,43.0823333819417,2136100
2023-03-15,43.425960540771484,43.546229740818234,43.19401139335707,43.25414599338045,2317100
2023-03-16,43.21118927001953,43.554818333741565,43.10810186173877,43.486091210161305,2596500
2023-03-17,43.468902587890625,43.63212784215963,43.331451639452524,43.41736053040703,1810200
2023-03-20,43.41737365722656,43.537642863835984,43.34005727053621,43.4689157302934,1776900
2023-03-21,43.47749710083008,43.58058449759363,43.37440970406654,43.443133542879146,2844100
2023-03-22,43.77817916870117,44.08744470056839,43.400189783691204,43.41737156624937,2658100
2023-03-23,43.984352111816406,44.018715672893215,43.73522120964391,43.803948331797514,1221900
2023-03-24,44.12181091308594,44.17335298676315,43.967178137874036,44.078858092658216,1075600
2023-03-27,43.68368911743164,43.84691444350845,43.65791807735238,43.76100551475999,1307200
2023-03-28,43.589176177978516,43.6579000154547,43.511859812637056,43.63212898603728,3840000
2023-03-29,43.675086975097656,43.69226875577721,43.51186497427629,43.51186497427629,2203600
2023-03-30,43.74380111694336,43.786757197657984,43.65789550969181,43.69225906342797,627200
2023-03-31,44.05309295654297,44.05309295654297,43.80396523532404,43.86409985186904,2397300
2023-04-03,44.32536697387695,44.33398572136479,43.946224261638406,44.03239201398247,1581500
2023-04-04,44.39430236816406,44.428770782821395,44.10994287787446,44.13579583241194,833000
2023-04-05,44.48048400878906,44.60112021067498,44.437400120556944,44.48910275868947,858900
2023-04-06,44.4632453918457,44.54941644686438,44.42878025692788,44.514948024856906,1732100
2023-04-10,44.21335983276367,44.23059404465722,44.08410488710702,44.196125620870134,1842600
2023-04-11,44.20473861694336,44.25644124973932,44.127186311294224,44.21335736595417,1159600
2023-04-12,44.230594635009766,44.43739860631288,44.18750746115591,44.39431471954889,1372400
2023-04-13,44.30813980102539,44.39431085414033,44.265055918012706,44.36846118175063,789600
2023-04-14,44.17888259887695,44.239200684930886,44.075480635225816,44.21335101579039,1918800
2023-04-17,43.97208023071289,44.09271641611624,43.937615097090166,44.084100954482935,2836800
2023-04-18,44.04102325439453,44.092722605630684,43.989320616068404,44.02378904161916,939900
2023-04-19,43.8514518737793,43.946238404114744,43.834217660346475,43.946238404114744,1182300
2023-04-20,44.00654602050781,44.04962990027761,43.954843392530464,43.9806963500638,2512200
2023-04-21,43.98930358886719,44.14440815671834,43.91175130494161,44.14440815671834,1205800
2023-04-24,44.19610595703125,44.204721415599906,44.07546981454,44.092700731677304,847700
2023-04-25,44.402915954589844,44.46323403415043,44.342597875029256,44.35983208163068,1012000
2023-04-26,44.247833251953125,44.43740633117734,44.19613389368501,44.42017211605783,1401100
2023-04-27,44.09272003173828,44.196125302354304,44.075489107058736,44.196125302354304,1212700
2023-04-28,44.377079010009766,44.377079010009766,44.204740181679156,44.29952670161548,1348500
2023-05-01,43.867088317871094,44.204194478848905,43.832512481531516,44.16961864250933,1682500
2023-05-02,44.281986236572266,44.30791646385722,43.96216800983659,44.00538615442253,2067300
2023-05-03,44.38571548461914,44.45486716167774,44.25606103613444,44.38571548461914,1740900
2023-05-04,44.35115432739258,44.50674234337701,44.21285423511023,44.2387844719962,1377500
2023-05-05,44.19556427001953,44.28200058720316,44.117770265620614,44.247424741396046,1307400
2023-05-08,43.95353317260742,44.0486150923946,43.918960626867076,44.005396937218755,1609000
2023-05-09,43.92759323120117,44.00538721225917,43.91895092100946,43.944881148917744,1144400
2023-05-10,44.238765716552734,44.24740802607264,44.143683825169305,44.16097174154201,1260300
2023-05-11,44.316566467285156,44.44622091390444,44.307920859110496,44.42893629222192,909300
2023-05-12,44.10911178588867,44.34249373099212,44.091823868029174,44.34249373099212,761300
2023-05-15,43.98810577392578,44.01403600565355,43.94488762193495,44.01403600565355,1253300
2023-05-16,43.806583404541016,43.91030761895324,43.78929548591675,43.86708947105926,1036600
2023-05-17,43.789302825927734,43.87573913620425,43.7374390613615,43.84980890258807,1131600
2023-05-18,43.616416931152344,43.65963507640482,43.564556475782624,43.64235045617033,1600700
2023-05-19,43.56456756591797,43.66829180039537,43.50406148769498,43.59049780020383,2269500
2023-05-22,43.55592346191406,43.651005387360975,43.52999322673185,43.581853697096285,1639300
2023-05-23,43.6077766418457,43.64235247858319,43.460830984378,43.51269473948424,2447000
2023-05-24,43.46946716308594,43.63369740596524,43.45217924846719,43.63369740596524,1905500
2023-05-25,43.296592712402344,43.47811087576215,43.28795040348016,43.46082296058512,1699600
2023-05-26,43.42625427246094,43.42625427246094,43.24473279569682,43.305238855507206,627200
2023-05-30,43.720149993896484,43.720149993896484,43.57320432455983,43.59913455554072,960500
2023-05-31,43.815216064453125,43.867079808902396,43.66827373451241,43.73742209644551,1726000
2023-06-01,43.95830535888672,44.01900900937943,43.897601708394006,43.93229045384722,1838700
2023-06-02,43.80221939086914,43.95831547322383,43.767533945536016,43.95831547322383,1069100
2023-06-05,43.75886154174805,43.85425396277889,43.637454208836694,43.698157875292374,992800
2023-06-06,43.784881591796875,43.784881591796875,43.6548004107539,43.741518992714646,770600
2023-06-07,43.446678161621094,43.7935591613879,43.438007625272995,43.75019986344264,1875600
2023-06-08,43.72417068481445,43.73284452709205,43.51604478357408,43.5333891600277,1026200
2023-06-09,43.576759338378906,43.63746301708766,43.55941495759035,43.61144809995602,1476300
2023-06-12,43.67214584350586,43.6808163786706,43.498705367293695,43.65480146507445,832700
2023-06-13,43.472686767578125,43.784878936668356,43.42065363669587,43.741516340215654,1911500
2023-06-14,43.55073165893555,43.67213898077528,43.35994683427229,43.594090944149535,1343700
2023-06-15,43.8715934753418,43.88026400897329,43.67213812080389,43.74151231415991,1660500
2023-06-16,43.75019073486328,43.79355002376152,43.64612777988717,43.715501980504015,1095800
2023-06-20,43.8542594909668,43.88894824991476,43.79355581685893,43.80222635254485,1018200
2023-06-21,43.82823944091797,43.880269265142005,43.66346950927055,43.73284701903825,1303200
2023-06-22,43.689483642578125,43.80221712325244,43.6461243570802,43.75018730389551,3278200
2023-06-23,43.767520904541016,43.914943100560215,43.69814341834331,43.914943100560215,903900
2023-06-26,43.8542594909668,43.88894824991476,43.81090019633291,43.8802744061267,486500
2023-06-27,43.767520904541016,43.92361694038524,43.69814341834331,43.88025435746136,1340800
2023-06-28,43.94096374511719,43.949637586075525,43.7588527822047,43.83690081032449,668700
2023-06-29,43.67214584350586,43.6808163786706,43.550738502587926,43.67214584350586,1306300
2023-06-30,43.8542594909668,43.86293333475486,43.67214846864318,43.724178298963,1358400
2023-07-03,43.78900146484375,43.95430744220504,43.77160031160615,43.85860275886354,574500
2023-07-05,43.52799606323242,43.75420778096996,43.510594906565586,43.71070654876852,1449000
2023-07-06,43.16258239746094,43.23218370627326,43.049476536843166,43.22348478727097,3886800
2023-07-07,43.16258239746094,43.301788334016905,43.15388015952732,43.17998355439685,751100
2023-07-10,43.40618133544922,43.40618133544922,43.188671905370654,43.22347421072655,1712300
2023-07-11,43.52799606323242,43.53669830103147,43.41489352329492,43.449692517697315,945200
2023-07-12,43.893402099609375,43.919502168236974,43.77159735410672,43.77159735410672,2000500
2023-07-13,44.18050765991211,44.19790880994502,44.0239006285459,44.05870292861173,3383200
2023-07-14,43.91950607299805,44.13701551471392,43.91950607299805,44.11091544376584,1191500
2023-07-17,43.971702575683594,44.02390270931954,43.902097972262105,43.93690027397285,954200
2023-07-18,44.05001449584961,44.18051817375801,44.05001449584961,44.14571918434092,1214400
2023-07-19,44.215309143066406,44.24140920816855,44.110905563727876,44.197907993354995,1718300
2023-07-20,43.971702575683594,44.06740724592306,43.87599790544413,44.058705011030284,1693600
2023-07-21,44.05001449584961,44.0848134852667,44.01521218750171,44.0848134852667,722800
2023-07-24,43.98910903930664,44.15441501400218,43.98040680336286,44.128314944031985,1429700
2023-07-25,43.93690490722656,43.9717072126073,43.87600253227554,43.89340368496591,1429700
2023-07-26,44.1544189453125,44.1544189453125,43.954310646886235,44.06741649171182,948500
2023-07-27,43.719390869140625,44.11090846608314,43.69329080232118,44.10220623118988,1286800
2023-07-28,43.95431900024414,43.963017919685065,43.83251421448228,43.910817765176546,848100
2023-07-31,44.023921966552734,44.076125441954034,43.94561841291659,43.96301957138369,1759600
2023-08-01,43.72535705566406,43.891213669112425,43.70789793898749,43.84756754241401,2366200
2023-08-02,43.585693359375,43.62061159746058,43.47221075059011,43.57696213486037,1866800
2023-08-03,43.341270446777344,43.39364447161605,43.29762098609666,43.38491657747171,2353700
2023-08-04,43.734100341796875,43.76901858743994,43.50713840509132,43.52459752791285,1866300
2023-08-07,43.690452575683594,43.74282994220123,43.64680643524576,43.73409871612143,2364500
2023-08-08,43.821388244628906,43.88249349875795,43.77774211024911,43.821388244628906,2335700
2023-08-09,43.83885955810547,43.89123360193437,43.795210081598015,43.85631868271094,4724400
2023-08-10,43.585693359375,43.96105609382879,43.585693359375,43.89995084217227,1798000
2023-08-11,43.43729782104492,43.57696746047001,43.428569925450105,43.454756942221415,1083600
2023-08-14,43.38491439819336,43.47220665519728,43.288890917497355,43.40237351559137,1424800
2023-08-15,43.24525833129883,43.41984622996523,43.24525833129883,43.33255061563843,851600
2023-08-16,43.088130950927734,43.32382412226234,43.05321270406617,43.25398762853921,2413600
2023-08-17,43.00957107543945,43.114322497033186,42.93100667674724,43.10559459939523,997200
2023-08-18,43.157955169677734,43.21033252911426,43.018285541166925,43.053203780791286,1352900
2023-08-21,42.965911865234375,43.03574501507105,42.89607538541106,43.009558000130625,887100
2023-08-22,42.983375549316406,43.053208706568206,42.913539062077604,42.965916427506706,1485000
2023-08-23,43.42856216430664,43.45474917639805,43.21905607761653,43.22778730163785,1969100
2023-08-24,43.297630310058594,43.41111293829099,43.280174518010874,43.358735572186724,3266200
2023-08-25,43.28016662597656,43.393645903529254,43.14922489958632,43.28889452040892,1448100
2023-08-28,43.42856216430664,43.43729005834169,43.32381078595473,43.42856216430664,1355300
2023-08-29,43.70792007446289,43.71665130221603,43.37620334958526,43.39366247510384,1036000
2023-08-30,43.67300033569336,43.76902385778064,43.66427243822524,43.74283683538869,5443600
2023-08-31,43.734100341796875,43.80393683308301,43.70791332255817,43.7253724453797,1710200
2023-09-01,43.54403305053711,43.79800817187815,43.49148474567959,43.78925179149596,963500
2023-09-05,43.316349029541016,43.44771818785493,43.307592644719776,43.44771818785493,1096600
2023-09-06,43.21126174926758,43.33387119904722,43.16747313732584,43.33387119904722,1351000
2023-09-07,43.368892669677734,43.368892669677734,43.22876714170043,43.263799358908784,1904900
2023-09-08,43.37764358520508,43.52652881914351,43.368887202434905,43.447708010789206,2532300
2023-09-11,43.316349029541016,43.36013763536016,43.2813168085431,43.36013763536016,719900
2023-09-12,43.307586669921875,43.33385916161746,43.272554453757074,43.33385916161746,934800
2023-09-13,43.37764358520508,43.421435521623,43.25503418128854,43.28130667045475,1543200
2023-09-14,43.351375579833984,43.4739849964319,43.333859471626276,43.4739849964319,927200
2023-09-15,43.2637939453125,43.325098647328005,43.22000200885368,43.30758254091562,805300
2023-09-18,43.316349029541016,43.316349029541016,43.211255707403765,43.22877181790272,1818700
2023-09-19,43.1674690246582,43.26380596626594,43.1674690246582,43.22001401763943,800200
2023-09-20,43.149959564208984,43.35138986368283,43.149959564208984,43.307601249163675,1821300
2023-09-21,42.878456115722656,42.94852055743429,42.86969973093693,42.93976083179211,2360500
2023-09-22,43.062374114990234,43.08864995341017,42.92224855989202,42.9835566223007,2386100
2023-09-25,42.80839538574219,42.957277314384584,42.80839538574219,42.878456487204346,2302000
2023-09-26,42.72080993652344,42.89596768138838,42.703293827951335,42.878451572816275,2774900
2023-09-27,42.53690719604492,42.88722277956346,42.440570243534474,42.878463052504145,2386700
2023-09-28,42.63323974609375,42.63323974609375,42.361745029859556,42.510630306780456,1872700
2023-09-29,42.60695266723633,42.84341173878073,42.55440435086229,42.817139251021466,2702300
2023-10-02,42.2888298034668,42.48217133267254,42.28004307597255,42.429440910407365,2380400
2023-10-03,41.94608688354492,42.25367595869719,41.902146544932585,42.19215546172038,2587400
2023-10-04,42.2097282409668,42.2097282409668,41.963659686265565,42.09548404195987,1824300
2023-10-05,42.21852493286133,42.332769149764665,42.148217704828674,42.306405615469,1584400
2023-10-06,42.06912612915039,42.1306432809421,41.85821113798831,41.91093820956216,1747900
2023-10-09,42.5524787902832,42.5524787902832,42.26246982450652,42.28883336164071,748700
2023-10-10,42.5436897277832,42.64914722296731,42.34156146516645,42.403078616726624,925300
2023-10-11,42.68429946899414,42.71066300383576,42.55247508991959,42.68429946899414,1102800
2023-10-12,42.376708984375,42.65793116602921,42.32397856815252,42.62277755521422,1882400
2023-10-13,42.5524787902832,42.66672637192057,42.50853844424837,42.64036283478637,2309100
2023-10-16,42.32398986816406,42.41187056623181,42.32398986816406,42.394297108565254,1113500
2023-10-17,41.98124313354492,42.11306415766568,41.910935905400656,42.03397355465312,1859200
2023-10-18,41.74395751953125,41.92850894819161,41.735170793018646,41.91093214273355,2135900
2023-10-19,41.541831970214844,41.805477364259154,41.541831970214844,41.70001987712804,1498800
2023-10-20,41.73517990112305,41.75275335798341,41.620932316929185,41.638509126223134,1557000
2023-10-23,41.95488357543945,42.007610649111655,41.57699056943249,41.63850772367237,1661700
2023-10-24,42.09549331665039,42.104280044497386,41.92851531565716,41.99882254816659,2508800
2023-10-25,41.80548095703125,41.95488214970354,41.761540612986465,41.94609206943457,2445600
2023-10-26,42.04275894165039,42.060335748126114,41.831840616374734,41.84941742285046,1390900
2023-10-27,42.016395568847656,42.069122636043446,41.928511536132916,42.033972375390604,2073500
2023-10-30,41.91972732543945,41.981244475816005,41.840633367464854,41.89336043782574,1593800
2023-10-31,41.91094207763672,42.06034328322906,41.90215534904124,41.97245923510602,1628100
2023-11-01,42.352813720703125,42.37927212760228,42.000019261060274,42.01765932049214,1887100
2023-11-02,42.6879768371582,42.73207531249348,42.599776521989654,42.65269671109078,1404600
2023-11-03,42.943729400634766,43.19950514911694,42.93491105546137,43.11130823939723,3876700
2023-11-06,42.740875244140625,42.864352267670675,42.72323518870825,42.85553392220277,2832800
2023-11-07,42.952552795410156,43.03193136307063,42.83789411667912,42.84671582669504,1267600
2023-11-08,43.07604217529297,43.12014064453178,42.97902352426905,42.97902352426905,1879000
2023-11-09,42.77616500854492,43.05839923016317,42.767346661086926,43.05839923016317,1622800
2023-11-10,42.91728210449219,42.98784234212097,42.864361926270604,42.98784234212097,1065200
2023-11-13,42.952552795410156,42.96137114092951,42.76733725903456,42.802614005608554,1590800
2023-11-14,43.525848388671875,43.59640862528725,43.48174992303589,43.49938998218974,3446500
2023-11-15,43.34062194824219,43.40236045755336,43.26124338419976,43.39354211243594,3025300
2023-11-16,43.649322509765625,43.658140855822566,43.52584211349106,43.52584211349106,1953100
2023-11-17,43.71987533569336,43.75515544565776,43.62285671553947,43.693416935468285,1401300
2023-11-20,43.8169059753418,43.843364382824724,43.658148801449464,43.70224726875347,2037200
2023-11-21,43.8521842956543,43.8874610493516,43.781624059265184,43.834544236557015,1375400
2023-11-22,43.95802307128906,43.984481478761076,43.8257243049342,43.94920472363085,1337400
2023-11-24,43.79043960571289,43.8786365242846,43.79043960571289,43.82571635444351,630300
2023-11-27,44.06386184692383,44.06386184692383,43.85218784959615,43.89628631866462,3115000
2023-11-28,44.240257263183594,44.257897322983,43.984481442838366,43.993303154986755,2112000
2023-11-29,44.49603271484375,44.540131181728164,44.39019572142168,44.41665412865285,1933600
2023-11-30,44.363731384277344,44.41665156017685,44.266712744043495,44.41665156017685,2465900
2023-12-01,44.73013687133789,44.73898582825444,44.32301732965956,44.34956757658506,2092000
2023-12-04,44.57081985473633,44.64162162464476,44.47346446695893,44.58852114125723,2573500
2023-12-05,44.77438735961914,44.87174276430031,44.6504817086343,44.66818299822868,1669600
2023-12-06,44.88944625854492,44.95139908708002,44.836342387153714,44.880593925225085,2649200
2023-12-07,44.91599655151367,44.99565067059295,44.83634243243439,44.86289268006884,2896500
2023-12-08,44.694732666015625,44.78323573666616,44.641628797919864,44.694732666015625,2243700
2023-12-11,44.694732666015625,44.712433955380874,44.54427677067458,44.65048113069036,1576900
2023-12-12,44.88944625854492,44.907147549008656,44.65933285869231,44.73013802054725,1718200
2023-12-13,45.535526275634766,45.57977781186744,44.97794746581085,45.04875262472377,1381500
2023-12-14,45.86146545410156,45.96803646367182,45.746011550832186,45.8170611490999,2462600
2023-12-15,45.817054748535156,45.879221444419166,45.75488805265115,45.825934253162515,2891400
2023-12-18,45.72825241088867,45.81706102064301,45.72825241088867,45.77265671576584,2283900
2023-12-19,45.799293518066406,45.88810211792549,45.77265161567487,45.83481831314241,2223300
2023-12-20,45.95027542114258,45.97691732539986,45.79041721993654,45.914750623578755,2048600
2023-12-21,45.99467468261719,46.119008072630976,45.90586269844248,46.07460377445902,2260700
2023-12-22,46.003562927246094,46.083492034273505,45.93251671423919,46.083492034273505,1936900
2023-12-26,46.0479621887207,46.08348698524768,45.95915358523432,45.985795488714025,1463100
2023-12-27,46.38544464111328,46.4032070407787,46.172302620790944,46.23446932570424,2326000
2023-12-28,46.269989013671875,46.37656340769454,46.24334710908182,46.32327621068321,1681800
2023-12-29,46.181175231933594,46.278866721592536,46.154533330328725,46.172295727342245,1501300
2024-01-02,45.94138717651367,46.01243676336535,45.905862383087836,45.94138717651367,1577800
2024-01-03,45.87922286987305,45.9147476651479,45.64831847624843,45.71048517406394,1601300
2024-01-04,45.674964904785156,45.746011114543975,45.630560600206984,45.66608201117075,1379500
2024-01-05,45.550621032714844,45.852574977443815,45.53285863739779,45.5683834280319,1327000
2024-01-08,45.74600601196289,45.817055601628006,45.57726831825459,45.60391022046356,1823300
2024-01-09,45.799293518066406,45.825935420457945,45.674960123131314,45.674960123131314,1153500
2024-01-10,45.70161437988281,45.94140172972034,45.70161437988281,45.888114522701386,1838900
2024-01-11,45.99467468261719,46.03907898078914,45.746004514758816,45.817054102098574,2316700
2024-01-12,46.12789535522461,46.23446975420484,46.02132434407574,46.14565775505464,1044200
2024-01-16,45.781524658203125,45.99467001074153,45.71935796951077,45.94138282564932,1974800
2024-01-17,45.63943099975586,45.692718187316274,45.541739516477065,45.67495579146281,2621800
2024-01-18,45.630558013916016,45.737129016429556,45.586153711854635,45.719366618038784,2107200
2024-01-19,45.648311614990234,45.648311614990234,45.47069105314455,45.61278682505501,1617300
2024-01-22,45.754878997802734,45.817045681384016,45.719354210661955,45.79928328781363,1338000
2024-01-23,45.648311614990234,45.69271590849405,45.5950244300874,45.69271590849405,1078900
2024-01-24,45.56839370727539,45.84370242721722,45.55951081369782,45.834822921470916,1561700
2024-01-25,45.817054748535156,45.817054748535156,45.70160086139449,45.74600516019295,2384200
2024-01-26,45.72825241088867,45.83482342016014,45.71049001137155,45.83482342016014,1042800
2024-01-29,45.90586853027344,45.9591557275478,45.82593942827749,45.88810613118198,1353700
2024-01-30,45.96802520751953,46.003549997954465,45.817049929916806,45.96802520751953,2786300
2024-01-31,46.181175231933594,46.252224819987674,46.03907944365626,46.154533330328725,2908200
2024-02-01,46.402183532714844,46.46456376520005,46.22395284012811,46.366536714303955,1541800
2024-02-02,46.06355285644531,46.08137626847524,45.9387923717041,45.983349202044785,1941900
2024-02-05,45.716007232666016,45.84968113020941,45.65362698700402,45.814034304268716,1702800
2024-02-06,45.91205596923828,45.98334621325606,45.7694720817347,45.79620549830786,2684100
2024-02-07,45.849674224853516,45.98334470279656,45.81402740428154,45.849674224853516,1286200
2024-02-08,45.68035888671875,45.78729936098241,45.67144888026427,45.769475948605134,1239900
2024-02-09,45.66253662109375,45.66253662109375,45.57341956360387,45.60906638659982,1441800
2024-02-12,45.68927001953125,45.742740254002854,45.609066367557915,45.68035661405191,1190400
2024-02-13,45.297157287597656,45.413004342937164,45.26151047081586,45.368447521693696,1438900
2024-02-14,45.475379943847656,45.484293346869634,45.34170949372294,45.377352907409204,1166700
2024-02-15,45.617977142333984,45.689270789497584,45.53777348900904,45.66253737154533,1226100
2024-02-16,45.44865417480469,45.48430099395131,45.38627394103199,45.4040973506053,1454200
2024-02-20,45.60014343261719,45.626880243999636,45.51994319687215,45.60905683623382,987000
2024-02-21,45.48430252075195,45.63579640800873,45.45756570576061,45.62688640265687,1092600
2024-02-22,45.52885818481445,45.58232841396501,45.46647795053938,45.54668159453131,1159000
2024-02-23,45.62688446044922,45.65361787483471,45.51103399899918,45.528857408412094,1211500
2024-02-26,45.50211715698242,45.60905419792402,45.439736933144225,45.60014079482299,3264700
2024-02-27,45.46648406982422,45.56451113672635,45.43083724559285,45.49321748826361,2653100
2024-02-28,45.48430252075195,45.502125930923555,45.4219222848853,45.46647911058035,1371400
2024-02-29,45.56450271606445,45.662529764850454,45.50212248492202,45.56450271606445,1956000
2024-03-01,45.78448486328125,45.80236983675966,45.40890724265452,45.53409864579346,2295400
2024-03-04,45.70399856567383,45.739768508230185,45.65928784308313,45.68611359439566,1647900
2024-03-05,45.88284683227539,45.97226828128646,45.80236616368158,45.85601766860437,1768100
2024-03-06,45.97227478027344,46.09746619107078,45.95438980570095,45.99015975484593,1480700
2024-03-07,46.09745788574219,46.115342857092365,46.0080364402008,46.09745788574219,1223500
2024-03-08,46.17793655395508,46.24947643626159,46.14216661280182,46.1958215245317,1497700
2024-03-11,46.1511116027832,46.222648075119,46.106400881172156,46.17793735350795,1349600
2024-03-12,46.04380416870117,46.12428483030199,46.00803422772096,46.06168572798195,2734600
2024-03-13,45.99016189575195,46.088527554874666,45.98121770244429,46.025931846562074,1920100
2024-03-14,45.730831146240234,45.89179250057165,45.695061198342145,45.89179250057165,3403200
2024-03-15,45.721885681152344,45.75765221417655,45.65928998434794,45.721885681152344,1422500
2024-03-18,45.67716979980469,45.74870626898672,45.65034063905333,45.71293632879108,2394700
2024-03-19,45.8023681640625,45.856019671328475,45.73082827276151,45.75765402639449,1753100
2024-03-20,45.90967559814453,45.97227129880284,45.7218884961696,45.811309951050085,2040500
2024-03-21,45.954383850097656,46.03486451963867,45.90967312506591,46.00803876686155,1835600
2024-03-22,46.07958221435547,46.151122114194635,46.06169723939568,46.151122114194635,1569500
2024-03-25,45.97227478027344,46.08852540938958,45.96333399859225,46.07958121649828,855000
2024-03-26,45.96332550048828,45.99909203181033,45.909670586691,45.97226628051642,1267100
2024-03-27,46.17793655395508,46.17793655395508,46.008034450291134,46.02591942086776,1668900
2024-03-28,46.14217758178711,46.21371748110018,46.10641104334072,46.13323679997805,2258200
2024-04-01,45.82536315917969,46.013833273755296,45.78946311156044,46.013833273755296,2566700
2024-04-02,45.78048324584961,45.78945996894682,45.609963166786734,45.69073655657794,1577100
2024-04-03,45.8343391418457,45.8702391915661,45.60996896651902,45.66381904109961,1747100
2024-04-04,45.87920379638672,45.94202715968147,45.798430411633966,45.93305386076074,1680500
2024-04-05,45.74459457397461,45.852291304539904,45.71766782362029,45.74459457397461,3213100
2024-04-08,45.68177795410156,45.735624615541724,45.64587789739622,45.672801228116306,1681500
2024-04-09,45.8522834777832,45.87920679992452,45.79843340988383,45.8522834777832,1862400
2024-04-10,45.31380081176758,45.52022095629571,45.27790076307997,45.502270931951905,4943100
2024-04-11,45.277896881103516,45.430466939519384,45.19712349029018,45.421493639925366,2892700
2024-04-12,45.34969711303711,45.439447234115306,45.340723812737814,45.403547185684026,1712500
2024-04-15,45.0086555480957,45.143275590172735,44.972755500761714,45.143275590172735,2983300
2024-04-16,44.89199447631836,44.927894533544816,44.793271030754546,44.89199447631836,2401300
2024-04-17,45.10736846923828,45.17019525402893,45.0086484899762,45.08942187200257,2462900
2024-04-18,44.9907112121582,45.11635797009449,44.96378446144516,45.11635797009449,1924900
2024-04-19,45.035579681396484,45.10737635373821,45.0176296574068,45.09840305355187,1851100
2024-04-22,45.14327621459961,45.14327621459961,45.02660277095878,45.0535295186402,1202900
2024-04-23,45.24199295043945,45.349689654403434,45.062496161421834,45.125319524035525,1858100
2024-04-24,45.0984001159668,45.17020020724867,45.03557674790355,45.17020020724867,1747400
2024-04-25,44.99968719482422,45.01763722183009,44.81121704668896,44.874040429400715,2835600
2024-04-26,45.10736846923828,45.179168552646786,45.09839517062042,45.12531849009041,1560100
2024-04-29,45.26892852783203,45.30482858007938,45.188155122084204,45.22405517433155,2561700
2024-04-30,45.08943557739258,45.197132311624436,45.05353552477614,45.1343089313544,2458800
2024-05-01,45.246158599853516,45.417305485702094,45.06600199379102,45.18310430316186,2929100
2024-05-02,45.516387939453125,45.52539765890469,45.25516449077759,45.30920906268231,2033200
2024-05-03,45.777610778808594,45.957767353706004,45.64249248858532,45.82264906348273,2120400
2024-05-06,45.84968948364258,45.85869576898467,45.78663517764205,45.79564146298414,1519300
2024-05-07,45.84968948364258,45.99381410252978,45.840679762098524,45.94877236721344,1554200
2024-05-08,45.768619537353516,45.82266412224288,45.7596098157373,45.768619537353516,2303000
2024-05-09,45.81365203857422,45.85869033234923,45.73258173529858,45.759604024323274,4036400
2024-05-10,45.69655227661133,45.77762258441236,45.66952998607823,45.750600293879266,1343500
2024-05-13,45.71456527709961,45.831667588714325,45.70555899291457,45.81365158414271,2325600
2024-05-14,45.83167266845703,45.876710966777104,45.78663437013695,45.822662947071876,1853500
2024-05-15,46.173973083496094,46.21000510178235,46.03885816922624,46.12893477873948,1406000
2024-05-16,46.11992645263672,46.21901278044067,46.11091673036241,46.21901278044067,2244500
2024-05-17,46.06586456298828,46.1289188551218,46.047848560064246,46.11090285219777,1952300
2024-05-20,46.03885269165039,46.06587498404885,46.02083668465076,46.03885269165039,1208700
2024-05-21,46.11090850830078,46.14694051856864,46.08388621870069,46.137934234102495,1233200
2024-05-22,46.02983856201172,46.09289286237105,45.993809987664704,46.002816272201045,1235200
2024-05-23,45.87671661376953,46.09290184679703,45.840684596197505,46.09290184679703,2273900
2024-05-24,45.98479461669922,45.98479461669922,45.86769231490544,45.89471803759707,1075000
2024-05-28,45.777610778808594,46.02982792194445,45.76860449635411,46.02982792194445,2261900
2024-05-29,45.624488830566406,45.6785334082457,45.55242481205864,45.6785334082457,4662200
2024-05-30,45.82265853881836,45.84067454365359,45.7325819508438,45.75059795567903,3667400
2024-05-31,46.02083206176758,46.02083206176758,45.91273946682989,45.95777776170379,2567500
2024-06-03,46.24687576293945,46.24687576293945,46.07508653439125,46.093169792608364,1830300
2024-06-04,46.391536712646484,46.436743132050445,46.30112042480985,46.34632684421381,2538400
2024-06-05,46.50906753540039,46.518110887691606,46.301115270070696,46.42769460992109,1635700
2024-06-06,46.49097442626953,46.51810102836548,46.44576802147976,46.463851273201186,1663500
2024-06-07,46.138370513916016,46.21974344132619,46.12933061043862,46.183580378388214,1228900
2024-06-10,46.102203369140625,46.12028317449464,46.056993508671255,46.06603686037638,1252400
2024-06-11,46.23781967163086,46.26494282697018,46.09315709477469,46.12028025011401,1434200
2024-06-12,46.472896575927734,46.72605521260789,46.472896575927734,46.61755914674893,1482900
2024-06-13,46.67182159423828,46.73511127529383,46.58140874959576,46.662781689385604,1571100
2024-06-14,46.67182159423828,46.71702801655954,46.61757526706434,46.662781689385604,1643600
2024-06-17,46.50003433227539,46.53620084859479,46.45482791139055,46.46386781595599,971700
2024-06-18,46.67182159423828,46.73511127529383,46.599492008330046,46.599492008330046,1179600
2024-06-20,46.55427551269531,46.58139867041343,46.481942493409406,46.50002574823088,1359200
2024-06-21,46.599483489990234,46.662773159476494,46.50906721284677,46.63565000084761,3677100
2024-06-24,46.62660598754883,46.68085575306575,46.59948282930449,46.60852273237652,1668400
2024-06-25,46.61756134033203,46.64468449581611,46.5542716781839,46.60851798915206,1485800
2024-06-26,46.42768859863281,46.463855105058315,46.391525541235204,46.409608794447955,1335500
2024-06-27,46.51811981201172,46.572366140052644,46.50907645798557,46.50907645798557,2205900
2024-06-28,46.34632873535156,46.65373722848233,46.33728883071339,46.62661406553895,1528100
2024-07-01,46.1475715637207,46.329076967801385,46.12034696478328,46.23832599672486,5639700
2024-07-02,46.35630798339844,46.35630798339844,46.256479831694676,46.32907992079787,1278100
2024-07-03,46.59226608276367,46.62856786099244,46.437985256255466,46.465213320891095,1507900
2024-07-05,46.8372917175293,46.86451631664732,46.71931268480512,46.773765344968815,1446700
2024-07-08,46.846378326416016,46.891753824746836,46.801002828085196,46.85545550323935,2119600
2024-07-09,46.7828369140625,46.828212397822924,46.701159658522734,46.755612316191744,1573700
2024-07-10,46.86452865600586,46.86452865600586,46.773777660432756,46.81915315821931,1099900
2024-07-11,47.08232879638672,47.1730797782829,47.05510073227543,47.091402509805114,2321600
2024-07-12,47.22752380371094,47.22752380371094,47.07324300840138,47.11861849104746,1418700
2024-07-15,47.04602813720703,47.182158075215355,47.04602813720703,47.1277054076264,1160400
2024-07-16,47.22752380371094,47.236597515469185,47.082320182087045,47.100471067530954,1385900
2024-07-17,47.25475311279297,47.26383028738374,47.127700363944264,47.16400213845183,1442800
2024-07-18,47.10955810546875,47.26383894442071,47.100484391143766,47.173084491528854,2221400
2024-07-19,46.98249435424805,47.09139621034116,46.96434346791126,47.09139621034116,497900
2024-07-22,47.00972366333008,47.10955181722173,46.94619728574956,47.06417632779677,804400
2024-07-23,47.00065612792969,47.10048429494264,47.00065612792969,47.02788073277744,3023300
2024-07-24,46.846378326416016,47.10956106343482,46.846378326416016,47.027883781667896,2054800
2024-07-25,46.97342300415039,47.05510027182894,46.91897380031671,46.91897380031671,1565800
2024-07-26,47.18215560913086,47.200303035450524,47.10955205614038,47.19122932229069,1567300
2024-07-29,47.25475311279297,47.30012859996354,47.18215302570561,47.26383028738374,1688500
2024-07-30,47.300132751464844,47.345508242617996,47.20938176915855,47.345508242617996,1329800
2024-07-31,47.56332015991211,47.56332015991211,47.33643921973662,47.42719021103545,1863200
2024-08-01,47.70269012451172,47.766451320217556,47.62071094792928,47.675364890559095,2727100
2024-08-02,48.0943603515625,48.11257832953184,47.93951275090907,48.01238118806245,1617000
2024-08-05,47.96683120727539,48.13989676146019,47.857526829617804,48.11257153572668,2752800
2024-08-06,47.775550842285156,47.93039843133001,47.76644011662149,47.92129118039009,2895000
2024-08-07,47.620704650878906,47.80288096083058,47.566054190200276,47.75733775202369,2561900
2024-08-08,47.62980651855469,47.65713174381164,47.53871664315909,47.58426331821862,1265700
2024-08-09,47.80286407470703,47.86662523945819,47.77553885402022,47.86662523945819,1309000
2024-08-12,47.884864807128906,47.93951874787385,47.748231692628785,47.78466765312541,1862100
2024-08-13,48.13990020751953,48.1490109332319,48.02148857104887,48.07613902642802,2388700
2024-08-14,48.23099136352539,48.285641820346406,48.11257624920677,48.11257624920677,3975700
2024-08-15,48.06703567504883,48.0852536532278,47.957731280699065,47.99416376233295,1301000
2024-08-16,48.194549560546875,48.20365681067056,48.05791648562763,48.13989563563449,1887100
2024-08-19,48.25831985473633,48.29475581156306,48.167233437393605,48.176340689238245,1344600
2024-08-20,48.37672424316406,48.394942217535196,48.2765271214845,48.3311810445979,2005900
2024-08-21,48.486026763916016,48.568005908095245,48.34939717343277,48.431372842888806,1495600
2024-08-22,48.32207107543945,48.40405022402942,48.26742062619506,48.39494297406314,2128800
2024-08-23,48.577117919921875,48.59533241935723,48.394941653058765,48.4495921008114,2391900
2024-08-26,48.54069137573242,48.64999576713728,48.52247339804428,48.64999576713728,2088300
2024-08-27,48.52246856689453,48.54068654276879,48.39494621049833,48.422271436947916,2619100
2024-08-28,48.46781539916992,48.54979455452759,48.44959742301004,48.51335860220781,1922000
2024-08-29,48.41316223144531,48.46781268213769,48.37672628116808,48.40405150651427,1544400
2024-08-30,48.3311882019043,48.486035794905135,48.3311882019043,48.44049258959453,1644700
2024-09-03,48.47014236450195,48.579843708557505,48.39700581023635,48.47928269011373,1678900
2024-09-04,48.689537048339844,48.707821183900435,48.48841853185783,48.49755885596699,2037300
2024-09-05,48.84496307373047,48.8541034002006,48.66212515823921,48.81753860697689,2532500
2024-09-06,48.85409927368164,49.07350545120738,48.762682067329266,48.86324308672261,2290600
2024-09-09,48.95466232299805,48.982090275915375,48.80839269436339,48.863245112855026,1657800
2024-09-10,49.055213928222656,49.06435425254486,48.93636878797994,48.96379673563125,1640700
2024-09-11,49.046085357666016,49.128362245652674,48.908956048573856,48.96380846967936,1979700
2024-09-12,49.018646240234375,49.06435483707463,48.93636937098495,49.04607418821245,1514600
2024-09-13,49.15578079223633,49.20148939398086,49.11007219049179,49.16492111764812,2030300
2024-09-16,49.25634002685547,49.29290481452286,49.14663520182533,49.18320347683538,2134400
2024-09-17,49.25634002685547,49.28376448944168,49.18320347683538,49.28376448944168,1468200
2024-09-18,49.11920928955078,49.45745710505415,49.11006896473936,49.16491788829298,2709900
2024-09-19,49.16492462158203,49.22891736605363,49.10093187711043,49.14664048211257,1728700
2024-09-20,49.21063232421875,49.24719711255298,49.055218896263106,49.119211635026396,1079000
2024-09-23,49.16492462158203,49.22891736605363,49.046082946045075,49.11921601657989,4229300
2024-09-24,49.238059997558594,49.25634413658916,49.05522209459582,49.110074511687536,2638000
2024-09-25,49.055213928222656,49.17405906846538,49.04607360390046,49.17405906846538,1776000
2024-09-26,49.03693389892578,49.12835458651575,48.98208497371445,49.091786311479765,1481800
2024-09-27,49.21063232421875,49.22891297471451,49.119211635026396,49.15577991070334,3719700
2024-09-30,49.11007308959961,49.21063410768432,49.05522067409626,49.21063410768432,1596000
2024-10-01,49.30733871459961,49.38073821526639,49.20641133864103,49.28898796442098,1637700
2024-10-02,49.252281188964844,49.26145481304777,49.09630157917638,49.12382945151984,2166300
2024-10-03,49.01373291015625,49.151361794049,49.01373291015625,49.133011042860105,1343800
2024-10-04,48.747650146484375,48.81187601821505,48.701775023826386,48.77517452006966,5674400
2024-10-07,48.54579544067383,48.655896435139475,48.53662181615482,48.61919843701593,3646700
2024-10-08,48.63754653930664,48.63754653930664,48.48157041941463,48.518271918229544,2044700
2024-10-09,48.52743911743164,48.573314234852205,48.49073762347635,48.573314234852205,1762200
2024-10-10,48.536624908447266,48.56414928380539,48.4265204069193,48.52744778329607,3200800
2024-10-11,48.57331466674805,48.62836690817049,48.49991517823192,48.545790296060396,1416700
2024-10-14,48.56415939331055,48.56415939331055,48.3990061066867,48.3990061066867,651300
2024-10-15,48.692604064941406,48.7384791934083,48.655902562148704,48.70178119066355,2556500
2024-10-16,48.80269241333008,48.83939390660201,48.738466550127704,48.80269241333008,3246800
2024-10-17,48.59166717529297,48.692594538202414,48.56414280360758,48.68342091432304,1404200
2024-10-18,48.58250045776367,48.69260146020414,48.57332333253244,48.65589995937473,1592400
2024-10-21,48.24301528930664,48.44486652270238,48.23383816503337,48.40816502570409,1707300
2024-10-22,48.233848571777344,48.29807445535776,48.1604490619918,48.29807445535776,2267300
2024-10-23,48.11456298828125,48.16044161235471,48.04116348984941,48.123740113114984,1658200
2024-10-24,48.18796920776367,48.27054583654887,48.12374332982495,48.1696184569172,1094000
2024-10-25,48.105384826660156,48.316413177315,48.08703407877096,48.316413177315,2098400
2024-10-28,48.059513092041016,48.178787711651005,48.00446084449581,48.178787711651005,2380700
2024-10-29,48.105384826660156,48.114558450581114,47.87600572811611,47.90353009992627,2045700
2024-10-30,48.004459381103516,48.25218923743373,47.99528575681607,48.187963367279316,1594800
2024-10-31,47.93106460571289,48.022814857810346,47.830137228377026,47.93106460571289,2822000
2024-11-01,47.75055694580078,48.09130598612305,47.72292997451292,48.00842155916547,1132700
2024-11-04,47.98078155517578,48.08208511392417,47.89789714466285,48.04524681745325,2173600
2024-11-05,48.10050964355469,48.10050964355469,47.84264856559581,47.97157910457525,1963200
2024-11-06,47.768978118896484,47.92553916003811,47.68609368843189,47.74135114643967,2857900
2024-11-07,48.192604064941406,48.247858001211206,47.943950812446474,47.98999693036917,1736000
2024-11-08,48.257083892822266,48.35838397757912,48.201826426786525,48.257083892822266,1741200
2024-11-11,48.17418670654297,48.183394525232465,48.100510104652045,48.164975374759734,1217700
2024-11-12,47.87028121948242,48.072888383707784,47.824235094820516,48.03605007874061,1547300
2024-11-13,47.83344268798828,48.082095975697996,47.796607896289665,48.02684203160302,2437600
2024-11-14,47.75975799560547,47.93473463124606,47.72291969975694,47.907107665906295,2863600
2024-11-15,47.79659652709961,47.89789657154259,47.57557026401204,47.68608163900919,1947100
2024-11-18,47.86106872558594,47.93474181523112,47.73213818388653,47.8150190923272,1121400
2024-11-19,47.97157669067383,48.036041956919696,47.953157541304506,47.999203658181045,3652200
2024-11-20,47.89789962768555,47.95315707525648,47.8242265440178,47.83343436206621,1575700
2024-11-21,47.86106872558594,48.008418417970084,47.83343824301194,47.94395314712038,1958200
2024-11-22,47.9071159362793,47.95316205749243,47.85185848296723,47.94395423848734,1604600
2024-11-25,48.31232452392578,48.32153585560577,48.19260531683554,48.284697555073215,2082600
2024-11-26,48.21102523803711,48.238655722438615,48.109725172211625,48.19260959922812,2631000
2024-11-27,48.33995819091797,48.386004313070714,48.23865461432556,48.321539039438086,1495200
2024-11-29,48.560970306396484,48.560970306396484,48.48729722976784,48.48729722976784,738800
2024-12-02,48.58224105834961,48.628456334684124,48.110836072138696,48.110836072138696,1584600
2024-12-03,48.48980712890625,48.674671760812785,48.48056548401074,48.61921131344096,2014200
2024-12-04,48.65617752075195,48.693151146691505,48.397369191173176,48.452826104083464,1456000
2024-12-05,48.6376953125,48.665427297579676,48.51753630581911,48.58223839433939,5342500
2024-12-06,48.77634811401367,48.82256339108672,48.674672388853196,48.82256339108672,1666400
2024-12-09,48.68391418457031,48.73013298778605,48.66543089448358,48.73013298778605,1065600
2024-12-10,48.646949768066406,48.68391987856348,48.58224766719648,48.646949768066406,1977200
2024-12-11,48.58224105834961,48.757860518820586,48.56375424261589,48.693158426752355,4788600
2024-12-12,48.41586685180664,48.545271045589274,48.397380034694855,48.52678422847749,1990600
2024-12-13,48.21250534057617,48.37888313390401,48.20326369694645,48.37888313390401,2886600
2024-12-16,48.25872802734375,48.341916936792515,48.22175439514438,48.31418847564281,2528200
2024-12-17,48.24949264526367,48.29570792851199,48.21251900826498,48.21251900826498,2772800
2024-12-18,47.757713317871094,48.305159548229035,47.73915539858899,48.26804370966483,2753300
2024-12-19,47.62781524658203,47.76699434303098,47.55358356349341,47.75771715242564,2455300
2024-12-20,47.785545349121094,47.94328234351728,47.7577102417714,47.859777021468204,3356300
2024-12-23,47.683475494384766,47.831935289944084,47.64635966060475,47.831935289944084,1622500
2024-12-24,47.776268005371094,47.785545194604005,47.60925028269109,47.65564330797755,1360100
2024-12-26,47.83194351196289,47.83194351196289,47.61853274038491,47.655648580544906,1577100
2024-12-27,47.69275665283203,47.822658532673145,47.683475924522945,47.77626550981,1648000
2024-12-30,47.887611389160156,47.906169306960294,47.82266044664012,47.84121836444026,1991300
2024-12-31,47.794830322265625,47.97112880302158,47.739160098499774,47.961848072686244,1867600
2025-01-02,47.81338119506836,47.95256381308875,47.74843025054178,47.87833213959494,1949500
2025-01-03,47.72987365722656,47.89689138766331,47.72059646756279,47.84122117055846,1250700
2025-01-06,47.67420196533203,47.73915290965251,47.6370861287029,47.72987218071473,1137100
2025-01-07,47.5071907043457,47.66492772214123,47.4515169418265,47.66492772214123,3564200
2025-01-08,47.57213592529297,47.59997103341783,47.451511224150124,47.451511224150124,2939100
2025-01-10,47.26593017578125,47.42367069610355,47.228817882376575,47.39583559115988,2493800
2025-01-13,47.15459442138672,47.256661210020745,47.14531723131147,47.256661210020745,1896300
2025-01-14,47.200984954833984,47.23810079229476,47.136034009058164,47.2288236027101,1383100
2025-01-15,47.6463623046875,47.70203605844707,47.572134172568994,47.66492022260736,1588900
2025-01-16,47.757713317871094,47.83194145543833,47.57213766461123,47.65564653160011,2387000
2025-01-17,47.785545349121094,47.850496292644344,47.74842951294753,47.84121910338143,998100
2025-01-21,47.98039627075195,47.98039627075195,47.878329495115956,47.896887412464395,2418000
2025-01-22,47.85049819946289,47.980400091685915,47.83194028063659,47.97112290205331,2323000
2025-01-23,47.822662353515625,47.822662353515625,47.7020376527854,47.73915348986563,2070800
2025-01-24,47.887611389160156,47.943281602999676,47.776267421920224,47.8133797179596,1729700
2025-01-27,48.156707763671875,48.16598495507931,48.045360229412026,48.119591918918594,1713400
2025-01-28,48.14741516113281,48.1566958898137,48.0360711938885,48.04534838300849,1234400
2025-01-29,48.10102844238281,48.203095233887936,47.97112654030769,48.15670220308416,1229900
2025-01-30,48.203086853027344,48.24947987576497,48.15669383028972,48.16597101901294,1642000
2025-01-31,48.128868103027344,48.26805074815828,48.05463995463609,48.221657712968536,2110900
2025-02-03,48.12700653076172,48.27603880411511,48.05249394720998,48.17358089274713,2250300
2025-02-04,48.22014236450195,48.25740042562584,48.033855612006796,48.08042641184952,3376400
2025-02-05,48.44367980957031,48.51819592594919,48.36916724631543,48.40642530450487,1609900
2025-02-06,48.36916732788086,48.452996182386464,48.331909269628596,48.42505441525926,1667200
2025-02-07,48.23876953125,48.28534032929335,48.17356970336448,48.27602759093433,1340000
2025-02-10,48.26671600341797,48.350544869315435,48.22014520083593,48.25740326415136,1370600
2025-02-11,48.182891845703125,48.21083361935778,48.13632103857043,48.15495007204847,1649400
2025-02-12,47.9593391418457,47.987280908853684,47.856881258651136,47.93139382171374,1167700
2025-02-13,48.24809265136719,48.30397975291917,48.13632200138812,48.13632200138812,1617800
2025-02-14,48.42506790161133,48.51820952005788,48.41575160789168,48.48095145142926,1035600
2025-02-18,48.26671600341797,48.397115671897474,48.24808697176026,48.285345035075686,2805500
2025-02-19,48.322601318359375,48.350543088254426,48.22945616350195,48.276030517492835,1657200
2025-02-20,48.40642547607422,48.434367243253334,48.35053838859198,48.39710918493184,1572000
2025-02-21,48.56476974487305,48.639285865889924,48.43437008621772,48.452999116471936,1224700
2025-02-24,48.64860153198242,48.7044886261082,48.53683089685529,48.58340169873123,2685100
2025-02-25,48.91871643066406,48.92802916965116,48.83488756728269,48.88145836846692,1457000
2025-02-26,49.0025520324707,49.02118106613098,48.85352331631333,48.93735219122215,2583400
2025-02-27,48.89078140258789,48.955981243861714,48.85352333525289,48.89078140258789,1279500
2025-02-28,49.08638000488281,49.095692744979296,48.92803499824418,49.01186387161174,2767800
2025-03-03,49.19669723510742,49.19669723510742,48.96296149663472,49.009707931024394,2631100
2025-03-04,49.12190628051758,49.28084487924767,49.08450770439597,49.22475058158976,1970800
2025-03-05,48.96295928955078,49.206046443858476,48.96295928955078,49.15930001157597,1668000
2025-03-06,48.869468688964844,48.981660844945225,48.79467154062837,48.9255665502172,3161400
2025-03-07,48.83207702636719,49.09385994954828,48.79467844690565,49.09385994954828,2452800
2025-03-10,48.981651306152344,49.08449558182471,48.934904880807714,49.00035058959492,2541100
2025-03-11,48.7479248046875,49.000359828975355,48.73857694446542,48.97231268178481,2669800
2025-03-12,48.626380920410156,48.76662378853981,48.60768520008221,48.71052592798309,2710000
2025-03-13,48.7479248046875,48.7479248046875,48.486141920177566,48.532888354336585,2404600
2025-03-14,48.701171875,48.78531687187309,48.69182401602469,48.738570443948895,2265800
2025-03-17,48.7479248046875,48.888167673688855,48.72922551771903,48.77597195187805,1078300
2025-03-18,48.850772857666016,48.925570011293765,48.71988140534204,48.77597570403827,1146600
2025-03-19,49.06580352783203,49.11254996006437,48.79466922775064,48.85076708634394,1310200
2025-03-20,49.04710388183594,49.262140321746564,49.03775602206771,49.262140321746564,1084000
2025-03-21,49.028411865234375,49.140607598233245,49.009712576401235,49.08450973173381,1346900
2025-03-24,48.850772857666016,49.00036359839693,48.83207356925908,48.93491787223494,2699800
2025-03-25,48.92556381225586,48.991009530125645,48.841418808348394,48.88816524018051,3185800
2025-03-26,48.80402374267578,48.86946946524762,48.78532445529463,48.86946946524762,2447700
2025-03-27,48.785316467285156,48.79466432618294,48.729218614327046,48.76661718296579,1582000
2025-03-28,49.028411865234375,49.04711115406752,48.91621969876018,48.94426684874756,1351100
2025-03-31,49.10319900512695,49.13124614939364,48.97230757651717,49.08449972010785,1846900
2025-04-01,49.20644760131836,49.3002978711717,49.15952246639169,49.19706042623804,5442000
2025-04-02,49.26275634765625,49.34722301647726,49.12197737290189,49.34722301647726,1278700
2025-04-03,49.41291809082031,49.741397586213246,49.365989379914474,49.478613989898896,1717700
2025-04-04,49.29090881347656,49.60061753379508,49.15951701818035,49.60061753379508,3006900
2025-04-07,48.56825637817383,49.06566925919817,48.53071483767733,49.04689848894992,4990100
2025-04-08,48.18345260620117,48.68086536404489,48.10836954380195,48.68086536404489,2146500
2025-04-09,48.56825637817383,48.59641074346702,47.564043440921836,47.57342703596679,3023400
2025-04-10,48.08021926879883,48.4931654065925,48.03329414089283,48.40870232445637,3390400
2025-04-11,47.95820999145508,48.02390588507468,47.413872075727284,47.864359737757844,2304200
2025-04-14,48.24915313720703,48.32423620682911,48.1177613455262,48.19284083499047,1962700
2025-04-15,48.48377990722656,48.54009220659485,48.29607582282325,48.29607582282325,1415900
2025-04-16,48.652713775634766,48.67148454230323,48.44623892243928,48.57763070896089,1294300
2025-04-17,48.652713775634766,48.72779326215097,48.60578864904243,48.71840966889557,964400
2025-04-21,48.35239028930664,48.60579027758465,48.324235928439464,48.50255284752793,840700
2025-04-22,48.427467346191406,48.54009194431943,48.3993129867382,48.50255041161009,2357700
2025-04-23,48.53070831298828,48.9718124041222,48.50255395148029,48.877962145656966,1669600
2025-04-24,48.9061164855957,48.92488725331204,48.71841238859015,48.784108285518414,1255900
2025-04-25,49.10319900512695,49.12196977086647,48.97180722510782,49.03750311511739,799400
2025-04-28,49.2252082824707,49.26274981478112,49.06565856023024,49.06565856023024,915500
2025-04-29,49.319061279296875,49.33783204649728,49.178285895530465,49.187669489051785,1120700
2025-04-30,49.26275634765625,49.34722301647726,49.168902504433994,49.2064440417229,970900
2025-05-01,49.1138916015625,49.35884708053294,49.07620503741671,49.311740672344996,1809900
2025-05-02,48.981990814208984,49.066783784107336,48.91603753185385,48.97256737644891,1093600
2025-05-05,48.963157653808594,48.982000939235355,48.84067809552923,48.953734214100606,2796500
2025-05-06,49.047943115234375,49.057362959507756,48.85951388386884,48.90662029321306,806400
2025-05-07,49.15157699584961,49.17984371734733,49.076207457829426,49.12331386834063,712100
2025-05-08,48.93488693237305,49.18926587387652,48.92546708742355,49.15157930610069,1272500
2025-05-09,48.92546463012695,49.07620729967026,48.91604119166183,49.066787455193875,982300
2025-05-12,48.87836456298828,48.9537341105467,48.83125814651562,48.86894112330023,1129400
2025-05-13,48.93488693237305,48.991416784036794,48.87836067469822,48.96315365519938,2510900
2025-05-14,48.755882263183594,48.95373135763625,48.755882263183594,48.934888073309,2739000
2025-05-15,49.0667839050293,49.085623592618944,48.85951140165841,48.916037652404306,1635700
2025-05-16,49.132728576660156,49.25520450342934,49.08561858053097,49.24578466059637,1513900
2025-05-19,49.1704216003418,49.1704216003418,48.83125327915248,48.83125327915248,1644600
2025-05-20,49.10447692871094,49.15158334530741,49.000840655805185,49.06679395182729,1427800
2025-05-21,48.737037658691406,48.991416599235336,48.689931246143765,48.91604346396799,1886000
2025-05-22,48.916046142578125,48.94431286684569,48.62398421239631,48.708777197220826,2006900
2025-05-23,48.963157653808594,49.03852720152644,48.916047643247076,49.03852720152644,889900
2025-05-27,49.255210876464844,49.28347759659735,49.085624931624075,49.14215477790052,1179800
2025-05-28,49.15157699584961,49.19868700034956,49.076207457829426,49.17984371734733,2354300
2025-05-29,49.3211669921875,49.35885356128148,49.236374008720574,49.27406057781455,5927400
2025-05-30,49.4719123840332,49.4719123840332,49.31174984759565,49.349436418753626,1362400
2025-06-02,49.36977005004883,49.388686103425385,49.265733560411896,49.36977005004883,1397500
2025-06-03,49.38868713378906,49.49272362559644,49.331938972475484,49.43597546428286,1542700
2025-06-04,49.65350341796875,49.691335524556536,49.51163482219867,49.549466928786465,1265300
2025-06-05,49.46434020996094,49.653497111004995,49.46434020996094,49.644040889493304,1425900
2025-06-06,49.2468147277832,49.37922348607833,49.218442453253694,49.3319351592398,1332500
2025-06-09,49.36030578613281,49.40759771926083,49.265729135612695,49.265729135612695,1454800
2025-06-10,49.426509857177734,49.50217406341992,49.36976531036402,49.50217406341992,1420200
2025-06-11,49.60620880126953,49.62512485216588,49.50217232527347,49.54000442706619,1491300
2025-06-12,49.77644729614258,49.785903517209405,49.681867046136155,49.72915897507318,1489100
2025-06-13,49.57783508300781,49.69133139333535,49.50217448399074,49.681871563540746,1282700
2025-06-16,49.54946517944336,49.70078999258373,49.540008957064394,49.58729728469549,734800
2025-06-17,49.662960052490234,49.6913359366005,49.56838339310479,49.653503829699005,1031500
2025-06-18,49.700782775878906,49.83319151716706,49.634578405234834,49.74807109664359,958800
2025-06-20,49.766990661621094,49.82373881526747,49.61566585976531,49.66295418387002,1114000
2025-06-23,49.90885543823242,50.00343207923412,49.85210728891085,49.88048316750543,1520100
2025-06-24,50.08855438232422,50.126386483294205,49.899397485342014,49.899397485342014,1478600
2025-06-25,50.08855438232422,50.10747043280921,49.98451790859062,50.022350009560604,1627400
2025-06-26,50.25879669189453,50.25879669189453,50.09801566989322,50.15476021513235,1679600
2025-06-27,50.192596435546875,50.306089143205135,50.13584827778368,50.17368038295914,1092700
2025-06-30,50.400665283203125,50.41958133424346,50.25879670433452,50.29662880641519,1607900
2025-07-01,50.38737869262695,50.42535761273847,50.292435014217325,50.37788577353366,2191500
2025-07-02,50.396873474121094,50.396873474121094,50.28293671776432,50.29243325839524,1605900
2025-07-03,50.30192184448242,50.368383135698146,50.263942928968085,50.32091130223959,818400
2025-07-07,50.13101577758789,50.25444543082572,50.093036865534955,50.25444543082572,1525100
2025-07-08,50.017086029052734,50.05506494366134,49.98860365403059,50.036075486357035,1917700
2025-07-09,50.24494934082031,50.24494934082031,50.07405147879194,50.10253385215193,1277100
2025-07-10,50.2354621887207,50.25445164709608,50.140518518712625,50.25445164709608,2285600
2025-07-11,50.045570373535156,50.10253874768997,50.02658091548355,50.09304220772977,1044600
2025-07-14,50.05506896972656,50.10254080587129,49.99810059323152,50.04557242937625,1252700
2025-07-15,49.893653869628906,50.131016641246426,49.893653869628906,50.131016641246426,2465600
2025-07-16,50.017086029052734,50.06455786137918,49.90315290709553,50.007589489466255,1950300
2025-07-17,50.08354949951172,50.14051787390526,50.04557058324936,50.08354949951172,1780700
2025-07-18,50.20698547363281,50.24496077279698,50.159513633275665,50.23546785347325,999400
2025-07-21,50.34939193725586,50.42534976565851,50.3304024801552,50.368381394356526,1267600
2025-07-22,50.45383071899414,50.47282017555984,50.36837997538277,50.377876514599876,1007800
2025-07-23,50.368385314941406,50.41585715045388,50.33040639778387,50.377881855165235,1289800
2025-07-24,50.29243469238281,50.358895991218084,50.21647685264585,50.235466312580094,1792700
2025-07-25,50.434837341308594,50.44433387978737,50.30191477755148,50.33039714925137,1854500
2025-07-28,50.358882904052734,50.40635473061688,50.339893449053434,50.38736527561758,1776300
2025-07-29,50.567771911621094,50.58676137121919,50.40636693784091,50.425356397439,2177600
2025-07-30,50.45383071899414,50.61523928886828,50.425348345079854,50.444337801645545,2060300
2025-07-31,50.46332550048828,50.59624806994971,50.453828961601964,50.558269158141194,2701300
2025-08-01,50.8998908996582,50.91895132889707,50.69972003166336,50.78550650763296,3218400
2025-08-04,50.96660614013672,50.976136353415406,50.871285826858994,50.93800822810432,1871500
2025-08-05,50.947540283203125,51.052390806066896,50.88081788430764,50.89988194629178,1912600
2025-08-06,50.947540283203125,50.98566840717141,50.76643351240278,50.890348097250694,1735700
2025-08-07,50.91895294189453,51.014273271601766,50.890358661031755,50.976145139718874,1939100
2025-08-08,50.78550338745117,50.89035392231646,50.78550338745117,50.89035392231646,1171700
2025-08-11,50.833168029785156,50.88082637464912,50.79503989945454,50.833168029785156,1192100
2025-08-12,50.8998908996582,50.8998908996582,50.76644244229542,50.795040358351066,1172000
2025-08-13,51.080997467041016,51.109591748901714,51.0238052672207,51.042869333827475,2401700
2025-08-14,50.947540283203125,51.00472883305752,50.90941215923484,50.98566840717141,1894600
2025-08-15,50.8998908996582,50.99520759024723,50.880826834320665,50.966613310290256,1816900
2025-08-18,50.86176681518555,50.96661736483385,50.82363868147726,50.96661736483385,1742400
2025-08-19,50.93801498413086,50.947548834772206,50.890356639220045,50.9094207044041,1825300
2025-08-20,50.95707702636719,50.99520515522165,50.899888469184,50.91894889751273,2754700
2025-08-21,50.7950325012207,50.89988302630924,50.7569043764434,50.890349177065865,1815100
2025-08-22,51.12864685058594,51.17630519069697,50.87128745066843,50.90941557719657,2158100
2025-08-25,51.023799896240234,51.10005615464026,51.023799896240234,51.07146187578952,2376800
2025-08-26,51.10958480834961,51.11911865840778,51.00473427430026,51.052396252394274,1943300
2025-08-27,51.157249450683594,51.157249450683594,51.00474055585623,51.03333847345433,5235300
2025-08-28,51.20490264892578,51.24302713901709,51.1381802461432,51.16677452273624,1706100
2025-08-29,51.13819122314453,51.1763157214194,51.10006308877064,51.16678550587544,1869300
2025-09-02,51.03101348876953,51.03101348876953,50.93532217104252,50.95446043458792,1083200
2025-09-03,51.19367980957031,51.251094596344046,51.05014466776112,51.05971562401522,1861300
2025-09-04,51.48074722290039,51.48074722290039,51.28936824767207,51.327644772767805,2213300
2025-09-05,51.67213439941406,51.77739303500857,51.6625670917468,51.758254769423125,1568500
2025-09-08,51.76781463623047,51.815662118442184,51.72954176081166,51.815662118442184,1645800
2025-09-09,51.71040344238281,51.80609110620257,51.652988653940724,51.76781458057451,2257500
2025-09-10,51.834800720214844,51.92092108447317,51.80609514887897,51.834800720214844,1881200
2025-09-11,51.95919418334961,52.045314541923275,51.90178304446746,51.91135035086434,2138600
2025-09-12,51.892208099365234,51.91134636093846,51.815658703322505,51.91134636093846,1459900
2025-09-15,52.00703430175781,52.03574351939906,51.96876142865311,51.98789969033055,1820600
2025-09-16,52.026180267333984,52.05488948922642,51.96876912405055,52.026180267333984,2846400
2025-09-17,51.92091751098633,52.15057301661924,51.83479715265529,52.064452658288204,2821500
2025-09-18,51.873069763183594,51.89220802472929,51.76781114980734,51.8347932400922,3070400
2025-09-19,51.873069763183594,51.89220802472929,51.806087672898734,51.86350245753582,2714800
2025-09-22,51.78695297241211,51.873073330164615,51.78695297241211,51.873073330164615,1903700
2025-09-23,51.873069763183594,51.88264071908152,51.79652036725096,51.86350245753582,2564800
2025-09-24,51.72954559326172,51.8252332642735,51.71040732900923,51.8252332642735,1792900
2025-09-25,51.60514450073242,51.61471180695467,51.4998858810358,51.61471180695467,2523800
2025-09-26,51.66255569458008,51.70082856705676,51.57643534356985,51.64341743321668,2288600
2025-09-29,51.75825119018555,51.796527718709505,51.71040735465593,51.739112925923564,1172500
2025-09-30,51.75825119018555,51.86350981850111,51.72954561891791,51.80609502571516,2063600
2025-10-01,51.95327377319336,51.95327377319336,51.82838507397146,51.9244510489532,1889100
2025-10-02,51.99169158935547,52.02051431006149,51.88601683102376,51.914839551729784,2844600
2025-10-03,51.93405532836914,52.01090736873403,51.914841402107484,52.00130223794406,1601600
2025-10-06,51.81877136230469,51.905232197459675,51.81877136230469,51.84759408381081,2133400
2025-10-07,51.89562225341797,51.94365523189752,51.82837535061032,51.87640832908988,2947600
2025-10-08,51.83798599243164,51.98208860787427,51.83798599243164,51.98208860787427,1886500
2025-10-09,51.751529693603516,51.80917147777087,51.741924561916655,51.799562681401945,2976900
2025-10-10,51.85719680786133,51.93405250873524,51.82837775237437,51.91483858351676,1519800
2025-10-13,52.00129699707031,52.039721181039376,51.86680319147523,51.86680319147523,834100
2025-10-14,52.106971740722656,52.13579079486547,51.93405008650303,51.96286914064584,2861100
2025-10-15,52.12618637084961,52.24146992644947,52.06854825773134,52.18382814864954,2597200
2025-10-16,52.26068115234375,52.27989141260291,52.09736462268916,52.126183677759364,4145200
2025-10-17,52.174224853515625,52.222257837697875,52.15501092690637,52.222257837697875,3105600
2025-10-20,52.27028274536133,52.28949666900176,52.222249768600875,52.2510688217209,1335200
2025-10-21,52.28950119018555,52.3951759470044,52.28950119018555,52.366353226711006,1775600
2025-10-22,52.308712005615234,52.31831713535429,52.23185630897749,52.2894980814558,1903500
2025-10-23,52.25107955932617,52.32793526968174,52.24147442787272,52.2606883554616,1749500
2025-10-24,52.34714889526367,52.37596795413976,52.289507112829554,52.37596795413976,2806600
2025-10-27,52.39517593383789,52.41438985913481,52.27989238205637,52.337534157947125,1848100
2025-10-28,52.39517593383789,52.41438985913481,52.31832023265021,52.37596200854097,1771200
2025-10-29,52.14539337158203,52.404775840211784,52.12617944820044,52.404775840211784,2274000
2025-10-30,51.99169158935547,52.10697514281638,51.9340534773066,51.98208645890785,3985000
2025-10-31,51.943660736083984,52.06854942510968,51.905232883355815,52.06854942510968,3710300
2025-11-03,51.848182678222656,51.896407519051365,51.81925071695648,51.886761079270094,3310800
2025-11-04,51.90604782104492,52.00249014005631,51.85782666153923,51.86746942182491,1911900
2025-11-05,51.771026611328125,51.934979287898734,51.76138017209538,51.934979287898734,2639000
2025-11-06,51.98320770263672,51.99285046349432,51.93498286123214,51.96391850188266,2044800
2025-11-07,51.97355651855469,52.00248847752541,51.915692600613234,51.94462455958396,2390700
2025-11-10,51.95426940917969,52.01213700848712,51.944626648814456,51.963915848583596,3312800
2025-11-11,52.147151947021484,52.15679838535603,52.04106319957107,52.07964159483272,1349400
2025-11-12,52.08929443359375,52.10858363495711,52.05071970990602,52.098940873794916,1808200
2025-11-13,51.92533874511719,52.04107026758207,51.92533874511719,51.95427070597372,4663500
2025-11-14,51.848182678222656,52.012139043154875,51.848182678222656,52.002492603373604,2239600
2025-11-17,51.857826232910156,51.925336591467854,51.8288942732536,51.857826232910156,4802900
2025-11-18,51.89640426635742,51.983203823754444,51.857825867727946,51.925336225810234,4479100
2025-11-19,51.89640426635742,51.99284658389252,51.86746862786602,51.983203823754444,1959600
2025-11-20,51.94462966918945,52.041071994604245,51.91569770737279,52.00249359282277,2669000
2025-11-21,52.137516021728516,52.137516021728516,52.01213806021317,52.11822682156933,2315600
2025-11-24,52.21466064453125,52.26288179756106,52.14715029448189,52.1953714475117,3512400
2025-11-25,52.397911071777344,52.455774989203576,52.26288668002633,52.27253311895636,4137300
2025-11-26,52.50399398803711,52.50399398803711,52.34004132335238,52.37861971940938,2816100
2025-11-28,52.45578384399414,52.49436224814951,52.37863071472251,52.49436224814951,1751500
2025-12-01,52.24663162231445,52.29504325619921,52.1982199884297,52.23695077296587,1584100
2025-12-02,52.30472946166992,52.33377570420985,52.22726789013541,52.265998675902665,3260300
2025-12-03,52.4112434387207,52.44028968467615,52.33378185807757,52.36283179760448,3219100
2025-12-04,52.3240966796875,52.372508316799724,52.28536589256926,52.36282746680574,2712000
2025-12-05,52.27568817138672,52.35314605668806,52.22727283780558,52.34346520611466,2217700
2025-12-08,52.19822311401367,52.275684687724336,52.11108069037474,52.26600014422494,2946200
2025-12-09,52.13044738769531,52.25632060133793,52.09171659987124,52.25632060133793,3622100
2025-12-10,52.33377456665039,52.34345910966721,52.09171270122317,52.10139724423999,3759000
2025-12-11,52.30472946166992,52.440283518284296,52.27568321912999,52.40155273251704,6878100
2025-12-12,52.120765686035156,52.188542716834405,52.10140029243949,52.178858173250994,2332800
2025-12-15,52.18854522705078,52.275687655637164,52.14012989394731,52.26600311158793,3054100
2025-12-16,52.25632095336914,52.29504804788288,52.15949398315668,52.17885937719917,4379700
2025-12-17,52.2369499206543,52.27568070455852,52.19821913675007,52.24663076984493,2649100
2025-12-18,52.39187240600586,52.411237799082855,52.3047299839449,52.39187240600586,2077000
2025-12-19,52.29660415649414,52.37437040463155,52.27716259445979,52.345206207530616,2270600
2025-12-22,52.28689193725586,52.306333501784316,52.24800880819895,52.306333501784316,2481300
2025-12-23,52.29660415649414,52.32576835359507,52.1896774193546,52.209118981388954,1806100
2025-12-24,52.4521369934082,52.461859629225266,52.34521024801508,52.35493288383214,1296600
2025-12-26,52.51046371459961,52.520182642693406,52.43269745745225,52.491022150312766,2038200
2025-12-29,52.55906295776367,52.56878559343625,52.49101934045175,52.52017983127142,1889900
2025-12-30,52.529903411865234,52.55906390320945,52.45213715748185,52.491020284673546,2530600
2025-12-31,52.37438201904297,52.500746638140356,52.364659381820324,52.47158614267167,2847700
2026-01-02,52.35493850708008,52.45214262709647,52.31605537583373,52.45214262709647,2061900
2026-01-05,52.48130798339844,52.50074584134947,52.374381224169895,52.43270221422214,2249600
2026-01-06,52.48130798339844,52.491026912373954,52.374381224169895,52.442424851297226,2271600
2026-01-07,52.491024017333984,52.58822813412634,52.47158245235564,52.58822813412634,2652200
2026-01-08,52.393821716308594,52.43270113951333,52.374380150656485,52.4035406450849,2472700
2026-01-09,52.46186447143555,52.50074389399507,52.374379281502605,52.41325870406213,2286400
2026-01-12,52.41325378417969,52.47157847469335,52.37437436526966,52.40353485647695,1850800
2026-01-13,52.51046371459961,52.53962420698025,52.45213902173909,52.51046371459961,2765800
2026-01-14,52.59794616699219,52.617387730268895,52.52990254957324,52.539621477162065,2604200
2026-01-15,52.52018737792969,52.62711413709823,52.51046844895963,52.61739520812817,2907600
2026-01-16,52.393821716308594,52.52018633089809,52.384099079432794,52.49102583646967,3763700
2026-01-20,52.20912170410156,52.28688795629449,52.18968014105333,52.228563267149795,3343900
2026-01-21,52.43269729614258,52.43269729614258,52.26744956236169,52.30633269081574,7219300
2026-01-22,52.43269729614258,52.461861496532734,52.3646536753976,52.413255731915555,3361800
2026-01-23,52.46186447143555,52.49102496538005,52.374379281502605,52.43270026939161,3285500
2026-01-26,52.51046371459961,52.559065771267086,52.50074107840657,52.529905278886446,2347900
2026-01-27,52.51046371459961,52.559065771267086,52.491022150312766,52.51046371459961,6672300
2026-01-28,52.48130798339844,52.52018740740008,52.41326064817153,52.52018740740008,3905100
2026-01-29,52.51046371459961,52.529905278886446,52.40353696507161,52.44242009364529,3475300
2026-01-30,52.5007438659668,52.539626996605,52.47158337203786,52.51046650267606,3000800
2026-02-02,52.441219329833984,52.52904436880251,52.42170224089608,52.51928396308151,3080200
2026-02-03,52.441219329833984,52.4704931019888,52.38266806302027,52.42170224089608,3112800
2026-02-04,52.43145751953125,52.450974607946314,52.37290625428606,52.411940431116186,3690100
2026-02-05,52.636383056640625,52.655900145683255,52.49976715584633,52.52904465066233,3159100
2026-02-06,52.6656608581543,52.6656608581543,52.57783581820307,52.64614376899801,3027200
2026-02-09,52.6558952331543,52.68517272523885,52.587587289129935,52.616861058710725,3328500
2026-02-10,52.75348663330078,52.82179458504769,52.7339695438725,52.782760406191116,2463900
2026-02-11,52.70469284057617,52.763244109740995,52.64614529391559,52.6656623836372,3234900
2026-02-12,52.890098571777344,52.890098571777344,52.77299976649037,52.78275644922099,3211000
2026-02-13,53.036476135253906,53.046236541406294,52.977928588356626,53.00720236180527,3657100
2026-02-17,53.06575012207031,53.075506805073246,52.99744217353771,53.02671594505054,3127300
2026-02-18,53.01696014404297,53.055990599208045,52.987682649539074,53.01696014404297,2327300
2026-02-19,53.04623031616211,53.05598699866525,52.96816196612178,52.97792237112873,1551800
2026-02-20,53.05599594116211,53.08527343861381,52.98768798461553,53.05599594116211,2131900
2026-02-23,53.1828498840332,53.20236697289297,53.07550775655652,53.09502484541628,3889300
2026-02-24,53.124298095703125,53.163332273039295,53.065750552202914,53.104781007035044,2728500
2026-02-25,53.09502029418945,53.143811150904554,53.085263611847935,53.085263611847935,1920500
2026-02-26,53.15357208251953,53.16332876495774,53.08526413794068,53.10477750281711,1985300
2026-02-27,53.19261169433594,53.260923373181576,53.17309832609939,53.20237210095864,2258600
2026-03-02,53.01038360595703,53.029977616793985,52.91241355177225,53.029977616793985,2839200
2026-03-03,52.971195220947266,53.05936640052107,52.706681682225835,52.72627569292839,4325900
2026-03-04,52.971195220947266,53.05936640052107,52.951601210244704,52.99078923164982,2250400
2026-03-05,52.814449310302734,52.84383845912541,52.71648298944344,52.79485529869576,3985900
2026-03-06,52.67729568481445,52.82424516810797,52.54993647621956,52.63810766106592,3868700
2026-03-09,52.86343002319336,52.89282290783075,52.56952733704737,52.57932247380956,4438200
2026-03-10,52.66749954223633,52.873234809000095,52.657704404378926,52.843841921076226,3441000
2026-03-11,52.40298843383789,52.57932707120373,52.35400153421743,52.57932707120373,3718300
2026-03-12,52.11888122558594,52.32461275160382,52.030710037696025,52.32461275160382,5635000
2026-03-13,51.971927642822266,52.27562922950582,51.922944480370276,52.22664606705382,7645300
2026-03-16,52.17765808105469,52.285423278510784,52.10908090761457,52.2070509676545,3853300
2026-03-17,52.412784576416016,52.412784576416016,52.295224236859454,52.30501937466591,7463000
2026-03-18,52.10908126831055,52.383393701145465,52.10908126831055,52.33440680219858,6468900
2026-03-19,52.25603485107422,52.30501801318312,51.94253812896639,51.971927278796585,5481500
2026-03-20,51.7368049621582,52.069895685962656,51.727006087742296,52.05030167430644,5191300
2026-03-23,51.991519927978516,52.13847314762816,51.80538242197449,51.834771571034175,5113000
2026-03-24,51.87396240234375,52.001321617121974,51.76619720039109,51.81518036386708,4103900
2026-03-25,52.060096740722656,52.15806679887045,52.011113580236554,52.14826792446787,3415200
2026-03-26,51.66823196411133,51.962134688347106,51.64863795087216,51.87396349735878,4871300
2026-03-27,51.5898551940918,51.687821521750095,51.482089991362166,51.54087203026265,3499600
2026-03-30,51.854366302490234,51.952332625499274,51.815178278416354,51.88375545195781,2674700
2026-03-31,52.13847351074219,52.207050683809456,51.98172515270619,52.060097463136366,3474700
2026-04-01,52.17683792114258,52.26537342818254,52.10797738818012,52.10797738818012,3562600
2026-04-02,52.32439422607422,52.403094121825134,52.088302044056626,52.0981376547167,2606800
2026-04-06,52.22602462768555,52.344070722127015,52.20634965317569,52.22602462768555,1974900
2026-04-07,52.32439422607422,52.36374417394968,52.039116485521085,52.245698082940876,3381600
2026-04-08,52.50146484375,52.68837521844287,52.45227928558465,52.68837521844287,2938600
2026-04-09,52.550655364990234,52.64903024322935,52.40309867655841,52.49163419066466,2809700
2026-04-10,52.46212387084961,52.57033060853721,52.44244889510153,52.57033060853721,1391800
2026-04-13,52.609676361083984,52.629351335261745,52.42276973532166,52.43260534610173,1758200
2026-04-14,52.75723648071289,52.7769114547749,52.60967605155664,52.64902599968065,1953900
2026-04-15,52.7178840637207,52.72771967398229,52.65885914429892,52.72771967398229,2043700
2026-04-16,52.5703239440918,52.767069924012866,52.56048833377359,52.767069924012866,2082700
2026-04-17,52.83592987060547,52.91462976275176,52.78674431432274,52.845769233432456,2307900
2026-04-20,52.82609939575195,52.84577437070118,52.73756388478932,52.83593500691769,2389600
2026-04-21,52.639190673828125,52.79658672577904,52.639190673828125,52.73756555168362,5471000
2026-04-22,52.7178840637207,52.80641956654467,52.70804845345912,52.77690898314249,1883300
2026-04-23,52.609676361083984,52.757236791108404,52.50146587941509,52.717886842752876,1352300
2026-04-24,52.65885925292969,52.717884172473234,52.540813166460026,52.59983808600357,3543000
2026-04-27,52.5703239440918,52.66869881036105,52.521138387265886,52.6490238371072,1484400
2026-04-28,52.530982971191406,52.54081858248716,52.442447459058364,52.47195804556344,1799200
2026-04-29,52.31455993652344,52.4424453940394,52.24569940231123,52.4424453940394,1578000
2026-04-30,52.42277145385742,52.47195701460544,52.34407155456641,52.412932090137176,4946000
2026-05-01,52.459320068359375,52.61735966748987,52.40993340012383,52.44944047393551,2239800
2026-05-04,52.3210334777832,52.40993098369295,52.18274930591495,52.40993098369295,2027100
2026-05-05,52.409934997558594,52.49883251027664,52.39017957606999,52.4000554028336,1703000
2026-05-06,52.64698791503906,52.686498754560695,52.59760124961755,52.63711208913918,1592800
2026-05-07,52.488948822021484,52.72601009343536,52.45931757608015,52.72601009343536,2481100
2026-05-08,52.65686798095703,52.68649922688337,52.607477547131694,52.66674380694545,1760800
2026-05-11,52.548213958740234,52.646987288407615,52.5383343649969,52.60747644935626,3995200
2026-05-12,52.409934997558594,52.469197494063046,52.360544559856386,52.439566245810816,1611400
2026-05-13,52.4296875,52.43956332621378,52.31115497766771,52.40005248543635,2456700
2026-05-14,52.38029479980469,52.52845856233197,52.38029479980469,52.498827317010914,1613400
2026-05-15,52.10372543334961,52.153112097229794,52.054338769469425,52.14323627163813,3536800
2026-05-18,52.01483154296875,52.20250238592924,51.96544487565927,52.153115718619766,3595500
2026-05-19,51.817283630371094,51.92593656452236,51.73826571241832,51.856794473328165,2475800
2026-05-20,52.14323806762695,52.182748907276356,51.827158886353835,51.84691430617853,3131800
2026-05-21,52.18274688720703,52.212378131816486,51.94568562644864,52.014827709177986,2206100
2026-05-22,52.22225570678711,52.3210328053958,52.14323779586119,52.31115321155441,1606700
2026-05-26,52.41980743408203,52.48894952083972,52.37042076753527,52.46919410062879,2156600
2026-05-27,52.46919631958008,52.538338409261826,52.42968924544857,52.46919631958008,1750900
2026-05-28,52.58772659301758,52.64698908565669,52.439562825497525,52.48894949201716,3919500
2026-05-29,52.666744232177734,52.71613089844074,52.61735756591473,52.656868406109574,2357400
2026-06-01,52.593353271484375,52.60327305078567,52.404919080920074,52.46442640686595,2843000
2026-06-02,52.583438873291016,52.6528621973604,52.56360309737299,52.6528621973604,2910400
2026-06-03,52.484256744384766,52.50409251907475,52.4148334246134,52.464424752981955,3030300
2026-06-04,52.55368423461914,52.62310755490197,52.533848459783016,52.58343600522972,1375300
2026-06-05,52.25615310668945,52.395003535089494,52.24623711059026,52.37516775960378,2592100
2026-06-08,52.24623489379883,52.39500131198595,52.23631511483319,52.345409983732125,2047600
2026-06-09,52.3652458190918,52.395001372736026,52.23631517539928,52.3454100444247,2809500
2026-06-10,52.28590774536133,52.414834608828336,52.26607197022319,52.38508283776476,2222500
2026-06-11,52.623111724853516,52.6627794943819,52.31566286546162,52.38508619124567,2446200
2026-06-12,52.593353271484375,52.633024822114955,52.47434240287994,52.55368550414109,1601500
2026-06-15,52.6429443359375,52.7520354246905,52.623108560722244,52.73219964947524,1542800
2026-06-16,52.69253158569336,52.761954906912294,52.652860035486185,52.68261180649794,1437800
2026-06-17,52.46442413330078,52.75203340469057,52.44458835884508,52.69252986461061,3694500
2026-06-18,52.613189697265625,52.73220056734141,52.5933539217051,52.71236857506823,2050600
2026-06-22,52.51401138305664,52.51401138305664,52.44458806449491,52.4743398343679,1353600
2026-06-23,52.55368423461914,52.62310755490197,52.50409290588523,52.50409290588523,1713900
2026-06-24,52.74211883544922,52.80162616042561,52.69253128961251,52.72228306045709,1435900
2026-06-25,52.81154251098633,52.880965832281454,52.79170673586097,52.831378286111686,2567000
2026-06-26,52.87105178833008,52.91071955675804,52.7817926886142,52.79170868489934,2617800
2026-06-29,52.94047164916992,52.94047164916992,52.85121255529279,52.890884104413104,6770300
2026-06-30,52.732200622558594,52.88096704777461,52.71236863026465,52.851215276046354,6518000
2026-07-01,52.65751647949219,52.71726160745295,52.587811297772966,52.61768386175335,6292700
2026-07-02,52.72722244262695,52.76705506095611,52.67743356903928,52.6973460795563,3048100
2026-07-06,52.77701187133789,52.78696812670112,52.68739037847839,52.77701187133789,1981300
2026-07-07,52.498191833496094,52.68739107708701,52.46831546971505,52.67743482159176,3573700
2026-07-08,52.41852569580078,52.44839826042177,52.318947947965775,52.42848574977283,3959100
2026-07-09,52.48823165893555,52.58781320689782,52.44839903975063,52.468315349343094,2410000
2026-07-10,52.41852569580078,52.49819093298686,52.37869307720774,52.49819093298686,5873100
2026-07-13,52.1994514465332,52.37869443620486,52.18949519095042,52.32890556099555,1975900
2026-07-14,52.348819732666016,52.398608605841744,52.26915829531437,52.328903423666226,1732300
2026-07-15,52.498191833496094,52.52806439862949,52.358781464676724,52.358781464676724,1439700
2026-07-16,52.45835876464844,52.488231329525824,52.38865358083613,52.39860983624605,2190200
2026-07-17,52.478275299072266,52.58781310228905,52.46831524497203,52.52806417363054,3078700
2026-07-20,52.348819732666016,52.48823009701705,52.328903423666226,52.478273841840924,2534400
2026-07-21,52.249244689941406,52.30898982138476,52.219368325572,52.30898982138476,1288800
2026-07-22,52.149662017822266,52.22932725622976,52.13970576234515,52.219367202105005,1751000
2026-07-23,51.970420837402344,52.02021351246247,51.93059201546114,51.95050452710785,3437200
2026-07-24,52.010250091552734,52.10983163657964,51.99033378254735,52.030166400558116,2061500
2026-07-27,52.109832763671875,52.15962163793846,52.079956400193836,52.11978901906615,1725100
2026-07-28,52.22932815551758,52.28907328670425,52.1496629157384,52.1496629157384,2129700
2026-07-29,52.05008316040039,52.249242453531714,52.05008316040039,52.17953727073289,2742300
2026-07-30,52.12974548339844,52.19945066738055,52.109832972530086,52.11978922796426,3164200
2026-07-31,52.06999969482422,52.08991600408826,51.96046189319577,52.0600396408684,3309100
2026-08-03,52.189998626708984,52.22999954223633,52.119998931884766,52.13999938964844,1583100
2026-08-04,52.43000030517578,52.439998626708984,52.33000183105469,52.34000015258789,1530000
2026-08-05,52.43000030517578,52.4900016784668,52.380001068115234,52.41999816894531,1314900
2026-08-06,52.290000915527344,52.349998474121094,52.2400016784668,52.33000183105469,1884100
2026-08-07,52.380001068115234,52.470001220703125,52.31999969482422,52.45000076293945,1695000
2026-08-10,52.15999984741211,52.279998779296875,52.150001525878906,52.2599983215332,1871500
2026-08-11,52.18000030517578,52.290000915527344,52.16999816894531,52.2400016784668,2499800
2026-08-12,52.2400016784668,52.34000015258789,52.220001220703125,52.33000183105469,3684900
