Date,Open,High,Low,Close,Volume
2015-05-28,3004.3601729524717,3182.6442639387687,3004.3601729524717,3048.580810546875,571
2015-05-29,3138.2683565670386,3259.719621205183,3075.207100159776,3189.651611328125,324
2015-06-01,3322.780643399301,3568.7972591799803,3064.3076825883504,3210.671875,2563
2015-06-02,3193.544000305664,3282.296757566101,3072.0927462489726,3180.308837890625,845
2015-06-03,3260.4981142036077,3316.552619713463,3160.8459239522676,3300.203369140625,1708
2015-06-04,3254.269921307509,3345.358432800984,3100.120388491925,3237.14208984375,1804
2015-06-05,3216.900155937708,3403.592316224126,3114.133650437455,3387.39892578125,1783
2015-06-08,3428.6612185316544,3467.5878904895285,3316.5524508108865,3392.8486328125,2073
2015-06-09,3392.0705591220344,3392.0705591220344,3125.344905632749,3232.47119140625,2130
2015-06-10,3234.8063367879404,3322.780517578125,3153.060328277054,3322.780517578125,1703
2015-06-11,3374.1641075613597,3382.72802349318,3264.390837647005,3380.859619140625,1309
2015-06-12,3367.1567899366682,3367.1567899366682,3191.986783523778,3225.463623046875,1810
2015-06-15,3153.0604443035204,3267.5049554659136,3058.8578501780235,3253.4912109375,1759
2015-06-16,3244.9265956598,3347.693083011296,3207.557093489893,3273.732421875,1014
2015-06-17,3336.793937296569,3452.795357248805,3328.230023052681,3401.412109375,4056
2015-06-18,3465.252134970491,3745.524152827811,3465.252134970491,3692.583740234375,2179
2015-06-19,3756.423616898146,3775.886951700727,3607.7236914885193,3754.866455078125,2925
2015-06-22,3892.667644441522,4084.9655211127647,3827.2708755328204,4076.4013671875,6143
2015-06-23,4183.060488748065,4220.430002500924,3923.030341778018,4068.615966796875,4800
2015-06-24,4049.9311552103404,4089.636171610994,3755.25619299115,3804.693115234375,3113
2015-06-25,3893.4454549429693,3908.2375415464544,3581.253524126233,3705.040283203125,3786
2015-06-26,3759.5380672034576,3804.6931508741613,3452.0173475275533,3632.63720703125,3614
2015-06-29,3462.916188291889,3628.743931643442,3258.162015675902,3272.9541015625,3889
2015-06-30,3518.9711174249996,3728.396563399861,3413.0905230111166,3714.383056640625,4180
2015-07-01,3873.2033385682944,3892.6666719279337,3457.4665855242947,3552.447509765625,3788
2015-07-02,3676.2353309469945,3677.7922554139677,3402.970021293371,3464.47412109375,1256
2015-07-06,3328.2304130611274,3701.9264594399206,3313.438325409876,3597.60302734375,1923
2015-07-07,3613.173798113886,3648.674904516585,3332.27879559271,3635.751220703125,2884
2015-07-08,3472.258937514877,3522.863608128883,3213.8636850186585,3251.93408203125,5548
2015-07-09,3407.640542338097,3487.050800886699,3362.485465824244,3432.553466796875,3751
2015-07-10,3609.281029794424,3683.2417056607455,3465.252345212639,3672.34228515625,4048
2015-07-13,3780.5584732096513,3998.1584294987615,3775.8872250010177,3956.507080078125,4966
2015-07-14,3991.5405282303004,4253.594641330822,3934.7074518706204,4227.43603515625,5128
2015-07-15,4348.887595844159,4485.909766078934,4142.109133659193,4204.08056640625,7009
2015-07-16,4367.5715030727115,4464.109815493862,4239.113517688221,4444.646484375,4711
2015-07-17,4508.875644820282,4523.745421269572,4291.275499779776,4523.2783203125,3600
2015-07-20,4601.909829412019,4657.1859750139665,4376.914006309163,4508.48583984375,4516
2015-07-21,4508.4862449091415,4508.4862449091415,4102.870577162591,4297.50390625,4555
2015-07-22,4015.6757188046367,4379.2509602273385,3989.984208207131,4337.2099609375,2935
2015-07-23,4385.478807073914,4489.80247892839,4196.295274697581,4223.5439453125,3898
2015-07-24,4081.8505031978425,4260.913184409695,3764.987553346244,3786.0078125,8383
2015-07-27,3669.227671142103,3679.348747487527,3445.010156023185,3599.15966796875,7154
2015-07-28,3740.8529099675934,3943.2715897993467,3531.038067952328,3895.781005859375,4399
2015-07-29,3993.8760125591516,3995.433174266522,3529.091516061782,3648.98583984375,7108
2015-07-30,3644.3148140719027,3677.0130736107417,3342.243718853592,3617.8447265625,4113
2015-07-31,3662.999528796923,3887.217045725726,3565.6828569372815,3747.859619140625,5164
2015-08-03,3781.336382602871,3906.6800554709976,3621.737054015008,3740.073974609375,5036
2015-08-04,3771.99453666174,3856.0760535886575,3690.2485250313,3743.96728515625,3565
2015-08-05,3818.7063770529853,3935.4863885836576,3744.7457030835594,3793.793212890625,3003
2015-08-06,3775.887635653309,3782.5829099951807,3139.047300593387,3211.6064453125,11651
2015-08-07,3208.336157194568,3209.114738104777,2744.3302078646516,2973.99755859375,12299
2015-08-10,3153.060094198526,3206.0002674109874,3007.4742614799693,3054.96484375,4295
2015-08-11,2885.244499128178,3153.059910691208,2746.6654271663147,2858.7744140625,6546
2015-08-12,2725.645164965472,2977.8899098077563,2531.0118375270567,2923.392578125,10774
2015-08-13,2967.769330747855,3032.3875060593928,2759.9008238717706,2773.135986328125,4394
2015-08-14,2748.222942925583,2809.6493431433023,2502.984918273584,2650.127685546875,8260
2015-08-17,2587.0662323084525,2991.0473024931443,2569.160060257618,2970.104736328125,8548
2015-08-18,2962.3195970204138,2973.2190171393745,2752.1155783093723,2769.243408203125,4014
2015-08-19,2707.7394343472142,2762.2367796769477,2530.2338903090535,2647.013916015625,7550
2015-08-20,2543.468637449027,2640.0067286697918,2213.5261542939857,2216.484619140625,12209
2015-08-21,2093.4763122760046,2421.2389285827708,2042.0930591997474,2221.934326171875,15286
2015-08-24,1634.9202564871018,2327.815031855445,1584.3155818815487,1908.185546875,11911
2015-08-25,2257.7467781281375,2296.673446716554,1930.7627619854418,1938.548095703125,12908
2015-08-26,2103.597712075676,2239.8410810549403,1866.9234455433939,2239.0625,11926
2015-08-27,2355.063987226045,2457.830510795379,2250.974089672735,2407.225830078125,13309
2015-08-28,2374.5269756838907,2561.375,2334.821722998807,2561.375,7919
2015-08-31,2549.6973678717222,2646.235480236582,2324.701220178974,2333.26513671875,14295
2015-09-01,2103.597913351863,2308.3521581447094,2097.369501905974,2134.7392578125,9158
2015-09-02,2258.524924971986,2397.88232421875,2133.9596094281546,2397.88232421875,7754
2015-09-03,2453.1586179816472,2487.4140376488917,2166.6582044248694,2177.557861328125,12219
2015-09-04,2105.9329946253483,2299.009196324124,2069.3418272245017,2217.26318359375,8865
2015-09-08,2374.5266574722805,2506.877323626473,2277.2099911824325,2490.528076171875,11324
2015-09-09,2601.8587533410446,2604.1942585370994,2284.9955601812817,2308.3515625,9706
2015-09-10,2258.525253645162,2506.0987592810084,2258.525253645162,2489.74951171875,6378
2015-09-11,2473.4006610395404,2611.200927734375,2397.8828276019763,2611.200927734375,5616
2015-09-14,2616.651204752016,2639.228629284023,2469.5084171859544,2591.738037109375,3658
2015-09-15,2591.737555199361,2701.510808479699,2546.582714531478,2666.476806640625,5030
2015-09-16,2661.805701199751,2747.4443769408867,2485.0787583604065,2585.509521484375,7131
2015-09-17,2574.6099797331317,2925.7283436374632,2532.5689871898835,2836.9755859375,11229
2015-09-18,2685.9403387281855,2843.9825302899953,2670.369670097877,2807.3916015625,6783
2015-09-21,2907.0435067795574,2907.0435067795574,2263.1965632582856,2358.177490234375,29620
2015-09-22,2251.5184278400225,2310.6867693358827,2067.0059383109265,2203.249267578125,24619
2015-09-23,2226.605576267071,2317.694081241087,2083.3554748223432,2179.114990234375,11051
2015-09-24,2138.6315264616005,2157.3162821305177,1901.1787005008723,2119.946533203125,15478
2015-09-25,2242.1760105598723,2242.1760105598723,1541.4960072599122,1684.74609375,44278
2015-09-28,1627.1345817006413,1634.9199146274386,1215.9132394857252,1301.7076416015625,80290
2015-09-29,1335.9634355408282,1430.9444918161364,1092.2824441529842,1146.77978515625,84023
2015-09-30,1251.8817767637624,1323.5068284254808,1156.9007222474768,1265.1168212890625,68881
2015-10-01,1285.3584310522483,1300.9290959042696,1152.229199049569,1283.80126953125,46106
2015-10-02,1183.3707343374708,1485.98662029484,1160.0147330018629,1472.2066650390625,51058
2015-10-05,1570.301819617689,1641.1484054336993,1393.5747643253296,1508.7977294921875,49955
2015-10-06,1479.2132731361276,1483.1059396443807,1140.5512869181196,1311.82861328125,84733
2015-10-07,1332.8492362241552,1453.5219203931867,1206.7268416903162,1381.1182861328125,49006
2015-10-08,1342.9700086659925,1377.2254280358009,1198.9413410699296,1330.513427734375,59039
2015-10-09,1336.741679975868,1453.5216773900922,1276.7946383955177,1402.1385498046875,35374
2015-10-12,1430.1658372541212,1459.7501303209124,1332.8491618993937,1357.76220703125,28131
2015-10-13,1322.7282903020416,1434.8371789103226,1183.370849609375,1183.370849609375,45865
2015-10-14,1237.8681172740853,1307.9361239122409,1159.2361956400246,1223.8544921875,56628
2015-10-15,1216.8476315666705,1480.7703857421875,1191.1560076428725,1480.7703857421875,55641
2015-10-16,1490.8914750502988,1563.295105691591,1387.3465081155275,1464.42138671875,51036
2015-10-19,1448.0721550767803,1620.90654982699,1347.8749423607946,1501.012451171875,51605
2015-10-20,1502.5697059291233,1511.9120844868232,1328.9567057856088,1348.4200439453125,41736
2015-10-21,1417.7095263768556,1430.1659908834804,1226.1902411877181,1346.0843505859375,74370
2015-10-22,1355.426663284952,1412.2595050389116,1239.1137572039256,1327.3994140625,42360
2015-10-23,1389.6820441995142,1451.9647128471115,1350.755376294766,1430.9443359375,39986
2015-10-26,1418.4878205597856,1533.7107866673525,1367.104687816319,1438.729736328125,29546
2015-10-27,1467.5353425108788,1537.603342949064,1432.5013422917862,1529.0394287109375,25259
2015-10-28,1510.3549222077634,1654.3836132430397,1421.4464147537933,1653.5272216796875,37639
2015-10-29,1638.813129872444,1730.6801129306655,1514.2477613310707,1526.704345703125,32731
2015-10-30,1553.1739679509944,1553.1739679509944,1445.7363464089667,1498.6766357421875,19791
2015-11-02,1521.2542304936205,1784.3985459454593,1513.4688964198665,1774.277587890625,33328
2015-11-03,1751.7001812274639,1893.3932387944647,1670.7327537019698,1821.7681884765625,31915
2015-11-04,1868.4800746879575,1888.7219896816493,1748.5859840800524,1853.68798828125,27824
2015-11-05,1815.540198706743,1824.1041151985544,1686.303701832114,1755.5931396484375,27150
2015-11-06,1764.1566017433934,1785.1769782333768,1595.9933522340039,1754.03564453125,31466
2015-11-09,1730.6797262566859,1827.2178177894853,1708.102186976032,1803.86181640625,21290
2015-11-10,1775.0560874620123,1787.51266892702,1673.8467491418098,1780.0386962890625,22690
2015-11-11,1790.6268960695313,1798.4122304002683,1684.7463016535971,1691.753173828125,17396
2015-11-12,1634.9201398988403,1699.5384358537958,1564.8521339031756,1577.3087158203125,23076
2015-11-13,1558.6240297538377,1680.0753022208,1511.1335579416566,1611.5643310546875,24181
2015-11-16,1535.268038706885,1609.2287212293265,1450.4079346990497,1552.395751953125,36416
2015-11-17,1588.207991418595,1673.8466576225387,1507.240572707315,1588.986572265625,22380
2015-11-18,1605.3359278464964,1743.914903780898,1588.9867969004156,1733.7939453125,22096
2015-11-19,1732.2366777297136,1769.606301727329,1614.6780961276806,1631.02734375,24516
2015-11-20,1665.2829155158238,1703.4311238607802,1634.9201600611675,1651.2694091796875,18216
2015-11-23,1653.604829086765,1771.94199627131,1648.1551192599209,1729.901123046875,25348
2015-11-24,1692.531572874041,1759.4854931397447,1673.8468186948899,1753.2572021484375,12454
2015-11-25,1747.02876975566,1878.6009756667552,1747.02876975566,1856.0234375,21708
2015-11-27,1865.3663897673998,1940.8841185953365,1849.017138081187,1915.9710693359375,11564
2015-11-30,1933.0985707616912,1964.0063580808226,1776.3797500201574,1845.124267578125,23066
2015-12-01,1883.272467000205,1887.9437154635955,1744.6936006535493,1840.453125,24873
2015-12-02,1822.5469554983256,1926.8703960920634,1792.184077980005,1803.0836181640625,17445
2015-12-03,1829.5532989634562,1841.2312987440741,1561.7378848458573,1600.66455078125,34456
2015-12-04,1612.3426549513656,1689.4174109756675,1541.4960708441574,1687.081787109375,28859
2015-12-07,1665.2829214812182,1665.2829214812182,1486.9988175728527,1495.951904296875,26640
2015-12-08,1445.7364491675642,1602.2217045789705,1424.7938824373414,1585.093994140625,19811
2015-12-09,1543.8319854482554,1572.6377017712466,1433.2802499737886,1471.4283447265625,28444
2015-12-10,1485.441770825757,1543.8317766066848,1451.1862294907503,1528.2611083984375,15123
2015-12-11,1469.8711275624312,1505.6835937723047,1346.0842419292364,1356.2052001953125,33080
2015-12-14,1365.5477408008326,1411.3255495980277,1253.438961911735,1317.2786865234375,20054
2015-12-15,1362.433293894632,1452.7432054649785,1358.5406273406475,1423.9373779296875,27189
2015-12-16,1475.3207005925815,1613.121080002435,1455.857366811677,1608.449951171875,29116
2015-12-17,1648.9337916124828,1654.3835017416186,1507.2407342810961,1554.731201171875,17676
2015-12-18,1538.3821968839477,1649.7123889732966,1520.4759031677957,1581.2015380859375,18794
2015-12-21,1623.2423345729744,1643.4842529296875,1534.4895637976892,1643.4842529296875,11326
2015-12-22,1658.2759267781366,1673.0680119404158,1555.5095550747806,1613.1209716796875,13561
2015-12-23,1639.5912552398104,1697.202674659903,1623.2420076449075,1684.74609375,19921
2015-12-24,1675.403888327971,1712.7735160739942,1673.8468452541308,1693.3101806640625,4861
2015-12-28,1634.1413959372592,1660.6116001714627,1579.6440633780114,1627.1346435546875,11998
2015-12-29,1664.5043648537549,1743.291903695742,1654.3834073089122,1735.350830078125,19665
2015-12-30,1712.7733413999024,1764.1565891598032,1679.2963841499522,1684.74609375,7679
2015-12-31,1668.3973177898922,1696.424452572337,1631.8062669714093,1642.7056884765625,10114
2016-01-04,1529.0394289596134,1571.0803005062176,1441.8437188257537,1480.7703857421875,28730
2016-01-05,1513.4686312601314,1524.3681683306502,1410.7022632502028,1437.950927734375,22886
2016-01-06,1354.6481477676643,1368.6617730552498,1208.2838413763418,1260.445556640625,53363
2016-01-07,1160.7935213790538,1198.1630351596793,1081.3830076082568,1110.1888427734375,55198
2016-01-08,1179.4778286467733,1193.4914503698417,1027.6638507021391,1037.0062255859375,45683
2016-01-11,1054.9128564796624,1073.5976123237517,783.2046623777475,862.6151123046875,121914
2016-01-12,913.2197480594563,1004.6974271773666,818.2386328262571,938.9113159179688,88983
2016-01-13,973.9452728442617,976.28089680639,737.2711070431088,745.8350219726562,120718
2016-01-14,763.7412614736224,860.2794159583842,642.2900616883863,828.3595581054688,123601
2016-01-15,700.6800012143782,754.3988131869565,660.1962915698327,751.28466796875,88176
2016-01-19,792.5471437751974,801.8895222168243,620.4911890631872,658.6393432617188,117805
2016-01-20,610.3701914442674,778.5333923020288,569.1078978933062,743.4993896484375,173058
2016-01-21,752.0632864422698,802.8236996743491,684.3309013461605,693.6732788085938,115990
2016-01-22,755.1774655435904,773.0837591040954,704.5727900174735,753.6204223632812,92163
2016-01-25,725.5932147252335,801.8895232175071,713.1366903217217,717.0293579101562,55001
2016-01-26,732.5997211173575,737.2709083855788,635.2830722070452,695.2301635742188,106959
2016-01-27,713.9151257181119,722.4790408960513,590.2840394272799,603.3634033203125,122708
2016-01-28,632.9477752524198,632.9477752524198,509.9394553852617,536.4096069335938,173363
2016-01-29,537.9666131580822,580.7859537905941,506.82527451625526,556.6514282226562,170356
2016-02-01,544.9734256527908,591.685433565887,513.8320870440598,575.3362426757812,126051
2016-02-02,548.0876681408968,560.5441939037216,499.04002741536107,515.3892211914062,158496
2016-02-03,529.4027664412314,538.7451444430027,443.7640836345616,521.617431640625,222195
2016-02-04,507.60378258786153,602.5848985549933,498.26140500301034,551.980224609375,154400
2016-02-05,548.8660691965447,559.7655491168046,471.79124760010575,489.6975402832031,140648
2016-02-08,456.9990902519158,456.9990902519158,390.04520318083195,407.1729431152344,195915
2016-02-09,375.25310179363134,453.10644118240583,369.8033620966787,411.84417724609375,206856
2016-02-10,431.3074832424588,470.2341503329807,411.0655985361733,415.73681640625,199970
2016-02-11,390.8237961785019,418.8509883798917,370.58190874532556,404.7595520019531,158540
2016-02-12,426.6363020403866,443.764042972028,386.15255884705954,442.20697021484375,151105
2016-02-16,470.2341896446099,497.48285888596695,467.1200441375492,494.36871337890625,132684
2016-02-17,519.2817980935081,560.5440955528846,499.81846144236624,556.6514282226562,135625
2016-02-18,573.0006070759797,573.0006070759797,494.36874053901556,499.8184509277344,128485
2016-02-19,485.80489412588855,525.510088968473,469.4556735387636,524.7315673828125,84804
2016-02-22,551.2017703304509,568.3294844593075,530.181329102423,541.080810546875,116716
2016-02-23,522.395920404791,533.2954003200058,471.0127258300781,471.0127258300781,81305
2016-02-24,443.764051304534,486.58338958830484,415.73685994372494,481.9122009277344,125466
2016-02-25,488.9189383887197,509.1608233298128,456.2205317136389,471.79119873046875,71410
2016-02-26,490.4760236408392,509.93935791230103,468.6770951965401,496.70428466796875,111855
2016-02-29,498.261326618082,509.93932646069334,455.4419938618406,457.777587890625,90400
2016-03-01,475.6838251731214,522.3958222650294,451.54930522177744,519.2816772460938,111869
2016-03-02,517.7247424316406,586.2357095499709,512.2750320597365,583.9000854492188,186825
2016-03-03,586.2356839908309,594.7995396579017,548.087534858549,563.658203125,131416
2016-03-04,569.1079250721147,618.9340764384618,547.3090246850412,573.7791137695312,163429
2016-03-07,562.1012126908896,661.7535332165808,545.7520196320771,632.9478149414062,202563
2016-03-08,632.9477365077968,636.0618228779477,526.2886152031989,532.5169067382812,157743
2016-03-09,552.7588009941846,555.8729469637716,486.58345157938794,517.7247924804688,164575
2016-03-10,525.5100468226841,557.4299044539183,467.898563143387,490.4760437011719,231961
2016-03-11,510.7179252027111,541.0807412684774,494.3687348280332,538.7451171875,127486
2016-03-14,533.2954652518899,573.779184840521,532.828364143507,557.4299926757812,128641
2016-03-15,531.7382669971431,535.6309334922983,457.777573890507,462.44879150390625,197085
2016-03-16,462.44879611946294,482.69065021682195,418.0723916920496,446.0995788574219,175714
2016-03-17,442.9855266289912,467.1200507024752,400.16618864793094,449.9923095703125,157035
2016-03-18,459.3347315634451,499.8184468575393,429.7504666567247,482.69073486328125,209834
2016-03-21,478.7979701920571,535.6309237461622,475.6838251731214,519.2816772460938,156100
2016-03-22,511.4964097490987,581.5644143392428,506.0466998177075,569.8864135742188,217618
2016-03-23,565.9937750101616,587.7927346226722,479.57657689875595,481.9122009277344,189598
2016-03-24,459.13999786351695,518.2890933352137,437.9249774996747,488.140380859375,119585
2016-03-28,500.59706306030563,506.6890377894092,461.86500370882965,469.2610778808594,120100
2016-03-29,462.05950607315646,504.4896069658685,426.519471281049,501.1808166503906,239680
2016-03-30,519.6710795310786,551.5909392033225,479.7712400914265,489.1136474609375,270900
2016-03-31,494.36884331261064,558.403220980315,492.42250928382083,533.684814453125,283840
2016-04-01,517.9194543151016,585.8464944499148,507.60384917306084,583.3162841796875,323405
2016-04-04,593.6317533816995,643.847136957983,584.2893757759592,602.5848999023438,256960
2016-04-05,584.6785948333214,637.0349561914416,574.1684053937272,600.4439086914062,222635
2016-04-06,611.3432590209761,735.3246459960938,611.3432590209761,735.3246459960938,327405
2016-04-07,713.7204722001195,758.8753708508513,668.7601593689363,699.7068481445312,381825
2016-04-08,736.4925662455233,736.4925662455233,636.4510387073864,663.69970703125,315765
2016-04-11,681.0221519038668,681.0221519038668,605.3097826139476,614.6521606445312,259420
2016-04-12,617.9607092544907,640.7328284410835,579.228695577541,630.8065185546875,335990
2016-04-13,653.9679833916981,681.2166493663522,627.108607832776,676.9346923828125,267755
2016-04-14,685.693124090818,702.6262457387619,658.639106009714,688.0287475585938,186620
2016-04-15,684.720019459694,692.8946429387084,656.6928322989521,685.303955078125,140735
2016-04-18,673.625950209878,729.4856788883619,666.4244934205242,715.0828247070312,264630
2016-04-19,716.2507706656874,723.4522288036183,658.6392837544045,674.5992431640625,241575
2016-04-20,681.2166633880396,700.4853514158254,655.525039752739,676.350830078125,225240
2016-04-21,668.1763333698168,719.2675928356784,657.8607885509039,713.331298828125,222795
2016-04-22,713.136533792014,732.0159912109375,673.4313449845404,732.0159912109375,236505
2016-04-25,729.6804720552793,748.7545774258031,712.3581144841854,722.0897827148438,162050
2016-04-26,713.7205988576496,713.7205988576496,633.5316258375365,665.062255859375,253550
2016-04-27,646.1827673709754,661.7534364642519,618.9340964577415,642.2901000976562,184295
2016-04-28,630.4174318367185,688.8074389731368,615.2360537402045,632.5584106445312,250985
2016-04-29,623.7998845036345,639.6235853052334,579.0342141648401,590.9068603515625,289485
2016-05-02,603.1686553818735,627.3031755257629,566.5776144602388,626.7192993164062,200770
2016-05-03,608.2292541540653,612.3165666214583,551.980224609375,551.980224609375,288580
2016-05-04,537.1880212032416,546.919688254025,483.0799464611479,486.194091796875,367125
2016-05-05,498.2613564590962,500.20768988276456,462.83809408807053,478.0195007324219,247905
2016-05-06,465.1737103559327,493.97945233444864,448.2600673489408,474.88592529296875,380805
2016-05-09,476.8516943677437,542.0538648221086,476.8516943677437,527.26171875,350465
2016-05-10,542.2484987746888,544.19483218063,498.26135192094176,533.1007080078125,209740
2016-05-11,524.9261374710388,538.1611807244786,475.2946064758774,479.77117919921875,170430
2016-05-12,494.75794362408874,494.75794362408874,432.4752749142443,447.4620361328125,369495
2016-05-13,451.3547235299747,486.58337150652386,442.7908680709367,471.9858703613281,279800
2016-05-16,486.7779738975515,535.2416615552611,486.583328686601,531.5436401367188,285165
2016-05-17,525.3153840445494,551.5908855079595,512.080340399711,522.0066528320312,189065
2016-05-18,512.0803855368683,562.8797047232935,509.9394066827684,551.980224609375,201075
2016-05-19,544.9735051442169,574.1685143483713,515.7784959400624,534.657958984375,205015
2016-05-20,546.9196091402414,577.0877726337422,538.1611100614831,576.8931274414062,264310
2016-05-23,577.6717805291245,619.3233664963766,576.5040279035944,603.1687622070312,263660
2016-05-24,621.0749759548388,639.5651425443592,609.2023307915657,638.78662109375,214520
2016-05-25,654.9412255547303,675.9616036857943,644.7618799230796,670.9011840820312,240470
2016-05-26,664.6728182615863,666.6191515507857,635.6724641319912,647.3504638671875,146955
2016-05-27,642.4847282491469,669.7333984375,626.7194143321223,669.7333984375,148930
2016-05-31,687.2503938992076,724.0360864099113,683.1630815319323,712.7473754882812,189910
2016-06-01,701.069416850001,733.9624442354831,688.0289574061198,718.781005859375,243650
2016-06-02,711.5794594799363,776.392333984375,711.4821071774503,776.392333984375,239635
2016-06-03,763.9357090740222,774.4458954849933,683.5521792412322,708.075927734375,223045
2016-06-06,714.6936854083616,767.2446899414062,668.0011043237791,767.2446899414062,180540
2016-06-07,732.989111360562,749.7275891336575,709.4384672354117,725.9822998046875,160040
2016-06-08,729.8751196571578,734.9355990329253,701.2639912076415,727.3449096679688,171220
2016-06-09,705.1566981325584,733.3785376783131,660.9749573786743,661.7534790039062,248125
2016-06-10,625.7463113077032,641.3169815735247,603.3634728005846,618.9341430664062,263895
2016-06-13,598.6921688313636,634.699336918522,581.3698133608017,586.6248779296875,248160
2016-06-14,583.1215879500938,605.3097802335162,550.8124366755148,580.2020874023438,231980
2016-06-15,593.0478572029452,608.8131114602129,581.1946335985755,587.4034423828125,187480
2016-06-16,571.8327403600405,590.0309698859179,555.0943203101341,588.9605102539062,184770
2016-06-17,597.524418429953,598.4975852352135,538.5505337901213,544.000244140625,285480
2016-06-20,570.4703772319921,585.8464004473113,552.7587299901542,565.9937744140625,248305
2016-06-21,571.2488621854868,574.9468838261208,518.503214308645,538.1611938476562,301890
2016-06-22,537.5774193889454,579.4235960943934,517.5301456078992,541.6646728515625,387290
2016-06-23,558.4030379697675,580.3966409253676,541.0806826702327,578.8395385742188,218240
2016-06-24,508.9661605625115,541.0806601773545,493.97940001532265,495.3418273925781,349820
2016-06-27,480.3551864291266,497.87219057987414,427.025622639855,432.8646240234375,420735
2016-06-28,459.3346577303515,493.78475112039,455.63663634843874,492.81158447265625,251260
2016-06-29,528.4295467335888,553.7318823046263,512.8588786898736,550.6177368164062,261520
2016-06-30,545.9464588472315,560.7386029450272,516.9461062460514,549.2552490234375,194840
2016-07-01,541.4700198999576,603.3634033203125,541.2753746645706,603.3634033203125,284420
2016-07-05,585.6517546853548,594.7995461507059,565.2152523625541,579.4235229492188,184740
2016-07-06,565.799214377261,628.8604125976562,562.5099057653222,628.8604125976562,259885
2016-07-07,639.5650881596376,653.189420277596,614.846633272392,646.5718994140625,205185
2016-07-08,640.3438076243681,671.8744383240995,627.6926381728229,661.7534790039062,204765
2016-07-11,674.5992450298601,681.2167674628789,651.24324157399,653.1895751953125,186480
2016-07-12,677.5188171642778,689.5860512551308,665.0817154970508,668.7603149414062,182570
2016-07-13,686.4717667877491,690.7536643352124,608.2291457229923,612.7056884765625,211690
2016-07-14,627.6925594668121,631.3905812710154,599.8600139222765,611.92724609375,193510
2016-07-15,608.6185962024592,645.5989379882812,604.9205145059625,645.5989379882812,150090
2016-07-18,646.7665602922706,659.4177272989903,630.6120169503348,653.968017578125,132380
2016-07-19,648.5183270623633,664.0889946086636,610.0198539300309,618.3501586914062,148960
2016-07-20,623.799974768863,681.2168211204431,620.6858288499766,677.518798828125,226600
2016-07-21,701.8478728246092,726.3716868336165,675.5723705429695,695.0357055664062,236800
2016-07-22,705.5458517259071,726.76087373281,688.4181417050307,715.6668090820312,123455
2016-07-25,722.284301186685,726.5661988182007,689.9946387923908,720.1238403320312,160425
2016-07-26,708.2707658844424,741.1637909497584,700.874722164686,734.3516235351562,174450
2016-07-27,746.2243525529748,805.1983011864634,741.5531634031421,799.9431762695312,199500
2016-07-28,798.7751818082113,815.1243697995361,759.0699940014571,786.5133056640625,188405
2016-07-29,770.9426160917736,818.2384905463013,764.1304496824249,817.0706787109375,173075
2016-08-01,843.1516364262527,908.7430351065872,832.0575125006255,879.5480346679688,246810
2016-08-02,875.0715974924908,894.7295787106948,796.6343178589416,848.212158203125,269205
2016-08-03,841.0106266523524,907.750411810723,837.5071910912428,902.5147705078125,184585
2016-08-04,920.6156962353085,931.7292432943242,865.5344848918103,873.514404296875,168220
2016-08-05,874.8769041504104,907.1860519784898,862.4203816882574,898.4275512695312,119990
2016-08-08,906.2129085658996,910.494806717653,834.1985675491521,846.6550903320312,121960
2016-08-09,855.4136589076692,860.7465942245248,824.0776745403333,843.7356567382812,97515
2016-08-10,839.0643644795379,841.2053431598962,762.3788382183455,768.023193359375,176850
2016-08-11,778.728008383813,812.5941978019508,753.8149051241504,803.6410522460938,166915
2016-08-12,792.1577481726332,831.084418844507,785.1509355722187,825.4400634765625,133490
2016-08-15,839.0644686092568,875.6360954051111,834.4905725420845,859.6956176757812,127055
2016-08-16,851.520906799723,853.8565307601847,811.6210700239645,815.319091796875,117955
2016-08-17,811.2317855304073,819.6204782307209,782.8737513505725,801.6947631835938,123355
2016-08-18,799.5536599283624,823.6882392810311,782.4259514174774,812.5941162109375,106815
2016-08-19,799.5537652076756,811.4069883021219,781.4528877071606,797.2182006835938,99545
2016-08-22,820.9634737180752,863.5882262970251,803.8357621100363,862.2257690429688,148240
2016-08-23,883.6353406232577,887.7226525364536,857.9437166523519,871.7626953125,99140
2016-08-24,869.4271321479995,917.3068850920846,746.4188405354818,759.0700073242188,316320
2016-08-25,775.6140150443587,795.0773529375672,688.80751616117,735.7141723632812,288215
2016-08-26,737.8550435256758,785.3455691618075,727.2864668503205,761.794921875,213685
2016-08-29,766.855349023868,771.9158276735525,736.5120188640358,758.6807250976562,112975
2016-08-30,756.5398740137948,784.3724199966572,739.6067483839448,753.0364379882812,106645
2016-08-31,748.3651464540737,755.1773129367506,712.9418569852028,725.3984375,107200
2016-09-01,728.5126228940687,741.5530814181187,704.3780987903841,734.3516235351562,81220
2016-09-02,736.1033969141921,752.6472326408434,712.358103053455,727.9287719726562,100100
2016-09-06,747.0026412409178,793.1307607802136,746.224119858277,783.9829711914062,137540
2016-09-07,790.2113653961723,831.279012275302,786.9415395188702,822.3258666992188,100945
2016-09-08,820.1849273998777,858.6055911915576,798.1913825450283,852.688720703125,89485
2016-09-09,810.647873869221,839.6093248209992,758.8753927342312,760.4324951171875,157115
2016-09-12,741.5530818150224,843.735593088746,741.5530818150224,838.48046875,144160
2016-09-13,820.37968900501,824.2528742235144,762.962842443568,802.27880859375,139110
2016-09-14,815.9030343825364,882.8568955122464,809.8693885981617,860.4740600585938,163995
2016-09-15,870.9842627270879,905.6289761224176,838.0912376454751,897.259765625,134570
2016-09-16,873.1250949406517,896.6757387974793,850.3529724928566,890.4474487304688,104520
2016-09-19,914.387508712511,995.3355760428518,884.5113352354514,941.2469482421875,163305
2016-09-20,980.5629202346811,1025.7178870278826,973.1668757380289,1007.4223022460938,117105
2016-09-21,1029.6103631557698,1054.698629059855,951.601347031103,1045.1810302734375,189745
2016-09-22,1074.5707124815506,1079.4365463884492,1023.7714540114398,1073.2083740234375,97485
2016-09-23,1053.5503523180955,1087.6111902662728,1037.025999086401,1040.3153076171875,74250
2016-09-26,1022.7983118053205,1040.3153142910444,1008.200809733884,1023.966064453125,67585
2016-09-27,1022.0200374263875,1072.624726454291,1012.288366459483,1063.47705078125,90865
2016-09-28,1074.376252674814,1079.8259635308737,989.321442245767,1017.1539916992188,94505
2016-09-29,1013.0667292571615,1021.0466502117819,909.9110392463458,913.9983520507812,130965
2016-09-30,928.2063706431192,964.7974735732749,885.581681794466,949.226806640625,103155
2016-10-03,932.488406998781,946.1127417218767,900.5685489555768,942.9985961914062,97120
2016-10-04,929.1796098857573,969.2740922477727,908.1592316441572,927.2332763671875,74050
2016-10-05,933.8506621952174,992.046073427228,924.5082864281572,970.8309936523438,88940
2016-10-06,922.7566547730394,929.9580525425552,871.3150784954495,879.74267578125,135730
2016-10-07,880.7159978432495,887.7228110315358,829.0602848964887,859.6956176757812,94885
2016-10-10,882.8568992260654,922.1728008107405,882.8568992260654,911.0787353515625,93185
2016-10-11,884.2193182545033,913.8036123163516,804.2250559402465,827.3864135742188,153370
2016-10-12,823.299071475879,837.8965727431819,739.6067308766762,743.110107421875,214420
2016-10-13,713.5259284636443,764.9091249797528,713.5259284636443,743.3048095703125,208620
2016-10-14,766.8553783438525,771.7212119627856,676.3508730316973,677.12939453125,235860
2016-10-17,679.2703091914774,687.0556422481133,638.3973106441392,661.16943359375,242415
2016-10-18,690.9482471946274,710.4115781015183,681.2165817411819,688.0287475585938,142675
2016-10-19,693.8679360014753,697.176726916679,650.4647200049386,653.1895751953125,146545
2016-10-20,649.1020857448119,695.0355585645489,647.4087854594919,688.0287475585938,158065
2016-10-21,680.0489444393355,707.9593609911332,667.0085450252893,682.9684448242188,134405
2016-10-24,696.9820633444422,699.3176279901709,660.0017255118972,661.9480590820312,114465
2016-10-25,660.9748819178782,675.767028698097,636.8403579066717,646.3773803710938,151770
2016-10-26,646.3773369296396,661.1694827157141,610.3701688675258,624.1891479492188,181730
2016-10-27,643.6525111060645,655.5250979178132,594.0210069411074,596.1619262695312,204620
2016-10-28,588.7659360562448,613.8736285573472,554.1212204373456,585.846435546875,260905
2016-10-31,583.9000010119819,592.463855814015,562.4903343082092,563.4635009765625,145385
2016-11-01,564.8259256225987,589.3496767383365,542.8323245428937,583.705322265625,218835
2016-11-02,579.8127856532328,579.8127856532328,542.6378008537322,543.4163818359375,202660
2016-11-03,545.9465649016278,555.6782327251861,475.68391133605854,477.82489013671875,460485
2016-11-04,484.8316398816111,533.1006822585606,484.44234946027325,520.8388061523438,222340
2016-11-07,562.1011141136215,597.524409026596,548.8660695293162,589.7390747070312,269665
2016-11-08,574.3630608622511,629.4442783307188,568.9132911094443,605.3097534179688,213050
2016-11-09,747.5867085693202,816.681547758306,714.1097486399282,807.339111328125,497920
2016-11-10,853.9734004253162,908.937845569962,798.4055371829791,867.2863159179688,281650
2016-11-11,836.9235026510673,892.9778902324613,818.0440417392844,883.0516357421875,201565
2016-11-14,890.6422948098144,961.4888281634314,852.4941431894392,958.9586181640625,187760
2016-11-15,940.0790834574964,952.3409607871185,891.0314553442383,940.8576049804688,150130
2016-11-16,913.9982083052965,946.1127105221323,846.0711821624967,850.7423706054688,145290
2016-11-17,864.1720217163244,900.1791892878379,827.1916874536888,892.5885009765625,133555
2016-11-18,895.313301941739,911.3705513787376,843.930115622819,868.0646362304688,81140
2016-11-21,864.9507205423964,887.333559027661,850.9371529552755,884.6087036132812,82740
2016-11-22,889.6691192556772,895.3134749355759,802.278750646878,812.7889404296875,166365
2016-11-23,729.8750396763077,859.8900896516942,728.3179966839514,859.3062133789062,149315
2016-11-25,863.782818986476,884.2193215750902,825.2454378640439,883.2461547851562,53275
2016-11-28,869.0380050672236,873.5145488595651,796.0504906438845,800.7216796875,160770
2016-11-29,800.7216939531273,834.393303512088,774.8354788020852,808.1177978515625,109965
2016-11-30,821.742002495855,822.325878769164,735.9086858738456,738.8281860351562,149665
2016-12-01,750.5062912384232,761.2111266545907,681.2167992106606,683.7470092773438,180405
2016-12-02,681.2166156089498,734.5461330657183,665.6459501093167,705.3511352539062,150750
2016-12-05,732.0160202777129,771.7212106617939,710.4117071665946,754.7880859375,141395
2016-12-06,762.5733721207118,797.9966623549312,734.7408293633819,794.4932861328125,130670
2016-12-07,740.1903880770451,758.0966747570835,658.3471122890462,698.7335205078125,357830
2016-12-08,696.3980757810821,711.7741573581447,653.9680308704633,709.6331787109375,170290
2016-12-09,730.2643535501104,766.4661091615084,700.3102524501177,705.7405395507812,183935
2016-12-12,681.216651805933,686.1992602787805,653.3841095053847,671.4849853515625,142595
2016-12-13,681.216702426437,691.7268910986827,664.867513447679,666.6192016601562,100115
2016-12-14,666.4245427651624,686.8610434186925,644.2363539350918,669.927978515625,167090
2016-12-15,677.3240051468305,702.8209838867188,663.7191540506118,702.8209838867188,133755
2016-12-16,698.7337793876302,728.7073056768697,695.0357573372014,703.4049682617188,131745
2016-12-19,702.431779817453,727.9287616920255,667.8064886661281,674.9884643554688,140085
2016-12-20,687.0556522287097,704.3780066518842,681.2166523514119,695.6195068359375,67560
2016-12-21,694.8410099593323,701.0693004742225,653.189487908473,654.3572998046875,110540
2016-12-22,661.9478886596345,661.9478886596345,607.645207912921,620.8802490234375,155775
2016-12-23,622.826751038793,689.391383815019,613.0950830538119,688.2235717773438,157630
2016-12-27,691.3376282200542,711.9687141686134,664.0889613775558,665.2567138671875,101475
2016-12-28,669.7334310177464,669.7334310177464,635.4779463779269,638.9813232421875,107150
2016-12-29,642.2901215935096,650.6593327522869,613.6984747622982,625.3569946289062,105100
2016-12-30,626.1354510406132,634.8744686156548,599.4706608727131,609.39697265625,159715
2017-01-03,629.8334761073693,644.4309760508463,592.4833348335354,622.6320190429688,152215
2017-01-04,624.773099275502,711.1903011275889,623.0214108766372,706.1298217773438,290775
2017-01-05,715.4722081677439,727.734085487724,682.3845385896685,710.99560546875,142235
2017-01-06,719.9486712377336,758.8753369915703,718.3916283665314,741.3583374023438,167990
2017-01-09,799.5539083137234,822.326037732979,766.8555239450739,812.205078125,194080
2017-01-10,822.3259179433354,830.1112520777102,759.4787915123271,825.4400634765625,153950
2017-01-11,812.983463729346,833.2253186817878,714.4989843791926,737.6603393554688,296300
2017-01-12,711.3848586624893,789.6469081511093,706.7136703756455,774.2514038085938,149285
2017-01-13,771.7212634546032,822.7152269424624,771.7212634546032,795.2719116210938,133870
2017-01-17,775.0300873322784,775.0300873322784,727.5978861343982,737.8551025390625,143500
2017-01-18,749.1437145292994,767.4392366281095,737.0764830756669,763.5465698242188,86645
2017-01-19,758.4860300617141,766.8552386022311,730.4587860060698,744.6670532226562,90800
2017-01-20,749.3383130944561,756.9290010099633,720.5520272406786,725.3984375,92305
2017-01-23,724.0360929820957,734.9355729279703,686.0825881080342,699.123046875,136495
2017-01-24,706.5190094924039,709.04921910078,658.2499659361725,702.6263427734375,199275
2017-01-25,720.1434067028503,726.5468606531788,696.2424333103376,710.6063842773438,134550
2017-01-26,712.5526871045207,738.0496671496572,694.062519350798,709.243896484375,148800
2017-01-27,704.5727749010995,735.1302366875336,704.5727749010995,732.9892578125,73140
2017-01-30,720.143402811433,721.2138624890905,674.793855528478,697.3712768554688,171160
2017-01-31,679.4650414495925,785.07305750301,667.5923951376386,783.0099487304688,327145
2017-02-01,789.2382175500078,796.0503846558648,761.2110276225299,786.7080078125,156010
2017-02-02,772.6944197019858,797.9772735208394,760.0627339638953,790.4060668945312,109390
2017-02-03,804.6142683050623,822.9097915821761,776.1977869270504,820.1849365234375,135095
2017-02-06,813.3726631021464,827.269511185438,798.3859325348815,816.8760986328125,135250
2017-02-07,821.1581941098609,827.1918405912993,784.3335929630183,797.6075439453125,132620
2017-02-08,780.6743367843424,827.1916930555175,770.164148328525,817.265380859375,103710
2017-02-09,818.4331767826841,865.7290536083199,817.2653648887737,860.8632202148438,109580
2017-02-10,866.1183393324229,873.9036727196807,845.3704187276954,850.35302734375,76255
2017-02-13,866.1184028054581,878.964215715308,848.6014014004039,858.3330688476562,63375
2017-02-14,855.4136116347371,900.1792841434947,845.1369726694917,896.4812622070312,99350
2017-02-15,895.8972891095463,944.9449172228044,886.7495572691982,940.8576049804688,91000
2017-02-16,943.3878052600215,971.2203486053922,888.3065354221292,925.0922241210938,146745
2017-02-17,908.937861902198,956.6230388114141,900.3740052755317,954.2874145507812,85490
2017-02-21,969.273971179946,973.1666377308694,928.5956176022712,935.0184936523438,93320
2017-02-22,928.5957930903288,941.2469617716756,883.2461835633756,887.33349609375,80955
2017-02-23,892.5885298540411,892.783175078039,827.1917142154164,861.83642578125,119425
2017-02-24,833.0308108809197,872.3467747795826,829.5274340333671,865.5346069335938,59185
2017-02-27,865.534565601151,994.9657484941262,859.3841443690766,990.0999145507812,143535
2017-02-28,975.1131901463556,1026.1071571824268,949.8108518790848,981.730712890625,117990
2017-03-01,1018.516537224335,1045.5706267786916,985.3120846278085,1031.9462890625,130620
2017-03-02,1018.5164024650978,1072.8191602670752,989.3213969360306,992.6301879882812,135810
2017-03-03,992.6301033266129,1030.9728977434775,990.6837697906783,1025.7177734375,67685
2017-03-06,1012.0934736924119,1017.1538935429636,970.247301222437,1000.2208862304688,71925
2017-03-07,961.6833576858182,988.9320256503776,934.2400444991783,950.5892333984375,83810
2017-03-08,962.6564670007691,1029.065290636685,956.0389456262772,990.6836547851562,103265
2017-03-09,996.5226915113627,1031.5566923848091,972.3881694557981,1007.8114013671875,97220
2017-03-10,1032.1404167408225,1034.476040214272,976.6699235214305,1030.5833740234375,100150
2017-03-13,1027.6641228659203,1041.0938719894637,998.2745335367171,1035.64404296875,56615
2017-03-14,1020.8519463274986,1024.9391992619971,984.844775675337,1001.3886108398438,81935
2017-03-15,1011.3147662387224,1074.2982040461518,999.5394731708317,1061.91943359375,110215
2017-03-16,1060.7515077673424,1064.4495880646114,1014.2535828886012,1026.49609375,93140
2017-03-17,1002.3616834957168,1031.3620981671866,987.7641832506334,1008.20068359375,67880
2017-03-20,999.2477454099222,1021.4748424744718,984.8448288534426,1015.0130004882812,72725
2017-03-21,1035.449297028272,1035.449297028272,863.49074117803,868.0646362304688,258045
2017-03-22,868.6487133138099,904.0720106885502,855.4136678097262,891.2261962890625,138745
2017-03-23,894.34006082506,923.340412180174,872.9303966921424,882.0781860351562,90760
2017-03-24,891.2260086591368,916.7229868392368,881.494342132181,904.850341796875,90670
2017-03-27,869.037993347608,954.4820305341096,864.9506807155432,944.9450073242188,100430
2017-03-28,937.3542344227046,969.6633827104407,913.4142965058646,927.2332763671875,90675
2017-03-29,932.0991246803554,974.5292316844258,930.5420816002039,942.6093139648438,78860
2017-03-30,944.9448582506369,944.9448582506369,899.5953141470974,924.7030029296875,75725
2017-03-31,921.9782377644252,939.1059494567015,906.9914454856432,928.7904052734375,40920
2017-04-03,930.3473492003324,953.703349598667,885.5816817701908,887.5280151367188,81610
2017-04-04,877.9911183649418,911.4680213909952,875.8501394778515,887.33349609375,53105
2017-04-05,897.6490088015587,913.6089074158378,818.8225042607401,832.4468383789062,116490
2017-04-06,837.8964963514628,840.0374748882828,798.5805394303751,829.3326416015625,125265
2017-04-07,821.7419048638674,850.5476126074107,810.2584914091619,847.6281127929688,98765
2017-04-10,850.353112180441,880.9299954781758,843.930235254118,846.6550903320312,68525
2017-04-11,836.9234824657779,856.1921740198143,807.7284772634833,838.6751708984375,92890
2017-04-12,842.3731900320898,869.0379851148382,837.3127699995011,852.1048583984375,70995
2017-04-13,844.1248155205776,906.018193601652,843.7355250833858,892.3938598632812,132400
2017-04-17,894.9241179531041,910.6894311546073,872.346696911073,900.957763671875,72105
2017-04-18,896.4812713721032,896.4812713721032,849.9639100386547,866.7023315429688,92830
2017-04-19,872.5413208195775,904.8504701516617,860.3767359353129,875.2662353515625,83330
2017-04-20,882.6622737030875,901.8141888978673,867.6754814600893,894.1456298828125,63565
2017-04-21,892.7833350214207,898.4276911442554,858.3332031104128,868.4541625976562,65090
2017-04-24,893.3670691882669,921.9003251924236,884.6085685099505,914.5820922851562,72415
2017-04-25,937.1595877702151,988.5427807030615,930.1527752345122,970.0526123046875,101710
2017-04-26,972.972112578115,986.791092418482,957.012213388476,970.0526123046875,45780
2017-04-27,974.3346532254631,1014.0398484643592,969.0795285243693,995.7443237304688,60315
2017-04-28,1001.778005643684,1017.9325520219783,979.589753358943,1007.4223022460938,43000
2017-05-01,1015.0130962667747,1037.9798117905548,1006.6438845243958,1034.6710205078125,40860
2017-05-02,1039.9259864514418,1045.959691701077,958.5692682549505,982.8984375,81900
2017-05-03,975.3077296631499,984.0662304215344,947.8644154074011,964.9921264648438,38810
2017-05-04,974.9185180664062,986.2072889288091,946.1128036676478,974.9185180664062,41035
2017-05-05,966.5492885192639,969.3714366325983,919.8567045394536,951.7571411132812,67435
2017-05-08,942.0255103818283,942.0255103818283,865.145329265956,872.9306640625,97230
2017-05-09,880.5213071316491,919.4090737707703,875.8501183797679,914.971435546875,72655
2017-05-10,909.1322975931257,918.8639641068663,878.7694861907792,907.5751953125,56620
2017-05-11,901.3470789932801,918.2801452418923,870.0110969550202,905.23974609375,65465
2017-05-12,906.796759260081,951.0564231225358,890.6422150850182,943.9717407226562,66105
2017-05-15,952.9249143231824,966.7438943549274,941.2469130677448,950.783935546875,45920
2017-05-16,955.0659416417406,971.9990086843347,940.2348293997235,967.3278198242188,54370
2017-05-17,928.0117148634288,936.5756290968077,877.6016931222679,879.9373168945312,94760
2017-05-18,881.2997566019644,946.5019267479246,875.8500467367776,936.9649047851562,84380
2017-05-19,943.9718607117684,968.3010323795975,894.1846699455754,901.5418090820312,78855
2017-05-22,905.8236009716056,935.7971250566897,888.0341436299284,922.1727905273438,63350
2017-05-23,929.3742889691375,931.5152677970257,898.0383062992871,920.421142578125,43365
2017-05-24,919.6425436657635,954.0926690604497,895.3717634707949,939.8843994140625,59775
2017-05-25,955.4550322416629,955.8443226716768,918.6693437058008,925.286865234375,46870
2017-05-26,917.1124194304637,927.233318549017,877.7964568078318,885.3871459960938,81005
2017-05-30,881.1052330496657,887.528110087396,827.5810597439565,835.3663940429688,140335
2017-05-31,848.601442050343,854.6350880361417,805.782103231289,845.8765869140625,86210
2017-06-01,851.715625968208,923.3406812733865,850.9371043795975,913.4143676757812,118580
2017-06-02,924.1191976790674,980.9521642897297,915.1661103641759,974.9185180664062,114730
2017-06-05,992.630040105801,1000.4153737536896,931.3789252551418,956.2335815429688,77085
2017-06-06,953.5087171076478,987.1803204363752,938.872311379084,959.3477172851562,46410
2017-06-07,962.6566145543926,979.9789717889602,942.2201116670359,965.3814697265625,54710
2017-06-08,969.2742132506401,999.4423865546258,957.401565425722,993.99267578125,47335
2017-06-09,999.4422301570468,1041.2883994820254,957.7907060572423,987.3749389648438,96860
2017-06-12,981.9253028713407,992.2408472099437,923.9245852515724,978.8111572265625,58155
2017-06-13,995.1604172631412,1013.0667114257812,973.3615150188314,1013.0667114257812,44015
2017-06-14,1012.8718829871015,1055.1072199837367,1004.2690043865189,1031.751220703125,72565
2017-06-15,1009.368504585317,1028.4426679022963,963.4350815485851,991.8515625,70825
2017-06-16,984.2609814632343,1000.4155275064244,960.1263959276566,997.6906127929688,36490
2017-06-19,1029.4159885629222,1120.3096814771814,1023.3822825398986,1104.9337158203125,98615
2017-06-20,1109.4101321270762,1212.7603969178472,1100.9436286366472,1142.497802734375,114750
2017-06-21,1187.2636757981568,1304.0437094832214,1164.4915454706104,1303.6544189453125,115465
2017-06-22,1337.3256753686255,1389.4875072307514,1289.4459196802907,1337.7149658203125,134600
2017-06-23,1315.7213611841532,1401.3600296635952,1282.8282796366448,1399.4136962890625,109090
2017-06-26,1420.8235224334287,1422.0886867863821,1335.963425323808,1381.8968505859375,102795
2017-06-27,1369.0508437117503,1389.4873426597676,1232.8075173916345,1237.08935546875,99950
2017-06-28,1266.6740426783704,1344.702618800986,1222.2976547674282,1331.681640625,103320
2017-06-29,1326.8158026195756,1337.9099292676426,1232.0293208431435,1278.7413330078125,99200
2017-06-30,1274.6537904589304,1274.6537904589304,1212.5657075160464,1227.1632080078125,74520
2017-07-03,1235.3380642683064,1280.4930313702869,1226.5795623267718,1259.667236328125,47300
2017-07-05,1260.0562431638846,1343.9431620227833,1257.33132898873,1336.547119140625,86745
2017-07-06,1309.8824676557476,1325.8424263846532,1241.3715035379787,1260.8348388671875,86085
2017-07-07,1286.5263412996687,1293.9223842531808,1255.3850077735042,1271.53955078125,68450
2017-07-10,1279.1304001372273,1284.3855243469136,1207.6999369183181,1218.9886474609375,71865
2017-07-11,1230.4718903050127,1268.6199740498494,1222.6865573942498,1253.4385986328125,69130
2017-07-12,1274.848536823471,1296.2582069075293,1255.385200383418,1289.640625,70410
2017-07-13,1289.4460450401896,1346.4735973109357,1218.599452557051,1316.11083984375,150645
2017-07-14,1310.0773983866109,1349.1987839744138,1300.1511422734027,1309.8828125,64070
2017-07-17,1323.5069835809938,1346.3374410334338,1272.9023047970145,1274.654052734375,66505
2017-07-18,1261.223872964693,1285.5530371808331,1244.680041297718,1272.123291015625,46305
2017-07-19,1319.2246501271463,1355.426519772664,1292.5598609031033,1312.023193359375,100105
2017-07-20,1325.4530618606998,1400.5814845158088,1321.7549808368685,1365.7421875,111570
2017-07-21,1352.8962407498072,1412.6486973239203,1352.8962407498072,1395.9102783203125,54485
2017-07-24,1395.9105249867093,1449.04541015625,1370.0243110625515,1449.04541015625,84380
2017-07-25,1478.240250867849,1479.2134175899475,1363.4065776602083,1386.5679931640625,142280
2017-07-26,1393.9642380344753,1424.3269966359396,1383.843278902393,1399.024658203125,44710
2017-07-27,1419.2666640483149,1427.6358758258957,1255.385330480849,1289.2515869140625,123025
2017-07-28,1265.11661272374,1345.8309955940326,1260.6400700068991,1338.8826904296875,49975
2017-07-31,1330.902749261376,1340.634416218237,1255.1904516138538,1259.4722900390625,54205
2017-08-01,1273.8752089678233,1282.4001587544892,1173.6390389726469,1205.7535400390625,106020
2017-08-02,1213.5388011047846,1234.5591767875842,1141.5244696839713,1208.8675537109375,74810
2017-08-03,1208.47874034412,1220.3513293638746,1169.7466490393758,1193.2972412109375,36960
2017-08-04,1203.6127389060475,1259.27783203125,1194.2702426434116,1259.27783203125,45915
2017-08-07,1258.3047447680904,1276.600329178223,1233.9755733688621,1266.4793701171875,34130
2017-08-08,1275.4323965062201,1298.2045236027348,1215.8746352951298,1231.8345947265625,52075
2017-08-09,1202.0556379552218,1256.7476858541677,1197.1898037361757,1213.9283447265625,47970
2017-08-10,1187.263420890711,1189.1513073417862,1072.4297457553798,1080.6043701171875,141060
2017-08-11,1089.9465678512217,1137.8263159925011,1076.1276499552932,1136.8531494140625,70175
2017-08-14,1161.5719157156018,1184.9279198605325,1148.7261609538018,1166.2431640625,47995
2017-08-15,1177.5315446077434,1188.8202530119756,1150.2828807655806,1164.4910888671875,38300
2017-08-16,1172.2765614506254,1203.0286048447717,1160.0146850156204,1169.1624755859375,40645
2017-08-17,1146.0011442584942,1189.0151860061194,1097.926682914569,1101.2354736328125,65520
2017-08-18,1097.3429645655033,1125.9540949728637,1073.7923732775898,1099.6785888671875,36010
2017-08-21,1094.8126866267278,1121.0881911057693,1074.1426326067974,1113.3028564453125,27760
2017-08-22,1129.6518491688637,1199.9144309404178,1127.705515947549,1194.4647216796875,60105
2017-08-23,1167.8001504270405,1218.9886999284709,1152.0348959141852,1184.7332763671875,35515
2017-08-24,1200.8879040255956,1264.7276262180808,1177.5318994092145,1255.579833984375,60290
2017-08-25,1270.1772729318234,1275.4323974649346,1209.3738296483812,1221.1297607421875,43750
2017-08-28,1274.8485830940447,1336.3526809589894,1274.8485830940447,1335.57421875,96880
2017-08-29,1288.862154406122,1371.3866290963952,1274.8485285018032,1354.0643310546875,54705
2017-08-30,1352.5071845282698,1427.0517331502297,1343.748683856883,1401.360107421875,70490
2017-08-31,1415.1790927797103,1535.267897939247,1414.322701256181,1521.2542724609375,111740
2017-09-01,1528.0664728356949,1574.7784795717623,1486.8042952546564,1562.5166015625,89700
2017-09-05,1543.4424330399258,1566.2145582699602,1457.8037608409893,1519.891845703125,73190
2017-09-06,1553.5633123136222,1566.6037695896332,1485.8502986643075,1539.3551025390625,57315
2017-09-07,1539.5498822144789,1555.1205510611487,1489.5290847855968,1541.4962158203125,54310
2017-09-08,1531.7646289439792,1561.932801432711,1502.78369150696,1511.328125,37110
2017-09-11,1552.2011038292574,1552.9796848161745,1484.2740111406356,1517.9456787109375,42225
2017-09-12,1504.126261229131,1519.3076363093464,1463.4479689497557,1496.9248046875,44915
2017-09-13,1492.2537596336724,1522.0326352602476,1487.0181183232503,1498.6766357421875,22720
2017-09-14,1489.1393980027221,1518.4901342301582,1454.8839831743082,1484.0789794921875,35915
2017-09-15,1479.2135647681453,1520.0865711630545,1463.6428956653226,1508.4085693359375,29160
2017-09-18,1518.1401554079994,1564.657574354435,1507.046030513371,1533.321533203125,60265
2017-09-19,1532.5432051845164,1538.7713779979838,1489.1398685739318,1506.2677001953125,44170
2017-09-20,1522.227339537062,1592.1007577176374,1518.140086821219,1584.510009765625,70750
2017-09-21,1591.1274632413729,1616.8579322921235,1549.670587958072,1552.590087890625,41515
2017-09-22,1540.328586523834,1540.328586523834,1499.8447492447367,1514.83154296875,42960
2017-09-25,1518.140020740027,1572.0534785688494,1488.5557299102436,1533.9052734375,63065
2017-09-26,1538.1874011099246,1552.1425795850948,1466.5623492834375,1483.884765625,69070
2017-09-27,1502.959068170176,1563.4900052173823,1493.4999138839328,1546.9461669921875,53385
2017-09-28,1545.3885707101422,1648.5442309716504,1530.401781215086,1625.188232421875,57405
2017-09-29,1627.1349095452142,1669.1756683026342,1606.503820650231,1663.5313720703125,45770
2017-10-02,1682.6052048986899,1751.5054539821397,1670.9272046333433,1747.807373046875,70810
2017-10-03,1758.7070058294892,1769.840095873188,1686.6148515438292,1733.2100830078125,54535
2017-10-04,1723.4783258654495,1772.3312495267878,1697.6115962422366,1758.5123291015625,42735
2017-10-05,1780.895169371224,1790.4322511294808,1737.1026652063579,1774.277587890625,56130
2017-10-06,1751.7001257622562,1801.52621515492,1738.075791450772,1760.0693359375,47155
2017-10-09,1774.6668974033148,1779.1434407848224,1716.4715958541724,1725.4246826171875,42730
2017-10-10,1740.605757822088,1749.9481334275445,1682.0211759923543,1722.5048828125,46020
2017-10-11,1717.2498327861792,1732.2366228325584,1694.4777096034743,1708.4913330078125,30150
2017-10-12,1701.8738735223667,1714.816918602935,1676.7661266043526,1703.0416259765625,28535
2017-10-13,1703.6259162970644,1706.9347074478815,1659.4441161879738,1663.72607421875,37085
2017-10-16,1677.545001870645,1771.1636018807146,1646.0338556744045,1679.296630859375,87985
2017-10-17,1674.0411958168604,1708.8806088221388,1658.275943868408,1671.510986328125,31580
2017-10-18,1695.2565022756019,1712.5789181864527,1628.6918718830937,1640.369873046875,57185
2017-10-19,1615.6512896350002,1634.9200375960006,1559.013035850472,1608.449951171875,43445
2017-10-20,1605.3357351964141,1621.879568793796,1554.1471914717022,1603.5841064453125,37300
2017-10-23,1609.2287181638385,1614.1529995649487,1531.7841411414895,1536.6304931640625,43405
2017-10-24,1555.1201562487327,1557.0664893604333,1468.5083327780587,1494.0052490234375,71000
2017-10-25,1494.7842450578592,1513.8388087489218,1414.5952748192371,1454.6898193359375,58110
2017-10-26,1403.8899159131568,1452.158948724109,1368.855923241456,1397.467041015625,75860
2017-10-27,1405.0581378120805,1508.2138086606624,1397.973455680793,1500.0391845703125,55790
2017-10-30,1405.0580320961428,1566.6036931572232,1405.0580320961428,1510.3546142578125,58410
2017-10-31,1523.005965819995,1573.124053513113,1476.9751309645244,1491.6700439453125,45785
2017-11-01,1527.2880256774883,1547.5298241851926,1403.3065494880364,1428.60888671875,67090
2017-11-02,1434.836927485108,1516.1936353807325,1411.0916375494623,1498.6766357421875,39890
2017-11-03,1498.0928660973848,1601.4431237999163,1485.830989236964,1595.798828125,65030
2017-11-06,1602.8058516864032,1613.5106873685831,1554.5367981875304,1557.456298828125,39785
2017-11-07,1552.0065470349764,1560.9596345782356,1488.9452873470702,1511.328125,42100
2017-11-08,1508.4082876477196,1523.0057872056009,1442.252438658563,1461.6962890625,43780
2017-11-09,1440.4814123434658,1464.5965135304473,1387.7358206744495,1442.03857421875,57560
2017-11-10,1436.3941123864292,1448.4614037562174,1392.6016089600137,1438.729736328125,56705
2017-11-13,1417.9040389861213,1424.1323303150912,1363.017407266413,1381.1182861328125,72660
2017-11-14,1362.6279959733122,1370.9973248143128,1224.438321515554,1295.4794921875,148075
2017-11-15,1250.5190476247096,1327.788497361404,1220.3508838298724,1298.7880859375,98365
2017-11-16,1338.1043430715051,1385.789516024599,1314.573117699645,1365.9368896484375,75845
2017-11-17,1362.4335326823498,1374.1115343910556,1323.5068603199968,1365.158447265625,48050
2017-11-20,1364.768909643264,1369.537449903094,1313.7749543238892,1333.043701171875,48135
2017-11-21,1346.862546770122,1371.9702920529558,1340.0503807098685,1352.312255859375,43345
2017-11-22,1353.6747573041644,1383.6093717931335,1341.9967579600593,1377.225341796875,32570
2017-11-24,1385.9840395010292,1407.1991221944832,1370.861108968262,1390.0714111328125,27005
2017-11-27,1387.7357113616863,1416.9307123019744,1345.8895433472737,1350.560791015625,46640
2017-11-28,1364.3797884732794,1367.4938745667228,1299.4111665028818,1357.76220703125,59770
2017-11-29,1377.8093554365716,1406.2257733736956,1305.7950251738357,1338.8826904296875,54445
2017-11-30,1355.4264846821322,1455.857230038549,1354.6479038861366,1453.5216064453125,69675
2017-12-01,1447.0989984530154,1494.7841705607477,1318.6409837954511,1457.8038330078125,104650
2017-12-04,1504.1265662222008,1545.3888618595208,1346.298442812528,1355.621337890625,91960
2017-12-05,1358.735451003733,1416.7362878472393,1289.4460217312546,1301.1240234375,68745
2017-12-06,1294.1171317204416,1309.6683166579,1220.3510479696047,1280.4927978515625,90650
2017-12-07,1309.8824470772988,1399.4137881851084,1288.2781927191918,1390.0714111328125,80180
2017-12-08,1414.0112207128004,1500.4284715337317,1407.782930049125,1473.3743896484375,77435
2017-12-11,1527.87163214506,1535.8127052281673,1421.2125916472605,1428.9979248046875,74060
2017-12-12,1444.1794859177855,1444.1794859177855,1340.6345178854806,1356.7890625,70465
2017-12-13,1347.682427311914,1443.0401265247983,1346.5124423856396,1418.2744140625,57500
2017-12-14,1433.4847839845693,1438.1649616379664,1319.2116563363854,1337.93212890625,71660
2017-12-15,1355.2873800412683,1391.753409610775,1311.6061276657356,1364.0626220703125,48950
2017-12-18,1388.8282888029896,1394.2884154366966,1349.4371796953762,1362.5025634765625,40890
2017-12-19,1352.5574052153418,1398.9687855787465,1331.6919226571335,1349.63232421875,43820
2017-12-20,1370.4980525641508,1388.8286094470332,1350.4125183340952,1377.3232421875,24010
2017-12-21,1376.7380138582857,1441.0897907100186,1376.7380138582857,1425.87939453125,36365
2017-12-22,1443.039874721885,1511.2917606884607,1438.0867807024601,1506.4166259765625,68945
2017-12-26,1503.881655118284,1547.9528275143346,1487.1111194555638,1537.422607421875,24560
2017-12-27,1541.5175621644714,1579.543612085037,1521.0419968226283,1571.9383544921875,31585
2017-12-28,1579.5438662807708,1595.1442995279883,1546.1979878235875,1592.6092529296875,34380
2017-12-29,1605.284117313517,1621.4695380865646,1516.1666456552064,1518.11669921875,59440
2018-01-02,1526.3070240408417,1639.9951286557764,1486.1553667972505,1639.8001708984375,60880
2018-01-03,1638.0450496994574,1731.8231811643557,1630.244835177079,1700.6417236328125,67130
2018-01-04,1728.9179404346041,1728.9179404346041,1613.4748313974483,1648.5758056640625,55650
2018-01-05,1662.0308806384753,1664.331929910052,1596.314041769313,1629.6600341796875,46095
2018-01-08,1634.7301900304321,1634.7301900304321,1484.5760370240148,1528.84228515625,93545
2018-01-09,1547.3675281390663,1660.4706366860933,1547.3675281390663,1645.4552001953125,74290
2018-01-10,1620.494689246245,1717.6073435699918,1563.7481719246962,1712.147216796875,62785
2018-01-11,1709.222422703383,1753.0986400574345,1675.291433674174,1741.3983154296875,52595
2018-01-12,1747.0535320629115,1786.2495722290637,1727.7479486844436,1768.89404296875,42720
2018-01-16,1793.464523383469,1811.6000001185005,1591.2439182956903,1607.039306640625,115710
2018-01-17,1683.2865576683073,1686.6016731172185,1618.7982606298003,1665.9310302734375,62980
2018-01-18,1650.9158258453192,1694.7920450193287,1607.819675954259,1663.7862548828125,38260
2018-01-19,1670.8062165717668,1722.8726813402388,1653.6262458684557,1720.5325927734375,35865
2018-01-22,1810.0401156158662,2014.4057475126867,1810.0401156158662,2005.435546875,89705
2018-01-23,2013.8206616540658,2157.929699223886,2012.455719077598,2139.209228515625,56110
2018-01-24,2142.7195454191483,2148.7061067812238,1946.5440310771232,2035.076416015625,74880
2018-01-25,2086.557810817972,2121.658783336405,2008.555649665898,2101.378173828125,42415
2018-01-26,2116.003936600356,2195.3712918100796,2103.9136947962925,2156.955078125,45930
2018-01-29,2143.8891083114627,2272.5926538875774,2135.6987398576916,2209.80078125,41260
2018-01-30,2110.9327154527864,2155.783941739543,2014.405076270419,2074.07666015625,49305
2018-01-31,2102.353026454659,2130.4338497488734,1933.478409177124,1960.97412109375,61620
2018-02-01,1953.7593229324855,2030.5915049336397,1911.0530889482643,1973.6497802734375,32510
2018-02-02,1920.8030907783252,1965.2447762947638,1853.7211890347912,1863.08154296875,45950
2018-02-05,1802.4348859239037,1938.9386657367127,1657.5458977269639,1659.885986328125,77410
2018-02-06,1585.3940728244827,1813.1603807616839,1535.8821678643847,1799.705078125,71820
2018-02-07,1784.2995064675713,1877.9021035281653,1772.5991818349971,1822.3255615234375,53165
2018-02-08,1830.7104288538483,1858.401215789603,1550.292724609375,1550.292724609375,85945
2018-02-09,1605.6742854009956,1616.7894964203708,1312.2301198135137,1557.5079345703125,166090
2018-02-12,1599.0443355197208,1709.222390345165,1544.4428216239255,1658.7159423828125,64565
2018-02-13,1626.344991263047,1698.106952684673,1590.0740354695165,1681.531494140625,47605
2018-02-14,1627.3199793626839,1837.3408081728778,1619.9097983479057,1819.01025390625,57810
2018-02-15,1866.006715028427,1891.8449304566961,1770.6295075009718,1879.85205078125,54695
2018-02-16,1846.1157694018511,1929.578039789492,1830.8077772082122,1859.18115234375,37750
2018-02-20,1794.0496577127074,1898.5725032054906,1742.958219743041,1764.4088134765625,44940
2018-02-21,1777.4743069638246,1908.1279312826136,1768.5041057387398,1773.9642333984375,52340
2018-02-22,1818.0352970372128,1891.5523556970236,1770.6490092504098,1785.2744140625,46095
2018-02-23,1827.7853957583327,1863.2763985833353,1719.576929864737,1862.69140625,67375
2018-02-26,1891.5522205398615,1921.7780549917873,1833.0506054716184,1903.642578125,43090
2018-02-27,1895.0623697778342,1926.6142278230168,1829.9306404648191,1832.66064453125,39775
2018-02-28,1836.7558200727497,1860.1564669243987,1730.6728400698698,1730.8677978515625,67435
2018-03-01,1725.7977016057969,1742.763194341206,1605.8693867484449,1682.3115234375,86130
2018-03-02,1617.5695488721803,1825.640303073969,1604.894199785177,1815.5,71910
2018-03-05,1804.3850885919887,1924.5474162861306,1801.4600073549905,1904.617919921875,62445
2018-03-06,1928.2134481450908,1936.7937336953555,1833.0508329616648,1917.6832275390625,58100
2018-03-07,1875.9519111017726,1996.8552567237164,1857.4263984661522,1993.93017578125,53345
2018-03-08,2014.4057396928242,2037.8063872013565,1939.3286622696164,2003.29052734375,45915
2018-03-09,2039.561196983357,2115.8082484668394,2004.4602306493448,2092.212646484375,55420
2018-03-12,2120.2942114529287,2144.0847795464506,2050.4821697981743,2126.729248046875,41580
2018-03-13,2139.208650460906,2182.304784415703,2031.975229496334,2054.771240234375,56000
2018-03-14,2083.047516439474,2089.3851917230213,1990.0300390338127,2024.5458984375,37105
2018-03-15,2053.796653731846,2053.796653731846,1906.5677046320852,1935.2335205078125,40840
2018-03-16,1933.8683676115004,1959.8040592176753,1903.2524992999513,1911.4427490234375,44290
2018-03-19,1891.5521946898161,1927.82314792771,1735.5478899731302,1804.384765625,71375
2018-03-20,1821.9354808575379,1868.13226620863,1780.5943110627652,1816.2803955078125,41875
2018-03-21,1822.1303946282128,1901.3025346147137,1803.7998405319079,1872.63671875,36230
2018-03-22,1815.1099577597147,1873.8066454653351,1706.2969852477127,1708.83203125,69750
2018-03-23,1725.6028382840482,1758.3637217950188,1604.7969687543584,1608.7945556640625,80925
2018-03-26,1698.3024616419805,1753.488978562304,1589.2943706936296,1744.90869140625,99175
2018-03-27,1764.9936794796051,1780.2041946189527,1504.661492355206,1521.0419921875,127545
2018-03-28,1539.7626949398748,1550.2930348608809,1404.6239674035435,1512.072021484375,116625
2018-03-29,1551.0728849573036,1617.179639274795,1480.2858347539702,1548.5377197265625,72600
2018-04-02,1536.642231223384,1536.642231223384,1310.0654995007787,1343.3919677734375,174915
2018-04-03,1375.5681805379477,1407.7245529205961,1290.5457521703224,1367.3779296875,148945
2018-04-04,1304.5859776763573,1521.041947066605,1297.7607894523405,1505.636474609375,140785
2018-04-05,1532.7422848750946,1532.7422848750946,1394.2884652489727,1412.6190185546875,122245
2018-04-06,1366.9878125261193,1398.5787101720339,1259.734845780133,1290.1556396484375,151550
2018-04-09,1364.0627120139775,1454.7206993772438,1363.477719644502,1387.8533935546875,118170
2018-04-10,1461.955502306461,1569.0133951053888,1426.6789732046836,1555.7530517578125,113530
2018-04-11,1518.5071211002112,1639.4104728818243,1511.2918972701634,1587.1490478515625,79375
2018-04-12,1613.4746180466375,1686.9915536552558,1597.0941179461452,1657.350830078125,82890
2018-04-13,1672.1715866073034,1681.9218582493284,1566.8881724602156,1606.064697265625,75125
2018-04-16,1628.2950964991567,1654.8157833962707,1543.2727893685399,1571.7435302734375,54050
2018-04-17,1603.5292488365037,1705.9070754370703,1592.99902951355,1685.6265869140625,72315
2018-04-18,1702.3970812582095,1728.9177671032069,1654.6207599628758,1670.22119140625,48125
2018-04-19,1650.7208299907886,1686.796831591296,1565.8934748760819,1581.2989501953125,60065
2018-04-20,1582.4688403943198,1606.4544810839113,1541.732183269818,1566.868408203125,49155
2018-04-23,1560.0430899123292,1572.1139280813995,1474.240719967151,1518.3118896484375,64465
2018-04-24,1536.4474439305025,1544.4426169397632,1404.4287772387333,1437.9697265625,76620
2018-04-25,1443.0399751565694,1472.4857432571046,1366.9878683577772,1430.3646240234375,74935
2018-04-26,1446.9400243507225,1522.8751295808918,1432.5095775773,1503.296630859375,63205
2018-04-27,1515.7771030638783,1561.0183842249257,1495.6915686452444,1541.1278076171875,59090
2018-04-30,1552.827998829902,1570.7685196934654,1455.71533203125,1455.71533203125,66640
2018-05-01,1462.1503490116038,1506.416595092476,1427.4394143788898,1504.6614990234375,41735
2018-05-02,1473.850758073127,1539.5676002808727,1456.6903070421938,1477.555908203125,45235
2018-05-03,1463.5154753884462,1510.2777305723614,1372.6430098018463,1401.5037841796875,94445
2018-05-04,1405.4040396334888,1503.881773502464,1398.5788501574211,1475.02099609375,68670
2018-05-07,1488.0861491453675,1551.2679459020999,1486.2336930761005,1528.062255859375,46080
2018-05-08,1516.7517135663663,1516.7517135663663,1476.0736227673042,1505.0513916015625,37350
2018-05-09,1516.1668812997548,1620.1047285864177,1492.3762003225797,1594.7540283203125,53165
2018-05-10,1604.8945739922906,1654.8159128892605,1544.462414605629,1555.5582275390625,71320
2018-05-11,1545.4176175626992,1692.6466776585778,1541.5175100104905,1691.2816162109375,86650
2018-05-14,1706.2972732427866,1769.4790713121747,1686.7967329771548,1754.2685546875,79375
2018-05-15,1718.972561256545,1734.767950682608,1684.3591035568245,1723.067626953125,44460
2018-05-16,1704.5420218722506,1810.0400065205934,1704.5420218722506,1792.0994873046875,48315
2018-05-17,1784.6894209329498,1822.1304810407164,1755.4386113209212,1806.1400146484375,41925
2018-05-18,1803.7997977991047,1834.220590023521,1746.6046854789918,1796.974609375,38575
2018-05-21,1826.2256920236005,1842.6061943178734,1666.5162112309458,1692.4520263671875,71960
2018-05-22,1711.172139418485,1755.048348121523,1662.6157541783894,1708.4420166015625,40410
2018-05-23,1686.6017119258509,1769.4790049464048,1681.3365424472343,1727.747802734375,33470
2018-05-24,1718.9727684539828,1761.679002822957,1700.2522958390655,1749.1986083984375,16770
2018-05-25,1742.5681794721552,1778.4492201183705,1720.9226280202433,1755.2435302734375,27855
2018-05-29,1727.9428434401277,1777.8642984565024,1655.7908437010371,1726.1878662109375,54045
2018-05-30,1749.7836119439737,1835.5859968463778,1744.128526170342,1822.91064453125,50480
2018-05-31,1827.7857201548713,1928.2135082845,1827.7857201548713,1902.6678466796875,61420
2018-06-01,1928.6035195953784,1985.1550889262844,1914.5631061640233,1970.1396484375,51155
2018-06-04,2005.4355218625574,2022.5763341455981,1843.5810446522628,1954.9290771484375,68440
2018-06-05,1944.203844810256,2013.4307620527475,1938.5486405817064,1999.975341796875,40905
2018-06-06,2005.4352694934703,2058.0867193095805,1989.4448053745814,2033.906005859375,34390
2018-06-07,2031.7613706774243,2033.9063825325234,1889.2123476218121,1931.9185791015625,63980
2018-06-08,1920.8032911440023,1966.4346047555568,1904.6178658960944,1942.6439208984375,24775
2018-06-11,1947.909014261261,1961.7543502376968,1881.8216547521245,1916.318115234375,31710
2018-06-12,1919.8279369131403,2002.3153066165678,1913.9777756020794,1979.109619140625,36085
2018-06-13,1981.8396177903164,2037.6112268887553,1954.928899634626,1990.8099365234375,33465
2018-06-14,2010.310724322991,2026.4960297620994,1979.3048179891011,2013.8206787109375,24040
2018-06-15,1979.3046612972764,2023.122314254822,1965.556805434506,1993.735107421875,25140
2018-06-18,1963.3142671448875,2022.9859886404813,1931.1383773945272,2008.5555419921875,38180
2018-06-19,1972.4531207826587,2106.0565626826865,1971.868020549711,2100.205322265625,49765
2018-06-20,2130.826686320139,2242.780465557587,2125.9506527129993,2238.879638671875,46910
2018-06-21,2238.880277932134,2264.8206412762393,2089.907647107618,2102.936279296875,58810
2018-06-22,2123.0255985127246,2127.843063859818,2040.3279988722845,2101.571044921875,29380
2018-06-25,2057.6864352756074,2075.240158420139,1898.7277201334634,1930.9095458984375,62180
2018-06-26,1950.8039528498389,1986.4965024278504,1858.8418923805968,1945.147705078125,39785
2018-06-27,1955.6802279202673,1972.2392244640662,1757.3230915572583,1762.5892333984375,60870
2018-06-28,1762.1988414154016,1808.0335650161342,1666.823560432949,1791.06494140625,65550
2018-06-29,1819.1509662792394,1920.9625899560822,1813.8848252359214,1851.722900390625,48875
2018-07-02,1804.1326801690652,1914.3310546875,1780.7277156695745,1914.3310546875,31170
2018-07-03,1930.9099359806069,1989.0322516589342,1888.3323633529244,1957.0455322265625,30810
2018-07-05,1985.5212658703385,2019.6535076706637,1927.0088513554956,1987.4716796875,34955
2018-07-06,2014.3875622555777,2158.7181902179314,2007.5611136357365,2155.40234375,55065
2018-07-09,2184.4631884387804,2208.843357952606,2077.6585227856053,2142.529296875,51065
2018-07-10,2154.0367396796664,2175.2962946708503,2077.0149288013436,2104.106201171875,32570
2018-07-11,2064.5130228220964,2137.6535408720056,2049.2996998326657,2115.61376953125,24265
2018-07-12,2150.9163152279034,2192.654977775451,2117.3690568658376,2188.754150390625,26360
2018-07-13,2179.97786143524,2199.8722291764866,2141.5743200254205,2168.860595703125,22205
2018-07-16,2161.4486988951353,2173.3464147615655,2033.1116005874933,2063.343017578125,44120
2018-07-17,2047.9346726675224,2153.6470148215885,2033.8917872900024,2143.699951171875,26285
2018-07-18,2133.753173828125,2144.2854583183034,2065.0986879674456,2133.753173828125,21575
2018-07-19,2104.691279803616,2170.4008381572335,2069.5838348091015,2152.08642578125,30225
2018-07-20,2142.1394762878604,2193.8254396839266,2127.9794536840423,2136.67822265625,25940
2018-07-23,2131.021655339318,2151.695989976372,2088.8927730795976,2116.3935546875,24910
2018-07-24,2155.4020218049764,2180.757398605712,1958.2152544567787,1983.765625,78950
2018-07-25,1977.5246363427984,2051.737739965217,1950.4138363993227,1979.6700439453125,31960
2018-07-26,1955.6799649069792,2029.4055836368748,1909.6501272396247,1978.69482421875,34575
2018-07-27,1982.205504781143,1985.8527690335538,1756.9327127392912,1810.569091796875,113435
2018-07-30,1813.8846628289473,1825.197037992669,1696.859845872241,1723.1904296875,91360
2018-07-31,1738.5989171391452,1844.1162565993855,1722.2153935243336,1819.736083984375,64925
2018-08-01,1819.9310921193253,1878.2485130924733,1788.9195837344287,1832.023681640625,39710
2018-08-02,1790.4798404954704,1872.1827018746505,1787.9443264037484,1865.1806640625,37440
2018-08-03,1877.2733536645467,1883.3586354277256,1768.8303898911652,1777.80224609375,48695
2018-08-06,1776.8271342345588,1825.0023833074215,1741.1930327569294,1805.6932373046875,31320
2018-08-07,1822.2714856163466,1862.6450727828083,1803.9376683681178,1859.329345703125,42015
2018-08-08,1852.698219671124,1882.14942207782,1797.520934000613,1830.658447265625,34535
2018-08-09,1820.32126350342,1916.8667512586467,1805.1080589386324,1818.370849609375,42890
2018-08-10,1804.1325381130412,1870.2516052354592,1789.5044364526652,1798.0863037109375,39675
2018-08-13,1810.5692347235347,1814.5481553448506,1723.6003438980863,1772.92626953125,51880
2018-08-14,1798.4765935370565,1836.3146704772148,1771.9510123510884,1793.2105712890625,33265
2018-08-15,1765.5145943242428,1777.1195802348248,1660.7773495293104,1689.058349609375,67605
2018-08-16,1720.2647820617183,1755.37222659359,1665.6532016788067,1734.1126708984375,42550
2018-08-17,1730.9922816788192,1745.6203854676544,1681.5687426316638,1736.2584228515625,30295
2018-08-20,1737.8187486339907,1752.4468525787213,1691.9840229405017,1704.2716064453125,36770
2018-08-21,1709.3428307213935,1813.4948640620419,1706.0271032028206,1799.64697265625,43330
2018-08-22,1799.2565965160882,1898.7276929088473,1794.9656626668557,1891.9012451171875,44165
2018-08-23,1888.9758369108736,1909.4551825872434,1809.203861849202,1850.357666015625,37990
2018-08-24,1871.6171049294474,1901.6535261914332,1826.1724854969177,1856.0137939453125,38370
2018-08-27,1887.220376882204,1981.6204540013691,1881.7592419594666,1962.701416015625,53770
2018-08-28,1969.1375853910172,1999.954216483364,1938.2821460190216,1995.8582763671875,28650
2018-08-29,2007.170908697706,2068.9991725445475,1984.5461549419392,2052.420654296875,41575
2018-08-30,2039.5477110156153,2121.4650944549653,2039.5477110156153,2078.751220703125,55685
2018-08-31,2067.4383254820013,2114.833469121954,2040.9127493008818,2092.793701171875,34865
2018-09-04,2094.354522639643,2098.8403317176194,1994.8832955704645,2081.871826171875,48450
2018-09-05,2066.658497093175,2067.438710261743,1974.7940510754859,2029.4056396484375,39035
2018-09-06,2028.4302509068946,2057.4914626960635,1862.547589292933,1878.83349609375,71255
2018-09-07,1852.3076520364405,1938.6914197042147,1788.919215775095,1856.7935791015625,43350
2018-09-10,1882.734383478062,1898.7278001592488,1834.461642796047,1866.740966796875,30690
2018-09-11,1843.1411016178877,1887.0254135611706,1814.99664384352,1866.35107421875,36335
2018-09-12,1864.5956989760355,1889.5609732288758,1779.7526938448038,1836.314697265625,47435
2018-09-13,1864.4008758226544,1882.1495964200685,1806.4735535541208,1830.463623046875,33030
2018-09-14,1845.0915845963088,1884.099863340417,1804.9520324363523,1826.9527587890625,38955
2018-09-17,1818.760717883287,1834.5590207374605,1721.24003595925,1733.917724609375,66035
2018-09-18,1756.9325244017564,1807.0581770837512,1727.3057374382754,1795.9407958984375,49555
2018-09-19,1792.6253104333848,1846.8469103510765,1781.8980343271069,1803.1575927734375,47700
2018-09-20,1838.4600156590695,1893.4617090884556,1821.6865044561205,1890.731201171875,52055
2018-09-21,1897.362282219745,1910.62507058306,1788.9193361950095,1798.0863037109375,62000
2018-09-24,1800.4269780265568,1870.251889119108,1777.4121183962554,1865.3758544921875,33070
2018-09-25,1879.1398503057915,1905.1061225866727,1854.7354366654565,1876.9923095703125,28425
2018-09-26,1894.7584637461352,1913.6963104516617,1827.5974772323602,1836.7735595703125,32080
2018-09-27,1824.8645610184733,1854.9307288200455,1791.2840621249477,1827.7930908203125,28445
2018-09-28,1808.2693376033844,1854.344819851057,1796.1647254040972,1816.859619140625,15855
2018-10-01,1843.0211745731262,1851.6115751703253,1731.7565996359772,1743.6463623046875,49255
2018-10-02,1761.4129432486257,1761.4129432486257,1638.0242068168745,1663.990478515625,86020
2018-10-03,1694.83760374249,1779.276871595696,1639.9765317154488,1758.8748779296875,64000
2018-10-04,1735.0559007006411,1738.628739573717,1565.0059058600143,1585.115234375,135720
2018-10-05,1584.9202141404267,1637.8095117635614,1417.4083429025595,1520.883056640625,141645
2018-10-08,1483.788353053377,1546.2636521293086,1393.1991217284055,1460.7506103515625,109355
2018-10-09,1454.5029928273168,1507.9975129800623,1402.1799559781778,1415.4559326171875,74330
2018-10-10,1389.6067159590114,1425.2176137067797,1261.3957346776717,1267.272216796875,138935
2018-10-11,1269.029412767568,1322.7191186923496,1208.7016591726738,1226.663330078125,142600
2018-10-12,1299.2910240914202,1321.1574032504134,1229.98248711885,1299.6815185546875,118200
2018-10-15,1275.0817804251267,1298.3148303167181,1211.6303037555126,1244.429931640625,91240
2018-10-16,1280.1578251750245,1452.5505630606804,1266.1008604097462,1441.8126220703125,117020
2018-10-17,1416.6275197813434,1434.979688634194,1342.2429060353857,1432.6368408203125,102235
2018-10-18,1414.284721529186,1430.293922618113,1304.1719521553848,1344.390380859375,119365
2018-10-19,1363.132952426742,1408.8765710647838,1233.7700175076588,1249.310791015625,135635
2018-10-22,1255.753272008408,1261.0246480953083,1106.9839734387117,1164.9688720703125,208290
2018-10-23,1092.7320816433235,1228.420625538011,1036.3090279560563,1160.478759765625,203835
2018-10-24,1170.0449966026438,1180.9782436621545,898.2775255190492,901.2060546875,351550
2018-10-25,936.5439118248726,1057.5898177150768,921.1202729255996,1013.8570556640625,255750
2018-10-26,984.1811613111246,1051.9277748066775,922.4867944635862,1011.7093505859375,327615
2018-10-29,1059.151577383785,1076.332261166054,860.0115573042531,921.5106811523438,254230
2018-10-30,913.701172224312,975.2002895855638,878.5588194464539,934.7865600585938,220430
2018-10-31,981.2527431713286,1012.2951475443188,948.8436677078861,962.900634765625,195555
2018-11-01,980.2763158744436,1135.2931104395732,978.5192103368403,1130.217041015625,211740
2018-11-02,1150.1312946173414,1217.0971089086959,1076.9180450237525,1135.29345703125,181940
2018-11-05,1134.7076353905172,1150.9121421429618,1040.2136985318907,1116.35546875,114460
2018-11-06,1103.079272075468,1156.7689711587873,1083.5557451360792,1105.422119140625,133280
2018-11-07,1139.1980121552833,1202.258992251924,1123.3840000113134,1188.2020263671875,182150
2018-11-08,1168.8737556572048,1208.896991839613,1133.3409075067304,1143.6883544921875,127990
2018-11-09,1105.03177599978,1109.1316695532864,983.985892409698,1004.6807861328125,224670
2018-11-12,995.7000840408173,998.6286136997609,878.5588976830741,887.5397338867188,272300
2018-11-13,900.0348072243802,948.2579541336974,869.5780859964478,873.6780395507812,201570
2018-11-14,901.5967395594623,913.701353978799,759.4654416618649,792.2649536132812,395445
2018-11-15,786.4078315048681,889.2968671949902,780.9412664720002,876.8018188476562,221955
2018-11-16,852.2020776620183,956.6529623239151,844.3926657246802,942.0103149414062,236220
2018-11-19,925.0249179967263,937.1295316124907,817.6454924994617,847.1260375976562,207315
2018-11-20,788.7701928811774,866.8447740748045,770.2032958840324,829.9453125,218890
2018-11-21,860.7923652222338,890.2729053643302,826.8214373284953,879.1444702148438,172280
2018-11-23,849.8593209064062,935.1771792554689,847.906967713806,889.4921264648438,103070
2018-11-26,927.1724709178795,960.1672262366509,905.8918341440747,950.6007080078125,154170
2018-11-27,925.2200756817462,927.562923116454,866.8447328413076,876.2160034179688,183645
2018-11-28,902.9633822533647,979.1051593514862,868.7972002221562,978.909912109375,226240
2018-11-29,961.3386591584605,998.6286154644555,935.1771394085516,957.0435180664062,140755
2018-11-30,953.3339398466835,997.6523764899222,940.2532105806916,996.2857055664062,113870
2018-12-03,1107.9601655578683,1120.455270596422,1066.8631647471393,1112.06005859375,165260
2018-12-04,1086.2892104512573,1135.9764968485445,936.3484707090871,943.376953125,238835
2018-12-06,895.1537692083521,959.581412357481,868.7970061018902,953.138671875,232195
2018-12-07,950.0149510961812,977.3478922152102,848.3949449728557,862.7447509765625,237480
2018-12-10,856.692618411208,905.5014517204403,811.2223521987157,895.7396850585938,200335
2018-12-11,926.1964040563856,938.2033650706715,855.638385980271,886.368408203125,192450
2018-12-12,915.84882202366,953.9197062638968,907.4341851965355,925.2200927734375,145810
2018-12-13,934.2009702862558,943.7674886822693,843.4165499763062,848.6879272460938,223965
2018-12-14,823.8929003781013,857.4733931358969,802.026524687293,812.7644653320312,174270
2018-12-17,797.5362270482552,847.3212302054902,743.846517761041,756.9273071289062,267955
2018-12-18,778.5983792671707,785.4316150014953,678.6379379879901,714.7564697265625,309255
2018-12-19,714.951732738093,760.4415363701629,613.2341237875095,643.1051025390625,309420
2018-12-20,628.2671929478037,643.6908298375456,547.6350351362862,573.015625,490180
2018-12-21,582.3869244145291,585.5107013900671,492.18824407531935,498.82623291015625,433730
2018-12-24,477.15508959739844,525.9639174936358,468.5647478038784,492.188232421875,310100
2018-12-26,513.4688730112902,605.2294700893534,507.2213191650289,601.1295166015625,491100
2018-12-27,569.7158545903312,597.0951398201973,514.4873327452758,584.6001586914062,391560
2018-12-28,587.537781762295,635.6962881019858,569.7157904286853,597.330078125,357825
2018-12-31,620.0482906497393,645.3124062868438,609.0809054786296,643.5498046875,304695
2019-01-02,607.3182983940937,669.5972861246902,596.7426291261072,669.4014282226562,289125
2019-01-03,673.7100170179025,687.4192324804761,618.8731551676082,621.4191284179688,322640
2019-01-04,652.3629756860578,728.3511925260715,647.0751102837971,724.8259887695312,340765
2019-01-07,773.591469580974,861.7221433307053,772.8080977677974,853.8883056640625,267840
2019-01-08,884.4403608436434,899.5009198388681,807.6687211782646,884.0486450195312,320660
2019-01-09,897.1702639692346,919.1049734101829,877.605213902279,892.665771484375,160880
2019-01-10,870.9268734593422,941.62720628142,836.8496338706898,935.5560302734375,223310
2019-01-11,928.5055994085491,945.1916517271529,906.1791745407168,934.1851196289062,130555
2019-01-14,903.2414775800995,920.0841802032469,865.6390340926306,871.9061279296875,200085
2019-01-15,881.1109775535431,934.9686174989607,870.3394495644595,934.381103515625,159320
2019-01-16,942.8023176562747,995.8765779114332,918.9091494842497,923.8052978515625,185175
2019-01-17,910.87944215808,967.2830466963699,905.9832938555397,945.9358520507812,129790
2019-01-18,963.7578960166165,975.9003086040124,915.5797821571077,974.7252807617188,165195
2019-01-22,949.8528157320203,954.7489642667215,868.3808921611057,886.3987426757812,281795
2019-01-23,903.2806156551101,915.5797378715428,813.5439947028526,851.9298095703125,236605
2019-01-24,850.5588878332939,876.4105756476406,839.1214921857613,876.0188598632812,133715
2019-01-25,895.2117825862316,936.5352869053958,867.9892095215716,933.7933959960938,181965
2019-01-28,889.1404631692898,897.366015590163,849.1879080552571,854.6715698242188,175605
2019-01-29,869.9477632570182,870.7311351300493,833.3245454602487,857.41357421875,126765
2019-01-30,875.03956648104,929.0930535793547,846.5048607137041,927.72216796875,166740
2019-01-31,913.0338034263016,974.9210731430475,913.0338034263016,971.2000122070312,138400
2019-02-01,967.322242908475,994.4860638129511,943.9773817752013,984.3216552734375,128645
2019-02-04,984.3217248479461,998.8143127261715,960.8006078873827,997.8350830078125,84855
2019-02-05,996.855860907759,1044.4464016767333,959.6451313257405,978.6422119140625,149115
2019-02-06,982.1673915042646,1012.719310405103,948.1097537665242,993.7222900390625,96405
2019-02-07,970.2208538853864,986.86776014221,892.5679442996917,912.8380126953125,141950
2019-02-08,891.6864941978009,941.431408165628,888.5530071359137,935.5560302734375,89205
2019-02-11,950.0486266311572,956.5115184702897,919.6925072176263,949.0693969726562,73565
2019-02-12,973.7460579286378,997.6392272473062,965.52050436983,994.7015380859375,108680
2019-02-13,1007.0397999535189,1023.882502186246,990.1970379533569,994.309814453125,94530
2019-02-14,978.6421715245951,1015.0694680086,972.1792197403025,1005.8646850585938,73320
2019-02-15,1013.8946027565826,1070.4940159279658,1006.6482780156392,1070.2982177734375,116675
2019-02-19,1073.4316695997281,1096.3456710541245,1031.9124212955646,1035.6334228515625,132640
2019-02-20,1036.0249576745396,1056.9804958482762,974.3334904406114,1022.7074584960938,117770
2019-02-21,1013.502698967002,1019.9655908215565,958.2741221887825,978.4462890625,96635
2019-02-22,992.5470671008924,1039.1583706721904,974.5292788941198,1035.045654296875,104575
2019-02-25,1132.3812455092402,1180.3635006618786,1128.8560425070418,1172.5296630859375,197620
2019-02-26,1147.852836525483,1178.208952729648,1131.5976498199016,1144.1318359375,96495
2019-02-27,1137.8647031433404,1211.6986329169272,1134.3395007755125,1200.1436767578125,136035
2019-02-28,1195.8353920423212,1204.4526621546186,1130.2269949981264,1153.3369140625,117890
2019-03-01,1193.2891556134489,1257.3307947679475,1169.2001315832783,1256.54736328125,218025
2019-03-04,1301.7879944198246,1305.704913241888,1150.5753002615024,1218.749267578125,301515
2019-03-05,1215.2239250200225,1265.5563500116277,1183.6927799365906,1191.918212890625,206530
2019-03-06,1190.938919358784,1195.8350670613524,1043.662892093413,1046.4046630859375,289765
2019-03-07,1044.054713620106,1079.2090856188875,996.8558873943648,1045.4256591796875,199860
2019-03-08,997.1494649912869,1058.1554556044898,988.8260135977579,1041.9002685546875,164230
2019-03-11,1059.7223728403449,1135.906494140625,1039.941979980469,1135.906494140625,142075
2019-03-12,1135.5146894984914,1199.360535032829,1127.778751279769,1170.179443359375,118030
2019-03-13,1184.2803926629704,1236.1795654296875,1168.2210020885589,1236.1795654296875,107040
2019-03-14,1231.675115389662,1252.4347363884067,1185.4554036706686,1189.7640380859375,107415
2019-03-15,1213.4614137085086,1232.4584940660454,1202.102372933705,1219.3367919921875,93995
2019-03-18,1226.9747655536037,1282.986654363491,1197.5978757159276,1228.7374267578125,179695
2019-03-19,1244.6289867720238,1245.0212708433942,1201.8594854473822,1216.57373046875,108135
2019-03-20,1212.2575289866081,1231.091712871252,1145.5529580899986,1181.4556884765625,167485
2019-03-21,1145.5527574289822,1247.1790913387463,1138.2937079186847,1242.666748046875,164855
2019-03-22,1216.1814274747219,1226.5991079979674,1076.2979111855113,1077.6712646484375,238060
2019-03-25,1071.392829399938,1100.821309823794,1022.7377657147878,1081.5947265625,171775
2019-03-26,1116.7130100203397,1146.7300427946575,1104.5492114514836,1145.356689453125,159240
2019-03-27,1133.9775987079547,1145.9451344642152,1035.0978432410327,1068.842529296875,171570
2019-03-28,1078.0634233349078,1112.396653377421,1064.5262733059385,1109.0614013671875,133070
2019-03-29,1135.939696082018,1180.7102525318667,1127.5035530307202,1174.7852783203125,165725
2019-04-01,1204.6060129014095,1218.3393062081032,1157.5204358498886,1167.1337890625,145650
2019-04-02,1172.823375157952,1225.9909179245512,1168.311030726279,1216.3775634765625,118605
2019-04-03,1244.2363489388547,1265.4248338355105,1216.7697633982389,1256.400146484375,132305
2019-04-04,1250.318154890312,1262.6192994087478,1185.183086947213,1223.83251953125,115585
2019-04-05,1237.9582562289324,1303.878014050964,1235.996357249172,1298.9732666015625,151160
2019-04-08,1285.2401052287285,1292.6954179103773,1231.0917357456538,1271.3106689453125,97220
2019-04-09,1254.242088138267,1270.5258269459496,1194.0117609809847,1202.6441650390625,106845
2019-04-10,1222.263301216151,1260.5203387341523,1214.4157037765608,1257.38134765625,106365
2019-04-11,1263.855216889342,1267.3866107412093,1168.3107224402324,1175.1773681640625,169925
2019-04-12,1215.0041644269438,1217.9470132604072,1121.4215475738436,1139.27490234375,144000
2019-04-15,1146.3375102913285,1157.912761769634,1067.6654118208862,1106.510986328125,133570
2019-04-16,1133.9779776657106,1139.078868767651,1088.8542865129227,1103.9609375,104585
2019-04-17,1119.655815163835,1119.655815163835,924.6430011072297,949.5591430664062,391715
2019-04-18,954.8564943677446,975.0640349252762,867.7481101505282,938.5726928710938,282825
2019-04-22,924.2507145458036,964.2734457945329,908.7517230171795,937.9840087890625,148510
2019-04-23,940.3382541108992,1031.9589698716636,931.4116367805558,1017.048583984375,197800
2019-04-24,1023.1304288621566,1025.6808738633756,959.7611088950184,979.1838989257812,121190
2019-04-25,963.2924099318127,999.5875414669217,940.7305714099882,992.3284912109375,123320
2019-04-26,986.6389331277549,1028.0350114010168,970.3551963999439,1025.0921630859375,94365
2019-04-29,1028.8199923021377,1039.806579966114,996.6447974014828,1006.0618896484375,67595
2019-04-30,998.999109425925,1011.1629085711925,918.5612411923128,953.8754272460938,141410
2019-05-01,961.3304825417296,961.7228862794839,896.58781739096,899.7268676757812,138110
2019-05-02,895.6070058705576,935.4335366185742,874.0261141628333,932.6868896484375,163215
2019-05-03,934.4525493004892,990.7590793427968,924.3880568665253,988.7971801757812,124615
2019-05-06,904.631442196218,1039.8062416341834,904.631442196218,1038.629150390625,122620
2019-05-07,1007.435180798319,1028.643305131077,904.0430750030627,930.7249145507812,198915
2019-05-08,927.1935701677324,957.2106038581175,884.6203337498858,919.5421752929688,159040
2019-05-09,892.6640852276042,941.3191586712662,849.5023052825333,916.403076171875,172335
2019-05-10,898.1573004619041,916.0105925852247,847.5403323405284,902.8659057617188,218545
2019-05-13,840.6736444057219,857.545986232919,782.6014273567741,787.1138305664062,259930
2019-05-14,805.3595022458546,849.50222770391,789.6643109718793,831.256591796875,174320
2019-05-15,804.5748497370246,852.759087852494,798.8853542023348,849.1099243164062,125400
2019-05-16,862.4508751472251,921.3078494310793,861.273723687066,882.8546142578125,158130
2019-05-17,856.1728258868228,892.4679622306224,839.8890859626242,849.5023803710938,106690
2019-05-20,824.9785804566701,829.8833282596229,793.7843964043718,794.9615478515625,167990
2019-05-21,810.6567081237455,871.0831746699018,806.7329100396468,870.49462890625,135715
2019-05-22,852.2490185570431,871.4168124653808,822.4281860088539,849.894775390625,140830
2019-05-23,820.0738821847099,831.3548028128488,790.8415954880151,823.9976806640625,162915
2019-05-24,840.0852372553558,869.7098664263824,834.3956818408732,855.584228515625,128680
2019-05-28,862.4509276713153,880.8927687622335,827.9214886807628,830.07958984375,116370
2019-05-29,807.9100603140781,827.7252540541183,784.9558757764332,808.1062622070312,160460
2019-05-30,818.8966992588064,826.5480940256032,777.696816805766,794.1767578125,131775
2019-05-31,760.2359616133889,783.1902068549393,747.0912126507209,747.2874145507812,159135
2019-06-03,760.6284205468351,802.652272123069,757.4893695355793,777.3045654296875,159365
2019-06-04,810.8528982865689,843.6166381835938,786.3291588044877,843.6166381835938,133525
2019-06-05,850.4832437574689,856.957486716002,822.0357073457427,841.45849609375,100855
2019-06-06,841.26218308229,850.2869295538403,791.6261672973633,800.4547119140625,133770
2019-06-07,810.6566813193898,854.9955503057146,789.8605401868097,850.8756103515625,121005
2019-06-10,868.1402769759387,876.9688221655244,820.4661569011369,823.0166015625,102450
2019-06-11,846.9518838936256,851.071824195567,784.7596571180555,794.5691528320312,127570
2019-06-12,790.6453397428589,816.5424318918368,779.3252034549503,813.4033813476562,78320
2019-06-13,825.5671333643289,850.4832763671875,805.359596190843,850.4832763671875,88460
2019-06-14,842.8318377598927,844.793736795706,800.4548066118431,801.6319580078125,99245
2019-06-17,841.654686035436,919.1496979198176,840.8699383958984,914.83349609375,200685
2019-06-18,946.2238483071524,981.1456858606158,934.6486563705591,963.09619140625,111950
2019-06-19,965.4505951036322,979.1838893159955,950.5401494128696,966.6277465820312,65965
2019-06-20,1002.92277637966,1026.2693022517203,957.4066963735928,963.09619140625,111830
2019-06-21,954.6600736696087,973.2981143315563,911.6944971707582,972.5133666992188,66640
2019-06-24,971.5325541413962,976.2411004715615,888.3479761946778,890.3098754882812,121235
2019-06-25,918.1324971891667,926.2221065903118,874.3464167110283,882.5931396484375,127560
2019-06-26,902.2281876479303,902.5227006433239,847.4465534180861,861.9764404296875,98055
2019-06-27,867.6706823373453,932.0735215798738,867.6706823373453,930.502685546875,108010
2019-06-28,937.5712050989832,990.7820645349266,933.8994698622279,985.4805908203125,113795
2019-07-01,1030.8375847163845,1034.3718610383328,985.9519997898005,1000.2069702148438,81225
2019-07-02,999.8142472404485,1001.3850233085044,958.5807462806865,979.393798828125,68340
2019-07-03,988.8186548028308,1022.5908203125,974.2494578065879,1022.5908203125,36435
2019-07-05,1002.7594885737846,1020.4309888311715,957.206263941792,961.7222900390625,98065
2019-07-08,952.2974519627015,953.671925861874,890.8399290313453,913.2238159179688,137225
2019-07-09,901.050160718774,957.0884689086797,893.5888844992842,955.635498046875,73365
2019-07-10,968.0054766747583,989.211252195274,914.9909779522055,959.3660888671875,95390
2019-07-11,961.7222178969658,966.0419416043516,893.3924459958941,918.3289184570312,120045
2019-07-12,924.0231396275803,931.955696642847,891.2326646781057,914.00927734375,87985
2019-07-15,922.8450710335833,936.3932100921629,903.2100695222305,928.1465454101562,52705
2019-07-16,925.3975363630735,926.7720103469247,894.3742599852208,903.4063720703125,69695
2019-07-17,902.0318737464876,921.6668734358811,878.666236100362,904.78076171875,80340
2019-07-18,897.5158448333611,948.7632058383133,897.5158448333611,945.4252319335938,68875
2019-07-19,953.2792727000306,954.4573847123373,900.4611334265478,902.228271484375,78570
2019-07-22,907.1370389437482,932.662540039568,896.9268145369134,913.8129272460938,75695
2019-07-23,922.4523452654115,923.8268193370774,886.1275925390864,895.5524291992188,108550
2019-07-24,890.4473380064353,921.2743150216934,864.9218354836488,918.9180908203125,78710
2019-07-25,913.0275121314185,914.5982881837836,855.1042613617909,857.8531494140625,122275
2019-07-26,864.9217239704598,904.7807488024094,864.5290000137728,903.0136108398438,91060
2019-07-29,899.8720570558313,911.8494194530203,854.1225294470587,897.1231689453125,89580
2019-07-30,880.6297405245125,938.1602659369839,869.8304906407113,937.3748779296875,96360
2019-07-31,936.1967978418148,967.6127985737048,882.0042445163175,901.2465209960938,106685
2019-08-01,911.0640011311006,963.0967511957,891.0362771377299,909.4932250976562,122220
2019-08-02,901.4428568011333,905.3698567785539,828.2042712694821,849.2137451171875,196540
2019-08-05,797.7700660794897,806.6058165230436,740.0431751658572,765.372314453125,166765
2019-08-06,791.2904446150604,819.761192622302,754.9656971575453,818.38671875,132250
2019-08-07,785.2036217437746,836.117161307577,768.7102340698242,824.6699829101562,90405
2019-08-08,834.4874564386456,871.7939544911968,824.6699569511321,866.6888427734375,95240
2019-08-09,851.1773273461563,872.7758293088038,814.8525740453399,841.9488525390625,79660
2019-08-12,822.5100543321273,835.0764410693481,784.0254462633661,795.0210571289062,95105
2019-08-13,789.9160116013952,858.0494843252462,785.3999856523993,828.5969848632812,121370
2019-08-14,785.3999983063377,798.7517743090397,755.122802006272,757.1256103515625,185555
2019-08-15,770.084682712716,770.6737087126542,727.4767110268494,731.9927368164062,120090
2019-08-16,751.8240823789496,791.2904414425967,744.3628068996079,789.7196655273438,112925
2019-08-19,822.9027793417112,825.45530511686,794.4320322009735,816.81591796875,100250
2019-08-20,807.7839522611945,819.7613151980426,780.2949500749128,787.7562866210938,93895
2019-08-21,804.4459020321007,819.7611766940486,792.2721791522123,811.7108154296875,89320
2019-08-22,811.514500954891,813.4780008942168,747.3080888916916,763.4087524414062,146510
2019-08-23,755.7511848689994,785.2036866949251,691.5447668412424,700.9695434570312,194450
2019-08-26,722.1752076163178,729.2438189309267,699.987683686756,721.586181640625,97330
2019-08-27,734.1526512306781,748.2898754536575,670.3389000820147,686.635986328125,147515
2019-08-28,677.4075372147691,733.7600142791136,671.713398886203,716.8739013671875,116980
2019-08-29,738.2759674185218,751.038716855278,719.622718241724,744.7554931640625,103250
2019-08-30,750.0570320294678,755.1621442317228,707.6258239797472,723.9425048828125,91210
2019-09-03,710.7870323713436,734.9380595027469,667.0010043457042,675.4440307617188,173065
2019-09-04,697.2389124829652,698.2206625540701,656.7907975691888,689.9739379882812,172200
2019-09-05,706.8599918464358,733.2886847636292,689.3259514297929,719.6227416992188,168195
2019-09-06,722.56804213012,733.5636547554842,693.3119024085618,695.0790405273438,108870
2019-09-09,714.9103398243066,719.4852683171418,677.9965050157592,693.115478515625,115485
2019-09-10,681.3345634549739,755.7512084013929,669.1804925293234,754.9658203125,159885
2019-09-11,752.8059529033909,805.0350693895002,749.8607026495268,800.51904296875,131120
2019-09-12,809.5509972939201,809.5509972939201,757.5182491409871,779.3131103515625,94285
2019-09-13,781.4730303032419,804.6423072331729,766.7467797322008,772.44091796875,92815
2019-09-16,764.5868664301779,819.5648648780568,755.3584526434703,812.8889770507812,97720
2019-09-17,802.4824957254048,814.4597981131216,773.4226589847759,804.2496337890625,65045
2019-09-18,796.5920469450781,801.3044353925317,752.0205688933357,781.66943359375,116795
2019-09-19,784.0254618010122,807.7838218388857,773.2262126857296,778.92041015625,89985
2019-09-20,783.240182643573,796.7883214312724,756.1439050681745,777.1533203125,83425
2019-09-23,772.6372820084542,793.2540328625553,749.2716430247265,750.6460571289062,79870
2019-09-24,757.1470296352431,760.8787410102061,680.6663365548285,697.046630859375,213275
2019-09-25,698.0287142098351,711.7771697061287,675.0491888434212,684.673095703125,119215
2019-09-26,685.2623927858879,688.6013278765577,621.8231055713065,626.9296875,241170
2019-09-27,633.0181609930713,664.0504256949362,598.647021567231,611.60986328125,242775
2019-09-30,616.3235447205554,627.5187386818302,591.5763748078501,606.8960571289062,128210
2019-10-01,612.3954181569591,638.8513750301981,561.3297302305916,568.793212890625,233165
2019-10-02,559.7585648220418,592.6763157441809,530.4940062278198,579.7920532226562,275495
2019-10-03,584.112938631312,618.0323806812328,560.1513807896025,615.1452026367188,181990
2019-10-04,617.1093517386596,640.2852986977097,584.9772117157394,617.6985473632812,175935
2019-10-07,613.3775109042704,634.569790259425,607.485315564408,613.18115234375,86235
2019-10-08,594.915388523536,605.5213295327312,565.847245025961,576.4531860351562,164410
2019-10-09,589.415926186458,594.915284282886,563.8830808529564,568.0076293945312,137345
2019-10-10,576.4529589294458,601.5929617829981,576.2565404821456,596.6828002929688,141905
2019-10-11,612.9846223238036,637.3390133100469,611.0205575678405,620.8408813476562,162475
2019-10-14,619.8589551893226,643.4277362996504,604.5392115045037,618.09130859375,99955
2019-10-15,627.5188574552215,668.3713913360549,623.5907268921214,662.2828369140625,139555
2019-10-16,658.1582335960759,669.7462058145492,652.6588152978353,658.94384765625,82400
2019-10-17,669.3533739000452,687.4227971138714,665.8180806331497,682.5126342773438,129100
2019-10-18,679.5665391270277,689.5832833388566,634.7858778651598,657.1762084960938,121465
2019-10-21,673.281536190237,699.2072211755216,662.4791774361208,694.2970581054688,118015
2019-10-22,728.0789591762704,739.8633498188525,702.1532757871855,709.61669921875,148530
2019-10-23,704.9029531628113,730.6322179882724,698.2251438033086,701.7604370117188,98090
2019-10-24,709.4203768003742,709.4203768003742,682.7090779953415,694.4934692382812,86185
2019-10-25,687.8156787331949,732.5963427317397,684.0839067845535,725.5256958007812,110060
2019-10-28,733.5782758028548,761.8607997497213,724.3471463488083,754.986572265625,98145
2019-10-29,763.0393343466334,763.0393343466334,740.8454214414289,748.1124267578125,53065
2019-10-30,749.0944422165877,750.4693118079941,721.7939484008301,737.5064697265625,58410
2019-10-31,728.6682588310651,739.5687977573083,706.2190058350723,730.63232421875,53445
2019-11-01,741.6309914798895,785.6260375976562,731.6142475128174,785.6260375976562,96170
2019-11-04,805.2667088599721,810.766067286538,768.5386666999785,770.8955688476562,86810
2019-11-05,769.324340708212,781.5604281919492,749.7818685543765,770.8955688476562,59915
2019-11-06,769.9135354393577,769.9135354393577,726.1149067609416,731.4178466796875,73880
2019-11-07,746.7376543017538,762.0573397333579,732.7927786230534,737.7029418945312,82650
2019-11-08,731.0249692520764,795.4462730710732,710.9914835845149,792.6965942382812,129460
2019-11-11,779.5373302807241,790.1825881857764,767.1833455390912,778.5552978515625,47750
2019-11-12,788.1793831790945,807.2308406192374,772.4668607339513,789.7506713867188,56605
2019-11-13,777.3770103592301,817.5421691303495,764.2178090054064,799.5709838867188,71905
2019-11-14,793.8752195167278,801.2797241318129,766.1818867543274,781.8944091796875,59150
2019-11-15,792.6967199223908,813.3194043458651,784.2512036715747,813.1229858398438,65810
2019-11-18,811.551729002554,824.7109293019886,794.2679200379014,820.193603515625,59115
2019-11-19,840.2270520617719,895.8101320918546,836.4953402428575,882.8472900390625,106040
2019-11-20,874.0089085242475,907.9676085168815,850.6365474525362,891.4890747070312,87950
2019-11-21,898.559737608938,899.1489331336066,866.7418606296777,897.3812866210938,42380
2019-11-22,906.6124047449155,916.4130697930564,875.5605422750663,910.3441162109375,61115
2019-11-25,951.7859936154889,1031.5270515257835,949.4290914354754,1026.42041015625,137025
2019-11-26,1040.9543051110734,1048.024890176123,1012.4753665750156,1037.2225341796875,85810
2019-11-27,1037.2227062483328,1086.245813113225,1033.0982175889935,1078.66455078125,92810
2019-11-29,1070.2189826610029,1097.2444142484303,1067.0764069808336,1083.1817626953125,48660
2019-12-02,1091.8238397844352,1102.8225564212657,1017.5820829162581,1041.543701171875,78830
2019-12-03,1037.41912830988,1092.4129467903144,1026.4202926875867,1086.520751953125,96995
2019-12-04,1094.9665294490924,1129.3376761134136,1061.5774155466088,1128.552001953125,74245
2019-12-05,1110.8751982971821,1113.6249374515755,1053.1317549481291,1069.4334716796875,96410
2019-12-06,1090.0560519858595,1112.8391575540386,1081.2177596724605,1108.518310546875,71895
2019-12-09,1156.834357015562,1178.4390733605046,1111.6608592034092,1112.446533203125,112005
2019-12-10,1112.44660045343,1153.691970514438,1097.716111145927,1151.7279052734375,66720
2019-12-11,1148.7817996553786,1169.600843118601,1095.948397078387,1104.59033203125,85035
2019-12-12,1104.9831197512478,1154.281232042421,1096.5180028741006,1123.2490234375,88355
2019-12-13,1136.997436087723,1184.7241983132615,1118.731533121539,1140.139892578125,110290
2019-12-16,1168.6188979014432,1195.5266175092033,1146.0321460932641,1184.3314208984375,69420
2019-12-17,1198.079778695598,1198.079778695598,1160.3697026694458,1182.1708984375,50125
2019-12-18,1186.098929806987,1192.3643021018545,1126.1949458748568,1159.3875732421875,77945
2019-12-19,1158.602062415998,1180.8744937490721,1143.8715740137452,1178.8319091796875,51230
2019-12-20,1182.9564059537884,1188.8486013543986,1159.230465575098,1186.49169921875,61060
2019-12-23,1198.1787980122554,1227.445836279132,1162.8227023332054,1223.12451171875,78190
2019-12-24,1225.8744721614191,1263.784163068961,1210.1606504005963,1262.4091796875,34260
2019-12-26,1263.980414459824,1263.980414459824,1214.285481971269,1221.1602783203125,61120
2019-12-27,1231.7671400954623,1234.5171068243915,1153.0016574477609,1164.9833984375,75470
2019-12-30,1164.1977139420453,1176.1794542592197,1093.4658594039224,1113.717041015625,86230
2019-12-31,1102.5209651955056,1140.0377855566792,1087.3963881865272,1129.430908203125,48125
2020-01-02,1154.9659959034543,1155.55524029132,1076.0040109816434,1108.806640625,92215
2020-01-03,1060.6828838924766,1091.7373168642957,1040.726384605048,1064.0220947265625,85155
2020-01-06,1032.59446020812,1091.9141569535652,1011.5772011771489,1091.12841796875,93810
2020-01-07,1099.5746958249515,1109.7887043378403,1049.683381756801,1095.646240234375,69195
2020-01-08,1089.1642843126199,1153.3945555344144,1082.0931123872808,1140.6270751953125,98405
2020-01-09,1165.3764324570695,1180.8938813992672,1133.9487848876252,1149.0733642578125,85045
2020-01-10,1153.9837065197173,1182.8578760049174,1110.5743248334952,1113.717041015625,86855
2020-01-13,1085.6287191202523,1108.4923592762627,1016.1146691403899,1045.9512939453125,168530
2020-01-14,1035.9337249552038,1143.1805081802204,1018.0591811597388,1135.912841796875,144725
2020-01-15,1131.9842996603704,1194.2503362341772,1129.430827853046,1163.8048095703125,96685
2020-01-16,1191.893187418913,1203.8750467431555,1159.0905651713917,1187.37548828125,72635
2020-01-17,1196.0183683506725,1204.0323315430135,1141.4127390086824,1156.3409423828125,65235
2020-01-21,1140.234263927994,1158.8944284539475,1094.07490957432,1100.94970703125,62150
2020-01-22,1117.6454850480854,1132.9664360854172,1086.8070882846614,1093.681884765625,60485
2020-01-23,1080.325319992396,1085.235889628725,1019.0413869536184,1050.66552734375,95275
2020-01-24,1067.164948430253,1067.164948430253,942.8293516577744,966.4000854492188,181250
2020-01-27,913.3659084875251,968.1678510080818,896.0807281752584,944.0078735351562,81240
2020-01-28,976.4176842701955,1008.2381397363367,964.2787704435952,996.8456420898438,83940
2020-01-29,996.8454412000975,1011.3414495221982,986.2386248489274,990.9527587890625,54275
2020-01-30,969.1499468756277,986.945845256702,921.0263676454375,950.6862182617188,108960
2020-01-31,945.1864277852892,945.1864277852892,877.0277001251602,911.7945556640625,124230
2020-02-03,933.0081981453017,975.6319650695402,931.2404051269846,974.060546875,89515
2020-02-04,1018.0592275276481,1061.272238396085,1011.5772998747723,1055.5760498046875,83050
2020-02-05,1093.6821523400363,1166.1622152124107,1089.3608266602394,1133.1632080078125,127315
2020-02-06,1155.5551044174617,1155.5551044174617,1105.290585908009,1139.0556640625,67220
2020-02-07,1119.6096414533883,1135.8538407554854,1092.3068320666835,1106.8421630859375,67790
2020-02-10,1102.3245167181576,1161.6048893433372,1096.8247035970517,1161.2513427734375,56415
2020-02-11,1179.7151221506751,1196.803927313408,1146.9126150952618,1157.322998046875,71355
2020-02-12,1172.4475051362658,1201.1251802085465,1154.180092504001,1200.14306640625,76415
2020-02-13,1176.9651888311228,1195.4288561339824,1157.126418359203,1162.0369873046875,70365
2020-02-14,1166.947728590139,1182.46517670433,1126.2883076263147,1166.162109375,61530
2020-02-18,1158.894298252723,1185.4113711788445,1136.3646649493717,1183.4471435546875,43560
2020-02-19,1194.6435171382025,1226.6604101922483,1187.5722242665643,1212.5179443359375,54105
2020-02-20,1194.054213591698,1211.7322650651843,1122.163399000679,1190.911376953125,88450
2020-02-21,1184.2329173888288,1192.4825777433691,1145.1447385636952,1170.0904541015625,60280
2020-02-24,1065.593755108396,1079.3630134116197,1005.0562300630825,1049.487060546875,127450
2020-02-25,1066.1827617140602,1075.2182809825945,935.561620873085,956.3824462890625,156635
2020-02-26,977.0068505890744,1018.6681035179589,935.9545034545775,969.3463745117188,112510
2020-02-27,922.5977366813835,972.292671467911,850.2159369278561,850.5105590820312,160930
2020-02-28,775.8700007688302,894.3129161493141,769.584447671287,890.3844604492188,159135
2020-03-02,913.3658559332079,998.4168890782022,862.2959371068349,996.2562866210938,128750
2020-03-03,981.7209699480252,1036.9158396579105,869.7599922494486,909.6338500976562,173865
2020-03-04,985.256611674555,1041.040665537293,938.3115823305299,1037.89794921875,130900
2020-03-05,976.4176513679206,1050.5671908743866,952.6504829992444,985.0602416992188,93430
2020-03-06,915.5266126545455,956.382527947375,848.7428657705316,902.95556640625,118175
2020-03-09,751.7100296838082,817.1187937650107,680.8013916015625,680.8013916015625,184910
2020-03-10,750.5314691213991,755.0491691728105,608.321385594764,741.6924438476562,248985
2020-03-11,679.0335835909511,721.1073100657704,571.276013859742,589.4647827148438,212695
2020-03-12,464.343482326488,508.7350466481925,400.3096681831575,400.5060729980469,296290
2020-03-13,476.52170432233925,477.3073834998985,343.73988523655237,476.7181091308594,298045
2020-03-16,363.57857987252,400.70247351864003,314.2764498185412,317.6156311035156,241455
2020-03-17,322.3297937852117,343.9362995729124,259.27806945240826,321.1512451171875,401530
2020-03-18,269.92420185047786,335.4901405479967,248.27841639050655,288.5450744628906,301980
2020-03-19,294.63416900249837,351.6556994457095,273.61693760800097,340.0078430175781,257890
2020-03-20,361.4179158611244,389.8992190132239,321.34768065652094,325.6689758300781,247050
2020-03-23,329.7938404313422,341.9720769459824,281.4738538311038,318.5977478027344,234175
2020-03-24,360.435770947053,397.1668217195174,349.63251895681435,393.0419616699219,215150
2020-03-25,402.66671061546157,445.29044911065296,381.25663896655436,413.2735290527344,198190
2020-03-26,422.3089723770828,476.32523628577945,413.8627869351937,458.6471862792969,178235
2020-03-27,422.30896470649895,462.3791986713511,412.48782599239433,419.7554626464844,135230
2020-03-30,439.2013525417467,454.32590076143526,407.5772726509758,453.5401916503906,119020
2020-03-31,454.7186774759011,468.4682703153452,417.39835405455284,442.73687744140625,136165
2020-04-01,402.470193651598,427.21947158010386,366.1319857240949,373.2032165527344,152140
2020-04-02,366.328487176908,413.6663894656755,359.0608502621159,412.0950012207031,145780
2020-04-03,408.3629299453068,422.3089587100062,380.09769432632976,394.41693115234375,91980
2020-04-06,441.16555848889027,483.00358500328275,440.18344462758085,481.6286315917969,173630
2020-04-07,515.216903136837,530.341480445448,451.9688069905375,452.7544860839844,182475
2020-04-08,475.53946094502334,507.3599085522319,459.6292071696878,505.9849853515625,103815
2020-04-09,526.4131183572041,548.7857046602572,507.5565170542196,533.6807861328125,163010
2020-04-13,531.519916344487,538.9839560646345,504.41354379263885,533.876953125,83715
2020-04-14,560.5905652604617,601.4465367793913,560.5905652604617,594.3753051757812,125155
2020-04-15,555.2871704101562,577.6793532192464,536.2341385785135,555.2871704101562,128805
2020-04-16,566.2868228954324,596.143107963584,551.358740304829,593.7860107421875,167820
2020-04-17,651.9271747980314,695.4544687016846,643.0881499696485,694.7473754882812,138715
2020-04-20,678.6407000662267,814.5652868354629,672.9640529917917,768.9951782226562,266325
2020-04-21,743.0673173143763,764.2810125084563,671.7658755532216,703.3899536132812,174675
2020-04-22,742.2816242713997,756.227652712718,702.604261315932,740.7102661132812,118065
2020-04-23,755.8347720622484,807.4939949717882,732.2640403770206,741.2994995117188,169865
2020-04-24,759.763295406729,823.1096424856789,739.806793542348,816.1366577148438,134000
2020-04-27,859.3496014378803,877.6168947024858,825.1720521351024,848.3499145507812,126115
2020-04-28,883.9024737623683,885.8667014818402,763.8881481139388,772.7271728515625,164335
2020-04-29,821.4399724359083,822.4220861954235,760.1560498647725,782.9411010742188,178500
2020-04-30,763.6916061674312,781.3107287359492,723.9160004307221,724.7999267578125,124045
2020-05-01,677.6584966783205,700.6399827169721,632.4812635664325,665.6766967773438,144435
2020-05-04,657.4270637269262,766.0488362782169,656.6413246580149,764.4774780273438,151230
2020-05-05,806.3744609564594,847.1714520284207,797.8693806979118,813.9760131835938,183485
2020-05-06,822.0293951929267,864.4567308044834,807.4547974621647,826.7435302734375,126710
2020-05-07,859.7425080520868,866.2244356338623,817.5116115302545,831.4575805664062,86085
2020-05-08,847.9571635407704,884.6881873611925,827.9220160434671,864.4566650390625,102855
2020-05-11,848.9392626918185,1001.7561585940738,848.9392626918185,995.2742309570312,172135
2020-05-12,1026.898277596252,1069.1291756142957,927.1155285821712,927.7047729492188,255380
2020-05-13,945.7755702741244,976.4175322031635,794.9229176221186,874.866943359375,290150
2020-05-14,831.0647800325737,871.7242588348851,797.8693427659116,851.4927368164062,193135
2020-05-15,834.7968583830989,942.8293929973822,820.3794327750646,937.9188232421875,205715
2020-05-18,1040.8442611154508,1064.6113673015398,1004.1131807385449,1020.0233764648438,173980
2020-05-19,1008.6308691121395,1034.7550721244138,928.6867820911996,933.5973510742188,140885
2020-05-20,976.4176330766837,1013.3451509909763,948.7220096268329,1012.363037109375,151750
2020-05-21,1009.8094923289652,1016.4879149909337,943.0258052005742,990.3637084960938,117905
2020-05-22,980.7389095770731,1028.8624903343018,965.0250872889983,1025.326904296875,78365
2020-05-26,1080.3252668792677,1082.485869458247,946.7577793378309,952.0612182617188,150550
2020-05-27,933.990293366222,955.9896681021849,824.9756534465051,950.0969848632812,209750
2020-05-28,939.2936915959855,992.7206480164061,916.1157692269345,923.7762451171875,100980
2020-05-29,927.3119258624262,958.3467001040686,855.8140482832246,952.6504516601562,151020
2020-06-01,940.4722206506273,984.0781005819474,931.4368209753126,967.1857299804688,82785
2020-06-02,960.7037233956065,1011.1843363421355,917.2942817972363,1006.077392578125,123490
2020-06-03,1010.0059944634498,1022.2430957264779,959.9181837917375,962.6680908203125,107205
2020-06-04,952.0612627691166,988.5958528203721,895.0986551252956,907.4732666015625,150025
2020-06-05,935.5617174945985,970.5053483471886,886.8488899319826,930.4547729492188,128525
2020-06-08,946.1685016261614,987.0244135738183,913.5623100049787,982.5067138671875,97395
2020-06-09,963.0608675862419,1017.0771321548731,962.668057991828,977.0068969726562,102405
2020-06-10,994.6849724895491,1017.0771580187288,962.844855785586,981.3282470703125,78860
2020-06-11,921.0264205371591,938.1544896690108,815.1545521395384,819.0830078125,210845
2020-06-12,874.0813859514475,892.5255140818085,773.7093316658556,848.7428588867188,135580
2020-06-15,822.8150021653946,929.6100565982101,803.3691592003405,920.8299560546875,105685
2020-06-16,968.5607367998598,984.0781243771924,892.9379667628899,962.4716186523438,115180
2020-06-17,971.3105907731236,999.9883269787798,955.9896387989849,965.4179077148438,64010
2020-06-18,947.7398518375774,1015.5057065285545,945.7756241653751,996.6491088867188,79165
2020-06-19,1019.041410419688,1081.3074588195686,996.8456591297567,1081.111083984375,159055
2020-06-22,1097.414035672499,1180.5008430799378,1046.9333600026737,1176.5723876953125,161930
2020-06-23,1217.0355468110401,1296.1940263052766,1211.1428631695014,1233.927978515625,134300
2020-06-24,1217.035443352906,1280.2835997061948,1104.6817140481312,1159.87646484375,121810
2020-06-25,1144.5555897049353,1252.391626505288,1132.573727913594,1239.6241455078125,116700
2020-06-26,1220.5710070240475,1238.2490543874583,1101.3423747178795,1119.216796875,166390
2020-06-29,1134.7344357097538,1164.3942278400668,1056.7545672702295,1113.1279296875,93820
2020-06-30,1106.056493771978,1170.4439308911456,1084.2536157577117,1167.14404296875,98085
2020-07-01,1173.03684364794,1206.6250904292062,1137.091499574474,1178.7330322265625,104205
2020-07-02,1218.0176726922703,1235.106479397656,1161.8408027136459,1194.6434326171875,108500
2020-07-06,1236.677849126634,1242.9634024411612,1188.2597028836867,1194.05419921875,106690
2020-07-07,1195.6254766555917,1318.9789575709092,1190.518412482641,1260.0521240234375,119965
2020-07-08,1287.158353302684,1320.9430928137472,1245.9095727092435,1317.6038818359375,110220
2020-07-09,1330.3713616097068,1352.56711004799,1231.1975268741623,1292.4617919921875,116880
2020-07-10,1291.479679508898,1320.9430942505458,1236.8741748317655,1251.2130126953125,77955
2020-07-13,1280.4801123334444,1365.3346548364627,1147.894739813794,1156.7337646484375,145105
2020-07-14,1162.429981341622,1244.927548464634,1089.1643088026228,1243.9454345703125,124835
2020-07-15,1306.2114818431712,1347.2638906558795,1258.4807704689988,1325.853759765625,121020
2020-07-16,1301.300863561332,1306.21143285779,1232.9457629320277,1287.55126953125,99510
2020-07-17,1296.783119222368,1399.5122013966193,1286.76548626968,1372.4058837890625,91235
2020-07-20,1414.2438371215069,1449.4035582491629,1356.2991243505562,1426.81494140625,95325
2020-07-21,1451.5643390142016,1452.3500780861746,1324.0859072948454,1334.88916015625,120180
2020-07-22,1335.871127849957,1345.2995161339556,1285.783324610697,1322.514404296875,76095
2020-07-23,1317.6037733020378,1359.4417947659927,1201.5179768632295,1240.9989013671875,104490
2020-07-24,1203.8752012428722,1205.4662208790528,1111.752874467387,1151.4302978515625,155550
2020-07-27,1178.7331032311738,1248.4631929947157,1158.8944495912583,1242.96337890625,100140
2020-07-28,1234.3209632122578,1251.2132766056795,1143.1807330996946,1146.1270751953125,111150
2020-07-29,1162.4300858067274,1176.376176291569,1079.3432668576777,1090.3428955078125,159860
2020-07-30,1060.290066026791,1158.1085794377095,1056.7544802190598,1136.5020751953125,114960
2020-07-31,1144.9484763990506,1149.073306982153,1006.2739164789458,1054.593994140625,210155
2020-08-03,1074.6289483523922,1192.4826127253225,1070.5041180541184,1186.3935546875,160935
2020-08-04,1175.7866095508195,1191.5790763993182,1122.7524636225685,1171.858154296875,113585
2020-08-05,1218.8034173898393,1236.0885990095962,1165.5728890170403,1201.1253662109375,128015
2020-08-06,1200.1429765969378,1234.9098265739403,1155.3586145409192,1182.2685546875,100845
2020-08-07,1181.482985338628,1236.0884925206963,1159.6996469567746,1186.3935546875,113185
2020-08-10,1198.1790500248262,1208.000189779128,1154.769660265596,1183.8402099609375,98685
2020-08-11,1183.447358209464,1192.2863841214019,1035.3249789554523,1044.576416015625,183265
2020-08-12,1059.111443074885,1066.968352712107,1011.5771157923078,1052.6295166015625,134315
2020-08-13,1059.308020851739,1114.5028935621372,1054.3974513874837,1098.19970703125,99940
2020-08-14,1098.5925666023857,1108.4530283610072,1048.504758521241,1064.6114501953125,75940
2020-08-17,1072.0755767283242,1183.4473239743381,1061.2723231484754,1177.947509765625,129790
2020-08-18,1182.4648740960727,1193.071749825126,1103.6994046899579,1148.4837646484375,98855
2020-08-19,1154.1802336506094,1179.9116903496817,1125.345383275357,1139.64501953125,86575
2020-08-20,1119.6097137755123,1145.4393542498449,1107.4314788763563,1139.4483642578125,58490
2020-08-21,1126.3666550359108,1140.1751124198545,1068.932660453468,1096.2353515625,91635
2020-08-24,1114.8956917207508,1116.27067520796,1001.7562142961976,1019.4342651367188,179090
2020-08-25,1011.5771912372103,1068.048733466472,969.1498640432279,1054.986572265625,116690
2020-08-26,1053.0223757359315,1064.6113666113847,1010.3987324287542,1015.5056762695312,102070
2020-08-27,1020.4162508757494,1026.544631472922,960.5073083315524,992.3278198242188,124930
2020-08-28,999.2026167343296,1033.3801054744101,976.2211295462944,1017.4699096679688,92570
2020-08-31,1050.6656124651672,1115.4851369161722,1039.4694888098736,1100.1640625,149930
2020-09-01,1093.0926521332847,1104.2887733562422,1025.7196698785579,1035.7371826171875,140090
2020-09-02,1041.6301785274989,1068.1669203868448,992.131664421701,1065.7901611328125,98475
2020-09-03,1049.8797672136907,1059.1116619224267,933.0082122104827,944.7935791015625,186435
2020-09-04,947.9755431467865,953.6325283953705,788.5392176423143,914.7408447265625,244245
2020-09-08,855.6176280117896,937.7223247638888,830.0040811244461,873.0992431640625,103960
2020-09-09,892.1522484498454,947.6809441441635,892.1522484498454,935.1688232421875,85555
2020-09-10,935.3653492683397,981.9175144979594,885.4739126903104,889.2059936523438,115540
2020-09-11,905.1160303677327,937.7222196613936,855.9514172267163,885.4737548828125,79710
2020-09-14,979.3639140646062,1075.0217642419193,977.0068169173602,1070.700439453125,197570
2020-09-15,1098.9855208866097,1130.21679275935,1084.4501863285004,1103.1103515625,103575
2020-09-16,1119.4133378612275,1215.8568634007622,1114.8955185497048,1171.6617431640625,146165
2020-09-17,1127.0739988893945,1192.875636683116,1114.8957613501789,1171.07275390625,75830
2020-09-18,1181.6791918605597,1207.6070183072982,1110.5742537253648,1202.8929443359375,95905
2020-09-21,1149.4660194652413,1154.1800937893508,1042.6119897016156,1076.396728515625,134470
2020-09-22,1084.4500710528384,1099.7711431048676,1001.7561323924731,1096.0390625,104885
2020-09-23,1092.503515700443,1106.0566154563153,987.024459890029,990.167236328125,137060
2020-09-24,964.6322281324927,1000.5579692768157,903.5447351377464,960.9002075195312,171395
2020-09-25,964.43589468809,1040.0586685078283,953.4755294290869,1035.933837890625,89885
2020-09-28,1063.4331423330416,1063.4331423330416,1008.041885881568,1036.523193359375,78155
2020-09-29,1034.9517101210704,1077.7718536047253,1013.9344479861935,1061.6651611328125,61755
2020-09-30,1060.2902728118956,1102.6586860529906,1024.6002828666087,1051.8441162109375,73620
2020-10-01,1066.575486861934,1093.8782958984375,1043.00475787051,1093.8782958984375,74765
2020-10-02,1029.2552695652503,1098.0032360438452,1003.7203105874864,1015.5056762695312,99885
2020-10-05,1064.2186251445596,1174.4118794608985,1061.4687780867528,1171.26904296875,109660
2020-10-06,1175.393918974572,1215.2677178275667,1126.288225833705,1141.21630859375,78100
2020-10-07,1178.3402593599376,1266.141142696606,1166.3583983136318,1250.8201904296875,73010
2020-10-08,1288.9262004129484,1290.4975585464235,1236.4812984855,1265.35546875,59025
2020-10-09,1289.260267858624,1310.7292645978102,1258.5200530130844,1303.06884765625,55650
2020-10-12,1335.674886810106,1343.138928376655,1287.5513063294477,1312.889892578125,43515
2020-10-13,1290.1046418969638,1386.057230467314,1289.9082670950584,1368.8702392578125,54735
2020-10-14,1368.6738946075122,1384.9769612217624,1283.2299860850621,1285.1942138671875,66895
2020-10-15,1242.1775730663821,1309.15768577939,1217.8211030505952,1299.3365478515625,56795
2020-10-16,1308.1758501432887,1366.4937843543141,1298.354710127198,1315.639892578125,54235
2020-10-19,1337.442655813888,1346.222695870051,1222.142468697522,1235.1063232421875,58265
2020-10-20,1256.1235486594999,1265.1197446248098,1170.6796481642875,1186.58984375,77165
2020-10-21,1179.714996295715,1202.3036126941176,1098.1995545101752,1099.9674072265625,63675
2020-10-22,1114.1097855802989,1198.571562288559,1114.1097855802989,1192.2860107421875,71315
2020-10-23,1206.6248307500043,1213.696121104783,1162.6262102747128,1207.0177001953125,33825
2020-10-26,1165.179811650397,1214.0890059236601,1103.895887849345,1158.1085205078125,61430
2020-10-27,1164.7872785025722,1217.4285682922423,1139.252312869295,1205.053955078125,43070
2020-10-28,1139.644765654457,1143.9660899277567,1080.3250739786097,1096.4317626953125,74670
2020-10-29,1099.967528573815,1153.394546796218,1058.6205588432065,1129.6273193359375,75820
2020-10-30,1096.0390824771441,1130.0201985120389,1021.9876724614244,1056.165283203125,102050
2020-11-02,1077.1824625341578,1084.4500087361018,982.3102335991044,1058.3258056640625,83165
2020-11-03,1074.6291156819896,1170.679915056696,1061.6652585371546,1142.1986083984375,80415
2020-11-04,1226.8565341806714,1392.2445252022553,1197.4914269155122,1356.888427734375,155685
2020-11-05,1388.5127232550165,1388.5127232550165,1292.4619328724775,1355.120849609375,79510
2020-11-06,1314.264817857367,1319.9611266264596,1227.6424168772876,1252.588134765625,81810
2020-11-09,1391.8517145101112,1394.4053064558016,1255.5343826671399,1262.4091796875,106615
2020-11-10,1267.51605856403,1331.3534561815661,1219.3924818985026,1323.3001708984375,86500
2020-11-11,1336.0677233801252,1372.1112542022363,1304.5222308918514,1369.4595947265625,45050
2020-11-12,1359.4420249386344,1434.082682025688,1337.6391441127232,1374.95947265625,61630
2020-11-13,1396.1730167679702,1438.9931563925072,1384.780520154021,1418.9581298828125,55920
2020-11-16,1464.6853519867748,1475.3314329524687,1396.7623220001456,1440.564697265625,48120
2020-11-17,1423.279318139411,1475.724220773596,1365.1382272087505,1472.385009765625,52705
2020-11-18,1481.813386583752,1512.6321231966854,1386.5483455928913,1388.5125732421875,55110
2020-11-19,1403.4405918407233,1442.7251430469018,1389.298129429112,1412.6724853515625,34885
2020-11-20,1401.280070026043,1467.0816970787307,1370.0488020671544,1449.2071533203125,40060
2020-11-23,1477.099326237416,1494.7773766844064,1422.297321896965,1463.3497314453125,45905
2020-11-24,1476.313400918405,1505.1875703168087,1431.5290360795225,1450.7784423828125,47480
2020-11-25,1449.403645192997,1496.7021611531572,1449.403645192997,1481.4205322265625,26995
2020-11-27,1497.3307773884048,1639.9337827839818,1496.5451582271105,1638.3623046875,38445
2020-11-30,1675.0933990423268,1716.185009950497,1573.7392952290274,1701.6104736328125,47330
2020-12-01,1764.6623712735552,1808.464628919059,1684.3254032122084,1688.646728515625,57110
2020-12-02,1668.8078702884925,1701.2176285877085,1613.8094925686107,1688.843017578125,34770
2020-12-03,1692.1822245754704,1747.9270183027604,1674.7005494602479,1725.5740966796875,42860
2020-12-04,1749.1052860408424,1829.0886931059697,1725.966748164764,1815.9283447265625,37255
2020-12-07,1866.0163905757206,1959.120835281331,1838.2421809999678,1868.766357421875,48730
2020-12-08,1855.0168342686711,1984.4593779846196,1842.8385975899396,1980.7274169921875,36720
2020-12-09,2020.9939893267072,2055.132277371394,1771.9298135590861,1858.3558349609375,62645
2020-12-10,1838.7135751685887,2064.9927590754573,1836.945842100426,2060.278564453125,45940
2020-12-11,2034.9008423860528,2130.4015961515884,1980.7275216011665,2049.671875,37140
2020-12-14,2160.6504373835323,2386.536619473629,2160.6504373835323,2222.130859375,74140
2020-12-15,2317.9853125774653,2339.1990699511007,2103.1183923643594,2229.398681640625,47210
2020-12-16,2240.791267934109,2240.791267934109,2094.849040115863,2149.258056640625,29930
2020-12-17,2168.114631025629,2249.630080570218,2132.758532427976,2247.46923828125,31865
2020-12-18,2272.4152331322844,2324.840359023079,2214.0775224948648,2288.914794921875,30230
2020-12-21,2194.8279388427304,2417.9641432638923,2181.4710954318043,2411.6787109375,50630
2020-12-22,2452.3383819334385,2539.157153850437,2388.9330516854106,2465.8916015625,42155
2020-12-23,2490.051171875322,2514.211266675581,2317.9652248095554,2472.76611328125,39555
2020-12-24,2478.2662339031567,2533.068240011046,2386.2618666351377,2403.42919921875,20030
2020-12-28,2458.034977062579,2478.6593711457112,2230.1845281441642,2237.059326171875,43765
2020-12-29,2258.8617685678846,2264.361701826993,1976.6218963589117,2034.9398193359375,70110
2020-12-30,2059.4925346309283,2180.4889007279103,2059.4925346309283,2122.544189453125,36700
2020-12-31,2117.8303122881975,2138.0619544827114,1948.5139722984377,1972.6739501953125,52790
2021-01-04,2005.2800624922857,2042.7967627769706,1894.3011998991137,1971.298828125,49980
2021-01-05,1947.7281229958155,1990.9411320326378,1912.568519393476,1967.56689453125,30315
2021-01-06,1932.7998874651644,2160.650280702928,1920.6413142719134,2079.527587890625,68955
2021-01-07,2142.9724185800774,2340.573677049824,2127.8479612145948,2334.484619140625,59930
2021-01-08,2319.5567900185015,2469.8398867982596,2206.4369716649367,2347.44873046875,56865
2021-01-11,2292.646708701073,2345.248789402632,2171.8466928652656,2280.272216796875,34785
2021-01-12,2306.1997113640746,2382.4118425871234,2259.4512356288956,2328.788330078125,43460
2021-01-13,2342.734435132216,2406.179089902052,2288.4237274935504,2303.05712890625,30250
2021-01-14,2329.5743277992633,2533.8540327664837,2327.4137250284316,2518.532958984375,45625
2021-01-15,2499.086683564524,2648.3286470320554,2386.7327294244365,2443.106201171875,48750
2021-01-19,2524.03238729937,2606.451298097865,2509.497055557814,2560.9599609375,27390
2021-01-20,2607.119664274031,2683.2334917991748,2539.1571903292324,2564.10302734375,30935
2021-01-21,2591.012884166396,2604.56610415638,2366.698161754194,2394.0009765625,40160
2021-01-22,2347.448573452424,2509.3009905846397,2324.663579144361,2479.44482421875,36450
2021-01-25,2513.425882312978,2697.395527934259,2414.0360021093124,2694.52783203125,56135
2021-01-26,2726.544080774199,2779.244456817033,2518.9843191781106,2557.81689453125,50825
2021-01-27,2453.7130097856716,2768.9715380150046,2284.396687418782,2456.2666015625,67560
2021-01-28,2524.0325414471195,2612.4227860892365,2367.680067768285,2419.339111328125,43595
2021-01-29,2513.2292163602283,2675.1600247519536,2353.2429741122637,2478.265869140625,61815
2021-02-01,2651.707150008353,2827.7018877133933,2571.9595607110236,2810.22021484375,61195
2021-02-02,2905.682213798165,3007.0363179984943,2725.758759626181,2982.876220703125,38850
2021-02-03,2974.233402479051,3063.0166358475176,2848.1300836504265,2887.21826171875,40005
2021-02-04,2926.6999273913734,3025.304084069076,2853.4341218900527,2959.50244140625,20470
2021-02-05,3026.089477375746,3222.512268842092,2966.926942177039,3191.870361328125,29655
2021-02-08,3288.1172610595695,3603.0811335414105,3218.4854830715403,3598.66162109375,38470
2021-02-09,3625.179193853775,3645.8035881098376,3431.0939474465426,3467.058837890625,37090
2021-02-10,3546.6098334503795,3624.9825742873427,3078.7308455369994,3243.92236328125,57750
2021-02-11,3338.401390543704,3338.401390543704,3004.875666993917,3108.979736328125,42935
2021-02-12,3082.4625795393563,3138.4430681543113,2961.0732135805306,3017.64306640625,37760
2021-02-16,3085.01608440105,3085.01608440105,2752.5312117548688,2785.667724609375,62760
2021-02-17,2748.5436799950376,2836.5409295181457,2604.3693312671094,2823.184326171875,49435
2021-02-18,2736.561886734267,2739.901217628812,2539.019615982631,2592.780517578125,68430
2021-02-19,2667.42132243424,2844.9875615142446,2651.7075002107686,2730.276611328125,68530
2021-02-22,2699.0455641416065,2739.1158620685655,2464.32032533401,2481.802001953125,65300
2021-02-23,2357.0734730237423,2413.4467176773283,2011.3693636469268,2321.52099609375,114055
2021-02-24,2294.4140740816206,2492.2119254102518,2268.2899924317835,2431.713623046875,59295
2021-02-25,2401.0721929147644,2499.0872114466924,2086.795734150369,2127.84814453125,85945
2021-02-26,2187.5603874198955,2275.165138416975,1975.2274118962575,2169.293212890625,94595
2021-03-01,2266.3261591477117,2354.7164112240825,2244.9160279122098,2335.2705078125,46620
2021-03-02,2307.9675560917776,2315.628092105073,2101.7236468240017,2110.169921875,63300
2021-03-03,2082.081326537884,2106.535865076817,1809.3483629928633,1815.3392333984375,127900
2021-03-04,1804.9291411875015,1867.391567057536,1543.5689706150997,1642.683837890625,180370
2021-03-05,1714.7707559084758,1757.9837646484375,1381.4412963323837,1757.9837646484375,223845
2021-03-08,1802.17917935779,1863.4631165732894,1585.9177257896401,1608.50634765625,127770
2021-03-09,1694.9321164581313,1892.7297483250138,1694.9321164581313,1841.8563232421875,125315
2021-03-10,1946.353365836455,1983.8700686855298,1809.2501701306076,1843.034912109375,113445
2021-03-11,1955.97793519092,2066.171181966773,1933.585811165547,2063.81396484375,87275
2021-03-12,2006.0659040737721,2043.1897389663977,1910.8401750901776,2036.31494140625,78240
2021-03-15,2052.225272724806,2119.009016993296,1998.9946281551047,2106.044921875,58290
2021-03-16,2135.1156078648123,2150.397357617713,1894.2030214513209,2009.405029296875,82950
2021-03-17,1916.4969608780657,2114.2947111503177,1866.0162858005979,2080.3134765625,67150
2021-03-18,1977.977392491666,2042.1684624277611,1767.8050181156896,1781.1617431640625,104360
2021-03-19,1795.304113741096,1956.76365429345,1795.304113741096,1946.353271484375,81395
2021-03-22,1977.3880444873698,2087.18830070312,1953.2280678168272,2035.3326416015625,70315
2021-03-23,1992.5125030190027,1992.5125030190027,1649.852978069657,1684.718017578125,211775
2021-03-24,1743.2523728290387,1743.2523728290387,1416.60127612872,1423.47607421875,219630
2021-03-25,1361.2098145896339,1548.7935624876282,1331.7463986894254,1547.4185791015625,245865
2021-03-26,1549.9719879015897,1566.2751732771264,1353.5688847095578,1475.52783203125,189340
2021-03-29,1453.5286268248174,1468.2603358804745,1334.2999708903096,1345.49609375,146480
2021-03-30,1321.9251427149416,1423.0828616596955,1249.837967567215,1373.9771728515625,143335
2021-03-31,1413.654860491418,1571.303812810216,1402.3605499315242,1550.168701171875,175510
2021-04-01,1603.7920502802097,1686.093245701912,1554.94171291407,1593.7745361328125,150935
2021-04-05,1658.0045906879539,1673.7184126393124,1588.4906619447108,1649.362060546875,92925
2021-04-06,1639.7371723072858,1664.0936424397444,1505.4822641455573,1516.580078125,102840
2021-04-07,1524.8298522654627,1531.3117793271083,1399.5121561548767,1411.493896484375,111255
2021-04-08,1445.0824556132711,1491.2418101646415,1406.3871429268593,1439.5826416015625,120145
2021-04-09,1433.6897077916033,1437.4216681291925,1324.0857168020525,1348.04931640625,158770
2021-04-12,1348.8352204372172,1348.8352204372172,1229.213702460007,1261.2305908203125,190565
2021-04-13,1272.6233254880158,1316.03271484375,1229.6066858092352,1316.03271484375,144250
2021-04-14,1335.6748671160915,1484.7598009739754,1321.3360285494405,1416.60107421875,225810
2021-04-15,1471.9923818408442,1516.3838827862835,1441.7432253434354,1463.3497314453125,144305
2021-04-16,1485.545261729214,1488.4916030336697,1341.665594694957,1390.673095703125,169200
2021-04-19,1359.245434607136,1408.7046688383452,1266.5338723155055,1302.2828369140625,170610
2021-04-20,1288.9264079324053,1343.4925981761758,1215.8571040355885,1294.819091796875,168120
2021-04-21,1282.6408284500862,1426.4026743393806,1251.2525047333118,1425.6365966796875,152360
2021-04-22,1411.8868799124684,1561.3646833221246,1360.2277141676775,1475.9207763671875,268130
2021-04-23,1491.4382950900704,1525.2230406372778,1455.689321544618,1469.831787109375,118300
2021-04-26,1480.045418568633,1640.6800007733423,1469.6350368148796,1633.4515380859375,159570
2021-04-27,1650.9335020259905,1687.0753422916323,1598.4885946409925,1635.612548828125,117480
2021-04-28,1615.97034071612,1691.5931159615814,1564.7039198513075,1656.6298828125,102730
2021-04-29,1692.1429017805676,1692.1429017805676,1534.4547586674562,1593.381591796875,162055
2021-04-30,1541.9186546688989,1635.219464983259,1528.561931064441,1546.8292236328125,99885
2021-05-03,1574.3283783806598,1595.934881390251,1481.4204394168053,1491.2415771484375,101885
2021-05-04,1455.2964159745861,1455.2964159745861,1295.9974704475906,1312.300537109375,240180
2021-05-05,1346.811965626695,1357.261671316113,1223.7531728723952,1247.48095703125,217815
2021-05-06,1227.0531502854383,1237.385007860788,1109.985099598729,1201.5181884765625,317250
2021-05-07,1231.3743149126963,1290.222496341157,1218.606835673222,1251.6058349609375,196285
2021-05-10,1237.8564305633006,1237.8564305633006,1109.7887491606457,1115.8778076171875,202630
2021-05-11,1015.07372586106,1204.0716720408925,982.1139249925715,1171.26904296875,230330
2021-05-12,1121.77033828615,1232.5528232641934,1112.3420697509193,1142.78759765625,170410
2021-05-13,1173.4295958769649,1194.2503601216802,1025.326789446574,1093.681884765625,235390
2021-05-14,1122.9489729397364,1232.5528519745906,1103.110201716825,1214.48193359375,155290
2021-05-17,1189.0258740146717,1239.4279135987051,1162.0372795967091,1202.303955078125,101820
2021-05-18,1219.3926002695978,1307.9793464181653,1197.393224823834,1222.7318115234375,172930
2021-05-19,1158.8944255735219,1202.8931771432979,1123.145454908948,1155.751708984375,229710
2021-05-20,1181.483140040658,1251.9989730785016,1148.189451518479,1225.285400390625,178880
2021-05-21,1262.0162480962606,1269.6767837826715,1200.5359474582199,1204.071533203125,137605
2021-05-24,1228.8206977249577,1238.249085800846,1156.3407736283746,1177.3580322265625,127050
2021-05-25,1189.928954594204,1212.3211952787808,1130.8057568325594,1137.09130859375,145975
2021-05-26,1142.0020645594816,1210.1606717393336,1136.895000464994,1206.4287109375,122605
2021-05-27,1226.660150718374,1255.14145125547,1187.9845040211435,1249.8380126953125,104060
2021-05-28,1268.8911454458087,1331.7464343843008,1226.8566230134122,1237.4635009765625,168005
2021-06-01,1258.8736649636978,1258.8736649636978,1176.572470882105,1197.00048828125,120445
2021-06-02,1213.106988715466,1233.1421353839762,1163.412051508015,1214.678466796875,120180
2021-06-03,1194.2505213628046,1219.7461602478106,1151.6267534486165,1197.00048828125,109580
2021-06-04,1213.106932316431,1239.034760923968,1189.9290703365648,1204.071533203125,104550
2021-06-07,1212.7142730510286,1402.8514971936856,1201.7145256077822,1363.174072265625,316920
2021-06-08,1399.905203915293,1431.3328493186975,1279.3015667249467,1392.441162109375,186210
2021-06-09,1411.8867709849894,1476.9027762967498,1398.137177823141,1429.5648193359375,169835
2021-06-10,1429.5647732587718,1484.9560136171144,1386.3517675715011,1471.2064208984375,124515
2021-06-11,1489.0810367935014,1490.4560202212592,1417.386722595754,1465.1175537109375,92485
2021-06-14,1474.1529575458037,1526.7942383815082,1467.8674046355068,1496.7415771484375,91825
2021-06-15,1490.45591630849,1490.6524110055846,1359.441908123052,1388.5125732421875,156390
2021-06-16,1375.1556502115507,1418.9580201806743,1294.4259464242364,1390.673095703125,165180
2021-06-17,1370.3238115060065,1445.278686152542,1352.174367135864,1415.618896484375,115175
2021-06-18,1376.020029810926,1407.5655218777283,1333.3177387944577,1384.1912841796875,104010
2021-06-21,1402.4585025085382,1444.100151490381,1349.0314879593968,1429.5648193359375,95995
2021-06-22,1422.297192900527,1432.7076953513497,1336.2640458387464,1388.5125732421875,143040
2021-06-23,1384.584090164204,1435.4575133281169,1358.6562617363063,1408.3511962890625,105700
2021-06-24,1440.9573296963965,1510.2946603811474,1438.010988275354,1504.4019775390625,142150
2021-06-25,1512.4553303028392,1554.489851073826,1481.8722906010614,1548.59716796875,98075
2021-06-28,1617.737703987522,1646.415497117298,1514.0855014285628,1530.9189453125,153110
2021-06-29,1527.1871413237961,1543.8830779170466,1448.6180279437938,1456.278564453125,99820
2021-06-30,1441.743117322747,1503.223419738004,1384.7805145947366,1446.6536865234375,117180
2021-07-01,1462.1712777637767,1541.5260119630966,1430.9400066037783,1540.936767578125,103380
2021-07-02,1544.8650499896746,1546.16138749116,1450.582122590432,1477.4920654296875,100845
2021-07-06,1482.991952417518,1492.7541067969685,1373.3880678586193,1384.3876953125,130805
2021-07-07,1388.3162847366586,1403.4408638599166,1261.2307129751707,1308.9615478515625,182825
2021-07-08,1233.1617581055052,1348.1476017594514,1219.7853725832822,1331.1571044921875,121585
2021-07-09,1347.4600458794512,1390.6730502662556,1306.4076437572146,1383.99462890625,95035
2021-07-12,1383.2092755516094,1409.9227263491841,1318.979000897597,1330.5679931640625,88465
2021-07-13,1310.72915375655,1321.53240638286,1252.7844351245237,1256.712890625,139920
2021-07-14,1276.74819452393,1276.74819452393,1146.5199026598816,1153.0018310546875,221405
2021-07-15,1148.0516783918254,1170.5617692414103,1087.7891916318315,1151.6265869140625,199525
2021-07-16,1166.7512078705215,1199.9467026485497,1123.9310696735367,1153.787353515625,151195
2021-07-19,1106.4493756643424,1203.0893969120532,1094.2711406488247,1159.4835205078125,132480
2021-07-20,1157.3229351413033,1235.4991702683346,1138.466278098526,1231.76708984375,147240
2021-07-21,1236.2847594836755,1275.7656818208202,1186.1969613521421,1270.265869140625,119450
2021-07-22,1243.74923933508,1268.1055954989754,1195.8220264170466,1202.303955078125,120150
2021-07-23,1211.5750366920097,1218.5086986605418,1132.5737302323635,1166.7513427734375,147370
2021-07-26,1155.5550218643752,1187.9647758273009,1098.0031797136578,1099.9674072265625,169240
2021-07-27,1091.5214825362232,1103.8960944935457,1003.1312258596937,1064.4151611328125,256445
2021-07-28,1073.4504338488953,1190.3219815415014,1073.4504338488953,1176.5723876953125,170335
2021-07-29,1194.6432539449845,1210.7499442915505,1114.1099220990925,1117.6455078125,138900
2021-07-30,1096.29447122083,1132.573701128382,1060.8793864535028,1075.0218505859375,133565
2021-08-02,1091.3249930872428,1121.3777764121141,1076.9861531344568,1084.4501953125,98970
2021-08-03,1101.1458555518418,1106.8421630859375,1043.7905101799129,1106.8421630859375,134770
2021-08-04,1093.0926807717278,1172.6439001270826,1090.146339314122,1107.4315185546875,134075
2021-08-05,1112.9312186094623,1234.90981446262,1096.0389105944978,1231.177734375,180740
2021-08-06,1221.3567432163275,1222.7317265649538,1142.1983919638885,1172.6439208984375,134495
2021-08-09,1162.2336014853986,1212.1249151687493,1147.1090236009413,1173.6260986328125,106505
2021-08-10,1193.0718970264581,1202.8930350662315,1123.734566556106,1147.3052978515625,123015
2021-08-11,1143.5735318206973,1150.8411991835585,1086.2180519363585,1125.1097412109375,154865
2021-08-12,1119.8062221356113,1165.3763311263274,1106.253122231922,1152.4124755859375,107335
2021-08-13,1156.7336799729599,1169.5993467575336,1093.2890326723625,1099.5745849609375,115410
2021-08-16,1081.1110151378232,1087.9858123491979,1011.3809291367365,1018.844970703125,173660
2021-08-17,992.917033700382,1069.5219087039723,970.917661004015,1068.539794921875,179990
2021-08-18,1063.629345943636,1084.4501125170232,1011.577309623218,1012.7557983398438,132340
2021-08-19,988.3993599159155,1009.6129941820413,935.5615891138696,941.0614624023438,218925
2021-08-20,952.8469574490884,1038.29081036384,934.7760369591522,1021.3984985351562,200375
2021-08-23,1062.2543487281112,1163.2157035561572,1058.5223879159375,1160.6622314453125,187545
2021-08-24,1155.9479297670616,1164.0012148828814,1109.788581679507,1162.0369873046875,139865
2021-08-25,1153.3945293136912,1219.3925320729797,1124.9132276662517,1199.1610107421875,135035
2021-08-26,1193.4647906573023,1251.9988763473789,1166.7513399203058,1182.8580322265625,157315
2021-08-27,1192.8754274437267,1304.443533946693,1179.9312343715137,1276.3551025390625,210205
2021-08-30,1290.4976013930354,1323.8894723575434,1251.605916835292,1267.51611328125,129610
2021-08-31,1268.6945945049888,1323.103600529861,1266.9267417942237,1302.2828369140625,97445
2021-09-01,1302.4793311053459,1373.5843973417852,1300.122353790844,1368.673828125,136880
2021-09-02,1372.2487050844284,1413.45816263239,1361.2097553319986,1411.6904296875,122445
2021-09-03,1392.8337814627325,1394.6016343060662,1308.175617532169,1335.6748046875,153485
2021-09-07,1337.4818191593884,1387.3339250644915,1289.7117897075466,1317.407470703125,126915
2021-09-08,1322.7111190610187,1328.2109332171253,1244.142002868192,1283.03369140625,122085
2021-09-09,1268.6949408357787,1352.9602519421417,1261.034403513852,1298.354736328125,130415
2021-09-10,1314.4612374252033,1314.4612374252033,1247.2846242369421,1265.7484130859375,135000
2021-09-13,1276.9445254387674,1309.3542861847966,1193.2684638310755,1248.266845703125,153200
2021-09-14,1260.641453701855,1279.6944884824386,1180.6973534677707,1194.05419921875,137075
2021-09-15,1192.8754791085482,1247.284611328125,1178.9295101492644,1227.642333984375,100860
2021-09-16,1225.4816393053318,1247.0881427591803,1176.9651939361206,1241.9810791015625,95495
2021-09-17,1232.945866230709,1309.157884119542,1201.2628608845416,1299.7296142578125,111030
2021-09-20,1222.5354069038883,1260.8378482591384,1127.4667352776166,1174.21533203125,204160
2021-09-21,1189.929099160033,1249.4451736162262,1181.8758136634015,1218.410400390625,122550
2021-09-22,1237.26715091595,1259.5217657825328,1192.305947374418,1224.696044921875,123710
2021-09-23,1235.1065486286623,1296.390486513989,1221.5534472927395,1295.0155029296875,99130
2021-09-24,1258.8737430940362,1277.9266583294996,1209.3751746986238,1215.4642333984375,141525
2021-09-27,1217.4280638914852,1280.8922435410602,1194.4465803657536,1256.5162353515625,113940
2021-09-28,1220.767463799648,1225.2851633407463,1136.2271503347517,1144.7518310546875,165300
2021-09-29,1155.9085739062766,1173.0170387840212,1074.8253241306566,1081.3072509765625,171565
2021-09-30,1096.0390338035431,1127.859545859099,1083.8607983394488,1086.2178955078125,136215
2021-10-01,1099.9676935927673,1105.9978880137205,1001.7562923791273,1093.0928955078125,217915
2021-10-04,1071.6826785550325,1072.468417658282,1008.2381422936643,1019.4342651367188,142390
2021-10-05,1028.8625961374926,1069.5221394665043,1006.4704690064594,1028.4697265625,154090
2021-10-06,1001.756086180196,1026.7018009310907,982.1138099805843,995.8634033203125,189080
2021-10-07,1012.5594511375934,1066.772091546338,995.6670797312777,1035.1480712890625,142990
2021-10-08,1051.254615076429,1060.6828833958944,1005.6845116642553,1022.7733154296875,115640
2021-10-11,1023.7554537367378,1073.646763070667,1009.2201214760926,1039.6656494140625,117110
2021-10-12,1045.5584358217827,1079.1468031936788,1044.5371188870931,1054.3974609375,94205
2021-10-13,1060.6829367079492,1084.3321945819162,1036.326465762101,1065.593505859375,118570
2021-10-14,1093.6820210270112,1139.0557553866274,1082.682393241805,1115.681396484375,114880
2021-10-15,1139.2523221906847,1143.5736480798369,1058.6207809509624,1062.4510498046875,150050
2021-10-18,1041.6300106651242,1046.2655596440115,990.3637114500596,1000.3812255859375,225685
2021-10-19,1018.0593999981875,1056.8529049634926,1005.881161803837,1027.4876708984375,146450
2021-10-20,1030.2373465117626,1056.9507931471885,1007.0594854770641,1015.3092651367188,115325
2021-10-21,1016.2912757193527,1054.6918963163741,1014.5234231550202,1033.7728271484375,120880
2021-10-22,1025.326915904728,1038.290771484375,982.1139041233025,1038.290771484375,207875
2021-10-25,1037.1122994112104,1058.1295612743963,1013.737940162881,1044.1834716796875,142875
2021-10-26,1056.6760458810531,1088.5750866370565,1029.255382233246,1033.183837890625,169560
2021-10-27,1027.684029087977,1039.862265664155,984.4710166406663,987.4173583984375,194010
2021-10-28,1003.3276750637997,1083.6253282272003,988.0067200816761,1080.325439453125,195725
2021-10-29,1070.3078372751395,1098.592647277656,1041.6300378258477,1048.897705078125,136635
2021-11-01,1060.6436909419563,1169.3047874151266,1051.0582496701745,1165.965576171875,201780
2021-11-02,1168.9118120185526,1216.0532750320965,1116.6634051333178,1213.10693359375,137725
2021-11-03,1206.2323729061852,1299.7296981081602,1183.840245525849,1295.0155029296875,185285
2021-11-04,1293.6401671797123,1311.0628552933476,1227.6421719694092,1266.7303466796875,146680
2021-11-05,1237.0706814821792,1268.891196771804,1167.9298368757363,1211.9285888671875,215225
2021-11-08,1225.8745786148118,1242.5705156855402,1175.590392568342,1188.1614990234375,122360
2021-11-09,1176.7686850818304,1187.3559004196547,1124.716654660415,1142.001953125,133260
2021-11-10,1119.6097010393844,1178.340152610084,1063.1971434730938,1073.646728515625,170705
2021-11-11,1084.842958644292,1109.592300141974,1065.5935507373931,1076.7896728515625,129045
2021-11-12,1089.3607541366337,1097.8070300840525,1049.2905765869025,1080.521728515625,132250
2021-11-15,1087.5929394867073,1095.2533558523282,1006.4703566182694,1013.3451538085938,239550
2021-11-16,1011.5771224741196,1035.3442263289346,986.0421659844817,1031.415771484375,193050
2021-11-17,1024.7376072320428,1034.5587456569485,986.4351673749109,990.5599975585938,231160
2021-11-18,1020.8093129386993,1031.8089417554813,963.6502662977537,976.2213134765625,267435
2021-11-19,971.8998199936818,995.6669866146516,952.8468477008328,968.5606689453125,205480
2021-11-22,984.0780653974232,984.0780653974232,899.0270310280885,905.1160888671875,289745
2021-11-23,898.0449445278015,909.0445718903508,814.9580753611873,905.90185546875,355810
2021-11-24,881.5454416878003,928.9815925744324,857.0515178175904,922.9906616210938,191950
2021-11-26,893.330681937791,930.2581965125033,803.56551724353,845.5999755859375,327815
2021-11-29,881.9382802199993,900.5984442781063,802.1906197303422,808.672607421875,252240
2021-11-30,790.2087835724689,840.316251624867,755.2455543199611,834.600341796875,343570
2021-12-01,849.3320614655793,874.6705872834528,748.3707677753894,749.54931640625,387260
2021-12-02,746.7994420486192,798.8514793418532,723.8179525493103,795.5122680664062,303970
2021-12-03,803.761988551866,803.761988551866,669.9980719015834,686.8904418945312,518765
2021-12-06,690.4260780552455,704.5685423228144,636.8026825990421,687.479736328125,375925
2021-12-07,723.5036928862979,824.1900335811499,723.5036928862979,791.7802734375,384635
2021-12-08,799.2049966056976,832.2433217510478,762.5132366177817,823.404296875,322105
2021-12-09,807.8869420221657,824.5828798072283,715.9610967829781,720.6752319335938,378170
2021-12-10,736.5853539828596,749.3528334518959,675.890732803366,683.5512084960938,360280
2021-12-13,692.3902761678859,728.7284892433636,655.0699492255035,702.8006591796875,358600
2021-12-14,672.1587365516351,696.3187130554364,638.7668659678766,662.7304077148438,383330
2021-12-15,665.6766656727439,749.3527663848866,626.5885517084636,747.977783203125,474980
2021-12-16,762.1203346865822,766.6184328275384,667.8374066841185,685.9083251953125,506690
2021-12-17,666.855299561413,799.244233641759,659.9805026587179,784.9053955078125,445940
2021-12-20,756.0312886703122,812.1885557972846,711.2469175969745,786.8696899414062,340425
2021-12-21,792.1730471952762,802.3870557253514,756.6205719955183,800.6192626953125,296200
2021-12-22,781.9590699913008,813.3867136186349,747.3886500125387,798.8514404296875,288070
2021-12-23,799.2443504200221,854.8320380355741,781.4091867959618,835.1897583007812,288315
2021-12-27,823.6005475095958,823.6005475095958,766.6379513418818,770.56640625,280660
2021-12-28,762.1203724323893,816.136635942417,727.5499517972769,731.8712768554688,337935
2021-12-29,726.9606947074587,736.3889638320691,700.0507508347788,723.425048828125,281960
2021-12-30,723.0322915879242,779.798465093436,709.8719408696616,733.0498657226562,338930
2021-12-31,733.6390846252441,763.888180811191,702.9971189011975,707.1220092773438,273700
2022-01-03,717.925241638894,773.7092976735771,675.7336080471958,772.137939453125,380205
2022-01-04,762.5132904239132,775.8307531124889,668.4267265938386,691.8010864257812,600880
2022-01-05,688.6582926769611,706.6898898613147,575.5187571068507,577.8758544921875,830590
2022-01-06,582.5899516062276,607.339232776247,530.3414824569586,577.6793823242188,625950
2022-01-07,574.3401254942281,611.2676395200863,535.252009111136,537.8054809570312,612010
2022-01-10,526.2165751111276,542.1268310546875,492.43186554699406,542.1268310546875,751120
2022-01-11,536.4306056729071,570.6081562257916,517.1811379305312,554.50146484375,567140
2022-01-12,556.6621390577588,565.3047292730314,497.93174061494716,500.8780822753906,804215
2022-01-13,503.8244329765273,515.8062345993621,457.5668620831653,463.361328125,932925
2022-01-14,446.2725340717347,498.5210036561942,429.3801935839654,496.9496154785156,1042545
2022-01-18,470.62893268518224,471.6110464595906,404.72909242803416,407.7736511230469,1178140
2022-01-19,413.8628122015422,438.6120957102579,392.45274009752217,394.6133728027344,1009815
2022-01-20,409.3450483902847,437.0406714698796,370.72835386049974,374.774658203125,1022275
2022-01-21,367.11417673060487,390.2920715793547,348.8468815261366,351.2039489746094,1455580
2022-01-24,330.97237259687,380.4709054122623,295.8127082088052,376.5424499511719,1909245
2022-01-25,354.73949986936935,386.71712129609034,335.29362956064455,366.32843017578125,1126720
2022-01-26,383.024429244501,416.37700961432006,339.81141671435216,347.4718933105469,1093850
2022-01-27,359.7875823212787,368.0962570565206,295.8127020538458,298.1697692871094,1187100
2022-01-28,301.11615303510285,330.972412109375,280.2953246169743,330.972412109375,1372865
2022-01-31,330.38313622741606,384.792244617984,329.7938618462278,383.22088623046875,1046630
2022-02-01,391.0777189791256,409.737880789317,363.7749379264368,402.47021484375,926905
2022-02-02,401.5470248723838,402.2738094488571,356.3108666570494,361.221435546875,906230
2022-02-03,344.1326890100184,364.69815554414834,330.5795297913492,335.0972595214844,676580
2022-02-04,330.3830721728684,358.27509774792975,322.13332235091144,347.8647155761719,813690
2022-02-07,349.6325226665195,387.9153304606727,349.4360879122823,377.9173889160156,947175
2022-02-08,371.6318658504509,379.29237167807304,347.66829448482684,373.3996887207031,743120
2022-02-09,386.5600606746159,427.2195726268206,384.5958327544926,424.46966552734375,760690
2022-02-10,393.6312153278603,450.00457375627246,370.453352666849,387.9349670410156,1213215
2022-02-11,392.4527535989578,417.14308354613513,363.382173707972,375.16754150390625,1197110
2022-02-14,377.1317075796818,383.22082526367285,351.79318296536604,356.3108825683594,888815
2022-02-15,372.2211652235615,403.84524454787305,371.6318908937678,399.3275146484375,853610
2022-02-16,387.9349947701856,395.9883408275277,367.11416787230576,386.952880859375,907170
2022-02-17,374.3817926062133,379.88160590967055,333.7615502466705,339.02569580078125,1050935
2022-02-18,337.0614296318247,349.8289075728524,315.6513332553702,324.4903564453125,915160
2022-02-22,313.4907377022056,338.4364222878185,308.97300821699974,316.63348388671875,910635
2022-02-23,317.81205792197665,322.1333530045191,277.4471714139532,278.7239074707031,1323715
2022-02-24,248.08196601139161,317.6156150250991,246.51057784749855,316.24066162109375,1251705
2022-02-25,316.82992833173466,324.0975646972656,294.0448754309902,324.0975646972656,988795
2022-02-28,313.0782745027175,341.18637012313565,309.3658850806196,325.8653869628906,904535
2022-03-01,322.32982039081196,341.3828256182831,308.9730642615804,317.41925048828125,1180825
2022-03-02,317.02635602362903,328.22247849959575,306.02669828877197,319.3834533691406,1109295
2022-03-03,323.3119469186216,326.2582889744836,281.4738837310327,290.70574951171875,1137590
2022-03-04,283.0452526427437,295.6162992257754,260.26019699279226,263.9922180175781,1043800
2022-03-07,263.7958076767494,277.74180750416826,258.3155951614224,262.0279846191406,998830
2022-03-08,258.29597094942363,292.27711988996947,244.34995574324466,266.7421569824219,1354440
2022-03-09,284.6165976821927,310.5247672917426,280.098897696553,306.8123779296875,800255
2022-03-10,293.907387482745,302.09821303676677,282.6523416745324,300.5268249511719,755115
2022-03-11,306.6159459840458,311.5265150742981,268.11707232777394,268.3135070800781,824305
2022-03-14,270.27775568722353,272.83122783489233,226.47547000917555,232.95741271972656,1258235
2022-03-15,238.06440603096001,244.44814645243073,228.4397016918994,242.9749755859375,974760
2022-03-16,253.58181351867435,278.5274998514435,243.85887720280476,277.7417907714844,1297175
2022-03-17,273.81336985342205,311.72297605977076,267.1350066752373,310.3480224609375,983360
2022-03-18,306.81234933109056,343.7398347115978,305.4373959865911,336.4721984863281,894905
2022-03-21,332.34736068198,334.70442821015916,297.5805322190525,302.8839416503906,935265
2022-03-22,308.3837480356889,338.2400029976631,302.0982254076526,334.1151428222656,821720
2022-03-23,325.0796468350521,345.3111958046315,309.9551012848071,311.5264892578125,1000695
2022-03-24,318.79416595844594,330.9723718666089,301.116116422544,329.7938232421875,837965
2022-03-25,331.36522252733846,331.36522252733846,303.27675910643427,305.83026123046875,846255
2022-03-28,305.6337749338899,322.5261114581061,287.36645534449036,307.00872802734375,889765
2022-03-29,318.99057486243754,350.0253793312178,317.8120561945519,346.096923828125,1030130
2022-03-30,343.9362592428021,357.48941747714304,310.6425779783952,314.66925048828125,946435
2022-03-31,319.18695873047653,328.41882169633465,306.0266408879356,307.79443359375,805500
2022-04-01,312.312255443202,342.5613549879981,309.5623482015809,341.1864013671875,1039150
2022-04-04,344.3291461025994,373.7925636817424,341.1863695721288,370.8462219238281,1015695
2022-04-05,369.0783767399573,384.2029541671103,335.0972611483966,337.84716796875,961570
2022-04-06,321.74052453769707,350.41823287170484,316.928172348704,340.2042541503906,1119270
2022-04-07,335.88298717084433,348.552251745221,313.9032711096246,328.4189147949219,922355
2022-04-08,324.88329628033944,331.54202794139746,304.3571198598664,307.5981140136719,925085
2022-04-11,294.43769110536476,299.93753411547766,272.83118854342587,276.7596435546875,995955
2022-04-12,287.56291395717346,300.52682834506646,265.76000517792545,274.5990295410156,1122155
2022-04-13,277.4275756060271,309.9551867363223,276.3668756938378,305.04461669921875,844790
2022-04-14,299.74116546255135,302.6875070759903,276.5632721091509,277.7417907714844,869225
2022-04-18,274.20616618745424,275.1882799202578,236.29657010688928,239.4393310546875,1531645
2022-04-19,239.83220639504063,257.9031107707417,232.17171513718196,247.68911743164062,1106685
2022-04-20,251.42117811583697,256.1353132168129,234.03776371984569,248.86767578125,1161495
2022-04-21,254.95678174458877,261.43873966479003,216.06506419511953,217.4400177001953,1922610
2022-04-22,214.6900879918286,223.7255321784466,204.8689497485769,206.44032287597656,1209930
2022-04-25,201.92262701203242,221.56490532114572,200.94051309657675,219.60067749023438,1584990
2022-04-26,212.52944984260517,218.8149880270866,179.72685036119404,180.11968994140625,1709920
2022-04-27,180.51252345033046,189.74438738122646,172.6556128756555,175.01268005371094,1382020
2022-04-28,182.08388884629008,183.45885713002653,152.2276359239413,176.5840606689453,2346395
2022-04-29,173.24487718922097,188.3694394745454,158.7881601147159,159.8881378173828,1292790
2022-05-02,159.1024536683322,179.9232655956562,157.72750018653372,179.53042602539062,1576280
2022-05-03,178.15545932093457,188.36945309348658,172.06635600634021,179.1375732421875,1639270
2022-05-04,179.9232683555546,194.06571789008535,157.13822825565802,191.3157958984375,2271970
2022-05-05,183.65529785050646,186.60163952725256,147.51350361858064,156.94180297851562,2040155
2022-05-06,153.01334215454133,153.01334215454133,130.22830363405816,132.97821044921875,3300280
2022-05-09,126.29985631786535,130.22831200444443,98.60423923172203,100.37203979492188,3496630
2022-05-10,114.90733042745954,122.9606616995606,103.71123006670987,115.49659729003906,3591225
2022-05-11,111.96099173504373,117.46082842695013,89.56879039086103,90.35448455810547,4396130
2022-05-12,88.39024712057675,104.69333564645186,86.03317236544122,100.17561340332031,3940550
2022-05-13,106.46114763565262,120.76072353824274,104.6933396288228,116.47870635986328,3322665
2022-05-16,115.30017661196892,126.49627688647199,110.27175060462731,115.69302368164062,2998870
2022-05-17,124.72846914990697,131.40684687321757,119.62147970944685,131.0139923095703,2688905
2022-05-18,120.99642089519325,125.31772324707885,108.03252133247037,111.76455688476562,2985295
2022-05-19,110.78244043456098,122.17495909797508,109.21105234890355,118.63935089111328,2604100
2022-05-20,123.7463521276399,126.69269384496465,106.26472160767253,123.9427719116211,3208025
2022-05-23,128.06763947588956,130.4247216969239,119.8178891669393,122.37138366699219,2713000
2022-05-24,116.67512592113836,119.03219311717439,105.87187379854902,108.62178802490234,2556800
2022-05-25,107.05040457061122,113.33593441095861,101.74698853366392,109.21105194091797,2305195
2022-05-26,109.8003439927597,117.85367548721187,108.4253829468219,113.33595275878906,2346790
2022-05-27,112.8448728755451,126.2998359253898,106.65755317101893,126.10340118408203,3092320
2022-05-31,124.19811718093308,127.67480112613532,108.4253710703202,114.31805419921875,2711240
2022-06-01,118.05007519369566,120.79999681761149,101.74698769088116,107.83609771728516,3046735
2022-06-02,106.65757481733976,114.90733360003158,102.5326991724613,113.33595275878906,2322965
2022-06-03,115.51624029566098,127.26232170967435,115.10374676060191,125.51416015625,3013670
2022-06-06,131.21042123782604,133.76390835134262,112.9430969535931,115.10374450683594,2667590
2022-06-07,111.76456501590934,132.19253716940736,111.56813773979941,131.7996826171875,1995745
2022-06-08,129.54081570582045,143.19220772715462,128.65691920183468,135.33529663085938,2747055
2022-06-09,132.5853671599047,134.35317505254366,118.83577352850719,119.62146759033203,1882010
2022-06-10,112.25561988369363,113.72879070897604,100.37203589873472,102.72911071777344,2501585
2022-06-13,93.10439894596507,95.26504648768736,82.49756603057462,85.64032745361328,2966215
2022-06-14,88.03669464370765,88.97952314474975,80.72976439446269,85.83676147460938,2468115
2022-06-15,88.39024368238262,97.81853484325,86.03316901893233,94.67577362060547,3538505
2022-06-16,86.22959981445014,88.78309434917675,79.74764235092262,87.60455322265625,2784530
2022-06-17,89.56879151891663,107.65933663225763,89.3723717210992,102.33627319335938,3228395
2022-06-21,108.03253041143003,121.19285834195477,107.8361106260376,112.94309997558594,2889310
2022-06-22,108.0325272696847,127.87122473476218,106.8539936057346,121.38927459716797,3763375
2022-06-23,123.9427519521884,144.76356040451168,122.56779869987014,144.17430114746094,3494860
2022-06-24,149.28132148778238,152.22766335925178,132.97822380463722,148.69204711914062,3455380
2022-06-27,147.51348876953125,152.22763797496157,138.08520534453783,147.51348876953125,2486790
2022-06-28,147.3170926374296,150.26343449017818,127.87123341211496,131.99610900878906,2567065
2022-06-29,131.6032608629454,138.37984068915262,124.72846365368707,135.33529663085938,2025915
2022-06-30,128.46049123539808,138.08520971219394,123.35349485249124,132.38894653320312,2654615
2022-07-01,133.37105421598216,145.54925908403027,129.83543861642394,144.76356506347656,2842340
2022-07-05,138.67446558413226,170.10210718896076,136.90665774668722,169.51284790039062,3279235
2022-07-06,169.9057246154198,183.69459879389393,164.99515453982963,169.7093048095703,3878255
2022-07-07,171.86992523518015,190.72650832095198,169.1200034342436,184.6374053955078,2814035
2022-07-08,179.13755804156196,192.9853691505271,176.19121652781348,191.7086181640625,2737705
2022-07-11,186.7980907505595,190.4319097663538,164.798741855585,166.76296997070312,2054550
2022-07-12,167.35220482607184,177.17334395872555,150.0670089441227,173.24488830566406,2502385
2022-07-13,161.26310623040524,187.38734307404417,159.29887834699989,181.49465942382812,2779560
2022-07-14,177.56621693051457,179.92328457244963,164.99515453982963,169.7093048095703,2686460
2022-07-15,177.36978256659398,177.76262214604967,159.49529696984266,175.6019744873047,2285975
2022-07-18,181.49465435876675,190.33367958741576,156.3525321584842,159.2988739013672,2907100
2022-07-19,166.7629371472441,181.2982253353544,160.87025396172925,179.72683715820312,2421400
2022-07-20,182.08390325320528,200.3512270037795,177.95902804735994,187.78016662597656,3195675
2022-07-21,187.7801850556948,192.49433503327546,180.3161279949059,185.61953735351562,1957355
2022-07-22,188.76228125820762,190.53008920678442,161.85236743675134,162.6380615234375,2310645
2022-07-25,164.01302440079752,165.97725223793282,155.17399913368868,163.8166046142578,1785155
2022-07-26,162.2255418451655,176.78047479663795,156.35250582296428,166.56649780273438,2283280
2022-07-27,170.29853536602582,180.9053679288974,162.83447910761103,178.74472045898438,2213585
2022-07-28,181.49465631748635,182.67319003018466,160.2809895454398,172.85205078125,2397530
2022-07-29,171.08423048017326,171.28065025392655,157.5310562890422,164.40585327148438,2246480
2022-08-01,159.88812489221812,168.82535121547014,151.63836022552368,154.58470153808594,2152630
2022-08-02,151.63837239714846,168.53074260043957,150.2634190019355,163.03089904785156,2416975
2022-08-03,173.83416768137337,190.53010469031884,173.83416768137337,181.49465942382812,2538850
2022-08-04,193.4764209959233,213.11869723916425,191.1193538410814,211.74374389648438,2773585
2022-08-05,202.51186402046216,237.6715413107072,193.28000022836017,237.27870178222656,2515510
2022-08-08,246.51059586172514,259.08164214805,234.78415316681873,249.8497772216797,2502790
2022-08-09,236.10019174356657,245.13565223138397,211.7437773433262,224.9040985107422,2118210
2022-08-10,241.79643338204224,247.68911664067463,229.4218075304353,246.3141632080078,1649300
2022-08-11,250.63547100759038,258.0995278563361,218.42213122610517,223.72555541992188,2229090
2022-08-12,229.42182082606237,247.88555078443983,227.85043253834672,244.939208984375,1550975
2022-08-15,239.7536144700905,256.1352653522047,236.29658470684754,253.7781982421875,1402185
2022-08-16,251.42115994343615,252.59970861936614,228.83254010476807,233.9395294189453,1836340
2022-08-17,221.9577383577549,231.09140049973888,208.99383805261726,213.11871337890625,1935270
2022-08-18,213.47227122135672,213.51154918234496,196.71741100955393,207.61886596679688,1980785
2022-08-19,199.369116897583,205.6546397118294,192.29789998508875,196.4227752685547,1927295
2022-08-22,190.3336929015118,199.56555834731225,182.28036123813078,187.58377075195312,1931020
2022-08-23,189.54799613041922,204.08328587749065,183.8517321096368,198.7798614501953,2200625
2022-08-24,198.7798517801331,216.45790237272524,193.0836030223265,211.54733276367188,1893870
2022-08-25,217.83285638350316,221.56489203562742,202.90472876087424,209.77952575683594,1669020
2022-08-26,209.3473972668351,210.1723693255231,176.7804975635241,179.33399963378906,2162230
2022-08-29,171.08421447983986,184.04811315141836,169.11998695427138,172.4591827392578,1843630
2022-08-30,176.58406908747685,179.6679059047471,159.88813402888312,166.9593505859375,2493305
2022-08-31,172.41989928855068,177.3697613175635,167.1557686307968,170.49496459960938,1920440
2022-09-01,166.95937008945464,182.45712689065329,160.4774120798692,181.49465942382812,2209745
2022-09-02,188.76228186841257,188.76228186841257,166.76293728529305,170.2985382080078,2598155
2022-09-06,171.0842358868847,171.67351021263534,154.19188005050043,155.56683349609375,2766170
2022-09-07,155.40969656198283,175.77872763587231,153.79903049360917,175.01268005371094,2177020
2022-09-08,171.31994365767852,191.51220216514687,171.31994365767852,190.9229278564453,2412790
2022-09-09,195.83350015411466,200.54764973861342,189.74439714266015,195.04782104492188,2082545
2022-09-12,197.79772852599763,200.15481081865488,187.9765897712635,199.56553649902344,1981900
2022-09-13,182.86959780451605,186.99447302091434,165.58440285344977,168.923583984375,1941695
2022-09-14,169.9057097117637,176.78050721455182,162.44163785724604,174.2270050048828,1475805
2022-09-15,171.4770795405507,186.01235213652905,170.10211119642594,181.2982177734375,1876275
2022-09-16,173.2448770902372,174.61984547131823,156.5489416455777,163.03089904785156,2284110
2022-09-19,157.53105744071482,160.28097925096935,145.7456910989396,156.35252380371094,2603030
2022-09-20,151.8348296413764,159.88816140426462,149.28132725969144,155.17401123046875,1837955
2022-09-21,157.62929160158635,159.49530214333197,138.47806925746838,139.26376342773438,2950440
2022-09-22,136.86737727251602,137.10308997513152,127.67479167265051,133.56747436523438,2266540
2022-09-23,129.04974247329764,130.42471073311833,117.85365156862498,126.10340118408203,2759200
2022-09-26,124.1391876193135,134.54959255173708,117.85365770955072,118.44292449951172,2579730
2022-09-27,124.43380907678876,131.9960819515137,122.46958157759441,128.067626953125,3820480
2022-09-28,138.04591859703683,150.7741205244292,136.31740363800216,147.7099151611328,3367810
2022-09-29,142.99578794692098,144.70465651940927,127.87122509503143,135.33529663085938,2807290
2022-09-30,135.53171994309625,151.83481688712067,133.96033168853882,137.69236755371094,3585340
2022-10-03,145.15643898229467,148.6920400688953,134.5496057507548,140.8351287841797,3643090
2022-10-04,148.79025006491216,156.941798115147,147.7099188225688,156.35252380371094,2866200
2022-10-05,149.2813062142046,158.02211354424168,141.4243953608254,154.97756958007812,2468495
2022-10-06,151.83480823590008,159.2988645550894,149.08488644004373,154.97756958007812,2418495
2022-10-07,148.69202383892463,149.67413764231478,133.7638970245675,134.54959106445312,2922650
2022-10-10,133.96032968015803,134.3531842308421,124.13919819402312,127.28196716308594,2337810
2022-10-11,125.51414588997721,139.6565785314392,120.21072990296217,130.0318603515625,3461020
2022-10-12,130.81754989996207,134.35316543206918,122.96063981605005,132.58535766601562,2914825
2022-10-13,121.6839101336158,140.83512312803484,120.21073932689633,138.8708953857422,3854755
2022-10-14,143.7814761136644,148.88848063625122,126.79091678768376,127.4783935546875,3142330
2022-10-17,134.35318427954232,143.3886291463875,131.40684258475355,141.2279815673828,2914710
2022-10-18,150.85271361421104,153.20978117642338,139.46018542982128,143.38864135742188,3505515
2022-10-19,139.85300778242302,140.24586231826072,119.81789101661501,121.9785385131836,4283170
2022-10-20,123.54992674989987,131.01398310433058,118.83577721844095,120.40715789794922,3411175
2022-10-21,122.56780450751704,131.0139741457159,117.26438852050198,130.0318603515625,3915410
2022-10-24,132.1925306344329,133.37106426109364,119.42504304996011,128.4604949951172,3340340
2022-10-25,129.83543213677302,142.40649088065211,129.83543213677302,138.2816162109375,3227100
2022-10-26,140.245884856206,157.53108259240744,138.87091623861468,145.35287475585938,3230095
2022-10-27,151.04910295360443,152.99368404958852,138.28162376352898,139.85299682617188,2905860
2022-10-28,141.81722251698287,155.56681530894002,137.69234767656909,154.58470153808594,2566325
2022-10-31,151.8348133629068,155.56683415558655,144.17432202501664,146.1385498046875,2616160
2022-11-01,151.0491257120273,156.35253494954048,147.51350956310563,149.4777374267578,2749265
2022-11-02,148.88848399936782,161.51847026598304,140.04945826028353,140.6387176513672,3383145
2022-11-03,134.74603227149706,146.33497999294445,131.6032705976816,137.8887939453125,2293280
2022-11-04,143.5850442822055,144.96001268679854,124.33561399778391,134.35317993164062,4682905
2022-11-07,134.94243140300298,137.29951353683524,128.2640694884802,129.63902282714844,2732985
2022-11-08,132.1925230440174,140.44227294281487,128.65690738118005,133.1746368408203,3385800
2022-11-09,130.42471660036506,132.78178374342517,119.81788448485973,120.21073150634766,2798250
2022-11-10,136.12097616959593,149.47771461229928,133.56747434223578,147.90634155273438,4143565
2022-11-11,145.25465026636286,160.87027139138922,143.97791409319993,155.95970153808594,3155245
2022-11-14,154.58471310611273,163.03089816185735,151.73658895184917,152.22764587402344,3237370
2022-11-15,162.2452103019421,165.3879717270273,145.15643475025675,151.0491180419922,5362680
2022-11-16,149.37952798518438,152.6204918187759,137.4959439757868,138.47805786132812,3070740
2022-11-17,132.97822391649606,136.7102599540039,127.8712343321605,133.37107849121094,2866535
2022-11-18,139.0673235257669,140.44227688554403,132.7817860582499,135.53170776367188,2063465
2022-11-21,133.96032443115942,135.3549392991063,128.26407603519166,129.83544921875,2291320
2022-11-22,132.58535785559906,135.84598273830093,123.94275375376445,135.72811889648438,2824865
2022-11-23,134.7460545380135,140.63873926987304,131.99613199930462,134.94247436523438,2847475
2022-11-25,134.5496111337701,137.10311339780995,130.2283157486392,135.13888549804688,1226095
2022-11-28,133.37105019246968,139.26373269005273,126.49625394528945,128.067626953125,2905060
2022-11-29,128.8533287825377,133.9603175937064,127.28195567918362,129.63902282714844,3258830
2022-11-30,133.96031542361928,148.29918280141416,131.60324831383772,147.51348876953125,3399470
2022-12-01,148.88847769022559,149.87059161961793,140.835131480513,144.96002197265625,2703275
2022-12-02,139.06732978336865,158.90602693123898,138.4780554678814,157.7274932861328,2814350
2022-12-05,156.35255438227662,157.13824862256365,137.88880717195113,142.79937744140625,2998505
2022-12-06,140.24587224604562,140.4422920349346,128.65692487116388,131.0139923095703,2969075
2022-12-07,133.17464520961724,136.5138263342369,129.63902932459908,132.97821044921875,3258000
2022-12-08,136.1209994479284,139.067341297573,128.6569274344809,135.13888549804688,3372880
2022-12-09,132.97821684867998,134.3531853082976,125.12131309534989,125.51416015625,3587455
2022-12-12,125.31772786426393,135.1388740219983,122.17496648870153,134.35317993164062,3612475
2022-12-13,145.745696507871,146.72781040613393,133.01750877847,141.2279815673828,4053255
2022-12-14,140.44228168356008,147.88670652495088,136.41560887171212,142.40650939941406,2909665
2022-12-15,136.55309534530636,139.28338548005064,128.65690703409464,130.0318603515625,2929165
2022-12-16,126.29986578990096,132.58538936547149,123.15709650918055,130.8175811767578,3292690
2022-12-19,136.0424183603364,137.2995229233085,120.60358702385004,123.1570816040039,2780420
2022-12-20,121.19284556578461,131.21041091636994,120.40715152117386,129.63902282714844,1980195
2022-12-21,131.9961167540309,142.21011143441586,127.87124091531815,138.08523559570312,3093525
2022-12-22,134.5496133920083,139.65660301993245,129.3444063730997,139.26376342773438,3004320
2022-12-23,138.4780563452191,140.44228409479666,126.69268984775364,129.44261169433594,2420320
2022-12-27,129.04975029275872,130.03186411533943,118.05007847702825,118.24650573730469,2756510
2022-12-28,118.63936787134143,124.23741437568039,116.28229289843327,119.81790161132812,2574555
2022-12-29,122.58746292449564,139.65660067598017,120.21074896408668,135.13888549804688,5100725
2022-12-30,131.99609828771796,139.06733014866617,128.26407756605667,138.8708953857422,2428605
2023-01-03,142.99577570615313,143.97788950911882,128.65690818850695,131.40682983398438,2564375
2023-01-04,134.15677379981022,141.03157156436538,132.58538545927823,139.26376342773438,2648905
2023-01-05,136.51381118515428,138.08519917875446,131.79966219022023,136.1209716796875,2023430
2023-01-06,137.4959439757868,142.79935296336257,129.0497585657839,138.47805786132812,3292460
2023-01-09,141.4244010322203,142.21009514623972,129.83545406157293,130.4247283935547,3454965
2023-01-10,129.63904417323627,141.03157223129287,129.46227085167214,140.6387176513672,3349970
2023-01-11,141.42437965695788,144.76356040451168,134.74600317598382,144.17430114746094,2184950
2023-01-12,145.80462615425472,162.6380566424295,139.4601642030658,162.0487823486328,2869200
2023-01-13,158.12034391418146,171.86993903715376,153.60261380799994,161.6559600830078,4137335
2023-01-17,161.6559526584831,162.63806655073182,153.79904152049355,156.94180297851562,2234745
2023-01-18,160.08458812695392,167.90222245994298,150.45986756141073,150.85272216796875,2561410
2023-01-19,148.69204364402918,151.44196565697226,142.66186468745582,146.33497619628906,2605965
2023-01-20,149.281303458675,155.09541558455084,144.76357380702584,153.99545288085938,2441195
2023-01-23,154.97757415621172,159.69172380461094,149.87058494789116,155.56683349609375,2588050
2023-01-24,153.99545188635275,167.74504553717233,150.85269062048184,165.19154357910156,2362950
2023-01-25,160.6738559977111,164.99515159269546,154.78117201225768,164.20945739746094,2092505
2023-01-26,169.31643067537487,170.88781891259686,157.72749862287085,162.83448791503906,2017590
2023-01-27,162.34345466800715,170.49500424030487,161.85239764540935,167.1558074951172,2161430
2023-01-30,163.62016021863698,164.99511350348595,151.2455207115288,154.58470153808594,2071470
2023-01-31,156.54894436543114,165.38796916617147,156.35252458925504,164.0130157470703,1728240
2023-02-01,164.0129869540915,174.22696338083836,157.53103057712843,168.5307159423828,2447775
2023-02-02,174.42344574999498,184.63742496656334,169.9057155277418,180.70896911621094,2242440
2023-02-03,172.85204799107143,181.10179883266133,169.12001213954497,171.86993408203125,1994435
2023-02-06,168.72715268830328,173.83414141635612,164.01300348322866,168.13787841796875,1740805
2023-02-07,167.94146268145082,171.67349818265657,159.1024383297955,170.49496459960938,2431605
2023-02-08,169.11999683829012,170.00390826797513,152.42406189518394,153.01333618164062,2587280
2023-02-09,157.53106494343538,159.29887297607056,146.33497237986072,147.12066650390625,1883525
2023-02-10,145.74567415212945,147.31706214266447,139.65657191407263,144.17430114746094,2307575
2023-02-13,145.33319285373133,148.69202018037814,138.28162311210914,144.76356506347656,1984170
2023-02-14,142.60292734738135,151.04911241172286,138.87089173788468,145.94212341308594,2263065
2023-02-15,143.19222748971725,147.12068358004765,140.24588542196943,146.7278289794922,2043540
2023-02-16,143.58503722200672,146.92423319536866,139.06732264985948,140.44227600097656,2072435
2023-02-17,140.44227981180828,151.44195187681825,137.4959382772948,149.0848846435547,1964930
2023-02-21,144.7635768848293,146.5313848289671,129.2461898946162,129.83544921875,2341015
2023-02-22,130.62115641168572,135.13888661275357,129.63904245370313,133.37107849121094,1538055
2023-02-23,135.72812754199032,136.71024136644158,126.69268335421229,132.38894653320312,1989055
2023-02-24,127.08553052577352,128.20513975348666,122.37138838091137,122.96065521240234,2006285
2023-02-27,126.88912029956373,129.835462171779,124.33562550889746,125.71058654785156,1518450
2023-02-28,125.90701235335423,131.01400217851045,124.61062216740318,129.04977416992188,1402310
2023-03-01,129.34439228903773,132.97821057173488,127.08552741518766,129.83544921875,1423905
2023-03-02,126.4962595980466,128.65690694654026,123.74633797911505,126.88909912109375,1315895
2023-03-03,127.67481361910563,134.94245086153765,124.92489155936637,131.99610900878906,1599705
2023-03-06,133.9603337488368,133.9603337488368,122.37139389731328,124.92488861083984,2036895
2023-03-07,125.51416296182913,129.75688733699644,123.1570880366759,124.92488861083984,1723800
2023-03-08,123.74634941800248,124.72846330227235,118.24651316467812,121.38927459716797,2114335
2023-03-09,121.97853570674488,123.35349657880579,107.8361024310725,109.99674987792969,3083780
2023-03-10,109.21106545097958,109.21106545097958,89.7652142338497,97.22927856445312,4910375
2023-03-13,94.87218924426249,108.5235722265511,94.6757694862747,105.08617401123047,2781965
2023-03-14,111.3717107499906,113.72878546024731,105.28260045741627,109.99674987792969,2728295
2023-03-15,105.08618634994941,108.42537507834776,101.5505778405006,105.67545318603516,2098570
2023-03-16,103.71121426723312,109.40747722124134,97.62211179330727,106.46113586425781,2490520
2023-03-17,103.51480502926594,103.71122480919028,96.24716077805076,99.58634948730469,2519735
2023-03-20,101.15773303571741,101.74699988491139,96.36501983788936,100.56846618652344,2416030
2023-03-21,101.94342840111561,102.72911504526961,96.83643149590883,97.22927856445312,2841560
2023-03-22,97.0328566366495,97.81854326347569,86.62244326802622,86.8188705444336,2615250
2023-03-23,89.56878292227255,92.90797161522472,84.4617937398287,88.78309631347656,2308915
2023-03-24,87.40813812642942,91.1401739874283,83.67610226543054,89.76521301269531,2161470
2023-03-27,91.53300761222066,94.87219619312441,89.96162695442301,92.51512145996094,2291095
2023-03-28,92.90796074695014,94.87218827856826,90.35446645443326,90.94373321533203,1724060
2023-03-29,93.30081457632787,97.81853673091064,91.04194975256951,97.42568969726562,2065585
2023-03-30,98.60423806035186,99.1935049077516,88.97951874539622,91.33659362792969,2533525
2023-03-31,93.30082656956151,98.01497659340805,92.02407541933039,96.44358825683594,1909505
2023-04-03,96.44357957431528,101.74699600045855,95.85431274761808,99.78276824951172,1946560
2023-04-04,100.5684677625681,100.96131483249872,90.94374826747418,94.08651733398438,1945860
2023-04-05,92.90797335917883,96.44358189746252,91.14017283650419,93.10440063476562,1685020
2023-04-06,92.71154694448688,98.30959277190688,90.94373905533642,97.62211608886719,1889965
2023-04-10,96.6400021457371,97.03284917540985,92.51511957357403,94.4793472290039,1654785
2023-04-11,95.657894907824,99.19350343257649,95.06862806918765,97.81854248046875,1479210
2023-04-12,100.56846054362124,101.15772735975142,93.4972362712568,93.89008331298828,1993130
2023-04-13,95.26504915559856,108.81822409449668,94.47935503136829,106.85399627685547,2873840
2023-04-14,105.87188464965065,106.85399857963652,98.40781278741032,101.74700164794922,2021760
2023-04-17,106.06830419288974,116.8715573977211,105.87188440452121,115.69302368164062,2540620
2023-04-18,118.0500853601729,118.44293241069768,110.38960159314391,113.72879028320312,1827665
2023-04-19,110.97886644962297,119.62147143579381,110.38959963077816,117.26439666748047,1686585
2023-04-20,114.51446608491034,114.90731309836326,109.80032440227609,111.17527770996094,1731635
2023-04-21,111.17528348659107,118.8357744216919,110.58601668226038,117.8536605834961,1749170
2023-04-24,117.85366153689117,118.44292834598882,110.58601757686274,114.51447296142578,1605930
2023-04-25,114.12162095791848,117.6572366445058,107.05040457061122,109.21105194091797,1926525
2023-04-26,108.42536431438337,110.97885867921217,103.12194833024138,106.26470947265625,1680535
2023-04-27,106.85397284358028,107.0503925850954,101.55055740041101,103.7112045288086,1635345
2023-04-28,103.1219557329386,112.35382755428374,100.76488096045603,109.40748596191406,1759890
2023-05-01,109.9967579531978,119.81789705616188,108.42537719531045,117.6572494506836,1791435
2023-05-02,116.28229338819897,117.46082713314948,106.46115387049525,107.44326782226562,1718110
2023-05-03,112.74667515372293,126.49626931915577,112.3538281075523,121.78211975097656,2792390
2023-05-04,120.60358511164534,126.88910782684707,116.0858553573097,125.12130737304688,1621405
2023-05-05,128.85335318615824,133.9603429645431,127.47839958708664,130.8175811767578,1483525
2023-05-08,131.79969637911998,132.19255097235995,125.3177454493647,129.04977416992188,1147105
2023-05-09,126.49625813130714,136.71023547077237,124.33560331493294,133.56747436523438,1054080
2023-05-10,141.03156280346397,142.99579061417592,135.531718939123,139.46017456054688,1602885
2023-05-11,137.4959676800467,140.24589003082187,131.60328335090185,133.76393127441406,1284110
2023-05-12,135.53172238336347,135.53172238336347,127.28197136307168,131.0139923095703,1053890
2023-05-15,131.99608655535621,144.3707262262377,131.2104075169683,139.85299682617188,1531715
2023-05-16,131.79966219876758,132.3889364428725,124.92486595158735,128.067626953125,1841230
2023-05-17,129.63904737957213,131.0140009786437,122.17498251388076,130.8175811767578,1432215
2023-05-18,129.2461772146054,129.63901672548747,119.42503209095331,126.10340118408203,1930865
2023-05-19,129.4426030624626,132.58536425503817,126.88910116394453,129.63902282714844,1284130
2023-05-22,131.01396561585344,140.44226342022932,131.01396561585344,138.2816162109375,1462550
2023-05-23,138.67445570867557,149.28128699213187,137.8887617273332,138.2816162109375,2004320
2023-05-24,134.74602354185836,135.72813743791545,127.08553215543932,130.4247283935547,1703425
2023-05-25,129.93366684841115,130.42472377906586,116.28228267762326,120.40715789794922,2611160
2023-05-26,120.99642658007815,124.13919548044264,118.05008495076196,123.1570816040039,1400020
2023-05-30,124.33561341043549,129.2461902125727,116.08585547238746,118.83577728271484,1625055
2023-05-31,119.22862150865417,128.4604930903928,117.46081360194087,122.56781005859375,1586535
2023-06-01,122.96064013942538,128.46048320697457,118.050071324066,126.10340118408203,1450005
2023-06-02,129.63904152093804,132.3889635806773,124.92489155936637,131.99610900878906,1793080
2023-06-05,130.03188204254826,135.92456579044386,129.04976808456567,133.37107849121094,1277355
2023-06-06,134.13712096276063,140.6387103162699,131.21042567783985,139.0673370361328,1279560
2023-06-07,140.04946032702662,143.38864188338758,134.7460358137902,140.24588012695312,1424975
2023-06-08,140.44227600097656,142.60292340381807,136.12098119529355,140.44227600097656,1054245
2023-06-09,141.4244101945235,143.3886381138919,135.72814623118123,137.8887939453125,1112845
2023-06-12,141.42439068926404,149.28130128311204,138.08520968122573,141.81723022460938,1674690
2023-06-13,143.97791475119118,152.81694052753215,143.38864037175378,149.67416381835938,1531385
2023-06-14,150.08667690884428,152.42409816671253,137.75131180384125,142.79937744140625,2245825
2023-06-15,140.83512877114688,145.94213309443464,138.08522181044611,143.9779052734375,1071385
2023-06-16,146.92423721483956,148.1027708317341,136.02276754036225,136.51382446289062,1312870
2023-06-20,135.13888414273194,139.0673399028594,131.406848173437,136.90667724609375,987960
2023-06-21,134.7235565185547,137.28035994363188,129.01992849701247,134.7235565185547,1236270
2023-06-22,133.34681420421646,136.1002761157008,130.39666358027574,132.5601043701172,887140
2023-06-23,129.01993449899985,129.60997070307937,124.29969738471762,125.2830810546875,1359135
2023-06-26,123.51299213788799,123.90634712133733,115.64592247939039,116.43263244628906,1706140
2023-06-27,116.43262528501204,117.2193277009017,111.51570705086982,115.4492416381836,1656970
2023-06-28,115.84259478049557,119.77612930611348,113.08911761151437,119.38277435302734,1377725
2023-06-29,118.5960733075305,119.42211952099,113.48248104322381,114.072509765625,1383685
2023-06-30,116.82598742973839,119.38278356822566,114.26918378862885,116.43263244628906,1474940
2023-07-03,116.23593496845271,117.41599975397978,113.28578425856689,115.05587768554688,918260
2023-07-05,114.26918867951133,117.4160211791726,112.69577618099198,115.64592742919922,1394680
2023-07-06,112.49909948810819,112.69577323179277,106.2054421561105,110.13897705078125,1904315
2023-07-07,109.94230330709668,114.26918568913659,108.958919583429,110.13897705078125,1280780
2023-07-10,109.94228724672504,120.56282540931421,108.76222244913427,119.776123046875,1906240
2023-07-11,119.38277790708455,119.38277790708455,115.25256203065511,118.20271301269531,1477420
2023-07-12,123.51298307540397,124.49636671056263,119.38277480878627,121.7428970336914,1775160
2023-07-13,123.51298307540397,124.88972166515045,120.95618712451578,121.7428970336914,1287185
2023-07-14,122.52960627816678,123.11963499166494,115.64592044790322,120.36616516113281,1413070
2023-07-17,122.92295694351196,130.59335245783586,121.93957328796387,125.87310791015625,1842345
2023-07-18,126.85649342611491,130.19999190191493,124.49637111766279,125.2830810546875,1299430
2023-07-19,126.65981783564348,130.19998999247036,125.47975294741263,125.87310791015625,1338030
2023-07-20,124.10300479684393,125.67642452696498,118.65506636586761,119.776123046875,1378525
2023-07-21,121.54622463350644,125.28308571958219,118.79275475663897,122.1362533569336,1263755
2023-07-24,122.92296539661646,123.70967537620376,114.07251188806008,115.84260559082031,1867775
2023-07-25,115.05589925273155,117.61269551337884,114.0725154984347,114.66254425048828,998420
2023-07-26,114.072509765625,115.25256721042739,112.30241609579916,114.072509765625,1110700
2023-07-27,115.44923362540793,115.8425885573628,107.1888100648409,108.76222229003906,1764195
2023-07-28,111.31903266669225,117.61268989401479,110.72900394282938,116.43263244628906,1641525
2023-07-31,117.12098327491829,119.38276851764203,115.44923418429383,118.79273986816406,1029095
2023-08-01,116.43263800927167,116.62931175908199,111.71239298759774,114.66254425048828,1574060
2023-08-02,112.10574176447317,113.48248044456132,107.18882326603136,109.35226440429688,1501130
2023-08-03,107.58217859844156,110.33564846500504,105.81208493216185,106.0087661743164,1369120
2023-08-04,107.48383710794552,109.54894129474486,105.41872541852426,105.81208038330078,1454100
2023-08-07,104.82870694287465,105.22206194600105,95.38822438095421,96.17493438720703,2576565
2023-08-08,95.1915347097439,99.32174279522965,94.6014985524276,98.14168548583984,1630305
2023-08-09,99.12507989439308,101.68187601214935,96.17492879637689,97.94501495361328,1353770
2023-08-10,98.73171904633593,104.23866593482099,97.94500913257158,100.698486328125,1844195
2023-08-11,99.32175393198051,102.6455881447998,98.33837022968368,100.30513763427734,1088685
2023-08-14,98.33836097551254,101.87854047010669,94.20815281558963,100.89515686035156,1874830
2023-08-15,100.10846389486687,102.07523129946054,97.35498652738683,100.30513763427734,1765665
2023-08-16,99.12507259924082,99.7151012748962,92.43806093482205,93.61811828613281,2258645
2023-08-17,93.81481612052782,94.01148987968828,89.09457087444702,89.29125213623047,1726075
2023-08-18,87.1277947999099,93.22477827510284,85.75105611179394,91.25801086425781,1575300
2023-08-21,91.2580031510987,96.37159498604423,88.8978809570386,94.60150146484375,1310245
2023-08-22,94.99485641429071,96.76494993549119,91.84803182395832,94.60150146484375,1132315
2023-08-23,96.17493438720703,99.51843315722482,95.58489813120609,96.17493438720703,1211360
2023-08-24,96.17493206031284,96.37160580580631,91.2580133967513,92.04471588134766,1111305
2023-08-25,92.43807367252086,96.76496372792936,90.07795114205962,95.1915512084961,1413705
2023-08-28,96.76496314058531,99.32175940697294,94.20816687419766,96.17493438720703,1180605
2023-08-29,95.58489440440205,98.73172680409732,93.81480821328194,97.35498809814453,1072130
2023-08-30,97.1583181809406,99.32175944503082,96.1749344240591,98.53504943847656,1002395
2023-08-31,99.12508822626214,100.50181951895848,96.76496564894678,96.96163940429688,975225
2023-09-01,99.12507561446603,104.04199389886172,98.73172065118999,103.45195770263672,1399320
2023-09-05,102.66524850866266,104.33699761406845,97.55164932852354,98.14168548583984,1223500
2023-09-06,98.53504501836025,100.30513870239258,95.19154639704503,98.33837127685547,949035
2023-09-07,96.76494680750096,97.35497546128751,93.22476738216024,94.79817962646484,1091440
2023-09-08,94.99486284996007,96.37160151498428,92.83142173536642,94.20816040039062,1124030
2023-09-11,95.19154666215533,96.37160411971516,93.48045359528456,94.99486541748047,1013105
2023-09-12,94.40484366502673,98.53505257432249,94.20816990844042,95.97825622558594,976805
2023-09-13,96.76495561868806,100.30513536638914,92.8314208984375,92.8314208984375,1242690
2023-09-14,94.01147693978064,94.79818687338427,91.06132594269992,92.43806457519531,987845
2023-09-15,92.24139747510034,93.02809996264455,87.32447879311466,88.70121002197266,1506710
2023-09-18,88.50452267337535,89.68457997463848,83.58760474707671,84.76766204833984,1802675
2023-09-19,85.00379180908203,85.59409440722122,83.23287650855968,85.00379180908203,974590
2023-09-20,85.57441789303378,85.59409139296687,79.10074802989374,79.4942855834961,1535840
2023-09-21,77.13307656757303,78.11691681076628,74.37832088418973,77.32984161376953,1904040
2023-09-22,77.72338686491314,78.70722720497533,74.37832820748046,74.77186584472656,1312320
2023-09-25,73.49286377596857,73.59125380599134,70.6397330518383,71.62357330322266,1611625
2023-09-26,73.25674224812572,79.29752062875455,73.19771423658314,75.3621597290039,1857590
2023-09-27,76.9363087702358,80.08460224669432,74.96862816223891,77.52661895751953,1716960
2023-09-28,77.86110383219953,77.86110383219953,73.39446893949832,77.13306427001953,1549180
2023-09-29,78.7072160658635,79.88782130440944,73.98478009946967,74.96862030029297,1456625
2023-10-02,74.18155342645652,74.37831846625647,66.70436932248138,67.6882095336914,2236080
2023-10-03,66.66502170745227,67.88498159380521,64.53992302854145,66.70437622070312,1802050
2023-10-04,67.09789408211222,67.49143163661498,62.965768525094695,64.9334487915039,2122900
2023-10-05,64.3431496269698,72.01709856949707,64.14637708622504,71.42679595947266,2218505
2023-10-06,69.45912024651383,72.8041786024417,68.27851494729478,71.62357330322266,1724305
2023-10-09,69.45911300035135,70.44295314909883,66.11405499338898,70.0494155883789,1214330
2023-10-10,68.27850858715351,72.21386922611215,67.68820599253065,71.03325653076172,1307845
2023-10-11,71.23003049292019,73.39447588525363,66.70436716870172,68.86881256103516,1582575
2023-10-12,68.47527875981181,68.67205131020211,60.60455689072758,61.391632080078125,2611480
2023-10-13,62.17870490745762,63.752851568323365,60.4077931979048,63.35931396484375,1928745
2023-10-16,63.359310642227214,66.90113387559661,60.99809265127926,65.13021850585938,1674520
2023-10-17,63.55607568059576,68.47527670086022,63.26092812304294,65.13021850585938,1567335
2023-10-18,64.34314796285322,64.5399129924041,59.62071219258511,60.40778732299805,1785875
2023-10-19,60.40778898072195,60.60455401567249,56.07889065686572,56.669193267822266,2354905
2023-10-20,56.66919249905536,58.636872846287176,55.09504972249088,55.68535232543945,1551455
2023-10-23,54.701519824406176,55.09505745027216,52.143536515436146,52.34030532836914,2028495
2023-10-24,53.520908719217175,56.86596316851041,53.520908719217175,56.07889175415039,1547535
2023-10-25,54.307985951593146,54.701519824406176,52.143536515436146,52.34030532836914,1447810
2023-10-26,52.53707273028449,54.89828716290507,51.35646363744778,53.71767807006836,1609230
2023-10-27,54.111212041646034,54.2095945623189,48.404939522410245,48.7984733581543,2479550
2023-10-30,49.97908095158993,52.53706769999073,49.78231216278179,50.962921142578125,1611285
2023-10-31,49.38877524689161,53.91443834094747,47.61786376456768,53.520904541015625,1664435
2023-11-01,54.111210282940604,57.06273084382828,53.12737009597805,56.669193267822266,1957900
2023-11-02,58.83364214669071,59.81748232891983,57.65303317740528,58.24333953857422,1935745
2023-11-03,61.5687171005571,68.27850648295606,60.99808802402853,66.5075912475586,3064340
2023-11-06,67.68820864198022,68.08173871639583,61.78516369943309,62.572235107421875,2194680
2023-11-07,62.67061699465267,66.90112880054743,61.39162557701736,66.5075912475586,2265290
2023-11-08,66.60598297743783,66.90113805955455,60.01425620048277,60.99809646606445,2783415
2023-11-09,62.08031066442335,62.375465705687546,52.73382943504743,53.520904541015625,3100015
2023-11-10,54.50474650436773,54.701511534428164,50.569385854321034,53.9144401550293,2001660
2023-11-13,52.73383562282529,54.898284912109375,49.19201224258057,54.898284912109375,2289135
2023-11-14,60.99808934446375,63.94960979661522,60.60455178295595,63.55607223510742,3337970
2023-11-15,63.752844689359286,70.14780566104082,63.06415208105386,64.34314727783203,3272395
2023-11-16,64.34314968929459,65.32698987565657,59.42394875748468,61.58839416503906,2730240
2023-11-17,63.12319314863096,68.67205147952892,62.3754724675148,68.08174133300781,2773015
2023-11-20,68.67205187731902,73.39448053410578,67.4914390835433,70.63973236083984,2734365
2023-11-21,68.86881211122208,70.44295488682904,66.11405662433127,66.31082916259766,2306140
2023-11-22,68.67205147952892,70.04942180513065,66.31083341176046,68.08174133300781,1957940
2023-11-24,68.37689215115365,73.00093797044441,68.0817370962607,70.44295501708984,1324000
2023-11-27,70.04941667186507,70.04941667186507,65.72052595530295,69.45911407470703,1881990
2023-11-28,68.86881256103516,69.06557759448187,66.1140570561518,68.86881256103516,2143330
2023-11-29,70.63973124004252,75.3621598219014,69.87232955851678,71.23003387451172,2483990
2023-11-30,75.8540787228539,80.67489725517697,74.96862103224679,75.95246124267578,3034365
2023-12-01,75.36215902705278,82.83934316571269,72.0171007922008,82.642578125,2853955
2023-12-04,81.35276915100805,87.59129601573841,80.37974520159734,86.79438781738281,2778900
2023-12-05,84.73815303982491,87.85693215329103,82.54419361495262,85.7810287475586,1944000
2023-12-06,87.80772938856815,91.78244431428459,85.10216909928454,88.1717529296875,2455100
2023-12-07,89.60818407418643,92.31374513314539,88.2209655282982,91.2905502319336,1401100
2023-12-08,90.51330598986254,93.40579882236196,86.97148247408906,87.19776153564453,2436100
2023-12-11,86.97147103836399,86.97147103836399,81.21600764374458,85.5940933227539,2758400
2023-12-12,86.03682278304986,90.1492751334182,82.18017098726946,89.53929901123047,1726000
2023-12-13,89.72622269190356,102.89000929175751,89.36220662402448,102.52598571777344,4056800
2023-12-14,107.57211154495106,109.37352439604284,102.95888894000174,108.04534149169922,3172000
2023-12-15,108.92094704444683,112.9153358326064,104.95607226114875,108.94062805175781,2555300
2023-12-18,107.97646265118789,108.8815938396005,102.12359972538245,103.67707824707031,2400100
2023-12-19,106.71714989598325,112.53164169473064,106.2153892819252,111.84295654296875,1849200
2023-12-20,109.59981591338432,110.8001023350331,96.45570830619477,96.76069641113281,2823600
2023-12-21,102.1143731505049,105.4764508508356,100.39883012003676,103.54399108886719,1855300
2023-12-22,108.83851154328015,116.65705882587052,108.31596168751996,114.3893814086914,2754800
2023-12-26,118.12611590845763,123.16429750173803,116.46972733639056,121.61636352539062,2307100
2023-12-27,124.99815019294586,127.85738568846295,121.83326652404291,127.51231384277344,2957500
2023-12-28,127.14753436426557,131.92936086466645,123.47980849206846,127.06865692138672,2887200
2023-12-29,126.98977705568971,126.98977705568971,120.1670288201782,120.25576782226562,2522500
2024-01-02,116.4598860002066,130.09550664580013,115.04998362424469,123.97278594970703,3157400
2024-01-03,121.2614272726719,122.15962663543215,113.38372533190532,115.69083404541016,4169100
2024-01-04,117.17962005060564,123.0460002328372,115.36153482083945,120.36422729492188,2196500
2024-01-05,117.2289059519762,120.73886906072197,110.43574295708363,119.85151672363281,3436300
2024-01-08,116.52890559499762,136.64218856138447,112.7823095400689,136.3365478515625,5003600
2024-01-09,132.1166883263118,140.1915838482745,130.1546514941625,136.94781494140625,4344300
2024-01-10,137.14501075496494,140.05354666755656,128.07430106613754,132.2547149658203,3531400
2024-01-11,128.2715058813962,128.6560239955862,118.38246694453996,123.45022583007812,4718700
2024-01-12,126.48692560542615,132.21528087441274,122.26708812393105,122.98682403564453,3102200
2024-01-16,118.80642326363413,119.36841185287419,114.1428981112502,117.48526000976562,4018600
2024-01-17,113.25554280064199,115.12883291049747,109.88360405413711,114.57670593261719,2910600
2024-01-18,116.2331060634366,116.70636317927442,105.90040217633852,109.60755157470703,3455900
2024-01-19,110.44560520550135,111.21464896959456,105.37784623069543,109.33148956298828,3194400
2024-01-22,111.5301406537298,117.33735816104834,110.42587915420793,116.61761474609375,4086200
2024-01-23,120.33463784205567,121.82340996479408,111.64845384225991,117.3570785522461,4359200
2024-01-24,121.27128964889071,121.76426237104067,111.23436472503082,111.5301513671875,3496100
2024-01-25,115.04010619640671,118.24442865235838,112.62454304617118,114.31050872802734,3255900
2024-01-26,116.34155799792109,118.96417639054803,112.11185130025194,112.92032623291016,2697000
2024-01-29,113.11752291352607,123.4699499669525,109.4399431362222,123.05584716796875,3115400
2024-01-30,121.2712829127068,121.2712829127068,112.38791284679706,114.7147445678711,3410600
2024-01-31,114.10347016318684,120.08815873986295,109.6174153597714,110.01179504394531,3308800
2024-02-01,111.95411428448396,117.71203238101768,108.6314752489051,115.01054382324219,3026200
2024-02-02,111.41182056264873,112.80200706703464,106.44265527383176,111.20477294921875,4054500
2024-02-05,108.2173656131616,114.14289185424276,105.1707905169004,112.55552673339844,3427100
2024-02-06,111.36253622653905,118.07682989577908,108.52301602174384,117.91907501220703,2645800
2024-02-07,117.5148388803313,117.5148388803313,111.22450218679853,111.29351806640625,3058900
2024-02-08,112.24988656847539,117.51483911688688,111.05689349161656,115.50350952148438,2847700
2024-02-09,117.26834511480634,123.6375513240669,116.1443679909466,122.42483520507812,2925200
2024-02-12,123.01640776500325,131.30820490452012,121.27128766686751,130.86453247070312,2932800
2024-02-13,118.34302558128209,119.4177099826484,108.87795121189755,112.17100524902344,4126800
2024-02-14,117.14018015143341,122.50372597337736,114.80349417642995,121.57693481445312,2616600
2024-02-15,124.8009729078351,131.39695016621476,123.38120909777433,129.50393676757812,2522400
2024-02-16,126.65457153623898,133.39843546436893,124.83549327704048,129.22789001464844,2188100
2024-02-20,126.81229967741965,131.99838240193574,122.83894069513852,125.77706146240234,1866500
2024-02-21,124.24883879993423,127.8564172521174,121.47833457055538,126.3488998413086,1992400
2024-02-22,127.18696424341678,136.35626002332054,125.22493488571344,132.93502807617188,2485500
2024-02-23,133.83224217544475,138.6239377135014,132.38290114549136,135.32101440429688,2644600
2024-02-26,134.83787980883724,147.1523425694715,134.19702135306818,146.35372924804688,2631900
2024-02-27,157.45547512616096,172.93481467659268,153.26520723590505,171.6728057861328,5314900
2024-02-28,168.03466373357614,174.50247805751297,162.51337863738513,164.1401824951172,3231300
2024-02-29,171.06154088200717,172.39257329853453,149.15383109979646,149.41017150878906,4227800
2024-03-01,152.6243468464891,169.5333039864772,152.6243468464891,163.7162322998047,2978800
2024-03-04,172.4319976622453,172.5404522625837,156.33150679722246,159.82176208496094,2880600
2024-03-05,156.53855850942014,163.40073020619818,150.17921356076525,153.7779083251953,2809400
2024-03-06,159.23019477564569,160.45277258492982,153.02860433546965,156.7061767578125,2391100
2024-03-07,156.86390305148194,158.5005608137425,150.1200257742273,150.30735778808594,2003400
2024-03-08,156.1244627726589,162.42465338442503,146.25316871418235,151.0172576904297,3229400
2024-03-11,149.8834107759111,154.02240727645403,139.59999333269496,141.00990295410156,1858600
2024-03-12,140.07330114778907,141.6310819849602,134.9365178593355,138.10140991210938,5326200
2024-03-13,138.55491211463413,143.84943433751158,137.0168396282787,141.58177185058594,2634800
2024-03-14,140.00426788385613,141.58178677915478,123.88405967067663,130.16453552246094,3238800
2024-03-15,128.83347017955182,135.37029231416102,127.37525323364706,131.09129333496094,2186800
2024-03-18,131.5941334201156,133.47729274015572,123.44036076961876,123.69670867919922,1911300
2024-03-19,122.12801274658773,130.4403446767159,120.61757937981805,127.26152038574219,2628800
2024-03-20,125.61290624474435,134.36948312389478,122.0095794044352,132.9281463623047,2990700
2024-03-21,137.48906095716958,142.35601035564045,132.59248133118834,132.7701873779297,3401400
2024-03-22,132.72081909542746,133.40199796732756,125.60301958046873,125.81033325195312,2197000
2024-03-25,124.7935121804948,129.39392517726233,121.46660397212217,122.55253601074219,2059900
2024-03-26,126.60997973351708,129.20635294920473,122.23761553525598,122.38471221923828,2249200
2024-03-27,125.2871104482398,130.80562331862953,121.14081447300306,130.73651123046875,2742000
2024-03-28,132.03963930876492,134.75447301417876,127.24178713955969,131.02281188964844,2427500
2024-04-01,128.76209797586287,128.76209797586287,120.34118547219367,126.25458526611328,2969200
2024-04-02,119.08642352970519,119.1594822971014,112.29539267710726,113.58863830566406,3330500
2024-04-03,111.15022449118808,116.12577517435416,109.6299242421776,115.10894775390625,2223700
2024-04-04,117.62634008717589,120.21283133966742,108.08986621851338,108.91912841796875,2851400
2024-04-05,106.96445251861935,114.67458579841144,103.1044562945381,111.39703369140625,2791200
2024-04-08,112.39412025059482,112.79888091392307,108.85989836487059,112.0584716796875,1589400
2024-04-09,113.27272979967242,117.03401353881584,111.98441753098845,116.57002258300781,2975600
2024-04-10,106.61893209722338,110.4690617071007,105.13811359587305,109.89647674560547,3332600
2024-04-11,114.12174721555756,116.17515073030467,109.72865522991202,114.92139434814453,2305900
2024-04-12,113.27272892849547,113.85518805955085,99.83676990326175,103.01559448242188,3137200
2024-04-15,103.44997340412985,103.99293562684936,94.38341789591145,96.50987243652344,2201300
2024-04-16,94.59467591256522,97.04296556564773,92.58076205240823,94.24915313720703,1970000
2024-04-17,95.75958974384486,96.27293680784707,90.62608897649518,90.84326934814453,2191900
2024-04-18,89.79682733748777,91.71202155493141,86.73647080132938,86.91416931152344,2605800
2024-04-19,85.77888554490274,89.8067139779494,80.08267326366487,84.94963073730469,2781000
2024-04-22,86.65749299878306,90.8531452016365,83.79951675343369,87.6940689086914,2159600
2024-04-23,89.59938706593391,95.69048491877047,89.20450065451236,90.80378723144531,2764500
2024-04-24,92.12665300172111,93.08425015306271,87.5459884593267,88.25678253173828,1756500
2024-04-25,83.37006711991978,84.40664294069595,79.38173646745871,82.64940643310547,3073500
2024-04-26,83.7254752551998,87.60522001143086,80.95141101947488,86.39095306396484,2246800
2024-04-29,89.64874403514506,95.51278734264729,89.25386515170042,92.90654754638672,2902800
2024-04-30,90.19170150409454,93.61732882705495,88.54305904175162,89.70796966552734,1559500
2024-05-01,90.44839697497427,105.45402147594379,90.14235602903561,98.53366088867188,2842200
2024-05-02,102.34430121170854,103.84486818239867,96.92450758823787,101.6729965209961,2318300
2024-05-03,109.8964664006785,113.2135001340062,106.55969173653068,107.59626007080078,2464100
2024-05-06,109.14617775940299,110.86393239989647,105.9574865905808,109.19554138183594,1778800
2024-05-07,110.23212951959624,110.93304935186868,105.55372444404524,108.84015655517578,1589400
2024-05-08,105.78966665809227,106.7571304300198,101.09349432306283,103.7560043334961,2686700
2024-05-09,104.43718667910036,105.70081717636437,101.04611495053915,103.48946380615234,1638100
2024-05-10,107.4087012133803,108.59335296021342,98.88905424712918,100.33038330078125,2119800
2024-05-13,103.47958817705984,109.35152473650035,103.3719808965208,106.43135070800781,1821300
2024-05-14,109.50159060314223,114.81279779612593,107.54691439387364,109.48184967041016,1561000
2024-05-15,116.43182921627132,120.43990902443917,114.91152126411014,116.40221405029297,2144700
2024-05-16,115.60256250054294,116.79708851771674,111.4858888862458,115.88885498046875,1300700
2024-05-17,116.55028392721908,117.51578197342884,109.36337945268909,110.36046600341797,1346900
2024-05-20,110.99228271101289,114.98062143334516,109.45716723454485,114.3191909790039,1464900
2024-05-21,112.67054094830928,115.92637132259024,109.17383504265513,111.6734619140625,1143500
2024-05-22,111.53523867894982,117.46837863170222,110.56776740019231,114.2303237915039,1486000
2024-05-23,114.22045531456524,114.2698189402311,100.84373372878198,103.16368103027344,2371600
2024-05-24,104.07192223954392,106.0266059710556,100.82399276320237,101.38670349121094,1258200
2024-05-28,107.60614126531432,108.55879752453973,99.20496243926532,102.39366149902344,1834300
2024-05-29,97.45759852954536,98.35102444741243,94.9698193394988,96.657958984375,1598800
2024-05-30,98.51391671271155,102.05800526853064,96.99163552081984,101.48542785644531,1419800
2024-05-31,103.10445766780232,106.44123261596296,99.74793425530895,101.96916198730469,1921900
2024-06-03,104.49642103362561,113.47511815748331,102.38378730234523,109.7483901977539,2714800
2024-06-04,109.27453217037362,112.86798434881071,106.6969207883749,108.59335327148438,1596100
2024-06-05,109.99519304876931,120.03514036776467,107.47780619393356,119.29473114013672,1957000
2024-06-06,120.24245306414312,120.93349861492433,113.9440341934589,114.33892059326172,1520900
2024-06-07,109.58056507796775,112.83342779223709,107.16189796060131,108.76117706298828,1902600
2024-06-10,106.29314640164444,111.06138361237545,101.73223040166876,110.99227905273438,1589200
2024-06-11,108.04051644751651,113.7268538686674,106.68803288599169,112.56194305419922,1195300
2024-06-12,121.38762013449961,123.40153407441387,115.13067128148604,117.0833740234375,2320200
2024-06-13,117.08337231480824,120.39053187337387,114.57585227518923,117.54736328125,1207000
2024-06-14,113.25300049615802,114.61929748982311,107.6949902189452,109.48184967041016,2131700
2024-06-17,108.09975217153652,108.56374318047102,103.50921324418697,105.38491821289062,1565000
2024-06-18,105.68107799091368,105.68107799091368,100.64628931819239,101.90992736816406,1803400
2024-06-20,101.50516227558344,105.17759301564935,98.62250434071748,102.71943664550781,1732600
2024-06-21,105.63171379601299,111.97948904783172,105.2348540382865,111.16997528076172,2366100
2024-06-24,114.12174112371588,119.35396936083833,113.7762183228113,116.44168853759766,2017000
2024-06-25,116.22422483545799,118.00346509242057,113.80247046868826,114.09901428222656,1133900
2024-06-26,112.61631225262903,112.9029692663137,108.80081999539833,110.55040740966797,1228700
2024-06-27,110.74810569126109,113.76293265157521,107.92108277726547,112.81400299072266,1198700
2024-06-28,113.72340189629097,114.49440678376314,109.08747822492275,112.13196563720703,1520600
2024-07-01,111.76622389692076,118.54712392538924,111.27198924494155,113.37742614746094,1464200
2024-07-02,112.13196524762664,112.13196524762664,106.13195660707062,107.2489242553711,1948400
2024-07-03,108.72173025152217,109.93755074227838,104.38235086507233,105.46966552734375,1671800
2024-07-05,104.7579876792194,109.01828827215282,103.36424224060647,108.41532135009766,1431300
2024-07-08,111.88485351666483,115.15668480914572,110.79753114627269,113.67398071289062,2149500
2024-07-09,113.53559700635982,118.40875149804823,112.17151193582723,117.8749771118164,1689600
2024-07-10,119.26871315136094,121.82884509990619,117.3510802351133,121.60149383544922,1931400
2024-07-11,126.52408132007514,134.2341455420864,126.30464099587287,131.09080505371094,3548400
2024-07-12,134.94583794989472,139.23579124748824,132.46477026395553,134.93594360351562,2422500
2024-07-15,136.1023559294294,140.97550289719268,133.80219170723313,138.9788055419922,1771700
2024-07-16,142.33958426752832,149.12048451025356,141.47962077242244,146.9557342529297,1879800
2024-07-17,140.98538445173847,147.67533506018736,134.73825108681382,137.7036590576172,2329000
2024-07-18,137.71358076365522,142.27041077123812,126.44501918615201,128.50103759765625,2206000
2024-07-19,129.09410787799186,130.73495559621168,126.67234581539134,128.21437072753906,1185300
2024-07-22,130.9425420752053,134.27367911271742,127.39394056397794,133.80909729003906,1527400
2024-07-23,132.2868519491572,139.2555637267026,131.10069177236852,137.10069274902344,1280100
2024-07-24,133.73991667617696,138.97781219528304,133.16660259777586,134.38241577148438,1403500
2024-07-25,137.15011523912224,148.40877995165422,135.2226031226008,142.19131469726562,2162100
2024-07-26,146.9853912136962,150.84043077784892,141.99658923616508,144.4746856689453,1750500
2024-07-29,144.55376675454593,145.89313853377664,135.9046597278001,138.8305206298828,1383800
2024-07-30,139.39394684177446,142.32970191010375,130.75471961017493,133.24566650390625,1073000
2024-07-31,135.66743521828377,142.51752142888293,130.23580028869674,133.927734375,1677500
2024-08-01,135.4203077482124,139.16660013632747,130.29014915091892,132.15835571289062,1287800
2024-08-02,121.26542457191286,124.73989386026801,115.75965039374157,122.98535919189453,2184600
2024-08-05,103.78927902828995,115.76952995103893,102.8996551283344,111.4004898071289,1467100
2024-08-06,113.98040256828891,121.14285391632025,109.82883416067556,114.87991333007812,1124400
2024-08-07,120.5636087124907,120.5636087124907,106.3593013336509,107.34777069091797,1329100
2024-08-08,109.9968626859572,116.817302375935,107.55534230414375,116.42191314697266,1170400
2024-08-09,117.29177771812095,120.30660473717114,115.55700916716741,118.24070739746094,794400
2024-08-12,118.51747845229828,121.34944107334876,114.49440843567214,119.20940399169922,690400
2024-08-13,120.79095029327071,124.30001946573115,119.38732564085555,123.52901458740234,657600
2024-08-14,124.09244081807803,124.58667548397379,118.41862896519302,120.20775604248047,684400
2024-08-15,125.16986730908606,128.21336669907762,122.54054283874515,126.37580108642578,939200
2024-08-16,126.75141930384484,127.65093002354526,122.52077173330848,126.40545654296875,584100
2024-08-19,126.48453945442168,138.38571155294574,125.10068083060766,138.2967529296875,974700
2024-08-20,137.24897362852627,139.17648582125508,133.25159735078037,137.90135192871094,752600
2024-08-21,139.64105847258645,143.9903172422896,137.83215789237275,142.06280517578125,1151500
2024-08-22,143.32804878348213,143.32804878348213,134.13627672647308,135.14352416992188,727500
2024-08-23,137.39723487774538,142.49774016647103,134.81140180254056,140.73826599121094,1047000
2024-08-26,142.4483108806895,143.41700656778258,139.50662830642398,141.14352416992188,845100
2024-08-27,140.01668381262948,142.0628227006888,133.59163274310959,138.51422119140625,777200
2024-08-28,136.44828118172487,139.17646581575107,134.15504049004394,136.3692169189453,633500
2024-08-29,138.0891669637726,143.84206589491703,136.31486626752428,137.85194396972656,872100
2024-08-30,138.8799381058959,141.548802227305,133.26543966280377,139.42359924316406,853900
2024-09-03,137.74321334565502,145.10730716782467,127.57185503743297,128.3725128173828,1285500
2024-09-04,126.71189308598885,131.85193087992138,124.37910473021655,127.7794418334961,803300
2024-09-05,128.60974124342468,128.9458171855867,123.42027741773424,125.91121673583984,695800
2024-09-06,126.86015032148579,129.10397992606707,115.60148524463607,119.68386840820312,932800
2024-09-09,121.95735181088895,127.59163191360844,121.07761464853604,124.92276000976562,745700
2024-09-10,124.96229560844445,126.20776912288387,120.13856781076589,125.4861831665039,539400
2024-09-11,124.04300416253942,129.48947184566114,121.25552117713703,128.79754638671875,727500
2024-09-12,128.48124484867506,131.58503807584037,124.9029905457798,129.15341186523438,612200
2024-09-13,130.43843423719503,137.79263421802455,129.87499941533991,137.45655822753906,793000
2024-09-16,139.3741913587806,140.283581435719,134.57022926607897,137.45655822753906,738400
2024-09-17,139.12707907496593,142.4819417091745,134.13530519282932,136.37913513183594,1029200
2024-09-18,137.19954527512053,144.50136166036842,133.77943477545128,135.875,1266700
2024-09-19,143.9508062054406,146.6196706181312,139.92772843341973,142.30006408691406,1401700
2024-09-20,140.87664886087586,141.18307193062438,136.14187246742648,138.62294006347656,787900
2024-09-23,140.4318655697153,140.4318655697153,128.50103176527998,129.04469299316406,1299800
2024-09-24,129.95407737479874,129.95407737479874,123.3609880761855,127.23578643798828,1172700
2024-09-25,127.56197977491537,128.72936190128922,122.87662936380785,123.3609848022461,887100
2024-09-26,126.52408393807711,128.20447891131047,121.93758649863567,124.84368896484375,1179800
2024-09-27,127.00843182450012,129.05455552968877,124.87333441512003,125.45652770996094,896800
2024-09-30,124.05290052097254,130.22588664070497,123.17316342338063,127.25554656982422,1114700
2024-10-01,126.46477109854092,126.62292981448168,118.71516747016481,123.8057861328125,1239700
2024-10-02,121.75965706155627,124.84368420487313,118.2703613988671,124.09244537353516,715200
2024-10-03,122.11550994999268,124.10233554532509,118.26047780162726,118.81401824951172,1043600
2024-10-04,121.59161736049914,123.64762788556382,118.67562824102511,121.7201156616211,891700
2024-10-07,122.58996919525377,123.25224941136693,115.72999682589231,117.3115463256836,1056500
2024-10-08,117.81566416562474,122.37250846957134,116.36261301541138,119.97052764892578,735300
2024-10-09,120.07925372121917,120.19786521054989,115.93756494651738,117.11384582519531,1206700
2024-10-10,114.85025687033945,116.68881047554824,112.57776226167151,116.66903686523438,1085800
2024-10-11,116.75800667914302,125.87168809028586,115.09243063428283,125.4268798828125,1097600
2024-10-14,124.14185513134167,127.46311256564609,122.8865024449966,126.94910430908203,630100
2024-10-15,126.83050350001282,130.27037271285508,123.85521610153913,127.68058776855469,1010300
2024-10-16,128.57022081118453,132.61305699684544,126.81073142057308,131.4466552734375,861500
2024-10-17,131.36756141433668,132.45488365659568,127.65092234752777,127.79918670654297,752500
2024-10-18,128.60975822252388,130.87334658221306,127.05292188585165,129.58834838867188,596800
2024-10-21,127.65094146369289,129.08421911924034,121.12704474027362,123.13363647460938,1059900
2024-10-22,120.7217574210585,123.85521095104144,120.39556827130758,123.35108947753906,492300
2024-10-23,121.92770024524965,123.31155892787515,115.34449789456804,117.44004821777344,1343800
2024-10-24,118.89308859323849,122.9260452284497,118.07265724776428,119.40709686279297,874900
2024-10-25,120.84037631084105,125.14021641361714,118.8238979606833,119.08090209960938,806300
2024-10-28,122.46146275766685,127.51254155756318,121.45322737520499,124.10232543945312,822600
2024-10-29,122.83708229134393,124.65093017744226,120.62786024146378,123.97382354736328,551800
2024-10-30,122.98535600499996,127.28520375566744,121.8486147323111,123.55867004394531,597600
2024-10-31,121.68057296763328,122.34284560853563,117.55865767306958,118.20116424560547,812200
2024-11-01,120.4252148173691,126.28683797984881,119.30823969866164,126.23741149902344,849800
2024-11-04,124.17152324991605,129.27202120674448,120.93922423170689,126.07926940917969,842600
2024-11-05,123.65751730089093,131.26873601304,122.09573387849143,131.24896240234375,878100
2024-11-06,139.04796900544483,141.71683299109074,131.76295538516882,138.3856964111328,1617900
2024-11-07,140.36264945832744,144.2275682851263,138.71190743308998,140.72837829589844,1046300
2024-11-08,139.44337349190658,145.5026801358743,138.8700594793265,145.2654571533203,1025700
2024-11-11,148.27040980688759,150.82066266550757,142.2209819132773,142.705322265625,1072900
2024-11-12,138.5636298379595,141.23250921847387,129.7464848171597,130.3791046142578,1260700
2024-11-13,133.7893394384834,137.54551109544488,128.3033312471845,128.32310485839844,1020200
2024-11-14,127.51254259250123,128.74812924552936,116.22422474037778,116.79753875732422,1285700
2024-11-15,115.94745982513726,116.194577167014,97.26538727097088,98.47132110595703,3509700
2024-11-18,99.57840143661154,100.78334733874561,95.51579175464829,98.20442962646484,2717900
2024-11-19,95.88152691791203,102.19784545898438,94.02320725544608,102.19784545898438,1569900
2024-11-20,102.33623512811906,105.27199043417878,99.5190988642214,104.77775573730469,1280300
2024-11-21,105.32140722393325,109.45320921105971,100.51744580928403,105.53886413574219,2010000
2024-11-22,106.95237910753464,113.37742978966655,105.15336521819461,112.11219024658203,1248000
2024-11-25,116.75799831084657,121.82884318658084,116.75799831084657,116.8766098022461,1517100
2024-11-26,117.48947351242379,121.46311718304689,114.50429170058888,121.0875015258789,858100
2024-11-27,122.42192447756503,126.12868444887658,120.68221635276451,125.3379135131836,829600
2024-11-29,124.91287586299258,126.31650054565439,122.40018692835469,124.08255767822266,393000
2024-12-02,123.12374803995313,123.98865877892678,120.00018860702833,122.67893981933594,728400
2024-12-03,121.73000373322867,122.76196448269548,116.36261478292013,116.76788330078125,869800
2024-12-04,116.87661548339265,123.30166634915248,115.23576026075382,120.5141830444336,809100
2024-12-05,118.12208685793384,119.9804065136737,113.92109213704497,115.08748626708984,908000
2024-12-06,116.5899628481283,123.47959578071564,116.06607527215073,121.17646026611328,842900
2024-12-09,121.89804333947558,124.08651146450067,117.38073858566725,118.09243774414062,629700
2024-12-10,118.75470675878367,119.29737998989992,114.03971129128294,115.17644500732422,435300
2024-12-11,116.46145330701877,117.03476731432077,111.51910677804764,113.46639251708984,818500
2024-12-12,111.08418402860217,112.5075823211123,103.59159200678357,103.7793960571289,1404700
2024-12-13,103.31481685565328,104.66902262871913,98.52074184419699,100.93260955810547,1638900
2024-12-16,100.99191585503941,107.67397104890534,99.61794400504677,105.55864715576172,1330900
2024-12-17,103.03804754451505,107.15008384445787,102.7415112510953,104.34282684326172,764100
2024-12-18,104.69867115166568,105.05056901352488,86.14609280137668,89.2983169555664,2711000
2024-12-19,90.0396671571743,90.93917786243553,85.30490572883188,88.7546615600586,2616900
2024-12-20,87.5684902385113,94.99881969753544,87.38068620274231,93.1533432006836,1304100
2024-12-23,92.48118871904671,95.09074716435708,90.24725344815481,94.95236206054688,1467500
2024-12-24,94.87329057183331,95.42683098898046,91.78036463746716,95.13028717041016,778000
2024-12-26,92.9161198959844,97.7101947865884,92.1550018065518,97.15665435791016,805600
2024-12-27,94.96224951947339,97.6311137301038,90.43505811672696,92.95565795898438,2099900
2024-12-30,90.0693323689663,90.63275961233583,86.9062258369465,88.54708862304688,941400
2024-12-31,90.05944371600506,91.80903115959954,86.91611085921306,88.96224212646484,1023900
2025-01-02,91.55204024754946,96.01991870051219,90.37674715282846,93.12370300292969,1166300
2025-01-03,94.04297249386491,96.95895403307344,93.51908494979351,95.6541748046875,876100
2025-01-06,96.92929946583676,98.25385228109441,94.49766583457897,95.19947814941406,1119900
2025-01-07,96.1582997516218,101.86967568910835,95.72337081265071,97.08746337890625,1355000
2025-01-08,97.30492033556992,97.75566360346929,93.02978608688467,95.34774780273438,907000
2025-01-10,89.61462731030366,89.92105036962782,84.55366195150297,86.43175506591797,1897000
2025-01-13,83.92105794824595,85.65087948852783,78.45482308758294,85.48284149169922,2932500
2025-01-14,87.49931032676017,87.49931032676017,77.55531030815203,78.3955078125,2412800
2025-01-15,83.99023910855855,86.30325369145936,80.7876006316873,83.34773254394531,2721100
2025-01-16,83.9111562185524,84.0880930635582,79.967165919746,81.47952270507812,1336700
2025-01-17,83.77277838446551,84.12170493183207,81.37079753443986,81.64756774902344,1103500
2025-01-21,83.52763758316789,89.0512018865213,83.52763758316789,88.62616729736328,1380900
2025-01-22,88.95234607358968,91.91775383618068,88.05580675262527,90.77113342285156,1347800
2025-01-23,89.64428661044602,96.67921968624714,86.86668264454457,95.91117858886719,1319100
2025-01-24,95.04132609135684,97.73984309657203,92.06701926963665,94.23078155517578,1364000
2025-01-27,92.47131627298148,100.19125994772801,92.47131627298148,94.59651947021484,1595100
2025-01-28,95.68384064676411,97.7101983857729,93.02485555556221,96.32633972167969,973200
2025-01-29,95.24890091045971,98.25384844197379,92.421878151911,94.54708862304688,808900
2025-01-30,96.5141484052168,99.87494576181152,94.48778318599008,97.51250457763672,1170800
2025-01-31,98.52074247066392,101.27857297875386,93.70690135911353,94.57675170898438,1340200
2025-02-03,88.96224114137873,94.14181840290067,87.85515275892942,90.78102111816406,1145500
2025-02-04,90.13852619078621,95.9803763708496,89.7035972454318,94.05286407470703,1016200
2025-02-05,94.81398009822374,101.19949131926163,94.79421402906274,100.47791290283203,1278500
2025-02-06,100.65583510919748,100.65583510919748,96.07921721997901,96.26702880859375,926200
2025-02-07,96.07921576835221,97.00837935092662,88.8614183383527,89.89140319824219,1620700
2025-02-10,91.11710811263103,91.47295769416087,86.39222566405739,86.98530578613281,1385600
2025-02-11,84.63473248288769,85.008372304301,81.92434491974417,83.20935821533203,1926600
2025-02-12,80.72829245769944,85.87821702272268,80.06601978301597,85.84856414794922,1501800
2025-02-13,86.59980092192653,88.36916197494332,83.52566062005221,88.00342559814453,1178300
2025-02-14,89.30820441051078,93.26702899025621,87.63769633444173,89.65416717529297,1271600
2025-02-18,90.61298160957178,94.67559115642435,88.5470843311587,89.45647430419922,1346300
2025-02-19,89.13027242399208,93.5388444710381,88.64592459243147,92.96553802490234,990500
2025-02-20,93.46965374379946,93.904582645095,89.79254677464819,93.50919342041016,699700
2025-02-21,95.46637543188318,96.84034727974452,89.91117474891011,90.1286392211914,1065000
2025-02-24,89.5849741626683,90.17607840958391,84.72170678759709,85.64098358154297,1102500
2025-02-25,85.49270755001214,85.68051913005772,78.8205397824567,81.5882568359375,1670000
2025-02-26,82.75465565300985,84.7118207537959,79.29501290859588,80.42186737060547,966800
2025-02-27,80.92599446196944,84.37575064030901,77.11050188181864,77.25877380371094,1211700
2025-02-28,75.55859916814899,81.60802673488746,74.82218679098676,81.37079620361328,1301700
2025-03-03,81.74640793449359,83.13026646008746,71.52563901224828,72.87984466552734,1571300
2025-03-04,70.43832612090898,76.24558339784836,68.88642958430293,73.9473876953125,1379600
2025-03-05,74.2735812726627,78.56354187961261,73.34441773399614,78.17803192138672,1027800
2025-03-06,75.61790495765202,79.57178234105866,74.23404636517517,76.23075866699219,956900
2025-03-07,75.49928699876033,79.89798017543175,73.56782305789918,76.8534927368164,1078800
2025-03-10,73.82383113158755,77.33783997916287,72.148375881815,74.14508819580078,1029400
2025-03-11,74.12531811027469,75.8650263638987,68.80735545922249,73.74970245361328,1300600
2025-03-12,75.54871152269443,77.84196007662837,74.39220421149737,76.22087097167969,878900
2025-03-13,76.02317710497724,79.10818440544924,71.92102802208426,73.2258071899414,881100
2025-03-14,74.92598233058051,77.33389079398563,74.58001201301073,76.00341033935547,739500
2025-03-17,75.64755972238014,80.60572093881618,74.15496886123515,79.21593475341797,665700
2025-03-18,76.26041497420191,76.47787944670776,72.24920751543023,73.39385223388672,1108300
2025-03-19,73.22581168684529,77.37737996459312,72.70192413490436,76.67556762695312,885900
2025-03-20,74.87655893116694,78.34608872393238,74.22416549089343,74.38232421875,786400
2025-03-21,73.05777084894136,76.6557985599798,72.25710557389905,75.50917053222656,692000
2025-03-24,77.72334144722916,80.48117180930751,77.10060847827828,79.71016693115234,885200
2025-03-25,80.17239481710928,80.17239481710928,73.43197737302127,75.253173828125,1109600
2025-03-26,75.00572612054921,75.22347950629819,69.35406823749908,70.32405853271484,1533900
2025-03-27,70.95752235988665,72.7985187387931,70.1360009276068,71.24456024169922,851400
2025-03-28,70.98721390110441,71.19506735446149,67.3052211811964,68.36428833007812,1120100
2025-03-31,61.42591295864197,61.59417419772821,56.02169679014724,60.347049713134766,2444700
2025-04-01,60.0600132100997,60.12929769551007,53.12460601475091,53.77489471435547,3411800
2025-04-02,52.76531553613297,59.25828743969179,52.211035881261814,58.822784423828125,2018000
2025-04-03,53.36908227038305,55.83364289620337,52.00516331792644,53.062252044677734,2107000
2025-04-04,50.063207588230604,51.1618631436164,43.29309420060528,43.985939025878906,3472600
2025-04-07,39.76946553177566,48.01039574577034,36.206249649655284,42.80809783935547,3693100
2025-04-08,46.76722836497046,47.21263129501914,35.65197009766295,37.25541687011719,3022500
2025-04-09,34.9195313562002,47.09880740103918,32.217425122753404,45.252864837646484,7938800
2025-04-10,41.57087071716023,42.372596011679356,33.95944360463503,39.353755950927734,5686300
2025-04-11,39.13600457948284,43.84736805435567,38.44315601019305,43.689002990722656,2430700
2025-04-14,46.92559525792667,48.36078085472848,43.81767834286635,47.648136138916016,3486000
2025-04-15,47.306659609474444,49.59800884446332,45.916016204300924,47.69762420654297,1809100
2025-04-16,46.51978701120365,47.16314727803012,42.80216266761872,45.00542068481445,1684100
2025-04-17,44.70848268391242,46.816720889155825,44.12451451642443,46.5197868347168,933200
2025-04-21,45.03511064856641,48.94475287759718,44.051267206357345,45.62897872924805,1740100
2025-04-22,47.48977156239284,49.805863137269576,47.41059091298674,49.56831741333008,1764700
2025-04-23,53.45816256725798,56.19986113019743,52.10216131020061,52.24073028564453,1945200
2025-04-24,52.77521043741714,55.86333123893917,51.36773863737756,55.67527389526367,1027000
2025-04-25,54.2103934757465,55.34864120074771,52.37929339961607,54.467735290527344,1155500
2025-04-28,55.49711801365982,58.25861276860866,54.55682365409369,56.665061950683594,1264200
2025-04-29,56.02169889448487,58.753501240641015,54.63600539018829,57.61524963378906,1021900
2025-04-30,56.20975911993092,60.609342816115046,55.56639886974203,60.01052474975586,1116700
2025-05-01,59.76307736257653,61.13887463962164,55.54660116634267,58.7930908203125,1216200
2025-05-02,61.20815778095567,62.673035615260666,60.52025915751531,61.01020050048828,1220800
2025-05-05,60.257967287193615,60.80234697598001,57.90228358171017,59.268184661865234,747900
2025-05-06,57.39749996965475,57.46480220233859,47.28191964931481,47.440284729003906,5413000
2025-05-07,48.162824014952164,48.69730755675267,46.25254318185577,47.826297760009766,2410100
2025-05-08,47.2126347978681,51.22125391427586,44.60851604188769,48.865570068359375,3177800
2025-05-09,49.01403550822605,51.74583386209832,45.63887694483596,45.7873420715332,2872900
2025-05-12,49.16250185204166,52.40899147447851,48.47955319059606,51.369720458984375,4460900
2025-05-13,50.978756415528316,51.17176373010733,46.9156990927498,47.648136138916016,3311900
2025-05-14,47.806502908712424,49.27138082876268,44.56001691161301,45.381534576416016,3013700
2025-05-15,45.57949084434304,47.62834065327207,44.22843962469046,47.54916000366211,2389200
2025-05-16,48.05394359148269,50.41952335788101,47.04436490495521,50.211669921875,2385900
2025-05-19,48.43996223473316,51.7161442130389,48.43996223473316,51.3994140625,1859800
2025-05-20,51.46869714545103,55.289258729978734,50.68676795572207,54.76467514038086,1894100
2025-05-21,53.19092084884874,54.59641038831307,49.40005151718281,50.587791442871094,1920700
2025-05-22,50.013717196010695,51.349926068325026,48.84181638539971,50.34034729003906,991100
2025-05-23,47.98466501754744,50.35024507504125,47.60854653297663,49.9543342590332,982900
2025-05-27,51.79532893161249,52.22093200603387,49.89494424190472,50.47891616821289,3606100
2025-05-28,50.810489560682186,51.66665318272467,49.20209281365502,49.32086944580078,3411100
2025-05-29,50.47891543431987,52.73561868079986,48.360781155504974,52.597049713134766,2442700
2025-05-30,50.795647605563055,51.05497169865039,47.72732276133826,49.77617263793945,4574200
2025-06-02,51.86461217490476,54.75477568967081,50.5185071718604,53.933258056640625,2745800
2025-06-03,54.21039826592144,56.95209676431661,52.32980964874253,55.92272186279297,1897000
2025-06-04,56.19985881743696,58.1497318863681,55.76435580171785,56.20975875854492,1343800
2025-06-05,56.269138869231426,58.011158346308065,54.12131245600918,56.30873107910156,1806700
2025-06-06,57.77360835427911,60.19857643952657,57.77360835427911,59.80266189575195,2191800
2025-06-09,61.5941745262755,62.23753476606078,58.07054689469498,59.79277038574219,1872300
2025-06-10,60.733067891137296,63.39558580632926,60.069911509862806,61.9999885559082,1557200
2025-06-11,62.92048078364367,63.44506436344851,59.85215617523342,59.96103286743164,1432400
2025-06-12,59.09992250814095,60.79244997306945,58.110139834982114,59.921443939208984,1253100
2025-06-13,56.98178602996472,59.54532320722142,56.544300775971614,58.15962600708008,1065600
2025-06-16,58.76339532355005,58.84752971899279,55.794047350798564,57.82310104370117,1506700
2025-06-17,56.853112199342036,58.15962495260041,54.98242365607306,55.190277099609375,1543400
2025-06-18,55.58619194389358,57.7538145285065,53.92335683557753,56.150367736816406,1434400
2025-06-20,57.38759943555525,57.44698775572072,54.201491006745485,55.60599136352539,1304200
2025-06-23,55.774252168033335,56.56608132778794,52.59705069075634,55.42782974243164,1699300
2025-06-24,56.84778047636142,59.20277781987013,55.58582088217882,58.487335205078125,1506800
2025-06-25,58.46746266879489,58.6314189033954,55.695126265812675,57.2452507019043,1500100
2025-06-26,57.93087986616122,58.65625750487588,56.34896036103905,58.040184020996094,1118500
2025-06-27,58.14948877426775,59.04378826835261,55.7547475238089,56.72854232788086,1335600
2025-06-30,57.3843605622908,58.25878997506874,56.06377644316709,56.549678802490234,1089600
2025-07-01,55.64544471618432,60.49951443117591,54.77101523786308,56.86765670776367,2333200
2025-07-02,56.4403761842522,61.269606226300574,56.06278105180636,60.3156852722168,1522300
2025-07-03,60.6137857727043,61.617389410281426,59.42138267152571,61.150367736816406,1326100
2025-07-07,60.45479949137206,60.862203477312676,56.39069465040807,57.64271545410156,2012900
2025-07-08,58.030251552449144,61.209988248025695,57.30487009131653,59.94803237915039,1497800
2025-07-09,61.945305964434404,66.64535838885361,61.51802812671036,66.52611541748047,2717500
2025-07-10,67.19187190742272,68.21534932878109,64.70272727008516,67.65888977050781,1991900
2025-07-11,66.01934964585931,66.58574049125129,63.80346514972799,64.62821197509766,1349400
2025-07-14,64.19099263991838,67.88744119439167,63.843210132070645,67.21174621582031,1714400
2025-07-15,68.15076125986296,68.34452633714092,61.40971296073233,61.96517562866211,2453400
2025-07-16,63.05821012209964,66.05909361926118,62.99859243046398,65.91004180908203,1908100
2025-07-17,66.25782574624053,68.01661591737107,65.59206957159887,66.71491241455078,1233700
2025-07-18,67.76819626203954,68.68237714611531,61.985049037736474,62.362640380859375,3180700
2025-07-21,63.40599558048204,65.08529417239498,61.10068470082554,61.49814987182617,1616800
2025-07-22,61.19011553399614,63.53517029677665,60.71315125997658,63.24700927734375,1337900
2025-07-23,65.13498290328862,67.64896336954008,63.53616889646708,66.71491241455078,1697200
2025-07-24,66.71490966695045,67.2415528156818,64.38972876551247,64.90643310546875,1279100
2025-07-25,65.36351953386793,65.68149318378624,63.20229107907965,65.10516357421875,1150200
2025-07-28,65.5721892765417,66.35718838608162,61.696883982190634,62.61105728149414,1699400
2025-07-29,62.91909501898377,63.177450975924195,60.345493210941115,61.209983825683594,1517400
2025-07-30,63.29668924687849,65.32377026743163,60.88207429641811,62.104286193847656,2023500
2025-07-31,61.74656861051045,64.57852271496259,60.02752232019713,60.72309112548828,1675500
2025-08-01,59.24251907247878,61.44846451049681,57.98055953391723,61.12055206298828,1260100
2025-08-04,61.50808938375535,63.376183668956664,59.163030823029246,63.048274993896484,1303200
2025-08-05,62.779983157821306,64.38972903713103,60.593911455108476,63.12776565551758,1037900
2025-08-06,62.19372022361774,62.19372022361774,59.086519483290694,61.488216400146484,2007800
2025-08-07,60.93176168706499,60.98740688921011,58.10974255219993,59.72942352294922,2079300
2025-08-08,59.95796653846192,61.11062202172136,59.17793679923736,60.027523040771484,1280800
2025-08-11,59.60024347177371,61.110620231548936,58.67613135039449,59.520751953125,1363700
2025-08-12,60.11695094700247,63.29669125933307,59.81885112190318,63.177452087402344,1623900
2025-08-13,64.34003874522514,69.278572661887,63.813395625613055,68.682373046875,2296000
2025-08-14,66.80434428645135,69.5269941673921,66.34725005243637,68.9009780883789,1496600
2025-08-15,69.3282573316375,71.40999433503801,68.49357931712018,71.2361068725586,1491200
2025-08-18,71.14667228921485,72.88559238920797,69.96421177636073,70.20269012451172,1408600
2025-08-19,68.56313029255236,69.13945987389326,66.42674138316075,66.85401916503906,1114400
2025-08-20,66.48637184443452,68.1010833723669,65.40326909276229,67.70858001708984,787100
2025-08-21,66.60560270947052,69.6164172489206,65.58212530033357,69.31832122802734,1029700
2025-08-22,70.30205396197147,74.06309327928415,69.36005806307041,71.69319152832031,1670900
2025-08-25,71.44477250630324,72.27945047560931,66.17832599337432,66.59566497802734,1555300
2025-08-26,67.05275925602562,69.11958414517284,66.52610853939545,68.89104461669922,899200
2025-08-27,69.04009846059284,70.32192429802964,68.55816857754286,69.86483764648438,720700
2025-08-28,70.18281670963565,71.89590055749959,69.31832980290717,69.85491180419922,647400
2025-08-29,69.71578823058194,70.7402587339414,67.56946055063878,68.9109115600586,658200
2025-09-02,71.54413945332281,77.1981162332911,71.42489649170828,75.71754455566406,2361600
2025-09-03,75.85665659245004,80.48715586509329,74.93255208073398,77.4763412475586,1204100
2025-09-04,77.66514270877488,78.30109001688217,74.62451158697885,77.01925659179688,853500
2025-09-05,77.9731792254922,82.37711784003422,77.66414366981638,82.01741027832031,1238400
2025-09-08,81.07342023861669,81.07342023861669,77.65520529155499,79.35437774658203,1376100
2025-09-09,79.27488255432304,80.6858901977539,77.3372317468715,80.6858901977539,838700
2025-09-10,80.98398892764678,81.59409985632094,76.86423531281096,77.90361785888672,1069900
2025-09-11,78.2613438247057,82.36519255855622,77.63532773268287,82.21614074707031,903200
2025-09-12,81.8882354346958,82.12671378318323,78.13216164529611,78.22159576416016,825400
2025-09-15,78.35077112752259,78.89729191460744,74.47546189652222,76.36343383789062,1180400
2025-09-16,76.77084012483843,78.12223006193528,75.80698034517921,77.08881378173828,650000
2025-09-17,78.06259776794514,82.29562785432105,76.5820337719014,77.15836334228516,1465800
2025-09-18,79.87108661113136,84.43699545683523,79.4338775424642,84.3326644897461,1085200
2025-09-19,85.0580295779303,85.10274284490845,80.85978131175598,81.60006713867188,782800
2025-09-22,82.84215257185093,86.74727040995896,80.88462424852469,85.72378540039062,983700
2025-09-23,85.55765423773987,87.03004511545171,84.1449599080091,84.52300262451172,623300
2025-09-24,86.03518745658236,87.84582585663938,85.0154580972032,86.22420501708984,815100
2025-09-25,84.3439264690134,84.95078949527365,81.70755542561011,82.06570434570312,839300
2025-09-26,83.05061619400789,87.35833866769762,81.86673464085803,87.15937042236328,1100700
2025-09-29,88.29350839087478,91.28802837816283,87.42798056208126,91.03931427001953,973700
2025-09-30,91.29796977285056,94.11341524609897,89.58682311650323,93.12850952148438,866000
2025-10-01,92.72061724719723,98.67981279254374,92.72061724719723,96.6602554321289,1172900
2025-10-02,97.70485041282285,99.9333267211914,95.4863247941327,99.9333267211914,1111500
2025-10-03,101.03761738027457,104.3305973502449,100.54217778133614,102.74877166748047,987700
2025-10-06,104.45992292578181,105.53436966894063,102.4204642516462,102.91789245605469,820600
2025-10-07,103.78341976984481,104.12565213376301,99.6647148641727,102.99748229980469,784800
2025-10-08,104.63899686782442,111.52340136130859,103.17556242972593,108.46919250488281,1064600
2025-10-09,109.9216804464397,113.80162188690252,109.40435846311554,111.44380950927734,1020200
2025-10-10,112.79681522702357,113.18381430359497,103.96249318015063,106.50932312011719,1646300
2025-10-13,107.24552248582276,109.24517837614546,105.12150195589336,107.39474487304688,816400
2025-10-14,104.05202852156059,109.6968473876315,101.8285314229592,106.80778503417969,734600
2025-10-15,108.16078938754534,117.68057055416637,108.16078938754534,116.98516082763672,1227300
2025-10-16,121.08397211607695,125.30216114714065,112.52820855292012,115.4431381225586,2102200
2025-10-17,113.52306843800908,118.26853029466932,110.74244652301361,114.5776138305664,1480900
2025-10-20,118.68637554064281,123.64075632848797,116.67676129469021,122.47677612304688,984500
2025-10-21,122.36734059545911,123.62086181948447,118.83559724139921,120.16870880126953,807100
2025-10-22,119.23354383885805,120.36767958297547,110.53949491386464,112.52821350097656,1094900
2025-10-23,113.5230675684197,114.68704776715487,110.27983348897907,113.81157684326172,587400
2025-10-24,117.39305394987852,117.95017109909713,115.19442224011004,116.33850860595703,576800
2025-10-27,122.0241107980721,127.34161948228399,121.17351282467166,126.73475646972656,1149300
2025-10-28,126.39651126633272,129.43082638505655,124.08844467427387,128.187255859375,646100
2025-10-29,127.69977166315087,129.95412276470398,121.72665585737384,124.40679931640625,865400
2025-10-30,122.59615629257863,131.82841478819736,122.06887603009422,127.59033203125,1106000
2025-10-31,127.24213169150782,131.21160649661854,123.8994136692614,130.3759307861328,670000
2025-11-03,124.8544767915434,127.6102332389414,113.5131124414525,120.3079833984375,1766000
2025-11-04,115.61226468912287,121.3127953662622,114.1000862568949,114.6969985961914,785300
2025-11-05,113.34399552378342,119.89015277900873,111.93130118801936,117.65172576904297,698200
2025-11-06,118.88534405545512,120.7546771120034,116.21912850441288,118.19889068603516,665900
2025-11-07,115.05514629003692,117.08465429410975,108.33986546676805,117.0150146484375,995800
2025-11-10,120.87505218143868,123.36219317282631,117.94022884766206,120.76561737060547,770000
2025-11-11,120.27814156447288,133.67885104007334,118.76595556981408,133.54953002929688,1199900
2025-11-12,131.98760276764762,136.743015361445,131.19171457539895,133.71865844726562,823200
2025-11-13,130.95295697724478,134.50458654505894,125.87918310287661,126.13784790039062,1029800
2025-11-14,123.97900977354237,137.47921108723332,123.35224537134263,133.04214477539062,1274800
2025-11-17,131.0026835069369,140.1354731555869,129.44076685220037,135.29052734375,969300
2025-11-18,133.0321948626431,139.37938335387025,129.9182895703145,136.89224243164062,877400
2025-11-19,135.4894929507064,137.88710047207368,130.74402376308015,134.1862335205078,755200
2025-11-20,140.85176758504053,146.1344525146019,131.649346103818,132.1467742919922,1269200
2025-11-21,131.3210449966006,144.88094260659835,131.07233089622824,141.6476593017578,1066500
2025-11-24,143.45829935739098,152.9492385437538,143.13995318203789,152.23294067382812,820100
2025-11-25,153.6456266465643,158.98601209967262,152.12349755113948,158.70944213867188,596600
2025-11-26,159.77395213695857,167.12594070421179,157.21716377079443,164.64874267578125,539400
2025-11-28,166.33999022864623,166.33999022864623,163.1663958230367,165.79281616210938,371200
2025-12-01,160.6693070291124,160.6693070291124,152.02002532919283,152.5612335205078,791000
2025-12-02,152.19312518077274,154.09330451507518,144.32382273034602,147.24868774414062,1068900
2025-12-03,148.6315451642937,160.0525079561882,148.33310037834366,159.65455627441406,738100
2025-12-04,157.87377303715192,166.53896424629733,155.5955432576318,165.1859588623047,666600
2025-12-05,167.12593061013504,168.62815829582564,162.86594267043665,165.62368774414062,548400
2025-12-08,171.6326302865098,175.53246555078346,165.7430822233024,166.61854553222656,636200
2025-12-09,164.23090510486182,168.13074057950732,156.5705134517973,157.0579833984375,711400
2025-12-10,157.07787645331524,162.16159326661577,154.57083407380023,159.91322326660156,613900
2025-12-11,160.05250168218305,166.53895444763805,159.18298905632707,163.69366455078125,500700
2025-12-12,164.0319275077363,166.0315833997324,159.27750186678568,163.9622802734375,541700
2025-12-15,165.37001819633534,169.55337617761205,160.42060132368434,162.76846313476562,614100
2025-12-16,160.20172445273576,162.51974168022508,155.32593227772645,159.37599182128906,419900
2025-12-17,160.14203758281485,163.4449529713022,154.77976213842967,155.70497131347656,391600
2025-12-18,156.2322459649977,159.61575363064932,149.98454884392532,151.76535034179688,533900
2025-12-19,154.4813101362232,166.688203170019,154.37187531823966,164.6785888671875,689500
2025-12-22,166.33998897230788,178.2185769548642,164.64873610876208,176.00999450683594,681700
2025-12-23,173.77999877929688,177.9600067138672,170.72999572753906,171.7100067138672,378500
2025-12-24,173.5,177.6999969482422,172.52999877929688,177.4499969482422,279700
2025-12-26,176.0500030517578,176.0500030517578,168.1300048828125,171.5,487300
2025-12-29,168.25,169.1999969482422,163.7899932861328,165.08999633789062,343900
2025-12-30,164.75,164.8000030517578,156.77000427246094,158.27999877929688,416200
2025-12-31,157.4600067138672,162.3699951171875,155.42999267578125,159.38999938964844,330400
2026-01-02,161.02000427246094,161.32000732421875,152.27999877929688,157.5,508700
2026-01-05,156.99000549316406,157.968994140625,144.75,152.02999877929688,1054800
2026-01-06,151.13999938964844,159.5800018310547,150.75,159.30999755859375,701800
2026-01-07,162.41000366210938,186.2449951171875,161.60000610351562,175.80999755859375,1803000
2026-01-08,170.5,171.97000122070312,159.14999389648438,164.42999267578125,896800
2026-01-09,170.60000610351562,173.72999572753906,166.27000427246094,167.72999572753906,533100
2026-01-12,167.14999389648438,167.14999389648438,155.9499969482422,165.30999755859375,845100
2026-01-13,163.67999267578125,166.71200561523438,157.7550048828125,164.88999938964844,637200
2026-01-14,165.39999389648438,177.0800018310547,163.64999389648438,176.7100067138672,618100
2026-01-15,177.0,178.3979949951172,165.88999938964844,166.74000549316406,545100
2026-01-16,167.88499450683594,171.5,163.49099731445312,165.8300018310547,508200
2026-01-20,158.80999755859375,170.33200073242188,153.8300018310547,169.89999389648438,746100
2026-01-21,170.50999450683594,182.00399780273438,168.3000030517578,181.4499969482422,665800
2026-01-22,183.35499572753906,198.17999267578125,181.8800048828125,195.9499969482422,770000
2026-01-23,193.10000610351562,196.3699951171875,179.38999938964844,180.47000122070312,782400
2026-01-26,176.0,181.8699951171875,171.17999267578125,179.1699981689453,478400
2026-01-27,179.89999389648438,187.70599365234375,177.80999755859375,181.88999938964844,409700
2026-01-28,182.6999969482422,182.6999969482422,170.5,170.75999450683594,625300
2026-01-29,171.3699951171875,176.64999389648438,168.8800048828125,174.4199981689453,407000
2026-01-30,171.4499969482422,175.8800048828125,162.07000732421875,165.86000061035156,648500
2026-02-02,163.1999969482422,176.8800048828125,163.0800018310547,176.25,503100
2026-02-03,176.25,185.80999755859375,170.5,177.30999755859375,747100
2026-02-04,179.16000366210938,180.5800018310547,159.64999389648438,167.3000030517578,701300
2026-02-05,164.42999267578125,172.8000030517578,147.4550018310547,149.0399932861328,763100
2026-02-06,157.97999572753906,168.0399932861328,156.68899536132812,166.47000122070312,514400
2026-02-09,165.94000244140625,169.72000122070312,160.0500030517578,169.17999267578125,307600
2026-02-10,169.35000610351562,172.77999877929688,165.32000732421875,165.7100067138672,301500
2026-02-11,166.25,166.5,151.49000549316406,163.41000366210938,735600
2026-02-12,165.6199951171875,167.0,153.7100067138672,157.47999572753906,465800
2026-02-13,159.2899932861328,168.17999267578125,154.91000366210938,156.4499969482422,535300
2026-02-17,155.52999877929688,165.5850067138672,153.1999969482422,162.07000732421875,392300
2026-02-18,161.7100067138672,169.39999389648438,159.93499755859375,166.6999969482422,318900
2026-02-19,163.3000030517578,171.0,157.8300018310547,170.74000549316406,427500
2026-02-20,164.0800018310547,166.0,155.5,163.19000244140625,800800
2026-02-23,165.35000610351562,176.5850067138672,164.7469940185547,170.8800048828125,645000
2026-02-24,173.2100067138672,182.00999450683594,171.89999389648438,179.39999389648438,504100
2026-02-25,181.67999267578125,188.5,175.64999389648438,176.8699951171875,472400
2026-02-26,174.61000061035156,174.61000061035156,163.0,173.6999969482422,741300
2026-02-27,167.7899932861328,173.03799438476562,166.0,172.6999969482422,460800
2026-03-02,162.99000549316406,172.13999938964844,159.41000366210938,169.5,779300
2026-03-03,159.5,164.0399932861328,151.0,156.86000061035156,1119300
2026-03-04,161.2899932861328,170.5,156.3300018310547,168.1199951171875,557900
2026-03-05,162.13999938964844,164.39999389648438,153.4149932861328,158.0,820200
2026-03-06,149.60499572753906,158.47000122070312,146.3300018310547,158.47000122070312,930500
2026-03-09,157.0,171.4499969482422,156.8000030517578,169.88999938964844,830400
2026-03-10,170.27999877929688,177.91000366210938,168.39999389648438,171.5,576700
2026-03-11,169.05999755859375,172.10000610351562,163.11000061035156,167.36000061035156,563600
2026-03-12,161.52000427246094,161.52000427246094,149.0,151.89999389648438,983400
2026-03-13,155.50999450683594,160.39500427246094,146.0,148.85000610351562,787900
2026-03-16,153.69000244140625,158.63499450683594,153.47999572753906,156.24000549316406,572300
2026-03-17,157.4600067138672,161.25999450683594,155.5,157.47000122070312,420400
2026-03-18,154.91000366210938,154.91000366210938,145.74000549316406,146.13999938964844,846200
2026-03-19,142.69000244140625,153.75999450683594,140.8000030517578,150.00999450683594,626800
2026-03-20,148.6999969482422,154.44000244140625,139.6199951171875,142.74000549316406,732900
2026-03-23,148.8000030517578,153.05999755859375,144.88999938964844,147.64999389648438,740100
2026-03-24,143.88999938964844,143.88999938964844,134.84500122070312,139.52000427246094,762900
2026-03-25,145.42999267578125,158.5019989013672,145.42999267578125,154.89999389648438,687500
2026-03-26,150.5,161.1999969482422,149.60000610351562,155.00999450683594,546200
2026-03-27,152.69000244140625,154.0,138.39999389648438,138.50999450683594,761500
2026-03-30,140.1699981689453,142.0,133.95799255371094,135.7899932861328,539800
2026-03-31,149.0,167.0,148.25,166.08999633789062,1073200
2026-04-01,169.57000732421875,180.7899932861328,167.60000610351562,169.6300048828125,872000
2026-04-02,158.64999389648438,174.86000061035156,157.64999389648438,171.63999938964844,715300
2026-04-06,172.36000061035156,177.20599365234375,169.91799926757812,170.4499969482422,583900
2026-04-07,167.6699981689453,171.34500122070312,160.75999450683594,170.39999389648438,617400
2026-04-08,184.88999938964844,187.72999572753906,174.25999450683594,177.2899932861328,529700
2026-04-09,174.5500030517578,183.55999755859375,173.27999877929688,182.22000122070312,495300
2026-04-10,183.5,183.5050048828125,169.7899932861328,172.64999389648438,599600
2026-04-13,175.86000061035156,188.6999969482422,175.27499389648438,182.6999969482422,550600
2026-04-14,186.99000549316406,200.69000244140625,186.99000549316406,197.82000732421875,668700
2026-04-15,200.4499969482422,205.38999938964844,192.4499969482422,201.10000610351562,461100
2026-04-16,200.4600067138672,201.8470001220703,193.3800048828125,196.67999267578125,336500
2026-04-17,206.0399932861328,212.4499969482422,204.24000549316406,210.82000732421875,524100
2026-04-20,207.57000732421875,210.36300659179688,202.8000030517578,206.5,434600
2026-04-21,208.0,208.3000030517578,197.0,200.27000427246094,454400
2026-04-22,206.1999969482422,209.5,200.5500030517578,204.1300048828125,392900
2026-04-23,202.8699951171875,207.51499938964844,187.8800048828125,191.64999389648438,507500
2026-04-24,192.0,192.88999938964844,180.7949981689453,186.2899932861328,529300
2026-04-27,186.64999389648438,196.8000030517578,183.67999267578125,185.3000030517578,493300
2026-04-28,183.125,190.82000732421875,176.93499755859375,177.08999633789062,504700
2026-04-29,174.74000549316406,174.74000549316406,163.39999389648438,168.30999755859375,601600
2026-04-30,171.61000061035156,179.38999938964844,169.60000610351562,177.55999755859375,541800
2026-05-01,175.60000610351562,177.74000549316406,167.94000244140625,173.61000061035156,556300
2026-05-04,172.61000061035156,186.9499969482422,171.47999572753906,186.08999633789062,498900
2026-05-05,192.80999755859375,198.0,179.50999450683594,187.13999938964844,593000
2026-05-06,192.0,204.3699951171875,189.11000061035156,203.1699981689453,530200
2026-05-07,200.3800048828125,200.3800048828125,178.0,186.0,858600
2026-05-08,187.08999633789062,194.50999450683594,183.72999572753906,189.88999938964844,474000
2026-05-11,192.60000610351562,203.88999938964844,187.35000610351562,189.88999938964844,632100
2026-05-12,188.89999389648438,192.8000030517578,183.52000427246094,190.25,372300
2026-05-13,189.72000122070312,196.5500030517578,185.8000030517578,194.4499969482422,319100
2026-05-14,196.3000030517578,198.75,184.47999572753906,190.35000610351562,411400
2026-05-15,183.83999633789062,184.48800659179688,170.72999572753906,172.57000732421875,748900
2026-05-18,174.0,175.25,156.75,160.6199951171875,590000
2026-05-19,158.6999969482422,161.8699951171875,150.76699829101562,156.83999633789062,612500
2026-05-20,162.05999755859375,176.36500549316406,161.25999450683594,175.2899932861328,762700
2026-05-21,170.35000610351562,181.8679962158203,167.1199951171875,179.6300048828125,385100
2026-05-22,179.6300048828125,185.2899932861328,174.0800018310547,175.19000244140625,399100
2026-05-26,178.32000732421875,182.6699981689453,173.7550048828125,181.47999572753906,359200
2026-05-27,182.5800018310547,192.3000030517578,181.35000610351562,186.0,592000
2026-05-28,184.3699951171875,194.39999389648438,180.52000427246094,191.66000366210938,455000
2026-05-29,193.8800048828125,197.6199951171875,190.5500030517578,195.3000030517578,516900
2026-06-01,190.42999267578125,190.42999267578125,176.17999267578125,181.6699981689453,725800
2026-06-02,176.0,176.0,157.3000030517578,158.16000366210938,1337800
2026-06-03,156.69500732421875,166.02999877929688,155.89999389648438,165.4499969482422,584100
2026-06-04,167.91000366210938,183.0449981689453,167.8699951171875,179.22000122070312,773900
2026-06-05,176.5800018310547,178.77000427246094,158.1699981689453,160.25999450683594,730200
2026-06-08,166.66000366210938,168.86500549316406,157.0,159.14999389648438,599300
2026-06-09,168.0500030517578,173.1999969482422,155.72000122070312,169.97999572753906,841200
2026-06-10,166.3300018310547,178.19000244140625,159.92999267578125,160.1300048828125,655400
2026-06-11,161.33999633789062,176.8000030517578,158.39999389648438,174.49000549316406,645500
2026-06-12,175.72000122070312,185.25999450683594,175.60000610351562,178.6199951171875,492000
2026-06-15,184.47999572753906,190.16000366210938,181.39999389648438,188.52999877929688,505600
2026-06-16,189.2899932861328,192.0,179.52999877929688,184.6300048828125,426800
2026-06-17,189.1999969482422,210.6999969482422,188.77999877929688,200.41000366210938,1029300
2026-06-18,211.1999969482422,218.0,197.8000030517578,206.86000061035156,929900
2026-06-22,221.38999938964844,233.5,218.9199981689453,230.00999450683594,767900
2026-06-23,221.2899932861328,243.0,221.2899932861328,235.2100067138672,560900
2026-06-24,238.1999969482422,257.8399963378906,238.1999969482422,248.0399932861328,460500
2026-06-25,250.24000549316406,272.70001220703125,249.9499969482422,257.79998779296875,658100
2026-06-26,255.85000610351562,279.31500244140625,255.85000610351562,276.1600036621094,768600
2026-06-29,277.6600036621094,292.6400146484375,271.010009765625,291.67999267578125,624000
2026-06-30,294.3299865722656,301.57000732421875,287.7749938964844,292.1000061035156,468000
2026-07-01,288.7799987792969,295.79998779296875,280.5,282.1700134277344,348500
2026-07-02,287.5899963378906,305.0899963378906,282.1600036621094,303.45001220703125,524000
2026-07-06,301.8900146484375,308.94000244140625,292.860107421875,304.95001220703125,454338
