Date,Close,High,Low,Open,Volume
2005-01-03,53.938236236572266,53.94485566258681,53.8918749894857,53.8918749894857,370200
2005-01-04,53.81906509399414,53.925031580249275,53.81906509399414,53.91841214879659,425300
2005-01-05,53.83226776123047,53.85876062574452,53.805774896716414,53.81902385547206,273500
2005-01-06,53.858726501464844,53.89184382437396,53.84548260409762,53.84548260409762,318800
2005-01-07,53.86537170410156,53.87199112883532,53.838878846178595,53.86537170410156,142500
2005-01-10,53.83226776123047,53.86538510512234,53.81902385547206,53.85876062574452,296100
2005-01-11,53.84551239013672,53.85875629483015,53.82563895360132,53.85875629483015,296000
2005-01-12,53.852134704589844,53.891876526795535,53.83889079918601,53.83889079918601,126400
2005-01-13,53.918373107910156,53.91837310791016,53.87200680330735,53.891880242278894,104500
2005-01-14,53.89189529418945,53.90513920420536,53.832285066620706,53.878646331174686,213100
2005-01-18,53.871971130371094,53.871971130371094,53.81899048718872,53.81899048718872,167000
2005-01-19,53.87862014770508,53.87862014770508,53.832258905681336,53.871995669417,221700
2005-01-20,53.92500305175781,53.93162753270699,53.872017310161276,53.89189075300881,156500
2005-01-21,53.977989196777344,53.97798919677734,53.9117595457859,53.9117595457859,188000
2005-01-24,53.94483184814453,53.97132469949805,53.911719573698676,53.97132469949805,325700
2005-01-25,53.92500305175781,53.93162753270699,53.88526627205963,53.93162753270699,219300
2005-01-26,53.90509796142578,53.93821529062579,53.89185406154278,53.89847348498679,114100
2005-01-27,53.89189529418945,53.89851472269798,53.86540242115878,53.89189529418945,273700
2005-01-28,53.918373107910156,53.94486092054398,53.9051241485958,53.91174862825298,101400
2005-01-31,53.911773681640625,53.91839816437627,53.87203183822653,53.911773681640625,179500
2005-02-01,53.925697326660156,53.94560754318363,53.90578711013667,53.919058899940346,215200
2005-02-02,53.90575408935547,53.938936075356494,53.892477244048784,53.91239251200881,179400
2005-02-03,53.872615814208984,53.892526036562224,53.859344020519295,53.859344020519295,270600
2005-02-04,53.925697326660156,53.95888439662324,53.892510256697065,53.92569732666015,451400
2005-02-07,53.91239929199219,53.925671075335075,53.885850661672926,53.91903265184689,345800
2005-02-08,53.89247512817383,53.912390395351956,53.87256492462834,53.89911355056654,154400
2005-02-09,53.992027282714844,54.00530412653465,53.91901983260277,53.91901983260277,415000
2005-02-10,53.95225524902344,53.98543726105748,53.93234502907565,53.98543726105748,506600
2005-02-11,53.925697326660156,53.972156186426915,53.90578711013667,53.95888439662324,298600
2005-02-14,53.899131774902344,53.92568040981715,53.879221564624835,53.92568040981715,640800
2005-02-15,53.90575408935547,53.91902587102931,53.88584388502829,53.88584388502829,261000
2005-02-16,53.87921905517578,53.93231632253235,53.85267042149749,53.90576768885407,163100
2005-02-17,53.90575408935547,53.91239251200881,53.859295258047766,53.87920546237495,443800
2005-02-18,53.83275604248047,53.885853305724346,53.82611761866656,53.87257645809652,199100
2005-02-22,53.85269546508789,53.8726056836971,53.832785246478686,53.832785246478686,177600
2005-02-23,53.84602355957031,53.892482395318744,53.84602355957031,53.85266198285818,727500
2005-02-24,53.83275604248047,53.87257645809652,53.81284583467245,53.846027826474575,223400
2005-02-25,53.80622100830078,53.83276964663186,53.79294922095274,53.83276964663186,595100
2005-02-28,53.77303695678711,53.81286244833222,53.7265781030139,53.79958559660542,502900
2005-03-01,53.761722564697266,53.80828014154838,53.74842402405572,53.801628334306464,265100
2005-03-02,53.795005798339844,53.82160796794015,53.7617518178782,53.78835398747851,390100
2005-03-03,53.81489562988281,53.834845966183046,53.78164676066219,53.82154743326267,1341100
2005-03-04,53.81489562988281,53.854801376322634,53.80824890034229,53.854801376322634,438000
2005-03-07,53.795005798339844,53.834906515817785,53.78835398747851,53.801657609201186,429300
2005-03-08,53.795005798339844,53.795005798339844,53.74845327000057,53.78835398747851,242400
2005-03-09,53.775047302246094,53.80164946782091,53.748445136671286,53.748445136671286,376400
2005-03-10,53.735137939453125,53.78169045325303,53.728486130669296,53.78169045325303,236900
2005-03-11,53.72183609008789,53.75509006125811,53.695233927920434,53.75509006125811,758700
2005-03-14,53.701839447021484,53.721789782989376,53.68188911105359,53.721789782989376,214900
2005-03-15,53.681949615478516,53.72850214315228,53.68194961547852,53.70855178469852,258900
2005-03-16,53.74840545654297,53.788306138526096,53.72180331060738,53.748405456542976,376100
2005-03-17,53.76836013793945,53.80161409150348,53.748409795337416,53.78831048054149,224400
2005-03-18,53.74174880981445,53.76835095335336,53.73510207930978,53.76835095335336,111200
2005-03-21,53.775047302246094,53.7750473022461,53.728494780951245,53.74179332681651,1622400
2005-03-22,53.681949615478516,53.81495538773355,53.65534744625852,53.78170648159228,1623900
2005-03-23,53.675235748291016,53.681887551366806,53.61538474212627,53.6419868805903,216000
2005-03-24,53.688575744628906,53.70852609353953,53.64866997296511,53.675272129460126,270500
2005-03-28,53.66191864013672,53.67521716784571,53.63531651088139,53.66191864013672,865700
2005-03-29,53.701839447021484,53.701839447021484,53.65528697181665,53.65528697181665,263600
2005-03-30,53.70855712890625,53.72185567791702,53.67530314561111,53.67530314561111,168300
2005-03-31,53.78168869018555,53.78168869018555,53.72848436934595,53.73513617791173,189200
2005-04-01,53.81501388549805,53.841673605045536,53.761684274819864,53.81501388549804,779200
2005-04-04,53.81501388549805,53.84834107782821,53.795011467150026,53.80834641271537,543700
2005-04-05,53.82831954956055,53.848316873128205,53.80165475620722,53.84164940334255,134500
2005-04-06,53.86830520629883,53.881640143644596,53.84164041739575,53.84830788606863,175200
2005-04-07,53.84834289550781,53.90167250798616,53.84167542250008,53.888337561970694,294200
2005-04-08,53.84165954589844,53.8483270169401,53.808332362270676,53.814999833312335,136900
2005-04-11,53.84165954589844,53.861661959023415,53.808332362270676,53.82832968960538,208000
2005-04-12,53.87497329711914,53.914967938041386,53.814981335735766,53.82831118744701,140300
2005-04-13,53.955020904541016,53.955020904541016,53.89502379816735,53.90835874882529,262800
2005-04-14,54.00163650512695,54.02163382808052,53.95497438963891,53.96163677343066,163100
2005-04-15,54.08835220336914,54.08835220336914,54.001695347549166,54.04835751388218,292000
2005-04-18,54.06162643432617,54.11495601738307,54.04829658145643,54.088291225854626,725600
2005-04-19,54.128292083740234,54.141627023929686,54.04830278576171,54.04830278576171,1463600
2005-04-20,54.10832214355469,54.12831947817,54.0416626662396,54.06166000085492,496600
2005-04-21,54.01494216918945,54.08826904437427,54.001612321786254,54.068271730376026,200900
2005-04-22,54.028297424316406,54.0749595364592,54.01496248611059,54.0749595364592,141300
2005-04-25,54.04166793823242,54.04166793823242,54.0150031275467,54.04166793823242,315100
2005-04-26,54.028297424316406,54.054957129150466,53.988297695487745,54.048294745836344,192400
2005-04-27,54.06830596923828,54.094970766717104,54.03497370094223,54.08163582508264,479900
2005-04-28,54.11497116088867,54.13496848868381,54.088306361898354,54.11497116088867,273700
2005-04-29,54.06162643432617,54.11495601738307,54.04829658145643,54.094958695183976,428400
2005-05-02,54.06829071044922,54.0883349857419,54.03488528420482,54.0549295594975,246600
2005-05-03,54.10175323486328,54.10843636562782,54.04161525345276,54.06834267877576,303200
2005-05-04,54.12179183959961,54.12847496966154,54.081703254697196,54.108430677210336,621300
2005-05-05,54.17525863647461,54.208664098684814,54.121803779655416,54.16857550493828,214600
2005-05-06,54.055030822753906,54.081758272457066,54.01493709932926,54.07507513559633,213600
2005-05-09,54.028228759765625,54.03491188739693,54.001501346973164,54.028228759765625,118700
2005-05-10,54.06829071044922,54.095018110082876,54.028202159863845,54.03488528420482,229200
2005-05-11,54.10175323486328,54.1418418239802,54.08838697333422,54.11511439865721,92800
2005-05-12,54.128448486328125,54.128448486328125,54.048266258019325,54.095037950099766,216200
2005-05-13,54.188621520996094,54.195304652744454,54.14184979422935,54.168577223486906,129900
2005-05-16,54.17525863647461,54.208664098684814,54.17525863647461,54.208664098684814,129300
2005-05-17,54.17525863647461,54.222030361757476,54.17525863647461,54.20198606488421,118800
2005-05-18,54.22867965698242,54.262085098349104,54.20195224524956,54.22867965698242,302100
2005-05-19,54.14851379394531,54.215329794613474,54.14851379394531,54.18191924541235,200900
2005-05-20,54.14851379394531,54.18191924541235,54.13514753517123,54.17524121375939,143500
2005-05-23,54.18193435668945,54.20198375044233,54.161890060672086,54.18193435668945,1662900
2005-05-24,54.21534729003906,54.21534729003906,54.18193673005627,54.195302993143684,123700
2005-05-25,54.235355377197266,54.262082787792046,54.19526681017126,54.262082787792046,228300
2005-05-26,54.21534729003906,54.22203042158277,54.188619861599975,54.20866415849536,191400
2005-05-27,54.235355377197266,54.235355377197266,54.19526681017126,54.20194993725304,130100
2005-05-31,54.275428771972656,54.28210679882809,54.2219739707466,54.235335122187905,164200
2005-06-01,54.382625579833984,54.44290454827641,54.26877155128145,54.26877155128145,782400
2005-06-02,54.36252212524414,54.37591971953746,54.32903835888101,54.34243084348924,401400
2005-06-03,54.2955436706543,54.40270397478933,54.28884487422473,54.40270397478933,180400
2005-06-06,54.322364807128906,54.32906360738872,54.28218222494494,54.315666006869094,1264700
2005-06-07,54.3357048034668,54.34910239104282,54.29552226010375,54.34910239104282,190000
2005-06-08,54.322364807128906,54.3491548984807,54.30227351603693,54.3491548984807,149300
2005-06-09,54.28886795043945,54.302265548993425,54.25538417342793,54.302265548993425,338200
2005-06-10,54.242000579833984,54.26879067417227,54.2152104854957,54.25539818184715,313900
2005-06-13,54.242000579833984,54.25539818184715,54.2152104854957,54.24869938084057,153100
2005-06-14,54.25535583496094,54.25535583496094,54.228565761532586,54.24865703918284,264200
2005-06-15,54.242000579833984,54.262091873165694,54.2152104854957,54.24200057983399,135000
2005-06-16,54.28886795043945,54.28886795043945,54.22189528672969,54.24198657487395,379600
2005-06-17,54.28215026855469,54.28884395518641,54.24866139665828,54.26875267592234,887800
2005-06-20,54.26869583129883,54.27539462059824,54.248604573079675,54.26199704199941,211600
2005-06-21,54.27547073364258,54.30895450773734,54.262073136255665,54.282169532336034,253700
2005-06-22,54.39596939086914,54.39596939086914,54.302206741280365,54.35578685809715,274500
2005-06-23,54.37592697143555,54.389319457829885,54.335739292881,54.37592697143555,198300
2005-06-24,54.402687072753906,54.436170825129835,54.38928948405717,54.436170825129835,383000
2005-06-27,54.42285919189453,54.42955288650351,54.38937028008749,54.41616038759501,144500
2005-06-28,54.36252212524414,54.40270979843901,54.36252212524414,54.382613406999035,189000
2005-06-29,54.37592697143555,54.416109540304326,54.349136888961105,54.416109540304326,291500
2005-06-30,54.4094123840332,54.42280998051757,54.34913852891131,54.41611118227539,474900
2005-07-01,54.259037017822266,54.379866449970066,54.24560868013348,54.379866449970066,206400
2005-07-05,54.272499084472656,54.29935065766137,54.245647511283934,54.26578491082199,198600
2005-07-06,54.30600357055664,54.30600357055664,54.25901465083646,54.25901465083646,130500
2005-07-07,54.35302734375,54.379878903866775,54.33288995401528,54.366450563102674,151400
2005-07-08,54.2925910949707,54.34629419645192,54.279167880305216,54.34629419645192,126300
2005-07-11,54.2523078918457,54.27915943841016,54.23888467926789,54.27915943841016,1435900
2005-07-12,54.2523078918457,54.28587360540349,54.24559372485238,54.272445271416835,168100
2005-07-13,54.259037017822266,54.27917440294519,54.25232284897787,54.259037017822266,404800
2005-07-14,54.259037017822266,54.29259761922372,54.24560868013348,54.29259761922372,280300
2005-07-15,54.26573181152344,54.28587431276588,54.238885386018005,54.2455944316899,299200
2005-07-18,54.2523078918457,54.26573110442351,54.22545634528124,54.25902205883902,309300
2005-07-19,54.272499084472656,54.27921325812331,54.22551011174587,54.23893845904719,216100
2005-07-20,54.26573181152344,54.29258335843778,54.21203383910366,54.25902276585153,196200
2005-07-21,54.212066650390625,54.26576465531056,54.198638308101636,54.2389182135566,322600
2005-07-22,54.26573181152344,54.27916014568506,54.205319672022846,54.205319672022846,547000
2005-07-25,54.245635986328125,54.272487553812,54.23221276329261,54.23892693551678,191600
2005-07-26,54.232208251953125,54.25905981720334,54.21877990862182,54.25234564553768,207200
2005-07-27,54.232208251953125,54.24563147387203,54.21207085836857,54.21207085836857,160000
2005-07-28,54.23890686035156,54.25233007841882,54.218764351134276,54.218764351134276,359100
2005-07-29,54.20534896850586,54.23891470064236,54.19192574849827,54.23891470064236,1124300
2005-08-01,54.17235565185547,54.21272602592624,54.16563153360592,54.21272602592624,273300
2005-08-02,54.179115295410156,54.21275643718806,54.15893266351044,54.17238604047106,512700
2005-08-03,54.19927978515625,54.219462410300224,54.172367907325665,54.18582641269889,253500
2005-08-04,54.19927978515625,54.23965016836005,54.1925556653855,54.19927978515625,230700
2005-08-05,54.15219497680664,54.17910685945514,54.12528309415814,54.17910685945514,289400
2005-08-08,54.0984001159668,54.152218771995635,54.098400115966804,54.152218771995635,156600
2005-08-09,54.15896224975586,54.15896224975586,54.08495580374989,54.098414320980275,168100
2005-08-10,54.15896224975586,54.20605679422144,54.13877960683066,54.20605679422144,260300
2005-08-11,54.19927978515625,54.22619166298683,54.14546116241094,54.16564378755491,177800
2005-08-12,54.266605377197266,54.266605377197266,54.21278157855867,54.21950570369852,224900
2005-08-15,54.23965835571289,54.26657023760576,54.21274647382002,54.26657023760576,148500
2005-08-16,54.266605377197266,54.29351214359661,54.25314686107764,54.266605377197266,252800
2005-08-17,54.28001022338867,54.29346359455839,54.24636909609135,54.27328097134614,178400
2005-08-18,54.32711410522461,54.32711410522461,54.2732903454186,54.293472972116795,115000
2005-08-19,54.30692672729492,54.32038009961128,54.2800148497464,54.313655979911005,218000
2005-08-22,54.313697814941406,54.340604580299015,54.28005665886476,54.29351004154356,974800
2005-08-23,54.367496490478516,54.3742257458038,54.333860479687836,54.34731385742054,192500
2005-08-24,54.37419509887695,54.394377720559405,54.33382985551205,54.394377720559405,145900
2005-08-25,54.367496490478516,54.38095500112908,54.35404311274582,54.38095500112908,186200
2005-08-26,54.32711410522461,54.3742086118258,54.31366073173123,54.36747935862099,272100
2005-08-29,54.34059524536133,54.367507139015615,54.32041260835034,54.32714186499363,183200
2005-08-30,54.421295166015625,54.44147778976459,54.34728879032575,54.367471414074714,455500
2005-08-31,54.56258010864258,54.56258010864258,54.44820848242903,54.48857373099484,289000
2005-09-01,54.62871551513672,54.696182331394,54.5477522471951,54.567991777333475,624000
2005-09-02,54.69618225097656,54.69618225097656,54.60847590470986,54.61521898315398,204400
2005-09-06,54.608455657958984,54.621946957233284,54.54773194275907,54.58146791202416,238600
2005-09-07,54.567962646484375,54.6016986102973,54.53423183005684,54.6016986102973,887200
2005-09-08,54.54098892211914,54.59496441913753,54.54098892211914,54.59496441913753,225800
2005-09-09,54.55447006225586,54.588206025272825,54.53423054339978,54.54097361809497,454400
2005-09-12,54.53424835205078,54.540991428947976,54.48702107683569,54.53424835205078,157100
2005-09-13,54.567962646484375,54.58820731320336,54.54097490491112,54.547723127150775,683300
2005-09-14,54.561256408691406,54.594987247892334,54.54775995509994,54.594987247892334,335000
2005-09-15,54.547767639160156,54.60174316635173,54.527528103310715,54.56126409465284,347600
2005-09-16,54.50727081298828,54.581485851855476,54.480283058183126,54.56798940075895,240800
2005-09-19,54.520774841308594,54.56800213639303,54.49378708020477,54.52752306843183,188800
2005-09-20,54.48028564453125,54.54100423518442,54.45329788844491,54.520764704966695,284200
2005-09-21,54.53424835205078,54.5679791786976,54.520751903482505,54.55448787751626,465100
2005-09-22,54.55447006225586,54.588206025272825,54.53423054339978,54.561218284336306,411000
2005-09-23,54.50727081298828,54.561246322598585,54.47353483263486,54.547749871502056,131200
2005-09-26,54.46683883666992,54.4803301520407,54.419611511783664,54.419611511783664,162800
2005-09-27,54.44655990600586,54.50053542833336,54.41282906509301,54.48704412144604,265200
2005-09-28,54.46683883666992,54.4803301520407,54.42635459577287,54.42635459577287,243700
2005-09-29,54.44655990600586,54.473547667169605,54.419577292231224,54.45330813314408,243900
2005-09-30,54.399330139160156,54.44655743220365,54.3723423792226,54.44655743220365,199800
2005-10-03,54.37494659423828,54.422311323441505,54.34111243236385,54.422311323441505,212300
2005-10-04,54.36819839477539,54.40880043618443,54.341132087959416,54.40880043618443,488400
2005-10-05,54.395240783691406,54.435837644879605,54.38171021741798,54.38171021741798,569000
2005-10-06,54.395240783691406,54.435837644879605,54.38847291937074,54.435837644879605,333000
2005-10-07,54.43587112426758,54.44940686123372,54.3682079265501,54.40204210659438,156100
2005-10-10,54.42903518676758,54.5372951249833,54.4222673273903,54.52376456859289,114400
2005-10-11,54.415531158447266,54.422299021765994,54.37493430326914,54.38170216658788,215800
2005-10-12,54.37494659423828,54.422311323441505,54.36817872938973,54.422311323441505,509100
2005-10-13,54.37494659423828,54.39524502641562,54.35464816206095,54.39524502641562,548500
2005-10-14,54.38853073120117,54.42236492640038,54.34116595534633,54.368232279031005,340700
2005-10-17,54.36140441894531,54.4223048706247,54.354641717266915,54.40200644085413,308200
2005-10-18,54.40880584716797,54.415568552766885,54.37497166969064,54.37497166969064,241200
2005-10-19,54.43587112426758,54.462937435828785,54.40204210659438,54.462937435828785,575200
2005-10-20,54.43587112426758,54.43587112426758,54.38174366351624,54.408809975077446,323600
2005-10-21,54.46973419189453,54.47650206396688,54.43589999390656,54.46296631982217,362700
2005-10-24,54.44938278198242,54.46291335059384,54.408785913779376,54.456150647472526,277500
2005-10-25,54.354679107666016,54.44940862000456,54.347911238964336,54.4155744388674,373200
2005-10-26,54.33434295654297,54.38170767984169,54.314039364528384,54.374939815836825,224400
2005-10-27,54.37494659423828,54.402012891264164,54.33434972988361,54.37494659423828,307900
2005-10-28,54.37494659423828,54.40878075611271,54.327581865035064,54.402012891264164,369900
2005-10-31,54.354679107666016,54.38850812643193,54.33438066393222,54.347911238964336,294900
2005-11-01,54.36958312988281,54.41029758492184,54.328863497522434,54.403510116641556,639300
2005-11-02,54.36280059814453,54.38315782751264,54.3356558998798,54.36958806704117,150800
2005-11-03,54.335655212402344,54.37636967062341,54.30851051448104,54.356012441512874,228600
2005-11-04,54.335655212402344,54.36279991032364,54.30851051448104,54.34922497270211,174800
2005-11-07,54.328887939453125,54.36282011879891,54.32210564544291,54.34924517613113,243500
2005-11-08,54.39675521850586,54.41711245627676,54.36961050903667,54.38996774680758,238100
2005-11-09,54.328887939453125,54.403534592154905,54.328887939453125,54.403534592154905,199200
2005-11-10,54.403480529785156,54.41705545896313,54.35597863229933,54.38991077792572,291600
2005-11-11,54.42386245727539,54.451007150637786,54.356003312529836,54.362790780200655,211600
2005-11-14,54.3424186706543,54.41027779681391,54.3424186706543,54.41027779681391,448500
2005-11-15,54.3831672668457,54.42388173264875,54.35602256386944,54.3831672668457,249700
2005-11-16,54.451045989990234,54.47819070271466,54.41711898207812,54.4239012772658,328700
2005-11-17,54.498538970947266,54.52568367920292,54.43067978896998,54.43067978896998,456400
2005-11-18,54.498538970947266,54.512113913736954,54.45782449722564,54.45782449722564,206400
2005-11-21,54.532440185546875,54.55279741084828,54.491725734944055,54.52565271800614,255300
2005-11-22,54.607112884521484,54.620682648764976,54.51210900284726,54.5392537086575,1358500
2005-11-23,54.53925704956055,54.607116229581365,54.518894635963086,54.607116229581365,238400
2005-11-25,54.58669662475586,54.60705383777042,54.566339411741296,54.566339411741296,85700
2005-11-28,54.60036849975586,54.62072575084696,54.57322377252528,54.59358102361638,214400
2005-11-29,54.559627532958984,54.61391696108659,54.53248281889518,54.61391696108659,175900
2005-11-30,54.5663948059082,54.586752039588816,54.525675161224065,54.559607335573695,219800
2005-12-01,54.512603759765625,54.560242532549,54.49899490707187,54.53301963492467,745500
2005-12-02,54.56025314331055,54.56025314331055,54.51942138505159,54.53983726418107,449400
2005-12-05,54.49900436401367,54.54664314506357,54.4921973403672,54.533029097770616,1608600
2005-12-06,54.57386779785156,54.60109070107291,54.526229015273664,54.54664489463021,260100
2005-12-07,54.58067321777344,54.6078961227845,54.56706436138702,54.594287266398084,317400
2005-12-08,54.64873123168945,54.66914711169903,54.614701303514785,54.635117183524365,155300
2005-12-09,54.59430694580078,54.641945748682765,54.587499919034755,54.62833169515072,869500
2005-12-12,54.58749008178711,54.621520017244585,54.5534653385688,54.621520017244585,1200500
2005-12-13,54.61471939086914,54.65555116441101,54.587496477761306,54.60111053043511,354600
2005-12-14,54.67592239379883,54.70314528467196,54.64870469516123,54.662313544480035,368200
2005-12-15,54.67592239379883,54.68953643535316,54.62828363282974,54.675922393798835,420900
2005-12-16,54.70998764038086,54.7304035236626,54.67595770675203,54.72360169072794,161500
2005-12-19,54.67592239379883,54.71675932622629,54.65550652370287,54.65550652370287,182100
2005-12-20,54.669189453125,54.68960534894675,54.641966527948654,54.68960534894675,389300
2005-12-21,54.669189453125,54.68960534894675,54.641966527948654,54.68960534894675,363400
2005-12-22,54.716800689697266,54.73721657522673,54.67596372639888,54.70318663785132,1288100
2005-12-23,54.74396514892578,54.78479687638712,54.68271236549987,54.69632640280958,196100
2005-12-27,54.750797271728516,54.7916342140209,54.709965521672906,54.709965521672906,552500
2005-12-28,54.818382263183594,54.83203336632101,54.750111122426134,54.81155410743649,401000
2005-12-29,54.777408599853516,54.797887855022886,54.72962193500638,54.797887855022886,418800
2005-12-30,54.75696563720703,54.804752333726846,54.72965820943009,54.76379379624109,410400
2006-01-03,54.832061767578125,54.85254103707026,54.72966021175799,54.72966021175799,1075400
2006-01-04,54.886619567871094,54.886619567871094,54.811525518890804,54.81835367107649,345500
2006-01-05,54.83888626098633,54.88667295606001,54.83205810215891,54.83205810215891,274400
2006-01-06,54.85252380371094,54.859351960849565,54.818393434733494,54.825216383514274,500200
2006-01-09,54.85935974121094,54.85935974121094,54.81840120928598,54.85253158310392,351500
2006-01-10,54.80475616455078,54.83889175374784,54.79792800503944,54.80475616455078,406000
2006-01-11,54.80475616455078,54.85937102392221,54.78427689437641,54.81841248357347,484700
2006-01-12,54.832061767578125,54.866197355638,54.80475433880213,54.825233608294255,450600
2006-01-13,54.94131088256836,54.94131088256836,54.86621672900833,54.886696005731736,226500
2006-01-17,54.92076873779297,54.927596892319194,54.88663838187352,54.92076873779296,447900
2006-01-18,54.91401290893555,54.95497146944183,54.90035658319198,54.927664026316904,393200
2006-01-19,54.92076873779297,54.927596892319194,54.88663838187352,54.92076873779296,588600
2006-01-20,54.94131088256836,54.94813383590195,54.87986784403682,54.89352416742664,383900
2006-01-23,54.948081970214844,54.954910125464636,54.88664419803596,54.91395161067871,565500
2006-01-24,54.9344367980957,54.94126495408257,54.900301226518316,54.94126495408257,227300
2006-01-25,54.85935974121094,54.93445385531243,54.85935974121094,54.93445385531243,244600
2006-01-26,54.866214752197266,54.86621475219727,54.81842803877729,54.838907314762835,220000
2006-01-27,54.8252067565918,54.89347789927444,54.81838380900908,54.89347789927444,362800
2006-01-30,54.85252380371094,54.859351960849565,54.81156527759487,54.84569564657231,204100
2006-01-31,54.85252380371094,54.87300306676897,54.818393434733494,54.8320445406529,256400
2006-02-01,54.80253219604492,54.85046622813077,54.78198978578207,54.82992381786793,950100
2006-02-02,54.80253219604492,54.82992381786793,54.77514057422191,54.82992381786793,435200
2006-02-03,54.82992935180664,54.82992935180664,54.75460369029522,54.78199531488285,250800
2006-02-06,54.80253219604492,54.81623061916526,54.78198978578207,54.81623061916526,192800
2006-02-07,54.80938720703125,54.81623641931614,54.76145316987346,54.81623641931614,195800
2006-02-08,54.788848876953125,54.82993370488729,54.77515045136266,54.82993370488729,334300
2006-02-09,54.775177001953125,54.82311106591709,54.754634578028735,54.82311106591709,226500
2006-02-10,54.73405456542969,54.82992262752011,54.73405456542969,54.82992262752011,610800
2006-02-13,54.775177001953125,54.79571942587752,54.754634578028735,54.78887543418348,159200
2006-02-14,54.775177001953125,54.7820262180683,54.72724293798916,54.74094137021952,296100
2006-02-15,54.768314361572266,54.82309239857827,54.75461593400624,54.82309239857827,435800
2006-02-16,54.80938720703125,54.81623641931614,54.76830238215835,54.795688782461475,167200
2006-02-17,54.850502014160156,54.857351230188954,54.809417166829554,54.843652798131366,353400
2006-02-21,54.80938720703125,54.836778831752596,54.7888447945948,54.80938720703126,11045800
2006-02-22,54.850502014160156,54.85050201416016,54.809417166829554,54.843652798131366,230700
2006-02-23,54.80253219604492,54.843617016570605,54.788838997342246,54.8367730294281,288200
2006-02-24,54.82305908203125,54.85045069609776,54.79566746796473,54.829908291651925,282600
2006-02-27,54.79567337036133,54.85045660439541,54.78882938441963,54.84360739403696,216200
2006-02-28,54.871009826660156,54.884708250077146,54.83677421695325,54.84361820424397,270800
2006-03-01,54.84281921386719,54.93215431602368,54.84281921386719,54.90466699556555,556600
2006-03-02,54.86349868774414,54.88411813463011,54.822270279325316,54.88411813463011,207300
2006-03-03,54.8084831237793,54.86345254120989,54.794736837417545,54.86345254120989,251000
2006-03-06,54.8291130065918,54.84285405421506,54.801625668671626,54.83598615174025,797100
2006-03-07,54.8291130065918,54.8291130065918,54.78101147589991,54.79475252352317,276800
2006-03-08,54.86349868774414,54.870371836706134,54.808529224077894,54.84288448353473,865100
2006-03-09,54.88410186767578,54.88410186767578,54.836000324551655,54.86348242690116,785800
2006-03-10,54.8291130065918,54.85660034451197,54.80849881382008,54.85660034451197,153300
2006-03-13,54.8291130065918,54.85660034451197,54.82223986144334,54.85660034451197,168200
2006-03-14,54.939022064208984,54.94589520497234,54.835951166110185,54.835951166110185,556900
2006-03-15,54.95280456542969,54.95967771072316,54.91157617901631,54.91844408163603,161900
2006-03-16,55.048988342285156,55.06272938538415,54.95278531257643,54.97339949856088,522100
2006-03-17,55.02836227416992,55.048976455703205,54.98712866843256,55.03523017290049,362600
2006-03-20,55.05583572387695,55.055835723876946,55.021475268199254,55.042089444538085,421400
2006-03-21,54.959659576416016,55.014628992605076,54.93904014733909,54.980273762820914,195500
2006-03-22,54.97341537475586,55.007775856434456,54.95280118281808,54.98028851962627,440000
2006-03-23,54.959659576416016,55.00088794922582,54.93904014733909,54.98714166317453,673000
2006-03-24,55.03523254394531,55.04897882734024,54.94590267256227,54.97338999668113,165200
2006-03-27,55.02152633666992,55.0283994827187,54.973424799677176,55.02152633666992,136700
2006-03-28,54.97341537475586,55.03525795056922,54.95967432768848,55.01464375863143,716500
2006-03-29,54.97341537475586,54.98028851962627,54.93905489307727,54.95280118281808,586800
2006-03-30,54.9459228515625,54.97341018577614,54.9046944715785,54.966537041554496,554600
2006-03-31,54.96653747558594,54.98028376413777,54.93905014115525,54.96653747558594,333900
2006-04-03,54.93624496459961,54.956927950063715,54.87419074803804,54.89487899367139,526700
2006-04-04,54.977542877197266,54.98443895053819,54.922390070958016,54.956859917337205,313800
2006-04-05,54.98451232910156,55.02587830402587,54.97761624655759,55.02587830402587,1029300
2006-04-06,54.977542877197266,55.012017983739185,54.956859917337205,55.00512191039825,3739500
2006-04-07,54.9431266784668,54.977596558503116,54.91554761833702,54.977596558503116,230300
2006-04-10,54.956912994384766,54.956912994384766,54.92244311471478,54.950016914383646,1151000
2006-04-11,55.00511169433594,55.005111694335945,54.949953638178435,54.98442873831731,397600
2006-04-12,54.970672607421875,55.0189346185192,54.956880455585676,55.0189346185192,511800
2006-04-13,54.96379089355469,54.98447386654876,54.9155288698465,54.98447386654876,376500
2006-04-17,54.998252868652344,54.998252868652344,54.94310003530553,54.98446597535697,702100
2006-04-18,55.07413101196289,55.101710077287116,54.99828989736347,55.00518597873674,3043100
2006-04-19,55.060298919677734,55.060298919677734,54.991353943036884,54.991353943036884,694600
2006-04-20,55.039642333984375,55.053429231854984,55.01895935709493,55.053429231854984,447300
2006-04-21,55.039642333984375,55.06032531087382,55.01895935709493,55.06032531087382,385400
2006-04-24,55.06721496582031,55.08789794029691,55.03273983491502,55.05342280939162,242500
2006-04-25,55.02580261230469,55.067173790489896,54.984436694281996,55.067173790489896,344100
2006-04-26,54.98451232910156,55.02587830402587,54.97072542418337,55.02587830402587,284200
2006-04-27,55.07413101196289,55.08792317470943,54.95692392946155,54.95692392946155,492600
2006-04-28,55.08786392211914,55.12922984552781,55.06718096041481,55.10165080986763,207000
2006-05-01,55.055381774902344,55.103808463421586,55.013879216214974,55.0968896111277,277700
2006-05-02,55.06229782104492,55.08996795127234,55.02079526447265,55.05537896910364,445700
2006-05-03,55.06229782104492,55.09688680321362,55.04154654275879,55.08996795127234,1665200
2006-05-04,55.06916046142578,55.08299287365127,55.02765794721699,55.02765794721699,397400
2006-05-05,55.08305358886719,55.110723721349856,55.055383456384526,55.055383456384526,376800
2006-05-08,55.07614517211914,55.096896454040085,55.0415561838918,55.08997760088689,281500
2006-05-09,55.08305358886719,55.089972441372396,55.03463217640706,55.03463217640706,233800
2006-05-10,55.08305358886719,55.17989641378745,55.02771860144,55.08305358886719,454100
2006-05-11,55.10383224487305,55.10383224487304,55.05540553545403,55.08999453431325,343300
2006-05-12,55.08305358886719,55.110723721349856,55.04846988141747,55.1038101463828,2040900
2006-05-15,55.11073684692383,55.12457455522992,55.07615313123739,55.11073684692383,350900
2006-05-16,55.15916442871094,55.16608328363638,55.09691056700189,55.13149428654914,607600
2006-05-17,55.13142395019531,55.15218048849058,55.08300258257287,55.138342796293735,463200
2006-05-18,55.18681335449219,55.21448348601629,55.145310795975,55.145310795975,491400
2006-05-19,55.172950744628906,55.21445328044174,55.15219947672249,55.19370201253532,353000
2006-05-22,55.172950744628906,55.23520454834816,55.166031896148404,55.18678316405482,543600
2006-05-23,55.20750427246094,55.20750427246094,55.13833165804974,55.20059070529235,307400
2006-05-24,55.242156982421875,55.26290826294446,55.20065442137671,55.26290826294446,298000
2006-05-25,55.242156982421875,55.276745968318366,55.22140570189929,55.276745968318366,603700
2006-05-26,55.262916564941406,55.30441913222139,55.23524642757506,55.24216528130142,1221300
2006-05-30,55.221412658691406,55.26291522496506,55.21449380513281,55.23524508826964,977400
2006-05-31,55.17989730834961,55.26982655976072,55.17989730834961,55.262907707143356,412200
2006-06-01,55.24789810180664,55.2687193271024,55.178492252378454,55.220134702969986,1356100
2006-06-02,55.33113479614258,55.351956001305375,55.28949238581697,55.33807696297076,1762200
2006-06-05,55.282630920410156,55.33815774545003,55.26180968485258,55.30345215596774,325800
2006-06-06,55.282630920410156,55.29650997900538,55.24792533092786,55.282630920410156,195800
2006-06-07,55.24789810180664,55.282603674184166,55.240955928265755,55.240955928265755,256700
2006-06-08,55.31038284301758,55.345083129961914,55.24791385399236,55.29649849197714,772000
2006-06-09,55.31038284301758,55.32426189872964,55.261798205032804,55.30344066749736,689600
2006-06-12,55.31727600097656,55.32421817100976,55.28257574145898,55.30339695623437,1695900
2006-06-13,55.30345916748047,55.338164761362826,55.28263792928312,55.296516989637965,322200
2006-06-14,55.24789810180664,55.27566150064329,55.21319782475599,55.2687193271024,507600
2006-06-15,55.234004974365234,55.247884022583214,55.18542036261399,55.192357239060215,1066600
2006-06-16,55.20625305175781,55.23401644928719,55.17154748101444,55.19236870532981,357700
2006-06-19,55.18543243408203,55.199311485335976,55.16461120953778,55.192369312045656,286100
2006-06-20,55.178531646728516,55.192410708392266,55.15771040656757,55.17853164672852,460500
2006-06-21,55.19236755371094,55.22013095066101,55.17154632983001,55.22013095066101,1958400
2006-06-22,55.16463088989258,55.18545212186495,55.13686748215322,55.18545212186495,323000
2006-06-23,55.150760650634766,55.17852406547838,55.12299723579116,55.17852406547838,322900
2006-06-26,55.15768051147461,55.17155956561601,55.12991710786403,55.17155956561601,230200
2006-06-27,55.19236755371094,55.213194072918384,55.164609452087376,55.17848850289916,1816700
2006-06-28,55.16463088989258,55.19933117807033,55.12992530638624,55.19933117807033,378200
2006-06-29,55.26182174682617,55.26875862997315,55.15771025098441,55.15771025098441,557000
2006-06-30,55.31038284301758,55.317319723209415,55.24791385399236,55.24791385399236,1242600
2006-07-03,55.30199432373047,55.315921958744326,55.23234552093512,55.23930668151053,916000
2006-07-05,55.25331115722656,55.288132946770425,55.20455640076922,55.281171777183594,2003600
2006-07-06,55.29507827758789,55.29507827758789,55.232395892065576,55.24632353978124,1200600
2006-07-07,55.33681869506836,55.33681869506836,55.281102838505035,55.32289105939335,476800
2006-07-10,55.33681869506836,55.34378516983751,55.301996948949196,55.33681869506836,667700
2006-07-11,55.33681869506836,55.371645755050814,55.3298575341625,55.357718119375804,305600
2006-07-12,55.35775375366211,55.364714919048936,55.315960192007616,55.329893150514685,2930100
2006-07-13,55.427371978759766,55.427371978759766,55.343790215499745,55.392544915602144,456800
2006-07-14,55.43436813354492,55.469195218687325,55.399546362269646,55.44133461334683,333800
2006-07-17,55.427371978759766,55.44826609110883,55.392544915602144,55.392544915602144,792500
2006-07-18,55.38557815551758,55.42040521849619,55.35772288177119,55.38557815551758,823300
2006-07-19,55.462215423583984,55.47614837984279,55.322917744191045,55.322917744191045,594000
2006-07-20,55.5318489074707,55.5318489074707,55.434334191552864,55.434334191552864,386300
2006-07-21,55.5179328918457,55.580620563068,55.490072295065296,55.580620563068,1209200
2006-07-24,55.5179328918457,55.559721130083574,55.504005250388246,55.53186584716866,161200
2006-07-25,55.504005432128906,55.53882719281932,55.476144835257266,55.53186602900055,255000
2006-07-26,55.57369613647461,55.594590271403554,55.51100841781825,55.53886903568002,872800
2006-07-27,55.601505279541016,55.62936587160999,55.58061116395544,55.58061116395544,724900
2006-07-28,55.67119598388672,55.685123633466596,55.615474757830036,55.615474757830036,500800
2006-07-31,55.678123474121094,55.70598406763861,55.6641905204299,55.692051113947414,401900
2006-08-01,55.71237564086914,55.7263591488295,55.677427537259604,55.70538922003464,202700
2006-08-02,55.71237564086914,55.74732907762436,55.691405712074285,55.71237564086914,302400
2006-08-03,55.70539855957031,55.733360247033396,55.67743687210724,55.72636849188098,249400
2006-08-04,55.75428009033203,55.81019808187552,55.74029659258982,55.74728834146092,681400
2006-08-07,55.775272369384766,55.78226412105953,55.747310695829654,55.76128886603525,342700
2006-08-08,55.803260803222656,55.81723898013145,55.72636749735812,55.76830736123097,464800
2006-08-09,55.82419204711914,55.83118379730126,55.78225221231201,55.810208546754914,499900
2006-08-10,55.81028366088867,55.83824536610754,55.78232728881975,55.8312589396653,238600
2006-08-11,55.76131820678711,55.79627165040895,55.74034827387269,55.78927989505523,224100
2006-08-14,55.73333740234375,55.77527724977424,55.71935389777066,55.768285497487696,351600
2006-08-15,55.81028366088867,55.817275420480875,55.78232728881975,55.81028366088867,356800
2006-08-16,55.9011116027832,55.90810335625515,55.85917174824216,55.88014167551268,654800
2006-08-17,55.89410400390625,55.90808750688595,55.866142331090636,55.89410400390625,262500
2006-08-18,55.91511154174805,55.922103297941554,55.887149850121396,55.9081251187019,252900
2006-08-21,55.950008392333984,55.950008392333984,55.90806856389267,55.94301664321311,294200
2006-08-22,55.94303512573242,55.96400504688114,55.922065204583696,55.95002687716324,276500
2006-08-23,55.929100036621094,55.95006997392237,55.915116522988356,55.93608646028962,389100
2006-08-24,55.96403121948242,55.96403121948242,55.93606953382609,55.94306128852673,315800
2006-08-25,55.97799301147461,55.99197118230665,55.94303958467829,55.97100125948652,287700
2006-08-28,55.99196243286133,55.99196243286133,55.95701434467024,55.984970681965784,210100
2006-08-29,56.01300048828125,56.01300048828125,55.929120708074116,55.978052357578214,419000
2006-08-30,56.04792022705078,56.04792022705078,56.01296678423008,56.01296678423008,153400
2006-08-31,56.09686279296875,56.103854549526474,56.04093940680226,56.075892856443225,290200
2006-09-01,56.160667419433594,56.195742699643425,56.08349430939768,56.097523350970995,312800
2006-09-05,56.09751510620117,56.125578537776335,56.06945167462601,56.125578537776335,369900
2006-09-06,56.09751510620117,56.09751510620117,56.04840543908271,56.09049791016931,398200
2006-09-07,56.09751510620117,56.11154949826489,56.06945167462601,56.10453230223303,556300
2006-09-08,56.13262939453125,56.153675642695234,56.111583146367266,56.12561219429143,491500
2006-09-11,56.125633239746094,56.1466794958018,56.09055257794826,56.1466794958018,371900
2006-09-12,56.153621673583984,56.15362167358398,56.09047763722413,56.10451202421536,262500
2006-09-13,56.160667419433594,56.18872550258023,56.132603983733894,56.1536502223704,266300
2006-09-14,56.111572265625,56.18172819675265,56.111572265625,56.167693798994456,560200
2006-09-15,56.13262939453125,56.18173909109903,56.0905315456478,56.18173909109903,682900
2006-09-18,56.125633239746094,56.125633239746094,56.05547726870791,56.10458698369039,177000
2006-09-19,56.20273208618164,56.20974927977255,56.14660524255521,56.195714892590736,729500
2006-09-20,56.22379684448242,56.26588931479976,56.181704374165086,56.23783123628965,645500
2006-09-21,56.32206726074219,56.336101665278555,56.19578438270011,56.23788224375216,574400
2006-09-22,56.350101470947266,56.357118669573445,56.32203802899681,56.357118669573445,841000
2006-09-25,56.399208068847656,56.41324246533175,56.3571155845033,56.399208068847656,382000
2006-09-26,56.336082458496094,56.40623839958838,56.3290652586203,56.40623839958838,497800
2006-09-27,56.37813949584961,56.42724915898416,56.343058871088424,56.41322012061079,828800
2006-09-28,56.399208068847656,56.399208068847656,56.32905214408907,56.399208068847656,766900
2006-09-29,56.34304428100586,56.41320551235991,56.32901524626532,56.40618831871441,289900
2006-10-02,56.40922546386719,56.42330604230508,56.338811827245515,56.402182488540184,486500
2006-10-03,56.41633987426758,56.44450643902433,56.38817330951083,56.43042047053449,384800
2006-10-04,56.5148811340332,56.52896172057567,56.444467456882464,56.46559102280577,438300
2006-10-05,56.458587646484375,56.52195838870589,56.42337809710155,56.52195838870589,409000
2006-10-06,56.388160705566406,56.43745083981761,56.33182758864456,56.43745083981761,1015600
2006-10-09,56.39517593383789,56.43742844087092,56.35292879902444,56.423342481120045,202800
2006-10-10,56.31773376464844,56.37406149611535,56.29660482160033,56.36702388731977,296500
2006-10-11,56.31068420410156,56.37405490918006,56.26139408718945,56.34588836062745,327300
2006-10-12,56.33889389038086,56.352974489328524,56.29664134908999,56.29664134908999,1874600
2006-10-13,56.31773376464844,56.324771373444015,56.28956721280475,56.324771373444015,532800
2006-10-16,56.34585952758789,56.34585952758789,56.28248885493713,56.28248885493713,524200
2006-10-17,56.3529052734375,56.388114785896214,56.324738737914,56.381071808961,391900
2006-10-18,56.35995101928711,56.37403160163196,56.32474150509858,56.35995101928711,309300
2006-10-19,56.3529052734375,56.37402883202579,56.324738737914,56.36699122730792,817100
2006-10-20,56.374053955078125,56.374053955078125,56.33884979914804,56.374053955078125,542100
2006-10-23,56.34585952758789,56.34585952758789,56.310655389076494,56.34585952758789,219900
2006-10-24,56.34585952758789,56.352902504176996,56.3176983656656,56.33882192321585,321400
2006-10-25,56.40922546386719,56.42330604230508,56.31768827348062,56.366978356337405,1177200
2006-10-26,56.47967529296875,56.486718272808936,56.416304591065796,56.45855172566777,1000200
2006-10-27,56.535980224609375,56.54302320094119,56.49373311105224,56.535980224609375,612700
2006-10-30,56.50083541870117,56.521958999670005,56.48675482212962,56.48675482212962,281400
2006-10-31,56.57828903198242,56.57828903198242,56.500832324523124,56.500832324523124,471700
2006-11-01,56.6185417175293,56.67508380933479,56.56906873523715,56.60440349850259,745900
2006-11-02,56.60441970825195,56.64682898532611,56.59735598886643,56.64682898532611,287800
2006-11-03,56.498409271240234,56.54081315561826,56.470138217604166,56.533744044171215,572800
2006-11-06,56.49134826660156,56.505481099371664,56.463077208908445,56.484279154140054,362700
2006-11-07,56.56201171875,56.57614994079947,56.53374066680286,56.56201171874999,150500
2006-11-08,56.590293884277344,56.59736299669036,56.54788999410499,56.57616105160419,406800
2006-11-09,56.58322525024414,56.61149630798235,56.5690924174515,56.61149630798235,1603400
2006-11-10,56.625614166259766,56.63974699396922,56.59734311868987,56.632677884039005,236500
2006-11-13,56.625614166259766,56.632677884039005,56.5761411810502,56.632677884039005,785200
2006-11-14,56.632694244384766,56.6751035240665,56.61856141259254,56.6751035240665,391800
2006-11-15,56.597354888916016,56.63975877301385,56.57615294686709,56.63268966161352,277400
2006-11-16,56.576148986816406,56.64682391941661,56.5549416540998,56.61148375704065,3239700
2006-11-17,56.64683532714844,56.67510638431219,56.611495157655554,56.62563338231383,464300
2006-11-20,56.66092300415039,56.67506121754132,56.61851914827461,56.61851914827461,309600
2006-11-21,56.67513656616211,56.6892694061939,56.63979637784911,56.67513656616211,394500
2006-11-22,56.71754455566406,56.738746513313735,56.66807152376281,56.738746513313735,281500
2006-11-24,56.724571228027344,56.76697511159792,56.69630017492962,56.71043300540247,271100
2006-11-27,56.7598991394043,56.77403736032021,56.675091382514324,56.73162808972384,370300
2006-11-28,56.78816604614258,56.8093679838183,56.75283128073337,56.78109693620034,405700
2006-11-29,56.78816604614258,56.830575313645,56.78109693620034,56.82350620370276,357100
2006-11-30,56.85179138183594,56.85885510138287,56.80938210379268,56.83058943889047,855400
2006-12-01,56.96315002441406,56.99152230957863,56.85676071937203,56.89931644138885,241800
2006-12-04,56.95607376098633,56.97735162675765,56.934790483753716,56.96316277526925,276800
2006-12-05,56.95607376098633,57.00572391827318,56.89932917795527,56.97025720101345,3681300
2006-12-06,56.94900131225586,56.977373614720456,56.927723438273254,56.977373614720456,1438800
2006-12-07,56.9348258972168,56.9631982063799,56.927736878524506,56.956109187687616,1203900
2006-12-08,56.863792419433594,56.94181477213292,56.856703413882464,56.94181477213292,471200
2006-12-11,56.870933532714844,56.913489246782234,56.863839109883926,56.899305812579456,523800
2006-12-12,56.94900131225586,56.95609574073785,56.892256707326666,56.90644556429065,267500
2006-12-13,56.870933532714844,56.90640023541037,56.84965567568115,56.88511696691762,322000
2006-12-14,56.8425407409668,56.87800743086402,56.82835731188217,56.87800743086402,1122100
2006-12-15,56.863792419433594,56.956003606144414,56.849608996876725,56.94890918913867,889400
2006-12-18,56.863792419433594,56.87798125344508,56.84251457987098,56.87088683643934,1125500
2006-12-19,56.870933532714844,56.89221138974854,56.856750098512066,56.863839109883926,261800
2006-12-20,56.90637969970703,56.913468708520696,56.87800743008107,56.89928527943626,593100
2006-12-21,56.94900131225586,56.98446263173908,56.885162278844675,56.92062900979126,1347900
2006-12-22,56.94188690185547,56.97025919436373,56.892236742831386,56.920609035339645,1097100
2006-12-26,56.94188690185547,56.96316476837129,56.906425594816255,56.96316476837129,1254300
2006-12-27,56.91056442260742,56.96036717605469,56.896337390805215,56.96036717605469,547400
2006-12-28,56.87500762939453,56.93903742984267,56.846548130941706,56.931921198205885,689900
2006-12-29,56.88922882080078,56.896345051706575,56.84654229155354,56.85365852245933,898300
2007-01-03,56.94612503051758,56.981695314629114,56.88920606222922,56.9176655463734,1245700
2007-01-04,57.00303649902344,57.00303649902344,56.94611753822381,56.967460791500955,500200
2007-01-05,56.96749496459961,56.96749496459961,56.90346516635861,56.93191923573631,261300
2007-01-08,56.93191909790039,56.96037859530331,56.9319190979004,56.96037859530331,267000
2007-01-09,56.95323944091797,56.967466468490215,56.92477995768208,56.953239440917976,674500
2007-01-10,56.939002990722656,56.974578699294575,56.93188676339007,56.974578699294575,286300
2007-01-11,56.896339416503906,56.93902594152334,56.88210695610195,56.91768267901362,685200
2007-01-12,56.86075210571289,56.91767107953453,56.84652507630353,56.91767107953453,258200
2007-01-16,56.91771697998047,56.93906025535252,56.73984911441803,56.90348993909793,422500
2007-01-17,56.896339416503906,56.93190971132236,56.87499615399419,56.91768267901362,621300
2007-01-18,56.91771697998047,56.931944020863014,56.87503042923636,56.896373704608415,611400
2007-01-19,56.91056442260742,56.93190768435725,56.8892211608576,56.924796882502655,412500
2007-01-22,56.93191909790039,56.9319190979004,56.89634879721733,56.92480829462025,301300
2007-01-23,56.90346145629883,56.924804720987595,56.88211276351629,56.924804720987595,318600
2007-01-24,56.93191909790039,57.05998412216646,56.89634879721733,56.90346502859158,529300
2007-01-25,56.88922882080078,56.9176883163302,56.86076932527137,56.9176883163302,708800
2007-01-26,56.896339416503906,56.924798909214594,56.86787992379321,56.88210695610195,502500
2007-01-29,56.90346145629883,56.939031754748854,56.875001960682546,56.91057225913257,877600
2007-01-30,56.91771697998047,56.931944020863014,56.896373704608415,56.91771697998047,297900
2007-01-31,56.981727600097656,56.981727600097656,56.910581563472135,56.910581563472135,526800
2007-02-01,56.97462844848633,57.04604203579692,56.95320491714389,57.04604203579692,520400
2007-02-02,56.995994567871094,57.00313755395927,56.96029053443413,56.995994567871094,303900
2007-02-05,56.981719970703125,57.02456699468467,56.97457698387202,57.0031434826939,758800
2007-02-06,57.04600143432617,57.05314442252558,56.98887387424169,57.01029739033632,296300
2007-02-07,57.07453918457031,57.09596268987182,57.05311567926881,57.06025866386959,1107600
2007-02-08,57.09600067138672,57.10314366073917,57.06029662163337,57.08172014118627,217200
2007-02-09,57.03882598876953,57.07453000903183,57.031683005317085,57.067392474079355,437300
2007-02-12,57.03882598876953,57.067392474079355,57.02454002186464,57.03882598876953,534200
2007-02-13,57.03171157836914,57.06742106502197,57.03171157836914,57.06742106502197,689500
2007-02-14,57.160240173339844,57.167383158130455,57.081683686146086,57.081683686146086,596200
2007-02-15,57.18874740600586,57.210170889678054,57.174461451227494,57.203027912288874,435900
2007-02-16,57.20313262939453,57.224556152285025,57.167428574078805,57.19598963892926,344200
2007-02-20,57.19596862792969,57.22453513079152,57.18883108859171,57.18883108859171,258100
2007-02-21,57.231666564941406,57.231666564941406,57.195957081447176,57.195957081447176,223400
2007-02-22,57.19596862792969,57.21739759145355,57.16740757357117,57.21025460361226,250200
2007-02-23,57.26020812988281,57.26735111317191,57.210218143858775,57.22449866193714,380300
2007-02-26,57.30305099487305,57.310193977646364,57.267346978005335,57.27448451227921,462800
2007-02-27,57.43877029418945,57.48876030259945,57.30308079343278,57.331647290881676,1362900
2007-02-28,57.39591979980469,57.46733331485526,57.360210318028436,57.44590980519028,666500
2007-03-01,57.4754753112793,57.52563446571875,57.41814900136626,57.468308155805715,1002300
2007-03-02,57.5399284362793,57.554257270242914,57.48976931700565,57.50409815096927,974400
2007-03-05,57.56144332885742,57.5901064731341,57.496949887500946,57.5901064731341,1420400
2007-03-06,57.51125717163086,57.56857796631646,57.46825974195015,57.496922872759555,512300
2007-03-07,57.56856918334961,57.582903480034005,57.504081249066985,57.53274437550339,387000
2007-03-08,57.56856918334961,57.57573633169181,57.511248397409176,57.53991152384558,365500
2007-03-09,57.46828079223633,57.48261509635821,57.43245596580206,57.461119107110605,555100
2007-03-12,57.51842498779297,57.53275928819286,57.482600170660824,57.496929004126926,361900
2007-03-13,57.597251892089844,57.625915028271336,57.56142707206365,57.597251892089844,887300
2007-03-14,57.61164093017578,57.66180009941581,57.57581060917315,57.57581060917315,622800
2007-03-15,57.597251892089844,57.60441904286877,57.56858875590835,57.597251892089844,598600
2007-03-16,57.59011459350586,57.597276280383014,57.54711713756018,57.561451445187586,842300
2007-03-19,57.5399284362793,57.554257270242914,57.525594135381695,57.554257270242914,238500
2007-03-20,57.59011459350586,57.61161058801042,57.56861313206474,57.61161058801042,619300
2007-03-21,57.68323516845703,57.69040231847404,57.568582635919526,57.58291693595354,414300
2007-03-22,57.625919342041016,57.67607846737989,57.597256203713854,57.64741532905273,382000
2007-03-23,57.59011459350586,57.66893688464695,57.58294743969215,57.64027373632869,288700
2007-03-26,57.64738845825195,57.66888990217598,57.58290052727616,57.61873080021744,524300
2007-03-27,57.654605865478516,57.66894017392352,57.618781028239745,57.640277023970384,427900
2007-03-28,57.68323516845703,57.75489026782615,57.67606801844003,57.68323516845703,429300
2007-03-29,57.654605865478516,57.66894017392352,57.633109869747884,57.66894017392352,335200
2007-03-30,57.654605865478516,57.73342816111543,57.59011787828661,57.661773019701016,464700
2007-04-02,57.66535949707031,57.67255302138153,57.622209325305704,57.6581659727591,313900
2007-04-03,57.66535949707031,57.679741058641405,57.622209325305704,57.65097793549923,419100
2007-04-04,57.70133972167969,57.71572128775958,57.658184049333876,57.68695266854673,405300
2007-04-05,57.67975997924805,57.70134055926074,57.64380331999984,57.67975997924805,271900
2007-04-09,57.55032730102539,57.579095932336486,57.54313925848915,57.564714360208626,356200
2007-04-10,57.62220001220703,57.636581571453725,57.57904436036604,57.58623788351461,780300
2007-04-11,57.62220001220703,57.66535017699756,57.57904436036604,57.65096861775088,773900
2007-04-12,57.61501693725586,57.622210461708946,57.55747971573408,57.60782341280277,374300
2007-04-13,57.58628463745117,57.636628366264034,57.55032247956131,57.61505326635208,261100
2007-04-16,57.579097747802734,57.629441482420646,57.57190970503985,57.6078663800209,285500
2007-04-17,57.672576904296875,57.6797649445334,57.629421227609626,57.658189849716585,398000
2007-04-18,57.75166320800781,57.75166320800781,57.70131951377973,57.708507550775785,977800
2007-04-19,57.75166320800781,57.78042633009431,57.72289459887018,57.75166320800781,223200
2007-04-20,57.7373046875,57.75169174270293,57.70134802360038,57.722923119350924,293200
2007-04-23,57.780452728271484,57.78764625560519,57.60784648163812,57.74449606571026,1900700
2007-04-24,57.83084487915039,57.83084487915039,57.766114059183664,57.77330759185946,264000
2007-04-25,57.8092155456543,57.830796125488405,57.794833979484665,57.8092155456543,847200
2007-04-26,57.766075134277344,57.80922532714049,57.737306510017234,57.80922532714049,1356200
2007-04-27,57.78761291503906,57.80199996140587,57.75165627322303,57.794806438222466,267400
2007-04-30,57.83084487915039,57.859608035738134,57.78768917015333,57.79488270282913,266000
2007-05-01,57.80628204345703,57.88567680681933,57.79184913495567,57.87846310588962,352500
2007-05-02,57.83517074584961,57.849609165331465,57.79908571043214,57.83517074584961,240900
2007-05-03,57.79183578491211,57.82070710188742,57.77018367384079,57.80626869007944,301300
2007-05-04,57.82067108154297,57.84232317912575,57.80623267872962,57.82789028294964,272600
2007-05-07,57.82067108154297,57.84954238053243,57.81345188013629,57.82789028294964,917000
2007-05-08,57.849544525146484,57.863977421857655,57.8206732250867,57.849544525146484,311100
2007-05-09,57.80628204345703,57.87124389831798,57.79906834252731,57.84959178224497,547900
2007-05-10,57.85683059692383,57.85683059692383,57.81352084345863,57.820740053476804,458000
2007-05-11,57.83517074584961,57.900132620230785,57.80629941352948,57.900132620230785,1229700
2007-05-14,57.79183578491211,57.849578418862734,57.79183578491211,57.835140007054754,280100
2007-05-15,57.80628204345703,57.856810989816616,57.79906834252731,57.84959178224497,947000
2007-05-16,57.86397933959961,57.878417743426745,57.770151741273736,57.84232724049654,1348000
2007-05-17,57.827903747558594,57.849555850182846,57.80624613829584,57.84233664709526,394500
2007-05-18,57.77016830444336,57.813472515065186,57.76294910046,57.813472515065186,859700
2007-05-21,57.78461837768555,57.82070890168825,57.77018547206897,57.77018547206897,852300
2007-05-22,57.79899597167969,57.820648060641844,57.77012468418514,57.79177677314729,1016600
2007-05-23,57.78461837768555,57.83514180730484,57.78461837768555,57.79905678994296,642200
2007-05-24,57.80628204345703,57.827939666171964,57.75575860373937,57.82072045860032,844700
2007-05-25,57.842369079589844,57.84958828672527,57.77741273529576,57.7846264357896,1649800
2007-05-29,57.78461837768555,57.82792810781696,57.78461837768555,57.81348969555955,311100
2007-05-30,57.827903747558594,57.84233664709526,57.79181323875918,57.820684544471014,466300
2007-05-31,57.79183578491211,57.835140007054754,57.77018367384079,57.835140007054754,948300
2007-06-01,57.762142181396484,57.84182453737074,57.74765699239603,57.78387272819152,1827100
2007-06-04,57.78388977050781,57.79113513043928,57.74767402403114,57.77664993716668,242300
2007-06-05,57.73310470581055,57.78381110311801,57.72586488232578,57.762080579498075,294400
2007-06-06,57.80560302734375,57.820088214897275,57.754896581024205,57.76938176857772,779300
2007-06-07,57.74040985107422,57.791116300892604,57.69694875882661,57.77663111233958,1047900
2007-06-08,57.762142181396484,57.762142181396484,57.71868108780642,57.73316627680687,1129500
2007-06-11,57.769351959228516,57.78383713930759,57.74037607248506,57.74762142581725,358400
2007-06-12,57.718658447265625,57.76211952380778,57.689682554042,57.72590380221816,855700
2007-06-13,57.73310470581055,57.7548407560133,57.68964365857067,57.718619532258195,592200
2007-06-14,57.73310470581055,57.74759540594572,57.704134358705836,57.72586488232578,341300
2007-06-15,57.8128547668457,57.8128547668457,57.73317240241698,57.762148310080995,343400
2007-06-18,57.8128547668457,57.820100125409034,57.762148310080995,57.791124217745015,461500
2007-06-19,57.91426467895508,57.92875539533075,57.83458231865591,57.87080358300608,1196700
2007-06-20,57.856300354003906,57.89976143640202,57.82007910094728,57.88527625113174,1038700
2007-06-21,57.87805938720703,57.914275131504525,57.863568668216026,57.88530474670253,178800
2007-06-22,57.95771026611328,57.95771026611328,57.856297394646774,57.856297394646774,353100
2007-06-25,58.008384704589844,58.008384704589844,57.93594776872505,57.993894001466515,380200
2007-06-26,57.97218322753906,57.99391376304484,57.95045269203328,57.99391376304484,462100
2007-06-27,57.96497344970703,58.044655813190765,57.96497344970703,58.044655813190765,450500
2007-06-28,57.95048522949219,58.00843704110302,57.93600003988394,57.979461135297605,360800
2007-06-29,58.06638717651367,58.07362700781433,57.97221410371731,58.015675197876384,1063700
2007-07-02,58.10419464111328,58.11873460842216,58.06056364420969,58.07510915900704,4806500
2007-07-03,58.082420349121094,58.126051379062254,58.04606762957826,58.111505853250975,296400
2007-07-05,58.00243377685547,58.04606480467325,57.98062103669278,58.02425206451056,820300
2007-07-06,57.995121002197266,58.009660968385994,57.944222799304626,57.995121002197266,991700
2007-07-09,58.03872299194336,58.03872299194336,57.980552055722065,57.980552055722065,652600
2007-07-10,58.147769927978516,58.147769927978516,58.05324080580891,58.09687176507323,673700
2007-07-11,58.11872482299805,58.162350265067964,58.096912101963085,58.162350265067964,315300
2007-07-12,58.082420349121094,58.16240409860509,58.04606762957826,58.16240409860509,550100
2007-07-13,58.1114616394043,58.118734396776496,58.06056343277586,58.118734396776496,1058600
2007-07-16,58.169620513916016,58.169620513916016,58.104182353631764,58.11144956200514,295500
2007-07-17,58.133270263671875,58.176901257339125,58.11873029744151,58.133270263671875,2105200
2007-07-18,58.220489501953125,58.24230221110489,58.162318579225406,58.1768640836496,611200
2007-07-19,58.21323013305664,58.22050288694075,58.169604704723554,58.17687745860766,2355100
2007-07-20,58.307796478271484,58.32233644782712,58.24962550507025,58.25689826359274,522700
2007-07-23,58.26416015625,58.30779115591294,58.256892945880196,58.28597842982588,294600
2007-07-24,58.32231140136719,58.33685691216561,58.293225927257296,58.307771438055724,363100
2007-07-25,58.36595916748047,58.380504683843476,58.32233371336961,58.33687922973262,316100
2007-07-26,58.504119873046875,58.54774533165984,58.445948896569824,58.45322165550186,1740500
2007-07-27,58.5695915222168,58.584131499520865,58.4896077783137,58.53323325771819,1063600
2007-07-30,58.49686050415039,58.613202483735385,58.49686050415039,58.576844228242344,778700
2007-07-31,58.59134292602539,58.59134292602539,58.46773383211703,58.50408651106782,449900
2007-08-01,58.53443908691406,58.62202379673146,58.51254430154932,58.578234226001975,865700
2007-08-02,58.5636100769043,58.57091019183117,58.50522586255783,58.53441518555299,386200
2007-08-03,58.7096061706543,58.716900719913355,58.600126679828044,58.607426797445314,678200
2007-08-06,58.636627197265625,58.74610670875316,58.62203252763495,58.69501701250688,2911800
2007-08-07,58.58552932739258,58.72420372715342,58.54173975625062,58.62202434891653,818900
2007-08-08,58.54169464111328,58.56358940981106,58.476010335019936,58.54169464111328,533600
2007-08-09,58.7096061706543,58.7096061706543,58.62202146432165,58.66581103330886,1314300
2007-08-10,58.687686920166016,58.7679659070561,58.66578657644411,58.75337124626406,1899400
2007-08-13,58.73878860473633,58.75338326851476,58.651203916994604,58.673098696840775,603400
2007-08-14,58.819061279296875,58.819061279296875,58.680392499072454,58.680392499072454,1720300
2007-08-15,58.899314880371094,58.95040452377748,58.82633047098391,58.87742011439029,1299000
2007-08-16,59.01615524291992,59.22781414623633,58.97236566580593,59.00155500497576,2481100
2007-08-17,59.06719207763672,59.09638695903824,58.97960743343214,59.016102427272614,936000
2007-08-20,59.14018249511719,59.19127215066294,59.059897955208896,59.06719806838824,1029600
2007-08-21,59.220455169677734,59.28614503842062,59.125575990775474,59.27884492670392,876500
2007-08-22,59.14018249511719,59.16207726630039,59.081792726392095,59.11828772393399,774100
2007-08-23,59.103736877441406,59.17672135827118,59.03804694684335,59.06724185284705,842000
2007-08-24,58.99420928955078,59.09638859310433,58.96501440734199,59.081788367822725,700700
2007-08-27,59.07455825805664,59.089152930902706,58.98697351589879,59.03806322340075,480400
2007-08-28,59.22776412963867,59.22776412963867,59.09638994088016,59.10369005368745,602800
2007-08-29,59.15481185913086,59.26428576897001,59.15481185913086,59.191301306291386,443600
2007-08-30,59.2059211730957,59.25701087074834,59.17672626467143,59.213215723932215,389600
2007-08-31,59.2059211730957,59.30080044920504,59.04535196094189,59.154831475443075,2442400
2007-09-04,59.20295715332031,59.334828835993974,58.81466986251482,59.334828835993974,603600
2007-09-05,59.35677719116211,59.37876045194709,59.268866505775335,59.31282184846872,358700
2007-09-06,59.283531188964844,59.349469808866196,59.18829272626254,59.34214205344612,339600
2007-09-07,59.48867416381836,59.50332967725478,59.41541336495822,59.46669648310438,470900
2007-09-10,59.51067352294922,59.57660658291644,59.41542942818478,59.503345764249914,691300
2007-09-11,59.422752380371094,59.50334095121838,59.422752380371094,59.474035508233754,537700
2007-09-12,59.47401428222656,59.56925274585512,59.42273117266661,59.452036605192255,410100
2007-09-13,59.38611602783203,59.45205466840869,59.33483290269081,59.42274922697922,532100
2007-09-14,59.37882614135742,59.49604238135947,59.20299339718764,59.45941475174079,451100
2007-09-17,59.37144470214844,59.452033239672,59.312833840415045,59.312833840415045,347900
2007-09-18,59.45205307006836,59.48868067878941,58.514301327302064,59.30552586686032,743300
2007-09-19,59.45205307006836,59.547291560072615,59.393442188785144,59.393442188785144,1602400
2007-09-20,59.32754898071289,59.45942075743769,59.32022121827122,59.4227875346744,2156700
2007-09-21,59.40810012817383,59.47403877587248,59.34216706991721,59.35681699749355,418300
2007-09-24,59.47401428222656,59.48134203771791,59.386097984649616,59.430058928157955,289400
2007-09-25,59.525325775146484,59.569281150174255,59.43740943564854,59.51067584661803,611400
2007-09-26,59.48867416381836,59.576590476114916,59.46669648310438,59.517979601250545,528000
2007-09-27,59.59857940673828,59.66451805076754,59.510668667288236,59.510668667288236,878800
2007-09-28,59.532684326171875,59.6499005833544,59.532684326171875,59.58396748671022,701000
2007-10-01,59.54515838623047,59.6113333179634,59.52309446570608,59.574565727036166,5263100
2007-10-02,59.581905364990234,59.59661464163615,59.501021173273664,59.501021173273664,1337200
2007-10-03,59.57460403442383,59.65548829851618,59.54519667470875,59.64078461865864,1713300
2007-10-04,59.60397720336914,59.611331843362,59.55986058330516,59.581918893337146,219200
2007-10-05,59.53776550292969,59.596591366648724,59.47893963921066,59.48629427466132,2065600
2007-10-08,59.59659194946289,59.61865024608746,59.48629485639686,59.603940975042285,268400
2007-10-09,59.46432113647461,59.530496120469664,59.44961184450826,59.48637946447296,1313900
2007-10-10,59.479000091552734,59.50105841038088,59.40547049214264,59.442232486873266,477100
2007-10-11,59.493682861328125,59.50103189102952,59.39073473609892,59.39073473609892,1196000
2007-10-12,59.42750549316406,59.478976753550036,59.39809254295113,59.434860133203955,1798400
2007-10-15,59.42750549316406,59.44956380333711,59.35397592260506,59.376034232778096,2014700
2007-10-16,59.50102615356445,59.63338160472936,59.46426417876331,59.46426417876331,561900
2007-10-17,59.64072036743164,59.69219160640835,59.53777788947821,59.53777788947821,1432000
2007-10-18,59.721614837646484,59.76573144724611,59.68484725634995,59.7436731424463,385600
2007-10-19,59.87603759765625,59.94221252202068,59.75838580774689,59.780449725814485,900600
2007-10-22,59.82454299926758,59.912781807269916,59.70689125526446,59.8171883627814,607400
2007-10-23,59.83192443847656,59.85398274787256,59.78045317990376,59.809860519134126,380100
2007-10-24,59.94960021972656,59.993716860297006,59.868715972047944,59.868715972047944,457500
2007-10-25,59.91282653808594,59.99370516004202,59.91282653808594,59.97164684405871,566300
2007-10-26,59.92012023925781,59.978946100858295,59.87600364802891,59.905416578829154,1568500
2007-10-29,59.92012023925781,59.949533170058054,59.88335828321471,59.927474874443604,592000
2007-10-30,59.91282653808594,59.9275302120921,59.88341358012549,59.898117254131655,293000
2007-10-31,59.81725311279297,59.92019569525536,59.78784014495372,59.89813737186341,554900
2007-11-01,60.011329650878906,60.018711787302,59.848956435092035,59.848956435092035,1776000
2007-11-02,60.08510971069336,60.29176437985097,59.95225947610384,59.95225947610384,418900
2007-11-05,60.07768249511719,60.151486874301796,60.040777490068294,60.144104747109374,520700
2007-11-06,60.04084777832031,60.12941651557486,60.04084777832032,60.06298855490401,996400
2007-11-07,60.21060562133789,60.22536426270094,60.10727823903644,60.14417765790409,484400
2007-11-08,60.30659103393555,60.38039555174743,60.21064572387248,60.25492730837486,1829600
2007-11-09,60.32863998413086,60.56481746013541,60.29174059686105,60.39506789068084,1566300
2007-11-12,60.468875885009766,60.49839877512694,60.34340782519842,60.44673512515077,699100
2007-11-13,60.284366607666016,60.402452546156674,60.225320822962715,60.35817102308717,1081200
2007-11-14,60.31391906738281,60.336059839771515,60.240114615780904,60.262255388169606,570400
2007-11-15,60.51316833496094,60.52055046655252,60.40245888475345,60.446746043386376,630200
2007-11-16,60.51316833496094,60.5648319942689,60.468886807244566,60.51316833496094,434500
2007-11-19,60.71249008178711,60.74201299844343,60.262275456889334,60.52059393898136,973800
2007-11-20,60.69033432006836,60.771515282182236,60.631288501331724,60.69771082422104,620000
2007-11-21,60.8821907043457,60.926477859067006,60.80838628769827,60.80838628769827,1685000
2007-11-23,60.81578826904297,60.88959270978034,60.77888323321534,60.83792903817239,275600
2007-11-26,60.98556900024414,61.369361297142426,60.705109730142134,60.84534218065352,983500
2007-11-27,60.801048278808594,61.24388636188366,60.76414885916576,60.93389857754708,793900
2007-11-28,60.749351501464844,60.801015165564024,60.690311336006545,60.771492267376345,740300
2007-11-29,60.86009216308594,60.963419544257164,60.80104633643954,60.83795138582353,509000
2007-11-30,60.88957977294922,60.911720537374535,60.749347423699994,60.78625245168664,640200
2007-12-03,61.0273551940918,61.03475645961252,60.69411180156626,60.982919351862456,486000
2007-12-04,61.0199089050293,61.11617614307027,60.9606649201653,61.11617614307027,1015400
2007-12-05,61.042171478271484,61.07179349374969,60.94590416533366,60.975520530990096,615100
2007-12-06,60.916259765625,60.99771886580173,60.88663776103167,60.99771886580173,1601200
2007-12-07,60.84959030151367,60.91624120399455,60.78294504885075,60.91624120399455,888000
2007-12-10,60.80520248413086,60.87925469971775,60.775580467931725,60.87184778321249,499000
2007-12-11,61.0273551940918,61.03475645961252,60.76816400552049,60.81259984774983,1751200
2007-12-12,60.87181854248047,60.938469459367184,60.72371418245095,60.760743097367914,452900
2007-12-13,60.7829475402832,60.89402861575913,60.760732455151654,60.81256953706466,493100
2007-12-14,60.63486862182617,60.753356669657755,60.63486862182617,60.731141573144605,539300
2007-12-17,60.81254959106445,60.81254959106445,60.69406164280165,60.69406164280165,662700
2007-12-18,60.77555847167969,60.857017574289664,60.73852955237702,60.827395568811504,697000
2007-12-19,60.93104553222656,60.9680744368037,60.768127391795325,60.85699337288989,718100
2007-12-20,60.97550582885742,61.01994166627144,60.87183162459205,60.96069764959968,1304600
2007-12-21,60.87924575805664,60.960704878184444,60.82740864977722,60.94589669717078,2023700
2007-12-24,60.82737731933594,60.84219114254049,60.75332515276765,60.7829471493586,314800
2007-12-26,60.76811599731445,60.85698196174598,60.723685840006965,60.80514489494839,472700
2007-12-27,60.901126861572266,60.945708596175955,60.81938990207125,60.945708596175955,688500
2007-12-28,60.975433349609375,60.99029770762107,60.893696387819695,60.893696387819695,584100
2007-12-31,61.072021484375,61.072021484375,61.00514322594404,61.01257540334532,1120400
2008-01-02,61.183528900146484,61.25783940047163,61.04978360538979,61.131514951376026,1471100
2008-01-03,61.28010940551758,61.30240028038279,61.16864936209822,61.250386349332864,408400
2008-01-04,61.36927032470703,61.42871643457705,61.33955293886508,61.413857741656074,884700
2008-01-07,61.332115173339844,61.38412909746678,61.30239212111123,61.36183822556846,917400
2008-01-08,61.42123794555664,61.42123794555665,61.28005497136329,61.332068856210064,1154500
2008-01-09,61.39149856567383,61.473235458534205,61.384066392935594,61.45837111305772,2590700
2008-01-10,61.39149856567383,61.48066196218569,61.36920204745911,61.40635724206356,997700
2008-01-11,61.562522888183594,61.57738726360809,61.421345336239995,61.421345336239995,490100
2008-01-14,61.58477783203125,61.58477783203124,61.517905188952554,61.55505476763132,1272300
2008-01-15,61.63680648803711,61.6368064880371,61.55506945870321,61.62194778683831,1448400
2008-01-16,61.68875503540039,61.71105156720122,61.59959158455795,61.67389634995672,965700
2008-01-17,61.79279327392578,61.80765196051502,61.62931937599095,61.65161024042013,1032200
2008-01-18,61.84487533569336,61.88945711368229,61.74827392458816,61.77799699961308,939100
2008-01-22,62.104915618896484,62.77367031615732,61.99345555783731,62.77367031615732,2395400
2008-01-23,62.07521057128906,62.40215866684621,62.06034620198419,62.40215866684621,1906100
2008-01-24,61.88200759887695,62.07520469788961,61.88200759887695,62.07520469788961,1047100
2008-01-25,62.045475006103516,62.067765886475705,61.785405286603456,61.792837469759085,1281300
2008-01-28,62.0157356262207,62.06774955643584,61.97115387720579,62.023167807420926,758600
2008-01-29,61.97861099243164,61.98603750752634,61.89687397362598,61.93402355638597,872000
2008-01-30,62.02321243286133,62.02321243286133,61.859738343396785,61.971198465222365,3025000
2008-01-31,62.08261489868164,62.164351885894504,62.030600967645576,62.14205534194193,905800
2008-02-01,62.150447845458984,62.210051654349456,62.11319972800148,62.20259975720513,1754600
2008-02-04,62.157875061035156,62.52293829829935,62.098271275812074,62.12807316842361,787300
2008-02-05,62.29940414428711,62.32175413249406,62.23234849553904,62.314302241716,1949700
2008-02-06,62.32176971435547,62.34411970815043,62.2472678403294,62.306865929073076,898700
2008-02-07,62.23984146118164,62.373947163052925,62.1876895595723,62.373947163052925,2791400
2008-02-08,62.35160827636719,62.359054489259655,62.26220256446976,62.269654461494206,2447100
2008-02-11,62.37392044067383,62.4186204274368,62.336666662285666,62.36646854817049,669400
2008-02-12,62.39623260498047,62.40368449296594,62.26957892985291,62.2770251337133,936700
2008-02-13,62.41865921020508,62.47826301900854,62.38141109280196,62.41120731307163,632300
2008-02-14,62.37392044067383,62.43352421244347,62.351570447292346,62.39627043405532,1471200
2008-02-15,62.306880950927734,62.4633366293417,62.254729058123075,62.41863663097485,1830200
2008-02-19,62.26215362548828,62.359005474151175,62.22489985378005,62.329209277737604,1031900
2008-02-20,62.187686920166016,62.314340720965895,62.15043312739865,62.284538823578146,822500
2008-02-21,62.3590087890625,62.36646068062578,62.098249425625816,62.150401298313156,588900
2008-02-22,62.29197692871094,62.38882881068193,62.26962693165067,62.29942882244085,1470900
2008-02-25,62.19518280029297,62.32183669066312,62.16538088182915,62.28458287154967,689400
2008-02-26,62.28451919555664,62.29942298161917,62.19511921569717,62.19511921569717,657700
2008-02-27,62.3590087890625,62.41861255331312,62.28450692581313,62.36646068062578,1626500
2008-02-28,62.50804138183594,62.50804138183594,62.433539490956306,62.4782394886581,823700
2008-02-29,62.724037170410156,62.738935259810425,62.560129766386474,62.64208346839832,901700
2008-03-03,62.72627639770508,62.76360241568501,62.62923672416831,62.74120908295735,1341900
2008-03-04,62.7114372253418,62.883123480107905,62.68904386125567,62.73383058942792,662900
2008-03-05,62.674041748046875,62.77854779482159,62.62178872465952,62.741227461060575,607700
2008-03-06,62.860687255859375,62.860687255859375,62.748714816615944,62.80096786224223,1482800
2008-03-07,62.830875396728516,62.95031427490023,62.71144221371597,62.91298820168178,1557200
2008-03-10,62.89802932739258,62.93534968654658,62.771124159831366,62.823382913928285,701400
2008-03-11,62.58451461791992,62.70395345341137,62.58451461791992,62.69648710240387,638300
2008-03-12,62.78608703613281,62.801014047937436,62.62932778396862,62.64425479577325,459200
2008-03-13,62.75620651245117,62.9204320636532,62.71141979672595,62.86817899692139,915400
2008-03-14,62.942779541015625,63.0398192527381,62.71883473531394,62.71883473531394,1031000
2008-03-17,63.08469772338867,63.15934419544248,63.010051251334865,63.107091095488734,851000
2008-03-18,62.860687255859375,63.07716578635539,62.8308275590508,63.0249127407291,735400
2008-03-19,62.92782211303711,62.98753576321401,62.756130419009146,62.8382430950464,696300
2008-03-20,62.85325622558594,63.03241450710775,62.77860978919753,62.912975652759876,1289400
2008-03-24,62.59197998046875,62.71887946980655,62.569586622957026,62.71887946980655,849600
2008-03-25,62.636741638183594,62.72631502425306,62.63674163818359,62.674061983994456,1870900
2008-03-26,62.77109146118164,62.823350188056,62.66658539773956,62.73377112146851,474100
2008-03-27,62.838287353515625,62.84575370072779,62.76364096685663,62.7860343133389,437800
2008-03-28,62.86817932128906,62.86817932128907,62.72634712721787,62.81592625428765,370800
2008-03-31,62.88312911987305,62.90552248596755,62.83834238768403,62.86820210752978,474400
2008-04-01,62.65571594238281,62.81280336656266,62.65571594238281,62.767922875963194,2527500
2008-04-02,62.60328674316406,62.68557135961611,62.52100212671202,62.625726964546324,818600
2008-04-03,62.55839920043945,62.670606011928065,62.54344095554287,62.64816579104544,688400
2008-04-04,62.670658111572266,62.67814009377826,62.59585541075305,62.610813668084795,1027900
2008-04-07,62.55097579956055,62.59585627925873,62.46120913308384,62.573416039409636,574700
2008-04-08,62.58833694458008,62.640699375338464,62.55841474027858,62.580860673812396,986000
2008-04-09,62.70804214477539,62.78284482153349,62.67063795285714,62.693078185176724,610500
2008-04-10,62.68560028076172,62.79032516691276,62.65567806942167,62.775361207703604,433900
2008-04-11,62.79033279418945,62.79033279418945,62.72300638372649,62.730488364239925,1193300
2008-04-14,62.752933502197266,62.797813974626884,62.73797524708053,62.77537373841208,551000
2008-04-15,62.670658111572266,62.73798453726573,62.64073588982853,62.708062315522,483800
2008-04-16,62.5359992980957,62.68561037889707,62.513559062745294,62.67064641727734,1370900
2008-04-17,62.42378234863281,62.55095317357789,62.34897967383341,62.55095317357789,792700
2008-04-18,62.38643264770508,62.38643264770508,62.22934519566867,62.296665943505964,1436200
2008-04-21,62.32656478881836,62.39389121847265,62.30412454796046,62.34900502967626,753400
2008-04-22,62.34899139404297,62.363955356062704,62.296628941132596,62.30411092214246,494100
2008-04-23,62.34899139404297,62.37891361100309,62.289146960122736,62.33403313910258,505600
2008-04-24,62.176944732666016,62.28166963672211,62.13954053532631,62.236783458498614,975700
2008-04-25,62.18439865112305,62.22928481320992,62.13203621791934,62.13203621791934,1386000
2008-04-28,62.251773834228516,62.259255818286974,62.11712665658455,62.1844473918657,593600
2008-04-29,62.236732482910156,62.31901708399813,62.229256215229114,62.28161862436923,695300
2008-04-30,62.356449127197266,62.35644912719727,62.15447566802547,62.251724262099714,870600
2008-05-01,62.24556350708008,62.417944158962385,62.21558302018898,62.417944158962385,1129900
2008-05-02,62.163124084472656,62.57534294967481,62.09566655346529,62.1406401468681,878100
2008-05-05,62.23054122924805,62.25302515432703,62.16308945401112,62.208057304169074,723600
2008-05-06,62.26799392700195,62.34294222071942,62.200536459924436,62.29047784329836,893400
2008-05-07,62.34292984008789,62.34292984008789,62.223008019404496,62.223008019404496,861500
2008-05-08,62.39543151855469,62.440399369107446,62.31298664708093,62.39543151855469,1319900
2008-05-09,62.4179801940918,62.470444646891686,62.38799968989237,62.4629480912927,848600
2008-05-12,62.29798889160156,62.432898138976284,62.29798889160156,62.365440656194124,569800
2008-05-13,62.193172454833984,62.268120901382986,62.14070797042969,62.21565641697869,557100
2008-05-14,62.14809799194336,62.22304631690666,62.06565311902653,62.22304631690666,574000
2008-05-15,62.20051956176758,62.23799655753899,62.12557128841148,62.12557128841148,657100
2008-05-16,62.21556854248047,62.275523784117745,62.125627102736765,62.125627102736765,417200
2008-05-19,62.28300857543945,62.29050512355081,62.18557632275492,62.26052464929616,371100
2008-05-20,62.37295150756836,62.38044805586113,62.28301008262791,62.28301008262791,462600
2008-05-21,62.30549240112305,62.38793727564271,62.283008475016004,62.312988949222316,900100
2008-05-22,62.13312530517578,62.208073647860104,62.10314482446365,62.20057709813407,433700
2008-05-23,62.25310134887695,62.31306236793706,62.178152934150575,62.178152934150575,555000
2008-05-27,62.18559646606445,62.26054481688314,62.14811943155879,62.23056433291714,501600
2008-05-28,62.07314682006836,62.15559168920396,62.065650272458655,62.140604312174936,413700
2008-05-29,62.05065155029297,62.073135470820816,61.86327792164184,62.01317453728701,439600
2008-05-30,62.140621185302734,62.17059594749986,62.1031441552684,62.11813153636697,1970100
2008-06-02,62.26310729980469,62.30068539798518,62.135350939771456,62.15037873887598,369300
2008-06-03,62.353336334228516,62.37588091597606,62.150423631266726,62.32327498069281,445000
2008-06-04,62.33073043823242,62.390847352550374,62.29315234987383,62.3758195573737,607100
2008-06-05,62.248077392578125,62.31571108667717,62.22553282787845,62.2856497558734,679300
2008-06-06,62.33073043823242,62.42842544090897,62.29315234987383,62.308185878661774,345400
2008-06-09,62.01508712768555,62.225516387715906,62.007576097178486,62.21799962359777,566100
2008-06-10,61.8723258972168,61.97002093244496,61.834747796337325,61.92493179828015,1293900
2008-06-11,61.97755813598633,62.02264728501896,61.87234629916681,61.92495221757657,641300
2008-06-12,61.67689895629883,61.879805691218635,61.67689895629882,61.83471657981652,1064700
2008-06-13,61.74457550048828,61.879842916066984,61.72954196523703,61.78214787138889,834300
2008-06-16,61.78215026855469,61.819728374527095,61.75208893049956,61.774633500637414,318500
2008-06-17,61.90235900878906,61.909870038649984,61.81217504796274,61.84223636823818,388300
2008-06-18,61.962486267089844,61.98503656127158,61.9023693501065,61.9023693501065,1229800
2008-06-19,61.84228515625,61.95501376281301,61.83476838684844,61.902407844232286,549000
2008-06-20,61.95498275756836,62.007588649822566,61.91740466298153,61.91740466298153,362800
2008-06-23,61.88736343383789,61.95500287933969,61.857302095127544,61.894880201919,924300
2008-06-24,62.00010681152344,62.02265138753098,61.90992277387784,61.9249563136265,650600
2008-06-25,62.04519271850586,62.07525406281548,61.8873749610917,61.96252545505818,838000
2008-06-26,62.225555419921875,62.240583223973566,62.067731942498455,62.067731942498455,1378900
2008-06-27,62.255645751953125,62.27819607103041,62.15043386406394,62.26316252497889,812900
2008-06-30,62.29314041137695,62.29314041137695,62.18792866447029,62.233017774970236,953300
2008-07-01,62.277381896972656,62.428081063263754,62.2698452140167,62.360268163074174,1032300
2008-07-02,62.28485870361328,62.35267153861234,62.23964439814807,62.247181073858805,903200
2008-07-03,62.390411376953125,62.41301567782457,62.28492080701645,62.35273370963078,328900
2008-07-07,62.42803955078125,62.5486034026871,62.337622410652735,62.40543526574912,1115100
2008-07-08,62.435569763183594,62.541060248276665,62.39789212616452,62.45063736871106,507000
2008-07-09,62.54112243652344,62.54112243652343,62.397954172050824,62.42809516187695,459000
2008-07-10,62.465721130371094,62.54107066816285,62.45818445195155,62.54107066816285,736100
2008-07-11,62.33763122558594,62.5109346012057,62.299953579337284,62.503397922195624,532200
2008-07-14,62.48073959350586,62.48827626599736,62.29989969528698,62.36018157762551,681300
2008-07-15,62.57122039794922,62.68424759487019,62.51093845975109,62.54107942885015,715700
2008-07-16,62.51099395751953,62.59388025892858,62.50345727135312,62.55620257690369,618700
2008-07-17,62.420562744140625,62.518522404973325,62.37535413071407,62.48084472791361,937600
2008-07-18,62.307472229003906,62.47324462644723,62.26225791682843,62.44310366793027,1190400
2008-07-21,62.33763122558594,62.33763122558594,62.232134965850044,62.29241690032722,811900
2008-07-22,62.28485870361328,62.33006726027932,62.21704011981505,62.33006726027932,1046200
2008-07-23,62.25469970703125,62.26976730528668,62.156740197579715,62.201954489941,867600
2008-07-24,62.42803955078125,62.43557622872558,62.26226712881114,62.26226712881114,520000
2008-07-25,62.345157623291016,62.42804383997086,62.315016658243685,62.40543955338568,874800
2008-07-28,62.4732780456543,62.48080897771209,62.405459415512475,62.42052702843116,513100
2008-07-29,62.420562744140625,62.44317279966028,62.36028650917402,62.44317279966028,487900
2008-07-30,62.435569763183594,62.48077832856626,62.360220237945725,62.36775116630932,516000
2008-07-31,62.56364059448242,62.5711772687628,62.503358697835516,62.510895372115904,629900
2008-08-01,62.57575988769531,62.583320787482116,62.522845123741156,62.57575988769531,657400
2008-08-04,62.56821823120117,62.60601697448372,62.537986157309334,62.56066309636746,935500
2008-08-05,62.53799057006836,62.5606675107266,62.50019182411868,62.55310660808088,567900
2008-08-06,62.54553985595703,62.56821679449445,62.47750904034478,62.56066165983422,534700
2008-08-07,62.68157958984375,62.696701387046915,62.598427007053836,62.598427007053836,445700
2008-08-08,62.6286506652832,62.74204104955055,62.583296818486076,62.696687202753424,530000
2008-08-11,62.54553985595703,62.621131573507874,62.417033359392754,62.621131573507874,711000
2008-08-12,62.658905029296875,62.67402682707151,62.62110630213632,62.64378899879827,587800
2008-08-13,62.651397705078125,62.72699522404443,62.62115985094779,62.719434318691604,1158100
2008-08-14,62.674034118652344,62.70426618316678,62.63623538709424,62.68915015090956,1061400
2008-08-15,62.71944046020508,62.779916174387544,62.68920260311385,62.75723345610797,1816300
2008-08-18,62.77232360839844,62.79500054795912,62.71184792471754,62.73452486427822,537000
2008-08-19,62.81766891479492,62.85546765375675,62.77987594311093,62.84790675250881,683800
2008-08-20,62.9007682800293,62.90832917487679,62.81005484367821,62.81005484367821,717200
2008-08-21,62.84793472290039,62.88573347868451,62.81013596711628,62.88573347868451,540600
2008-08-22,62.73450469970703,62.77986433152721,62.704266867585844,62.77986433152721,509600
2008-08-25,62.84030532836914,62.847866224741395,62.79495148468388,62.81006751015426,511800
2008-08-26,62.81766891479492,62.81766891479492,62.76475414061506,62.81010801354699,600200
2008-08-27,62.8554801940918,62.8554801940918,62.75720576009539,62.78744360384205,664000
2008-08-28,62.825225830078125,62.83278673084636,62.772311059255465,62.825225830078125,510300
2008-08-29,62.8554801940918,62.8554801940918,62.7647666628518,62.79500450659847,597400
2008-09-02,62.935062408447266,62.93506240844727,62.75312695741168,62.79860937426465,645200
2008-09-03,62.95781326293945,62.995713351434176,62.92748972196922,62.95023093179088,947200
2008-09-04,62.99570846557617,63.04877321225242,62.95780838002092,62.9653849269578,861400
2008-09-05,62.97303009033203,63.09432436582972,62.95028885958356,63.071577351451865,1047500
2008-09-08,62.94261169433594,62.95019402103862,62.78341753530357,62.83648225498103,505100
2008-09-09,63.041160583496094,63.07906064735912,62.82889593465787,62.91228417222496,642200
2008-09-10,63.056339263916016,63.071498137499916,62.950209797962366,63.00327453093919,536600
2008-09-11,63.033634185791016,63.139763712566634,63.02605185284263,63.124599046669864,825500
2008-09-12,63.041160583496094,63.101801842400995,62.95777234592901,63.05631945231724,1061400
2008-09-15,63.488441467285156,63.51876499903555,63.29134140271874,63.45053560669158,1710200
2008-09-16,63.37468338012695,63.7233950651233,63.35952451713497,63.700653878826294,1671800
2008-09-17,63.67802047729492,63.69317936594563,63.238337519261954,63.62495569157562,5535100
2008-09-18,63.47334671020508,63.89786501628904,63.41269958544218,63.57947628672607,13824800
2008-09-19,63.11702346801758,63.19282944779091,62.93508217621093,62.965405724845375,3398300
2008-09-22,63.1624870300293,63.170069360829146,62.92748682784813,62.96538691459978,1542400
2008-09-23,63.20799255371094,63.238316104371535,63.08670413469449,63.238316104371535,1226200
2008-09-24,63.344444274902344,63.35960894171882,63.15492642507688,63.22315585849945,831100
2008-09-25,63.230682373046875,63.34438835566401,63.12454714990307,63.336811812569984,1089800
2008-09-26,63.230682373046875,63.38987653233155,63.22310004633216,63.37471187890214,1268200
2008-09-29,63.59458923339844,63.799271685697214,63.359589024248855,63.435394983623816,2506000
2008-09-30,63.344444274902344,63.693156424546096,63.344444274902344,63.65525632475648,1460200
2008-10-01,63.542213439941406,63.610666473798105,63.37487606419609,63.54982126694939,4156600
2008-10-02,63.679080963134766,63.79317507650984,63.58019669011145,63.67147314142505,2180500
2008-10-03,63.854034423828125,63.854034423828125,63.511757810746296,63.75515593191023,1009900
2008-10-06,63.983375549316406,64.09746394084651,63.87688918184045,63.93013236557843,2985200
2008-10-07,63.99857711791992,64.02139479327292,63.78560441053054,63.869273088872234,5766800
2008-10-08,63.72472381591797,64.15066903290207,63.59541984691471,64.14306701336189,7752100
2008-10-09,63.76280975341797,63.778019608120346,63.58025667855061,63.67914104487205,6909600
2008-10-10,63.86164474487305,63.983346711749284,63.50415247101056,63.892070236592104,4586600
2008-10-13,63.58024215698242,63.762795190155124,62.92611409886492,63.762795190155124,1399300
2008-10-14,63.59543991088867,63.686716401783166,63.39767708215237,63.54980456697652,3418700
2008-10-15,63.80841827392578,63.914904621258906,63.595445579259525,63.595445579259525,1202300
2008-10-16,63.77037048339844,64.00616660163912,63.72473514577028,63.73234296973144,1174500
2008-10-17,63.815982818603516,63.90725345266175,63.70188872296396,63.854010315105526,942100
2008-10-20,63.77037048339844,63.94531561608867,63.72473514577028,63.87686260964644,1514800
2008-10-21,63.8996467590332,63.975707549537866,63.7703370318023,63.96049190959713,711100
2008-10-22,63.990943908691406,64.01376737806214,63.80839677520677,63.91488308666187,1161600
2008-10-23,63.95288848876953,64.12782772278328,63.83879440398401,63.952888488769524,901100
2008-10-24,64.00615692138672,64.17349420480781,63.92248827967617,64.1582785591867,1208800
2008-10-27,63.846439361572266,63.99095320349868,63.80079821927009,63.90728454619253,1122100
2008-10-28,63.92251968383789,63.95294518695918,63.80081767135275,63.86166867759532,1028700
2008-10-29,63.96058654785156,64.05947094458004,63.89213347603177,63.983410041533084,1302400
2008-10-30,64.01375579833984,64.04417547919391,63.89966168440014,63.975722492670705,821500
2008-10-31,64.04420471191406,64.04420471191406,63.90729287330709,63.99096154151526,1271700
2008-11-03,64.16407775878906,64.16407775878906,63.98845638594142,64.09535787176887,901900
2008-11-04,64.14118194580078,64.23281430297357,64.0190054695704,64.14118194580078,1290100
2008-11-05,64.2557144165039,64.2557144165039,64.10299383671085,64.13353795266947,1421400
2008-11-06,64.27864074707031,64.28627823482431,64.11828845841391,64.1564642457914,2190300
2008-11-07,64.16407775878906,64.25571010051003,64.1488086146826,64.2022593575963,661000
2008-11-10,64.36255645751953,64.36255645751953,64.14875366899433,64.20220436612563,703900
2008-11-11,64.40840148925781,64.42367645351949,64.25568680079269,64.25568680079269,493200
2008-11-12,64.5077133178711,64.5077133178711,64.37789933981824,64.40080597544646,972600
2008-11-13,64.34736633300781,64.50008697307119,64.33209718184985,64.4848119962165,1089400
2008-11-14,64.3320541381836,64.45423056848779,64.3320541381836,64.36259824575964,858300
2008-11-17,64.44660186767578,64.45423935203381,64.33206290507994,64.33206290507994,613000
2008-11-18,64.51534271240234,64.52298019924197,64.37026541662257,64.37789707776668,649600
2008-11-19,64.6069564819336,64.6069564819336,64.46951088685812,64.50005499972976,740000
2008-11-20,64.72909545898438,64.75200790170565,64.57638079498854,64.7138263228612,2529500
2008-11-21,64.62223052978516,64.67568127494351,64.49242240949975,64.62223052978516,1693400
2008-11-24,64.46189880371094,64.54589369078305,64.40081055389555,64.49244292861863,957100
2008-11-25,64.51534271240234,64.64515668589392,64.4542602947719,64.54588683406533,810300
2008-11-26,64.7138900756836,64.72152756411475,64.52299364478186,64.52299364478186,671900
2008-11-28,64.75205993652344,64.75205993652344,64.55352605323402,64.62988344659281,234700
2008-12-01,64.85858154296875,64.904546064326,64.7513212515869,64.83559343736115,869100
2008-12-02,64.85087585449219,64.89684034538172,64.77426642136793,64.83555046091227,725000
2008-12-03,64.9045639038086,64.95052843779952,64.7896467239007,64.7896467239007,956300
2008-12-04,64.91976165771484,65.00403370853206,64.85081498609327,64.91210481303663,1181300
2008-12-05,64.84318542480469,64.96576514131725,64.74359378883018,64.94277706077919,877800
2008-12-08,64.75131225585938,64.85857253233983,64.72067314249712,64.82792757404944,1051300
2008-12-09,64.950439453125,64.950439453125,64.69762317268207,64.84318512413513,980400
2008-12-10,64.86621856689453,64.94282802737605,64.77428955228757,64.88154396594715,938100
2008-12-11,65.01940155029297,65.01940155029297,64.85085733858647,64.92746674983758,919400
2008-12-12,65.05006408691406,65.08070318376699,64.85087488782004,64.95046656490454,538500
2008-12-15,65.09603118896484,65.10369388594802,64.92748692488624,65.00409635994237,1399200
2008-12-16,65.12667846679688,65.22627015144771,64.91982655531186,65.12667846679688,734500
2008-12-17,64.9887924194336,65.249265730168,64.9887924194336,65.11136637597725,1398100
2008-12-18,65.01940155029297,65.14197543931006,65.01173885569084,65.1266558950292,1120900
2008-12-19,64.95813751220703,65.03474695391986,64.92749256653676,64.94281211690902,848900
2008-12-22,64.8355712890625,64.98113335020734,64.8279144347379,64.95815109737963,812700
2008-12-23,64.85087585449219,64.92748528761645,64.82789360904741,64.85087585449219,698300
2008-12-24,64.86621856689453,64.95815342642867,64.8585617122954,64.88154396594715,271600
2008-12-26,64.94275665283203,64.96574472614618,64.85082773925842,64.85849043036313,444400
2008-12-29,65.08575439453125,65.13190171474109,64.95499387364673,65.0472943822404,715900
2008-12-30,65.14739227294922,65.14739227294922,65.01663739931291,65.07047798658574,531900
2008-12-31,65.11663818359375,65.13971188514024,64.96280372630963,65.12432550531956,587400
2009-01-02,64.77049255371094,65.13199606750683,64.77049255371094,65.13199606750683,1138500
2009-01-05,64.90127563476562,64.96280942307534,64.84743503704088,64.87820193119575,5046300
2009-01-06,64.93203735351562,64.96280424521821,64.81666297667708,64.85512305835145,1459700
2009-01-07,64.88584899902344,64.95507006052874,64.83970162468657,64.95507006052874,2015400
2009-01-08,64.90127563476562,64.98588312664523,64.86282141821084,64.86282141821084,805800
2009-01-09,64.94744110107422,65.01666222477705,64.90128781708619,64.90898100911522,847200
2009-01-12,64.96277618408203,65.06276413778649,64.93200930566942,64.94739567896674,1228000
2009-01-13,64.97049713134766,65.02433772452925,64.91665653816607,64.97049713134766,583400
2009-01-14,65.04737854003906,65.10891229204674,65.00891847798887,65.00891847798887,1117800
2009-01-15,64.97818756103516,65.06278917399706,64.92434697014069,65.03971547335433,4473500
2009-01-16,65.00894927978516,65.03971617036662,64.91665447622515,64.9320349874237,660600
2009-01-20,65.03972625732422,65.05511263909338,64.90127816232805,64.95511876214961,2102800
2009-01-21,64.93968963623047,65.03199025319559,64.92430913416005,64.97814969367782,992100
2009-01-22,64.97049713134766,65.03203091446505,64.93203704985315,64.97049713134766,568900
2009-01-23,64.9551010131836,64.97818057953086,64.82434614480074,64.93972050380242,1840900
2009-01-26,64.87047576904297,64.93970271275184,64.82432838535843,64.93970271275184,910100
2009-01-27,64.93968963623047,64.94738282135611,64.83970170232058,64.83970170232058,1186800
2009-01-28,64.91667938232422,64.96282680180926,64.86283877019613,64.90898618968117,1637100
2009-01-29,64.79358673095703,64.86281370161593,64.77820621980192,64.81666043178188,1642800
2009-01-30,64.83206176757812,64.90128288602168,64.78591435528243,64.82436857613361,1134300
2009-02-02,64.89213562011719,64.89983554730709,64.80738939857211,64.82279513075893,775500
2009-02-03,64.82281494140625,64.89985538149891,64.77659185291242,64.876743837252,872000
2009-02-04,64.7149429321289,64.82280070012452,64.6918313929595,64.80739496661408,1806100
2009-02-05,64.73030090332031,64.78422974752583,64.69178365906104,64.74571250326656,1131500
2009-02-06,64.69181060791016,64.80737414443495,64.69181060791016,64.80737414443495,970500
2009-02-09,64.66873168945312,64.75347793378957,64.65332007531454,64.6995490399217,823200
2009-02-10,64.81507110595703,64.85359424230559,64.6841018468605,64.71491918037827,1168400
2009-02-11,64.79972076416016,64.89217284373476,64.79201495474301,64.83824393343549,880200
2009-02-12,64.87676239013672,64.91528556010397,64.84594502972502,64.84594502972502,879800
2009-02-13,64.75349426269531,64.84594045960463,64.74578845368283,64.83053471938977,658100
2009-02-17,64.92294311523438,64.93064891976017,64.83049697215137,64.83049697215137,901700
2009-02-18,64.81507110595703,64.89981730367957,64.76884804458305,64.8458884394748,622500
2009-02-19,64.79199981689453,64.83052297716941,64.73036511157831,64.7688882718532,646200
2009-02-20,64.845947265625,64.91528779839483,64.80742997214016,64.81512990415071,888400
2009-02-23,64.83822631835938,64.84592624787423,64.72266271973973,64.77659161538773,2477700
2009-02-24,64.79199981689453,64.86134032982753,64.7688882718532,64.7997056245113,863900
2009-02-25,64.66873168945312,64.82281256398743,64.66873168945312,64.79199521351885,919000
2009-02-26,64.69956970214844,64.70726963386815,64.64564079105803,64.68415808308805,863300
2009-02-27,64.73808288574219,64.78430598436897,64.67644816903307,64.72267714546996,793500
2009-03-02,64.8838882446289,64.89932355245737,64.79129994503843,64.82216467385028,1559300
2009-03-03,64.829833984375,64.94557516991021,64.79125751375743,64.94557516991021,1011700
2009-03-04,64.7603988647461,64.76811651432824,64.68324002945,64.75268121516395,2098600
2009-03-05,64.83763122558594,64.86077831373926,64.74504287297262,64.76818996112594,1025300
2009-03-06,64.79125213623047,64.8606933096834,64.7218050759368,64.73724037237572,1402800
2009-03-09,64.72953796386719,64.80669680370559,64.66009677406527,64.79898504051125,896100
2009-03-10,64.69098663330078,64.71413959451688,64.42864527463455,64.71413959451688,2253200
2009-03-11,64.72185516357422,64.7295728177663,64.63697862799721,64.6832786663044,1011700
2009-03-12,64.74498748779297,64.76813455614547,64.68325804762402,64.69868746424454,902300
2009-03-13,64.79906463623047,64.80677640889755,64.69103506354837,64.69875272306481,1320000
2009-03-16,64.71415710449219,64.75273360993359,64.6987217928384,64.6987217928384,730400
2009-03-17,64.69871520996094,64.76044467660225,64.66013870844458,64.73729759832324,1135200
2009-03-18,64.94564056396484,64.96878764701054,64.70644619002978,64.71416384666074,2771700
2009-03-19,64.86849975585938,64.94565868315398,64.86078209707527,64.92251159365048,2064700
2009-03-20,64.94564056396484,64.97650530364149,64.86848165819681,64.92249348091916,1939900
2009-03-23,64.8916244506836,64.93020684444018,64.84533028765313,64.87619502528904,1068700
2009-03-24,64.80673217773438,64.90704402243632,64.79902041033064,64.89932636818725,2632300
2009-03-25,64.79125213623047,64.8606933096834,64.78353448801101,64.84526390008521,1233200
2009-03-26,64.87615203857422,64.94559323710843,64.8221402552111,64.86071673656025,1249300
2009-03-27,64.90702056884766,64.94559705246307,64.89158526592692,64.89158526592692,704600
2009-03-30,64.96878051757812,65.00736290965185,64.93792166813498,64.9610687486406,787000
2009-03-31,65.06131744384766,65.06903509283677,64.96872331650225,64.96872331650225,2398100
2009-04-01,65.04671478271484,65.07762533123085,65.00806775200635,65.03125361174786,968800
2009-04-02,64.93843078613281,65.01572476007725,64.89978969586292,64.97707777310502,996700
2009-04-03,64.7916259765625,64.90756111372552,64.77616481336422,64.89983053212639,1979300
2009-04-06,64.83797454833984,64.85343570602392,64.76841702887327,64.76841702887327,1236400
2009-04-07,64.86117553710938,64.89982254364202,64.83798969187191,64.86890611775696,592100
2009-04-08,64.86117553710938,64.93073896952707,64.82253442728202,64.88436138234684,1021000
2009-04-09,64.78385925292969,64.86114733568506,64.78385925292969,64.83796150052872,1768800
2009-04-13,64.9075698852539,64.96939685628418,64.8225511662921,64.8225511662921,664800
2009-04-14,64.96162414550781,65.0002652367468,64.9152465806376,64.92297715756638,1485700
2009-04-15,64.99256134033203,65.00802250053665,64.92300380952588,64.95392023323024,726200
2009-04-16,64.89976501464844,64.99250831338802,64.89976501464844,64.93068141312833,1374700
2009-04-17,64.83027648925781,64.99258334613242,64.79936005508547,64.87665408886976,826800
2009-04-20,64.8921127319336,64.95394560349352,64.86892687927542,64.86892687927542,618200
2009-04-21,64.89976501464844,64.97705306249811,64.89976501464844,64.95386723781321,284600
2009-04-22,64.89976501464844,64.93068141312833,64.83793221768867,64.93068141312833,884900
2009-04-23,64.85343170166016,64.89980337844133,64.83797054493073,64.89207280007662,1306900
2009-04-24,64.85343170166016,64.89207280007662,64.82251528490485,64.86115638332132,1050300
2009-04-27,64.9307632446289,64.96167968207243,64.86893036974188,64.94621851499691,848600
2009-04-28,64.86893463134766,64.97713922115477,64.86120404730204,64.96168394977143,869300
2009-04-29,64.89976501464844,64.93068141312833,64.84566279148366,64.89976501464844,867700
2009-04-30,64.95391845703125,64.95391845703125,64.85344450526826,64.88435503142246,690100
2009-05-01,64.90515899658203,64.92065094888498,64.86644093272191,64.87418100042476,695400
2009-05-04,64.88959503173828,64.93605901595481,64.85861707278009,64.93605901595481,959800
2009-05-05,64.87413024902344,64.89736815929871,64.8276662453609,64.85089824719216,1067400
2009-05-06,64.91281127929688,64.93604326577024,64.858601341379,64.89732525779466,660200
2009-05-07,64.81991577148438,64.88187171102564,64.7966837712673,64.83540771059148,1587600
2009-05-08,64.8664321899414,64.8819182317085,64.82770822285192,64.8354541979594,946000
2009-05-11,64.97477722167969,64.9825231878477,64.8895893191546,64.8895893191546,528500
2009-05-12,64.96707153320312,64.99030353766932,64.95158549970722,64.95158549970722,1212900
2009-05-13,64.99809265136719,65.05230266725195,64.98260660759237,64.99034667525548,827700
2009-05-14,65.02131652832031,65.04454854529739,64.98259846950782,64.98259846950782,1673100
2009-05-15,65.0135498046875,65.06001973225904,64.9980637677943,65.0135498046875,1158000
2009-05-18,64.95161437988281,65.0290563986856,64.95161437988281,65.01356444985666,1131700
2009-05-19,64.99032592773438,65.01355794020431,64.92836995551673,64.97483988890332,1081800
2009-05-20,65.07553100585938,65.07553100585938,64.9903429987954,65.05229898728706,1122100
2009-05-21,64.99032592773438,65.08325988606083,64.99032592773438,65.07551391242195,1612700
2009-05-22,65.00580596923828,65.01354603301286,64.95159598058805,64.97482798880306,654900
2009-05-26,64.92061614990234,65.0290361241128,64.91287017790289,65.00580411655991,840600
2009-05-27,64.90515899658203,64.99809298505384,64.89741892887918,64.92065094888498,553300
2009-05-28,64.89736938476562,64.97481136181354,64.89736938476562,64.92060138703559,728200
2009-05-29,64.99032592773438,65.02904988748207,64.92062989032456,64.92836995551673,852800
2009-06-01,64.93682098388672,65.0143840861082,64.8902843060909,64.9213048128312,1745800
2009-06-02,64.91349029541016,64.99881140120824,64.91349029541016,64.9600269285074,2210000
2009-06-03,65.02985382080078,65.03761190149464,64.95229076690714,64.99107525269481,1227700
2009-06-04,64.96784973144531,65.02989666482995,64.95233355983497,64.95233355983497,1196400
2009-06-05,64.54121398925781,64.78941936129706,64.51794566026707,64.6885879631096,1198700
2009-06-08,64.3705825805664,64.54122491228863,64.3705825805664,64.50244632996876,1100900
2009-06-09,64.51797485351562,64.56451153255412,64.49470651399638,64.49470651399638,996100
2009-06-10,64.51016998291016,64.57998086852432,64.42484885476021,64.54119638566299,759400
2009-06-11,64.51797485351562,64.55675936450473,64.46368008874221,64.47143817447713,763000
2009-06-12,64.5877456665039,64.61877207532653,64.51018260328851,64.51794068491476,607800
2009-06-15,64.6343002319336,64.67307881189573,64.61103190041962,64.6343002319336,959400
2009-06-16,64.7041244506836,64.75066704522331,64.63431943540192,64.65758777382915,1126500
2009-06-17,64.77396392822266,64.82050062558488,64.73517940196221,64.78171609932444,752200
2009-06-18,64.66535186767578,64.74291497553517,64.6188092688115,64.74291497553517,619800
2009-06-19,64.7041244506836,64.72739278911082,64.61105109697469,64.65758777382915,1051200
2009-06-22,64.78936004638672,64.7971181215087,64.72730728076574,64.72730728076574,1054400
2009-06-23,64.78936004638672,64.83589666176373,64.73506535588771,64.7428234310097,721300
2009-06-24,64.78167724609375,64.92905125626945,64.76616699550468,64.82046174909293,698700
2009-06-25,64.90585327148438,64.9368797239757,64.81277391401039,64.82053200655591,1241300
2009-06-26,64.93682098388672,64.95233123725686,64.89803647393329,64.91355264498881,692200
2009-06-29,64.93682098388672,64.96008932278463,64.91355264498881,64.94457906941447,652300
2009-06-30,64.92906188964844,64.95233022818486,64.85149878863196,64.87476712716837,703300
2009-07-01,64.9926986694336,64.9926986694336,64.89949476981998,64.92279426332121,1202200
2009-07-02,65.06262969970703,65.0859351304763,65.02379916631496,65.06262969970703,544300
2009-07-06,65.08586883544922,65.11693086027911,65.03926394699307,65.05480088501368,474400
2009-07-07,65.07818603515625,65.14032201782295,65.05488652305961,65.08595451439295,1668300
2009-07-08,65.17913055419922,65.21019853504207,65.06262710744143,65.09369508828426,773700
2009-07-09,65.1480941772461,65.17916217316028,65.11702618133191,65.12479466171403,824100
2009-07-10,65.21023559570312,65.22577255776032,65.16363656076115,65.19470455926074,666200
2009-07-13,65.17141723632812,65.22578476247168,65.15588027136373,65.1869482756766,699800
2009-07-14,65.12477111816406,65.17137605799415,65.10147161105512,65.11700264059036,488900
2009-07-15,64.9694595336914,65.08596303504001,64.9694595336914,65.0704260745326,747200
2009-07-16,65.07036590576172,65.10920234550503,65.05483488522965,65.0936653993642,504500
2009-07-17,65.04711151123047,65.06264254253065,65.01604352301723,65.02381200147376,833100
2009-07-20,65.03934478759766,65.07041277664914,64.9694462564416,64.97721473510772,808800
2009-07-21,65.11695861816406,65.17133199880865,65.01599218041308,65.01599218041308,1071800
2009-07-22,65.08586883544922,65.16353574873526,65.07033189742862,65.16353574873526,628000
2009-07-23,64.9694595336914,65.08596303504001,64.94616001854453,65.07819455478631,1026000
2009-07-24,65.00822448730469,65.0315299045495,64.9693939764465,64.97716244886143,969800
2009-07-27,64.96160888671875,64.99267684282302,64.90724144493798,64.93830940104225,707600
2009-07-28,64.92285919189453,65.02383166552615,64.89955967509174,64.98499518711174,763200
2009-07-29,64.8840103149414,64.96944580283322,64.81410585866038,64.95390884560945,635700
2009-07-30,64.89176940917969,64.89953196105601,64.83740191798483,64.86070142483804,774200
2009-07-31,65.0004653930664,65.0004653930664,64.90726149596125,64.90726149596125,624200
2009-08-03,64.9087142944336,64.95537574221511,64.84649507502401,64.94760278995241,1073800
2009-08-04,64.85429382324219,64.93984379274322,64.8231842040097,64.92429194990356,940200
2009-08-05,64.83097076416016,64.93985147758197,64.79986114124623,64.79986114124623,1230500
2009-08-06,64.83097076416016,64.86985927619104,64.80764003036317,64.81541298592626,892300
2009-08-07,64.72207641601562,64.76095898630142,64.69874568713364,64.73762825741942,1192200
2009-08-10,64.8231430053711,64.84647372157922,64.76092380644981,64.76870268970232,639000
2009-08-11,64.89314270019531,64.90869453353741,64.83870238317365,64.83870238317365,870800
2009-08-12,64.91653442382812,64.93986516254165,64.84653627413242,64.91653442382812,856900
2009-08-13,65.02538299560547,65.0331618825139,64.9242812000048,64.9553848805341,874800
2009-08-14,65.07203674316406,65.12647707797099,65.00981752237001,65.01759640835714,515000
2009-08-17,65.1420669555664,65.17317658129598,65.11095732983684,65.11095732983684,750800
2009-08-18,65.12644958496094,65.14978029952182,65.09533998769678,65.1420073503675,691600
2009-08-19,65.15760040283203,65.18871001977705,65.13426967351145,65.16537929045647,1102800
2009-08-20,65.1420669555664,65.17317658129598,65.12650917592441,65.149839911833,588800
2009-08-21,65.04096221923828,65.16540072795496,65.01763148224258,65.14206999095926,848100
2009-08-24,65.11873626708984,65.13428811318876,65.00984961017984,65.03318627965982,555900
2009-08-25,65.11873626708984,65.14206700301541,65.06429590541204,65.13428811318876,664500
2009-08-26,65.15760040283203,65.18093113215261,65.1187178318153,65.17315817808091,733200
2009-08-27,65.14981079101562,65.18869928918372,65.11870711274325,65.14981079101562,605200
2009-08-28,65.21975708007812,65.21975708007812,65.1108764919816,65.1108764919816,764100
2009-08-31,65.26644134521484,65.2742202281016,65.18867031699466,65.21977991499256,541100
2009-09-01,65.31940460205078,65.35055429293463,65.22596147059525,65.28825491116692,927000
2009-09-02,65.38954162597656,65.38954162597656,65.31167031132827,65.35060299805218,690900
2009-09-03,65.32720184326172,65.35835153811905,65.31162996643145,65.35835153811905,505300
2009-09-04,65.29600524902344,65.34273272834547,65.28821634560434,65.32715492150727,489900
2009-09-08,65.30384063720703,65.32720142290052,65.27269094255013,65.32720142290052,640800
2009-09-09,65.31165313720703,65.32722501956178,65.25714263716706,65.28828640187655,598500
2009-09-10,65.35059356689453,65.39732110190035,65.33502168269234,65.35059356689453,577700
2009-09-11,65.32720184326172,65.42843389565047,65.32720184326172,65.37392341494932,850500
2009-09-14,65.28825378417969,65.37391394733265,65.2804708174901,65.37391394733265,636100
2009-09-15,65.31940460205078,65.32719351007076,65.26489412830304,65.26489412830304,657500
2009-09-16,65.23375701904297,65.33499501924028,65.22597405071794,65.31941720019584,709300
2009-09-17,65.32720184326172,65.33499075227525,65.21039197284588,65.23375275868969,832600
2009-09-18,65.26487731933594,65.31938777904452,64.96117533793179,65.30381590821115,1287300
2009-09-21,65.28825378417969,65.31940347452584,65.26489300171905,65.26489300171905,600800
2009-09-22,65.27275085449219,65.31168949385314,65.27275085449219,65.28832274551523,711300
2009-09-23,65.37393951416016,65.38172842509181,65.25713555617659,65.28049634777331,943300
2009-09-24,65.38954162597656,65.40511351242604,65.3350311116027,65.34282002542768,859900
2009-09-25,65.36618041992188,65.3895412200513,65.3194528784626,65.38175230627468,866400
2009-09-28,65.35833740234375,65.389487090464,65.33497662155244,65.38169818313506,716400
2009-09-29,65.35059356689453,65.36617139229634,65.28051117618524,65.31166088578924,1051300
2009-09-30,65.4206771850586,65.43624906813879,65.32722806297986,65.32722806297986,1421900
2009-10-01,65.4861831665039,65.52517005886706,65.44720222270534,65.4861831665039,1122900
2009-10-02,65.50955963134766,65.55634508240412,65.46278012885458,65.53295533115758,883500
2009-10-05,65.50955963134766,65.5407479491975,65.48616988010112,65.5407479491975,683000
2009-10-06,65.4706039428711,65.49399370313742,65.4394156129941,65.47840251248176,1163100
2009-10-07,65.55632019042969,65.57191136915289,65.48614501477246,65.50953475713783,880300
2009-10-08,65.49397277832031,65.54855085102636,65.47058302552684,65.54075228390727,817700
2009-10-09,65.40038299560547,65.4237786880828,65.35360350777384,65.41598012392369,1141400
2009-10-12,65.47840118408203,65.6499280720771,65.3770376268968,65.3770376268968,624300
2009-10-13,65.51738739013672,65.51738739013672,65.4628092967223,65.4628092967223,886200
2009-10-14,65.43160247802734,65.49397912389603,65.41601129084235,65.44719961377669,1078700
2009-10-15,65.39262390136719,65.46279316908456,65.39262390136719,65.4004165209594,719500
2009-10-16,65.43160247802734,65.43940104590202,65.36143321284834,65.37702440003333,508400
2009-10-19,65.43160247802734,65.43160247802734,65.37702440003333,65.400414155093,670100
2009-10-20,65.46273040771484,65.50950987467735,65.42374950143238,65.47052896839489,1642100
2009-10-21,65.43160247802734,65.46279080096168,65.39262153578268,65.44719961377669,1529300
2009-10-22,65.4393310546875,65.4393310546875,65.37695447553423,65.37695447553423,572600
2009-10-23,65.33029174804688,65.36927271825061,65.33029174804688,65.35368151988284,572500
2009-10-26,65.26004028320312,65.33021546533975,65.26004028320312,65.33021546533975,1301600
2009-10-27,65.39262390136719,65.41601365727298,65.29126036102265,65.30685749733624,1267500
2009-10-28,65.4861831665039,65.49398173468946,65.40821533034219,65.44720222270534,795500
2009-10-29,65.43160247802734,65.43940104590202,65.39262153578268,65.43940104590202,788200
2009-10-30,65.50955963134766,65.5407479491975,65.45498156225128,65.4783772620612,988900
2009-11-02,65.51738739013672,65.54083612091311,65.48613433986215,65.52520363372885,1469400
2009-11-03,65.50955200195312,65.54862128084646,65.48610924220817,65.54862128084646,779200
2009-11-04,65.50175476074219,65.53301377015065,65.45486922765271,65.48612823706117,658500
2009-11-05,65.56423950195312,65.57205574084965,65.51734803061733,65.51734803061733,667900
2009-11-06,65.61114501953125,65.61114501953125,65.57207573722111,65.61114501953125,798000
2009-11-09,65.61114501953125,65.61114501953125,65.57207573722111,65.57207573722111,590800
2009-11-10,65.59550476074219,65.64239027451276,65.59550476074219,65.62676375727057,546700
2009-11-11,65.66580963134766,65.67362586820542,65.5954813857533,65.6423668828162,399000
2009-11-12,65.65804290771484,65.6658591504669,65.6111573752952,65.61897361804726,909000
2009-11-13,65.67366790771484,65.67366790771484,65.61896613877806,65.63459266045471,584700
2009-11-16,65.71273040771484,65.72054664876893,65.618959363246,65.618959363246,845200
2009-11-17,65.72838592529297,65.73620216908637,65.66586789904002,65.6893106683731,1033000
2009-11-18,65.72838592529297,65.75182869462604,65.7049431559599,65.72838592529297,876600
2009-11-19,65.75181579589844,65.81433380988703,65.75181579589844,65.75181579589844,936100
2009-11-20,65.76744079589844,65.8143263200312,65.75180831315733,65.77525107522371,566500
2009-11-23,65.75960540771484,65.75960540771484,65.7127139351899,65.72053017428465,745600
2009-11-24,65.81430053710938,65.8221167754179,65.75959879303562,65.76741503134414,680300
2009-11-25,65.84557342529297,65.84557342529297,65.78305542971599,65.8064981875463,879100
2009-11-27,65.89244079589844,65.90806730946744,65.84555529314885,65.90025703370422,346400
2009-11-30,65.90031433105469,65.93938362996748,65.86123907009414,65.89249808645303,683500
2009-12-01,65.91676330566406,66.01119082099729,65.88529347062199,66.01119082099729,1355900
2009-12-02,65.86165618896484,65.91673738373115,65.838050820265,65.9010024723979,863700
2009-12-03,65.82232666015625,65.85380249136388,65.78298037029649,65.80658574285196,1045800
2009-12-04,65.65708923339844,65.70429998295639,65.64134831461145,65.70429998295639,730400
2009-12-07,65.79874420166016,65.79874420166016,65.69644621376041,65.7436629787153,753600
2009-12-08,65.86165618896484,65.86952664633145,65.80657499419854,65.8459212776316,657300
2009-12-09,65.81449890136719,65.86170967710808,65.80662843760875,65.84597475299606,642400
2009-12-10,65.79093933105469,65.82241520460371,65.74372852243565,65.78306886181517,535700
2009-12-11,65.72003173828125,65.7593780299553,65.6964263646373,65.74364311532642,486800
2009-12-14,65.6492919921875,65.7515840647825,65.6492919921875,65.7515840647825,525800
2009-12-15,65.63355255126953,65.65715795075413,65.59420621652333,65.65715795075413,566900
2009-12-16,65.68074035644531,65.72795113888675,65.64926450034912,65.67286989156985,686200
2009-12-17,65.80661010742188,65.80661010742188,65.72792350196997,65.78300472612662,698000
2009-12-18,65.7594223022461,65.78302769178228,65.72007598408227,65.76729276655992,540600
2009-12-21,65.65708923339844,65.71217044234989,65.62561339922597,65.70429998295639,958500
2009-12-22,65.57848358154297,65.64143533334102,65.5627486452982,65.62570039709625,846800
2009-12-23,65.57848358154297,65.64143533334102,65.5627486452982,65.61782992726913,767400
2009-12-24,65.49974060058594,65.54695737555936,65.49974060058594,65.52334598637049,325400
2009-12-28,65.40536499023438,65.48405166591095,65.40536499023438,65.46831072873051,1728200
2009-12-29,65.44862365722656,65.44862365722656,65.39348604879486,65.4171216034501,857500
2009-12-30,65.4250259399414,65.44865549654331,65.40927490539065,65.4407829840437,785600
2009-12-31,65.34624481201172,65.38563140431613,65.28322866814477,65.36200185275358,633000
2010-01-04,65.43290710449219,65.44865813967905,65.37776946701052,65.4013990245667,1220600
2010-01-05,65.51168823242188,65.54319631904845,65.49593719388511,65.49593719388511,598200
2010-01-06,65.51949310302734,65.5588796694226,65.47223403099008,65.52737161821565,1534900
2010-01-07,65.50379180908203,65.53529387465731,65.49591328791278,65.51954284186968,772000
2010-01-08,65.5667953491211,65.5983034210753,65.5352872771669,65.58255238987333,713200
2010-01-11,65.59832763671875,65.6219571970197,65.59044911343429,65.59044911343429,756600
2010-01-12,65.65345764160156,65.66921468633711,65.63770660641778,65.64557911923379,582900
2010-01-13,65.59832763671875,65.66134380388958,65.59832763671875,65.6219571970197,590500
2010-01-14,65.66136169433594,65.69286978650622,65.63773212759675,65.63773212759675,549900
2010-01-15,65.71644592285156,65.74007547037888,65.70069489434977,65.70069489434977,648300
2010-01-19,65.73216247558594,65.73216247558594,65.68490340531817,65.7006604351048,1154000
2010-01-20,65.73216247558594,65.77154904050647,65.72428997023869,65.74004099047926,1085600
2010-01-21,65.78736114501953,65.79523966722815,65.69284291672278,65.70859395158836,1281000
2010-01-22,65.84245300292969,65.84245300292969,65.77156438099404,65.78731540490836,725600
2010-01-25,65.78736114501953,65.81886922430233,65.77948863236256,65.81099671164536,624600
2010-01-26,65.79525756835938,65.84251669536569,65.77950652920836,65.82676565621468,758500
2010-01-27,65.77161407470703,65.86613831825312,65.740105993525,65.8503812728861,875700
2010-01-28,65.80308532714844,65.80308532714844,65.74006920005331,65.76369874532682,982100
2010-01-29,65.86616516113281,65.86616516113281,65.74013278504188,65.7637623531703,900600
2010-02-01,65.83773040771484,65.85349727711922,65.78253734140993,65.85349727711922,1001000
2010-02-02,65.84566497802734,65.85354541069296,65.8220116488356,65.8220116488356,724800
2010-02-03,65.79827880859375,65.82193812695593,65.78251194527635,65.8061652480478,1283800
2010-02-04,65.89293670654297,65.90870357911363,65.85351050172494,65.86928338988986,624300
2010-02-05,65.9954833984375,66.01914274752762,65.92452339796279,65.94029028175765,1362400
2010-02-08,65.9481430053711,65.9639158966982,65.91660323831235,65.93237612963945,857100
2010-02-09,65.8850326538086,65.94022571644621,65.85349290150243,65.92445884808946,1415000
2010-02-10,65.8140869140625,65.90081974770816,65.79831402671205,65.90081974770816,670100
2010-02-11,65.83773040771484,65.83773040771484,65.78253734140993,65.80619065331304,1266000
2010-02-12,65.89293670654297,65.90082315062543,65.86928338988986,65.87716983397232,505700
2010-02-16,65.90079498291016,65.93233473016483,65.8613687949439,65.88502210148698,733000
2010-02-17,65.84566497802734,65.89297163641083,65.8220116488356,65.86143185895602,672300
2010-02-18,65.80618286132812,65.86137592109772,65.79829641976323,65.86137592109772,888900
2010-02-19,65.78251647949219,65.79040291948984,65.71943699069327,65.77463003949454,1352700
2010-02-22,65.80618286132812,65.81406930289303,65.77464311066088,65.80618286132812,681700
2010-02-23,65.86140441894531,65.88505773828231,65.829864654631,65.853517973968,832000
2010-02-24,65.89293670654297,65.90870357911363,65.84563007323673,65.85351050172494,1194200
2010-02-25,65.9481430053711,65.9639158966982,65.9244896839759,65.9481430053711,733600
2010-02-26,65.97172546386719,65.98749833825201,65.93230530908315,65.94807216787896,936700
2010-03-01,65.9599380493164,65.98361258366228,65.93626351497055,65.93626351497055,863200
2010-03-02,65.9599380493164,65.98361258366228,65.94415101242555,65.95204453087098,1148800
2010-03-03,65.95201873779297,65.98358677823836,65.92045069734756,65.9441252224346,1204600
2010-03-04,65.9283447265625,65.95991276725395,65.89677668587106,65.92045121114262,820800
2010-03-05,65.87310028076172,65.88099379595636,65.81785771637519,65.8652067655671,1145300
2010-03-08,65.84156799316406,65.85734901113453,65.83367447368323,65.84946151264491,943100
2010-03-09,65.88883209228516,65.89672560158587,65.85726407606579,65.8809446039679,641400
2010-03-10,65.87310028076172,65.88888129016304,65.84942575616577,65.84942575616577,1220100
2010-03-11,65.79424285888672,65.84159195101829,65.79424285888672,65.81002388259944,1763300
2010-03-12,65.80208587646484,65.82576642751542,65.77051782938675,65.78630486342045,1100500
2010-03-15,65.82576751708984,65.82576751708984,65.79419946948921,65.80998048279481,423400
2010-03-16,65.84156799316406,65.88102956957705,65.79421891826146,65.83367447368323,773100
2010-03-17,65.85731506347656,65.8652085788885,65.83364053822883,65.85731506347656,961200
2010-03-18,65.81791687011719,65.84159141599059,65.79424232424378,65.84159141599059,605400
2010-03-19,65.77052307128906,65.81787815617507,65.76263557463291,65.77052307128906,597100
2010-03-22,65.79424285888672,65.81791740495251,65.77845581418059,65.79424285888672,461900
2010-03-23,65.77052307128906,65.81787815617507,65.76263557463291,65.80209112088313,465300
2010-03-24,65.66793060302734,65.75474123307583,65.66003708548028,65.72317318387732,651700
2010-03-25,65.69161224365234,65.69950576205363,65.62848215941328,65.69161224365234,759700
2010-03-26,65.73108673095703,65.7389802509094,65.67584413327357,65.69162515218675,595000
2010-03-29,65.76268005371094,65.76268005371094,65.71532493679594,65.73900550575038,1219600
2010-03-30,65.74684143066406,65.76262846424908,65.73106041806821,65.75473494745657,703300
2010-03-31,65.79424285888672,65.83369842866523,65.75478126811481,65.77056229182753,2179100
2010-04-01,65.7705307006836,65.81002415945217,65.76262959821975,65.80212908376365,609000
2010-04-05,65.58882141113281,65.67571543128861,65.58092031108951,65.6599192579755,3762900
2010-04-06,65.63621520996094,65.64411630991421,65.6046228636947,65.63621520996094,1014200
2010-04-07,65.73894500732422,65.73894500732422,65.6757482289651,65.6757482289651,1811100
2010-04-08,65.72311401367188,65.78631076435181,65.72311401367188,65.77840966382335,709900
2010-04-09,65.73894500732422,65.74684611131323,65.69155043694313,65.70734661814465,481800
2010-04-12,65.7705307006836,65.78632687883595,65.73893231760354,65.74683342006739,1050800
2010-04-13,65.75469970703125,65.80210027428608,65.73890353579478,65.80210027428608,736700
2010-04-14,65.75469970703125,65.79419917528149,65.75469970703125,65.77050190504043,970900
2010-04-15,65.8021011352539,65.81789730669706,65.75470056737888,65.76260166648684,1206300
2010-04-16,65.90483093261719,65.9206271135556,65.82583797437239,65.84163415531079,801800
2010-04-19,65.84159851074219,65.90479525383586,65.84159851074219,65.90479525383586,661300
2010-04-20,65.84951782226562,65.84951782226562,65.81001834021447,65.84161672050044,895200
2010-04-21,65.85743713378906,65.85743713378906,65.8021414596929,65.83373382193945,648500
2010-04-22,65.81002044677734,65.90481559066963,65.81002044677734,65.8732172093722,169300
2010-04-23,65.78628540039062,65.80208759535499,65.75468703723344,65.78628540039062,658300
2010-04-26,65.78628540039062,65.81788376354783,65.7704892321978,65.79418649787281,545600
2010-04-27,65.91275024414062,65.94434864152254,65.8258561580349,65.84955344937681,1530800
2010-04-28,65.89686584472656,65.90476694091221,65.84157022496808,65.87316858294014,1269900
2010-04-29,65.91275024414062,65.91275024414062,65.87325074071873,65.90484913810063,421600
2010-04-30,65.99171447753906,65.99171447753906,65.92061660770622,65.9285177103044,517300
2010-05-03,65.92679595947266,65.95052139061248,65.90307656073333,65.91889351482654,494900
2010-05-04,65.96641540527344,66.00595180790704,65.9585069182651,65.98222634688203,1219600
2010-05-05,66.05337524414062,66.17197839194394,66.03755827381661,66.06918618205795,1777200
2010-05-06,66.19570922851562,66.28268448307392,66.06129511961926,66.10082548743175,1864500
2010-05-07,66.17195129394531,66.26682894740938,66.10078702144305,66.19567070731134,3637100
2010-05-10,66.08497619628906,66.1324150230974,66.01381192367235,66.02172040560848,1349100
2010-05-11,66.12452697753906,66.14825243068002,66.08499662044964,66.13243546191939,709400
2010-05-12,66.1087875366211,66.12459849007489,66.07715959730088,66.1166960295543,734200
2010-05-13,66.14825439453125,66.14825439453125,66.08499858242291,66.10080951924685,992800
2010-05-14,66.2352066040039,66.25893205176281,66.17195684052763,66.1798592907092,1110500
2010-05-17,66.21148681640625,66.26683412938978,66.18776740118541,66.22730378148994,1433400
2010-05-18,66.28266143798828,66.29056388935864,66.17986924611749,66.19568621366945,764200
2010-05-19,66.25101470947266,66.30636201536579,66.24310622794395,66.25892319100137,3042700
2010-05-20,66.330078125,66.37751694700246,66.28263930299754,66.31426719513371,4210900
2010-05-21,66.28266143798828,66.38544759745345,66.2747529542123,66.36963666230712,2753800
2010-05-24,66.27478790283203,66.31432431015497,66.25897695934813,66.29850733426227,1095600
2010-05-25,66.2668685913086,66.33803290638464,66.24314916375252,66.31431347882857,1777400
2010-05-26,66.21148681640625,66.2352062316271,66.13242008820188,66.2352062316271,1238600
2010-05-27,66.16409301757812,66.17200150550252,66.13246509828932,66.14037358621371,1114900
2010-05-28,66.29058074951172,66.29848923529912,66.18779456390422,66.22733096043403,751200
2010-06-01,66.29137420654297,66.33885930300553,66.2676346770718,66.28346505506605,1439300
2010-06-02,66.2439193725586,66.2993136407554,66.23600418066692,66.28348929449449,2091500
2010-06-03,66.22804260253906,66.2676064556352,66.19638789755156,66.20430308317785,1095300
2010-06-04,66.37842559814453,66.38634078743085,66.33094653746748,66.3388617267538,1429300
2010-06-07,66.3547134399414,66.37845298007278,66.30723435967865,66.31514955223008,1553900
2010-06-08,66.34677124023438,66.37842596003179,66.32303170976643,66.33886208842537,1050800
2010-06-09,66.3547134399414,66.37054382504427,66.31514955223008,66.3230587072586,569400
2010-06-10,66.26760864257812,66.33883324052994,66.26760864257812,66.33883324052994,656900
2010-06-11,66.33882904052734,66.3704837445554,66.29134396572654,66.3229986697546,705200
2010-06-14,66.3547134399414,66.36262863249283,66.29140397457579,66.29140397457579,694000
2010-06-15,66.3230209350586,66.37050602580062,66.30719659649091,66.36259083775704,1212700
2010-06-16,66.33882904052734,66.3704837445554,66.3229986697546,66.3704837445554,1467000
2010-06-17,66.37842559814453,66.43381984810789,66.36260125709232,66.36260125709232,1394200
2010-06-18,66.38629913330078,66.40212950194065,66.37047480217757,66.38629913330078,592000
2010-06-21,66.39421844482422,66.39421844482422,66.32299385655065,66.33882422617457,1900900
2010-06-22,66.4259033203125,66.4259033203125,66.36259388809279,66.3705090765002,2290200
2010-06-23,66.47338104248047,66.48129623072911,66.43381113875685,66.43381113875685,2075700
2010-06-24,66.48921203613281,66.51295760325537,66.45756335500988,66.48921203613281,819200
2010-06-25,66.51293182373047,66.52875615815864,66.45753759695504,66.48127711735623,959000
2010-06-28,66.55249786376953,66.55249786376953,66.5129340076411,66.53667352882178,662000
2010-06-29,66.58417510986328,66.58417510986328,66.54460520282238,66.54460520282238,1043400
2010-06-30,66.568359375,66.5762685274145,66.50504993055847,66.55252899512915,1304200
2010-07-01,66.54692840576172,66.59445472221701,66.53109032878406,66.54692840576172,1760800
2010-07-02,66.54692840576172,66.55485046563112,66.49940813206759,66.53109032878406,565500
2010-07-06,66.54692840576172,66.57069458536994,66.49940813206759,66.53109032878406,1365300
2010-07-07,66.53898620605469,66.57858440429781,66.51522607855706,66.56274633355233,1024600
2010-07-08,66.54692840576172,66.56277252550053,66.50733019193699,66.53109032878406,1074300
2010-07-09,66.52323150634766,66.54699166578129,66.50739341431421,66.53115357374784,614300
2010-07-12,66.53114318847656,66.54698127803775,66.51530509891536,66.53906525464014,1013900
2010-07-13,66.48358154296875,66.51526374515967,66.46773742049218,66.49941962268312,1374000
2010-07-14,66.55487060546875,66.57863074950576,66.5152723796614,66.52318839916508,1081800
2010-07-15,66.5707015991211,66.61822187782187,66.56277953841703,66.56277953841703,540700
2010-07-16,66.6340560913086,66.64197815155313,66.57069773763665,66.58653581536427,812400
2010-07-19,66.61028289794922,66.63404303126447,66.60236083925739,66.61820495664105,529600
2010-07-20,66.6340560913086,66.64197815155313,66.61029595333643,66.64197815155313,1246900
2010-07-21,66.66573333740234,66.68157745671446,66.61821306498797,66.62613512464402,676700
2010-07-22,66.64201354980469,66.65785767870969,66.61825339921185,66.64993561425719,591800
2010-07-23,66.61028289794922,66.6736472819634,66.61028289794922,66.64196508995632,1075600
2010-07-26,66.58650970458984,66.61026983324487,66.57067163307285,66.61026983324487,2052000
2010-07-27,66.54692840576172,66.57069458536994,66.53109032878406,66.57069458536994,1320300
2010-07-28,66.61028289794922,66.64196508995632,66.5627626313187,66.5944448233258,1274700
2010-07-29,66.66573333740234,66.6736553970584,66.62613512464402,66.64989526085121,2207900
2010-07-30,66.69744110107422,66.72120124638963,66.68160301845171,66.72120124638963,1064400
2010-08-02,66.68238830566406,66.70616850281641,66.67445955732563,66.69031100613954,1174200
2010-08-03,66.72991943359375,66.7536996203166,66.72199068873269,66.72991943359375,1444300
2010-08-04,66.67449188232422,66.72205229968708,66.67449188232422,66.72205229968708,1962200
2010-08-05,66.75370788574219,66.75370788574219,66.69821876056479,66.70614750640758,1559300
2010-08-06,66.76956176757812,66.79334195595978,66.75370427674987,66.76956176757812,941200
2010-08-09,66.72991943359375,66.7695571100387,66.72991943359375,66.76162836517764,1120200
2010-08-10,66.76167297363281,66.76960172379165,66.69825506809077,66.70618381824961,1465900
2010-08-11,66.77754211425781,66.80925107542797,66.76961940986473,66.79339961877587,748700
2010-08-12,66.76167297363281,66.78545317624499,66.73789277102064,66.78545317624499,1556800
2010-08-13,66.75370788574219,66.76956537742777,66.7457791398994,66.75370788574219,427900
2010-08-16,66.81715393066406,66.81715393066406,66.78544498178368,66.79337373096968,652100
2010-08-17,66.80126953125,66.80126953125,66.76163789700698,66.7933468331181,794000
2010-08-18,66.81715393066406,66.82508267985007,66.78544498178368,66.82508267985007,838100
2010-08-19,66.83294677734375,66.84087551957727,66.79331516189276,66.80123785626799,756200
2010-08-20,66.80921173095703,66.83299192586382,66.79336028363997,66.83299192586382,703700
2010-08-23,66.81715393066406,66.82508267985007,66.79337373096968,66.79337373096968,527800
2010-08-24,66.86470794677734,66.88056544363549,66.82507630035802,66.84885649778222,1533700
2010-08-25,66.80126953125,66.8726161494653,66.78541808712502,66.84883595934726,1168600
2010-08-26,66.80126953125,66.82505576922921,66.7933468331181,66.80126953125,724400
2010-08-27,66.75370788574219,66.81712575676238,66.72992769607488,66.7774880754095,904100
2010-08-30,66.83294677734375,66.84087551957727,66.79331516189276,66.81709534073502,726800
2010-08-31,66.85673522949219,66.86466397270686,66.82503235235158,66.8408837909219,938600
2010-09-01,66.81716918945312,66.84890450056432,66.78543387834195,66.82510453045384,2009100
2010-09-02,66.8012466430664,66.83298192953836,66.79331736111365,66.80918197790615,1251400
2010-09-03,66.76946258544922,66.79326251753945,66.75359192880106,66.75359192880106,892600
2010-09-07,66.84087371826172,66.84087371826172,66.79327384600808,66.79327384600808,1104000
2010-09-08,66.79330444335938,66.80916905708366,66.76950449633004,66.80916905708366,1677100
2010-09-09,66.72186279296875,66.7853333196235,66.70599818774635,66.7853333196235,1291500
2010-09-10,66.7139663696289,66.72983703698921,66.6981017551547,66.70603708883485,1096200
2010-09-13,66.76946258544922,66.78532718921537,66.72185666838674,66.7377273250349,522000
2010-09-14,66.81716918945312,66.82510453045384,66.77749853734122,66.79336921934267,968100
2010-09-15,66.83297729492188,66.85677724490367,66.81711267922954,66.84091262921133,664400
2010-09-16,66.84880828857422,66.85673756527106,66.81707302313794,66.84880828857422,730900
2010-09-17,66.8647232055664,66.8647232055664,66.84092325180225,66.84885858735281,548800
2010-09-20,66.87264251708984,66.87264251708984,66.83297190173043,66.84090723537953,1132900
2010-09-21,66.92021942138672,66.93609008323222,66.83294893988847,66.87261954161822,1430900
2010-09-22,66.91230010986328,66.94403538826798,66.90437082992618,66.92817077550835,1158200
2010-09-23,66.92021942138672,66.95195469219372,66.91228409046397,66.94401936127097,779000
2010-09-24,66.91230010986328,66.92023544268582,66.89643549710365,66.90437082992618,1214500
2010-09-27,66.9281997680664,66.93613510432644,66.90439981217436,66.9281997680664,2443500
2010-09-28,66.94402313232422,66.95989379506373,66.92022319109928,66.92815852246905,764700
2010-09-29,66.9281997680664,66.95199972395845,66.9281997680664,66.94406438769842,798400
2010-09-30,66.9361343383789,66.95199895782937,66.89646371042073,66.94406362166013,1451800
2010-10-01,66.94798278808594,66.96385962538046,66.93210595079141,66.93210595079141,2388000
2010-10-04,66.95597839355469,66.98773815138247,66.95597839355469,66.97185524369137,1035100
2010-10-05,66.98774719238281,66.98774719238281,66.9639228276307,66.97980573746544,945100
2010-10-06,66.99568176269531,67.02744152441748,66.99568176269531,67.01950612715332,1772600
2010-10-07,67.05127716064453,67.05127716064453,67.02745884758588,67.03540030445767,1430200
2010-10-08,67.05127716064453,67.08303693057498,67.05127716064453,67.06716007438811,1604700
2010-10-11,67.05918884277344,67.09094859860234,67.02742908694454,67.06713029611917,1051900
2010-10-12,67.01153564453125,67.07505514046046,67.01153564453125,67.07505514046046,950600
2010-10-13,67.01947021484375,67.04328850898358,66.99564586315199,67.04328850898358,645700
2010-10-14,66.98774719238281,67.02744235185918,66.98774719238281,67.02744235185918,1130100
2010-10-15,67.01153564453125,67.0512307863226,67.00359419315197,67.04329539249586,883700
2010-10-18,67.02743530273438,67.05125360742633,67.02743530273438,67.02743530273438,765500
2010-10-19,67.05918884277344,67.06713029611917,67.03537054029027,67.03537054029027,740900
2010-10-20,67.06710052490234,67.08297736699201,67.04328223299217,67.06710052490234,1247500
2010-10-21,67.07506561279297,67.08300100785866,67.05124125493545,67.06712416017379,1035700
2010-10-22,67.05918884277344,67.07507174946491,67.05918884277344,67.06713029611917,522000
2010-10-25,67.07506561279297,67.098883913097,67.06712416017379,67.06712416017379,1594800
2010-10-26,67.01153564453125,67.03535394111657,67.00359419315197,67.02741248973729,1325400
2010-10-27,66.9798355102539,67.01953674493286,66.9798355102539,67.01159528648549,751900
2010-10-28,67.06710052490234,67.06710052490234,67.02739933335114,67.04328223299217,782300
2010-10-29,67.08301544189453,67.09889835055036,67.05919713646558,67.07508004512141,875500
2010-11-01,67.11238098144531,67.11238098144531,67.088543786004,67.0964915386041,709700
2010-11-02,67.07267761230469,67.10445650901201,67.07267761230469,67.08856706065835,610100
2010-11-03,67.09644317626953,67.10438486078638,67.00903614774735,67.09644317626953,643400
2010-11-04,67.11238098144531,67.1282764866455,67.11238098144531,67.11238098144531,874600
2010-11-05,67.05677032470703,67.10444472375623,67.0488225707455,67.08855527819317,1782600
2010-11-08,67.0250244140625,67.04886162747256,67.00913495924365,67.04091993124489,1086100
2010-11-09,66.9376220703125,67.0409247523362,66.9376220703125,67.0409247523362,1709900
2010-11-10,66.97735595703125,66.97735595703125,66.88200103252838,66.94557098219695,1019100
2010-11-11,66.8740463256836,66.96939516927289,66.85020305242338,66.96144741151949,553500
2010-11-12,66.8740463256836,66.94555795837556,66.8740463256836,66.91377298972483,1465400
2010-11-15,66.83428955078125,66.88991171031519,66.81839404099401,66.83428955078125,1869600
2010-11-16,66.8660888671875,66.88992607462659,66.83430390314804,66.8660888671875,1070400
2010-11-17,66.90575408935547,66.92164958796019,66.88191690380484,66.90575408935547,1860000
2010-11-18,66.91376495361328,66.91376495361328,66.85019502394636,66.87403829434308,799100
2010-11-19,66.8740463256836,66.89788353658092,66.8740463256836,66.88198802107411,1324400
2010-11-22,66.9376220703125,66.94556982947523,66.8740581841025,66.8740581841025,741000
2010-11-23,66.97735595703125,67.00119317256595,66.96940819773165,66.99324541326635,722600
2010-11-24,66.85812377929688,66.93758313761667,66.85017602475676,66.929641445437,1604700
2010-11-26,66.90575408935547,66.90575408935547,66.86602746755658,66.86602746755658,221300
2010-11-29,66.89787292480469,66.91376237542812,66.87403571768859,66.91376237542812,664000
2010-11-30,66.94549560546875,66.96138504381328,66.92960616712422,66.94549560546875,884500
2010-12-01,66.84532928466797,66.89304599495064,66.83738155542827,66.88509219874204,1000000
2010-12-02,66.84532928466797,66.87713840253346,66.82147396301109,66.84532928466797,896500
2010-12-03,66.93280792236328,66.94871551598789,66.89305107224048,66.92486019252033,1364900
2010-12-06,66.97257232666016,66.99642765065744,66.95666473268231,66.97257232666016,1686500
2010-12-07,66.85328674316406,66.95666183166321,66.82943142020036,66.95666183166321,1018800
2010-12-08,66.74996185302734,66.78971873220905,66.71815270949772,66.78177099655697,1235900
2010-12-09,66.741943359375,66.78170626698946,66.71808804159349,66.76579867715651,1132700
2010-12-10,66.71806335449219,66.76577397240126,66.71010956251878,66.75782018042787,912300
2010-12-13,66.75788116455078,66.78969029453674,66.70221670381815,66.72607810153602,944200
2010-12-14,66.72599792480469,66.77370852896985,66.67828125367562,66.76575473928769,873100
2010-12-15,66.70217895507812,66.7578433843086,66.66242211532365,66.71013274981613,720700
2010-12-16,66.71806335449219,66.74191866344673,66.6544451526363,66.68625425356424,1131600
2010-12-17,66.77373504638672,66.789636565102,66.71807063043376,66.71807063043376,1075900
2010-12-20,66.78971099853516,66.82947394008643,66.77380946209848,66.78971099853516,621100
2010-12-21,66.77373504638672,66.789636565102,66.74192594198983,66.789636565102,879700
2010-12-22,66.75788116455078,66.78174256226865,66.71812430229673,66.77378876302936,526900
2010-12-23,66.67041778564453,66.71813452141778,66.67041778564453,66.70222692050265,581000
2010-12-27,66.71011352539062,66.71011352539062,66.61468621693801,66.65444911220143,730000
2010-12-28,66.62100219726562,66.71650695573123,66.62100219726562,66.6846720362427,823400
2010-12-29,66.78022003173828,66.8040947188399,66.64492001833914,66.65288027133766,1204800
2010-12-30,66.75630187988281,66.77222237696216,66.71651278096556,66.76426212842249,1119100
2010-12-31,66.83589172363281,66.84384590022268,66.76426163109042,66.7722218795708,664600
2011-01-03,66.81993865966797,66.82789890426865,66.772189335839,66.80402424235417,676200
2011-01-04,66.8041000366211,66.85980966825751,66.78817952935673,66.82001447199102,2022500
2011-01-05,66.68466186523438,66.73241120123924,66.66874137197334,66.70853653323681,1276200
2011-01-06,66.75630187988281,66.77222237696216,66.7005922838862,66.71651278096556,1686600
2011-01-07,66.85185241699219,66.86776685307684,66.79614278285382,66.80410303684351,792200
2011-01-10,66.88367462158203,66.89163487405551,66.85183968358166,66.85183968358166,1202900
2011-01-11,66.84390258789062,66.89165804738192,66.83594840455514,66.89165804738192,1060400
2011-01-12,66.84390258789062,66.8518628431218,66.79615320029501,66.81206763886166,703200
2011-01-13,66.86773681640625,66.87569706682024,66.81998745770636,66.8438621370563,685900
2011-01-14,66.86773681640625,66.90753199658417,66.85978263788427,66.88365731723421,841900
2011-01-18,66.85185241699219,66.88368736105622,66.83593798090754,66.85185241699219,692200
2011-01-19,66.88367462158203,66.89163487405551,66.85979993605515,66.86775411663506,1450300
2011-01-20,66.81204986572266,66.86775949372972,66.80409568450312,66.86775949372972,781700
2011-01-21,66.82792663574219,66.83588688364613,66.80405196392047,66.80405196392047,463600
2011-01-24,66.81993865966797,66.83585914886933,66.80402424235417,66.80402424235417,631800
2011-01-25,66.86773681640625,66.88365731723421,66.80407302877039,66.81998745770636,1627100
2011-01-26,66.85185241699219,66.85981267098188,66.81205721893846,66.83593798090754,1130100
2011-01-27,66.8995132446289,66.9074734880819,66.8597241711373,66.88359882960961,917600
2011-01-28,66.931396484375,66.96323140929147,66.88364713294584,66.89160738214773,678500
2011-01-31,66.92341613769531,66.95525105305157,66.9075017159618,66.94729687812945,1139000
2011-02-01,66.85015106201172,66.88997843662648,66.85015106201172,66.88997843662648,1358700
2011-02-02,66.8103256225586,66.87404699306623,66.78643162781931,66.85015299832696,1139300
2011-02-03,66.74653625488281,66.7783908279807,66.7146756049873,66.75449685975848,1843800
2011-02-04,66.69084930419922,66.7306705993748,66.66694923492933,66.7067766069087,612300
2011-02-07,66.65896606445312,66.68286004883346,66.6271053930121,66.64303269033175,532500
2011-02-08,66.57136535644531,66.65898070294827,66.55543197882493,66.65101401413807,1348600
2011-02-09,66.619140625,66.658967984649,66.59524663993136,66.60321332722154,1278000
2011-02-10,66.58729553222656,66.63508959034822,66.5793288430724,66.61118952288572,607200
2011-02-11,66.58729553222656,66.65898358100739,66.58729553222656,66.62712290119406,786700
2011-02-14,66.58729553222656,66.6032289105349,66.5793288430724,66.5793288430724,1257700
2011-02-15,66.619140625,66.619140625,66.55541928028238,66.55541928028238,981700
2011-02-16,66.61116027832031,66.65098762980224,66.57929961249489,66.59523298380793,963300
2011-02-17,66.69084930419922,66.69880991715206,66.65898862197648,66.65898862197648,1095900
2011-02-18,66.71472930908203,66.72268992036584,66.65100795799654,66.65897464608285,709200
2011-02-22,66.78646850585938,66.80240189568654,66.72274710016616,66.7466471849069,1885000
2011-02-23,66.7705078125,66.81829580447557,66.76254112156917,66.79440180848779,831600
2011-02-24,66.80237579345703,66.81830310025308,66.77847571805495,66.78644240985565,666700
2011-02-25,66.81829071044922,66.82625740077269,66.7784633356361,66.7784633356361,786000
2011-02-28,66.84219360351562,66.86608760086288,66.81829960616837,66.83423298893655,667600
2011-03-01,66.88282775878906,66.89079416148324,66.80311508205988,66.80311508205988,785200
2011-03-02,66.8509750366211,66.89879779995077,66.84300254899073,66.8828589059163,834800
2011-03-03,66.71548461914062,66.7712798847758,66.71548461914062,66.75534098654911,740400
2011-03-04,66.86690521240234,66.86690521240234,66.7871985901698,66.7871985901698,627700
2011-03-07,66.8190689086914,66.86689165609046,66.80312393874223,66.80312393874223,668500
2011-03-08,66.79508972167969,66.81102859422278,66.77117229103794,66.7871172447991,863500
2011-03-09,66.84297943115234,66.88283577429348,66.81109557288427,66.83500694627928,924200
2011-03-10,66.91474151611328,66.93068649252307,66.84300736594933,66.86691874933732,692000
2011-03-11,66.92272186279297,66.93866684107512,66.89881047659716,66.9147493736519,678200
2011-03-14,66.9625473022461,67.02630894224566,66.9625473022461,66.97848619193984,1522200
2011-03-15,66.9306640625,67.06616591043988,66.9306640625,67.05819342490675,1152200
2011-03-16,67.05020141601562,67.08208526474793,66.97048875357368,66.986433718551,2603900
2011-03-17,67.01832580566406,67.02629220790966,66.96253058382935,67.00238083872667,1012000
2011-03-18,66.9864730834961,67.01835695096513,66.97850059632236,66.9864730834961,814000
2011-03-21,66.91474151611328,66.96257036411595,66.90677510913508,66.96257036411595,611900
2011-03-22,66.8987808227539,66.91471971274349,66.87486944715717,66.87486944715717,1402600
2011-03-23,66.90679931640625,66.95462210048478,66.89882682531686,66.95462210048478,868700
2011-03-24,66.85892486572266,66.9067536984197,66.85095846129379,66.88284232268356,1038400
2011-03-25,66.81111145019531,66.8908180741953,66.79517255788556,66.8908180741953,811100
2011-03-28,66.77920532226562,66.81906166159156,66.76326643526939,66.77920532226562,1493000
2011-03-29,66.75534057617188,66.81113584146404,66.74736808649362,66.78722445365709,863400
2011-03-30,66.79508972167969,66.80305611734221,66.77117229103794,66.77914476791852,631200
2011-03-31,66.75534057617188,66.835047229271,66.75534057617188,66.8191083311423,935200
2011-04-01,66.80874633789062,66.80874633789062,66.68908766454447,66.69706653239233,855800
2011-04-04,66.82469177246094,66.8566011547917,66.81671899144753,66.82469177246094,1159400
2011-04-05,66.7529525756836,66.82474417765884,66.7529525756836,66.8008136436671,1581000
2011-04-06,66.7529525756836,66.77688310967534,66.73700091505481,66.7529525756836,663000
2011-04-07,66.80078125,66.81673898898755,66.7608990747195,66.76887185811908,501800
2011-04-08,66.7768325805664,66.79279031521735,66.760880932008,66.76885371324093,692200
2011-04-11,66.76891326904297,66.7928498923701,66.75296160625619,66.77689214348534,679500
2011-04-12,66.88050079345703,66.88050079345703,66.81668814434809,66.81668814434809,826100
2011-04-13,66.91246795654297,66.9204468268569,66.8326975116881,66.84865525231596,859000
2011-04-14,66.84861755371094,66.9283879535801,66.84861755371094,66.90445744222849,919400
2011-04-15,66.97628021240234,66.97628021240234,66.90448864486567,66.90448864486567,1139000
2011-04-18,66.99222564697266,67.03210781513644,66.98424677890266,67.00019842894955,616000
2011-04-19,67.0081787109375,67.02413036132099,66.99222706055401,67.0081787109375,628400
2011-04-20,67.00021362304688,67.0081924929263,66.96033144583873,66.98426196938252,746700
2011-04-21,66.9842758178711,67.01618521789133,66.9762969463421,67.00022747483334,1119500
2011-04-25,66.99222564697266,67.01615616508955,66.96828904276265,66.98424677890266,1049600
2011-04-26,67.0560073852539,67.07196511402903,67.00814637110915,67.02409801379396,569000
2011-04-27,67.0799789428711,67.0799789428711,66.99223572527345,67.01616624699044,1169700
2011-04-28,67.0799789428711,67.10391555068212,67.07200615969478,67.09593668141177,704400
2011-04-29,67.11189270019531,67.12785043977422,67.0720105234369,67.08796217692138,803000
2011-05-02,67.10072326660156,67.1406367571285,67.10072326660156,67.11668744463775,716200
2011-05-03,67.12470245361328,67.13268150074605,67.10075313046364,67.12470245361328,451000
2011-05-04,67.15658569335938,67.17254986632445,67.09271681975703,67.12465125655821,1527400
2011-05-05,67.17254638671875,67.17254638671875,67.14061195157181,67.14859708307623,899600
2011-05-06,67.1805419921875,67.21247643231327,67.11667311193598,67.13263728656304,1627000
2011-05-09,67.21248626708984,67.22046531013505,67.1965159992543,67.21248626708984,530900
2011-05-10,67.14862060546875,67.19651922953285,67.14862060546875,67.19651922953285,725400
2011-05-11,67.21248626708984,67.22046531013505,67.15660251141057,67.16458155445578,1403100
2011-05-12,67.1805419921875,67.21247643231327,67.16457172668879,67.21247643231327,745000
2011-05-13,67.21248626708984,67.22845044405283,67.18853695620909,67.1965159992543,683200
2011-05-16,67.24444580078125,67.24444580078125,67.19654107027394,67.21251134406799,1458600
2011-05-17,67.25239562988281,67.27634493929459,67.22844632047104,67.23643145389902,949700
2011-05-18,67.22049713134766,67.24445254444112,67.20453294682746,67.2364674067433,1321800
2011-05-19,67.22844696044922,67.24441722745722,67.14861389802593,67.14861389802593,756000
2011-05-20,67.25239562988281,67.26836589673879,67.23643145389902,67.24441658732701,1059900
2011-05-23,67.26038360595703,67.28433291638099,67.25239847219157,67.27634778261552,708400
2011-05-24,67.26038360595703,67.26836873972249,67.23643429553307,67.24441942929855,903000
2011-05-25,67.29232025146484,67.29232025146484,67.26837094025744,67.29232025146484,712100
2011-05-26,67.33223724365234,67.33223724365234,67.30030888762943,67.30030888762943,653800
2011-05-27,67.35620880126953,67.35620880126953,67.3162892103574,67.3242743467147,635700
2011-05-31,67.35620880126953,67.37217298310973,67.3162892103574,67.3162892103574,775300
2011-06-01,67.40094757080078,67.40893895836346,67.36898811619271,67.36898811619271,2248000
2011-06-02,67.36099243164062,67.39295188420998,67.35300714023,67.36898381869354,696300
2011-06-03,67.38497161865234,67.41693107649641,67.36100354918011,67.41693107649641,975500
2011-06-06,67.3929214477539,67.41688950244573,67.36895339306209,67.37694477650587,1836500
2011-06-07,67.44090270996094,67.44090270996094,67.37698379667222,67.40095186524472,1384700
2011-06-08,67.44884490966797,67.46482767560038,67.42487685640855,67.42487685640855,914300
2011-06-09,67.37698364257812,67.43291116766707,67.36899225452454,67.42491977961349,1145900
2011-06-10,67.43290710449219,67.43290710449219,67.40094764984664,67.40094764984664,717200
2011-06-13,67.40889739990234,67.44884212180396,67.38492325199466,67.40090601726645,898400
2011-06-14,67.35297393798828,67.39291866227714,67.35297393798828,67.36095922546248,1300600
2011-06-15,67.44884490966797,67.46482767560038,67.39291742018291,67.39291742018291,695100
2011-06-16,67.45687103271484,67.46486241979659,67.42491158003018,67.45687103271484,1112300
2011-06-17,67.47283172607422,67.47283172607422,67.44087837660204,67.45685505133812,1689000
2011-06-20,67.47283172607422,67.47283172607422,67.43288699141355,67.46484643652661,917300
2011-06-21,67.48084259033203,67.48084259033203,67.44089784414089,67.44089784414089,7491500
2011-06-22,67.46482849121094,67.49678792782294,67.4488457250853,67.48879654476013,1174000
2011-06-23,67.50482177734375,67.52080455496719,67.48884509536396,67.50482177734375,1875000
2011-06-24,67.54474639892578,67.55273778463453,67.48881889024703,67.50479556602328,1068600
2011-06-27,67.48084259033203,67.52877872401847,67.45687452348882,67.51280204467054,1431800
2011-06-28,67.36099243164062,67.45687078934868,67.35300714023,67.43290272383224,1126700
2011-06-29,67.36099243164062,67.38496049715707,67.33702436612418,67.36898381869354,1312800
2011-06-30,67.35297393798828,67.40091004539063,67.30503173494664,67.39291866227714,1898000
2011-07-01,67.32980346679688,67.39376864457218,67.3138152223806,67.38577147233649,3176800
2011-07-05,67.40975189208984,67.41774906373271,67.37776930557297,67.37776930557297,1128700
2011-07-06,67.43379211425781,67.4497864705431,67.41780385803213,67.41780385803213,669900
2011-07-07,67.36976623535156,67.39375164595371,67.3457808247494,67.39375164595371,959800
2011-07-08,67.46575927734375,67.4897508062777,67.45776820109064,67.45776820109064,830500
2011-07-11,67.51367950439453,67.52167057393287,67.48169692608197,67.48169692608197,1723500
2011-07-12,67.5057373046875,67.52172555683647,67.47375470033153,67.5057373046875,1065600
2011-07-13,67.5217056274414,67.5297028011845,67.4897291325815,67.50571738001145,612400
2011-07-14,67.49771881103516,67.51371315819074,67.4817305639357,67.4817305639357,920300
2011-07-15,67.51367950439453,67.51367950439453,67.47369975649055,67.48169692608197,607500
2011-07-18,67.51367950439453,67.52966774352427,67.4976851652117,67.50568233480311,1518000
2011-07-19,67.51367950439453,67.53766491311568,67.4976851652117,67.52167057393287,850000
2011-07-20,67.4897689819336,67.51375441726884,67.48177180346856,67.49776006033878,615600
2011-07-21,67.45771789550781,67.49769154713823,67.44972072516026,67.4817033064968,718900
2011-07-22,67.46575927734375,67.50573905884212,67.46575927734375,67.4897508062777,712600
2011-07-25,67.43379211425781,67.48176908305406,67.43379211425781,67.4497864705431,3881100
2011-07-26,67.4737548828125,67.48974923506277,67.44976945449515,67.44976945449515,1157200
2011-07-27,67.43379211425781,67.46577472676879,67.41780385803213,67.45778364868575,1120100
2011-07-28,67.4737548828125,67.50573748725498,67.46575770668736,67.49774031112983,3369200
2011-07-29,67.54566955566406,67.56965496703886,67.5056898033369,67.5056898033369,1178200
2011-08-01,67.52249145507812,67.57049696126099,67.51448850255959,67.53049440759665,2428900
2011-08-02,67.61048889160156,67.61849184214006,67.56248339729594,67.57848319391026,1104600
2011-08-03,67.60250854492188,67.61851445135065,67.57850578974339,67.58650874295779,2656600
2011-08-04,67.66651153564453,67.67451448786237,67.59450327907581,67.59450327907581,2556300
2011-08-05,67.65050506591797,67.67450781574108,67.60249346180842,67.61849936466605,3777400
2011-08-08,67.67449951171875,67.72250500547445,67.65849361082513,67.65849361082513,3003000
2011-08-09,67.74646759033203,67.80247600133116,67.61845098138785,67.65045665973864,5224400
2011-08-10,67.79447174072266,67.81047152591756,67.75446312104795,67.77846585106946,2682500
2011-08-11,67.77848815917969,67.79449405410095,67.7544854212581,67.77848815917969,1352200
2011-08-12,67.78650665283203,67.78650665283203,67.74649801081357,67.76250390940564,4026200
2011-08-15,67.76251983642578,67.7705166831397,67.73851708735774,67.7705166831397,924400
2011-08-16,67.76251983642578,67.76251983642578,67.73851708735774,67.75451688524872,2724700
2011-08-17,67.77848815917969,67.77848815917969,67.73848563079713,67.77048521171906,1471600
2011-08-18,67.77051544189453,67.80252114155343,67.76251859532707,67.79452429498598,1197000
2011-08-19,67.77051544189453,67.77051544189453,67.7465126932661,67.7465126932661,1894500
2011-08-22,67.76251983642578,67.76251983642578,67.74651393407166,67.75451688524872,1112400
2011-08-23,67.7304916381836,67.75449437927867,67.7304916381836,67.74649143075993,1531000
2011-08-24,67.7304916381836,67.74649143075993,67.71448574114615,67.73849458670232,780700
2011-08-25,67.77051544189453,67.77851839292501,67.75451564429659,67.75451564429659,1397200
2011-08-26,67.77848815917969,67.80249089710128,67.77048521171906,67.78649110664033,1011300
2011-08-29,67.76251983642578,67.77851963431677,67.75451688524872,67.7705166831397,533300
2011-08-30,67.77848815917969,67.79449405410095,67.77048521171906,67.77048521171906,2234000
2011-08-31,67.77848815917969,67.79449405410095,67.74648247379746,67.79449405410095,1416500
2011-09-01,67.79771423339844,67.80572228691088,67.76568812770378,67.79771423339844,1562800
2011-09-02,67.76567840576172,67.78169451048886,67.74966840938879,67.78169451048886,1988100
2011-09-06,67.77368927001953,67.77368927001953,67.74166316759073,67.76568121732372,1125600
2011-09-07,67.75775146484375,67.77376758874347,67.74974951125542,67.74974951125542,1087400
2011-09-08,67.78169250488281,67.7896944486554,67.76567640062957,67.7896944486554,755600
2011-09-09,67.80573272705078,67.81373467344021,67.78971661755989,67.79772467230534,921700
2011-09-12,67.75775146484375,67.78977760428167,67.75775146484375,67.78977760428167,2117700
2011-09-13,67.76567840576172,67.77368645812528,67.74966840938879,67.75767035339815,992400
2011-09-14,67.76567840576172,67.79770450686179,67.75767035339815,67.78169451048886,808700
2011-09-15,67.77368927001953,67.77368927001953,67.74166316759073,67.7576731646279,1466400
2011-09-16,67.78971099853516,67.79771905261683,67.74968294483786,67.74968294483786,997900
2011-09-19,67.82172393798828,67.82973199051507,67.80571394128903,67.82172393798828,644600
2011-09-20,67.78971099853516,67.8217371065063,67.78971099853516,67.79771905261683,1905900
2011-09-21,67.71763610839844,67.82171634617892,67.71763610839844,67.81370829454853,984800
2011-09-22,67.72566223144531,67.76569639553682,67.72566223144531,67.75768834104736,2479700
2011-09-23,67.73365020751953,67.74966631175079,67.7176402116423,67.74966631175079,2848600
2011-09-26,67.70964050292969,67.72565050077972,67.70163244982729,67.72565050077972,977500
2011-09-27,67.68565368652344,67.70166369176152,67.6776456297256,67.6776456297256,1303100
2011-09-28,67.66157531738281,67.68559335801135,67.6535672677226,67.6695772586909,2755700
2011-09-29,67.6776351928711,67.68564324843398,67.66162519010197,67.66962713730821,1206500
2011-09-30,67.70964050292969,67.70964050292969,67.67761439887484,67.70163244982729,2114100
2011-10-03,67.72488403320312,67.73289673144014,67.69283935215304,67.7088586367291,2885800
2011-10-04,67.68486022949219,67.72491762865005,67.68486022949219,67.71690492643827,4037200
2011-10-05,67.68486022949219,67.69287293170396,67.66884093696964,67.69287293170396,1734600
2011-10-06,67.6688003540039,67.68481963691922,67.6688003540039,67.6688003540039,1221500
2011-10-07,67.64473724365234,67.66876921291448,67.61269258067131,67.6607565191956,2255300
2011-10-10,67.58868408203125,67.66879271135484,67.57265868902854,67.66879271135484,1532300
2011-10-11,67.62075805664062,67.62876464471464,67.60473265669401,67.61274535666732,948000
2011-10-12,67.62075805664062,67.62075805664062,67.5887133686467,67.5887133686467,3140200
2011-10-13,67.63679504394531,67.66883974032473,67.63679504394531,67.66082703825465,2722800
2011-10-14,67.6688003540039,67.67681305141022,67.63675567627595,67.63675567627595,1096600
2011-10-17,67.67680358886719,67.68481017325671,67.66077819629521,67.6687908925812,834800
2011-10-18,67.67680358886719,67.6928228695427,67.6687908925812,67.67680358886719,1390000
2011-10-19,67.70081329345703,67.70081329345703,67.66876863075167,67.66876863075167,1987400
2011-10-20,67.70885467529297,67.70885467529297,67.67681610801533,67.68482269388593,2206000
2011-10-21,67.68486022949219,67.70088563391573,67.67685363918142,67.70088563391573,1426600
2011-10-24,67.68486022949219,67.68486022949219,67.66884093696964,67.68486022949219,1742300
2011-10-25,67.72488403320312,67.72488403320312,67.66880736933997,67.68482665391603,3601800
2011-10-26,67.68486022949219,67.70088563391573,67.67685363918142,67.69287293170396,1070400
2011-10-27,67.63679504394531,67.6768524423948,67.62878234187524,67.6768524423948,1521600
2011-10-28,67.6688003540039,67.67681305141022,67.62874297886962,67.66078765659758,2016000
2011-10-31,67.73291015625,67.73291015625,67.70086546884859,67.70086546884859,1376000
2011-11-01,67.73928833007812,67.76333395673738,67.73127108273573,67.76333395673738,5677600
2011-11-02,67.7553939819336,67.77142849490515,67.74737672544781,67.74737672544781,1863600
2011-11-03,67.76334381103516,67.76334381103516,67.7473093140186,67.75532656252688,1559800
2011-11-04,67.76334381103516,67.77136105954344,67.7473093140186,67.7473093140186,618700
2011-11-07,67.747314453125,67.77937733422151,67.747314453125,67.7633489513579,1082500
2011-11-08,67.73928833007812,67.76333395673738,67.73928833007812,67.73928833007812,711300
2011-11-09,67.7553939819336,67.77142849490515,67.74737672544781,67.74737672544781,1154900
2011-11-10,67.76334381103516,67.77136105954344,67.7473093140186,67.76334381103516,3677900
2011-11-11,67.73128509521484,67.76334797584978,67.73128509521484,67.74731347784773,1011800
2011-11-14,67.76334381103516,67.7873894411912,67.73929818087912,67.73929818087912,2637100
2011-11-15,67.7553939819336,67.77142849490515,67.74737672544781,67.76341123841938,788200
2011-11-16,67.73928833007812,67.76333395673738,67.73928833007812,67.75531670939499,978300
2011-11-17,67.747314453125,67.747314453125,67.72326882114494,67.73128607026139,1751200
2011-11-18,67.72330474853516,67.73933925527439,67.71529361053805,67.73132200190477,1504000
2011-11-21,67.73128509521484,67.73128509521484,67.71525671258198,67.73128509521484,1352100
2011-11-22,67.73928833007812,67.7472994620526,67.72325383539334,67.7472994620526,2871900
2011-11-23,67.747314453125,67.75533170224145,67.72326882114494,67.72326882114494,1470200
2011-11-25,67.747314453125,67.747314453125,67.73128607026139,67.747314453125,554700
2011-11-28,67.7553939819336,67.7553939819336,67.71531993025448,67.71531993025448,1210200
2011-11-29,67.76334381103516,67.76334381103516,67.73929818087912,67.7473093140186,1693200
2011-11-30,67.76334381103516,67.76334381103516,67.73128093237084,67.73929818087912,1486200
2011-12-01,67.76737976074219,67.76737976074219,67.73529979348397,67.76737976074219,6682400
2011-12-02,67.75132751464844,67.75934291567923,67.73528447533336,67.75934291567923,1780300
2011-12-05,67.75934600830078,67.76736752832444,67.7433090868805,67.75133060690415,1356600
2011-12-06,67.75934600830078,67.76736752832444,67.7433090868805,67.75133060690415,817300
2011-12-07,67.78338623046875,67.78338623046875,67.7593277954914,67.7593277954914,1330000
2011-12-08,67.79141235351562,67.79943387192812,67.77537543531643,67.79141235351562,2097100
2011-12-09,67.79141235351562,67.79943387192812,67.78339083510313,67.79141235351562,1726600
2011-12-12,67.79141235351562,67.79943387192812,67.78339083510313,67.78339083510313,1750800
2011-12-13,67.79141235351562,67.79943387192812,67.77537543531643,67.78339083510313,836100
2011-12-14,67.77537536621094,67.78339076598947,67.75933232940231,67.75933232940231,2196200
2011-12-15,67.76737976074219,67.78341668505723,67.7593582392706,67.78341668505723,2872000
2011-12-16,67.7994613647461,67.7994613647461,67.77540291837867,67.79143984308087,2330700
2011-12-19,67.79141235351562,67.79943387192812,67.77537543531643,67.79141235351562,1544000
2011-12-20,67.77537536621094,67.78339076598947,67.75933232940231,67.78339076598947,1549200
2011-12-21,67.75132751464844,67.76736443533677,67.73528447533336,67.75934291567923,1205300
2011-12-22,67.74327850341797,67.75130001982022,67.71922007283548,67.74327850341797,2395300
2011-12-23,67.75934600830078,67.75934600830078,67.71925064543657,67.7272660468332,1029000
2011-12-27,67.73448944091797,67.73448944091797,67.71844510974036,67.71844510974036,669100
2011-12-28,67.75049591064453,67.75851501030037,67.7184011476708,67.7184011476708,2493200
2011-12-29,67.75853729248047,67.7665625162255,67.74249296644254,67.74249296644254,1510900
2011-12-30,67.79867553710938,67.79867553710938,67.76658075494339,67.78263120675327,2343700
2012-01-03,67.75853729248047,67.79063206600846,67.75853729248047,67.79063206600846,5743100
2012-01-04,67.76659393310547,67.77461916057102,67.75856870563992,67.76659393310547,1767300
2012-01-05,67.77457427978516,67.78259950193636,67.75852383548275,67.75852383548275,1583400
2012-01-06,67.76659393310547,68.0795104682576,67.75856870563992,67.77461916057102,2068000
2012-01-09,67.7826156616211,67.79063476423318,67.77459043755664,67.79063476423318,1236100
2012-01-10,67.79066467285156,67.80671512806178,67.77462033909642,67.78264556670153,813400
2012-01-11,67.8146743774414,67.82269959796304,67.79863005784782,67.79863005784782,2467000
2012-01-12,67.80668640136719,67.83075595253023,67.80668640136719,67.80668640136719,2119900
2012-01-13,67.8227310180664,67.83075624230587,67.8227310180664,67.83075624230587,1151800
2012-01-17,67.83078002929688,67.84682436194974,67.82275480224313,67.83078002929688,2337200
2012-01-18,67.8227310180664,67.83878146654533,67.8227310180664,67.83075624230587,1189700
2012-01-19,67.8227310180664,67.83075624230587,67.79866146680054,67.81470579382695,2062000
2012-01-20,67.80668640136719,67.81470550411987,67.798661177162,67.798661177162,2601600
2012-01-23,67.8146743774414,67.8146743774414,67.79060483732619,67.80665527836945,2628500
2012-01-24,67.8146743774414,67.8146743774414,67.79060483732619,67.8146743774414,3799300
2012-01-25,67.85482788085938,67.87087220837932,67.80668877684683,67.80668877684683,2108000
2012-01-26,67.86283111572266,67.87887543804376,67.85480589383675,67.85480589383675,1436100
2012-01-27,67.87889862060547,67.87889862060547,67.86285429280477,67.87087339597872,1297900
2012-01-30,67.85482788085938,67.87087220837932,67.85482788085938,67.85482788085938,1885700
2012-01-31,67.85482788085938,67.85482788085938,67.83878355333943,67.83878355333943,2644300
2012-02-01,67.8315200805664,67.86362661040012,67.8315200805664,67.84757028363605,5980200
2012-02-02,67.83953857421875,67.85559490014353,67.83151653495045,67.83953857421875,2990400
2012-02-03,67.83953857421875,67.84756673718114,67.82348837198806,67.83151653495045,2434800
2012-02-06,67.82357025146484,67.83962047307203,67.82357025146484,67.83962047307203,2384500
2012-02-07,67.8074951171875,67.8235453328978,67.79946694748273,67.8235453328978,1930100
2012-02-08,67.8074951171875,67.81551716319304,67.79143877777796,67.79143877777796,1207300
2012-02-09,67.77533721923828,67.80744375003599,67.77533721923828,67.80744375003599,766500
2012-02-10,67.7914047241211,67.79943288979308,67.7753545164733,67.7753545164733,1025300
2012-02-13,67.75128173828125,67.79141032256277,67.75128173828125,67.7753601135895,1083500
2012-02-14,67.76734161376953,67.76734161376953,67.75129140250681,67.75129140250681,1069400
2012-02-15,67.77533721923828,67.79138742278984,67.75125885206364,67.75928089199212,1229700
2012-02-16,67.75128173828125,67.7833821562278,67.75128173828125,67.7753601135895,1467200
2012-02-17,67.73523712158203,67.75931550105504,67.73523712158203,67.75129345702919,827900
2012-02-21,67.71924591064453,67.743324311096,67.71924591064453,67.743324311096,1954600
2012-02-22,67.75128173828125,67.75128173828125,67.72719723927632,67.7352254056113,1604800
2012-02-23,67.74325561523438,67.75930582469176,67.73522744865726,67.73522744865726,3341900
2012-02-24,67.7271957397461,67.75128023821776,67.7271957397461,67.74325207206054,3698600
2012-02-27,67.74325561523438,67.76733399126888,67.74325561523438,67.75930582469176,1060900
2012-02-28,67.75933074951172,67.77538708857217,67.75130870368059,67.75933074951172,982800
2012-02-29,67.75933074951172,67.75933074951172,67.73525236462014,67.75933074951172,656500
2012-03-01,67.74732971191406,67.74732971191406,67.73126670376021,67.73126670376021,1044000
2012-03-02,67.7633285522461,67.77136004944376,67.75529705504842,67.75529705504842,914500
2012-03-05,67.7633285522461,67.7633285522461,67.74727168408812,67.75529705504842,1166200
2012-03-06,67.7633285522461,67.77939154664143,67.7633285522461,67.77939154664143,2282700
2012-03-07,67.74732971191406,67.7714180979022,67.74732971191406,67.76338659382527,587900
2012-03-08,67.72319793701172,67.7472924359852,67.72319793701172,67.7472924359852,960100
2012-03-09,67.72319793701172,67.7472924359852,67.72319793701172,67.73926093632737,660400
2012-03-12,67.73120880126953,67.74727179569135,67.72317730405864,67.73924029848044,761700
2012-03-13,67.69105529785156,67.71514366030401,67.68302380162187,67.7071121640743,1284700
2012-03-14,67.59468078613281,67.6669458575225,67.59468078613281,67.65892048930273,1351500
2012-03-15,67.63492584228516,67.6590142327902,67.61886283111927,67.62689433670222,3730100
2012-03-16,67.67497253417969,67.68300402806298,67.64285268488135,67.6669410402964,2790700
2012-03-19,67.62677764892578,67.65086599786717,67.61071466547605,67.64283450614231,2260800
2012-03-20,67.61074829101562,67.64286814765637,67.59469142581337,67.62681128245411,793800
2012-03-21,67.65086364746094,67.65086364746094,67.61874380791063,67.63480679080227,572200
2012-03-22,67.65890502929688,67.66693039568287,67.65087353667701,67.66693039568287,840000
2012-03-23,67.6669692993164,67.68303229379121,67.6669692993164,67.6750007965538,698400
2012-03-26,67.68301391601562,67.68301391601562,67.66695092590236,67.67498242095898,1035600
2012-03-27,67.70706176757812,67.71509325782974,67.6829734230554,67.69903027732653,1091100
2012-03-28,67.69105529785156,67.72316903029706,67.69105529785156,67.7071121640743,736600
2012-03-29,67.71515655517578,67.71515655517578,67.69909355965756,67.71515655517578,739200
2012-03-30,67.70706176757812,67.71509325782974,67.69903027732653,67.70706176757812,949300
2012-04-02,67.72319793701172,67.73926665178682,67.70713535065569,67.73926665178682,695600
2012-04-03,67.67495727539062,67.7231511295682,67.66692292355609,67.7231511295682,1631600
2012-04-04,67.69104766845703,67.71515073386585,67.6830194417381,67.71515073386585,1395900
2012-04-05,67.71515655517578,67.71515655517578,67.69908784352184,67.70712219934882,758900
2012-04-09,67.76335906982422,67.76335906982422,67.73926212769,67.73926212769,898600
2012-04-10,67.79545593261719,67.79545593261719,67.75529029718288,67.76332464995285,1024900
2012-04-11,67.78748321533203,67.79551757540722,67.7714206236028,67.7714206236028,2299100
2012-04-12,67.79545593261719,67.80349028538716,67.78742157984722,67.80349028538716,845700
2012-04-13,67.80353546142578,67.81156369112925,67.7955011033027,67.81156369112925,2859200
2012-04-16,67.80353546142578,67.81959804925233,67.80353546142578,67.81156369112925,569900
2012-04-17,67.80353546142578,67.81959804925233,67.7955011033027,67.81156369112925,773000
2012-04-18,67.81959533691406,67.82762969471582,67.81156097911229,67.82762969471582,469200
2012-04-19,67.82758331298828,67.82758331298828,67.81151460837282,67.81151460837282,558800
2012-04-20,67.82758331298828,67.82758331298828,67.80348638448028,67.81954896068055,503200
2012-04-23,67.84368133544922,67.84368133544922,67.82761875085673,67.84368133544922,741000
2012-04-24,67.81959533691406,67.85172663970175,67.81959533691406,67.84369228189999,1149600
2012-04-25,67.83563995361328,67.84367430928664,67.81154301501093,67.81154301501093,914100
2012-04-26,67.84368133544922,67.85171569195467,67.82761875085673,67.84368133544922,711600
2012-04-27,67.82758331298828,67.8516802414963,67.82758331298828,67.8516802414963,741700
2012-04-30,67.84368133544922,67.85171569195467,67.83564697894379,67.85171569195467,644700
2012-05-01,67.84207153320312,67.85813944371398,67.82600362269227,67.84207153320312,8197400
2012-05-02,67.85010528564453,67.85010528564453,67.83403124545748,67.842068265551,2107000
2012-05-03,67.84207153320312,67.85813944371398,67.8340345127225,67.84207153320312,876700
2012-05-04,67.86616516113281,67.86616516113281,67.85812814199073,67.86616516113281,798700
2012-05-07,67.86616516113281,67.87420218027488,67.85812814199073,67.86616516113281,1315200
2012-05-08,67.87422180175781,67.87422180175781,67.85011686781259,67.86618478029236,1016600
2012-05-09,67.86616516113281,67.87420218027488,67.85812814199073,67.86616516113281,1260700
2012-05-10,67.8581314086914,67.86616842822038,67.84206350008313,67.85010051961211,1071300
2012-05-11,67.86616516113281,67.86616516113281,67.85009725329805,67.86616516113281,432100
2012-05-14,67.8581314086914,67.86616842822038,67.8581314086914,67.8581314086914,799600
2012-05-15,67.85010528564453,67.87421021547499,67.842068265551,67.85813617528794,3270000
2012-05-16,67.84207153320312,67.84207153320312,67.82600362269227,67.8340345127225,1186300
2012-05-17,67.80992889404297,67.83403382479,67.80992889404297,67.83403382479,1894100
2012-05-18,67.8179702758789,67.8179702758789,67.79386534358167,67.80993325496291,2716100
2012-05-21,67.82597351074219,67.82597351074219,67.80186246000461,67.81793649382966,954600
2012-05-22,67.80191040039062,67.81798444558108,67.80191040039062,67.81798444558108,1193100
2012-05-23,67.83399200439453,67.83399200439453,67.80988708850845,67.82596111939688,928000
2012-05-24,67.80992889404297,67.80992889404297,67.80189187364384,67.80992889404297,644900
2012-05-25,67.84207153320312,67.84207153320312,67.80992958173101,67.8340345127225,795600
2012-05-29,67.82597351074219,67.84204141411955,67.81793649382966,67.81793649382966,1296100
2012-05-30,67.8581314086914,67.86616842822038,67.83402648055416,67.83402648055416,1239600
2012-05-31,67.88224792480469,67.89027881452965,67.85010597455437,67.88224792480469,3737600
2012-06-01,67.88863372802734,67.9127466354634,67.88059404805566,67.9127466354634,2218600
2012-06-04,67.8806381225586,67.89671749294222,67.8806381225586,67.8886778077504,5799600
2012-06-05,67.89675903320312,67.89675903320312,67.87264609535804,67.88871934309252,1666200
2012-06-06,67.8725814819336,67.89669439682365,67.86454179947661,67.89669439682365,1382500
2012-06-07,67.8646011352539,67.8726408247402,67.8404881992813,67.8726408247402,2898800
2012-06-08,67.8646011352539,67.8726408247402,67.85656144576761,67.8726408247402,1090400
2012-06-11,67.8646011352539,67.8646011352539,67.8404881992813,67.8404881992813,1065300
2012-06-12,67.83240509033203,67.85651801086999,67.81633185413416,67.85651801086999,1588500
2012-06-13,67.8243637084961,67.84044307677385,67.81633015683938,67.84044307677385,537400
2012-06-14,67.83240509033203,67.84848445901223,67.82436540599193,67.84848445901223,996000
2012-06-15,67.85649871826172,67.85649871826172,67.83238580457942,67.8404254866337,478800
2012-06-18,67.84046936035156,67.84850904760528,67.83242967309785,67.84850904760528,3803700
2012-06-19,67.83240509033203,67.84848445901223,67.83240509033203,67.84044477467212,1761700
2012-06-20,67.80830383300781,67.8565296823787,67.80026414728486,67.8404564434162,3044100
2012-06-21,67.81632232666016,67.8243558773893,67.80828264344954,67.80828264344954,701000
2012-06-22,67.8243637084961,67.8243637084961,67.8082904727005,67.81633015683938,1243300
2012-06-25,67.8243637084961,67.84044307677385,67.81633015683938,67.81633015683938,2960900
2012-06-26,67.80830383300781,67.82437707197032,67.80026414728486,67.81634351873076,3320900
2012-06-27,67.80830383300781,67.82437707197032,67.79222446156191,67.82437707197032,3125900
2012-06-28,67.81632232666016,67.8323955605999,67.80828264344954,67.8243558773893,907000
2012-06-29,67.81632232666016,67.8323955605999,67.80024296023895,67.80024296023895,1163200
2012-07-02,67.83721923828125,67.84525526446753,67.82113491716642,67.82113491716642,14979800
2012-07-03,67.82113647460938,67.84525682246438,67.82113647460938,67.82917863535147,1127700
2012-07-05,67.84527587890625,67.85331804190723,67.83723985027827,67.83723985027827,1205400
2012-07-06,67.86936950683594,67.87740553157303,67.86132734772882,67.86936950683594,1603300
2012-07-09,67.86936950683594,67.88544769068015,67.86936950683594,67.87740553157303,561100
2012-07-10,67.86936950683594,67.88544769068015,67.86936950683594,67.88544769068015,490200
2012-07-11,67.87739562988281,67.88543778781678,67.86935960631799,67.87739562988281,559500
2012-07-12,67.89349365234375,67.89349365234375,67.87740933322867,67.8854514927862,356800
2012-07-13,67.90956115722656,67.91760331551936,67.88544081671762,67.90151899893378,634100
2012-07-16,67.93370056152344,67.94978488262265,67.93370056152344,67.93370056152344,830800
2012-07-17,67.92569732666016,67.93373335671805,67.91765516222817,67.92569732666016,2200000
2012-07-18,67.9417495727539,67.94979173411441,67.92567138440464,67.92567138440464,2998500
2012-07-19,67.95780944824219,67.96585160743554,67.94977342341892,67.94977342341892,1443300
2012-07-20,67.96589660644531,67.97393877096324,67.94981841178361,67.95785444192738,2246300
2012-07-23,67.97388458251953,67.98192674062629,67.95780026630601,67.97388458251953,403900
2012-07-24,67.95780944824219,67.9738937666289,67.95780944824219,67.96585160743554,2868800
2012-07-25,67.96589660644531,67.98198093548118,67.95785444192738,67.98198093548118,1007100
2012-07-26,67.96589660644531,67.96589660644531,67.95785444192738,67.95785444192738,2028400
2012-07-27,67.91766357421875,67.9498261015561,67.90157924336265,67.9337417707,907800
2012-07-30,67.94977569580078,67.95781172089279,67.93369137687617,67.94173353633848,2318600
2012-07-31,67.96589660644531,67.98198093548118,67.95785444192738,67.97393877096324,917000
2012-08-01,67.95462799072266,67.98680040642483,67.95462799072266,67.98680040642483,2012600
2012-08-02,67.9626693725586,67.97875251150869,67.95462473495326,67.9626693725586,591400
2012-08-03,67.9385986328125,67.95468178526497,67.93055398845341,67.94664327717159,909300
2012-08-06,67.94656372070312,67.95460221938447,67.93851908576325,67.95460221938447,2344700
2012-08-07,67.91442108154297,67.93050422221285,67.90637644307742,67.93050422221285,644100
2012-08-08,67.89025115966797,67.91437892382612,67.88220652619611,67.91437892382612,1274600
2012-08-09,67.89025115966797,67.89828965688241,67.88220652619611,67.88220652619611,557300
2012-08-10,67.9063720703125,67.91441670826002,67.9063720703125,67.91441670826002,622900
2012-08-13,67.91442108154297,67.91442108154297,67.90637644307742,67.90637644307742,619000
2012-08-14,67.89830780029297,67.90635243591447,67.89026930093053,67.90635243591447,1756500
2012-08-15,67.87419891357422,67.89028818929356,67.87419891357422,67.88224355143389,694000
2012-08-16,67.86614227294922,67.89027618225991,67.858103772772,67.88223154582302,797700
2012-08-17,67.87419891357422,67.88224355143389,67.87419891357422,67.88224355143389,577100
2012-08-20,67.87419891357422,67.89028818929356,67.87419891357422,67.87419891357422,536500
2012-08-21,67.87419891357422,67.88224355143389,67.85811577411565,67.87419891357422,1660500
2012-08-22,67.91442108154297,67.9224595837473,67.88224866394201,67.89833180461189,632300
2012-08-23,67.92244720458984,67.9385364785886,67.91440870385058,67.92244720458984,488900
2012-08-24,67.92244720458984,67.93049184158923,67.9063640668512,67.92244720458984,646600
2012-08-27,67.91442108154297,67.9224595837473,67.91442108154297,67.9224595837473,731000
2012-08-28,67.92244720458984,67.92244720458984,67.9063640668512,67.92244720458984,759300
2012-08-29,67.92244720458984,67.92244720458984,67.9063640668512,67.91440870385058,512600
2012-08-30,67.9304428100586,67.94653207244427,67.91435968392858,67.9304428100586,664900
2012-08-31,67.9707260131836,67.98680915497383,67.9465982323674,67.9465982323674,944900
2012-09-04,67.96593475341797,67.99006940061678,67.94984089661348,67.99006940061678,1795800
2012-09-05,67.96593475341797,67.97397554381229,67.95788782501572,67.96593475341797,575500
2012-09-06,67.9336929321289,67.94978063665839,67.92564601086292,67.9336929321289,1133200
2012-09-07,67.94974517822266,67.97387979142388,67.9416982611558,67.94974517822266,1666500
2012-09-10,67.9336929321289,67.94978063665839,67.9336929321289,67.9417337153924,2298900
2012-09-11,67.94974517822266,67.94974517822266,67.93365748208826,67.9416982611558,526500
2012-09-12,67.94176483154297,67.94981175649431,67.94176483154297,67.94176483154297,1211800
2012-09-13,67.96593475341797,67.98202247221452,67.93375317781691,67.95788782501572,783900
2012-09-14,67.9336929321289,67.96587447919038,67.92564601086292,67.96587447919038,890100
2012-09-17,67.9336929321289,67.9417337153924,67.9336929321289,67.9336929321289,1002700
2012-09-18,67.94176483154297,67.94176483154297,67.93372404459693,67.93372404459693,626100
2012-09-19,67.94176483154297,67.94176483154297,67.93372404459693,67.93372404459693,533300
2012-09-20,67.92566680908203,67.94980144226732,67.92566680908203,67.93371373281191,702200
2012-09-21,67.9336929321289,67.9336929321289,67.91759908959693,67.92564601086292,625100
2012-09-24,67.94176483154297,67.94176483154297,67.93372404459693,67.94176483154297,578200
2012-09-25,67.92566680908203,67.93371373281191,67.91761988535215,67.92566680908203,1278800
2012-09-26,67.94176483154297,67.94176483154297,67.92567711964558,67.93372404459693,628800
2012-09-27,67.94974517822266,67.95779209528949,67.93365748208826,67.9416982611558,446100
2012-09-28,67.98197174072266,67.98197174072266,67.95783711153429,67.96588403393153,876400
2012-10-01,67.98360443115234,67.98360443115234,67.9755554107222,67.98360443115234,2690600
2012-10-02,67.96746063232422,67.9755096473355,67.96746063232422,67.9755096473355,677300
2012-10-03,67.96746063232422,67.9755096473355,67.96746063232422,67.96746063232422,2717100
2012-10-04,67.96746063232422,67.9755096473355,67.95941161731294,67.96746063232422,552900
2012-10-05,67.9352798461914,67.95942075487159,67.9352798461914,67.95137787837844,1617700
2012-10-08,67.94332122802734,67.95137024321646,67.93527221283823,67.93527221283823,350600
2012-10-09,67.94332122802734,67.94332122802734,67.93527221283823,67.93527221283823,1039400
2012-10-10,67.9352798461914,67.94332886228493,67.9352798461914,67.9352798461914,494500
2012-10-11,67.92721557617188,67.94330746369043,67.92721557617188,67.94330746369043,624400
2012-10-12,67.95140838623047,67.95140838623047,67.92726746671184,67.92726746671184,479000
2012-10-15,67.9352798461914,67.95137787837844,67.9352798461914,67.95137787837844,342800
2012-10-16,67.9352798461914,67.94332886228493,67.92723696969827,67.9352798461914,571500
2012-10-17,67.89505004882812,67.92723997502601,67.89505004882812,67.91919095857638,563400
2012-10-18,67.90313720703125,67.90313720703125,67.8870453032387,67.89509432493729,1273100
2012-10-19,67.90313720703125,67.91118622872985,67.8870453032387,67.8870453032387,426500
2012-10-22,67.87894439697266,67.89504242806503,67.87894439697266,67.87894439697266,264300
2012-10-23,67.91121673583984,67.91121673583984,67.88707579950407,67.90316771052545,491700
2012-10-24,67.90313720703125,67.91923525042846,67.89509432493729,67.89509432493729,1059300
2012-10-25,67.87894439697266,67.89504242806503,67.87894439697266,67.87894439697266,588200
2012-10-26,67.89505004882812,67.90309292567711,67.88700103237849,67.90309292567711,478400
2012-10-31,67.9352798461914,67.9352798461914,67.9030899214177,67.9030899214177,1086600
2012-11-01,67.9192123413086,67.92726136029226,67.87897338599281,67.87897338599281,732800
2012-11-02,67.91121673583984,67.91121673583984,67.89512482481847,67.89512482481847,353200
2012-11-05,67.91121673583984,67.93535767217561,67.91121673583984,67.93535767217561,2192500
2012-11-06,67.88704681396484,67.92728578374867,67.88704681396484,67.91923676187095,583400
2012-11-07,67.94332122802734,67.95137024321646,67.93527221283823,67.93527221283823,697600
2012-11-08,67.94332122802734,67.95137024321646,67.93527221283823,67.94332122802734,779500
2012-11-09,67.94332122802734,67.95941311880588,67.93527221283823,67.94332122802734,2365500
2012-11-12,67.94332122802734,67.95137024321646,67.93527221283823,67.93527221283823,524300
2012-11-13,67.95140838623047,67.95945126633458,67.95140838623047,67.95945126633458,917300
2012-11-14,67.96746063232422,67.96746063232422,67.9513687419012,67.9513687419012,2273000
2012-11-15,67.96746063232422,67.9755096473355,67.95941161731294,67.96746063232422,1048700
2012-11-16,67.96746063232422,67.9755096473355,67.95941161731294,67.95941161731294,810500
2012-11-19,67.9594497680664,67.9674987875962,67.9594497680664,67.9594497680664,951700
2012-11-20,67.94332122802734,67.95941311880588,67.94332122802734,67.95941311880588,1248500
2012-11-21,67.9352798461914,67.9352798461914,67.92723696969827,67.92723696969827,422200
2012-11-23,67.9352798461914,67.9352798461914,67.91918795360475,67.91918795360475,157800
2012-11-26,67.92721557617188,67.94330746369043,67.92721557617188,67.93525845013194,746400
2012-11-27,67.9352798461914,67.94332886228493,67.91918795360475,67.91918795360475,527000
2012-11-28,67.94332122802734,67.95137024321646,67.93527221283823,67.94332122802734,352700
2012-11-29,67.94332122802734,67.95137024321646,67.93527221283823,67.93527221283823,496300
2012-11-30,67.95140838623047,67.95945126633458,67.95140838623047,67.95140838623047,1053400
2012-12-03,67.95942687988281,67.96747780305397,67.94333117459556,67.95942687988281,1090600
2012-12-04,67.95942687988281,67.96747780305397,67.95942687988281,67.95942687988281,1624900
2012-12-05,67.97554779052734,67.97554779052734,67.96750300542823,67.96750300542823,591000
2012-12-06,67.97554779052734,67.98359871668377,67.96750300542823,67.98359871668377,685300
2012-12-07,67.97554779052734,67.97554779052734,67.95140115311536,67.95140115311536,929500
2012-12-10,67.97554779052734,67.97554779052734,67.96750300542823,67.96750300542823,770500
2012-12-11,67.97554779052734,67.97554779052734,67.9594520792718,67.97554779052734,1157700
2012-12-12,67.9675064086914,67.97555119419334,67.95945548213184,67.9675064086914,1108500
2012-12-13,67.9675064086914,67.97555119419334,67.95945548213184,67.9675064086914,790400
2012-12-14,67.98357391357422,67.98357391357422,67.96747820819103,67.96747820819103,566300
2012-12-17,67.9675064086914,67.9836021207529,67.95140455557228,67.97555119419334,503900
2012-12-18,67.92729187011719,67.95948945139162,67.92729187011719,67.95143852080784,1295600
2012-12-19,67.94329833984375,67.94329833984375,67.93524742056334,67.93524742056334,1485100
2012-12-20,67.93531036376953,67.9514060761912,67.93531036376953,67.9514060761912,1167500
2012-12-21,67.94329833984375,67.95939403735248,67.94329833984375,67.95134311807207,899300
2012-12-24,67.94329833984375,67.95134311807207,67.94329833984375,67.94329833984375,388400
2012-12-26,67.94413757324219,67.96024342760845,67.94413757324219,67.94413757324219,677200
2012-12-27,67.96827697753906,67.96827697753906,67.9441243432763,67.9441243432763,1351200
2012-12-28,67.96827697753906,67.97632990315414,67.96023019450645,67.96023019450645,1334500
2012-12-31,67.96827697753906,67.99242961180184,67.9441243432763,67.99242961180184,818700
2013-01-02,67.95220184326172,67.96025477178908,67.95220184326172,67.95220184326172,2469100
2013-01-03,67.95220184326172,67.9763544862591,67.94414891473437,67.96025477178908,1816100
2013-01-04,67.96026611328125,67.96026611328125,67.94416025353873,67.94416025353873,1028700
2013-01-07,67.96026611328125,67.96026611328125,67.94416025353873,67.94416025353873,672300
2013-01-08,67.96827697753906,67.97632990315414,67.95217726889138,67.95217726889138,712300
2013-01-09,67.99249267578125,67.99249267578125,67.97639295220084,67.98444588528513,1159100
2013-01-10,67.98442077636719,67.99246756389137,67.97636784625712,67.97636784625712,1687300
2013-01-11,67.97631072998047,67.98436365332417,67.96825780663677,67.97631072998047,824000
2013-01-14,67.97631072998047,67.99241043408712,67.97631072998047,67.99241043408712,472400
2013-01-15,67.98442077636719,68.00052049400144,67.98442077636719,67.99246756389137,521400
2013-01-16,67.98442077636719,67.99246756389137,67.98442077636719,67.98442077636719,499800
2013-01-17,67.97631072998047,67.98436365332417,67.96825780663677,67.96825780663677,5547800
2013-01-18,67.97631072998047,67.98436365332417,67.96825780663677,67.98436365332417,390500
2013-01-22,67.99249267578125,68.00054560886554,67.97639295220084,67.98444588528513,956100
2013-01-23,67.99249267578125,68.00054560886554,67.99249267578125,67.99249267578125,747300
2013-01-24,67.99249267578125,68.00054560886554,67.98444588528513,67.99249267578125,595500
2013-01-25,67.96026611328125,67.98441876030932,67.95221318341,67.98441876030932,694000
2013-01-28,67.9360580444336,67.95216389249332,67.928011262985,67.928011262985,642300
2013-01-29,67.94413757324219,67.96829021220792,67.94413757324219,67.96829021220792,672300
2013-01-30,67.96827697753906,67.96827697753906,67.9441243432763,67.95217726889138,526500
2013-01-31,67.97631072998047,67.98436365332417,67.96825780663677,67.98436365332417,641600
2013-02-01,67.96910858154297,68.00937095393343,67.96910858154297,67.98521230167655,1081200
2013-02-04,67.98519897460938,68.00130883569794,67.97715018817686,67.98519897460938,749700
2013-02-05,67.98519897460938,67.98519897460938,67.97715018817686,67.97715018817686,2165500
2013-02-06,68.0013198852539,68.0013198852539,67.99326495340077,67.99326495340077,1691600
2013-02-07,68.0013198852539,68.00936867299426,67.99326495340077,68.00936867299426,672800
2013-02-08,68.00941467285156,68.00941467285156,67.98525600506463,67.98525600506463,590500
2013-02-11,67.98519897460938,68.00130883569794,67.98519897460938,67.99325390515367,755100
2013-02-12,67.96910858154297,67.98521230167655,67.96910858154297,67.98521230167655,529600
2013-02-13,67.96105194091797,67.98521059256751,67.96105194091797,67.98521059256751,505800
2013-02-14,67.96910858154297,67.97716351366626,67.96910858154297,67.96910858154297,580400
2013-02-15,67.9771728515625,67.9771728515625,67.96911791833273,67.96911791833273,1113600
2013-02-19,67.96910858154297,67.98521230167655,67.96910858154297,67.97716351366626,793000
2013-02-20,67.96910858154297,67.97716351366626,67.96910858154297,67.96910858154297,480300
2013-02-21,67.99322509765625,68.00128002478782,67.9851701705247,67.99322509765625,610700
2013-02-22,67.99322509765625,68.00128002478782,67.99322509765625,67.99322509765625,693200
2013-02-25,68.00941467285156,68.01746961015286,67.98525600506463,67.98525600506463,433500
2013-02-26,68.02545928955078,68.02545928955078,68.00934943040264,68.00934943040264,1370600
2013-02-27,68.02545928955078,68.02545928955078,68.01740435997671,68.01740435997671,1158800
2013-02-28,68.01740264892578,68.03351250766866,68.01740264892578,68.01740264892578,663800
2013-03-01,68.03191375732422,68.03191375732422,68.0238571094815,68.0238571094815,1563100
2013-03-04,68.02387237548828,68.03192902513909,68.02387237548828,68.02387237548828,485800
2013-03-05,68.01580047607422,68.02385097776957,68.01580047607422,68.01580047607422,583200
2013-03-06,68.0077133178711,68.0077133178711,67.99965667436915,68.0077133178711,452800
2013-03-07,67.99159240722656,68.0076995455502,67.99159240722656,67.9996429036798,519800
2013-03-08,67.9997329711914,67.9997329711914,67.97556915899175,67.9836258115334,727400
2013-03-11,67.99159240722656,67.9996429036798,67.99159240722656,67.9996429036798,1269800
2013-03-12,68.0077133178711,68.0077133178711,67.99160617628559,67.99965667436915,1154800
2013-03-13,67.99159240722656,67.9996429036798,67.98353576535618,67.99159240722656,858800
2013-03-14,67.99159240722656,67.9996429036798,67.98353576535618,67.98353576535618,480900
2013-03-15,68.01580047607422,68.01580047607422,67.99163668014589,67.99968718184124,599400
2013-03-18,68.03191375732422,68.03191375732422,68.00774995921775,68.00774995921775,416900
2013-03-19,68.02387237548828,68.03192902513909,68.01582187126056,68.03192902513909,528700
2013-03-20,68.01580047607422,68.01580047607422,68.00774382895773,68.00774382895773,592000
2013-03-21,68.02387237548828,68.02387237548828,68.00776522160974,68.00776522160974,691200
2013-03-22,68.0077133178711,68.03187710295855,68.0077133178711,68.03187710295855,593700
2013-03-25,68.0077133178711,68.01576996137304,68.0077133178711,68.0077133178711,610500
2013-03-26,68.01580047607422,68.01580047607422,67.99968718184124,68.01580047607422,504300
2013-03-27,68.03191375732422,68.03997040516694,68.01580660706047,68.03191375732422,1263800
2013-03-28,68.03998565673828,68.03998565673828,68.01582185321536,68.01582185321536,691200
2013-04-01,68.04640197753906,68.04640197753906,67.99000572577556,67.99000572577556,1015600
2013-04-02,68.04640197753906,68.05446034114254,68.02223303345905,68.02223303345905,5059900
2013-04-03,68.03836059570312,68.0464189613179,68.01419164559076,68.01419164559076,723400
2013-04-04,68.06253814697266,68.06253814697266,68.04642141516192,68.04642141516192,457100
2013-04-05,68.06253814697266,68.06253814697266,68.05447978106729,68.05447978106729,614100
2013-04-08,68.04640197753906,68.06251870474603,68.04640197753906,68.04640197753906,596500
2013-04-09,68.04640197753906,68.06251870474603,68.04640197753906,68.04640197753906,1046800
2013-04-10,68.04640197753906,68.05446034114254,68.03834361393558,68.03834361393558,1647200
2013-04-11,68.04640197753906,68.05446034114254,68.03834361393558,68.04640197753906,4089300
2013-04-12,68.05447387695312,68.06253224215939,68.04641551174686,68.04641551174686,486700
2013-04-15,68.06253814697266,68.07059036614584,68.05447978106729,68.05447978106729,604000
2013-04-16,68.06253814697266,68.06253814697266,68.05447978106729,68.05447978106729,533500
2013-04-17,68.06253814697266,68.07059036614584,68.05447978106729,68.05447978106729,386900
2013-04-18,68.06253814697266,68.07059036614584,68.05447978106729,68.05447978106729,1195100
2013-04-19,68.06253814697266,68.06253814697266,68.04642141516192,68.05447978106729,591800
2013-04-22,68.07061767578125,68.07061767578125,68.04644871510084,68.06256545337754,797400
2013-04-23,68.06253814697266,68.07059036614584,68.06253814697266,68.07059036614584,524900
2013-04-24,68.07061767578125,68.07061767578125,68.05450708423919,68.06256545337754,578300
2013-04-25,68.06253814697266,68.07864873205122,68.05447978106729,68.05447978106729,688100
2013-04-26,68.07868957519531,68.08674794593523,68.06257898045136,68.06257898045136,685900
2013-04-29,68.09473419189453,68.09473419189453,68.07862361276037,68.07862361276037,496700
2013-04-30,68.08670043945312,68.10281102295615,68.08670043945312,68.10281102295615,506700
2013-05-01,68.10042572021484,68.10847956180976,68.08430574108365,68.09236573064925,1051500
2013-05-02,68.09233093261719,68.1003909180638,68.08427094717058,68.08427094717058,544900
2013-05-03,68.0682144165039,68.09238824522302,68.0682144165039,68.09238824522302,1145200
2013-05-06,68.0682144165039,68.08432825299242,68.0682144165039,68.08432825299242,576100
2013-05-07,68.0682144165039,68.08432825299242,68.0682144165039,68.0682144165039,539800
2013-05-08,68.07624816894531,68.07624816894531,68.0681881798214,68.07624816894531,540000
2013-05-09,68.0682144165039,68.07627440873452,68.0682144165039,68.0682144165039,353500
2013-05-10,68.06007385253906,68.07619381791694,68.05201386985013,68.06813383522801,470800
2013-05-13,68.04399108886719,68.06010491363362,68.04399108886719,68.06010491363362,829600
2013-05-14,68.04399108886719,68.06010491363362,68.03593110249986,68.04399108886719,517900
2013-05-15,68.05206298828125,68.06012297678771,68.05206298828125,68.05206298828125,538400
2013-05-16,68.0682144165039,68.07627440873452,68.06015442427329,68.06015442427329,499400
2013-05-17,68.05206298828125,68.07624295380062,68.05206298828125,68.07624295380062,460300
2013-05-20,68.06007385253906,68.07619381791694,68.04396003512662,68.07619381791694,364700
2013-05-21,68.06007385253906,68.06813383522801,68.05201386985013,68.05201386985013,440800
2013-05-22,68.03600311279297,68.06823694441083,68.03600311279297,68.06017694951268,1022500
2013-05-23,68.05206298828125,68.06012297678771,68.0359491592382,68.05206298828125,835700
2013-05-24,68.03600311279297,68.05211695461452,68.03600311279297,68.05211695461452,1251800
2013-05-28,67.98755645751953,68.06007786209607,67.98755645751953,68.06007786209607,995800
2013-05-29,67.98755645751953,68.00367027588128,67.97949647435576,67.98755645751953,796000
2013-05-30,68.00370788574219,68.01176787336358,67.9956478981208,68.01176787336358,1437300
2013-05-31,67.9955825805664,68.01170254032412,67.97140878889311,68.01170254032412,1320700
2013-06-03,68.01739501953125,68.03351823924798,67.9851547293044,68.00127794902113,2606400
2013-06-04,68.01739501953125,68.01739501953125,67.9851547293044,68.00933340967289,764900
2013-06-05,68.02545928955078,68.02545928955078,67.99321899806316,68.00128060823678,663900
2013-06-06,68.01739501953125,68.03351823924798,68.00127794902113,68.01739501953125,1572400
2013-06-07,68.00929260253906,68.00929260253906,67.98511393667833,67.98511393667833,501800
2013-06-10,67.98515319824219,67.98515319824219,67.96097451841821,67.97709158856537,789800
2013-06-11,67.97708129882812,67.97708129882812,67.9448471634131,67.96096423112061,683100
2013-06-12,67.96905517578125,67.99323386238108,67.95293195190925,67.96099356384525,2149200
2013-06-13,68.00123596191406,68.01735302247278,67.95287248183233,67.95287248183233,1568700
2013-06-14,68.04972076416016,68.04972076416016,68.01748043344705,68.01748043344705,791700
2013-06-17,68.04972076416016,68.05778238414202,68.0416591441783,68.05778238414202,890800
2013-06-18,68.04972076416016,68.05778238414202,68.01748043344705,68.03360367341077,1762700
2013-06-19,67.96905517578125,68.04965284751671,67.96099356384525,68.04159123558071,884400
2013-06-20,67.96098327636719,67.9771003485913,67.93680459342737,67.94486620414305,3282200
2013-06-21,67.9045639038086,67.94486580794478,67.88844683167845,67.92874258660741,3785200
2013-06-24,67.87232971191406,67.88845293470087,67.8159107305758,67.8159107305758,1885200
2013-06-25,67.86427307128906,67.89651337001636,67.84815599652953,67.89651337001636,2382600
2013-06-26,67.89652252197266,67.90458413504318,67.8642822188996,67.89652252197266,1452800
2013-06-27,67.93685150146484,67.9449131177468,67.90461118554852,67.92072826890093,2783900
2013-06-28,67.92874908447266,67.95292776958433,67.90457039936096,67.92068747303283,3109100
2013-07-01,67.95861053466797,67.96666762568768,67.91830047776479,67.92636371923567,4884800
2013-07-02,67.96662139892578,67.96662139892578,67.95050107739927,67.95856431338602,1026500
2013-07-03,67.95861053466797,67.97473086715854,67.92636371923567,67.97473086715854,692600
2013-07-05,67.88602447509766,67.9102080386615,67.86990414953793,67.86990414953793,484500
2013-07-08,67.93435668945312,67.9424199233134,67.88598958718221,67.88598958718221,753800
2013-07-09,67.92630767822266,67.9585544670505,67.91824444340418,67.9585544670505,947900
2013-07-10,67.92630767822266,67.93436476259505,67.91018120858568,67.91824444340418,1401900
2013-07-11,67.98274993896484,67.98274993896484,67.93437667201982,67.95856638071591,835200
2013-07-12,67.94242095947266,67.99885129646442,67.94242095947266,67.96660451097692,2106800
2013-07-15,67.97468566894531,67.98274890505472,67.95856534717358,67.9666224328359,1025700
2013-07-16,67.98274993896484,68.00693349721378,67.97468670273281,67.99887026098175,836000
2013-07-17,68.00696563720703,68.03921244692779,67.99890239716433,68.02308596684237,728400
2013-07-18,67.9989013671875,68.03114817641982,67.99083812726693,68.01502784702865,909900
2013-07-19,68.0311279296875,68.03919116720837,67.99888113005215,68.0150076050939,519100
2013-07-22,68.0311279296875,68.03919116720837,68.00694436757303,68.02306469216663,1377400
2013-07-23,68.0230484008789,68.03111163646867,68.00692808014607,68.03111163646867,1087100
2013-07-24,67.99081420898438,68.02306100687268,67.96663064818009,67.99081420898438,575400
2013-07-25,68.0311279296875,68.0311279296875,67.97469756793767,67.97469756793767,582700
2013-07-26,68.0391616821289,68.0391616821289,68.01497813049448,68.02303521407563,644800
2013-07-29,68.0311279296875,68.03919116720837,68.0150076050939,68.0150076050939,440300
2013-07-30,68.0391616821289,68.04722491615554,68.02303521407563,68.02303521407563,542100
2013-07-31,68.0391616821289,68.04722491615554,67.99078842841458,68.01497813049448,1283900
2013-08-01,68.01339721679688,68.02952713444395,67.98114353326383,68.02146217562041,6766100
2013-08-02,68.06173706054688,68.06173706054688,67.99722973495307,67.99722973495307,1187100
2013-08-05,68.05369567871094,68.06176063514292,68.02950696117429,68.05369567871094,870600
2013-08-06,68.04564666748047,68.05371162580232,68.0295229025975,68.0295229025975,881800
2013-08-07,68.06173706054688,68.06173706054688,68.03754219963132,68.05367210690835,704600
2013-08-08,68.06173706054688,68.06173706054688,68.04560715326984,68.04560715326984,709400
2013-08-09,68.04564666748047,68.06177658412416,68.04564666748047,68.05371162580232,566000
2013-08-12,68.04564666748047,68.07790034900714,68.04564666748047,68.07790034900714,511600
2013-08-13,68.01339721679688,68.03758594150638,68.00533225797334,68.03758594150638,531400
2013-08-14,68.01339721679688,68.02952713444395,68.00533225797334,68.01339721679688,972600
2013-08-15,67.98921966552734,68.00534343406311,67.97309589699158,67.9811547053784,704200
2013-08-16,67.99726867675781,68.00532748325442,67.96501499548934,67.98113876024323,2293500
2013-08-19,67.98112487792969,67.98918983454004,67.95693615985803,67.98918983454004,1951100
2013-08-20,67.99726867675781,68.00532748325442,67.98920371850052,67.98920371850052,1649400
2013-08-21,67.95696258544922,68.00534004040446,67.95696258544922,67.98921627267332,651200
2013-08-22,67.9327621459961,67.95695086930345,67.90857342268873,67.94082710435214,735000
2013-08-23,67.9327621459961,67.95695086930345,67.88438469938137,67.88438469938137,638200
2013-08-26,67.95696258544922,67.97309250494217,67.94889762570273,67.94889762570273,733100
2013-08-27,67.98921966552734,67.98921966552734,67.9569659766937,67.9569659766937,802800
2013-08-28,67.94888305664062,67.9730779306924,67.93275929236661,67.94888305664062,709200
2013-08-29,67.96504211425781,67.96504211425781,67.92472345864446,67.94891219130722,653200
2013-08-30,67.97307586669922,67.97307586669922,67.94888099338212,67.95694595115448,847700
2013-09-03,67.94725799560547,67.94725799560547,67.90693075218284,67.91499743148206,2991200
2013-09-04,67.88272094726562,67.93111485863794,67.87466042293025,67.91498150382317,947200
2013-09-05,67.81819152832031,67.84239155757865,67.78593712878504,67.81819152832031,1315100
2013-09-06,67.88272094726562,67.90691482641577,67.85046039070808,67.85046039070808,765500
2013-09-09,67.89884185791016,67.91496905669722,67.8907751819812,67.8907751819812,795600
2013-09-10,67.87467956542969,67.88274009203835,67.85854620606486,67.87467956542969,922200
2013-09-11,67.90692901611328,67.91499569520627,67.87467460588793,67.8908018110006,864100
2013-09-12,67.90692901611328,67.93112905339224,67.89886849009359,67.91499569520627,1586100
2013-09-13,67.90692901611328,67.92306237429925,67.89886849009359,67.89886849009359,564700
2013-09-16,67.9552993774414,68.00368712907667,67.9552993774414,68.00368712907667,737400
2013-09-17,67.97952270507812,67.99564991158653,67.96338934549588,67.97145602528701,668400
2013-09-18,68.06829071044922,68.08441792951164,67.95538171777636,67.97957562290931,744300
2013-09-19,68.04400634765625,68.09239409359552,68.04400634765625,68.07626689597258,5185900
2013-09-20,68.05210876464844,68.06017544496119,68.03598155709714,68.05210876464844,606600
2013-09-23,68.06829071044922,68.06829071044922,68.03603011924574,68.03603011924574,849600
2013-09-24,68.07630920410156,68.08436973138727,68.05210916302163,68.07630920410156,674500
2013-09-25,68.10051727294922,68.10051727294922,68.06019001582608,68.07632337990555,1570500
2013-09-26,68.06829071044922,68.1086118346446,68.0602240243787,68.1086118346446,497100
2013-09-27,68.10853576660156,68.12466912072384,68.0843418884899,68.10047524261218,2082200
2013-09-30,68.12467193603516,68.12467193603516,68.09241137952917,68.09241137952917,1717500
2013-10-01,68.10694885253906,68.12307949735279,68.08274980812563,68.11501725213876,7696500
2013-10-02,68.11505889892578,68.13118955360208,68.10699049439292,68.11505889892578,1773800
2013-10-03,68.11505889892578,68.13118955360208,68.09892208986004,68.09892208986004,693200
2013-10-04,68.09082794189453,68.11502698976741,68.09082794189453,68.09889018826114,498600
2013-10-07,68.09082794189453,68.11502698976741,68.07469114038824,68.11502698976741,602100
2013-10-08,68.03439331054688,68.07472918246688,68.02633105967486,68.07472918246688,572200
2013-10-09,68.05854797363281,68.06661021851635,68.0262805309425,68.05047957436389,696200
2013-10-10,68.05854797363281,68.05854797363281,68.04241117509495,68.04241117509495,469700
2013-10-11,68.05854797363281,68.09887766120666,68.05854797363281,68.09081541632312,889600
2013-10-14,68.03439331054688,68.05859852633287,68.01826265441287,68.04246171580887,581200
2013-10-15,68.05854797363281,68.07467861778527,68.04241117509495,68.05854797363281,1396400
2013-10-16,68.08273315429688,68.09080155192295,68.03432892292459,68.06659635904472,785600
2013-10-17,68.10694885253906,68.12307949735279,68.09888045293937,68.11501725213876,1823500
2013-10-18,68.10694885253906,68.12307949735279,68.10694885253906,68.11501725213876,647100
2013-10-21,68.10694885253906,68.12307949735279,68.09888045293937,68.11501725213876,453700
2013-10-22,68.16341400146484,68.16341400146484,68.13921495752696,68.13921495752696,1274200
2013-10-23,68.13919067382812,68.16338970914187,68.13919067382812,68.16338970914187,1109600
2013-10-24,68.13117980957031,68.14731661632818,68.13117980957031,68.13924821294924,1312200
2013-10-25,68.14729309082031,68.16342373762109,68.13115628963313,68.14729309082031,1739300
2013-10-28,68.16341400146484,68.16341400146484,68.13921495752696,68.13921495752696,716400
2013-10-29,68.16341400146484,68.16341400146484,68.1472833569681,68.1553456020237,548500
2013-10-30,68.16341400146484,68.1795446459616,68.1553456020237,68.16341400146484,524500
2013-10-31,68.17147064208984,68.17147064208984,68.14727160232601,68.16340224404041,1532500
2013-11-01,68.146484375,68.16262480662999,68.146484375,68.154554590815,1213600
2013-11-04,68.16259765625,68.17066171308191,68.15452744364951,68.15452744364951,933500
2013-11-05,68.16259765625,68.16259765625,68.13838701844854,68.16259765625,1523800
2013-11-06,68.17875671386719,68.19489098916563,68.17068649833256,68.17875671386719,1145400
2013-11-07,68.19490814208984,68.20297835965437,68.18684408029769,68.19490814208984,627300
2013-11-08,68.146484375,68.17068886667397,68.146484375,68.16262480662999,1591100
2013-11-11,68.16259765625,68.16259765625,68.13838701844854,68.13838701844854,257500
2013-11-12,68.146484375,68.154554590815,68.13035009914103,68.13035009914103,1296400
2013-11-13,68.146484375,68.17068886667397,68.146484375,68.154554590815,3394800
2013-11-14,68.18680572509766,68.19486978235376,68.16260124179155,68.17066529904766,470300
2013-11-15,68.18680572509766,68.20293999537877,68.18680572509766,68.20293999537877,544700
2013-11-18,68.21912384033203,68.21912384033203,68.18684912345927,68.20298340400925,1592900
2013-11-19,68.19490814208984,68.21104857721888,68.19490814208984,68.19490814208984,729700
2013-11-20,68.20294952392578,68.23522422476596,68.1948793097733,68.21101973807826,862500
2013-11-21,68.23523712158203,68.23523712158203,68.20296241464176,68.21103263031956,490600
2013-11-22,68.21912384033203,68.21912384033203,68.20298340400925,68.21912384033203,661800
2013-11-25,68.21912384033203,68.21912384033203,68.20298340400925,68.21912384033203,462700
2013-11-26,68.22715759277344,68.22715759277344,68.20295310481492,68.20295310481492,505800
2013-11-27,68.22715759277344,68.22715759277344,68.21102331939112,68.21909353396732,449600
2013-11-29,68.23523712158203,68.23523712158203,68.1868281390571,68.1868281390571,627900
2013-12-02,68.19406127929688,68.22634323059509,68.14564143092586,68.14564143092586,2508400
2013-12-03,68.21025848388672,68.21833051801791,68.21025848388672,68.21025848388672,577400
2013-12-04,68.19406127929688,68.21019917636967,68.18598925218416,68.18598925218416,827700
2013-12-05,68.2021255493164,68.2101914183591,68.17791562788446,68.19405352312178,454600
2013-12-06,68.17793273925781,68.19407063854544,68.16986071103726,68.17793273925781,984900
2013-12-09,68.17793273925781,68.19407063854544,68.16986071103726,68.17793273925781,397300
2013-12-10,68.2021255493164,68.2021255493164,68.17791562788446,68.19405352312178,390100
2013-12-11,68.17793273925781,68.202142666766,68.17793273925781,68.18599861032489,418400
2013-12-12,68.15371704101562,68.16986109754826,68.1375791416365,68.16986109754826,1247900
2013-12-13,68.16984558105469,68.16984558105469,68.14563565891979,68.16177355462568,445300
2013-12-16,68.16984558105469,68.17791760748369,68.15370152819668,68.15370152819668,724700
2013-12-17,68.18599700927734,68.18599700927734,68.16178708233763,68.16985911036865,826700
2013-12-18,68.18599700927734,68.21020693621706,68.16178708233763,68.16985911036865,1675600
2013-12-19,68.14566040039062,68.16987033131537,68.13758837103093,68.14566040039062,767900
2013-12-20,68.12141418457031,68.15368997050868,68.12141418457031,68.12141418457031,851000
2013-12-23,68.11331939697266,68.12945728454878,68.11331939697266,68.12945728454878,624400
2013-12-24,68.08914184570312,68.11335176714734,68.08914184570312,68.0972077147499,711000
2013-12-26,68.0818862915039,68.10610840430031,68.0818862915039,68.08996032910271,729000
2013-12-27,68.11420440673828,68.12227844767077,68.10613652449454,68.11420440673828,423700
2013-12-30,68.13031005859375,68.13031005859375,68.11416198678545,68.1222360226896,442900
2013-12-31,68.11420440673828,68.1384265295357,68.11420440673828,68.12227844767077,609800
2014-01-02,68.14651489257812,68.14651489257812,68.12229892119154,68.1303729645506,2412500
2014-01-03,68.12220001220703,68.14641594843364,68.11412598057095,68.12220001220703,1062700
2014-01-06,68.13031005859375,68.13031005859375,68.11416198678545,68.11416198678545,699500
2014-01-07,68.13031005859375,68.13031005859375,68.1222360226896,68.13031005859375,664900
2014-01-08,68.0656967163086,68.10606071735408,68.05762268436312,68.10606071735408,608600
2014-01-09,68.0818862915039,68.0818862915039,68.0576703373937,68.0818862915039,1121100
2014-01-10,68.14651489257812,68.15458893593717,68.1142248778325,68.12229892119154,491900
2014-01-13,68.16259765625,68.17873956880806,68.15452362062862,68.15452362062862,1269200
2014-01-14,68.14651489257812,68.17073086396469,68.1303729645506,68.15458893593717,487000
2014-01-15,68.12220001220703,68.12220001220703,68.1060581076165,68.12220001220703,800100
2014-01-16,68.13838958740234,68.13838958740234,68.12224151429228,68.13031555084731,738600
2014-01-17,68.13838958740234,68.14645746527198,68.13031555084731,68.14645746527198,418300
2014-01-21,68.13031005859375,68.1545260076213,68.13031005859375,68.14645197171714,498600
2014-01-22,68.0980453491211,68.1222613071367,68.0980453491211,68.10611938802202,622700
2014-01-23,68.16259765625,68.17066553318668,68.09801768864841,68.09801768864841,886600
2014-01-24,68.18680572509766,68.2110216704788,68.15451574502814,68.15451574502814,781200
2014-01-27,68.17875671386719,68.19490478917072,68.16261479724989,68.17068267621542,1166400
2014-01-28,68.17875671386719,68.19490478917072,68.17068267621542,68.18683075151895,645100
2014-01-29,68.22722625732422,68.22722625732422,68.19494240628148,68.20301028969736,538500
2014-01-30,68.2191162109375,68.2191162109375,68.19490025827736,68.21104217382218,579400
2014-01-31,68.25146484375,68.25146484375,68.22724271159188,68.2433907996973,939500
2014-02-03,68.2700424194336,68.29426498432073,68.22159112929185,68.23774361279492,54448200
2014-02-04,68.27804565429688,68.27804565429688,68.25382311312443,68.25382311312443,2357300
2014-02-05,68.24580383300781,68.27003255476149,68.24580383300781,68.25388007359237,3985300
2014-02-06,68.25382995605469,68.25382995605469,68.22960741245376,68.24575372140036,1420700
2014-02-07,68.2700424194336,68.27811250081766,68.24581369417899,68.24581369417899,1426700
2014-02-10,68.25382995605469,68.26998242536334,68.24575372140036,68.26190619070901,1571900
2014-02-11,68.2376708984375,68.2376708984375,68.22151843214657,68.22959466529204,1295500
2014-02-12,68.2053451538086,68.22149145335342,68.19726892385695,68.22149145335342,2196700
2014-02-13,68.24580383300781,68.26195631417693,68.18928246964904,68.22965751220526,1334300
2014-02-14,68.24580383300781,68.26195631417693,68.23773375278982,68.24580383300781,1279000
2014-02-18,68.2700424194336,68.2861887425692,68.25388993593052,68.25388993593052,1081300
2014-02-19,68.24580383300781,68.29425511614859,68.24580383300781,68.28617887556403,1357800
2014-02-20,68.25382995605469,68.25382995605469,68.22960741245376,68.22960741245376,1012600
2014-02-21,68.26190185546875,68.26190185546875,68.22960307926475,68.23767931340616,750300
2014-02-24,68.26190185546875,68.26190185546875,68.23767931340616,68.24574938718591,1647600
2014-02-25,68.25382995605469,68.26998242536334,68.24575372140036,68.25382995605469,666400
2014-02-26,68.28609466552734,68.29417089615234,68.25379590338635,68.25379590338635,2079600
2014-02-27,68.27804565429688,68.29419812198613,68.27804565429688,68.28612188814151,362600
2014-02-28,68.27804565429688,68.28612188814151,68.25382311312443,68.26997558081368,2360500
2014-03-03,68.31680297851562,68.31680297851562,68.28450349196304,68.28450349196304,2587200
2014-03-04,68.26031494140625,68.28454881491415,68.25224314524674,68.28454881491415,49419100
2014-03-05,68.28456115722656,68.28456115722656,68.23609956312788,68.24417752242393,2176200
2014-03-06,68.24408721923828,68.26023695478285,68.2360092706313,68.24408721923828,1044400
2014-03-07,68.1956787109375,68.22798436589457,68.1956787109375,68.1956787109375,807400
2014-03-10,68.20376586914062,68.21992178109576,68.18761611886052,68.18761611886052,450100
2014-03-11,68.20376586914062,68.21992178109576,68.19569407483809,68.2118438251182,337500
2014-03-12,68.22795867919922,68.23603046864434,68.21988072808276,68.23603046864434,342400
2014-03-13,68.26835632324219,68.26835632324219,68.18759527318109,68.20374501852405,2012000
2014-03-14,68.25221252441406,68.27644022537592,68.25221252441406,68.27644022537592,1035600
2014-03-17,68.22795867919922,68.25218637087728,68.21988072808276,68.24410841976082,659700
2014-03-18,68.24408721923828,68.25216516784528,68.22793748369372,68.2360092706313,317000
2014-03-19,68.13106536865234,68.25221003070915,68.10683766857568,68.23605412287573,567200
2014-03-20,68.13915252685547,68.14722432018905,68.12299661683969,68.13107457184758,826800
2014-03-21,68.14723205566406,68.1553100115889,68.12300434956458,68.13916026141423,452200
2014-03-24,68.11490631103516,68.1310622181215,68.09067861207883,68.09067861207883,1761600
2014-03-25,68.1229476928711,68.14717537882082,68.11486974366456,68.11486974366456,962000
2014-03-26,68.17144775390625,68.18759749977656,68.13106414672043,68.13106414672043,598400
2014-03-27,68.1633529663086,68.17950270819051,68.14719706275484,68.14719706275484,447800
2014-03-28,68.1633529663086,68.17143091808548,68.13912527264979,68.13912527264979,335900
2014-03-31,68.20376586914062,68.20376586914062,68.14723250064769,68.15531045662526,1502200
2014-04-01,68.16416931152344,68.18840920236308,68.16416931152344,68.18032923874986,4107900
2014-04-02,68.1398696899414,68.15602960154055,68.1398696899414,68.14794964574098,504800
2014-04-03,68.1561050415039,68.16417884303966,68.1399451120178,68.1399451120178,2637400
2014-04-04,68.21263122558594,68.21263122558594,68.18031753988411,68.19647130113235,726400
2014-04-07,68.220703125,68.23686304900362,68.21262932620337,68.21262932620337,423300
2014-04-08,68.22877502441406,68.23685498546106,68.21262126552453,68.22877502441406,455900
2014-04-09,68.26109313964844,68.27724689958733,68.19646577348315,68.22069949499392,939600
2014-04-10,68.30154418945312,68.3096179946059,68.2692304792119,68.27730428436467,731900
2014-04-11,68.29342651367188,68.30958027826836,68.28534654977031,68.30150647757343,2225800
2014-04-14,68.2853775024414,68.3176912094883,68.2611437629586,68.3176912094883,520300
2014-04-15,68.2853775024414,68.29345747000549,68.25306379539452,68.26922373052268,303500
2014-04-16,68.26109313964844,68.27724689958733,68.25301317807656,68.26109313964844,381100
2014-04-17,68.24491119384766,68.26106494711487,68.22067131914335,68.2529849888801,2592700
2014-04-21,68.24491119384766,68.24491119384766,68.22067131914335,68.22875127737812,592800
2014-04-22,68.21263122558594,68.23686494906096,68.21263122558594,68.22878498683417,543100
2014-04-23,68.24491119384766,68.26106494711487,68.23683123561288,68.24491119384766,553100
2014-04-24,68.22877502441406,68.25300874435061,68.22069506336706,68.22069506336706,979000
2014-04-25,68.2368392944336,68.2610730087976,68.2368392944336,68.24491925362261,270300
2014-04-28,68.2368392944336,68.2610730087976,68.2368392944336,68.2368392944336,280400
2014-04-29,68.22877502441406,68.24493494650807,68.22877502441406,68.24493494650807,401300
2014-04-30,68.27730560302734,68.27730560302734,68.26115182919976,68.26115182919976,484000
2014-05-01,68.27806091308594,68.2942186883918,68.26190313778008,68.26190313778008,1141100
2014-05-02,68.27001953125,68.27810150607628,68.2296219865996,68.23769779668535,543100
2014-05-05,68.27806091308594,68.27806091308594,68.25382116775872,68.26997894306457,1540800
2014-05-06,68.25375366210938,68.26183562413736,68.24567170008139,68.25375366210938,432900
2014-05-07,68.27806091308594,68.2942186883918,68.24573919773735,68.24573919773735,645400
2014-05-08,68.29421997070312,68.31846588122245,68.27806219509388,68.29421997070312,729300
2014-05-09,68.3184585571289,68.3184585571289,68.25381513214809,68.25381513214809,361700
2014-05-12,68.30233001708984,68.31849396408039,68.28617223483882,68.28617223483882,1001200
2014-05-13,68.3265609741211,68.33464294657561,68.31040319395078,68.3265609741211,486500
2014-05-14,68.35075378417969,68.3749996848914,68.32651404820244,68.32651404820244,644600
2014-05-15,68.35885620117188,68.37502013981526,68.34269842726482,68.35077423185018,337200
2014-05-16,68.36699676513672,68.37507874138515,68.35083281263985,68.35083281263985,446600
2014-05-19,68.38310241699219,68.39926635716552,68.36694464155576,68.37502661164243,362200
2014-05-20,68.39116668701172,68.39924865500673,68.36692694776202,68.36692694776202,349900
2014-05-21,68.39116668701172,68.39116668701172,68.36692694776202,68.36692694776202,372800
2014-05-22,68.37499237060547,68.383068171911,68.35882843852676,68.36691040456611,468300
2014-05-23,68.35885620117188,68.39925988304402,68.32653448862143,68.38309594440064,381500
2014-05-27,68.37499237060547,68.383068171911,68.35882843852676,68.383068171911,850200
2014-05-28,68.39116668701172,68.41540642626141,68.39116668701172,68.39116668701172,562000
2014-05-29,68.38310241699219,68.42350610268862,68.38310241699219,68.39926635716552,1651000
2014-05-30,68.39927673339844,68.40735870471114,68.37503698419815,68.38311279077301,895600
2014-06-02,68.35317993164062,68.38551042456172,68.34509576680759,68.3774262597287,978100
2014-06-03,68.3370361328125,68.36128246741636,68.3370361328125,68.34511413340535,411200
2014-06-04,68.36125946044922,68.36125946044922,68.33701313400545,68.34509113187964,1034300
2014-06-05,68.36937713623047,68.37746130520688,68.34513079571543,68.34513079571543,1187800
2014-06-06,68.35317993164062,68.3774262597287,68.33701776838558,68.36126409647365,733600
2014-06-09,68.30465698242188,68.32890329975673,68.30465698242188,68.31273497726131,586500
2014-06-10,68.28852081298828,68.42592695326276,68.28852081298828,68.42592695326276,662600
2014-06-11,68.31275177001953,68.31275177001953,68.29658960995938,68.30467377319435,288000
2014-06-12,68.3370361328125,68.34511413340535,68.29662146419761,68.29662146419761,1129200
2014-06-13,68.29661560058594,68.30469976689739,68.25620093544086,68.25620093544086,582100
2014-06-16,68.28044128417969,68.28851928264154,68.26427295443388,68.26427295443388,337700
2014-06-17,68.22386169433594,68.25618601969373,68.22386169433594,68.23193969247,726900
2014-06-18,68.28044128417969,68.28044128417969,68.24811079109911,68.26427295443388,540100
2014-06-19,68.27239227294922,68.29663861364139,68.26430810391375,68.29663861364139,318700
2014-06-20,68.27239227294922,68.28047644198467,68.24814593225703,68.28047644198467,508700
2014-06-23,68.27239227294922,68.29663861364139,68.26430810391375,68.29663861364139,668600
2014-06-24,68.29661560058594,68.29661560058594,68.2642851017523,68.27236926806374,576000
2014-06-25,68.30465698242188,68.32081913850902,68.29657282117417,68.29657282117417,453700
2014-06-26,68.32080841064453,68.38546935765648,68.32080841064453,68.38546935765648,368700
2014-06-27,68.3370361328125,68.35319830041085,68.328951965807,68.34511413340535,524900
2014-06-30,68.34513854980469,68.35322271969828,68.32897637643237,68.33706054632596,1091800
2014-07-01,68.31681823730469,68.34915829973555,68.31681823730469,68.34915829973555,542700
2014-07-02,68.29257202148438,68.31682552883707,68.28448546295452,68.28448546295452,594300
2014-07-03,68.28446960449219,68.28446960449219,68.25212954612033,68.26830265942397,492600
2014-07-07,68.268310546875,68.268310546875,68.24405704235282,68.24405704235282,506100
2014-07-08,68.28446960449219,68.292556161144,68.26021610277215,68.27638304784037,627700
2014-07-09,68.29257202148438,68.30873897030722,68.23597844824913,68.26831851413168,380900
2014-07-10,68.3248291015625,68.34908257945746,68.31674255285438,68.31674255285438,466100
2014-07-11,68.34101867675781,68.35719177953328,68.33293212537008,68.34910522814555,2614500
2014-07-14,68.33296203613281,68.3410485910602,68.31679509451214,68.31679509451214,672900
2014-07-15,68.30064392089844,68.35723748198721,68.29255736410417,68.31681086625143,435700
2014-07-16,68.29257202148438,68.31682552883707,68.28448546295452,68.30873897030722,426700
2014-07-17,68.34918212890625,68.34918212890625,68.30067510246664,68.3168420552004,2408500
2014-07-18,68.29257202148438,68.33299247765991,68.29257202148438,68.31682552883707,2316600
2014-07-21,68.30064392089844,68.33297781160442,68.29255736410417,68.33297781160442,2455200
2014-07-22,68.30064392089844,68.31681086625143,68.29255736410417,68.30064392089844,2456000
2014-07-23,68.3248291015625,68.33290948204123,68.31674255285438,68.33290948204123,478400
2014-07-24,68.30064392089844,68.30872430945716,68.2844708073099,68.29255736410417,221200
2014-07-25,68.3087158203125,68.31680237610179,68.29254887696868,68.3087158203125,2324500
2014-07-28,68.27639770507812,68.30065738024155,68.27639770507812,68.28448426346593,2286900
2014-07-29,68.29257202148438,68.29257202148438,68.27639890442467,68.28448546295452,255200
2014-07-30,68.26020812988281,68.26020812988281,68.21978151958102,68.26020812988281,1110200
2014-07-31,68.29257202148438,68.29257202148438,68.24406500677898,68.26023195560182,1446200
2014-08-01,68.37908172607422,68.38716469680253,68.31438093900772,68.31438093900772,19826500
2014-08-04,68.37908172607422,68.38716469680253,68.36290344420426,68.37099258513923,1419200
2014-08-05,68.37908172607422,68.39525383773751,68.35481430326928,68.35481430326928,1278200
2014-08-06,68.39523315429688,68.41140526106955,68.37906104752419,68.38714401580813,949900
2014-08-07,68.42762756347656,68.42762756347656,68.37101589804179,68.40336630260578,1129200
2014-08-08,68.38720703125,68.43573573669444,68.38720703125,68.41955744480947,500400
2014-08-11,68.38720703125,68.41146829886698,68.38720703125,68.40338532313498,1264700
2014-08-12,68.38720703125,68.41146829886698,68.379124055518,68.39529617719249,1587100
2014-08-13,68.41950225830078,68.4356805371365,68.40333014967055,68.4356805371365,708500
2014-08-14,68.43570709228516,68.45187920719066,68.39526754970956,68.39526754970956,975800
2014-08-15,68.43570709228516,68.48422960720956,68.40335669226626,68.41143966461506,911200
2014-08-18,68.43570709228516,68.44379006463396,68.39526754970956,68.39526754970956,721600
2014-08-19,68.43570709228516,68.44379006463396,68.41952880717176,68.44379006463396,1047000
2014-08-20,68.37100219726562,68.41952470928385,68.36291305519342,68.41952470928385,668300
2014-08-21,68.37100219726562,68.40335259534695,68.36291305519342,68.36291305519342,720300
2014-08-22,68.35479736328125,68.38714774879729,68.3386252556258,68.35479736328125,758700
2014-08-25,68.33061218261719,68.35487345621068,68.33061218261719,68.33870133055235,1146100
2014-08-26,68.35479736328125,68.36288650221154,68.3386252556258,68.35479736328125,372100
2014-08-27,68.37100219726562,68.37909133933783,68.36291305519342,68.36291305519342,473300
2014-08-28,68.38720703125,68.39529617719249,68.36294576363302,68.36294576363302,459100
2014-08-29,68.41950225830078,68.41950225830078,68.37906890162246,68.38715187083483,515700
2014-09-02,68.36127471923828,68.40172764655208,68.36127471923828,68.3936358266393,13519800
2014-09-03,68.37741088867188,68.38550270369741,68.35314161584164,68.36123343086719,741300
2014-09-04,68.36940002441406,68.39366932378866,68.34513072503947,68.36940002441406,1702900
2014-09-05,68.39363861083984,68.40981607907385,68.38554679059764,68.39363861083984,422000
2014-09-08,68.35322570800781,68.40985613836392,68.35322570800781,68.39367866065675,533300
2014-09-09,68.3127670288086,68.3613056257296,68.3127670288086,68.35321380215845,506900
2014-09-10,68.32083892822266,68.32893075016504,68.30466145658956,68.30466145658956,367900
2014-09-11,68.32891082763672,68.35318011413605,68.32081900805365,68.34509446680285,774800
2014-09-12,68.3127670288086,68.32894450369795,68.30467520523746,68.30467520523746,340600
2014-09-15,68.34513092041016,68.35321657205604,68.32894727261207,68.32894727261207,431000
2014-09-16,68.38551330566406,68.38551330566406,68.33697475247855,68.3612440290713,1624100
2014-09-17,68.3127670288086,68.42602786979288,68.30467520523746,68.33703632726909,541600
2014-09-18,68.32083892822266,68.32083892822266,68.28848398495647,68.29656963464718,419000
2014-09-19,68.3127670288086,68.32894450369795,68.29658338166631,68.30467520523746,425400
2014-09-22,68.36127471923828,68.36127471923828,68.32891361183727,68.33700543175004,332600
2014-09-23,68.37741088867188,68.37741088867188,68.34505597306249,68.34505597306249,745800
2014-09-24,68.35322570800781,68.37749501069557,68.34514005528122,68.3613175329884,1455900
2014-09-25,68.40171813964844,68.40171813964844,68.34508775263004,68.34508775263004,892400
2014-09-26,68.36940002441406,68.38557749991274,68.34513072503947,68.38557749991274,1486300
2014-09-29,68.38551330566406,68.3936051219441,68.36933584535134,68.38551330566406,533200
2014-09-30,68.36940002441406,68.38557749991274,68.35321637666223,68.36940002441406,1508000
2014-10-01,68.44216918945312,68.46644708392543,68.40979660534369,68.42598598461795,20930800
2014-10-02,68.4341049194336,68.45838282469767,68.41792170740482,68.4502943059042,1828300
2014-10-03,68.36940002441406,68.40176646462776,68.36130532713818,68.39367794179678,2110100
2014-10-06,68.4341049194336,68.4502943059042,68.39364380214076,68.41792170740482,841300
2014-10-07,68.47461700439453,68.48271170292504,68.44224438471835,68.44224438471835,1333900
2014-10-08,68.54740142822266,68.5554961209267,68.45837833180241,68.46647302450646,1367200
2014-10-09,68.54740142822266,68.56359081363075,68.53121821725598,68.53931290996003,623000
2014-10-10,68.57981872558594,68.57981872558594,68.53935758457558,68.55554080609063,629300
2014-10-13,68.60406494140625,69.08964780469391,68.59597642160935,68.62025432988523,1239000
2014-10-14,68.64452362060547,68.66070683261023,68.62024571537742,68.63642892738218,2228800
2014-10-15,68.73358917236328,68.84689024969639,68.65266071347472,68.79833440925238,2526700
2014-10-16,68.69309997558594,68.7578451918524,68.67691675874116,68.74975049620818,27217300
2014-10-17,68.65263366699219,68.67691157764963,68.63644427692509,68.66881688261608,2035000
2014-10-20,68.69309997558594,68.69309997558594,68.66072736745271,68.66072736745271,1139800
2014-10-21,68.67691040039062,68.69309361573711,68.66072101060105,68.66072101060105,1356700
2014-10-22,68.66070556640625,68.66070556640625,68.63642766162592,68.64452235469993,1814100
2014-10-23,68.62833404541016,68.64451725591441,68.61214466046465,68.6202393529374,1081500
2014-10-24,68.64452362060547,68.65261831382875,68.62024571537742,68.62024571537742,1171400
2014-10-27,68.64452362060547,68.66070683261023,68.6283404086007,68.6283404086007,919700
2014-10-28,68.62833404541016,68.66070046641867,68.6202393529374,68.64451725591441,738300
2014-10-29,68.5393295288086,68.62835264681443,68.5393295288086,68.62025795214765,1452200
2014-10-30,68.56362915039062,68.58790706763612,68.54743975593037,68.55553445316049,1485800
2014-10-31,68.54740142822266,68.56359081363075,68.53121821725598,68.53121821725598,1770200
2014-11-03,68.53851318359375,68.587085629646,68.49803202751205,68.587085629646,14207300
2014-11-04,68.53044128417969,68.54663004671768,68.48186264344665,68.50615505209294,1177700
2014-11-05,68.51423645019531,68.52233391857463,68.50614515837464,68.52233391857463,1289700
2014-11-06,68.49803161621094,68.52231783909123,68.48993414973178,68.49803161621094,815200
2014-11-07,68.54662322998047,68.56281816746747,68.51423953156541,68.5304344690524,1389000
2014-11-10,68.49803161621094,68.56279899492986,68.49803161621094,68.54660406197154,1381700
2014-11-11,68.48995208740234,68.5790057123249,68.46566585816143,68.47376332676133,580300
2014-11-12,68.51423645019531,68.53852885533327,68.49804768999532,68.51423645019531,894600
2014-11-13,68.53044128417969,68.53853875372845,68.51424634508216,68.51424634508216,746300
2014-11-14,68.56280517578125,68.56280517578125,68.49803779122362,68.5223240162933,1064400
2014-11-17,68.5546646118164,68.56276207393509,68.5384758641329,68.54656714969772,850000
2014-11-18,68.54662322998047,68.56281816746747,68.5385319377959,68.56281816746747,23372000
2014-11-19,68.53851318359375,68.57089069659042,68.51422078401039,68.51422078401039,962000
2014-11-20,68.5546646118164,68.5789508216186,68.5384758641329,68.5708533594999,723600
2014-11-21,68.5708999633789,68.58709489862309,68.56280867231489,68.578997431001,1048700
2014-11-24,68.57894897460938,68.57894897460938,68.53847401821378,68.53847401821378,1582100
2014-11-25,68.58708953857422,68.6032782959952,68.56280331416397,68.57089460459567,472700
2014-11-26,68.5952377319336,68.61952397430359,68.58714025895621,68.58714025895621,840000
2014-11-28,68.61945343017578,68.63564218292558,68.61135596552299,68.63564218292558,319700
2014-12-01,68.61868286132812,68.68346625017493,68.61868286132812,68.66727194763153,2475900
2014-12-02,68.57815551757812,68.60245004928035,68.56196122266675,68.60245004928035,825300
2014-12-03,68.54576110839844,68.57005564022802,68.53766087156512,68.57005564022802,782100
2014-12-04,68.58625793457031,68.58625793457031,68.55386316504749,68.56196340209583,901400
2014-12-05,68.4566879272461,68.48908270106135,68.44049362967414,68.4566879272461,494200
2014-12-08,68.44857788085938,68.46477835478125,68.42428334864702,68.4404838225689,427400
2014-12-09,68.47289276123047,68.52148183570999,68.4647925225933,68.49718729847022,545000
2014-12-10,68.52960205078125,68.5457963541045,68.46481248014119,68.46481248014119,734300
2014-12-11,68.49718475341797,68.51337905141885,68.48098427674557,68.51337905141885,678900
2014-12-12,68.56197357177734,68.61056264393346,68.52957879744945,68.5538733335275,942700
2014-12-15,68.51339721679688,68.5619924810269,68.50529697631302,68.53769175957532,1662100
2014-12-16,68.55387878417969,68.58627356108326,68.52958424616999,68.57007308329551,1239500
2014-12-17,68.48908233642578,68.61056119291841,68.44049326529725,68.53767140755431,966900
2014-12-18,68.44857788085938,68.45667811782032,68.42428334864702,68.42428334864702,1009100
2014-12-19,68.40000915527344,68.4809930129521,68.40000915527344,68.4809930129521,785100
2014-12-22,68.41619110107422,68.43238539675424,68.39999062672358,68.39999062672358,680300
2014-12-23,68.34332275390625,68.40811231428329,68.34332275390625,68.40811231428329,1083500
2014-12-24,68.3781509399414,68.41055838769276,68.33764008498005,68.34574349219005,958700
2014-12-26,68.35386657714844,68.37817062468646,68.33765975806281,68.33765975806281,414300
2014-12-29,68.41864013671875,68.42674354209566,68.40243950705216,68.40243950705216,749500
2014-12-30,68.44295501708984,68.46725905378962,68.42674820523155,68.45105224193132,665900
2014-12-31,68.41864013671875,68.47535161218266,68.41864013671875,68.43484694747258,724100
2015-01-02,68.4915771484375,68.4915771484375,68.43486565746873,68.45106629156456,1735400
2015-01-05,68.4915771484375,68.49968055602987,68.43486565746873,68.43486565746873,1214300
2015-01-06,68.52397155761719,68.60498707485691,68.5077647455166,68.5077647455166,959400
2015-01-07,68.55638885498047,68.5644860811069,68.51587799999373,68.53207863333525,768800
2015-01-08,68.5483169555664,68.5726210072942,68.53211013368688,68.5483169555664,862500
2015-01-09,68.60498809814453,68.64549894791251,68.59688469197336,68.59688469197336,422200
2015-01-12,68.6455078125,68.66170844584656,68.62119759084717,68.6455078125,641700
2015-01-13,68.68601989746094,68.69412330555288,68.62930840299597,68.65361244618248,525600
2015-01-14,68.72651672363281,68.76702139364329,68.72651672363281,68.7427173554194,690800
2015-01-15,68.83183288574219,68.83183288574219,68.73461055655699,68.74271396259437,577900
2015-01-16,68.76702117919922,68.80753203017142,68.75082054746316,68.80753203017142,756300
2015-01-20,68.73464965820312,68.79136735164244,68.73464965820312,68.7589598901448,696000
2015-01-21,68.73464965820312,68.77516053034799,68.71844901799994,68.72655242864717,606400
2015-01-22,68.71035766601562,68.75897195733951,68.68605361089986,68.75897195733951,588900
2015-01-23,68.74276733398438,68.75087074631318,68.71035986576172,68.72656669041932,1089900
2015-01-26,68.70222473144531,68.74272940855775,68.69412132358717,68.7265287739306,1576400
2015-01-27,68.74276733398438,68.76707138987824,68.71846327809052,68.75087074631318,414900
2015-01-28,68.79134368896484,68.79944091573554,68.71842538040463,68.72652878826446,743900
2015-01-29,68.76702117919922,68.76702117919922,68.72651650931505,68.76702117919922,516100
2015-01-30,68.8480453491211,68.8480453491211,68.75892641865805,68.81563790339924,474400
2015-02-02,68.82616424560547,68.85047772836069,68.79374420743517,68.84237735643563,1883800
2015-02-03,68.76947021484375,68.80189027163094,68.75326327819694,68.80189027163094,1015000
2015-02-04,68.77755737304688,68.79376430512178,68.72082383554698,68.74513732540524,798200
2015-02-05,68.75321960449219,68.76942653084396,68.73700649465076,68.76942653084396,428400
2015-02-06,68.59111022949219,68.64784373935325,68.5749033053128,68.64784373935325,774300
2015-02-09,68.58303833007812,68.60735181818488,68.57493177287874,68.60735181818488,1616200
2015-02-10,68.56681823730469,68.59113172293695,68.55871168093034,68.59113172293695,1194500
2015-02-11,68.57494354248047,68.59115047616946,68.56683698388976,68.59115047616946,840500
2015-02-12,68.59920501708984,68.6316250433767,68.58299809569029,68.59920501708984,1036300
2015-02-13,68.59920501708984,68.63973159582035,68.59920501708984,68.61541812197714,1118600
2015-02-17,68.56681823730469,68.61545139205995,68.54250475167242,68.58303135005336,562400
2015-02-18,68.64786529541016,68.67218496454905,68.55871172570647,68.58303139484536,998400
2015-02-19,68.60733032226562,68.66406383790289,68.59922376760618,68.60733032226562,744000
2015-02-20,68.59920501708984,68.66404506966354,68.57489154324664,68.64783196477624,415200
2015-02-23,68.63162994384766,68.63973649687014,68.59920991524594,68.62352339082518,715500
2015-02-24,68.68840789794922,68.69651445621764,68.58304737442843,68.62356779878618,482800
2015-02-25,68.68840789794922,68.68840789794922,68.6559878483677,68.6559878483677,485300
2015-02-26,68.62353515625,68.6559551904101,68.60732823091458,68.63164171066234,530600
2015-02-27,68.64786529541016,68.66407840816942,68.623551809762,68.65597185178979,3103100
2015-03-02,68.59193420410156,68.64058517313977,68.59193420410156,68.62436612154178,3233200
2015-03-03,68.57572174072266,68.60815365835322,68.56761221487606,68.59193460666005,1288800
2015-03-04,68.59193420410156,68.61625659574278,68.57572133825933,68.60004372990055,572900
2015-03-05,68.61622619628906,68.64055476290761,68.6000133376297,68.62433571849525,386800
2015-03-06,68.54325866699219,68.55947152556007,68.51082676410344,68.51893628626387,503300
2015-03-09,68.57572174072266,68.57572174072266,68.53518029724552,68.5432898230921,367200
2015-03-10,68.59193420410156,68.61625659574278,68.56761181246033,68.61625659574278,1039600
2015-03-11,68.59193420410156,68.60815325569955,68.56761181246033,68.59193420410156,607500
2015-03-12,68.60813903808594,68.6486742871693,68.59191998984902,68.62435190056839,1158100
2015-03-13,68.61622619628906,68.64865809936079,68.6000133376297,68.6000133376297,436500
2015-03-16,68.62432098388672,68.65675287999485,68.61621146342176,68.62432098388672,934000
2015-03-17,68.60813903808594,68.6486742871693,68.60813903808594,68.6486742871693,1255600
2015-03-18,68.77027893066406,68.7783884531935,68.57569369023048,68.60812559459495,873500
2015-03-19,68.68106842041016,68.73782268651321,68.67295890075226,68.71350031329062,351000
2015-03-20,68.7297134399414,68.74593247932162,68.71350058631229,68.73782295963152,721900
2015-03-23,68.75404357910156,68.7621469132268,68.7135021654704,68.73782453934861,683900
2015-03-24,68.77837371826172,68.77837371826172,68.72972277926124,68.75405134163745,535900
2015-03-25,68.76220703125,68.786529426393,68.73788463610701,68.7784260851831,932000
2015-03-26,68.7297134399414,68.73782295963152,68.69728773268317,68.73782295963152,963400
2015-03-27,68.77027893066406,68.7783884531935,68.74595654882903,68.74595654882903,595300
2015-03-30,68.76220703125,68.786529426393,68.75410369004011,68.7784260851831,793600
2015-03-31,68.81889343261719,68.81889343261719,68.77024869033765,68.77835820930109,1035200
2015-04-01,68.84892272949219,68.84892272949219,68.81647668765233,68.81647668765233,2228700
2015-04-02,68.84085845947266,68.84896533361191,68.808412397555,68.84896533361191,643500
2015-04-06,68.89765930175781,68.93010537393285,68.87332629474041,68.93010537393285,1162400
2015-04-07,68.84892272949219,68.86514884463696,68.84892272949219,68.84892272949219,544500
2015-04-08,68.84892272949219,68.86514884463696,68.81647668765233,68.85703578706458,1086800
2015-04-09,68.82467651367188,68.84090264927323,68.8165634458712,68.83278958147255,459000
2015-04-10,68.80841827392578,68.8408643386144,68.80841827392578,68.83275127532873,614400
2015-04-13,68.84892272949219,68.84892272949219,68.80836981852966,68.80836981852966,754400
2015-04-14,68.88139343261719,68.89761955357133,68.85706043963789,68.86517350011496,449200
2015-04-15,68.88139343261719,68.88950649309426,68.86517350011496,68.87328656059204,772200
2015-04-16,68.9137954711914,68.92190852648672,68.86512951631552,68.89757554904877,11419400
2015-04-17,68.88139343261719,68.90572642559647,68.87328656059204,68.87328656059204,727200
2015-04-20,68.8732681274414,68.88948805560254,68.84892895252429,68.8651550691357,460900
2015-04-21,68.88139343261719,68.88139343261719,68.83272744665861,68.83272744665861,565700
2015-04-22,68.82467651367188,68.85712259641706,68.82467651367188,68.84090264927323,582200
2015-04-23,68.85704040527344,68.85704040527344,68.83270741937397,68.83270741937397,561700
2015-04-24,68.88139343261719,68.88950649309426,68.86517350011496,68.88139343261719,405800
2015-04-27,68.8732681274414,68.88137499729683,68.85704201083,68.88137499729683,439300
2015-04-28,68.84085845947266,68.87330452139031,68.84085845947266,68.84085845947266,506400
2015-04-29,68.84892272949219,68.84892272949219,68.80836981852966,68.82458974522473,461400
2015-04-30,68.84085845947266,68.84896533361191,68.78407939823015,68.81651927169426,746800
2015-05-01,68.81244659423828,68.82867322022355,68.79621377724729,68.81244659423828,1996300
2015-05-04,68.81244659423828,68.82867322022355,68.78809736875179,68.80433018574278,535700
2015-05-05,68.79620361328125,68.82866305146196,68.76374417510054,68.79620361328125,8800900
2015-05-06,68.77186584472656,68.78809246955615,68.74752281197954,68.77186584472656,1583000
2015-05-07,68.74751281738281,68.77997225332828,68.74751281738281,68.77185584659081,909500
2015-05-08,68.84488677978516,68.86111959369524,68.82866015687961,68.84488677978516,855400
2015-05-11,68.77997589111328,68.83677835927104,68.77997589111328,68.8286619521043,2438600
2015-05-12,68.78809356689453,68.81244279103527,68.77186694180608,68.79620997494145,497600
2015-05-13,68.8205795288086,68.8611553936741,68.8124693086417,68.8368123511579,670900
2015-05-14,68.88545227050781,68.88545227050781,68.85299283857063,68.85299283857063,992800
2015-05-15,68.88545227050781,68.9016850819782,68.85299283857063,68.85299283857063,599200
2015-05-18,68.84488677978516,68.88546262355582,68.82866015687961,68.86923600065028,5576400
2015-05-19,68.80435180664062,68.8286948487709,68.78811898454867,68.79623539559465,544600
2015-05-20,68.82866668701172,68.8367830947368,68.80432365484158,68.82055027928664,541600
2015-05-21,68.85304260253906,68.86115901414045,68.8205831471416,68.828699558743,677900
2015-05-22,68.80435180664062,68.8286948487709,68.79623539559465,68.8124682176866,530500
2015-05-26,68.81244659423828,68.82867322022355,68.779987151262,68.779987151262,634000
2015-05-27,68.8205795288086,68.82869593998325,68.78812007511773,68.79623648629239,597100
2015-05-28,68.85304260253906,68.86115901414045,68.8205831471416,68.8205831471416,888200
2015-05-29,68.86927032470703,68.88549695569984,68.84492109170638,68.84492109170638,565900
2015-06-01,68.82621002197266,68.89115721359325,68.80997632092006,68.89115721359325,8556400
2015-06-02,68.81807708740234,68.81807708740234,68.79372344356686,68.79372344356686,715300
2015-06-03,68.79373931884766,68.79373931884766,68.76938566939216,68.77750561711245,1359800
2015-06-04,68.80184173583984,68.8180754334387,68.77748809258966,68.80184173583984,934300
2015-06-05,68.73690032958984,68.75314022225606,68.70442673796168,68.70442673796168,599300
2015-06-08,68.77751922607422,68.77751922607422,68.74504562247293,68.74504562247293,985400
2015-06-09,68.7450180053711,68.76937164986177,68.72878430694534,68.76937164986177,1189700
2015-06-10,68.72877502441406,68.73688877567905,68.71253513447758,68.73688877567905,817100
2015-06-11,68.7450180053711,68.7450180053711,68.70442446875057,68.72878430694534,938600
2015-06-12,68.72877502441406,68.75312866561553,68.71253513447758,68.71253513447758,398900
2015-06-15,68.76123809814453,68.78559793151926,68.75312434738915,68.76935804260278,542700
2015-06-16,68.78560638427734,68.78560638427734,68.76124654790914,68.76124654790914,6452900
2015-06-17,68.8343505859375,68.8343505859375,68.67198255825515,68.74504971913895,2940900
2015-06-18,68.8505630493164,68.8505630493164,68.80185575289289,68.81808945379905,625900
2015-06-19,68.86681365966797,68.8830473631001,68.8586937110989,68.87492741453103,397700
2015-06-22,68.81807708740234,68.84243692494175,68.80996333525981,68.84243692494175,438100
2015-06-23,68.80184173583984,68.8180754334387,68.77748809258966,68.77748809258966,495300
2015-06-24,68.8343505859375,68.8343505859375,68.78564327448626,68.80999693021188,681800
2015-06-25,68.81807708740234,68.82619703324882,68.78560969142433,68.80184338941334,461900
2015-06-26,68.77751922607422,68.80187288034855,68.77751922607422,68.77751922607422,476600
2015-06-29,68.89118957519531,68.8993095263885,68.83436230425899,68.86683591532375,895700
2015-06-30,68.89118957519531,68.91554323506688,68.86683591532375,68.87494967280894,3121300
2015-07-01,68.83267211914062,68.85703667535675,68.82454853490886,68.84079570337241,11473000
2015-07-02,68.93824768066406,68.93824768066406,68.87327760213543,68.913883126656,2175100
2015-07-06,68.95453643798828,68.97077741829662,68.92204828088923,68.95453643798828,1088300
2015-07-07,68.94635009765625,69.01944993371747,68.94635009765625,68.99507919071257,2665300
2015-07-08,69.01947021484375,69.02758760175391,68.96261752407983,68.97073491098999,1628600
2015-07-09,68.97075653076172,68.98700370263204,68.9545155553719,68.97888011669689,1995800
2015-07-10,68.90579986572266,68.93828802223783,68.88143529745683,68.92204704222138,1999200
2015-07-13,68.87329864501953,68.87329864501953,68.84892788708682,68.86517505904196,856700
2015-07-14,68.90579986572266,68.90579986572266,68.8895588857062,68.8895588857062,1062100
2015-07-15,68.9301528930664,68.9301528930664,68.86517659675603,68.88954115875225,1068800
2015-07-16,68.89765930175781,68.89765930175781,68.84892398513495,68.84892398513495,5841900
2015-07-17,68.88140869140625,68.88953227651781,68.85704413255145,68.85704413255145,934900
2015-07-20,68.84081268310547,68.84893007286021,68.82456551063451,68.83268909687,1104900
2015-07-21,68.8488998413086,68.87327058931382,68.81641790359097,68.81641790359097,653400
2015-07-22,68.84081268310547,68.84893007286021,68.82456551063451,68.84081268310547,760400
2015-07-23,68.8488998413086,68.857023423977,68.80017073825417,68.80017073825417,854200
2015-07-24,68.86520385742188,68.89769201843768,68.8408392857808,68.84895667867241,810500
2015-07-27,68.91393280029297,68.93017997899518,68.89769181807385,68.92205638964407,4482800
2015-07-28,68.89765930175781,68.91390027631198,68.88141213072346,68.89765930175781,2113800
2015-07-29,68.88140869140625,68.9138968353726,68.86516771766301,68.88953227651781,1590900
2015-07-30,68.8488998413086,68.86514700664542,68.83265887244978,68.8488998413086,581400
2015-07-31,68.92205810546875,68.93829908809218,68.90581092636207,68.92205810546875,4190600
2015-08-03,68.94481658935547,68.95294381929433,68.89606560824241,68.89606560824241,5562900
2015-08-04,68.83915710449219,68.92041077034493,68.83915710449219,68.90416251687732,1228800
2015-08-05,68.84725189208984,68.84725189208984,68.80662197867841,68.8309974470235,1825600
2015-08-06,68.86351013183594,68.87975838000592,68.84726188366595,68.85538290812329,1132300
2015-08-07,68.83097076416016,68.86347344243852,68.81472252464698,68.82284354477757,934300
2015-08-10,68.83097076416016,68.84722520292534,68.82284354477757,68.83097076416016,1397700
2015-08-11,68.92039489746094,68.92852212195164,68.8960194232447,68.92039489746094,1889400
2015-08-12,68.92039489746094,68.96914584589341,68.90414664773542,68.93664314718646,1508300
2015-08-13,68.86351013183594,68.90414005114387,68.85538290812329,68.88788560371857,537000
2015-08-14,68.83097076416016,68.86347344243852,68.83097076416016,68.83097076416016,837600
2015-08-17,68.87164306640625,68.88789131592354,68.8635158420197,68.8635158420197,646700
2015-08-18,68.86351013183594,68.87163735554859,68.8391346599533,68.85538290812329,466300
2015-08-19,68.92853546142578,68.93665648823222,68.83102734643455,68.85540282536809,960600
2015-08-20,68.90412139892578,68.93661788646901,68.90412139892578,68.93661788646901,5879000
2015-08-21,68.97724151611328,68.98536873688613,68.92849058998236,68.94473883227498,2062900
2015-08-24,69.00978088378906,69.10728898713678,68.97727818267316,69.10728898713678,4491400
2015-08-25,68.97724151611328,69.01787142072442,68.94473883227498,68.97724151611328,2708000
2015-08-26,68.93665313720703,69.01791299537821,68.93665313720703,68.96103481421247,2519400
2015-08-27,68.94481658935547,68.9610710492332,68.90419283818127,68.9366893594166,2985300
2015-08-28,68.9122543334961,68.96913249540927,68.88787886399827,68.96101147174646,1683200
2015-08-31,68.88789367675781,68.93664462623624,68.87976645209272,68.91226915149703,7294500
2015-09-01,68.9122543334961,68.93664750736967,68.89599841976036,68.92038539145395,6317000
2015-09-02,68.92857360839844,68.93670467309897,68.8960555517814,68.92857360839844,5691300
2015-09-03,68.92857360839844,68.96109166501547,68.92044254369789,68.96109166501547,2627800
2015-09-04,68.93667602539062,68.96918786631174,68.92041390274753,68.94480088452963,1393900
2015-09-08,68.9122543334961,68.92038539145395,68.89599841976036,68.90412947771821,3251500
2015-09-09,68.89604187011719,68.91229779410497,68.87165488304356,68.87165488304356,1721000
2015-09-10,68.92041015625,68.92041015625,68.89602317579356,68.91227909537045,1004100
2015-09-11,68.94478607177734,68.95291713135194,68.92039909523476,68.92039909523476,539600
2015-09-14,68.92857360839844,68.96109166501547,68.92857360839844,68.94482953561439,1649100
2015-09-15,68.83097076416016,68.9203938060745,68.83097076416016,68.9203938060745,2200100
2015-09-16,68.82283782958984,68.87974283120354,68.82283782958984,68.83909374340233,1454200
2015-09-17,68.97736358642578,68.99362571959766,68.8229105344123,68.8229105344123,1268200
2015-09-18,69.00980377197266,69.00980377197266,68.97728574451254,68.97728574451254,1424900
2015-09-21,68.96917724609375,68.97730830616324,68.95292132813636,68.96917724609375,1668200
2015-09-22,69.00980377197266,69.01793482938257,68.98541680192247,69.00167271456273,834300
2015-09-23,68.9854965209961,69.01801458603381,68.96923438738386,68.99362758780221,1659800
2015-09-24,69.02610778808594,69.05861963310232,69.00984566339442,69.00984566339442,1480700
2015-09-25,68.99359893798828,69.03424185076828,68.97733681112896,69.01798592609312,1115900
2015-09-28,69.04235076904297,69.05048182986462,69.0017016671169,69.0179637887602,2572000
2015-09-29,69.07486724853516,69.09112316762878,69.04234920816589,69.05860512725951,1896600
2015-09-30,69.09110260009766,69.09923365831497,69.0585845694086,69.0585845694086,9534800
2015-10-01,69.09111785888672,69.11552252508916,69.0667193977863,69.09111785888672,5262900
2015-10-02,69.18875122070312,69.22941947885239,69.17248764050642,69.21314969355068,1668700
2015-10-05,69.13994598388672,69.1724793454838,69.11554751396497,69.1724793454838,5500700
2015-10-06,69.13178253173828,69.14804610326571,69.10738407189629,69.10738407189629,1519100
2015-10-07,69.11546325683594,69.12359193349752,69.0910586115611,69.11546325683594,3660700
2015-10-08,69.09921264648438,69.13174597743851,69.08294908355651,69.08294908355651,1793100
2015-10-09,69.09921264648438,69.09921264648438,69.06667931553025,69.07481419954338,1107700
2015-10-12,69.08302307128906,69.11555643708634,69.05048970549178,69.05048970549178,1486900
2015-10-13,69.10737609863281,69.11551098600881,69.09110632388082,69.09924121125681,1071300
2015-10-14,69.20500946044922,69.21314435247231,69.15621251851968,69.19688077353064,3419100
2015-10-15,69.16429901123047,69.17243389756099,69.13990055733908,69.14802923856942,1586000
2015-10-16,69.13178253173828,69.15618099158027,69.13178253173828,69.13991742005284,942500
2015-10-19,69.15618133544922,69.15618133544922,69.12364798713091,69.13991776384093,1434900
2015-10-20,69.11546325683594,69.11546325683594,69.09919349331938,69.10732837507766,1029400
2015-10-21,69.13994598388672,69.15620956213313,69.10741262228963,69.11554751396497,11122200
2015-10-22,69.16429901123047,69.18056257879134,69.13990055733908,69.13990055733908,2382400
2015-10-23,69.10737609863281,69.13990944303583,69.09110632388082,69.11551098600881,5657200
2015-10-26,69.10737609863281,69.12363966828383,69.09924121125681,69.10737609863281,5901700
2015-10-27,69.13178253173828,69.15618099158027,69.13178253173828,69.13178253173828,1024600
2015-10-28,69.04232025146484,69.1317854113465,69.00978690195315,69.11552183914164,1658900
2015-10-29,68.9935302734375,69.0179287367513,68.9935302734375,69.00165895780705,1526500
2015-10-30,68.9935302734375,69.00979384727918,68.98539538396537,68.9935302734375,3242400
2015-11-02,68.9536361694336,68.98618524478465,68.92922591494563,68.92922591494563,14599400
2015-11-03,68.94551849365234,68.95365110817602,68.9292408483996,68.93737967102598,3643500
2015-11-04,68.87227630615234,68.94551328805467,68.87227630615234,68.92109682201908,2120500
2015-11-05,68.87227630615234,68.88855395017607,68.84786604821898,68.87227630615234,2775300
2015-11-06,68.80717468261719,68.82345232582152,68.79090324751476,68.80717468261719,1832700
2015-11-09,68.7908935546875,68.80716498749723,68.78275473423211,68.7908935546875,1619900
2015-11-10,68.82344818115234,68.84785843638691,68.79903792591777,68.82344818115234,2139300
2015-11-11,68.80717468261719,68.87227283923072,68.80717468261719,68.85600140412829,6885500
2015-11-12,68.83155059814453,68.85596705076927,68.82341798870176,68.82341798870176,5866500
2015-11-13,68.88856506347656,68.88856506347656,68.83973833163073,68.83973833163073,771100
2015-11-16,68.88856506347656,68.90483650202302,68.87228741682688,68.88856506347656,1835200
2015-11-17,68.86414337158203,68.88855983970507,68.82346167424913,68.83159428885405,4707700
2015-11-18,68.83973693847656,68.87228602301398,68.8234655002594,68.85601458479682,1803400
2015-11-19,68.82344818115234,68.86412987050944,68.82344818115234,68.85599725749894,1707300
2015-11-20,68.82344818115234,68.85599725749894,68.8153093600403,68.83158079416285,798800
2015-11-23,68.81533813476562,68.82347695928085,68.79092786932405,68.79092786932405,936600
2015-11-24,68.81533813476562,68.83160957569196,68.80719931025038,68.82347695928085,1024300
2015-11-25,68.82344818115234,68.83158079416285,68.79903792591777,68.82344818115234,3067800
2015-11-27,68.83973693847656,68.8478757616367,68.8234655002594,68.8234655002594,429600
2015-11-30,68.81533813476562,68.83160957569196,68.80719931025038,68.82347695928085,1469300
2015-12-01,68.85687255859375,68.87315189500205,68.79988556448987,68.79988556448987,4410600
2015-12-02,68.79983520507812,68.82425729737261,68.79169243727597,68.82425729737261,1008700
2015-12-03,68.79983520507812,68.79983520507812,68.73470548488484,68.79983520507812,4856400
2015-12-04,68.81609344482422,68.84865829494323,68.79981412531976,68.82423621013149,4440400
2015-12-07,68.8079833984375,68.82426893679599,68.79984684037129,68.8079833984375,2025600
2015-12-08,68.79983520507812,68.82425729737261,68.78354966947381,68.81611452957046,1043000
2015-12-09,68.82426452636719,68.83240729502462,68.7672775679904,68.79169966285008,3642800
2015-12-10,68.78358459472656,68.81614947135822,68.77544803390501,68.80800669942151,963000
2015-12-11,68.86495971679688,68.88938802055901,68.81611553149675,68.82425829941747,1073800
2015-12-14,68.78358459472656,68.8324350152316,68.77544803390501,68.80800669942151,1757400
2015-12-15,68.77540588378906,68.77540588378906,68.7428410271153,68.75097758295026,1052100
2015-12-16,68.71846008300781,68.75916151988675,68.63704478701985,68.74288218735819,1241600
2015-12-17,68.71846008300781,68.75101874806495,68.710317311186,68.710317311186,1777400
2015-12-18,68.8079833984375,68.8079833984375,68.75913920558808,68.77542474394657,1494800
2015-12-21,68.79983520507812,68.8079717617683,68.78354966947381,68.8079717617683,3037200
2015-12-22,68.78358459472656,68.79987013859996,68.75916249003161,68.78358459472656,1234700
2015-12-23,68.75916290283203,68.79172777965918,68.74288356997604,68.78358500767361,2785800
2015-12-24,68.7860336303711,68.7860336303711,68.75345838319132,68.77789292571534,564600
2015-12-28,68.7452621459961,68.76154975790115,68.73711523290662,68.7452621459961,1096700
2015-12-29,68.72900390625,68.74529774086557,68.70456936860377,68.71271628591155,1085100
2015-12-30,68.7452621459961,68.7452621459961,68.6963868817331,68.71268070791207,4797000
2015-12-31,68.71271514892578,68.77787805775557,68.71271514892578,68.76973114058259,2466200
2016-01-04,68.80233764648438,68.81862527248377,68.77790310034564,68.81048456662371,7548000
2016-01-05,68.7615966796875,68.79417814000459,68.75345597531684,68.77789051698511,2472200
2016-01-06,68.80233764648438,68.82677219262311,68.7860438062057,68.81048456662371,2409900
2016-01-07,68.82679748535156,68.8593789636028,68.80236293023353,68.8512320404696,2702800
2016-01-08,68.87557983398438,68.89187365972566,68.82671078530797,68.85114530964617,7139900
2016-01-11,68.90006256103516,68.91635639817568,68.84304655959951,68.85934039674004,3557700
2016-01-12,68.90819549560547,68.9326300320795,68.85117950574046,68.85932642265742,1275600
2016-01-13,68.94898986816406,68.94898986816406,68.88382689900406,68.90011453415268,1820800
2016-01-14,68.9652099609375,68.9652099609375,68.92448780580659,68.94892234174047,1297400
2016-01-15,69.0222396850586,69.05482114421308,68.9978051442622,69.01409898097842,2136000
2016-01-19,69.01411437988281,69.03040200595531,68.98967361935512,69.00596745970691,5109900
2016-01-20,69.06301879882812,69.10374099197882,69.04672495014185,69.05487187448499,2140400
2016-01-21,69.05479431152344,69.08737575801773,69.03850669541404,69.07922884282527,2326500
2016-01-22,69.03038024902344,69.03038024902344,68.98965187525998,68.99779879286814,3184900
2016-01-25,69.03038024902344,69.04666786996242,69.01409262808447,69.01409262808447,1800100
2016-01-26,69.06301879882812,69.07116572317126,69.02229039139493,69.03043731573807,1176800
2016-01-27,69.07927703857422,69.07927703857422,69.00597339352566,69.02226102099873,1742300
2016-01-28,69.07927703857422,69.10371158692374,69.0548424902247,69.07113633197761,1272200
2016-01-29,69.16072082519531,69.16072082519531,69.11999244274475,69.15257390584947,1521400
2016-02-01,69.1240463256836,69.14034258702117,69.107750064346,69.14034258702117,5665300
2016-02-02,69.21365356445312,69.21365356445312,69.15660735451821,69.15660735451821,2528200
2016-02-03,69.22998046875,69.28702670394235,69.1973879494172,69.1973879494172,1962400
2016-02-04,69.24627685546875,69.25442809337167,69.2299743796629,69.2299743796629,1305700
2016-02-05,69.22998046875,69.2462829459897,69.18923671079736,69.1973879494172,1294800
2016-02-08,69.31143188476562,69.32772813302064,69.26253070486266,69.27883317068662,1467700
2016-02-09,69.28701782226562,69.33591903014295,69.27072156468819,69.33591903014295,1919200
2016-02-10,69.28701782226562,69.2951690598406,69.22997159438584,69.22997159438584,1061200
2016-02-11,69.35225677490234,69.41745427935888,69.33596050757633,69.39300676958173,1814400
2016-02-12,69.27074432373047,69.33594181060599,69.26259308347738,69.31963933009983,1194000
2016-02-16,69.22998046875,69.27073044427596,69.22998046875,69.2625792056561,2545900
2016-02-17,69.24627685546875,69.24627685546875,69.19738186319678,69.20552688352693,1999400
2016-02-18,69.30330657958984,69.30330657958984,69.22181287268845,69.22181287268845,859100
2016-02-19,69.23810577392578,69.27885573418865,69.23810577392578,69.25440824505932,975400
2016-02-22,69.24627685546875,69.24627685546875,69.21367812142985,69.21367812142985,1101600
2016-02-23,69.25444030761719,69.27073656872439,69.22184156782892,69.23813782893612,1227700
2016-02-24,69.27074432373047,69.33594181060599,69.25444806079886,69.28704058666207,1066800
2016-02-25,69.28701782226562,69.30332029741557,69.27072156468819,69.27887280226317,1526500
2016-02-26,69.1973876953125,69.24628269170545,69.18108521813265,69.23813145311553,1891100
2016-02-29,69.23810577392578,69.23810577392578,69.17290832453357,69.17290832453357,2634200
2016-03-01,69.1459732055664,69.24381729588774,69.13781745770201,69.24381729588774,4584800
2016-03-02,69.13783264160156,69.1459883912571,69.1052158639936,69.12152114229046,2652000
2016-03-03,69.16229248046875,69.16229248046875,69.12151995390623,69.12967570342155,5601100
2016-03-04,69.11338806152344,69.15415437747444,69.09707655833047,69.1215375921042,1532600
2016-03-07,69.06446838378906,69.09708517322589,69.06446838378906,69.08077988901572,1990800
2016-03-08,69.11338806152344,69.14600484689366,69.10523230992695,69.11338806152344,2878900
2016-03-09,69.08892059326172,69.11338162475732,69.08892059326172,69.10522587392042,1284400
2016-03-10,69.08073425292969,69.08889000015516,69.04811748504014,69.06442275847871,2227500
2016-03-11,69.0155258178711,69.04814259762325,69.00737006767939,69.04814259762325,4112200
2016-03-14,69.0155258178711,69.03998684743156,69.0155258178711,69.03998684743156,1875500
2016-03-15,69.03997802734375,69.06443905377924,69.00736125175848,69.04813377649353,1508600
2016-03-16,69.17863464355469,69.17863464355469,68.94217377065969,68.97478434408025,5972100
2016-03-17,69.17045593261719,69.17045593261719,69.12152765109082,69.14599490236141,1677000
2016-03-18,69.18675231933594,69.21121334644754,69.17044704159953,69.18675231933594,3010000
2016-03-21,69.17863464355469,69.17863464355469,69.14602407013412,69.17048511070827,1892100
2016-03-22,69.13783264160156,69.19491044716193,69.12152114229046,69.18675469750639,1899800
2016-03-23,69.17863464355469,69.19494615128241,69.1297125624064,69.13786831627026,1357600
2016-03-24,69.1459732055664,69.18673950286268,69.13781745770201,69.18673950286268,859800
2016-03-28,69.16229248046875,69.19490925751593,69.16229248046875,69.16229248046875,2820600
2016-03-29,69.2927474975586,69.2927474975586,69.18674143539901,69.18674143539901,1219700
2016-03-30,69.3009262084961,69.30908196002284,69.25200414136697,69.28462092645827,1307600
2016-03-31,69.3335189819336,69.35798000702678,69.30090220813815,69.32536323323136,1555000
2016-04-01,69.2935562133789,69.3261925689508,69.27724114796713,69.2935562133789,5307200
2016-04-04,69.34247589111328,69.34247589111328,69.29352449253834,69.3098395504815,2863500
2016-04-05,69.36698913574219,69.36698913574219,69.33435900219462,69.3506740689684,4655000
2016-04-06,69.34247589111328,69.35879717380193,69.3098395504815,69.35879717380193,1029200
2016-04-07,69.38329315185547,69.39960821456705,69.350656801685,69.35881744541445,1475200
2016-04-08,69.38329315185547,69.39145379558492,69.35881744541445,69.35881744541445,594300
2016-04-11,69.37513732910156,69.39961303724344,69.35882226525624,69.36697668480502,851100
2016-04-12,69.35885620117188,69.36701062471046,69.35069555288248,69.35885620117188,524900
2016-04-13,69.326171875,69.34248693554171,69.3180112323559,69.34248693554171,1365800
2016-04-14,69.326171875,69.34248693554171,69.30985058971181,69.3343325176441,1103500
2016-04-15,69.37513732910156,69.37513732910156,69.33434655711436,69.33434655711436,825600
2016-04-18,69.36698913574219,69.37514978150351,69.3506740689684,69.35883471472972,870900
2016-04-19,69.34247589111328,69.36695159040076,69.32616083317014,69.36695159040076,1508400
2016-04-20,69.2935562133789,69.35882892452268,69.28539556829884,69.35882892452268,1080700
2016-04-21,69.27721405029297,69.3098441683533,69.26905340840493,69.26905340840493,1599900
2016-04-22,69.27721405029297,69.28536846743509,69.26905340840493,69.27721405029297,2593200
2016-04-25,69.2609634399414,69.29359981604959,69.2609634399414,69.26912409015652,1512900
2016-04-26,69.24459075927734,69.26906646480893,69.23643011585112,69.2609058213827,969300
2016-04-27,69.2935562133789,69.2935562133789,69.20380779174329,69.26908050288706,748300
2016-04-28,69.33434295654297,69.3588186634138,69.29354596192663,69.30170660579938,694300
2016-04-29,69.35885620117188,69.37517127299985,69.31805918447574,69.32621983276513,1609600
2016-05-02,69.33349609375,69.35798591171448,69.3253307449831,69.3416614425169,1017800
2016-05-03,69.40699768066406,69.41516303321123,69.37434872715356,69.41516303321123,3788100
2016-05-04,69.39884948730469,69.41517396663117,69.36619430031166,69.41517396663117,1621100
2016-05-05,69.42330932617188,69.44779914875082,69.37432968101399,69.41514397586643,556900
2016-05-06,69.40699768066406,69.47230804436325,69.40699768066406,69.46414269181608,1117600
2016-05-09,69.43968200683594,69.46417184641692,69.43152287920341,69.4560127187844,610000
2016-05-10,69.45599365234375,69.45599365234375,69.42333846575275,69.447828298611,2854800
2016-05-11,69.43148803710938,69.45597786440088,69.42332268523269,69.4396471606475,1607400
2016-05-12,69.39064025878906,69.42329542513471,69.39064025878906,69.41513007646427,562700
2016-05-13,69.39884948730469,69.41517396663117,69.37435965414494,69.38251877963813,1115000
2016-05-16,69.36615753173828,69.39064735191684,69.34982683272806,69.39064735191684,600800
2016-05-17,69.34168243408203,69.36617225946023,69.31719260870383,69.3498415569827,819500
2016-05-18,69.21919250488281,69.30899263864109,69.21102715772251,69.2763374783349,3690500
2016-05-19,69.23555755615234,69.26821273560071,69.23555755615234,69.23555755615234,1619600
2016-05-20,69.26007843017578,69.26824378578273,69.22742946443081,69.23558859169634,1942600
2016-05-23,69.25190734863281,69.25190734863281,69.21925216018337,69.21925216018337,654700
2016-05-24,69.20291900634766,69.23557419364316,69.19475988077888,69.22741506807438,778200
2016-05-25,69.24370574951172,69.24370574951172,69.2028852282319,69.22738127800204,5242400
2016-05-26,69.28453063964844,69.30085511218748,69.25187546623289,69.26819993877193,1253100
2016-05-27,69.24370574951172,69.30901609222457,69.21921592807867,69.28452627079152,696200
2016-05-31,69.27638244628906,69.30087227533154,69.2110720832831,69.2110720832831,1368300
2016-06-01,69.22821044921875,69.30172414148012,69.22821044921875,69.277219577393,1484500
2016-06-02,69.28532409667969,69.28532409667969,69.25264929820707,69.25264929820707,4565800
2016-06-03,69.39971160888672,69.42421615990197,69.3915413478539,69.40788186991952,1874900
2016-06-06,69.38338470458984,69.41605952011606,69.35888015096613,69.39154873440852,672100
2016-06-07,69.39971160888672,69.42421615990197,69.3915413478539,69.39971160888672,624800
2016-06-08,69.41608428955078,69.42424832228261,69.39157349509716,69.39157349509716,906600
2016-06-09,69.43238067626953,69.44871496490052,69.41604638763854,69.44871496490052,794400
2016-06-10,69.47320556640625,69.4895398502927,69.44053076655251,69.44053076655251,425100
2016-06-13,69.48958587646484,69.52226069796063,69.48958587646484,69.49775613986003,610500
2016-06-14,69.49775695800781,69.53859581129458,69.48958669451645,69.53859581129458,990200
2016-06-15,69.57938385009766,69.69374251687658,69.48952972161709,69.48952972161709,785700
2016-06-16,69.53852844238281,69.60387802283303,69.5303644188858,69.57937348818395,1129500
2016-06-17,69.54679107666016,69.56313160951727,69.52228650946176,69.54679107666016,1574700
2016-06-20,69.50585174560547,69.5140220009574,69.47318318835546,69.49768772233239,1698800
2016-06-21,69.45691680908203,69.5140961934154,69.45691680908203,69.48959163328473,919100
2016-06-22,69.48139953613281,69.49774005914225,69.46506524520692,69.48956979763753,1740300
2016-06-23,69.45691680908203,69.47325733722613,69.43241224895138,69.45691680908203,2302800
2016-06-24,69.62023162841797,69.67741096404666,69.59572085707981,69.66107044982122,2321800
2016-06-27,69.66109466552734,69.71827402103283,69.66109466552734,69.67743518543311,1166100
2016-06-28,69.68558502197266,69.68558502197266,69.64474619468969,69.65291022089764,1590900
2016-06-29,69.66109466552734,69.66926492548022,69.63659011775106,69.63659011775106,838800
2016-06-30,69.69377899169922,69.7101132817535,69.64476988945319,69.6692744405762,2284000
2016-07-01,69.71833038330078,69.74284931332762,69.67746134276265,69.74284931332762,3690200
2016-07-05,69.7509765625,69.75915161288346,69.71011378205544,69.726457647086,1974600
2016-07-06,69.71833038330078,69.75101813284317,69.7019802727895,69.72649920281634,5742300
2016-07-07,69.68560028076172,69.71829424909929,69.66925017872451,69.69376909604347,1094600
2016-07-08,69.68560028076172,69.69376909604347,69.63655621038694,69.66925017872451,1157600
2016-07-11,69.61206817626953,69.66111226840259,69.61206817626953,69.64476215911169,1619200
2016-07-12,69.58756256103516,69.61208149392266,69.56304362814767,69.61208149392266,5990100
2016-07-13,69.60387420654297,69.62021807418851,69.58752410316006,69.61204302249705,836600
2016-07-14,69.56302642822266,69.59572040923578,69.54667631984645,69.55485137403456,638500
2016-07-15,69.53033447265625,69.55485340019553,69.52215941823,69.55485340019553,1532100
2016-07-18,69.57115173339844,69.5793205460059,69.54662658837161,69.56297668505616,867800
2016-07-19,69.5793228149414,69.5793228149414,69.55480390484983,69.5629789534587,739400
2016-07-20,69.54661560058594,69.56296569468732,69.53027174221839,69.54661560058594,627500
2016-07-21,69.59573364257812,69.59573364257812,69.53034566811863,69.53852072386118,465500
2016-07-22,69.57115173339844,69.58749559434818,69.55480163671389,69.56297668505616,382700
2016-07-25,69.52214050292969,69.56300952820196,69.52214050292969,69.55483447599995,803500
2016-07-26,69.53033447265625,69.54667834576928,69.50581554511699,69.54667834576928,1348500
2016-07-27,69.5793228149414,69.5793228149414,69.51394113327558,69.53028499475828,657400
2016-07-28,69.57115173339844,69.59567064269045,69.55480163671389,69.57115173339844,913700
2016-07-29,69.66107940673828,69.66107940673828,69.61203533774109,69.62021038853007,1041500
2016-08-01,69.63738250732422,69.63738250732422,69.6046689547076,69.6046689547076,3053400
2016-08-02,69.61286926269531,69.64558282487978,69.58832941145145,69.60468931228068,967700
2016-08-03,69.62097930908203,69.64551913788556,69.59644571974678,69.63733919495105,3365300
2016-08-04,69.67002868652344,69.6782023871692,69.64549510565388,69.65366880629963,610500
2016-08-05,69.57195281982422,69.61284631894519,69.55559916385899,69.61284631894519,1170900
2016-08-08,69.54742431640625,69.57195792188922,69.53106441976932,69.54742431640625,2576800
2016-08-09,69.58824920654297,69.58824920654297,69.53918203955631,69.56371562304963,2337300
2016-08-10,69.62097930908203,69.62097930908203,69.58826577681228,69.6046256626813,971900
2016-08-11,69.5555648803711,69.62098571145843,69.53102504931086,69.62098571145843,929600
2016-08-12,69.60466766357422,69.637381215584,69.5883077678333,69.62920126771354,584100
2016-08-15,69.58824920654297,69.59642914752969,69.56371562304963,69.58007550502306,873200
2016-08-16,69.56377410888672,69.57195405675074,69.53924050476672,69.55560040049475,774400
2016-08-17,69.56377410888672,69.59648766087074,69.52288684851075,69.53924050476672,1221300
2016-08-18,69.61286926269531,69.61286926269531,69.54744213832636,69.57197575009621,696500
2016-08-19,69.54742431640625,69.5801378702077,69.53924436808778,69.56377797357077,590000
2016-08-22,69.5555648803711,69.58009847196244,69.5555648803711,69.5719185282757,480000
2016-08-23,69.56377410888672,69.58013400461475,69.54742045263075,69.55560040049475,455200
2016-08-24,69.54742431640625,69.5801378702077,69.54742431640625,69.5801378702077,466400
2016-08-25,69.52287292480469,69.54740652401121,69.5146929785789,69.54740652401121,547300
2016-08-26,69.45747375488281,69.57196809018559,69.45747375488281,69.53107458208889,709800
2016-08-29,69.49835205078125,69.51470570675636,69.45745855163555,69.45745855163555,473600
2016-08-30,69.50651550292969,69.52287539596274,69.49016184936765,69.50651550292969,480400
2016-08-31,69.49835205078125,69.539239310455,69.49835205078125,69.51470570675636,937400
2016-09-01,69.53107452392578,69.53925928642606,69.46560891021271,69.48197843521325,1191600
2016-09-02,69.53107452392578,69.54743780578178,69.49834171706925,69.53925928642606,726100
2016-09-06,69.58016204833984,69.6210796126603,69.51469644268462,69.52288120417748,1335800
2016-09-07,69.58016204833984,69.6210796126603,69.58016204833984,69.60471008967461,1049300
2016-09-08,69.53107452392578,69.58835537513859,69.53107452392578,69.57198585013805,614200
2016-09-09,69.50652313232422,69.53925593760442,69.49833837021811,69.51470165128609,2727300
2016-09-12,69.53107452392578,69.56380733078232,69.50652647956952,69.51470499892524,2123600
2016-09-13,69.50652313232422,69.55561921867242,69.48197508915011,69.5474344565663,1108600
2016-09-14,69.54742431640625,69.5719723560012,69.5228762768113,69.5228762768113,1632600
2016-09-15,69.6047134399414,69.62108296371501,69.54743259302195,69.56380211679556,10599200
2016-09-16,69.5719985961914,69.59655288819073,69.55563531133755,69.5719985961914,846200
2016-09-19,69.55558776855469,69.57195104222389,69.54740301014938,69.55558776855469,657700
2016-09-20,69.53926086425781,69.56380890917107,69.53926086425781,69.55562414648509,984300
2016-09-21,69.55558776855469,69.55558776855469,69.48194367233117,69.52285497807488,816300
2016-09-22,69.53926086425781,69.57198742871236,69.53107610157183,69.5474393837991,759500
2016-09-23,69.58016204833984,69.58016204833984,69.53925072716316,69.55561400700508,7016900
2016-09-26,69.62106323242188,69.62924174884672,69.58833043729554,69.5965151968627,786300
2016-09-27,69.62928771972656,69.64565724966843,69.60473966796019,69.64565724966843,645300
2016-09-28,69.62106323242188,69.62924174884672,69.60469371328756,69.61287847285472,1017300
2016-09-29,69.64566040039062,69.64566040039062,69.5801947639544,69.5965642946368,1164000
2016-09-30,69.58834075927734,69.64562159845927,69.58834075927734,69.63743683767807,1380000
2016-10-03,69.57933044433594,69.58751367646461,69.55476200772364,69.58751367646461,1646500
2016-10-04,69.52202606201172,69.55477148847402,69.51383658202468,69.55477148847402,933100
2016-10-05,69.48112487792969,69.54662826202106,69.48112487792969,69.54662826202106,1644000
2016-10-06,69.48112487792969,69.52206605467343,69.47293539323164,69.48112487792969,679500
2016-10-07,69.50566864013672,69.52204760518623,69.4811064393073,69.49747915761195,809000
2016-10-10,69.472900390625,69.48927935176889,69.45652767622451,69.48108987119694,924000
2016-10-11,69.4646987915039,69.47288827064713,69.44832607995973,69.44832607995973,1259100
2016-10-12,69.4646987915039,69.4646987915039,69.43195336841556,69.45651555910297,1311100
2016-10-13,69.48926544189453,69.50563815301766,69.46469700509665,69.48107596296191,5123300
2016-10-14,69.472900390625,69.51384154674132,69.472900390625,69.48927935176889,1481100
2016-10-17,69.53023529052734,69.5384247735762,69.50567308812609,69.51386257117493,3860400
2016-10-18,69.55475616455078,69.55475616455078,69.49744231075444,69.530193976744,2067400
2016-10-19,69.55475616455078,69.56294564273357,69.530193976744,69.53838345492679,643300
2016-10-20,69.52202606201172,69.55477148847402,69.51383658202468,69.55477148847402,2593200
2016-10-21,69.53843688964844,69.54662637412417,69.51387468296757,69.53843688964844,1041900
2016-10-24,69.51383972167969,69.53840191600725,69.49746076096584,69.53021243565031,582600
2016-10-25,69.51383972167969,69.53021243565031,69.48927752735212,69.50565024132275,3762400
2016-10-26,69.48926544189453,69.50563815301766,69.48107596296191,69.49744867408502,517000
2016-10-27,69.50566864013672,69.50566864013672,69.46472747425778,69.48929592183207,724800
2016-10-28,69.50566864013672,69.53842032349088,69.4811064393073,69.4811064393073,1229300
2016-10-31,69.55475616455078,69.55475616455078,69.530193976744,69.530193976744,1346300
2016-11-01,69.55557250976562,69.58834384699075,69.52280117254048,69.53099556947014,8239600
2016-11-02,69.59654235839844,69.61293115469852,69.56377726678707,69.58015981259275,1516600
2016-11-03,69.604736328125,69.604736328125,69.57196498622096,69.57196498622096,2616600
2016-11-04,69.62933349609375,69.63752789657346,69.58837399468759,69.59656214467113,2108300
2016-11-07,69.604736328125,69.604736328125,69.57196498622096,69.58015938432055,2698400
2016-11-08,69.53102111816406,69.58836941675693,69.52282671822344,69.5801750168163,1944600
2016-11-09,69.44087219238281,69.56376313769542,69.44087219238281,69.54737434472406,1784100
2016-11-10,69.41631317138672,69.50642655401698,69.41631317138672,69.46546706200228,1927100
2016-11-11,69.41631317138672,69.44907826480059,69.3917299755842,69.43269571809365,3405000
2016-11-14,69.30980682373047,69.38354391236425,69.30980682373047,69.34257816862382,18305000
2016-11-15,69.33442687988281,69.33442687988281,69.30165551461319,69.3098499185553,2080800
2016-11-16,69.32621765136719,69.34260020377232,69.29344629606001,69.31802324991617,1007900
2016-11-17,69.31798553466797,69.33436807815953,69.30159674068291,69.3261799316605,1145600
2016-11-18,69.27703857421875,69.31800431978958,69.25246162707434,69.30161552136316,2044500
2016-11-21,69.26887512207031,69.2934520779772,69.23610376402866,69.26887512207031,889300
2016-11-22,69.25245666503906,69.29342240767463,69.24426226641299,69.25245666503906,2122600
2016-11-23,69.21149444580078,69.24425953802451,69.18691125089121,69.20330004749759,1433600
2016-11-25,69.20328521728516,69.23605655298051,69.19509082073802,69.20328521728516,347400
2016-11-28,69.24425506591797,69.26883825923984,69.21967812309022,69.21967812309022,1131300
2016-11-29,69.25245666503906,69.28522800904857,69.22787971965562,69.22787971965562,1232600
2016-11-30,69.22789764404297,69.26066899653759,69.22789764404297,69.22789764404297,1449700
2016-12-01,69.1950912475586,69.22787573948122,69.17049349732362,69.18689199748027,6249100
2016-12-02,69.2688980102539,69.28529026385289,69.2443065027563,69.26069875635528,2449000
2016-12-05,69.2688980102539,69.28529026385289,69.2197149952587,69.2443065027563,1785700
2016-12-06,69.25248718261719,69.27707868351916,69.24428793091768,69.27707868351916,1325500
2016-12-07,69.27708435058594,69.29347660112933,69.2688850982157,69.2852773487591,1282700
2016-12-08,69.2688980102539,69.28529026385289,69.25250575665491,69.25250575665491,1272500
2016-12-09,69.26071166992188,69.28530318200453,69.23612015783921,69.28530318200453,1321200
2016-12-12,69.236083984375,69.26067548360945,69.22788473323146,69.236083984375,931300
2016-12-13,69.2279052734375,69.23610452701378,69.19512076752837,69.23610452701378,1926700
2016-12-14,69.09675598144531,69.23611203636668,69.06396521778169,69.22791278190111,1157600
2016-12-15,69.0639419555664,69.0967327081854,69.0475497063552,69.0639419555664,1355800
2016-12-16,69.09675598144531,69.12954674510893,69.07216447224727,69.08035747251417,937900
2016-12-19,69.1295394897461,69.14593174275814,69.11314098253602,69.11314098253602,1258800
2016-12-20,69.13772583007812,69.14592508289344,69.08854282158106,69.09674207439637,1089800
2016-12-21,69.17052459716797,69.17052459716797,69.13773383630691,69.14593309007171,1657900
2016-12-22,69.18775939941406,69.18775939941406,69.15495117106812,69.16315009879288,1388100
2016-12-23,69.18775939941406,69.18775939941406,69.17135528524109,69.18775939941406,1058500
2016-12-27,69.15491485595703,69.16311377937632,69.13850449167813,69.14670967381758,893600
2016-12-28,69.17951965332031,69.19592375781427,69.13850000400576,69.15491036721949,1312300
2016-12-29,69.25336456298828,69.25336456298828,69.19594079504105,69.20414597866817,1274800
2016-12-30,69.27800750732422,69.28621269493705,69.25339820321005,69.26160339082288,1214600
2017-01-03,69.22052764892578,69.24514319182786,69.19591836474298,69.2123287266777,4196100
2017-01-04,69.23698425292969,69.23698425292969,69.19596457941591,69.19596457941591,2182500
2017-01-05,69.28618621826172,69.31079551297181,69.23696762884154,69.24517281331889,1614200
2017-01-06,69.22876739501953,69.26158187655359,69.22056220995542,69.24517776514776,919000
2017-01-09,69.28618621826172,69.28618621826172,69.25337173907428,69.26157692355163,1014100
2017-01-10,69.26156616210938,69.28617545299582,69.26156616210938,69.26977134531185,1125800
2017-01-11,69.29432678222656,69.31893605398724,69.25330715681469,69.29432678222656,1166800
2017-01-12,69.31902313232422,69.32722831945715,69.28620864251648,69.31902313232422,820900
2017-01-13,69.28618621826172,69.28618621826172,69.2287624443642,69.28618621826172,1436300
2017-01-17,69.33537292480469,69.35998846691763,69.31896882211514,69.343578105509,1326600
2017-01-18,69.26979064941406,69.33541335715867,69.25338027843587,69.31080405941411,996100
2017-01-19,69.24515533447266,69.26976462297088,69.22874496966027,69.22874496966027,963500
2017-01-20,69.28618621826172,69.31900069744916,69.25337173907428,69.25337173907428,1134400
2017-01-23,69.35182189941406,69.37643119650971,69.31080223177294,69.33541152886859,1546900
2017-01-24,69.31083679199219,69.34365129072275,69.3026378613538,69.34365129072275,5300100
2017-01-25,69.29432678222656,69.30253195905216,69.26971751046588,69.30253195905216,1454500
2017-01-26,69.30258178710938,69.3189858938389,69.26976731492972,69.28617142165925,1658000
2017-01-27,69.33537292480469,69.343578105509,69.31076364141083,69.31076364141083,1184700
2017-01-30,69.33537292480469,69.35178328621332,69.31896882211514,69.33537292480469,1381300
2017-01-31,69.35182189941406,69.37643119650971,69.32721260231841,69.32721260231841,1207800
2017-02-01,69.3280029296875,69.36083721359621,69.26233436187006,69.28696477167608,2079600
2017-02-02,69.35257720947266,69.3689974708698,69.33616321057033,69.3443733412689,1341800
2017-02-03,69.3280029296875,69.40188163410694,69.3280029296875,69.37725122430092,1433300
2017-02-06,69.40188598632812,69.41829999806215,69.37725557497751,69.38546571209439,1663400
2017-02-07,69.38545989990234,69.42650431954883,69.38545989990234,69.41008404669057,730000
2017-02-08,69.45113372802734,69.45113372802734,69.40188543071982,69.41829944232244,1197000
2017-02-09,69.39368438720703,69.43472255284118,69.37726411095299,69.42651867721464,1149800
2017-02-10,69.38545989990234,69.40188017276061,69.36904588954326,69.36904588954326,968400
2017-02-13,69.3690414428711,69.37724531627516,69.3526211710654,69.36083130696824,666000
2017-02-14,69.31982421875,69.36907879819196,69.30341020060412,69.35265851754393,781100
2017-02-15,69.29515075683594,69.31157102580097,69.27052661588608,69.27873675036861,963900
2017-02-16,69.3280029296875,69.36083721359621,69.30337878238079,69.31979279308548,1933700
2017-02-17,69.37727355957031,69.39369383806066,69.3608595435813,69.38548369881549,986600
2017-02-21,69.38545989990234,69.38545989990234,69.35262561668499,69.36904588954326,840400
2017-02-22,69.40188598632812,69.41829999806215,69.3526314261266,69.40188598632812,695300
2017-02-23,69.43470001220703,69.4429101476688,69.41828600378196,69.41828600378196,1517100
2017-02-24,69.46759033203125,69.50042463786774,69.45938645244975,69.45938645244975,587700
2017-02-27,69.41007995605469,69.47574851861927,69.40187608260823,69.47574851861927,1030700
2017-02-28,69.37727355957031,69.44294214852906,69.37727355957031,69.41831799329486,1043500
2017-03-01,69.32302856445312,69.32302856445312,69.2901732971596,69.29838868060835,1541500
2017-03-02,69.2491226196289,69.290193282217,69.23269811449563,69.28197789639873,930300
2017-03-03,69.26559448242188,69.29023438799081,69.24095457685294,69.25737909172989,1569200
2017-03-06,69.28196716308594,69.29018254763147,69.26554266049719,69.2737517785404,684600
2017-03-07,69.25733947753906,69.27376398302144,69.2409149720567,69.26555486353196,652600
2017-03-08,69.19985961914062,69.23271490387806,69.19164423133006,69.19985961914062,862700
2017-03-09,69.19163513183594,69.21627502552239,69.18342601160978,69.20806590529624,862900
2017-03-10,69.2326889038086,69.2326889038086,69.19983363140983,69.20804901613513,784400
2017-03-13,69.19985961914062,69.23271490387806,69.19985961914062,69.2244995160675,884100
2017-03-14,69.19163513183594,69.23270579898268,69.19163513183594,69.19163513183594,966000
2017-03-15,69.32302856445312,69.33124394790188,69.19160749527904,69.20803826217654,1102800
2017-03-16,69.27375030517578,69.31482096052761,69.27375030517578,69.28196568954658,925700
2017-03-17,69.306640625,69.33128679057614,69.2902161144546,69.306640625,657800
2017-03-20,69.34768676757812,69.34768676757812,69.3066161059864,69.32304687722434,778000
2017-03-21,69.3804931640625,69.38870854389363,69.33121341807318,69.33942253140557,739000
2017-03-22,69.39695739746094,69.42981266910132,69.39695739746094,69.41338816653229,1028600
2017-03-23,69.39695739746094,69.42981266910132,69.37231751035621,69.41338816653229,868200
2017-03-24,69.39695739746094,69.42159728456565,69.3805328948919,69.38874827942757,1119700
2017-03-27,69.42160034179688,69.46267099978165,69.413391223402,69.43803111159183,943400
2017-03-28,69.38874053955078,69.44623569188268,69.37230977231218,69.43802030826338,782600
2017-03-29,69.42980194091797,69.42980194091797,69.40516205762057,69.40516205762057,1043900
2017-03-30,69.41339111328125,69.42981561654754,69.39696034351238,69.40517572839681,576900
2017-03-31,69.42160034179688,69.45445561488417,69.42160034179688,69.42981572669434,949900
2017-04-03,69.4857177734375,69.4857177734375,69.43640415410472,69.43640415410472,2146600
2017-04-04,69.46106719970703,69.46928195646257,69.44462514458259,69.46928195646257,927100
2017-04-05,69.46106719970703,69.48572401158701,69.42818936026484,69.4528461721448,1177000
2017-04-06,69.47746276855469,69.47746276855469,69.44458494814307,69.45280597094674,500800
2017-04-07,69.38707733154297,69.48571083116022,69.38707733154297,69.46105402395727,504000
2017-04-10,69.41997528076172,69.44463209510953,69.40353949479895,69.41175425237668,605700
2017-04-11,69.4857177734375,69.51037458310388,69.45283993694694,69.45283993694694,560800
2017-04-12,69.5350112915039,69.5350112915039,69.47747666197915,69.50213346451771,576200
2017-04-13,69.56794738769531,69.56794738769531,69.5186337413137,69.5268485018376,969900
2017-04-17,69.55973052978516,69.57617259343856,69.5432947369417,69.55973052978516,727700
2017-04-18,69.61720275878906,69.61720275878906,69.57611017813876,69.57611017813876,905300
2017-04-19,69.58438873291016,69.60904555584673,69.57616770166148,69.59260349334936,968300
2017-04-20,69.576171875,69.59260766767373,69.55972981151638,69.56795084325819,668300
2017-04-21,69.6090087890625,69.61722354516274,69.5843519791494,69.59256673524965,589800
2017-04-24,69.5350112915039,69.55145334039916,69.51035448896535,69.52679026705628,1001600
2017-04-25,69.46927642822266,69.5103752919565,69.46927642822266,69.5021542650485,905900
2017-04-26,69.49392700195312,69.51036278200496,69.46926392566779,69.49392700195312,594300
2017-04-27,69.51860046386719,69.55147830265334,69.50215840907083,69.50215840907083,785200
2017-04-28,69.55148315429688,69.55148315429688,69.50216325727399,69.51038428524564,1708200
2017-05-01,69.5037841796875,69.54491318936444,69.49555712267096,69.52023201831479,2918600
2017-05-02,69.5284423828125,69.54489649289526,69.50376749309265,69.50376749309265,982500
2017-05-03,69.47907257080078,69.52842233601169,69.47907257080078,69.52842233601169,923400
2017-05-04,69.47086334228516,69.48731745184541,69.45441550812899,69.46263628750502,817400
2017-05-05,69.49557495117188,69.49557495117188,69.46267299007077,69.4709000491979,615200
2017-05-08,69.46263885498047,69.47909296514891,69.44619102021636,69.47909296514891,633500
2017-05-09,69.42977905273438,69.45445395532971,69.42155199340007,69.4379998366611,802100
2017-05-10,69.44623565673828,69.46268350207423,69.42978781140233,69.46268350207423,665700
2017-05-11,69.45442962646484,69.47087746396443,69.4133006196078,69.4133006196078,545700
2017-05-12,69.5366439819336,69.54487103396322,69.50374204921708,69.50374204921708,470500
2017-05-15,69.5284423828125,69.53666943785387,69.51199454813404,69.51199454813404,751400
2017-05-16,69.5284423828125,69.54489649289526,69.50376749309265,69.52021532777111,611900
2017-05-17,69.60248565673828,69.6189334943303,69.56958370614882,69.57780448724212,663200
2017-05-18,69.56956481933594,69.60246676099315,69.56956481933594,69.60246676099315,829100
2017-05-19,69.58597564697266,69.59420269686278,69.55307372281253,69.59420269686278,503800
2017-05-22,69.56131744384766,69.57776527216943,69.56131744384766,69.56954449570948,478000
2017-05-23,69.5366439819336,69.58599374330736,69.51196910124672,69.5695459146501,1060200
2017-05-24,69.57779693603516,69.57779693603516,69.52022009760371,69.54490126442124,1055200
2017-05-25,69.57779693603516,69.586023991641,69.5613491002282,69.5613491002282,644300
2017-05-26,69.56956481933594,69.58601265246268,69.5613377650707,69.57778559819745,482100
2017-05-30,69.59425354003906,69.59425354003906,69.57779942823801,69.58602648413854,486600
2017-05-31,69.60248565673828,69.61070643783158,69.58603154374084,69.60248565673828,1043200
2017-06-01,69.58931732177734,69.58931732177734,69.55639046616285,69.55639046616285,1191800
2017-06-02,69.63865661621094,69.63865661621094,69.60572978322057,69.61396306150597,1068700
2017-06-05,69.58106994628906,69.59753651083928,69.58106994628906,69.59753651083928,661500
2017-06-06,69.60574340820312,69.62220996799718,69.59751640845857,69.61397668810015,688000
2017-06-07,69.58106994628906,69.59753651083928,69.57283666401396,69.58106994628906,765900
2017-06-08,69.56460571289062,69.58106599635214,69.55637243108289,69.56460571289062,2621000
2017-06-09,69.53992462158203,69.56461819128077,69.53169133829743,69.53992462158203,1255200
2017-06-12,69.53166198730469,69.55635554657968,69.52342870749555,69.52342870749555,804700
2017-06-13,69.53166198730469,69.53989526711382,69.51519542768642,69.51519542768642,533300
2017-06-14,69.56460571289062,69.63868640869836,69.54813914927517,69.6057595616214,788800
2017-06-15,69.53992462158203,69.54815162471156,69.53169133829743,69.54815162471156,627600
2017-06-16,69.57283020019531,69.58929676321567,69.55636991732867,69.55636991732867,685600
2017-06-19,69.53166198730469,69.54812226677055,69.51519542768642,69.53989526711382,617700
2017-06-20,69.53992462158203,69.54815162471156,69.51522477172823,69.51522477172823,751400
2017-06-21,69.54816436767578,69.56463093726207,69.52347079345256,69.52347079345256,1073600
2017-06-22,69.5563735961914,69.58930044381992,69.5563735961914,69.57283387992865,542000
2017-06-23,69.59754180908203,69.59754180908203,69.56461495762927,69.58107524327826,679000
2017-06-26,69.59754180908203,69.59754180908203,69.57284196037638,69.57284196037638,1068500
2017-06-27,69.5563735961914,69.56460687813706,69.53991331245417,69.5563735961914,1192500
2017-06-28,69.58931732177734,69.58931732177734,69.56462375010537,69.57285075389231,4031800
2017-06-29,69.54816436767578,69.56463093726207,69.53993736303885,69.53993736303885,565400
2017-06-30,69.54816436767578,69.572857941899,69.53170407824571,69.572857941899,825000
2017-07-03,69.49625396728516,69.5456803013212,69.48801414989944,69.5456803013212,968100
2017-07-05,69.52094268798828,69.53742231696482,69.4879897151721,69.49622952966038,3032900
2017-07-06,69.5374755859375,69.5374755859375,69.50452258787779,69.52099594433679,652900
2017-07-07,69.52916717529297,69.55388032817304,69.51268754994923,69.53740698796483,783100
2017-07-10,69.56216430664062,69.56216430664062,69.5456846708338,69.55392448873721,402500
2017-07-11,69.58683013916016,69.58683013916016,69.54563736280375,69.54563736280375,1615500
2017-07-12,69.61981964111328,69.63629298922025,69.59510647638355,69.61981964111328,1069900
2017-07-13,69.58683013916016,69.61154329091991,69.57859032686183,69.59506995145848,532200
2017-07-14,69.61981964111328,69.65277262246576,69.61157982449052,69.644532805843,1362300
2017-07-17,69.62805938720703,69.63629920456523,69.60334622027155,69.61158603762975,496700
2017-07-18,69.64452362060547,69.64452362060547,69.62804398953341,69.62804398953341,625500
2017-07-19,69.64452362060547,69.64452362060547,69.62804398953341,69.63628380506944,919000
2017-07-20,69.64452362060547,69.66099696653981,69.63628380506944,69.6527634361415,1083200
2017-07-21,69.6774673461914,69.6774673461914,69.65275418800232,69.65275418800232,589600
2017-07-24,69.65275573730469,69.66098926679294,69.64451592267942,69.64451592267942,441000
2017-07-25,69.61156463623047,69.62803798074319,69.59509129171775,69.6198044510554,571600
2017-07-26,69.6609878540039,69.66922766846207,69.61156153752876,69.61156153752876,493400
2017-07-27,69.64452362060547,69.66099696653981,69.63628380506944,69.64452362060547,475400
2017-07-28,69.68569946289062,69.68569946289062,69.65275277606429,69.6609863052025,709100
2017-07-31,69.6774673461914,69.68570087549651,69.66098771730744,69.66098771730744,876400
2017-08-01,69.7030258178711,69.7030258178711,69.66179842291127,69.66179842291127,1314500
2017-08-02,69.67003631591797,69.69477023358716,69.6617895798894,69.6617895798894,994200
2017-08-03,69.69477844238281,69.71127191638257,69.67829125880029,69.69477844238281,1149200
2017-08-04,69.67003631591797,69.69477023358716,69.67003631591797,69.6865234975586,617200
2017-08-07,69.69477844238281,69.69477844238281,69.6700445218004,69.67829125880029,712300
2017-08-08,69.69477844238281,69.69477844238281,69.66179778480053,69.69477844238281,747200
2017-08-09,69.68650817871094,69.75246947160649,69.68650817871094,69.72773555937444,734300
2017-08-10,69.71126556396484,69.73599948229338,69.71126556396484,69.71126556396484,959700
2017-08-11,69.80198669433594,69.80198669433594,69.73602536070442,69.73602536070442,737100
2017-08-14,69.74423217773438,69.78545956397828,69.73599173281836,69.7772128286463,405500
2017-08-15,69.71126556396484,69.72775274604498,69.70301882771645,69.71950600979658,432300
2017-08-16,69.75250244140625,69.76074917951995,69.69478785544656,69.69478785544656,655500
2017-08-17,69.76900482177734,69.78549200969078,69.73602415553155,69.75251134344501,581400
2017-08-18,69.7607421875,69.8102100303879,69.7607421875,69.80196958351823,674000
2017-08-21,69.77722930908203,69.80196952092125,69.76898886221974,69.76898886221974,928700
2017-08-22,69.76900482177734,69.77724527052462,69.74426460427883,69.77724527052462,1012100
2017-08-23,69.83493041992188,69.83493041992188,69.76897540565726,69.76897540565726,438300
2017-08-24,69.76900482177734,69.78549200969078,69.75251134344501,69.78549200969078,494800
2017-08-25,69.7937240600586,69.7937240600586,69.7442499258928,69.76899013818448,513700
2017-08-28,69.76900482177734,69.79373874885695,69.76900482177734,69.78549200969078,866300
2017-08-29,69.80198669433594,69.83496107073269,69.79373995502725,69.83496107073269,1181800
2017-08-30,69.81844329833984,69.81844329833984,69.78546264597136,69.80195611736373,665700
2017-08-31,69.81844329833984,69.81844329833984,69.79370938166754,69.81019656264365,582500
2017-09-01,69.80358123779297,69.82834249654015,69.7705788176677,69.81183499070869,943600
2017-09-05,69.86961364746094,69.87786740214601,69.8283574655759,69.83660492449081,851600
2017-09-06,69.86138153076172,69.87788274798552,69.83662026126869,69.86138153076172,1118700
2017-09-07,69.90264892578125,69.91090268360185,69.86964019027141,69.88614770591262,483000
2017-09-08,69.88616180419922,69.91091678688234,69.87790804471358,69.89440926791104,486800
2017-09-11,69.82010650634766,69.86961644490005,69.82010650634766,69.86136898565493,1052500
2017-09-12,69.78714752197266,69.82841003068926,69.78714752197266,69.81190250889266,1752600
2017-09-13,69.77059173583984,69.80359416207558,69.77059173583984,69.80359416207558,568300
2017-09-14,69.77884674072266,69.78710049605918,69.74583801514721,69.75409177048374,849400
2017-09-15,69.77059173583984,69.77883919451378,69.74583047250806,69.77883919451378,581600
2017-09-18,69.72932434082031,69.75407930663594,69.72932434082031,69.72932434082031,621600
2017-09-19,69.73760986328125,69.7541110827522,69.72935610565958,69.74585732513052,433300
2017-09-20,69.67985534667969,69.77062780517957,69.67985534667969,69.76237404646871,830900
2017-09-21,69.66336059570312,69.71287686126944,69.66336059570312,69.68811558059909,949800
2017-09-22,69.67985534667969,69.72936530739845,69.67985534667969,69.70461032703906,529800
2017-09-25,69.7210922241211,69.74584719761916,69.69633725062305,69.70459100704622,587700
2017-09-26,69.7045669555664,69.72932192052279,69.7045669555664,69.72106816694755,922400
2017-09-27,69.69635009765625,69.69635009765625,69.67984887753973,69.67984887753973,462400
2017-09-28,69.7045669555664,69.72106816694755,69.68805944841593,69.7045669555664,290800
2017-09-29,69.6881103515625,69.72937285380922,69.66335536852402,69.71287163037488,880700
2017-10-02,69.74011993408203,69.74011993408203,69.64926896846222,69.69056085205958,1087400
2017-10-03,69.69881439208984,69.71533618475944,69.66577710796828,69.68229890063789,1170200
2017-10-04,69.83100891113281,69.83100891113281,69.66582238317174,69.69059878706047,1180600
2017-10-05,69.68233489990234,69.69058949928399,69.6575521980947,69.6740739992998,2329400
2017-10-06,69.65753173828125,69.68231443280972,69.61623984983859,69.62450074801474,699200
2017-10-09,69.65753173828125,69.72360632125238,69.64927714132415,69.69882992794297,504000
2017-10-10,69.67404174804688,69.69055724038624,69.64926535892883,69.64926535892883,700800
2017-10-11,69.66576385498047,69.67402474974374,69.64098747190708,69.65750296021719,1205200
2017-10-12,69.65753173828125,69.67405353463356,69.64927714132415,69.64927714132415,1248900
2017-10-13,69.69881439208984,69.69881439208984,69.66577710796828,69.68229890063789,667800
2017-10-16,69.63277435302734,69.67407255396246,69.62451975381694,69.65755075310011,586700
2017-10-17,69.64098358154297,69.64098358154297,69.61620719985368,69.61620719985368,818800
2017-10-18,69.61619567871094,69.6244565716456,69.58315840818736,69.59141930112202,500100
2017-10-19,69.65753173828125,69.66579263645741,69.62450074801474,69.63275534497184,524300
2017-10-20,69.61619567871094,69.64097205629986,69.59967389284162,69.6244565716456,437100
2017-10-23,69.61619567871094,69.64097205629986,69.61619567871094,69.61619567871094,582200
2017-10-24,69.59970092773438,69.6244836161648,69.59970092773438,69.6244836161648,2554600
2017-10-25,69.58319854736328,69.62449673464444,69.58319854736328,69.58319854736328,1726900
2017-10-26,69.58319854736328,69.61623583694447,69.57493764966331,69.59971404154453,553700
2017-10-27,69.63277435302734,69.64103525345853,69.57496065245063,69.58322155288181,698100
2017-10-30,69.66576385498047,69.66576385498047,69.62447198359698,69.65750296021719,432400
2017-10-31,69.62448120117188,69.66577307802199,69.607959409458,69.66577307802199,626100
2017-11-01,69.61454772949219,69.61454772949219,69.58147985544544,69.58147985544544,840300
2017-11-02,69.63115692138672,69.6394191681647,69.58982045926238,69.63115692138672,1821000
2017-11-03,69.58981323242188,69.65594904212922,69.58981323242188,69.65594904212922,1300400
2017-11-06,69.63115692138672,69.63115692138672,69.59808901309897,69.59808901309897,947400
2017-11-07,69.59806060791016,69.63112850270184,69.59806060791016,69.63112850270184,747300
2017-11-08,69.58981323242188,69.62288113727554,69.58154467944397,69.58981323242188,726500
2017-11-09,69.58150482177734,69.6228412559306,69.57324258059018,69.58977337001886,769200
2017-11-10,69.55670166015625,69.61456888055689,69.55670166015625,69.61456888055689,619300
2017-11-13,69.54845428466797,69.58152217882846,69.54845428466797,69.57325993558027,632800
2017-11-14,69.56499481201172,69.56499481201172,69.54019546693372,69.5484577105889,2678000
2017-11-15,69.54017639160156,69.58977506815229,69.53190784315827,69.58977506815229,3981000
2017-11-16,69.54845428466797,69.54845428466797,69.50712414725929,69.52365494081158,3046700
2017-11-17,69.507080078125,69.55667873439106,69.507080078125,69.55667873439106,1339800
2017-11-20,69.48228454589844,69.53188320487413,69.48228454589844,69.53188320487413,557600
2017-11-21,69.46575927734375,69.49882715797283,69.45749073042315,69.49882715797283,584500
2017-11-22,69.52362823486328,69.54016532911913,69.49056035340509,69.50709744766093,900900
2017-11-24,69.52362823486328,69.57323321057733,69.50709744766093,69.57323321057733,626000
2017-11-27,69.52362823486328,69.54016532911913,69.49882890053301,69.51535968773536,1079000
2017-11-28,69.53189849853516,69.5484292861456,69.50709916359266,69.5484292861456,564300
2017-11-29,69.51536560058594,69.51536560058594,69.48230402336907,69.50710335980872,670600
2017-11-30,69.47406005859375,69.53192729978035,69.45752295707972,69.53192729978035,1010700
2017-12-01,69.48975372314453,69.53939906017732,69.44010207312381,69.48975372314453,1133000
2017-12-04,69.4483871459961,69.48148614584878,69.43184080256411,69.48148614584878,2441200
2017-12-05,69.44010162353516,69.47320061900535,69.41527895517947,69.47320061900535,1422200
2017-12-06,69.47320556640625,69.53112723435692,69.45665922398678,69.53112723435692,1175600
2017-12-07,69.48148345947266,69.48975978736301,69.45666078879005,69.48975978736301,1168200
2017-12-08,69.48148345947266,69.50630613015527,69.4732071315823,69.49802980226491,923000
2017-12-11,69.4483871459961,69.48976247405913,69.44011081778574,69.48976247405913,2432000
2017-12-12,69.4483871459961,69.45666347420644,69.42356447435375,69.4483871459961,992500
2017-12-13,69.5228271484375,69.5642024598294,69.4483591635155,69.50628081167245,1112400
2017-12-14,69.498046875,69.5063232049235,69.464947868296,69.5063232049235,1471900
2017-12-15,69.46495056152344,69.47322689176784,69.43185786652643,69.47322689176784,983800
2017-12-18,69.46495056152344,69.48150322201222,69.44840421402493,69.47322689176784,664900
2017-12-19,69.43187713623047,69.45669982086251,69.42360080368913,69.45669982086251,760000
2017-12-20,69.44010162353516,69.4566542777642,69.42355528229399,69.43183160940852,840100
2017-12-21,69.43513488769531,69.45169978406459,69.41856999132604,69.45169978406459,964500
2017-12-22,69.4102783203125,69.43512882272942,69.4102783203125,69.41856392780706,1050900
2017-12-26,69.40201568603516,69.426866196678,69.39373007579792,69.39373007579792,1185500
2017-12-27,69.43513488769531,69.43513488769531,69.41028438310776,69.41856999132604,1122300
2017-12-28,69.44342803955078,69.45170732860116,69.41857753226373,69.42685682131409,1108200
2017-12-29,69.45999908447266,69.4765703041758,69.45171347462109,69.46828469432423,1210700
2018-01-02,69.43513488769531,69.45998539228286,69.41028438310776,69.45998539228286,1786000
2018-01-03,69.43513488769531,69.45169978406459,69.41028438310776,69.42684927947703,1040900
2018-01-04,69.40201568603516,69.41858690650962,69.37716517539229,69.39373007579792,955400
2018-01-05,69.40201568603516,69.41030129627238,69.38545078562953,69.39373007579792,850600
2018-01-08,69.40201568603516,69.41858690650962,69.38545078562953,69.41858690650962,597700
2018-01-09,69.37715148925781,69.41857321220381,69.37715148925781,69.41857321220381,1551100
2018-01-10,69.40201568603516,69.40201568603516,69.36887956515507,69.40201568603516,789500
2018-01-11,69.37715148925781,69.41028760360109,69.37715148925781,69.39371638639567,1047900
2018-01-12,69.36884307861328,69.41855039382284,69.35227818692043,69.41855039382284,905000
2018-01-16,69.360595703125,69.37716060243876,69.3026090754242,69.3026090754242,2707400
2018-01-17,69.33573150634766,69.35230272396895,69.31916660879409,69.35230272396895,2950800
2018-01-18,69.3191909790039,69.33575588238111,69.3026260756267,69.3191909790039,1090700
2018-01-19,69.34402465820312,69.34402465820312,69.30260924978032,69.33573904849119,1052000
2018-01-22,69.31085968017578,69.3191452864378,69.29429478771753,69.3191452864378,973500
2018-01-23,69.35230255126953,69.35230255126953,69.31916643617718,69.31916643617718,885600
2018-01-24,69.33573150634766,69.34401711515831,69.31088099998345,69.34401711515831,865700
2018-01-25,69.3191909790039,69.33575588238111,69.28605485217955,69.32747659072749,757200
2018-01-26,69.2777099609375,69.34398215787847,69.2694306763683,69.34398215787847,990600
2018-01-29,69.25288391113281,69.26945512624944,69.23631901608299,69.26116951869113,1440100
2018-01-30,69.26118469238281,69.29432080980871,69.24461347363578,69.29432080980871,1708600
2018-01-31,69.26118469238281,69.2860352004352,69.2197629655834,69.2860352004352,2078700
2018-02-01,69.23297119140625,69.26614141901666,69.21638924088805,69.25784728047056,2243800
2018-02-02,69.24124908447266,69.25783103110037,69.19149691801697,69.22466713784493,1825500
2018-02-05,69.36567687988281,69.39055297783308,69.19982568258722,69.19982568258722,2019800
2018-02-06,69.31591796875,69.36567649094782,69.24958381677997,69.24958381677997,2386700
2018-02-07,69.26616668701172,69.30763106829427,69.23299644730095,69.25787254543994,2054000
2018-02-08,69.27439880371094,69.29927487957713,69.22464665197856,69.26610466956532,1178600
2018-02-09,69.3324966430664,69.40712492615623,69.25786203340121,69.27445031402698,3159900
2018-02-12,69.29930114746094,69.3158830954669,69.27442506216548,69.3158830954669,1592800
2018-02-13,69.29930114746094,69.29930114746094,69.26613092487597,69.28271919945499,1292800
2018-02-14,69.1998062133789,69.24127058268097,69.18322426160279,69.24127058268097,953400
2018-02-15,69.1749038696289,69.20807408716712,69.15832192414585,69.19149214168407,1452800
2018-02-16,69.1915054321289,69.21638151841779,69.1334591219304,69.1334591219304,728400
2018-02-20,69.18323516845703,69.19152930893993,69.16665321406674,69.16665321406674,1448400
2018-02-21,69.1915054321289,69.19979324317632,69.14174693297782,69.18321129450817,1540700
2018-02-22,69.1998062133789,69.20810035255423,69.16664230982666,69.1998062133789,839300
2018-02-23,69.21638488769531,69.2412609751951,69.19979661164636,69.21638488769531,753800
2018-02-26,69.22466278076172,69.27441494408595,69.22466278076172,69.24953886242383,1445800
2018-02-27,69.1749038696289,69.26612038621596,69.16661606017342,69.26612038621596,852300
2018-02-28,69.1915054321289,69.21638151841779,69.18321129450817,69.19979324317632,3721300
2018-03-01,69.28779602050781,69.3043950777214,69.1964853730811,69.22138712545188,2049900
2018-03-02,69.25460815429688,69.2712072154847,69.22970639596399,69.2712072154847,1716600
2018-03-05,69.25460815429688,69.28781260977483,69.22970639596399,69.2712072154847,1112200
2018-03-06,69.23802947998047,69.27122761213117,69.2297267803907,69.25462854605583,737300
2018-03-07,69.23802947998047,69.27122761213117,69.2297267803907,69.24632584646605,1231000
2018-03-08,69.25460815429688,69.26291085144194,69.23800909310906,69.2463054571518,608900
2018-03-09,69.22136688232422,69.25457132014186,69.21306418959507,69.22136688232422,669000
2018-03-12,69.25460815429688,69.26291085144194,69.22140369881892,69.25460815429688,1281200
2018-03-13,69.2712173461914,69.28782274291004,69.25461828257602,69.2712173461914,609900
2018-03-14,69.26289367675781,69.30439448598783,69.22968922951335,69.24628828658521,1525800
2018-03-15,69.2712173461914,69.28782274291004,69.2463155842167,69.25461828257602,1106600
2018-03-16,69.23802947998047,69.27122761213117,69.23802947998047,69.27122761213117,878500
2018-03-19,69.23802947998047,69.27122761213117,69.22142408080093,69.2297267803907,834900
2018-03-20,69.21309661865234,69.22970201189092,69.19649755851569,69.22139931527164,1074700
2018-03-21,69.26289367675781,69.27119003874337,69.17158303011074,69.18818208718258,2404500
2018-03-22,69.29608154296875,69.32098328916847,69.26287710366938,69.26287710366938,1954900
2018-03-23,69.31268310546875,69.32928215916976,69.27947866496724,69.29608405176774,1202800
2018-03-26,69.27953338623047,69.3127378529589,69.27123068627223,69.29613878614693,1729400
2018-03-27,69.3293228149414,69.34592821147955,69.27951929153335,69.27951929153335,1732600
2018-03-28,69.33763122558594,69.37083568829459,69.30442676287728,69.34593392453903,1899300
2018-03-29,69.36248016357422,69.36248016357422,69.31267667399293,69.31267667399293,2998600
2018-04-02,69.3824691772461,69.41571103087706,69.32429751845072,69.34922732361512,3047700
2018-04-03,69.34921264648438,69.37414878660657,69.32428284659613,69.36583673989917,3418600
2018-04-04,69.30768585205078,69.3658575159579,69.30768585205078,69.3658575159579,1717600
2018-04-05,69.32429504394531,69.33260709211518,69.30767728784063,69.30767728784063,1109600
2018-04-06,69.3824691772461,69.3824691772461,69.34092161538385,69.36585142054825,1097400
2018-04-09,69.37417602539062,69.37417602539062,69.33262211577204,69.34093416574305,1738000
2018-04-10,69.34093475341797,69.35755251326438,69.3160049435301,69.33262270337652,1218500
2018-04-11,69.34093475341797,69.35755251326438,69.32431065333506,69.34093475341797,985600
2018-04-12,69.29936218261719,69.31598627822358,69.29105013481399,69.31598627822358,791100
2018-04-13,69.28276824951172,69.29938601059719,69.2744561988505,69.28276824951172,1040900
2018-04-16,69.2744369506836,69.28274899903528,69.24950714586375,69.26612490233191,1155900
2018-04-17,69.2744369506836,69.2744369506836,69.24950714586375,69.26612490233191,892300
2018-04-18,69.21626281738281,69.2328805732567,69.20795076932838,69.22457486543723,971700
2018-04-19,69.21626281738281,69.2328805732567,69.19963872127396,69.22457486543723,1410800
2018-04-20,69.19132995605469,69.2162597588814,69.18301790836755,69.19963566350712,904800
2018-04-23,69.1830062866211,69.19131833291193,69.15807648798221,69.19131833291193,1861100
2018-04-24,69.19960021972656,69.19960021972656,69.14974063961101,69.15805268304075,1999400
2018-04-25,69.19132995605469,69.19963566350712,69.16640015322795,69.16640015322795,2176400
2018-04-26,69.20793914794922,69.21625119460789,69.18300934820711,69.21625119460789,2538700
2018-04-27,69.22457122802734,69.22457122802734,69.19963508517432,69.19963508517432,1443700
2018-04-30,69.19960021972656,69.2245363500158,69.19960021972656,69.2079122631563,1944700
2018-05-01,69.16886901855469,69.21047439148668,69.16886901855469,69.20215204728255,2027800
2018-05-02,69.19381713867188,69.20213313251438,69.16885011288365,69.18549479674246,1688600
2018-05-03,69.24372863769531,69.2520509784401,69.22708395620575,69.22708395620575,2961500
2018-05-04,69.21880340576172,69.26040243461365,69.21048106075564,69.24376409269072,1348100
2018-05-07,69.21880340576172,69.24376409269072,69.21880340576172,69.23544174768465,7560400
2018-05-08,69.22711944580078,69.22711944580078,69.2104811038675,69.21880344887876,9734900
2018-05-09,69.19381713867188,69.21045547444379,69.19381713867188,69.20213313251438,1009600
2018-05-10,69.19381713867188,69.2270938102157,69.19381713867188,69.2187778163732,937900
2018-05-11,69.19381713867188,69.21045547444379,69.19381713867188,69.21045547444379,710200
2018-05-14,69.19381713867188,69.20213313251438,69.18549479674246,69.20213313251438,1024700
2018-05-15,69.15221405029297,69.1771747288148,69.13556936588701,69.16053639249596,1087000
2018-05-16,69.15221405029297,69.16053639249596,69.14389170808998,69.15221405029297,704700
2018-05-17,69.16886901855469,69.17719136275882,69.1605530224392,69.17719136275882,1015700
2018-05-18,69.20214080810547,69.22710148857533,69.20214080810547,69.21046315095795,922800
2018-05-21,69.20214080810547,69.20214080810547,69.1855024704881,69.19382481334058,1286500
2018-05-22,69.20214080810547,69.21046315095795,69.1855024704881,69.19382481334058,793000
2018-05-23,69.2603530883789,69.28531375752408,69.2187540891652,69.2270700801571,1179600
2018-05-24,69.30198669433594,69.33526971612926,69.30198669433594,69.3103090368061,1384800
2018-05-25,69.36022186279297,69.37686019759914,69.35189952134662,69.35189952134662,611800
2018-05-29,69.5599136352539,69.59319665295963,69.41846557106946,69.41846557106946,2137500
2018-05-30,69.47672271728516,69.51000574143524,69.45176203619455,69.51000574143524,1674700
2018-05-31,69.44344329833984,69.47672632421782,69.41848261595338,69.46840398072631,5749300
2018-06-01,69.39008331298828,69.41508808400978,69.37341982332458,69.39841823666211,3230600
2018-06-04,69.33179473876953,69.38179795426788,69.33179473876953,69.36512809653912,1146300
2018-06-05,69.37345123291016,69.40678458501355,69.34011788080676,69.36511630546259,16965800
2018-06-06,69.34842681884766,69.36509030981102,69.34009189452374,69.34842681884766,4984700
2018-06-07,69.41509246826172,69.44841944969404,69.34009086582807,69.34009086582807,4351000
2018-06-08,69.39842224121094,69.42342065599097,69.38175875058569,69.39842224121094,2376000
2018-06-11,69.37345123291016,69.38178616035772,69.34011788080676,69.35678773570187,3759000
2018-06-12,69.34010314941406,69.35677300076765,69.34010314941406,69.34010314941406,3024700
2018-06-13,69.30677032470703,69.3567735214577,69.28177190517447,69.34010366997896,2351600
2018-06-14,69.33179473876953,69.3401296676339,69.3151312387287,69.32346616759307,1737400
2018-06-15,69.3650894165039,69.39008783146926,69.3567608499717,69.3650894165039,2663700
2018-06-18,69.38177490234375,69.38177490234375,69.3567764817442,69.36510505015352,1027000
2018-06-19,69.40678405761719,69.41511898500141,69.39011420284874,69.41511898500141,2348500
2018-06-20,69.37345123291016,69.40678458501355,69.36511630546259,69.39844965756599,1369300
2018-06-21,69.41509246826172,69.42342103477762,69.38175912914502,69.38175912914502,825200
2018-06-22,69.42341613769531,69.42341613769531,69.39841772454226,69.4150875717669,1154300
2018-06-25,69.44840240478516,69.45673732693976,69.42340399600415,69.43173891815876,721300
2018-06-26,69.44840240478516,69.45673732693976,69.43173891815876,69.44840240478516,3127700
2018-06-27,69.49010467529297,69.49843960152776,69.45677132803974,69.48176974905819,4012200
2018-06-28,69.49010467529297,69.50677452776254,69.46510625427452,69.50677452776254,1050000
2018-06-29,69.47340393066406,69.48173249474738,69.45673408713242,69.46506900889824,4904600
2018-07-02,69.4650650024414,69.49010245371862,69.44002118355196,69.49010245371862,3517800
2018-07-03,69.49012756347656,69.49012756347656,69.44839421785969,69.46509010315225,1330300
2018-07-05,69.4817886352539,69.4984781550972,69.45675117168128,69.4817886352539,1892600
2018-07-06,69.49845123291016,69.49845123291016,69.48176171953202,69.49845123291016,3113200
2018-07-09,69.45673370361328,69.4817711608891,69.45673370361328,69.47342321925925,1378700
2018-07-10,69.44837188720703,69.46506776713115,69.44002394724497,69.46506776713115,2161800
2018-07-11,69.4734115600586,69.4734115600586,69.44002616675574,69.46506998744239,953300
2018-07-12,69.4650650024414,69.4650650024414,69.44002118355196,69.44836912318178,1299000
2018-07-13,69.4817886352539,69.49013657898324,69.46509911541061,69.4817886352539,1241400
2018-07-16,69.4650650024414,69.4650650024414,69.44002118355196,69.45671706281159,1530600
2018-07-17,69.45673370361328,69.47342321925925,69.44838576198343,69.47342321925925,2830600
2018-07-18,69.44837188720703,69.46506776713115,69.44002394724497,69.46506776713115,972800
2018-07-19,69.4817886352539,69.51517404255586,69.44840322795196,69.44840322795196,1185300
2018-07-20,69.4817886352539,69.51517404255586,69.47344069152459,69.50682609882654,1730800
2018-07-23,69.4400634765625,69.48179683251736,69.4400634765625,69.47344888780317,1083100
2018-07-24,69.44837188720703,69.44837188720703,69.42333443493334,69.44837188720703,1563400
2018-07-25,69.42332458496094,69.45670997245988,69.42332458496094,69.44836203368226,682800
2018-07-26,69.42332458496094,69.44836203368226,69.39828713623963,69.44001409490463,2208500
2018-07-27,69.43169403076172,69.44838354587512,69.42334608939825,69.43169403076172,1425300
2018-07-30,69.43169403076172,69.44003560451165,69.42334608939825,69.43169403076172,4199600
2018-07-31,69.43169403076172,69.44838354587512,69.43169403076172,69.44838354587512,2525700
2018-08-01,69.43839263916016,69.44675445330915,69.42167538905754,69.43003720320654,9125200
2018-08-02,69.48019409179688,69.48019409179688,69.4551150279928,69.46347046379731,1911300
2018-08-03,69.4885482788086,69.50526552677802,69.4718246526446,69.4718246526446,1371200
2018-08-06,69.50525665283203,69.51361846484645,69.4968948408176,69.51361846484645,1148200
2018-08-07,69.48019409179688,69.49691134160116,69.46347046379731,69.49691134160116,927500
2018-08-08,69.4885482788086,69.49690371369603,69.48018646572659,69.49690371369603,1438200
2018-08-09,69.53034210205078,69.53034210205078,69.50526304189596,69.50526304189596,660700
2018-08-10,69.59722137451172,69.6055831869976,69.5637805027623,69.57214231524819,1496600
2018-08-13,69.58049774169922,69.59721498694257,69.56377411826233,69.57213592998077,1577400
2018-08-14,69.58049774169922,69.58049774169922,69.56377411826233,69.58049774169922,1285500
2018-08-15,69.61392211914062,69.63064574014803,69.58048763351104,69.59720487632583,775000
2018-08-16,69.59722137451172,69.61393862128938,69.58050412773407,69.59722137451172,988000
2018-08-17,69.62227630615234,69.63063811574044,69.60555906516805,69.61391449656425,783400
2018-08-20,69.66411590576172,69.66411590576172,69.63067502787379,69.64739227772012,761700
2018-08-21,69.64739990234375,69.64739990234375,69.63068265066731,69.63068265066731,1449900
2018-08-22,69.66411590576172,69.67247134158724,69.64739227772012,69.65575409174092,609800
2018-08-23,69.65576171875,69.6724789704268,69.64739990381361,69.66412353368639,702700
2018-08-24,69.66411590576172,69.66411590576172,69.63067502787379,69.63067502787379,2277200
2018-08-27,69.63902282714844,69.64737826129243,69.63066101481043,69.63066101481043,952800
2018-08-28,69.61392211914062,69.63064574014803,69.60556668682953,69.61392211914062,931800
2018-08-29,69.6055908203125,69.62230806892346,69.58886719350673,69.62230806892346,582200
2018-08-30,69.65576171875,69.65576171875,69.62232083720043,69.62232083720043,1657100
2018-08-31,69.67247009277344,69.68083190664437,69.66411465709768,69.67247009277344,4047500
2018-09-04,69.65655517578125,69.68167371844231,69.63143663312017,69.66492376451116,1358700
2018-09-05,69.65655517578125,69.66492376451116,69.63980522185008,69.65655517578125,846300
2018-09-06,69.68169403076172,69.70681258074488,69.66494407194791,69.67331905135482,5085900
2018-09-07,69.60633087158203,69.63982440043269,69.60633087158203,69.63982440043269,835500
2018-09-10,69.61469268798828,69.62306766567674,69.6063177102998,69.61469268798828,623800
2018-09-11,69.57282257080078,69.58957252578841,69.55607900404921,69.57282257080078,763700
2018-09-12,69.57282257080078,69.58957252578841,69.55607900404921,69.58957252578841,687600
2018-09-13,69.58121490478516,69.58958988436805,69.56447133385704,69.58121490478516,687200
2018-09-14,69.55609130859375,69.5644662875691,69.53934773888022,69.53934773888022,718500
2018-09-17,69.53938293457031,69.56450149597235,69.53938293457031,69.54775152954403,2312900
2018-09-18,69.53093719482422,69.55605573066497,69.5141872454411,69.55605573066497,860400
2018-09-19,69.51419067382812,69.52256564893274,69.49744711185316,69.51419067382812,659800
2018-09-20,69.53938293457031,69.53938293457031,69.49751440673995,69.49751440673995,945300
2018-09-21,69.52259826660156,69.54771681546592,69.5142232875677,69.52259826660156,1873300
2018-09-24,69.52259826660156,69.54771681546592,69.5142232875677,69.52259826660156,777100
2018-09-25,69.53093719482422,69.53093719482422,69.50581865898347,69.5141872454411,1217500
2018-09-26,69.53938293457031,69.55612651275818,69.52263296814199,69.52263296814199,1325900
2018-09-27,69.53938293457031,69.55612651275818,69.53938293457031,69.55612651275818,901900
2018-09-28,69.57282257080078,69.58957252578841,69.57282257080078,69.57282257080078,2340300
2018-10-01,69.55355834960938,69.58710719805904,69.55355834960938,69.57871838624949,3392500
2018-10-02,69.57869720458984,69.60385723357055,69.57030839533407,69.57030839533407,3058600
2018-10-03,69.54513549804688,69.57868433007563,69.51997547372166,69.56191311345397,1468200
2018-10-04,69.52837371826172,69.52837371826172,69.50321369052163,69.50321369052163,1245400
2018-10-05,69.51997375488281,69.51997375488281,69.49481373117966,69.51158494738667,1692100
2018-10-08,69.50321960449219,69.54515085469814,69.50321960449219,69.5199908248172,1601900
2018-10-09,69.52837371826172,69.53676252710386,69.51159610057746,69.52837371826172,2939000
2018-10-10,69.54513549804688,69.55352430575043,69.5032042571,69.5032042571,1956800
2018-10-11,69.57035064697266,69.6122883199346,69.55357941706218,69.57873946132315,2116100
2018-10-12,69.57035064697266,69.62067713428509,69.57035064697266,69.59551709002413,2273900
2018-10-15,69.59548950195312,69.60387191419028,69.5787118799029,69.60387191419028,1770500
2018-10-16,69.57035064697266,69.58712827567363,69.56196823141268,69.58712827567363,2148800
2018-10-17,69.57035064697266,69.60389950558411,69.5451906027117,69.58712827567363,1607400
2018-10-18,69.61226654052734,69.62065535225324,69.54516884429711,69.55355765602302,1329400
2018-10-19,69.57035064697266,69.60389950558411,69.56196823141268,69.60389950558411,4100700
2018-10-22,69.55355834960938,69.58710719805904,69.55355834960938,69.56194716141894,2028000
2018-10-23,69.59548950195312,69.654198381553,69.59548950195312,69.63742075950277,2864700
2018-10-24,69.70450592041016,69.70450592041016,69.62901943232912,69.62901943232912,2957300
2018-10-25,69.67931365966797,69.69608487215781,69.66253604839429,69.68769606652096,2679900
2018-10-26,69.72128295898438,69.77160942150049,69.71290054755448,69.72967176920162,3797300
2018-10-29,69.74649810791016,69.7548805251952,69.69617161024074,69.70456042631761,4785400
2018-10-30,69.71292114257812,69.7213035564844,69.68775470449157,69.7213035564844,5203700
2018-10-31,69.67931365966797,69.69608487215781,69.65415364154128,69.67092485403113,12635800
2018-11-01,69.71800994873047,69.72640711791378,69.68440204183875,69.70120279025821,3623600
2018-11-02,69.63398742675781,69.68440249244779,69.63398742675781,69.67599891315731,3723800
2018-11-05,69.6592025756836,69.66759974545295,69.64239541603837,69.66759974545295,2361000
2018-11-06,69.64234924316406,69.65075281741511,69.62554850471098,69.63394566891301,4431500
2018-11-07,69.6171875,69.63398824872641,69.60878392061034,69.62559107938966,1675000
2018-11-08,69.6087875366211,69.63399186604647,69.59198678702192,69.63399186604647,1332800
2018-11-09,69.64234924316406,69.6675535558682,69.61714493045994,69.61714493045994,1229500
2018-11-12,69.69281768798828,69.71802843238055,69.66761335365052,69.66761335365052,994300
2018-11-13,69.70117950439453,69.71798665725184,69.69277592796588,69.69277592796588,2990100
2018-11-14,69.75160217285156,69.79361365339443,69.70119352424167,69.70959710236065,3329800
2018-11-15,69.78522491455078,69.82723640402706,69.76842416479226,69.81042924421521,1952400
2018-11-16,69.83565521240234,69.85245596582446,69.8188480489255,69.83565521240234,1293200
2018-11-19,69.89443969726562,69.90283686561335,69.82722389017076,69.83562746857066,1547700
2018-11-20,69.87765502929688,69.90285936255596,69.86925785824667,69.8860586104013,2307600
2018-11-21,69.87765502929688,69.8860586104013,69.86085427714224,69.8860586104013,9309900
2018-11-23,69.86083221435547,69.90283728650354,69.86083221435547,69.90283728650354,1666200
2018-11-26,69.8692855834961,69.8692855834961,69.84407483017876,69.86088199905699,1764000
2018-11-27,69.87765502929688,69.8860586104013,69.85245069603779,69.86085427714224,1555200
2018-11-28,69.90282440185547,69.91963155565853,69.85241576054833,69.8692229143514,2986100
2018-11-29,69.91966247558594,69.94486680738538,69.90285531435039,69.93646322676761,2217300
2018-11-30,69.94488525390625,69.96168600951879,69.91127733262563,69.91968091545968,4712700
2018-12-03,69.88762664794922,69.92970349493511,69.88762664794922,69.90445610254254,2828800
2018-12-04,69.9381103515625,69.97177567642032,69.91286296317018,69.91286296317018,4062000
2018-12-06,70.00538635253906,70.10638224827144,70.00538635253906,70.03905165111652,4012200
2018-12-07,70.0811538696289,70.08957180257536,70.0054117361153,70.01382966906176,2079300
2018-12-10,70.0811538696289,70.13165504630612,70.05590649179103,70.07274235768394,9725100
2018-12-11,70.01387023925781,70.07278296201753,70.00545230143351,70.04753556954982,5675500
2018-12-12,70.00538635253906,70.03063372122237,70.00538635253906,70.00538635253906,4565500
2018-12-13,70.0727767944336,70.0727767944336,70.0391114671047,70.04752940418808,7531900
2018-12-14,70.11487579345703,70.1232937332004,70.07279893675351,70.08121045549022,4449200
2018-12-17,70.18216705322266,70.18216705322266,70.10642490109113,70.12325435011934,5815300
2018-12-18,70.22348022460938,70.23191019122432,70.1729132852807,70.1897667883301,6567000
2018-12-19,70.24034881591797,70.27406225943919,70.18135189730128,70.24034881591797,12278900
2018-12-20,70.23194122314453,70.25722470398036,70.2150812824651,70.24879473364064,7297300
2018-12-21,70.282470703125,70.282470703125,70.22347380257673,70.23190376842075,5548800
2018-12-24,70.34147644042969,70.34147644042969,70.29090949937289,70.29090949937289,4049100
2018-12-26,70.2740249633789,70.38359520421689,70.2740249633789,70.35831174253995,6207700
2018-12-27,70.34989929199219,70.40889619398496,70.34146932594177,70.34146932594177,4207700
2018-12-28,70.45101165771484,70.45101165771484,70.37516127695571,70.38359124043275,6740100
2018-12-31,70.47634887695312,70.51848586227952,70.41735195335025,70.43420546144432,4892300
2019-01-02,70.48471069335938,70.49314065511561,70.45942723826745,70.48471069335938,5380200
2019-01-03,70.6280517578125,70.6617587718947,70.48476801214416,70.49319798075571,5284600
2019-01-04,70.47634887695312,70.52691583141775,70.47634887695312,70.51848586227952,5969500
2019-01-07,70.42572021484375,70.51843051204845,70.42572021484375,70.50157701718275,3632600
2019-01-08,70.38362121582031,70.4257581907949,70.37519124875307,70.40047471977398,2061600
2019-01-09,70.4173583984375,70.44264187798393,70.38364494898126,70.38364494898126,4161900
2019-01-10,70.42572021484375,70.4847170921397,70.41729668249958,70.46786359727402,4037300
2019-01-11,70.46788024902344,70.48473374787166,70.45945028450988,70.46788024902344,2057100
2019-01-14,70.46788024902344,70.50159367689875,70.31617303867395,70.48473374787166,1872800
2019-01-15,70.49317169189453,70.5100316228301,70.46788822567079,70.50160165736231,3311300
2019-01-16,70.47634887695312,70.48477241590896,70.44263543058257,70.45948893867664,3262200
2019-01-17,70.46788024902344,70.48473374787166,70.44259678566166,70.47631021353699,2507700
2019-01-18,70.4089126586914,70.45104963843683,70.39205272264799,70.44262610059668,4135300
2019-01-22,70.46788024902344,70.46788024902344,70.43416682114812,70.44259678566166,4049800
2019-01-23,70.45101165771484,70.47630154814598,70.4257281974618,70.44258812441589,7921700
2019-01-24,70.5100326538086,70.52688615481098,70.48474275703546,70.50160268821756,2013000
2019-01-25,70.45944213867188,70.49315556264958,70.45101217513292,70.48472559911062,1603500
2019-01-28,70.46788024902344,70.4931637123852,70.45102031999633,70.45945028450988,5781000
2019-01-29,70.50157928466797,70.51000924746062,70.48471935908266,70.48471935908266,4065700
2019-01-30,70.59434509277344,70.59434509277344,70.48477478084718,70.50163471968935,3635000
2019-01-31,70.65328216552734,70.67013565990972,70.61956874658541,70.61956874658541,7267100
2019-02-01,70.57056427001953,70.63811361479672,70.57056427001953,70.62122305767238,7391200
2019-02-04,70.57056427001953,70.58744838528379,70.55367371289519,70.57900310672161,9052500
2019-02-05,70.57056427001953,70.59589366384596,70.56211899145735,70.56211899145735,3074100
2019-02-06,70.60433197021484,70.62121608381179,70.58744141475844,70.61277080608359,2689800
2019-02-07,70.65499877929688,70.67188289481186,70.6296693850943,70.6465535006093,2483100
2019-02-08,70.68031311035156,70.71408777604377,70.68031311035156,70.69720366412707,2459500
2019-02-11,70.65499877929688,70.67188289481186,70.6465535006093,70.65499877929688,3230700
2019-02-12,70.64656829833984,70.66345885925293,70.63812945974483,70.65501357879639,2366000
2019-02-13,70.59588623046875,70.62966089930106,70.59588623046875,70.60433150814168,3539200
2019-02-14,70.68878936767578,70.69723464826481,70.64656940659228,70.68034408708675,5773800
2019-02-15,70.65499877929688,70.67188289481186,70.65499877929688,70.67188289481186,3556400
2019-02-19,70.70565032958984,70.70565032958984,70.6718756601572,70.68876621580328,8248500
2019-02-20,70.69722747802734,70.72255687536385,70.68033691856236,70.69722747802734,2679800
2019-02-21,70.671875,70.68032027774416,70.6634361641153,70.68032027774416,2136700
2019-02-22,70.72257232666016,70.73945644795297,70.68879764221215,70.68879764221215,2640800
2019-02-25,70.71412658691406,70.71412658691406,70.68035190268489,70.69724246573064,2964300
2019-02-26,70.74788665771484,70.74788665771484,70.71411198046205,70.73099609815795,4570700
2019-02-27,70.73099517822266,70.73099517822266,70.69722694327007,70.72255634041497,2463500
2019-02-28,70.71412658691406,70.72257186843693,70.68879718420777,70.71412658691406,4136600
2019-03-01,70.666748046875,70.6921241081038,70.64982637023667,70.68366326978463,3697800
2019-03-04,70.68363189697266,70.70055356610033,70.65825584700697,70.6667166815708,6418800
2019-03-05,70.69207763671875,70.69207763671875,70.64977992665719,70.66670159217159,6175900
2019-03-06,70.74285888671875,70.74285888671875,70.69210677670392,70.69210677670392,4167300
2019-03-07,70.80209350585938,70.81055434469413,70.75980221914381,70.75980221914381,3215500
2019-03-08,70.82743072509766,70.83588510479638,70.79359384512793,70.81050905825032,2626900
2019-03-11,70.8105239868164,70.81898482202382,70.79360877012789,70.81898482202382,2213500
2019-03-12,70.83590698242188,70.84436781845866,70.81053092803843,70.81053092803843,3665600
2019-03-13,70.84437561035156,70.84437561035156,70.81899955317712,70.8274603901445,1174200
2019-03-14,70.86128997802734,70.86128997802734,70.82745953802021,70.84437475802378,1173300
2019-03-15,70.88665771484375,70.89511209621972,70.86973604463931,70.87819687974152,1570400
2019-03-18,70.8697509765625,70.88667265033226,70.86129013967762,70.8697509765625,1092000
2019-03-19,70.86128997802734,70.86975081489292,70.8359139211582,70.85283559488936,1000100
2019-03-20,70.96278381347656,70.97124464833364,70.86973399122694,70.86973399122694,2459400
2019-03-21,70.96278381347656,70.97970548319071,70.94586859748847,70.97970548319071,1371100
2019-03-22,71.08122253417969,71.09814420695234,71.01354875054349,71.01354875054349,3113600
2019-03-25,71.15736389160156,71.19965517008305,71.0896901015578,71.10660532220483,3572700
2019-03-26,71.14889526367188,71.1658104824667,71.10659753609413,71.12351920861609,2374600
2019-03-27,71.2081069946289,71.23348304925157,71.18273094000624,71.19964615851235,1872500
2019-03-28,71.19965362548828,71.20811446249216,71.16581673120045,71.19965362548828,1322700
2019-03-29,71.15736389160156,71.16581827506116,71.12352699657968,71.1404422172267,2277100
2019-04-01,71.08447265625,71.13532391025777,71.06751792735778,71.11837564769999,4381700
2019-04-02,71.118408203125,71.12687910511434,71.09297609814477,71.10145346647151,2662200
2019-04-03,71.08447265625,71.10142091880778,71.07599529180389,71.09294355436167,5005500
2019-04-04,71.10140991210938,71.10988727524317,71.08446165217524,71.10988727524317,1481200
2019-04-05,71.09294891357422,71.10142627865937,71.07600064973883,71.08447801482399,6617100
2019-04-08,71.07598114013672,71.10988412483641,71.0675037773785,71.09292939931998,2756400
2019-04-09,71.08447265625,71.11837564769999,71.08447265625,71.10142091880778,3661900
2019-04-10,71.143798828125,71.143798828125,71.11837320199548,71.11837320199548,2364300
2019-04-11,71.10140991210938,71.1268355351773,71.10140991210938,71.10988727524317,3379200
2019-04-12,71.05902862548828,71.07598335153222,71.05055772879966,71.05902862548828,1213300
2019-04-15,71.0675048828125,71.07598224570258,71.0505566233656,71.0505566233656,1021400
2019-04-16,71.05902862548828,71.06750598851025,71.03360300275573,71.05902862548828,1335700
2019-04-17,71.08447265625,71.08447265625,71.05904056291168,71.05904056291168,1600600
2019-04-18,71.10140991210938,71.11836463837695,71.09293254897558,71.10988727524317,1076800
2019-04-22,71.10990142822266,71.11837879304369,71.10142406340162,71.10990142822266,6156400
2019-04-23,71.143798828125,71.15226972594536,71.12684409981584,71.12684409981584,1824600
2019-04-24,71.1861572265625,71.20311195118241,71.17768633058535,71.1861572265625,3424400
2019-04-25,71.1861572265625,71.21158284715956,71.1861572265625,71.20311195118241,903000
2019-04-26,71.262451171875,71.262451171875,71.24549644472906,71.25397380830202,2275800
2019-04-29,71.23702239990234,71.25397065996567,71.22854503670395,71.23702239990234,1009300
2019-04-30,71.28787231445312,71.28787231445312,71.22854370583978,71.24549196558644,1876000
2019-05-01,71.22501373291016,71.36937073956153,71.21652709831368,71.26747281928063,1313600
2019-05-02,71.19111633300781,71.23357546027624,71.19111633300781,71.22508233915191,2138700
2019-05-03,71.2165756225586,71.24204850039831,71.19958938509782,71.2165756225586,1332300
2019-05-06,71.25901794433594,71.27600417933785,71.25053130518548,71.26751106183688,1312200
2019-05-07,71.2929916381836,71.30997787502062,71.28449851976508,71.28449851976508,2815200
2019-05-08,71.28446960449219,71.32692870101079,71.27598296786732,71.30994894941249,1474500
2019-05-09,71.32694244384766,71.37788818680704,71.31844932723781,71.34392219871751,1297000
2019-05-10,71.34395599365234,71.38641511846419,71.32697623073935,71.35244911428529,1558700
2019-05-13,71.4288330078125,71.45430587665311,71.41184677635268,71.42033989208258,2720800
2019-05-14,71.4288330078125,71.43731964519327,71.40335366062276,71.4288330078125,3785700
2019-05-15,71.47978973388672,71.5052626066432,71.4458237440947,71.5052626066432,1521800
2019-05-16,71.43730926513672,71.4542954941284,71.42882262898908,71.44580237963255,1046600
2019-05-17,71.45431518554688,71.4882811745424,71.42884231338773,71.47978805770602,1067900
2019-05-20,71.42034149169922,71.46280059295061,71.42034149169922,71.44581436111034,1095900
2019-05-21,71.38639068603516,71.41186356086286,71.37789756830904,71.40337044313674,1161500
2019-05-22,71.42034149169922,71.4373212451902,71.41184837577907,71.42883460761935,2067700
2019-05-23,71.5477294921875,71.5732023677134,71.47130438725894,71.47130438725894,2773800
2019-05-24,71.52224731445312,71.53922706981172,71.50526108074453,71.53073395295742,1019600
2019-05-28,71.58168029785156,71.58168029785156,71.53072807925969,71.54771431157347,1130400
2019-05-29,71.59017181396484,71.64961067441443,71.58168517557912,71.62413780255746,2632000
2019-05-30,71.64958953857422,71.65808265280447,71.58166405977617,71.60713692411893,1929400
2019-05-31,71.80245971679688,71.82793259054577,71.71754797818376,71.71754797818376,11965500
2019-06-03,71.93775939941406,71.97178692503878,71.83565734856491,71.86969136551463,4621900
2019-06-04,71.88670349121094,71.90372374496067,71.82714558573652,71.84416583948627,3320400
2019-06-05,71.92070007324219,72.00578182373201,71.91218995079677,71.9802579477172,14753000
2019-06-06,71.87821197509766,71.95478365590778,71.86970184678789,71.92925976230441,20687700
2019-06-07,71.9547348022461,72.0142926773258,71.92921092597216,71.99727892358368,13622500
2019-06-10,71.88670349121094,71.9122273805107,71.87819985566091,71.9122273805107,7611300
2019-06-11,71.86116790771484,71.87818815869483,71.84415414805865,71.85265778222485,2211800
2019-06-12,71.92070007324219,71.93772031813303,71.89517619722739,71.90368631967281,1147900
2019-06-13,71.997314453125,72.01432821526315,71.93775654865442,71.95477031079255,2450300
2019-06-14,71.97173309326172,71.98875333466867,71.94620922247145,71.95471934317492,1992200
2019-06-17,71.93775939941406,71.98029705210746,71.93775939941406,71.98029705210746,2105300
2019-06-18,71.94625854492188,72.03134682764824,71.94625854492188,72.02283670111068,5589200
2019-06-19,72.09937286376953,72.10788298611665,71.91218912006141,71.92920936475564,1893200
2019-06-20,72.13337707519531,72.1929349243886,72.12486695636235,72.15890094037547,1790100
2019-06-21,72.09937286376953,72.09937286376953,72.05683523467675,72.07384898804959,8008900
2019-06-24,72.14192962646484,72.16745350665764,72.11640574627205,72.11640574627205,1715700
2019-06-25,72.15898895263672,72.19302297816111,72.1164512892262,72.1504853147506,1742700
2019-06-26,72.07386779785156,72.12491556261388,72.06535767328349,72.12491556261388,1222000
2019-06-27,72.13337707519531,72.13337707519531,72.09083946366795,72.11636332884811,1276300
2019-06-28,72.13337707519531,72.15039731286123,72.10785321001515,72.12486695636235,4134200
2019-07-01,72.08738708496094,72.13852894668622,72.0618161540983,72.13852894668622,4197900
2019-07-02,72.13003540039062,72.14708052595732,72.09593864596631,72.10445795710419,4841200
2019-07-03,72.1470718383789,72.15559765178108,72.1300267148647,72.13854602497672,2176400
2019-07-05,72.00214385986328,72.03624059992133,71.97657293064178,72.03624059992133,1759500
2019-07-08,71.96804809570312,72.02771576579177,71.96804809570312,72.0191899548396,1587200
2019-07-09,71.94248962402344,71.99363149201587,71.94248962402344,71.99363149201587,1457300
2019-07-10,72.07037353515625,72.07037353515625,72.002180020792,72.02775096285572,1704800
2019-07-11,72.03626251220703,72.07035926263679,72.01921088534706,72.0618334492068,1227300
2019-07-12,72.04479217529297,72.06184380460327,72.01922123461863,72.02774704927377,871600
2019-07-15,72.06183624267578,72.07888136690632,72.0533104289153,72.06183624267578,1385800
2019-07-16,72.03626251220703,72.05330763577682,72.01069157520728,72.02773669877705,1350100
2019-07-17,72.10440063476562,72.10440063476562,72.03621368341594,72.04473298778105,1457500
2019-07-18,72.18966674804688,72.19818605489536,72.07885072613985,72.09590234641216,1426800
2019-07-19,72.11294555664062,72.14704229299602,72.09590044010667,72.12999717646207,864000
2019-07-22,72.12146759033203,72.14703851543783,72.12146759033203,72.13851270597351,823300
2019-07-23,72.10440063476562,72.12997805771826,72.09588133040053,72.11292644241651,1026900
2019-07-24,72.12146759033203,72.14703851543783,72.1044159714034,72.12146759033203,1364700
2019-07-25,72.07887268066406,72.10444361557353,72.05330174575461,72.10444361557353,1093800
2019-07-26,72.08738708496094,72.08738708496094,72.04476453133078,72.07886127357717,1003000
2019-07-29,72.08738708496094,72.11295801582358,72.08738708496094,72.08738708496094,930600
2019-07-30,72.09593200683594,72.11297713083297,72.08740619319224,72.10445131718929,933500
2019-07-31,72.08738708496094,72.15558056945373,71.96805173874284,72.13000963859109,2313300
2019-08-01,72.29236602783203,72.34359878567535,72.11303834568614,72.12157931027573,3099000
2019-08-02,72.30939483642578,72.3264702397522,72.27523751493003,72.2837784740147,2626500
2019-08-05,72.45455169677734,72.50579093158414,72.42039437852026,72.43747629506996,3154500
2019-08-06,72.48875427246094,72.48875427246094,72.42898055690264,72.46313789648543,3277800
2019-08-07,72.49729919433594,72.61684663197967,72.47168281696182,72.58268929053192,2352400
2019-08-08,72.47162628173828,72.48016072430744,72.4203870521151,72.47162628173828,1499000
2019-08-09,72.4289321899414,72.50578778139126,72.4289321899414,72.47163046461822,1833600
2019-08-12,72.5058364868164,72.53145286289335,72.48021359589306,72.48875455953417,2403500
2019-08-13,72.42041778564453,72.5058143663096,72.38626045634739,72.4972734052742,1839500
2019-08-14,72.51439666748047,72.54001305264744,72.4802393156416,72.4887802823135,3312800
2019-08-15,72.66802978515625,72.6765707434,72.54848242911288,72.54848242911288,4823000
2019-08-16,72.6595458984375,72.66808686338987,72.59123772336068,72.62539506832279,1886600
2019-08-19,72.58264923095703,72.61680655355278,72.56557382708073,72.59119019031675,1485500
2019-08-20,72.63386535644531,72.65948171382654,72.61678995647172,72.62533091387934,2015700
2019-08-21,72.56555938720703,72.6253330611444,72.55701842954689,72.59117574534564,2082500
2019-08-22,72.53141784667969,72.59119153361756,72.52287688716191,72.54849325087197,956200
2019-08-23,72.65100860595703,72.66808402034634,72.53999561046155,72.557077539698,2448900
2019-08-26,72.6168212890625,72.66805402593076,72.59120492062836,72.64243765749663,1768700
2019-08-27,72.64242553710938,72.65950094160162,72.59119280878929,72.59119280878929,2179600
2019-08-28,72.6595458984375,72.68516879329464,72.64247048338014,72.6595458984375,1944400
2019-08-29,72.62533569335938,72.65948649555405,72.61679473538967,72.65095205242642,3270600
2019-08-30,72.65100860595703,72.65954305572811,72.60831029771305,72.6253922269495,2543000
2019-09-03,72.70741271972656,72.76728915151291,72.64753628794023,72.6646410430042,4574300
2019-09-04,72.76729583740234,72.76729583740234,72.70741940011452,72.70741940011452,1455900
2019-09-05,72.60480499267578,72.6732371030756,72.57058893747588,72.6732371030756,2145200
2019-09-06,72.61334991455078,72.64756596469772,72.59624515249945,72.62190555859858,2485500
2019-09-09,72.53636169433594,72.5791268583583,72.53636169433594,72.56202209795808,2423900
2019-09-10,72.41663360595703,72.53638654792113,72.40807795980362,72.52783090176771,2262300
2019-09-11,72.41663360595703,72.45939878463227,72.41663360595703,72.41663360595703,3005000
2019-09-12,72.39949798583984,72.46793007998062,72.37383758204798,72.45937443670209,3319700
2019-09-13,72.27978515625,72.35676641030425,72.2626803862537,72.33966164030795,1951400
2019-09-16,72.33958435058594,72.33958435058594,72.30536832110346,72.32247959886487,3034100
2019-09-17,72.37382507324219,72.39092983079922,72.32250427452854,72.33105339028577,1397300
2019-09-18,72.33108520507812,72.45939378434127,72.32253608556057,72.41662860861719,3277800
2019-09-19,72.33958435058594,72.39946077067019,72.33958435058594,72.39946077067019,2399300
2019-09-20,72.41663360595703,72.44229401837136,72.3567506089291,72.3738619012359,2383300
2019-09-23,72.45935821533203,72.52779029415301,72.45935821533203,72.4679138566952,1537100
2019-09-24,72.53636169433594,72.57057121513635,72.4679296006478,72.4679296006478,3693100
2019-09-25,72.44227600097656,72.54491762510546,72.44227600097656,72.52781286309873,2860800
2019-09-26,72.47647857666016,72.52779937918336,72.47647857666016,72.49358333548687,871500
2019-09-27,72.51924896240234,72.544909365513,72.48503291624029,72.48503291624029,1691700
2019-09-30,72.55345916748047,72.55345916748047,72.50213836539083,72.51068748171045,2325600
2019-10-01,72.63485717773438,72.66055848796213,72.49778134437067,72.49778134437067,4668900
2019-10-02,72.7119369506836,72.74620752866953,72.67766637269764,72.68622911486084,2613000
2019-10-03,72.86617279052734,72.8833048163548,72.75479174508679,72.76336102622368,2441100
2019-10-04,72.85758209228516,72.86615137090304,72.81474223564018,72.83188079287594,1760800
2019-10-07,72.78050231933594,72.82334219402894,72.76337029132704,72.8147729118009,1611700
2019-10-08,72.82332611083984,72.85759669573608,72.77192350171836,72.83189539117534,2153300
2019-10-09,72.78050231933594,72.84047422203784,72.76337029132704,72.82334219402894,1472500
2019-10-10,72.69481658935547,72.78905906829509,72.69481658935547,72.78905906829509,3566900
2019-10-11,72.62627410888672,72.65198195068152,72.57487149818897,72.64341267008325,3068400
2019-10-14,72.63485717773438,72.65199574218431,72.6177251497316,72.63485717773438,1336700
2019-10-15,72.61772918701172,72.66913181032501,72.59202787535507,72.66056252762363,2470000
2019-10-16,72.65200805664062,72.66914008754728,72.62630020560826,72.65200805664062,1840700
2019-10-17,72.65200805664062,72.69484140213137,72.63486948928572,72.65200805664062,1641200
2019-10-18,72.67770385742188,72.71197445308344,72.66913457439453,72.66913457439453,1901600
2019-10-21,72.64338684082031,72.68622015568988,72.62624828571761,72.66908813703078,985500
2019-10-22,72.66911315917969,72.6776824396817,72.61771054905931,72.66054387867767,1192300
2019-10-23,72.66056060791016,72.69483120136276,72.65199786188252,72.68626191888777,1578600
2019-10-24,72.66056060791016,72.71196976631273,72.66056060791016,72.67769917286013,1228600
2019-10-25,72.61772918701172,72.67770109302641,72.60059062160894,72.67770109302641,982900
2019-10-28,72.59201049804688,72.60057324225096,72.56630265609672,72.59201049804688,2045000
2019-10-29,72.60913848876953,72.62627051267182,72.59200646486724,72.61770776894348,1768700
2019-10-30,72.65200805664062,72.66057080386982,72.57489757644005,72.60916817470161,1622500
2019-10-31,72.78050231933594,72.78907160156396,72.6948291063971,72.6948291063971,2719200
2019-11-01,72.73760986328125,72.78051391513539,72.70328269345502,72.75477017457527,3436200
2019-11-04,72.68611145019531,72.70327830769195,72.67753456868479,72.70327830769195,2509400
2019-11-05,72.63460540771484,72.66034914014223,72.60886167528746,72.66034914014223,2078400
2019-11-06,72.67753601074219,72.69469632134152,72.65179227122422,72.67753601074219,1237100
2019-11-07,72.59170532226562,72.6260324862128,72.54880127775945,72.6260324862128,2284900
2019-11-08,72.60030364990234,72.64321425045217,72.5917202203447,72.5917202203447,2300500
2019-11-11,72.61746215820312,72.62603903953604,72.59171187249139,72.61746215820312,1329600
2019-11-12,72.62599182128906,72.63457524427908,72.59166467656243,72.60883152254245,2647800
2019-11-13,72.66035461425781,72.67752146866015,72.6431943070921,72.66893804145899,1679800
2019-11-14,72.7290267944336,72.7547705351213,72.71186648305454,72.72044336512495,2754500
2019-11-15,72.70323944091797,72.720399742003,72.6946560167583,72.6946560167583,2456100
2019-11-18,72.73760986328125,72.74618674530916,72.72044300474904,72.73760986328125,1029100
2019-11-19,72.7290267944336,72.73761022374224,72.71186648305454,72.71186648305454,1630600
2019-11-20,72.76331329345703,72.78047359524436,72.73756956715876,72.74614644443514,1754200
2019-11-21,72.7290267944336,72.7547705351213,72.72044336512495,72.73761022374224,1288000
2019-11-22,72.7204360961914,72.74617983430583,72.70327578652764,72.73760295309275,3148100
2019-11-25,72.7290267944336,72.73761022374224,72.70328305374589,72.72044336512495,3597000
2019-11-26,72.76331329345703,72.77189671796798,72.74614644443514,72.76331329345703,1792200
2019-11-27,72.7204360961914,72.74617983430583,72.71185921497832,72.74617983430583,1090100
2019-11-29,72.74617004394531,72.74617004394531,72.70326600194124,72.71184942923674,1220200
2019-12-02,72.72382354736328,72.7839895492312,72.689442038067,72.70662951391395,4211500
2019-12-03,72.82694244384766,72.86991439714227,72.80974841644975,72.8183454301487,2036600
2019-12-04,72.7926254272461,72.81840993358311,72.76684092090909,72.80981291226881,2017700
2019-12-05,72.75822448730469,72.79260600578282,72.74962746828412,72.75822448730469,1965900
2019-12-06,72.73246002197266,72.75824452853256,72.70666895780681,72.71526597919542,2024400
2019-12-09,72.73246002197266,72.74964750714393,72.72386300058405,72.74964750714393,1482200
2019-12-10,72.69801330566406,72.74958227254193,72.69801330566406,72.74098525886227,1214100
2019-12-11,72.75822448730469,72.76682150632526,72.70664893078542,72.70664893078542,1223100
2019-12-12,72.68943786621094,72.77538835571751,72.64645934265664,72.77538835571751,1627400
2019-12-13,72.77538299560547,72.7925770268016,72.71521700162207,72.7495985064128,1630500
2019-12-16,72.73246002197266,72.74964750714393,72.70666895780681,72.74964750714393,1568800
2019-12-17,72.74960327148438,72.76679730380671,72.74100625532321,72.75820028764554,1764000
2019-12-18,72.75822448730469,72.75822448730469,72.72384296882655,72.74103044926355,1677400
2019-12-19,72.7728042602539,72.79002615810309,72.75558893063426,72.75558893063426,1464500
2019-12-20,72.7728042602539,72.78141520917849,72.74697798170966,72.76419331132931,1413600
2019-12-23,72.75560760498047,72.76421198788402,72.7383857027109,72.75560760498047,2008600
2019-12-24,72.76422882080078,72.78145072705438,72.72118719163227,72.72118719163227,895500
2019-12-26,72.79006958007812,72.79867396590602,72.77284767195543,72.79867396590602,1156900
2019-12-27,72.84172058105469,72.85033153492843,72.80728333379301,72.81589428766675,1388200
2019-12-30,72.86754608154297,72.88476798910307,72.83310883465602,72.83310883465602,1630700
2019-12-31,72.85891723632812,72.89335447475857,72.84170190122872,72.86752818799364,3025600
2020-01-02,72.89337158203125,72.92780882854375,72.86754528920518,72.89337158203125,2665200
2020-01-03,72.95362854003906,72.97085044585826,72.91058691195622,72.93641320245244,2039900
2020-01-06,72.92782592773438,72.95365222661587,72.90199962885288,72.94504783914518,1132100
2020-01-07,72.92782592773438,72.94504783914518,72.91921497202897,72.93643688343977,1103400
2020-01-08,72.89337158203125,72.95363512136981,72.88476719657801,72.93641978223016,1864300
2020-01-09,72.90198516845703,72.9192005082184,72.86754792070089,72.87615887469828,1424400
2020-01-10,72.91920471191406,72.93642662090166,72.91060032565406,72.91060032565406,1065900
2020-01-13,72.91061401367188,72.91921840154725,72.8933921014511,72.91921840154725,1275600
2020-01-14,72.91920471191406,72.94503757539546,72.91060032565406,72.91060032565406,2323400
2020-01-15,72.95362854003906,72.95362854003906,72.92780224954284,72.94502415536203,2467900
2020-01-16,72.95362854003906,72.95362854003906,72.92780224954284,72.94502415536203,1995100
2020-01-17,72.97946166992188,72.97946166992188,72.93642003780532,72.9450309915219,1592600
2020-01-21,72.99666595458984,73.00527690622759,72.9880550029521,72.9880550029521,2814600
2020-01-22,73.01390838623047,73.02251934106387,72.99669304479771,72.99669304479771,1878400
2020-01-23,73.03974151611328,73.07417877043481,73.02252617306985,73.03974151611328,6874100
2020-01-24,73.06554412841797,73.09137041640643,73.03971127219756,73.04832222427103,3717500
2020-01-27,73.14302062988281,73.16024253347348,73.12580529452387,73.15163158167815,1915500
2020-01-28,73.1086196899414,73.15166790206013,73.10001530210565,73.14305694598939,1233400
2020-01-29,73.17747497558594,73.17747497558594,73.1172114353942,73.13442677477758,1269100
2020-01-30,73.18608093261719,73.23773351547402,73.17746997939678,73.20329627082519,1348300
2020-01-31,73.28077697753906,73.29799231463451,73.22051344535637,73.22051344535637,4298900
2020-02-03,73.25922393798828,73.27647320225057,73.21611393466607,73.25922393798828,4133700
2020-02-04,73.181640625,73.19888331498744,73.15576672201618,73.1902586806595,1575300
2020-02-05,73.12989807128906,73.15576539513526,73.12989807128906,73.13852270546057,2229300
2020-02-06,73.14714050292969,73.14714050292969,73.12127318150118,73.12989123619887,1505800
2020-02-07,73.19027709960938,73.20752637260618,73.17303440528266,73.18165904178107,1408200
2020-02-10,73.22478485107422,73.25065218747523,73.20754215303073,73.23340948943172,982700
2020-02-11,73.19027709960938,73.20752637260618,73.17303440528266,73.19890173610777,1911200
2020-02-12,73.15575408935547,73.17300335503272,73.15575408935547,73.16437872219409,1400400
2020-02-13,73.17298889160156,73.19885620633717,73.16436426046769,73.18161352273543,1700700
2020-02-14,73.20748901367188,73.216113645769,73.19886438157477,73.20748901367188,1560000
2020-02-18,73.23338317871094,73.25062587055962,73.21614048686226,73.23338317871094,1669400
2020-02-19,73.24198913574219,73.24198913574219,73.1988725491124,73.2161218152313,1422800
2020-02-20,73.25922393798828,73.27647320225057,73.2333566202616,73.2333566202616,2051800
2020-02-21,73.319580078125,73.36269665827483,73.28508812973843,73.2937127615017,1798800
2020-02-24,73.44032287597656,73.46619020114754,73.43170482003201,73.44032287597656,2725200
2020-02-25,73.51791381835938,73.55240576988074,73.45755454786375,73.45755454786375,3027000
2020-02-26,73.56968688964844,73.59555422213597,73.48346025513314,73.50070295056798,3688200
2020-02-27,73.6558837890625,73.72486770029394,73.60414914497285,73.67313305620429,6008700
2020-02-28,73.92316436767578,73.95764973042668,73.82831317344792,73.85418048484368,9540700
2020-03-02,73.89298248291016,74.09159921874652,73.89298248291016,74.02251456382298,15009300
2020-03-03,74.18657684326172,74.28155999290844,73.92751272379108,73.94478059056115,7232300
2020-03-04,74.19518280029297,74.30744695591176,74.19518280029297,74.23836233526512,5711900
2020-03-05,74.35065460205078,74.38519692849499,74.3247495042864,74.35929183073061,3797200
2020-03-06,74.43696594238281,74.58377239562003,74.41106085895021,74.53195564048335,4378300
2020-03-09,74.84282684326172,74.84282684326172,74.58376943096157,74.7305692900921,44359800
2020-03-10,74.51470947265625,74.58379410743515,74.39381465592986,74.52334669907195,11970200
2020-03-11,74.42838287353516,74.5406405029102,74.41974564411379,74.52337263234314,7873200
2020-03-12,74.41107940673828,74.73059088801564,74.41107940673828,74.52334358062463,12312300
2020-03-13,74.50607299804688,74.54061531578488,74.22110381791344,74.30746290639517,9422400
2020-03-16,74.62696838378906,74.89466970122702,74.60970051892541,74.76513765579233,12123900
2020-03-17,74.45427703857422,74.72197181683964,74.37655516174814,74.68742949250301,10487800
2020-03-18,74.35929107666016,74.9378602151145,74.35929107666016,74.45428082634969,11907500
2020-03-19,74.4887924194336,74.72194478902843,74.45425010759133,74.45425010759133,12898400
2020-03-20,74.68742370605469,74.80831853772912,74.59243396855705,74.59243396855705,10683700
2020-03-23,74.77371978759766,74.89462111630732,74.74781471297031,74.87734667437626,9472000
2020-03-24,74.67013549804688,74.75648798453709,74.67013549804688,74.6960405851667,8366100
2020-03-25,74.75650024414062,74.80831042687683,74.68741560831003,74.68741560831003,6098000
2020-03-26,74.84282684326172,74.87736914922264,74.76511159605303,74.77374223133987,8381000
2020-03-27,74.8255615234375,74.86873446615022,74.71329737818726,74.86873446615022,37087900
2020-03-30,74.86011505126953,74.92056245074488,74.83420996410473,74.89465736358008,5650800
2020-03-31,74.84282684326172,74.93781653758647,74.84282684326172,74.88600637278068,5677600
2020-04-01,74.89127349853516,74.93449932087596,74.85668888285794,74.89127349853516,6923900
2020-04-02,74.90858459472656,74.93452141504662,74.89129557996084,74.90858459472656,5879700
2020-04-03,74.89127349853516,74.96043613354863,74.85668888285794,74.88262569553062,5018100
2020-04-06,74.83939361572266,74.88262603460018,74.83075240901995,74.85668922181007,4869100
2020-04-07,74.8221206665039,74.84805748486134,74.77888823834657,74.79618384814647,7881000
2020-04-08,74.86534881591797,74.89129223142095,74.8221229827649,74.8221229827649,4890600
2020-04-09,74.89127349853516,74.91721031120784,74.85668888285794,74.86533008952152,5400400
2020-04-13,74.89995574951172,74.89995574951172,74.86537111488252,74.89995574951172,3356200
2020-04-14,74.89995574951172,74.9172513649986,74.86537111488252,74.89131453811285,4712200
2020-04-15,74.92583465576172,74.96041266427197,74.9171868554647,74.94312366001685,4270000
2020-04-16,74.9431381225586,74.96042713015017,74.92584911496704,74.9431381225586,2383600
2020-04-17,74.91719818115234,74.95178279122987,74.91719818115234,74.9258459827567,3282700
2020-04-20,74.91719818115234,74.95178279122987,74.91719818115234,74.93448718802117,5969400
2020-04-21,74.93450927734375,74.95180488565089,74.91722026537846,74.94315708149732,3610300
2020-04-22,74.90858459472656,74.9258802058352,74.90858459472656,74.9258802058352,4836900
2020-04-23,74.89995574951172,74.92589917274205,74.89131453811285,74.90860355725516,3010000
2020-04-24,74.89995574951172,74.92589917274205,74.89995574951172,74.90860355725516,3117600
2020-04-27,74.89995574951172,74.90860355725516,74.87401892262596,74.89995574951172,4928800
2020-04-28,74.92583465576172,74.94312366001685,74.9171868554647,74.93447585971983,3706900
2020-04-29,74.91719818115234,74.95178279122987,74.91719818115234,74.94313498962552,4285700
2020-04-30,75.0468978881836,75.0468978881836,74.92585503645593,74.92585503645593,9557300
2020-05-01,74.9361343383789,74.95344430229216,74.91017599432594,74.95344430229216,5135000
2020-05-04,74.9361343383789,74.9707476643885,74.91883097628256,74.92747935642228,5813400
2020-05-05,74.92743682861328,74.9534017597458,74.92743682861328,74.94474678270163,4334000
2020-05-06,74.95347595214844,74.95347595214844,74.9275109953146,74.93616598092588,2007300
2020-05-07,75.0053482055664,75.02265156471336,74.94477654582842,74.95343152630977,2455600
2020-05-08,74.98802947998047,75.0486011273062,74.97937450127267,75.01398781428944,2690000
2020-05-11,74.96211242675781,74.99672576188425,74.93615407586766,74.99672576188425,4067600
2020-05-12,74.9793930053711,74.9793930053711,74.93612470296839,74.95343466465589,2670000
2020-05-13,74.9793930053711,75.0053513460863,74.97073802452734,74.98804798621484,3829400
2020-05-14,74.96211242675781,75.01403573035678,74.96211242675781,74.98807737946662,2284600
2020-05-15,75.0053482055664,75.02265156471336,74.99669322508504,75.01400318604776,1942800
2020-05-18,74.94477844238281,74.99669512295324,74.94477844238281,74.99669512295324,2761400
2020-05-19,74.98802947998047,74.98802947998047,74.9534161669637,74.9534161669637,2976500
2020-05-20,74.98802947998047,74.99667785687384,74.96206454385708,74.96206454385708,3497900
2020-05-21,74.9707260131836,74.9880359720978,74.9707260131836,74.9793809926407,3246300
2020-05-22,74.9707260131836,74.99668434973991,74.9707260131836,74.9880359720978,2592500
2020-05-26,74.9707260131836,74.9793809926407,74.95342265608437,74.96207103372649,4356200
2020-05-27,74.95347595214844,74.99673767656544,74.95347595214844,74.96212433594003,3507600
2020-05-28,74.98802947998047,74.98802947998047,74.9534161669637,74.96206454385708,3433400
2020-05-29,74.98802947998047,75.00533283558164,74.97071952256488,74.97071952256488,6903400
2020-06-01,74.9793701171875,74.99668746149183,74.96204616573159,74.98802548576387,6995500
2020-06-02,74.9793701171875,74.98802548576387,74.96204616573159,74.9793701171875,3869300
2020-06-03,74.91875457763672,74.96205124490696,74.91875457763672,74.96205124490696,4476300
2020-06-04,74.93608093261719,74.94474290997347,74.91010160770116,74.9274189552609,4350000
2020-06-05,74.91008758544922,74.91008758544922,74.88410826539621,74.90142560971435,4391300
2020-06-08,74.89278411865234,74.91876344351928,74.8754601639725,74.89278411865234,4200200
2020-06-09,74.91875457763672,74.92740994679954,74.901430625007,74.901430625007,7839900
2020-06-10,74.96207427978516,74.97939823773831,74.93609495000949,74.94475692898607,3146500
2020-06-11,74.92739868164062,74.97936392456491,74.92739868164062,74.97070194955235,3244500
2020-06-12,74.95343017578125,74.96208554890494,74.93610621522377,74.94476819550252,3356000
2020-06-15,74.93608093261719,74.9707222348895,74.93608093261719,74.95340488732975,3246000
2020-06-16,74.92739868164062,74.96203997453979,74.92739868164062,74.93606065665318,5306400
2020-06-17,74.95343017578125,74.95343017578125,74.93610621522377,74.93610621522377,3369600
2020-06-18,74.94475555419922,74.96207290468064,74.94475555419922,74.96207290468064,2027100
2020-06-19,74.96207427978516,74.97939823773831,74.94475692898607,74.95341890796264,3477600
2020-06-22,74.94475555419922,74.97073488349831,74.94475555419922,74.96207290468064,2597900
2020-06-23,74.96207427978516,74.96207427978516,74.94475692898607,74.95341890796264,2792100
2020-06-24,74.97074127197266,74.97074127197266,74.94476194045978,74.95342392001558,2110900
2020-06-25,74.97074127197266,74.97940325152845,74.96207929241686,74.96207929241686,1716500
2020-06-26,74.99671173095703,75.00537370948805,74.97073240251765,74.97073240251765,4109900
2020-06-29,75.01405334472656,75.01405334472656,74.98806740301693,74.99672938358681,2766100
2020-06-30,75.00537872314453,75.02269607421043,74.9967167440345,75.02269607421043,4443400
2020-07-01,74.980224609375,75.01489032536196,74.980224609375,75.01489032536196,4789400
2020-07-02,75.014892578125,75.014892578125,74.980226861097,74.99756302551573,2662800
2020-07-06,74.98888397216797,75.00622013405037,74.98888397216797,74.99755205310916,3406700
2020-07-07,75.00626373291016,75.00626373291016,74.98892756095078,74.99759564693046,2939000
2020-07-08,75.00626373291016,75.01492520707751,74.99759564693046,75.00626373291016,3454900
2020-07-09,75.0235595703125,75.0235595703125,74.99756193587159,75.00623001795502,2508600
2020-07-10,74.99755859375,75.03222430872952,74.99755859375,75.03222430872952,2447400
2020-07-13,74.99755859375,75.00622667544715,74.98889051205285,74.99755859375,2332100
2020-07-14,75.00626373291016,75.0235932930572,74.99759564693046,75.01492520707751,2112500
2020-07-15,75.014892578125,75.014892578125,74.98889494330636,74.99756302551573,4553200
2020-07-16,75.014892578125,75.03222874254372,75.014892578125,75.02356066033437,1750100
2020-07-17,75.0322494506836,75.0322494506836,75.00625180868987,75.02358136608193,2016200
2020-07-20,75.014892578125,75.03222874254372,75.0062311077251,75.03222874254372,3534600
2020-07-21,75.0322494506836,75.0322494506836,75.00625180868987,75.00625180868987,4017900
2020-07-22,75.0235595703125,75.03222765239593,75.01489148822908,75.03222765239593,3776600
2020-07-23,75.0235595703125,75.03222765239593,75.01489148822908,75.0235595703125,2263100
2020-07-24,75.0322494506836,75.0322494506836,75.01491328148025,75.02358136608193,3056000
2020-07-27,75.00626373291016,75.03226137903688,74.99759564693046,75.03226137903688,2250900
2020-07-28,75.0235595703125,75.03222765239593,75.01489148822908,75.01489148822908,3804400
2020-07-29,75.04090118408203,75.0495692675587,75.02357162893915,75.03223971241582,2551300
2020-07-30,75.06692504882812,75.06692504882812,75.04958887734502,75.04958887734502,2016900
2020-07-31,75.07556915283203,75.07556915283203,75.05823959717056,75.07556915283203,3229400
2020-08-03,75.07557678222656,75.07557678222656,75.04089103792626,75.05823060226177,2979500
2020-08-04,75.08424377441406,75.08424377441406,75.06690420995896,75.07557730000117,2871000
2020-08-05,75.0669174194336,75.075590511002,75.05824432786518,75.0669174194336,3037500
2020-08-06,75.0669174194336,75.08425698693993,75.05824432786518,75.0669174194336,1793300
2020-08-07,75.0582046508789,75.06687773786258,75.04953817952222,75.0582046508789,3944500
2020-08-10,75.04088592529297,75.05822548844712,75.03221283590148,75.05822548844712,2089800
2020-08-11,75.02352905273438,75.03220214088961,74.99751640389655,75.02352905273438,3345700
2020-08-12,75.00621032714844,75.01488341771287,74.99753723658401,75.00621032714844,4246900
2020-08-13,74.99751281738281,75.00618590512329,74.9888463452699,74.99751281738281,2073800
2020-08-14,75.00621032714844,75.02354989264758,74.99753723658401,75.00621032714844,2548600
2020-08-17,75.01486206054688,75.0235285330142,75.00618897245172,75.0235285330142,2655100
2020-08-18,75.02352905273438,75.03220214088961,75.01486258020702,75.01486258020702,2106500
2020-08-19,75.02352905273438,75.03220214088961,75.01486258020702,75.03220214088961,2064900
2020-08-20,75.02352905273438,75.04087522904484,75.02352905273438,75.03220214088961,2121000
2020-08-21,75.01486206054688,75.0408747092045,75.01486206054688,75.03220162110935,3337600
2020-08-24,75.00621032714844,75.03222298321201,75.00621032714844,75.02354989264758,2834100
2020-08-25,75.01486206054688,75.01486206054688,74.98884941188926,74.99751588435657,1986600
2020-08-26,75.01486206054688,75.01486206054688,74.99751588435657,75.01486206054688,2983300
2020-08-27,75.00621032714844,75.04089607377644,74.99753723658401,75.03222298321201,2609000
2020-08-28,75.03221130371094,75.04955748213969,75.02353821449655,75.02353821449655,3445500
2020-08-31,75.0582046508789,75.0582046508789,75.03219200555486,75.03219200555486,2357200
2020-09-01,75.03999328613281,75.04867128652731,75.03132190511315,75.03999328613281,3093600
2020-09-02,75.04866790771484,75.04866790771484,75.03131852708178,75.03131852708178,3682600
2020-09-03,75.03999328613281,75.06602066794146,75.03999328613281,75.04867128652731,2547200
2020-09-04,75.01397705078125,75.04868243814133,75.00529904909727,75.04000443645735,2904300
2020-09-08,75.02264404296875,75.03999342441489,75.02264404296875,75.03132204337923,2014700
2020-09-09,75.03134155273438,75.03134155273438,75.01398554740058,75.02266355006748,3009100
2020-09-10,75.02264404296875,75.03999342441489,75.01396604255827,75.01396604255827,2910000
2020-09-11,75.03999328613281,75.05734928692179,75.03132190511315,75.03132190511315,2109800
2020-09-14,75.03134155273438,75.04869093869164,75.03134155273438,75.04869093869164,1993000
2020-09-15,75.03999328613281,75.03999328613281,75.03132190511315,75.03132190511315,2013100
2020-09-16,75.04866790771484,75.04866790771484,75.02264052707798,75.03998990771105,2551200
2020-09-17,75.03134155273438,75.05736894135853,75.03134155273438,75.04869093869164,2494700
2020-09-18,75.03999328613281,75.05734928692179,75.03132190511315,75.04867128652731,2334200
2020-09-21,75.03134155273438,75.04869093869164,75.03134155273438,75.04869093869164,3969100
2020-09-22,75.04866790771484,75.04866790771484,75.03131852708178,75.03998990771105,2108400
2020-09-23,75.04866790771484,75.04866790771484,75.03131852708178,75.03998990771105,3298200
2020-09-24,75.03999328613281,75.04867128652731,75.03132190511315,75.03999328613281,2955200
2020-09-25,75.04866790771484,75.05734590771864,75.04866790771484,75.04866790771484,1786000
2020-09-28,75.05735778808594,75.05735778808594,75.04000178533117,75.05735778808594,2777700
2020-09-29,75.04866790771484,75.06601728834791,75.04866790771484,75.05734590771864,2568900
2020-09-30,75.05735778808594,75.05735778808594,75.04000178533117,75.05735778808594,3111800
2020-10-01,75.03997802734375,75.05734205532423,75.03997802734375,75.03997802734375,3890800
2020-10-02,75.04867553710938,75.05735755289224,75.03131812798131,75.04867553710938,3081300
2020-10-05,75.02261352539062,75.03997092929296,75.01393151222162,75.03997092929296,3139800
2020-10-06,75.02261352539062,75.03129553855963,75.01393151222162,75.02261352539062,2618100
2020-10-07,75.0139389038086,75.0139389038086,74.99658149819592,74.99658149819592,3613200
2020-10-08,75.0139389038086,75.0226209178331,75.00526351222042,75.0139389038086,1996700
2020-10-09,75.0139389038086,75.0226209178331,75.00526351222042,75.0226209178331,1977700
2020-10-12,75.03131866455078,75.03131866455078,75.00527923945361,75.01395463286086,2400900
2020-10-13,75.02261352539062,75.03997092929296,75.01393151222162,75.02261352539062,5330600
2020-10-14,75.02261352539062,75.03997092929296,75.02261352539062,75.02261352539062,8129500
2020-10-15,75.03997802734375,75.04866004133399,75.02262062179958,75.03130263578981,6851500
2020-10-16,75.03131866455078,75.03999405795803,75.02263664870583,75.03131866455078,1562100
2020-10-19,75.03131866455078,75.03131866455078,75.00527923945361,75.01395463286086,2499200
2020-10-20,75.02261352539062,75.03129553855963,75.01393151222162,75.02261352539062,1991800
2020-10-21,75.02261352539062,75.02261352539062,75.00525612148829,75.01393151222162,1788700
2020-10-22,74.99659729003906,75.0226367151593,74.99659729003906,75.01395469930664,3063300
2020-10-23,75.00529479980469,75.0226522126578,75.00529479980469,75.0139701950117,2014300
2020-10-26,75.0139389038086,75.0226209178331,75.00526351222042,75.0139389038086,2319200
2020-10-27,75.0139389038086,75.0313029318576,75.0139389038086,75.0226209178331,1982000
2020-10-28,75.0139389038086,75.0313029318576,75.0139389038086,75.0226209178331,4930200
2020-10-29,75.03131866455078,75.03131866455078,75.01395463286086,75.02263664870583,3688800
2020-10-30,75.02261352539062,75.03129553855963,75.00525612148829,75.03129553855963,3562300
2020-11-02,75.02174377441406,75.02174377441406,75.00437853488316,75.01305784193599,3642500
2020-11-03,75.00439453125,75.0130738401539,74.98702266258893,75.00439453125,1739600
2020-11-04,75.02174377441406,75.03911563937021,75.01305784193599,75.02174377441406,4432600
2020-11-05,75.00439453125,75.03044570881498,75.00439453125,75.02175977448444,4646000
2020-11-06,75.01309204101562,75.02177797745368,75.00441273000581,75.02177797745368,2479200
2020-11-09,74.98704528808594,74.98704528808594,74.96099410266066,74.97835935113463,5418600
2020-11-10,74.97834014892578,74.97834014892578,74.9609749048991,74.9609749048991,3162200
2020-11-11,74.96097564697266,74.96966158178546,74.95228971215987,74.96097564697266,2643200
2020-11-12,74.96967315673828,74.99572433977184,74.96967315673828,74.98703840361797,3915800
2020-11-13,74.96967315673828,74.99572433977184,74.96967315673828,74.98703840361797,3156800
2020-11-16,74.98704528808594,74.99573122503725,74.96968003961196,74.97835935113463,3752900
2020-11-17,74.97834014892578,74.9957120183794,74.97834014892578,74.97834014892578,3457900
2020-11-18,74.97834014892578,74.9957120183794,74.97834014892578,74.9870260836526,2325200
2020-11-19,74.99573516845703,75.00442110586506,74.987049231049,74.987049231049,1900700
2020-11-20,75.00439453125,75.0130738401539,75.00439453125,75.0130738401539,1784700
2020-11-23,75.00439453125,75.0130738401539,75.00439453125,75.00439453125,1640500
2020-11-24,75.01309204101562,75.01309204101562,75.00441273000581,75.00441273000581,2649500
2020-11-25,75.02174377441406,75.02174377441406,75.01305784193599,75.01305784193599,2449800
2020-11-27,75.02174377441406,75.03042970689214,75.02174377441406,75.02174377441406,1378900
2020-11-30,75.0391616821289,75.0391616821289,75.02178980651368,75.0391616821289,3375300
2020-12-01,74.99830627441406,75.01567815359101,74.98961702084635,75.0069889000233,6173900
2020-12-02,75.01567840576172,75.01567840576172,74.98961727292946,74.99830652652638,2297100
2020-12-03,75.03303527832031,75.03303527832031,75.0156567761373,75.0243460272288,2751900
2020-12-04,75.0243911743164,75.0243911743164,75.0070126616756,75.01570191799601,2825200
2020-12-07,75.04174041748047,75.04174041748047,75.02436853804167,75.02436853804167,3213900
2020-12-08,75.0243911743164,75.04176305899664,75.0243911743164,75.03308043063682,2559800
2020-12-09,75.01567840576172,75.02436765935865,75.01567840576172,75.02436765935865,2829000
2020-12-10,75.03303527832031,75.05040715254674,75.0243460272288,75.04171790145523,2977700
2020-12-11,75.07646942138672,75.07646942138672,75.0590975468957,75.06778679811956,1802200
2020-12-14,75.06781768798828,75.0765003148283,75.05912843318886,75.05912843318886,2805200
2020-12-15,75.06781768798828,75.0765003148283,75.05912843318886,75.06781768798828,1969300
2020-12-16,75.06781768798828,75.06781768798828,75.05912843318886,75.05912843318886,1444700
2020-12-17,75.06954193115234,75.0782344040515,75.05216361576815,75.0782344040515,2541200
2020-12-18,75.06082916259766,75.06951500196689,75.06082916259766,75.06082916259766,2924100
2020-12-21,75.06082916259766,75.06951500196689,75.0521366928167,75.06082916259766,2249100
2020-12-22,75.06082916259766,75.07820747174785,75.06082916259766,75.06082916259766,1928400
2020-12-23,75.07820892333984,75.07820892333984,75.06083061385365,75.06083061385365,2821600
2020-12-24,75.06082916259766,75.07820747174785,75.06082916259766,75.06082916259766,1039500
2020-12-28,75.06954193115234,75.06954193115234,75.05216361576815,75.05216361576815,1836400
2020-12-29,75.06954193115234,75.06954193115234,75.06085608866731,75.06954193115234,2010600
2020-12-30,75.07820892333984,75.07820892333984,75.06083061385365,75.06083061385365,1327500
2020-12-31,75.06954193115234,75.0782344040515,75.05216361576815,75.06954193115234,1949900
2021-01-04,75.07820892333984,75.08690139328887,75.06083061385365,75.06083061385365,2989300
2021-01-05,75.07820892333984,75.08690139328887,75.06083061385365,75.07820892333984,2529400
2021-01-06,75.0347900390625,75.06086746171114,75.01741172104518,75.05217498749492,2082000
2021-01-07,75.05216979980469,75.05216979980469,75.0260990093732,75.0434773261893,4207700
2021-01-08,75.04346466064453,75.04346466064453,75.02608634676146,75.02608634676146,2760300
2021-01-11,75.0347900390625,75.04348251327872,75.0261041952614,75.0347900390625,2545700
2021-01-12,75.0347900390625,75.0347900390625,75.01741172104518,75.01741172104518,4048300
2021-01-13,75.02607727050781,75.03476311119181,75.02607727050781,75.02607727050781,2021800
2021-01-14,75.0347900390625,75.04348251327872,75.0261041952614,75.0347900390625,3344000
2021-01-15,75.04346466064453,75.05215713279283,75.03477218849623,75.03477218849623,3148300
2021-01-19,75.06954193115234,75.06954193115234,75.03477866996984,75.03477866996984,3019500
2021-01-20,75.06082916259766,75.06951500196689,75.0521366928167,75.06082916259766,2392300
2021-01-21,75.06954193115234,75.0782344040515,75.05216361576815,75.06954193115234,1574700
2021-01-22,75.06954193115234,75.0782344040515,75.06954193115234,75.06954193115234,4095800
2021-01-25,75.07820892333984,75.07820892333984,75.06951645339082,75.06951645339082,2037500
2021-01-26,75.06954193115234,75.08692687695066,75.06954193115234,75.08692687695066,2015500
2021-01-27,75.06954193115234,75.09561934984981,75.06954193115234,75.08692687695066,3786800
2021-01-28,75.06082916259766,75.07820747174785,75.06082916259766,75.07820747174785,2429600
2021-01-29,75.0869140625,75.0869140625,75.06952911966863,75.07822159108431,3237800
2021-02-01,75.09558868408203,75.09558868408203,75.07820433897292,75.09558868408203,3266300
2021-02-02,75.06954193115234,75.08693291663984,75.06954193115234,75.08693291663984,2245400
2021-02-03,75.07820892333984,75.07820892333984,75.069513433897,75.069513433897,2219000
2021-02-04,75.07820892333984,75.07820892333984,75.069513433897,75.069513433897,1848200
2021-02-05,75.09558868408203,75.09558868408203,75.07820433897292,75.0868998278848,1495900
2021-02-08,75.08692169189453,75.08692169189453,75.07822620045067,75.07822620045067,2193100
2021-02-09,75.06954193115234,75.08693291663984,75.06954193115234,75.08693291663984,1930700
2021-02-10,75.07820892333984,75.08690441278267,75.069513433897,75.08690441278267,3016100
2021-02-11,75.07820892333984,75.08690441278267,75.07820892333984,75.08690441278267,2348600
2021-02-12,75.08692169189453,75.0956105506218,75.07822620045067,75.07822620045067,3364600
2021-02-16,75.06083679199219,75.07822777524468,75.05214793308267,75.06953228361843,3364200
2021-02-17,75.07820892333984,75.07820892333984,75.06081794445416,75.06081794445416,2307600
2021-02-18,75.07820892333984,75.08690441278267,75.06081794445416,75.07820892333984,2362300
2021-02-19,75.08692169189453,75.08692169189453,75.06953070900681,75.06953070900681,2113900
2021-02-22,75.06954193115234,75.07823742389608,75.06954193115234,75.07823742389608,3801600
2021-02-23,75.07820892333984,75.07820892333984,75.06081794445416,75.06081794445416,9025900
2021-02-24,75.06083679199219,75.06083679199219,75.04345244145641,75.05214793308267,2530000
2021-02-25,74.94781494140625,75.00867011168063,74.91303961086143,75.00867011168063,4956100
2021-02-26,75.04344940185547,75.04344940185547,74.96520987853846,74.99997857820172,5187500
2021-03-01,75.03649139404297,75.04518910178682,75.01909597855527,75.03649139404297,3366700
2021-03-02,75.05387115478516,75.05387115478516,75.03648237579446,75.03648237579446,5519200
2021-03-03,75.01042175292969,75.03650824761327,75.0017240432323,75.03650824761327,2406100
2021-03-04,75.01042175292969,75.02781053791587,75.0017240432323,75.01911282821847,2566100
2021-03-05,75.01042175292969,75.01042175292969,74.98433525824612,74.9930263335349,4413600
2021-03-08,74.98432922363281,75.00171800721957,74.9756315146354,75.00171800721957,2729700
2021-03-09,74.98432922363281,74.98432922363281,74.96693380563798,74.98432922363281,3255500
2021-03-10,75.01042175292969,75.01042175292969,74.97563754854872,74.98433525824612,2860000
2021-03-11,75.01042175292969,75.01911282821847,75.0017240432323,75.01911282821847,3578500
2021-03-12,75.001708984375,75.001708984375,74.98432020288016,74.99301127642393,1824700
2021-03-15,75.01042175292969,75.01042175292969,74.9930263335349,74.9930263335349,2273700
2021-03-16,75.01042175292969,75.01042175292969,74.9930263335349,75.0017240432323,1853600
2021-03-17,75.02777862548828,75.0538651090762,74.99299443590247,75.00169214190038,3413300
2021-03-18,75.01911163330078,75.01911163330078,74.98433406388237,75.00172284859158,4692000
2021-03-19,75.01911163330078,75.0365070524185,74.99302513903272,75.01042055815044,3276300
2021-03-22,75.01042175292969,75.01911282821847,75.01042175292969,75.01911282821847,2118500
2021-03-23,75.01911163330078,75.02780934285964,75.01911163330078,75.02780934285964,3241300
2021-03-24,75.03649139404297,75.04518910178682,75.02779368629912,75.03649139404297,2322600
2021-03-25,75.04521179199219,75.05390286795668,75.02781637124492,75.04521179199219,2771400
2021-03-26,75.04521179199219,75.05390286795668,75.03651408161855,75.03651408161855,3068700
2021-03-29,75.02777862548828,75.04517403748409,75.01908091949038,75.03647633148618,2182000
2021-03-30,75.02777862548828,75.02777862548828,75.01038984789828,75.01908091949038,2213800
2021-03-31,75.001708984375,75.01909776586986,75.001708984375,75.01909776586986,4481000
2021-04-01,75.0008544921875,75.01824710796588,75.0008544921875,75.0008544921875,3614300
2021-04-05,74.98344421386719,74.99214383841216,74.9573519761015,74.96605160064647,3118200
2021-04-06,75.0008544921875,75.00954748214158,74.99215486636321,74.99215486636321,2497100
2021-04-07,75.0095443725586,75.02694362348586,75.0095443725586,75.01824399802223,3509100
2021-04-08,75.0356216430664,75.0356216430664,75.01822903147897,75.02692865520699,2109800
2021-04-09,75.0095443725586,75.02694362348586,75.00085138296487,75.00085138296487,2496200
2021-04-12,74.99214935302734,75.00954196752704,74.98344972784264,75.00084897821205,1687100
2021-04-13,75.01822662353516,75.01822662353516,74.99213438905721,75.00083401250599,1237100
2021-04-14,75.01822662353516,75.01822662353516,75.00952700008638,75.00952700008638,1414000
2021-04-15,75.0356216430664,75.0356216430664,75.01822903147897,75.01822903147897,1843200
2021-04-16,75.02693939208984,75.02693939208984,75.00954014214385,75.00954014214385,1674900
2021-04-19,75.01822662353516,75.02692624698393,75.00952700008638,75.00952700008638,2063900
2021-04-20,75.0356216430664,75.04432126679441,75.01822903147897,75.02692865520699,2012700
2021-04-21,75.05302429199219,75.05302429199219,75.03562504374761,75.05302429199219,2061000
2021-04-22,75.04431915283203,75.04431915283203,75.02692654173454,75.03561952934908,4373500
2021-04-23,75.02693939208984,75.05303163113928,75.02693939208984,75.05303163113928,1535200
2021-04-26,75.0095443725586,75.02694362348586,75.0095443725586,75.02694362348586,1265800
2021-04-27,75.0008544921875,75.01824710796588,75.0008544921875,75.01824710796588,1473000
2021-04-28,75.01822662353516,75.02692624698393,75.00083401250599,75.00952700008638,2032700
2021-04-29,75.0356216430664,75.0356216430664,75.00952940775095,75.01822903147897,1552900
2021-04-30,75.04431915283203,75.04431915283203,75.02692654173454,75.02692654173454,2367400
2021-05-03,75.03739929199219,75.04609349303092,75.02869845415876,75.03739929199219,2910400
2021-05-04,75.03739929199219,75.05479433086435,75.03739929199219,75.03739929199219,1972900
2021-05-05,75.05477905273438,75.05477905273438,75.03738401740313,75.03738401740313,1301900
2021-05-06,75.05477905273438,75.06347988879666,75.04607821667209,75.06347988879666,1981300
2021-05-07,75.08085632324219,75.08955715714889,75.07216212612717,75.08085632324219,1950300
2021-05-10,75.05477905273438,75.07218072485895,75.05477905273438,75.06347988879666,2483700
2021-05-11,75.04605102539062,75.06345269121009,75.04605102539062,75.05475185830036,2630000
2021-05-12,75.03739929199219,75.03739929199219,75.01999761632533,75.01999761632533,4113100
2021-05-13,75.05477905273438,75.05477905273438,75.03738401740313,75.04607821667209,5495200
2021-05-14,75.05477905273438,75.06347988879666,75.05477905273438,75.05477905273438,3836400
2021-05-17,75.05477905273438,75.06347988879666,75.04607821667209,75.04607821667209,3861000
2021-05-18,75.0634765625,75.0634765625,75.05477572682328,75.0634765625,3419200
2021-05-19,75.03739929199219,75.07219600653121,75.03739929199219,75.07219600653121,5213300
2021-05-20,75.07217407226562,75.07217407226562,75.04607156639186,75.05477240168311,4011000
2021-05-21,75.05477905273438,75.07218072485895,75.05477905273438,75.07218072485895,1822400
2021-05-24,75.07217407226562,75.07217407226562,75.05477240168311,75.06347323697437,2565300
2021-05-25,75.07217407226562,75.08086827076414,75.06347323697437,75.07217407226562,2403900
2021-05-26,75.0895767211914,75.0895767211914,75.08087588501776,75.0895767211914,1810700
2021-05-27,75.0895767211914,75.0895767211914,75.07218168563755,75.08087588501776,1257900
2021-05-28,75.0895767211914,75.09827755736505,75.08087588501776,75.0895767211914,2054600
2021-06-01,75.07390594482422,75.0913033962653,75.07390594482422,75.07390594482422,2265800
2021-06-02,75.08258056640625,75.09127597009332,75.07387852500644,75.09127597009332,1234900
2021-06-03,75.05648040771484,75.07388449189776,75.05648040771484,75.0651824498063,1607800
2021-06-04,75.08258056640625,75.08258056640625,75.07387852500644,75.07387852500644,2060600
2021-06-07,75.07390594482422,75.07390594482422,75.06520390024609,75.07390594482422,1240100
2021-06-08,75.09131622314453,75.09131622314453,75.08262081479624,75.08262081479624,1504400
2021-06-09,75.07390594482422,75.10000544084343,75.07390594482422,75.10000544084343,2284000
2021-06-10,75.10000610351562,75.10000610351562,75.0652045626112,75.07390660726611,1736300
2021-06-11,75.08258056640625,75.09997801149314,75.08258056640625,75.09997801149314,1661000
2021-06-14,75.05648040771484,75.0825865339892,75.05648040771484,75.07388449189776,3526800
2021-06-15,75.04782104492188,75.0652184997466,75.04782104492188,75.0652184997466,12066300
2021-06-16,74.97819519042969,75.06519571357713,74.96949314680062,75.05649366994805,2094700
2021-06-17,74.97819519042969,74.9955926399734,74.96949314680062,74.9955926399734,2527100
2021-06-18,74.91728973388672,74.93468718240248,74.87378615602623,74.92599177700163,4317700
2021-06-21,74.9346923828125,74.9346923828125,74.8911954396474,74.89989084565173,5551300
2021-06-22,74.97819519042969,74.97819519042969,74.94339365362782,74.9520956972569,2681300
2021-06-23,74.92601776123047,74.96951471646157,74.92601776123047,74.96951471646157,2761200
2021-06-24,74.9346923828125,74.94339442653133,74.9259969768082,74.94339442653133,1273500
2021-06-25,74.92601776123047,74.94341521577964,74.92601776123047,74.94341521577964,1344300
2021-06-28,74.95210266113281,74.95210266113281,74.93469857225763,74.94340061669521,1484900
2021-06-29,74.94341278076172,74.95211482661175,74.9347107349117,74.9347107349117,1691200
2021-06-30,74.96083068847656,74.96083068847656,74.94342659356877,74.96083068847656,2585800
2021-07-01,74.94599914550781,74.95470250226256,74.93730242746912,74.95470250226256,2227100
2021-07-02,74.98081970214844,74.98081970214844,74.95471626580702,74.97212298251281,1863400
2021-07-06,75.00690460205078,75.01560795825283,74.9721044546739,74.9808011721603,3158600
2021-07-07,75.01560974121094,75.01560974121094,74.98950631070002,74.99820966710894,1723000
2021-07-08,75.0504150390625,75.05911839529871,75.03301496530572,75.03301496530572,1440800
2021-07-09,75.02433013916016,75.04173021721454,75.01562678077431,75.033033497546,1258000
2021-07-12,75.00690460205078,75.02431131445486,74.98950452836233,75.01560795825283,1271000
2021-07-13,74.94599914550781,74.97210921577205,74.94599914550781,74.97210921577205,2683300
2021-07-14,74.99823760986328,74.99823760986328,74.9808308905601,74.9808308905601,1696000
2021-07-15,75.00690460205078,75.00690460205078,74.98950452836233,75.00690460205078,1396300
2021-07-16,74.99823760986328,75.01563769044819,74.97213416962678,74.9808308905601,1851600
2021-07-19,75.03301239013672,75.07651589239343,75.03301239013672,75.0417091073588,9352500
2021-07-20,75.06781768798828,75.08522440105784,75.05041761363461,75.07652104452306,2405300
2021-07-21,75.04170989990234,75.05911661196122,75.03301318258842,75.05041325593179,2789500
2021-07-22,75.0504150390625,75.05911839529871,75.03301496530572,75.04171168282627,2295700
2021-07-23,75.05912780761719,75.05912780761719,75.04172109296196,75.04172109296196,1386800
2021-07-26,75.04170989990234,75.05911661196122,75.04170989990234,75.05911661196122,2259200
2021-07-27,75.05912780761719,75.06782452622829,75.05912780761719,75.06782452622829,1387000
2021-07-28,75.06781768798828,75.07652104452306,75.03301753928093,75.05912097016939,2438500
2021-07-29,75.06781768798828,75.06781768798828,75.05041761363461,75.05041761363461,1197600
2021-07-30,75.0852279663086,75.0852279663086,75.0678212524125,75.07652460936055,2019300
2021-08-02,75.11304473876953,75.12174930286886,75.09564225020785,75.09564225020785,3399900
2021-08-03,75.11304473876953,75.12174930286886,75.10434681430719,75.11304473876953,1221700
2021-08-04,75.08697509765625,75.1391892289936,75.0695726004239,75.12178673176125,1878600
2021-08-05,75.05219268798828,75.06089725981407,75.03479018397961,75.05219268798828,1400000
2021-08-06,75.02603912353516,75.0347436899673,75.02603912353516,75.02603912353516,2313700
2021-08-09,74.99993896484375,75.04345516136976,74.99993896484375,75.03475059413668,1862800
2021-08-10,74.97382354736328,75.00863517277665,74.97382354736328,74.99993060651364,1198100
2021-08-11,75.00865173339844,75.01734966194314,74.99124259702879,74.99124259702879,1837300
2021-08-12,75.00865173339844,75.00865173339844,74.99124259702879,74.99994716521361,1792800
2021-08-13,75.0173568725586,75.0260614415801,74.99995437415635,74.99995437415635,1333000
2021-08-16,75.03475189208984,75.05215438721764,75.0260473247062,75.03475189208984,1797100
2021-08-17,75.0173568725586,75.04347057962309,75.0173568725586,75.0260614415801,1579600
2021-08-18,75.0173568725586,75.0347660106016,74.99995437415635,75.0173568725586,2310100
2021-08-19,75.0173568725586,75.0347660106016,75.00865894317785,75.0347660106016,1780800
2021-08-20,75.0173568725586,75.0260614415801,75.00865894317785,75.0173568725586,1685300
2021-08-23,75.0173568725586,75.0173568725586,74.99995437415635,75.00865894317785,1532500
2021-08-24,75.00865173339844,75.01734966194314,74.99994716521361,75.01734966194314,1249900
2021-08-25,74.99993896484375,75.01734145967052,74.99123439761067,75.01734145967052,1319600
2021-08-26,74.99993896484375,75.01734145967052,74.99123439761067,74.99993896484375,2078600
2021-08-27,75.05219268798828,75.05219268798828,74.99127396449357,75.01738104032803,2774900
2021-08-30,75.069580078125,75.07827800778742,75.04347300985579,75.05217093951822,1438000
2021-08-31,75.06083679199219,75.06954135680571,75.06083679199219,75.06954135680571,2052200
2021-09-01,75.0547866821289,75.06348592310492,75.04608080051092,75.06348592310492,1324600
2021-09-02,75.0547866821289,75.06348592310492,75.04608080051092,75.0547866821289,1640100
2021-09-03,75.0547866821289,75.06348592310492,75.0547866821289,75.0547866821289,1136600
2021-09-07,75.02867126464844,75.0460830284013,75.02867126464844,75.0460830284013,1468700
2021-09-08,75.04605865478516,75.05476453383407,75.03735277573624,75.04605865478516,1607200
2021-09-09,75.06349182128906,75.06349182128906,75.03738081502539,75.03738081502539,1600700
2021-09-10,75.0373764038086,75.05478816738912,75.0373764038086,75.0373764038086,1380200
2021-09-13,75.0547866821289,75.0547866821289,75.04608080051092,75.04608080051092,1095900
2021-09-14,75.06349182128906,75.07219770359112,75.05479257962949,75.06349182128906,1422900
2021-09-15,75.06349182128906,75.06349182128906,75.04608669732744,75.05479257962949,1790500
2021-09-16,75.0373764038086,75.04608228559886,75.02867052201833,75.0373764038086,1095300
2021-09-17,75.01998901367188,75.02868825687632,75.01998901367188,75.02868825687632,2905000
2021-09-20,75.0373764038086,75.04608228559886,75.02867052201833,75.0373764038086,2407400
2021-09-21,75.0547866821289,75.06348592310492,75.04608080051092,75.04608080051092,1931300
2021-09-22,75.01124572753906,75.05476848443452,74.9938406091651,75.0373567254202,1606100
2021-09-23,74.96773529052734,74.99385293334089,74.96773529052734,74.98514705240304,2855800
2021-09-24,74.94160461425781,74.97642148822743,74.94160461425781,74.96771560957511,1462800
2021-09-27,74.93291473388672,74.95032649490882,74.93291473388672,74.94162061439778,1835300
2021-09-28,74.94160461425781,74.95031049291013,74.93289873560548,74.94160461425781,2489500
2021-09-29,74.96773529052734,74.96773529052734,74.9503301692931,74.9503301692931,3552100
2021-09-30,74.98514556884766,74.98514556884766,74.95032868642654,74.95032868642654,4498600
2021-10-01,75.02079772949219,75.02079772949219,74.99468340661225,75.00339039473423,3991700
2021-10-04,74.9859848022461,75.003398780437,74.9859848022461,74.99469179134154,12146800
2021-10-05,74.977294921875,74.98600191295726,74.96859457228098,74.977294921875,3590900
2021-10-06,74.96859741210938,74.96859741210938,74.95118342928521,74.96859741210938,3850200
2021-10-07,74.94248962402344,74.95119661696752,74.93378927256902,74.95119661696752,2452100
2021-10-08,74.91633605957031,74.9511573716241,74.90763571267149,74.9511573716241,1969600
2021-10-11,74.85541534423828,74.89894365335326,74.85541534423828,74.88152967311227,2012100
2021-10-12,74.89025115966797,74.89895815147386,74.86413682573905,74.89025115966797,1945700
2021-10-13,74.86414337158203,74.87285036414924,74.84673602793698,74.84673602793698,2764300
2021-10-14,74.86414337158203,74.88155071522708,74.81191469915753,74.87285036414924,3496500
2021-10-15,74.82059478759766,74.85541610694693,74.8031874486668,74.83800876801608,2839800
2021-10-18,74.76838684082031,74.79450117719428,74.75097949706748,74.76838684082031,2968700
2021-10-19,74.79450225830078,74.81191624379474,74.79450225830078,74.79450225830078,1838600
2021-10-20,74.82059478759766,74.82059478759766,74.81189443887602,74.81189443887602,2360700
2021-10-21,74.73356628417969,74.76838761353466,74.72485929146858,74.75968062082354,2117400
2021-10-22,74.71615600585938,74.71615600585938,74.66392069313366,74.70744901349022,3414900
2021-10-25,74.75096893310547,74.75966928300763,74.72484795893355,74.72484795893355,1990400
2021-10-26,74.73356628417969,74.7422732768908,74.71615894024694,74.73356628417969,2870300
2021-10-27,74.71615600585938,74.75097733384678,74.66392069313366,74.74227034147762,4373600
2021-10-28,74.7248306274414,74.75965194343911,74.68130896355947,74.69001595293064,2970000
2021-10-29,74.73356628417969,74.75968062082354,74.65522327424813,74.67263061818088,3957900
2021-11-01,74.69963073730469,74.7170403153923,74.67350640666045,74.69092262708995,5050500
2021-11-02,74.77796936035156,74.78667746888452,74.73443546002741,74.75185167709331,2187800
2021-11-03,74.76058197021484,74.7779915501063,74.69093036596391,74.76058197021484,3242400
2021-11-04,74.83021545410156,74.86504125088518,74.80409776709924,74.80409776709924,3545800
2021-11-05,74.86503601074219,74.87374411991397,74.80409253122195,74.81280064039373,2946700
2021-11-08,74.77796936035156,74.838912835401,74.76926125181862,74.83020472686805,2292900
2021-11-09,74.82149505615234,74.83890462896859,74.81278694857428,74.82149505615234,1938700
2021-11-10,74.67349243164062,74.7344359070546,74.67349243164062,74.71702633222517,5382400
2021-11-11,74.62125396728516,74.66478786606261,74.62125396728516,74.65607975783905,1839100
2021-11-12,74.68219757080078,74.69961378727838,74.65607988842477,74.68219757080078,3130800
2021-11-15,74.67349243164062,74.6909086488107,74.64737474822616,74.6909086488107,2433500
2021-11-16,74.67349243164062,74.68220054022567,74.58643127281218,74.6560828568112,1722500
2021-11-17,74.69963073730469,74.69963073730469,74.65609682857284,74.66480493878758,1445900
2021-11-18,74.69090270996094,74.70831228340609,74.67348649417566,74.68219460206831,1620300
2021-11-19,74.67349243164062,74.76926169905411,74.67349243164062,74.75185212422467,2791100
2021-11-22,74.58641052246094,74.62123630477171,74.56900095247494,74.60382673478573,3126600
2021-11-23,74.58641052246094,74.61252819860933,74.57770905863734,74.59511862862333,2892300
2021-11-24,74.56903076171875,74.57773887136224,74.54291307512972,74.56032265207526,1613400
2021-11-26,74.71699523925781,74.77793868931059,74.71699523925781,74.72570334421903,2842700
2021-11-29,74.7518539428711,74.7518539428711,74.69091046597441,74.70832004122741,3767900
2021-11-30,74.69090270996094,74.83890733243516,74.66478502862314,74.79538007765221,6358600
2021-12-01,74.69962310791016,74.69962310791016,74.57766507126787,74.62993090233898,10046200
2021-12-02,74.60380554199219,74.6473648364391,74.57767262381013,74.63865164830666,4117900
2021-12-03,74.64734649658203,74.66476622235187,74.5602279290921,74.5689411150838,2931600
2021-12-06,74.58637237548828,74.62992501587414,74.56894600236274,74.62121847552537,4120400
2021-12-07,74.49053955078125,74.5340921866586,74.49053955078125,74.52538564721112,4194600
2021-12-08,74.51667022705078,74.51667022705078,74.46440440707991,74.47311094626632,2396700
2021-12-09,74.49053955078125,74.5340921866586,74.49053955078125,74.50795927588952,1829300
2021-12-10,74.525390625,74.57765645002914,74.49925106627167,74.51667743875723,1854400
2021-12-13,74.56895446777344,74.5863808428773,74.51668863489135,74.52540182244329,2589400
2021-12-14,74.525390625,74.55152353751457,74.525390625,74.525390625,3931700
2021-12-15,74.551513671875,74.551513671875,74.45568857452658,74.51666757772895,5859800
2021-12-16,74.61076354980469,74.61076354980469,74.56720175188147,74.56720175188147,2523500
2021-12-17,74.57591247558594,74.62819594139927,74.55848908538928,74.60205753229845,2459300
2021-12-20,74.59332275390625,74.64559955825999,74.59332275390625,74.61946115608312,5130600
2021-12-21,74.54978942871094,74.56721947011103,74.52365101422386,74.55850444941098,2031700
2021-12-22,74.54106140136719,74.5584847905602,74.52363136456287,74.54976977215804,3726000
2021-12-23,74.5323486328125,74.54106365147773,74.51491859548204,74.54106365147773,1919700
2021-12-27,74.50618743896484,74.50618743896484,74.4800490385743,74.48875740696484,2270700
2021-12-28,74.50618743896484,74.52361082335538,74.49747242296485,74.50618743896484,3464800
2021-12-29,74.49749755859375,74.51492094886298,74.48878253965329,74.49749755859375,3110300
2021-12-30,74.54106140136719,74.54106140136719,74.49749295696772,74.50620797536986,1619100
2021-12-31,74.5323486328125,74.55848704119668,74.50621022442832,74.54977202253146,2649500
2022-01-03,74.44522094726562,74.46264433758333,74.4277909093362,74.45392931861862,5301700
2022-01-04,74.48877716064453,74.48877716064453,74.4452153643113,74.4452153643113,2759300
2022-01-05,74.3929214477539,74.46262828922478,74.38421307827777,74.46262828922478,2851800
2022-01-06,74.3319320678711,74.3580704723797,74.31450868073553,74.34936210261716,3526800
2022-01-07,74.31453704833984,74.3406754628261,74.2883986338536,74.30582202764009,2658000
2022-01-10,74.27093505859375,74.3057884780432,74.27093505859375,74.29707346127833,4347300
2022-01-11,74.29707336425781,74.29707336425781,74.2186581563065,74.22737317305999,15869300
2022-01-12,74.27093505859375,74.3057884780432,74.27093505859375,74.3057884780432,7286200
2022-01-13,74.3057861328125,74.31450114930232,74.2796477309529,74.28836274744272,3739100
2022-01-14,74.20994567871094,74.27965251990388,74.20994567871094,74.27965251990388,2064800
2022-01-18,74.09668731689453,74.1489641312294,74.087972298635,74.14024911296987,3257300
2022-01-19,74.13155364990234,74.16640708139789,74.12283863012537,74.12283863012537,3753500
2022-01-20,74.11412048339844,74.131550522217,74.10541211160123,74.12283550280772,2762400
2022-01-21,74.17510223388672,74.2099556591706,74.16639386327411,74.19253227033424,5322600
2022-01-24,74.21867370605469,74.27095052230823,74.19253529792793,74.2099586874753,7835800
2022-01-25,74.18383026123047,74.24482210427021,74.18383026123047,74.22739871237843,4657100
2022-01-26,74.05314636230469,74.21869853263425,74.0357229669291,74.19256011576404,10878900
2022-01-27,73.99213409423828,74.02698752298781,73.97471070366942,73.99213409423828,7524900
2022-01-28,74.01829528808594,74.0357253316319,73.98344849622174,73.99215687038085,4613200
2022-01-31,74.01829528808594,74.0357253316319,73.97473347444877,74.00087189215384,7218500
2022-02-01,74.0121841430664,74.03832963559185,73.96861053866171,74.03832963559185,13138500
2022-02-02,74.02960968017578,74.05575516944347,74.02089230061578,74.03832041032346,5492000
2022-02-03,73.96858215332031,73.99472763581247,73.95114739871846,73.99472763581247,3620800
2022-02-04,73.82044219970703,73.86402245384036,73.78558597569622,73.86402245384036,9404700
2022-02-07,73.8378677368164,73.84658511643669,73.80300486774769,73.8378677368164,3555700
2022-02-08,73.75940704345703,73.81170465930468,73.75940704345703,73.80298728176162,14355600
2022-02-09,73.75067901611328,73.7942525947863,73.74196164061499,73.78554186869724,2976900
2022-02-10,73.37593841552734,73.61125444450391,73.37593841552734,73.60253706582725,5892000
2022-02-11,73.6025619506836,73.6025619506836,73.42825421468729,73.49797996885137,5432400
2022-02-14,73.4456787109375,73.49797634869158,73.4021051037916,73.45439609213211,4375400
2022-02-15,73.4718246459961,73.48925275749903,73.42824439311924,73.44567250462218,2127700
2022-02-16,73.56771087646484,73.57642160928512,73.48055035294716,73.49798511741645,3335200
2022-02-17,73.61126708984375,73.61126708984375,73.55897610762428,73.56769348779845,4442900
2022-02-18,73.61998748779297,73.6635610916244,73.5938419956115,73.63741559944293,2459400
2022-02-22,73.55023956298828,73.59381980309098,73.52409407869109,73.57638504728547,3487300
2022-02-23,73.50669860839844,73.55027887179253,73.48927049268957,73.52413337352192,4258700
2022-02-24,73.56771087646484,73.68101024785773,73.55027611199556,73.66357548338844,4573600
2022-02-25,73.56771087646484,73.56771087646484,73.4892677351818,73.53284799694065,4279100
2022-02-28,73.69837951660156,73.7593878447017,73.68966879073658,73.69837951660156,5265300
2022-03-01,73.86840057373047,73.98173338157318,73.83352740561502,73.85096066398438,7383600
2022-03-02,73.62432098388672,73.76381371808964,73.60688771780119,73.75509375935704,5250800
2022-03-03,73.62432098388672,73.65919416743745,73.58073449298305,73.61560767653378,6877400
2022-03-04,73.7027587890625,73.75506521845782,73.68531887834601,73.69403883370425,2880500
2022-03-07,73.60688018798828,73.67662654795485,73.60688018798828,73.633033410131,6302700
2022-03-08,73.51097106933594,73.58943737696367,73.4935378072954,73.56327750683568,5585700
2022-03-09,73.4673843383789,73.4848242533171,73.4325178112599,73.4586710322885,4988900
2022-03-10,73.40635681152344,73.41507676885863,73.37149028493988,73.40635681152344,4780300
2022-03-11,73.38021850585938,73.38893846496694,73.33663201308143,73.38021850585938,2620800
2022-03-14,73.18840789794922,73.2755941726658,73.18840789794922,73.25815425717093,3874900
2022-03-15,73.21456909179688,73.31046202323274,73.20584913389214,73.30174871670705,4999800
2022-03-16,73.14481353759766,73.21455988931085,73.02276074778867,73.19711997569347,5365100
2022-03-17,73.11865997314453,73.14481319206888,73.09250010284201,73.10994001637702,4453400
2022-03-18,73.10118865966797,73.11862856571183,73.07503545197748,73.08375540499941,4946500
2022-03-21,72.85712432861328,73.022770272694,72.84840437066717,73.00533035680179,5342500
2022-03-22,72.80477905273438,72.83093226124463,72.76118593763361,72.77862584422412,2931500
2022-03-23,72.86585998535156,72.89201321344548,72.81354687778324,72.84842006570196,4184400
2022-03-24,72.848388671875,72.85710862794195,72.7960822382285,72.83967536718566,3311200
2022-03-25,72.64790344238281,72.74380304089266,72.59559033777191,72.74380304089266,4601800
2022-03-28,72.57810974121094,72.63913611397734,72.57810974121094,72.60426295077143,2991200
2022-03-29,72.61300659179688,72.65659307149096,72.5607001556128,72.60428663530688,4640300
2022-03-30,72.6653060913086,72.68274600262376,72.59555974880256,72.60427970446014,5826600
2022-03-31,72.6653060913086,72.72633247815705,72.65658613565101,72.69145930690404,5328800
2022-04-01,72.5135269165039,72.5571388682259,72.48736240717055,72.50480319530959,10292300
2022-04-04,72.55717468261719,72.56589175386469,72.49612191262035,72.53972723161645,5015400
2022-04-05,72.42633056640625,72.51354784076777,72.40888311898306,72.51354784076777,4694600
2022-04-06,72.47869873046875,72.55719897775143,72.38275768059832,72.40020513744118,7479700
2022-04-07,72.5310287475586,72.57463407772923,72.49614049086935,72.5310287475586,6184500
2022-04-08,72.44379425048828,72.49612995504351,72.43507717827374,72.43507717827374,4539500
2022-04-11,72.46122741699219,72.48739193698442,72.40889172275544,72.41761544750362,6705400
2022-04-12,72.6443862915039,72.66182708688729,72.55716900608232,72.5746098014657,5658800
2022-04-13,72.67929077148438,72.79267260243422,72.66184331795128,72.70545529753021,4808100
2022-04-14,72.54845428466797,72.63567158091338,72.53101348712015,72.61823078336558,4336200
2022-04-18,72.54845428466797,72.57461880811627,72.53101348712015,72.56589508221579,4100100
2022-04-19,72.38272857666016,72.48739331286801,72.36528778108506,72.46122879237915,5811000
2022-04-20,72.42633056640625,72.43505429011786,72.37400153263964,72.39144232581134,6121600
2022-04-21,72.30422973632812,72.3478350492085,72.23445325061722,72.3478350492085,7119600
2022-04-22,72.2867660522461,72.32165428726569,72.18210800143774,72.18210800143774,5426000
2022-04-25,72.40016174316406,72.53099097405037,72.38271429677863,72.43504998168382,5772300
2022-04-26,72.5310287475586,72.54846954877594,72.47869303539744,72.51358129208668,6670600
2022-04-27,72.49613189697266,72.58334920122951,72.46124364441916,72.57462547452769,8770900
2022-04-28,72.44379425048828,72.45251797695641,72.37402440150397,72.43507717827374,4671300
2022-04-29,72.30422973632812,72.37400622203904,72.29550601205128,72.29550601205128,8047300
2022-05-02,72.29898834228516,72.33389511088691,72.28153828687695,72.31644505547871,10907500
2022-05-03,72.26409912109375,72.34264103396586,72.23792070273204,72.32518431653341,7556800
2022-05-04,72.45608520507812,72.46481356405202,72.14193085988961,72.1942943559458,11387900
2022-05-05,72.33390045166016,72.38625727953588,72.29026532323982,72.36880722283925,6415700
2022-05-06,72.3251953125,72.42991565965498,72.30774525020149,72.33392367254325,6375000
2022-05-09,72.50841522216797,72.52587193365844,72.4211516380697,72.42987999381495,6956200
2022-05-10,72.46479797363281,72.54333321413992,72.45606961653678,72.52588315773357,10070100
2022-05-11,72.47356414794922,72.50846427897302,72.36011541985964,72.41247893197375,7797800
2022-05-12,72.57823944091797,72.63932462456104,72.52588261430554,72.55206102761176,5231400
2022-05-13,72.55204772949219,72.55204772949219,72.49096255704546,72.52586932098423,5002600
2022-05-16,72.59569549560547,72.63060226562527,72.56951708253703,72.57823878170277,4515800
2022-05-17,72.43862915039062,72.52589275954672,72.42117243388743,72.4560792091072,3569200
2022-05-18,72.47356414794922,72.52592100227413,72.4037505703232,72.41247893197375,3613800
2022-05-19,72.57823944091797,72.62187456828545,72.55206102761176,72.62187456828545,4523400
2022-05-20,72.6305923461914,72.68294916517772,72.56950717144579,72.58695722517966,4869500
2022-05-23,72.59569549560547,72.639323964791,72.56951708253703,72.62187390867392,3648100
2022-05-24,72.7614974975586,72.79640426909754,72.64805548339646,72.65678384072767,4830000
2022-05-25,72.81388092041016,72.84878770150668,72.77024577959257,72.84878770150668,3377200
2022-05-26,72.831298828125,72.89238400362878,72.80512041830693,72.87493394967832,5493200
2022-05-27,72.84874725341797,72.8661973053835,72.81384049170286,72.85746895050872,6058600
2022-05-31,72.73530578613281,72.77021255129021,72.70912737671092,72.77021255129021,8197900
2022-06-01,72.59994506835938,72.72221077669444,72.57374622557063,72.6960119339057,10980900
2022-06-02,72.61742401123047,72.64362285712396,72.58248999571175,72.6261591808557,5243200
2022-06-03,72.59122467041016,72.60868834655936,72.57375433127882,72.57375433127882,3224000
2022-06-06,72.49514770507812,72.55628055756576,72.49514770507812,72.55628055756576,3584900
2022-06-07,72.50389862060547,72.55630298392191,72.49517011253877,72.53010413375532,3944900
2022-06-08,72.45146942138672,72.49513859466767,72.45146942138672,72.47766826016314,4133100
2022-06-09,72.39910125732422,72.45149895623699,72.38163091569791,72.42530010678061,5332600
2022-06-10,72.09342193603516,72.25935016912597,72.09342193603516,72.24188649410966,6124200
2022-06-13,71.72660827636719,71.91000682225888,71.62181291470381,71.88380798184303,8794300
2022-06-14,71.58687591552734,71.77027445375649,71.5606770762061,71.74407561443525,8106200
2022-06-15,71.8663558959961,71.91001841606847,71.61308929284164,71.72661984060804,9018300
2022-06-16,71.96244049072266,71.98863934181452,71.75284301900427,71.77904187009614,8076400
2022-06-17,71.9449462890625,71.99735063685098,71.86634976185171,71.98861546838936,8188800
2022-06-21,71.91876983642578,71.92750500760684,71.88383581468489,71.90130615704702,5443800
2022-06-22,72.12834930419922,72.12834930419922,72.05848794113476,72.07595161615545,4110700
2022-06-23,72.18951416015625,72.36417762359056,72.18077898808932,72.25937554773955,6229400
2022-06-24,72.17204284667969,72.25064606825823,72.12837364991562,72.14584399381482,6103300
2022-06-27,72.09342193603516,72.15455479306476,72.03228907900557,72.09342193603516,7376400
2022-06-28,72.07595825195312,72.08469342175853,72.04102423571378,72.0584945753246,4399500
2022-06-29,72.16329956054688,72.17203473151427,72.06723266885501,72.07596783982243,4170700
2022-06-30,72.30304718017578,72.35544488837397,72.25937798135445,72.27684832607669,16742600
2022-07-01,72.52066040039062,72.61681899483587,72.45946917386578,72.48569303247022,9559300
2022-07-05,72.51193237304688,72.56438677079873,72.4944520200262,72.53816290659526,9888800
2022-07-06,72.31092071533203,72.52946193767318,72.30217719902072,72.52946193767318,4883800
2022-07-07,72.25846099853516,72.31090874902614,72.21475009356085,72.31090874902614,4906300
2022-07-08,72.17101287841797,72.19723674410346,72.13604550105555,72.18849990177183,3249100
2022-07-11,72.1972427368164,72.28466452215154,72.18850589375957,72.24095362948398,16663800
2022-07-12,72.23221588134766,72.31963767365922,72.2234790375936,72.28467029060387,6373100
2022-07-13,72.1535415649414,72.24095668462758,72.05738293248278,72.06612644525524,11769700
2022-07-14,72.12732696533203,72.17977471001477,71.97871390648596,72.01368129272345,6656800
2022-07-15,72.17975616455078,72.23220389575789,72.10982141004446,72.11856492169406,5961500
2022-07-18,72.13604736328125,72.15353438708655,72.09234314245894,72.13604736328125,2608200
2022-07-19,72.05740356445312,72.15356222444456,72.04866004917717,72.1448187091686,9115200
2022-07-20,72.04866027832031,72.12733857735809,72.0399234323646,72.12733857735809,5453600
2022-07-21,72.24970245361328,72.26718281035794,72.13605679206083,72.15354381815182,5850000
2022-07-22,72.43327331542969,72.51194492165467,72.3895624212962,72.39830593399212,6038100
2022-07-25,72.37210083007812,72.40706822058213,72.35461380015222,72.37210083007812,20449500
2022-07-26,72.33710479736328,72.45074376949458,72.33710479736328,72.44200692733882,2854600
2022-07-27,72.45076751708984,72.47699806019033,72.31964814832413,72.35460886709676,7051600
2022-07-28,72.60810852050781,72.64307590433755,72.56440429273053,72.62559554709594,5573700
2022-07-29,72.59938049316406,72.63434121189299,72.53818923136747,72.55566959073192,5546100
2022-08-01,72.59759521484375,72.6151007848861,72.54509185755425,72.59759521484375,6463000
2022-08-02,72.34383392333984,72.60636412091537,72.34383392333984,72.5888585469862,14265300
2022-08-03,72.37007904052734,72.37007904052734,72.20381616180943,72.32632846251512,6485500
2022-08-04,72.46634674072266,72.48385231477396,72.36134000209607,72.38759168675273,5411500
2022-08-05,72.16881561279297,72.23007176647243,72.15131003950168,72.19506729630987,5049700
2022-08-08,72.23883056640625,72.24757667735992,72.20382609332987,72.22132499165777,6868900
2022-08-09,72.16881561279297,72.18631450966423,72.14256392927605,72.17756839943861,3742100
2022-08-10,72.23883056640625,72.38759456966547,72.23007777903202,72.34383730921483,6820900
2022-08-11,72.21256256103516,72.36133322084815,72.21256256103516,72.33508153865164,4071500
2022-08-12,72.23007202148438,72.30008096205665,72.20382033787479,72.29132817538012,4782800
2022-08-15,72.2913589477539,72.32636343294045,72.27385336694918,72.30011173815626,17015900
2022-08-16,72.23007202148438,72.27382260202702,72.22131923480784,72.27382260202702,3249300
2022-08-17,72.16881561279297,72.18631450966423,72.09880667246786,72.12505835598478,4162400
2022-08-18,72.27383422851562,72.29133980468478,72.2125780647658,72.247582540683,3648300
2022-08-19,72.2213134765625,72.23006626254119,72.17756289950812,72.20381458102466,4519300
2022-08-22,72.12507629394531,72.18633246285957,72.10757739272196,72.1600807728137,3739700
2022-08-23,72.16006469726562,72.25632532360369,72.116314115743,72.14256579994061,4227600
2022-08-24,72.08134460449219,72.15134690416392,72.08134460449219,72.13384799835184,4551800
2022-08-25,72.12507629394531,72.1600807728137,72.10757739272196,72.14258187159035,3026400
2022-08-26,72.10758972167969,72.15134032042938,72.0550796561881,72.11634251199875,4304000
2022-08-29,72.05506896972656,72.09882623840946,72.04632285712745,72.09007344938851,3656100
2022-08-30,72.02005767822266,72.07256104967158,71.97630041773482,72.03755657656544,4626200
2022-08-31,72.01132202148438,72.06382540542324,71.99381644255664,72.02882092398994,5424100
2022-09-01,71.95870208740234,72.01127600181297,71.90613485753263,71.96746552056094,6728700
2022-09-02,72.11643981933594,72.14272344497056,72.0551091313406,72.0989196304274,4105600
2022-09-06,71.95870208740234,72.02003275043064,71.95870208740234,72.01127600181297,4991800
2022-09-07,72.06388092041016,72.06388092041016,71.98503003436733,72.00255022530648,4425300
2022-09-08,71.97625732421875,72.03758801142145,71.96749388760591,72.02006113819579,4979800
2022-09-09,71.91494750976562,72.00256184769263,71.88866387684207,71.97627821476908,4072200
2022-09-12,71.90615844726562,71.96748913041425,71.88863825974164,71.95872569438069,3139400
2022-09-13,71.66085052490234,71.71341778288155,71.61704002022334,71.68713415389195,6543600
2022-09-14,71.59951782226562,71.66084851637054,71.59075438466655,71.59951782226562,4744800
2022-09-15,71.52063751220703,71.57321143654073,71.52063751220703,71.55568456691543,3592100
2022-09-16,71.55570983886719,71.58199346804577,71.48561570469462,71.49437914260233,4366200
2022-09-19,71.47686004638672,71.494380237926,71.43304954072153,71.45057641680546,4378200
2022-09-20,71.44181823730469,71.55571620205522,71.4155346057888,71.44181823730469,15975300
2022-09-21,71.38047790527344,71.45057203622245,71.24905308088009,71.44180859871776,4475800
2022-09-22,71.24903869628906,71.31036937735124,71.21399163789026,71.3016059416158,6605100
2022-09-23,71.16142272949219,71.26655721768864,71.14389585843095,71.24903703117015,10192800
2022-09-26,71.00374603271484,71.14392764111547,70.96869895947825,71.12640744677003,6145800
2022-09-27,71.00374603271484,71.07384017918801,70.97746239892383,71.06507673974244,15088300
2022-09-28,71.31037902832031,71.31037902832031,71.1701974602962,71.23152814965871,7793400
2022-09-29,71.2140121459961,71.24029577622859,71.13516125529861,71.18772851576361,4734800
2022-09-30,71.15267944335938,71.27534083735299,71.12639581386712,71.22277357836848,8447100
2022-10-03,71.30886840820312,71.42292477163976,71.26500623979935,71.30009329714295,8906600
2022-10-04,71.33515930175781,71.42289699133644,71.31761577990966,71.35270951705192,6219800
2022-10-05,71.26496124267578,71.29127986579002,71.20354889092778,71.25618613715626,7175900
2022-10-06,71.17724609375,71.2737522046648,71.17724609375,71.26498378981542,5100100
2022-10-07,71.08950805664062,71.1333769003324,71.08950805664062,71.11582668547737,4619000
2022-10-10,71.06321716308594,71.1070860238993,71.02812341312493,71.09831091304694,2934800
2022-10-11,71.09829711914062,71.16848460544544,71.09829711914062,71.12461575314316,3836500
2022-10-12,71.16844940185547,71.17721781322093,71.10703705507825,71.11580546644372,8787600
2022-10-13,70.95790100097656,71.04563867943519,70.87894512249792,70.88772022903281,5751300
2022-10-14,70.9228286743164,71.05442853827891,70.90528514939673,71.03688501335924,5506000
2022-10-17,71.00175476074219,71.05439200188209,70.99297965607097,71.04562359065457,4013800
2022-10-18,71.036865234375,71.0807273811851,70.99299639411964,71.07195896789024,7012000
2022-10-19,70.9052505493164,70.95788779183684,70.89647544441505,70.93156917057662,4349100
2022-10-20,70.82630920410156,70.90526508406724,70.82630920410156,70.86139624401171,5797300
2022-10-21,71.01054382324219,71.05440596833242,70.88771910747751,70.91403773322065,5180300
2022-10-24,70.99299621582031,71.03686505596549,70.94913406912038,70.97545269582939,3680100
2022-10-25,71.06321716308594,71.14217308041191,71.04567363482963,71.09831091304694,5113300
2022-10-26,71.12458801269531,71.15968174216025,71.07195076522015,71.08071917750301,6039900
2022-10-27,71.27373504638672,71.28251015257005,71.16846054596608,71.20355427725457,4010800
2022-10-28,71.16844940185547,71.2298617486327,71.1421240874277,71.1859929180302,4464100
2022-10-31,71.06321716308594,71.08953580219459,71.02812341312493,71.07199227393829,6845900
2022-11-01,70.99373626708984,71.17829457167852,70.99373626708984,71.16951087035204,5349700
2022-11-02,70.95858764648438,71.15193637468147,70.91464902060437,71.03768790125415,5714700
2022-11-03,70.82676696777344,70.87071230411121,70.80040244801755,70.80040244801755,4834000
2022-11-04,70.9058609008789,70.93222541828067,70.80918653366155,70.86191556846508,4347200
2022-11-07,70.84432983398438,70.8706943470601,70.83553942792074,70.8706943470601,4391400
2022-11-08,70.91466522216797,70.93223933551182,70.87071988113186,70.8795102903626,7092100
2022-11-09,71.02890014648438,71.04647425646942,70.92343537122498,70.9410161863264,4587600
2022-11-10,71.41561889648438,71.44198342187576,71.32773491014028,71.33651861519184,6631600
2022-11-11,71.39802551269531,71.43318044207064,71.33650606256779,71.35408687981403,4246000
2022-11-14,71.33648681640625,71.33648681640625,71.28375778912783,71.3277031152701,7192100
2022-11-15,71.40681457519531,71.41560498365273,71.34529512622753,71.40681457519531,21231100
2022-11-16,71.41561889648438,71.45077383204568,71.39803807614453,71.44198342187576,8253300
2022-11-17,71.32771301269531,71.35407752999286,71.29255808792648,71.35407752999286,5450000
2022-11-18,71.2486343383789,71.3453087344988,71.2486343383789,71.31894420921489,4372600
2022-11-21,71.23106384277344,71.31015742264424,71.22227343219268,71.30136701206348,3435700
2022-11-22,71.28376770019531,71.29255810766904,71.23982236794303,71.2749772927216,3421500
2022-11-23,71.34529113769531,71.3540815456613,71.25740717338545,71.27498128420075,4071000
2022-11-25,71.35408782958984,71.36287153321271,71.31893289974659,71.32772330848671,1539000
2022-11-28,71.37166595458984,71.40682088640958,71.3540918412388,71.37166595458984,4330000
2022-11-29,71.34529113769531,71.38923647240858,71.34529113769531,71.3716556564766,4708500
2022-11-30,71.55620574951172,71.55620574951172,71.28376348000253,71.31012799574653,10368900
2022-12-01,71.71036529541016,71.71036529541016,71.56945996548917,71.5958847539013,23602200
2022-12-02,71.69273376464844,71.70153530604956,71.54302021728869,71.58705479922989,5163300
2022-12-05,71.49016571044922,71.62226270357056,71.49016571044922,71.61345444570055,6591300
2022-12-06,71.56941223144531,71.58702874530387,71.51657612733256,71.52538438426183,4237200
2022-12-07,71.71916198730469,71.72796352995279,71.63990107232782,71.65751759509372,5160400
2022-12-08,71.64867401123047,71.70151011601051,71.63986575418994,71.6750920636205,4121000
2022-12-09,71.61347198486328,71.68392462761382,71.61347198486328,71.63989004621128,4623400
2022-12-12,71.56941223144531,71.65748136327517,71.54299417938894,71.6486731063459,4593800
2022-12-13,71.78079223632812,71.87766293624932,71.76317571703326,71.85123815730702,5790700
2022-12-14,71.78961181640625,71.8776809975434,71.71035761586506,71.84245466883559,5651700
2022-12-15,71.79930114746094,71.8434337133957,71.76399644144996,71.83460585347191,6162800
2022-12-16,71.86991119384766,71.91404376017195,71.7463480885607,71.7551759485624,3987700
2022-12-19,71.78166198730469,71.84344354785998,71.78166198730469,71.84344354785998,4845600
2022-12-20,71.78166198730469,71.79931097588403,71.72870155419653,71.74635727646094,3735600
2022-12-21,71.85225677490234,71.86990575988712,71.82577319689962,71.86107790055289,5219300
2022-12-22,71.8081283569336,71.88755889447567,71.8081283569336,71.83460520278095,6612800
2022-12-23,71.77281951904297,71.7904685040304,71.75517053405554,71.7639916597074,2737200
2022-12-27,71.67575073242188,71.71988330616966,71.63162489235943,71.71105544468304,3969500
2022-12-28,71.67575073242188,71.71105544468304,71.67575073242188,71.69340645539513,4308900
2022-12-29,71.72867584228516,71.73750370025292,71.69337787777943,71.71985471800005,4149000
2022-12-30,71.64044952392578,71.72870794205252,71.63162839569307,71.66692637599523,6051600
2023-01-03,71.70221710205078,71.75517752954366,71.67574025514652,71.74634966934745,7190500
2023-01-04,71.77281951904297,71.82577320768897,71.7375148153844,71.80812422270154,4098500
2023-01-05,71.67575073242188,71.71105544468304,71.6227970308728,71.64927388164735,4879300
2023-01-06,71.94934844970703,71.95817631053286,71.71987793771407,71.74635478650673,6357400
2023-01-09,72.01995849609375,72.03761421789916,71.9581769371446,71.9581769371446,6204800
2023-01-10,71.95818328857422,71.97583901193802,71.9140574475357,71.95818328857422,3993000
2023-01-11,72.01995849609375,72.02878635699646,71.9493490762419,71.9581769371446,6779700
2023-01-12,72.1788101196289,72.18763797854974,72.09055173147073,72.14350541762896,5571100
2023-01-13,72.05526733398438,72.16118146982987,72.03761834485277,72.12587675788137,4546500
2023-01-17,72.09939575195312,72.1258726009672,72.0640910420394,72.07291890293905,5843400
2023-01-18,72.25824737548828,72.27589635964485,72.22294267349179,72.24941951656831,4551600
2023-01-19,72.24058532714844,72.26706216790478,72.21410848639209,72.24941318529481,4791800
2023-01-20,72.1788101196289,72.18763797854974,72.13468429239151,72.16998226070807,4042100
2023-01-23,72.10822296142578,72.15235553596172,72.09057397182269,72.13470654635863,5559300
2023-01-24,72.13468170166016,72.16115854378835,72.08172128372061,72.10819812584882,4179100
2023-01-25,72.1788101196289,72.20528696270803,72.1523332765498,72.16116113547062,3169400
2023-01-26,72.13468170166016,72.17880752731277,72.12585384305638,72.16115854378835,5417000
2023-01-27,72.13468170166016,72.13468170166016,72.09937700092817,72.1170259844526,3822700
2023-01-30,72.06410217285156,72.08175116369199,72.05527431058837,72.08175116369199,6446200
2023-01-31,72.19647216796875,72.19647216796875,72.09938591237679,72.14351174348333,7241100
2023-02-01,72.32205200195312,72.32205200195312,72.09214751721666,72.18941453975049,8447400
2023-02-02,72.33086395263672,72.3839162153046,72.30433107508424,72.3750719227871,10328800
2023-02-03,72.06558990478516,72.18053872384733,72.06558990478516,72.15401259223442,7167500
2023-02-06,71.86221313476562,71.95948011683228,71.86221313476562,71.93295398467205,4079000
2023-02-07,71.89759826660156,71.9948652685645,71.8622278344132,71.9152868558058,4900000
2023-02-08,71.92411041259766,71.9417989983609,71.87990244062722,71.91527286593487,5112700
2023-02-09,71.8710708618164,71.96833786206437,71.85338901914406,71.95949356761818,4328600
2023-02-10,71.835693359375,71.90643421554131,71.835693359375,71.89758992196569,5046300
2023-02-13,71.85336303710938,71.85336303710938,71.80914832708642,71.80914832708642,4934400
2023-02-14,71.70304870605469,71.79147814045008,71.70304870605469,71.76495200861893,7889600
2023-02-15,71.7119140625,71.74728449740368,71.69423221815848,71.7119140625,5025800
2023-02-16,71.72073364257812,71.77378590354135,71.69420751209651,71.72957793481145,6081600
2023-02-17,71.78265380859375,71.78265380859375,71.69423109582905,71.71191293989378,3773700
2023-02-21,71.64117431640625,71.71191518732323,71.64117431640625,71.69423334270436,6391400
2023-02-22,71.6765365600586,71.72075128588365,71.65885471746056,71.69422514887661,3889600
2023-02-23,71.72073364257812,71.72957793481145,71.66768138161491,71.69420751209651,4072900
2023-02-24,71.5704116821289,71.6146196491765,71.54388555265673,71.60578210349783,4189600
2023-02-27,71.63230895996094,71.63230895996094,71.59693853823305,71.62346466797443,3246600
2023-02-28,71.61463165283203,71.6323202395904,71.56157938499535,71.5881055189137,3978100
2023-03-01,71.4835205078125,71.580982466863,71.47465848615101,71.55440316162048,5386100
2023-03-02,71.51008605957031,71.51894807952736,71.44806543935218,71.46578947926629,6623600
2023-03-03,71.55438995361328,71.56324521389827,71.4835073128893,71.56324521389827,6045000
2023-03-06,71.51895904541016,71.58984169645366,71.5100970240943,71.58984169645366,3862300
2023-03-07,71.36833953857422,71.55440143051237,71.35947751712715,71.5455394090653,6748700
2023-03-08,71.33287811279297,71.43919530123351,71.30629881568284,71.40375398517338,7627900
2023-03-09,71.5632553100586,71.58097935261044,71.4392140511622,71.45693809371404,6480300
2023-03-10,71.95307922363281,71.96194124196442,71.76701739710533,71.84675528287167,10588600
2023-03-13,72.67076873779297,72.69735480065462,72.37838964372865,72.52014818028387,12061400
2023-03-14,72.39611053466797,72.48471046939915,72.20118662241435,72.36953123022279,18453100
2023-03-15,72.8214111328125,73.01633507570888,72.66192852132843,72.87456975005959,13411600
2023-03-16,72.52899169921875,72.90997738615035,72.49355038418562,72.86567405242401,8516600
2023-03-17,72.89226531982422,72.98087200182871,72.6530448537381,72.66190687388669,8629700
2023-03-20,72.80366516113281,72.98087176482555,72.73278251965571,72.96314772458591,4907700
2023-03-21,72.52899169921875,72.65303292196488,72.51126766183235,72.57329503294508,4840900
2023-03-22,72.86566925048828,72.88339328670664,72.45810429407577,72.50240762488245,8003600
2023-03-23,73.07833099365234,73.11376555333453,72.8656830771163,72.91884843612056,4930700
2023-03-24,73.11378479003906,73.30870871827925,73.06948819891137,73.27326738953174,8638700
2023-03-27,72.80366516113281,72.90998912334845,72.78594788063391,72.85683052211101,3942500
2023-03-28,72.72393035888672,72.77708896238987,72.69735105713514,72.7505096606383,9564900
2023-03-29,72.69734191894531,72.74163849638276,72.6441765623841,72.65303858176767,4047500
2023-03-30,72.70619201660156,72.70619201660156,72.62645412703125,72.62645412703125,4077300
2023-03-31,72.79483032226562,72.79483032226562,72.66192702214721,72.67964430761643,6451500
2023-04-03,72.88359832763672,72.88359832763672,72.69712795019471,72.7237656077461,9610600
2023-04-04,73.05229187011719,73.07893629718832,72.81254622312497,72.81254622312497,4905400
2023-04-05,73.14999389648438,73.35422726279667,73.14111919220636,73.20327599506952,7535500
2023-04-06,73.12337493896484,73.2032947199938,73.1056187512835,73.1588940889127,4666600
2023-04-10,72.86583709716797,72.91911918811388,72.85696239416235,72.90135623293777,3702300
2023-04-11,72.85697937011719,72.90137321923653,72.79482256168288,72.90137321923653,2725400
2023-04-12,72.93689727783203,72.9901726101986,72.88362194546546,72.97241642427123,6091300
2023-04-13,72.98128509521484,73.07896103713294,72.96352213782066,73.04344189692787,3350600
2023-04-14,72.81258392333984,72.85698455020008,72.77706477676857,72.85698455020008,3161000
2023-04-17,72.70601654052734,72.7592986403898,72.67937887788791,72.75041716131545,3293300
2023-04-18,72.6882553100586,72.75929358855379,72.67049235314323,72.70601149239084,3581200
2023-04-19,72.6261215209961,72.67939685945578,72.6172400397244,72.66164067149764,5923200
2023-04-20,72.8036880493164,72.81256952784943,72.75929420581762,72.7770503883005,4592300
2023-04-21,72.7593002319336,72.88361384335924,72.75041875266498,72.87473236409063,3348200
2023-04-24,72.8392105102539,72.85697346812992,72.80369136908534,72.80369136908534,1906000
2023-04-25,73.12337493896484,73.15001260777944,72.96354215149208,72.97242363262534,3373400
2023-04-26,73.03455352783203,73.13222946053496,72.98127820984232,73.12334798267578,4804200
2023-04-27,72.89249420166016,72.97241397210887,72.85698183099879,72.94577630682072,3452200
2023-04-28,72.97239685058594,72.97239685058594,72.90135857676242,72.9546406694214,4325300
2023-05-01,72.81309509277344,72.89320104099777,72.80419971325544,72.89320104099777,3339700
2023-05-02,73.05339050292969,73.10678993006655,72.83088383603994,72.83977921365303,5394100
2023-05-03,73.23139953613281,73.24030170489041,73.08009661907957,73.10679633498717,4568800
2023-05-04,73.34710693359375,73.51620739681651,73.23139911151145,73.23139911151145,8624900
2023-05-05,73.16911315917969,73.23141477271503,73.13351126710712,73.22251260210523,3375100
2023-05-08,73.05339050292969,73.133489643635,73.05339050292969,73.07118804852045,3166700
2023-05-09,73.03558349609375,73.06228320868578,72.99998161584959,73.053387831398,4479100
2023-05-10,73.21359252929688,73.25808978660515,73.124591224316,73.14238876916646,4931800
2023-05-11,73.25811767578125,73.36492335663752,73.24032012415532,73.35602118564111,7866500
2023-05-12,73.13349151611328,73.25809470953267,73.12459613827245,73.24029716348622,8635100
2023-05-15,73.14240264892578,73.15130481822247,73.11570293140133,73.13350047962909,3605100
2023-05-16,73.05339050292969,73.10678993006655,72.99998428542823,73.0889923844758,6905300
2023-05-17,72.97328186035156,73.04448562079803,72.93767998012834,73.03558345315113,4660300
2023-05-18,72.83978271484375,72.91098648135852,72.8219851683975,72.8842867665067,4385700
2023-05-19,72.7863998413086,72.9288074067305,72.7330003994586,72.7863998413086,5650300
2023-05-22,72.75968170166016,72.85758518051237,72.741884155671,72.80418575218016,4024300
2023-05-23,72.75078582763672,72.77748554411279,72.67958884715563,72.71518394221351,8964000
2023-05-24,72.66178894042969,72.76859460321269,72.64399139181539,72.75969243372268,5761400
2023-05-25,72.5015640258789,72.64397153733454,72.49266185882196,72.59946749241368,7552600
2023-05-26,72.48377227783203,72.49266765523636,72.38586880346902,72.4570725648902,3728700
2023-05-30,72.62618255615234,72.63508472509118,72.48378180495756,72.51048152140875,4441800
2023-05-31,72.69739532470703,72.73299721450351,72.6172893750734,72.66179343491055,7230400
2023-06-01,72.81069946289062,72.83746373304506,72.74824723026936,72.75717092258178,5119300
2023-06-02,72.60548400878906,72.73931214538362,72.56979605191172,72.73038845446884,9465300
2023-06-05,72.62334442138672,72.70363723368128,72.5162805315443,72.54304480230915,5934100
2023-06-06,72.58763122558594,72.64115974850836,72.56086696412474,72.6233191764611,4313400
2023-06-07,72.53411102294922,72.60548012610553,72.48949937754277,72.57871586157424,6869400
2023-06-08,72.65009307861328,72.68578103422423,72.6054814324042,72.63225250419858,4306300
2023-06-09,72.5162582397461,72.57871045459369,72.5162582397461,72.57871045459369,4022200
2023-06-12,72.5787124633789,72.5787124633789,72.5162602468028,72.56978877335915,3824300
2023-06-13,72.44490051269531,72.65902828028443,72.41813624344232,72.65902828028443,4872200
2023-06-14,72.40028381347656,72.54302882838444,72.3021436377605,72.525188254064,6175900
2023-06-15,72.55195617675781,72.56087986775867,72.48950395331546,72.52519191053706,6384600
2023-06-16,72.45378112792969,72.48054538127022,72.37348836790811,72.42701687458916,5079900
2023-06-20,72.48058319091797,72.53411853230442,72.46274261497723,72.46274261497723,4787500
2023-06-21,72.48058319091797,72.51627114958156,72.42705465631364,72.43597834767507,20688500
2023-06-22,72.40028381347656,72.49842398919263,72.3913601229256,72.46273603377028,4198700
2023-06-23,72.46272277832031,72.56086293608381,72.43595851834486,72.53409867610836,3892900
2023-06-26,72.5162582397461,72.53410561929164,72.47165340444406,72.52518192951887,3101500
2023-06-27,72.4092025756836,72.5430238909323,72.39135519579641,72.50733593793896,3574100
2023-06-28,72.489501953125,72.489501953125,72.40028546592363,72.44489030613349,4298900
2023-06-29,72.31106567382812,72.32890624774035,72.28429460278777,72.31998255739356,4646400
2023-06-30,72.33782958984375,72.34674647336625,72.29321794510592,72.33782958984375,6958700
2023-07-03,72.25374603271484,72.37002902265907,72.24479961253779,72.2895248893039,3600000
2023-07-05,72.23585510253906,72.3074059867307,72.2269086829706,72.29846639128091,6037200
2023-07-06,72.19116973876953,72.20011616328391,72.0480610671518,72.12855841541382,8592000
2023-07-07,72.27164459228516,72.33425589024097,72.23586573286474,72.2448053296301,3944100
2023-07-10,72.37898254394531,72.39687538774186,72.29848521922213,72.30742481699997,2858000
2023-07-11,72.37004089355469,72.39687333436804,72.35214805026563,72.37004089355469,3658500
2023-07-12,72.584716796875,72.6115492412197,72.5399915068864,72.5578843525303,5068800
2023-07-13,72.7904281616211,72.7904281616211,72.7009844163219,72.73676327926565,4954800
2023-07-14,72.60260009765625,72.7188831176205,72.60260009765625,72.69204385016045,4248900
2023-07-17,72.6294174194336,72.65625668130568,72.60258498168098,72.63836384005762,4027500
2023-07-18,72.6294174194336,72.72780757393949,72.62047782292903,72.70097513618688,2590600
2023-07-19,72.65628051757812,72.692052563571,72.62050164746354,72.67416654057456,7015800
2023-07-20,72.56681060791016,72.58470345026399,72.51314572908846,72.56681060791016,8745700
2023-07-21,72.57574462890625,72.59363746820293,72.53996577443161,72.57574462890625,3891900
2023-07-24,72.48632049560547,72.6025966859849,72.48632049560547,72.5847106659729,4127300
2023-07-25,72.47735595703125,72.48630237686127,72.44157710182999,72.45946994149006,3275700
2023-07-26,72.54890441894531,72.57573685089595,72.44156786702473,72.50417914961557,4339700
2023-07-27,72.44159698486328,72.5310407353566,72.43265738669847,72.51315471490624,5591500
2023-07-28,72.54000091552734,72.557893763492,72.49528244385978,72.52211489168472,6008600
2023-07-31,72.557861328125,72.58469376395512,72.52208247231187,72.52208247231187,4066700
2023-08-01,72.49689483642578,72.55967704636618,72.48793181386453,72.52380443011536,4957400
2023-08-02,72.53278350830078,72.55072324139825,72.47000812646658,72.53278350830078,4046400
2023-08-03,72.55967712402344,72.58657987573986,72.51483464316144,72.54173739487784,4109400
2023-08-04,72.70313262939453,72.72106550960265,72.64035728566714,72.64035728566714,3590400
2023-08-07,72.73006439208984,72.74800412145575,72.69419177536008,72.70316164004304,10383600
2023-08-08,72.76591491699219,72.78385464091157,72.7300423111534,72.74798203507278,3017000
2023-08-09,72.7210922241211,72.78387443291122,72.71212920172407,72.75696483971467,3198100
2023-08-10,72.68521881103516,72.8017996679598,72.68521881103516,72.75695719268049,3867900
2023-08-11,72.61347198486328,72.6672774804101,72.60450212160515,72.62244184812141,3596100
2023-08-14,72.55068969726562,72.5955253252724,72.54171983486414,72.56862258006826,3217200
2023-08-15,72.57759094238281,72.64036629389506,72.55965805995082,72.57759094238281,4782100
2023-08-16,72.5417251586914,72.63140326328673,72.5417251586914,72.60450051610822,3794300
2023-08-17,72.6224365234375,72.64036940663794,72.55966116923524,72.6224365234375,6059400
2023-08-18,72.64933013916016,72.68520274305328,72.63139041621379,72.64933013916016,3090600
2023-08-21,72.5686264038086,72.61346887617849,72.5686264038086,72.60449901330438,2642200
2023-08-22,72.53278350830078,72.57762599904098,72.53278350830078,72.55969310794698,2734400
2023-08-23,72.66726684570312,72.69416958953937,72.62243121997602,72.62243121997602,5509000
2023-08-24,72.6224365234375,72.6762420150393,72.61346666083705,72.61346666083705,3653100
2023-08-25,72.57759094238281,72.64036629389506,72.53274847330256,72.59552382481482,4682300
2023-08-28,72.6224365234375,72.6224365234375,72.55966116923524,72.58656391503614,2798300
2023-08-29,72.78385925292969,72.78385925292969,72.58656332931449,72.58656332931449,5272000
2023-08-30,72.78385925292969,72.83766474409732,72.77488939040161,72.82869488156925,4512400
2023-08-31,72.85559844970703,72.86456831233637,72.79282309530258,72.81972584119013,3948700
2023-09-01,72.8160629272461,72.94193284495573,72.80707711840688,72.94193284495573,4157300
2023-09-05,72.72614288330078,72.80706316311576,72.71715021678916,72.78907783009255,4130000
2023-09-06,72.64521789550781,72.75310243888956,72.63622523042811,72.75310243888956,5001100
2023-09-07,72.78006744384766,72.78006744384766,72.70814670744954,72.71713251237863,3130700
2023-09-08,72.74414825439453,72.82506169710315,72.74414825439453,72.80708321852234,3581600
2023-09-11,72.7621078491211,72.7621078491211,72.73513670855134,72.7441293752062,2750500
2023-09-12,72.72614288330078,72.744128216324,72.71715021678916,72.744128216324,3358400
2023-09-13,72.7890853881836,72.80707072307432,72.7351431023023,72.7351431023023,3489500
2023-09-14,72.77110290527344,72.83403785513434,72.76211023832329,72.82504518818419,3349300
2023-09-15,72.73512268066406,72.78906495140012,72.73512268066406,72.75310115111158,4055900
2023-09-18,72.72614288330078,72.744128216324,72.7081644096723,72.72614288330078,2676700
2023-09-19,72.67220306396484,72.72614534607169,72.67220306396484,72.7081668718344,3162800
2023-09-20,72.62723541259766,72.7620979565056,72.61824274716541,72.74411948503504,3583600
2023-09-21,72.66321563720703,72.69018678020545,72.6362444942086,72.6362444942086,5170800
2023-09-22,72.73512268066406,72.76209381603209,72.690166215455,72.69915888037552,3908000
2023-09-25,72.70816802978516,72.74413183822747,72.70816802978516,72.71715383734941,3439100
2023-09-26,72.71715545654297,72.73514079086215,72.69018431445944,72.72614812370256,14216300
2023-09-27,72.66321563720703,72.74413592559777,72.62725182674397,72.74413592559777,5777600
2023-09-28,72.7890853881836,72.7890853881836,72.6991792919163,72.72615043485693,4522600
2023-09-29,72.79806518554688,72.86100012774716,72.79806518554688,72.84301479603609,6015100
2023-10-02,72.72505187988281,72.76110875452294,72.71603594193637,72.73406781782926,5671000
2023-10-03,72.67095184326172,72.77010650445312,72.67095184326172,72.74305869737407,6707600
2023-10-04,72.83321380615234,72.83321380615234,72.72504319514957,72.76110006548383,5927000
2023-10-05,72.90534210205078,72.91435804157102,72.88731710015716,72.90534210205078,4665400
2023-10-06,72.84222412109375,72.85124005811889,72.78814225323285,72.80616725013816,3456700
2023-10-09,73.0585708618164,73.0585708618164,72.96842523905012,72.96842523905012,4119300
2023-10-10,73.01350402832031,73.04054496650596,72.95942215194903,72.97744715169078,5135700
2023-10-11,72.9954833984375,72.9954833984375,72.94139464168217,72.96843558148662,3131500
2023-10-12,72.90534210205078,72.94139898298488,72.8963330396774,72.93238992061148,5362000
2023-10-13,72.95038604736328,72.97742697807382,72.93236105260429,72.97742697807382,3506100
2023-10-16,72.90534210205078,72.92337398109125,72.8963330396774,72.92337398109125,2967800
2023-10-17,72.74308013916016,72.80617795332216,72.72505513960499,72.80617795332216,4245000
2023-10-18,72.74308013916016,72.78815295376701,72.71603920125443,72.76111201586129,5232700
2023-10-19,72.84222412109375,72.85124005811889,72.75208538227726,72.76110131930238,5556600
2023-10-20,72.95941162109375,72.98645255537635,72.91433881252607,72.91433881252607,3660500
2023-10-23,73.0044937133789,73.0044937133789,72.92337089257312,72.94139589370333,4261800
2023-10-24,72.98645782470703,73.00448282314842,72.93237595223735,72.97744188691358,13761400
2023-10-25,72.90534210205078,72.95943086202534,72.8963330396774,72.9504149225051,4773400
2023-10-26,73.049560546875,73.06758554652839,72.97744679396942,72.97744679396942,4710800
2023-10-27,73.09461975097656,73.1036356885457,73.04955381742163,73.07659475298365,3858100
2023-10-30,73.06758880615234,73.07660474495425,73.02252286643541,73.04054786689292,4816700
2023-10-31,73.04053497314453,73.0585668475652,73.02250997586896,73.02250997586896,3917400
2023-11-01,73.20326232910156,73.2303802399362,73.04054796737175,73.04054796737175,7362900
2023-11-02,73.2123031616211,73.2936637976556,73.18518524851712,73.27558059110457,7828400
2023-11-03,73.41116333007812,73.44732283969807,73.32076800438891,73.38404542204349,8024300
2023-11-06,73.27557373046875,73.3388511540277,73.27557373046875,73.3388511540277,6061400
2023-11-07,73.32981872558594,73.36597823970283,73.28461760875929,73.29365921146905,4546600
2023-11-08,73.31173706054688,73.34789657542353,73.31173706054688,73.3207786634466,4422000
2023-11-09,73.20326232910156,73.33885188327476,73.20326232910156,73.32981717747786,6032900
2023-11-10,73.2213363647461,73.28461378697021,73.18517685251491,73.28461378697021,3916100
2023-11-13,73.24844360351562,73.24844360351562,73.16708988538883,73.18516619051009,7360300
2023-11-14,73.53770446777344,73.53770446777344,73.45635075882299,73.49251026170764,7956500
2023-11-15,73.40213012695312,73.44733124333015,73.37501221581573,73.43828964071034,5069400
2023-11-16,73.52869415283203,73.5648536711018,73.51965944580678,73.51965944580678,4086500
2023-11-17,73.47444915771484,73.51965027409386,73.45637284919647,73.51060867147365,3381800
2023-11-20,73.48348236083984,73.49252396242656,73.4653991576664,73.48348236083984,6247300
2023-11-21,73.52869415283203,73.5648536711018,73.51061784205861,73.52869415283203,2590400
2023-11-22,73.53770446777344,73.56482237075691,73.49251026170764,73.56482237075691,4803300
2023-11-24,73.48348236083984,73.51060026887873,73.47444075925313,73.50155866729202,1575200
2023-11-27,73.57389068603516,73.58293228921941,73.51061325719041,73.51965486037466,4004100
2023-11-28,73.70947265625,73.72754896234235,73.57387622203336,73.59195942484685,20921000
2023-11-29,73.8541259765625,73.89028549632853,73.80893174939737,73.82700806091879,4423100
2023-11-30,73.80891418457031,73.8360320937606,73.77275467340942,73.82699049178997,5204200
2023-12-01,74.02381896972656,74.0328880085209,73.81527950100481,73.82434162214942,11831100
2023-12-04,73.91497802734375,73.9693853180003,73.87871572376821,73.92404706206095,4431100
2023-12-05,74.00566864013672,74.03286883182436,73.93313018387104,73.95126133911349,12180000
2023-12-06,73.9875259399414,74.02379516580591,73.9784569040634,74.02379516580591,6794600
2023-12-07,74.04196166992188,74.07822399206373,74.03289263056134,74.04196166992188,4977800
2023-12-08,73.87875366210938,73.95128522415361,73.85154654398634,73.90595386258224,3367800
2023-12-11,73.8968505859375,73.8968505859375,73.81525002232542,73.8424502101961,2963900
2023-12-12,73.90592193603516,73.92405308930121,73.86965271185586,73.87872174731248,3268600
2023-12-13,74.27767944335938,74.29581751673051,73.93313214343723,73.9603323358458,10843800
2023-12-14,74.405029296875,74.45960289025352,74.36864458806477,74.38683347263307,9304300
2023-12-15,74.32315063476562,74.38682213055685,74.2958638422369,74.35043742729435,7178300
2023-12-18,74.31407165527344,74.35045636780481,74.30498068189634,74.34136539442771,3760500
2023-12-19,74.34133911132812,74.35952799132603,74.31404538182343,74.31404538182343,5159300
2023-12-20,74.44141387939453,74.45960970530186,74.37774236806739,74.41412708020779,5164000
2023-12-21,74.51416778564453,74.56874831232554,74.48688099214044,74.55965040126657,6662900
2023-12-22,74.54145812988281,74.55055604137516,74.50508036325974,74.54145812988281,3387900
2023-12-26,74.50508880615234,74.54146657689775,74.48689298110571,74.49599089362903,2503100
2023-12-27,74.59603118896484,74.6142200704549,74.54145066514974,74.55054857573099,2584700
2023-12-28,74.5869369506836,74.62332165512758,74.57783903965439,74.6142237440984,2408600
2023-12-29,74.62333679199219,74.65062359094193,74.56876319409268,74.56876319409268,5075600
2024-01-02,74.53236389160156,74.55965068520958,74.52326598050794,74.53236389160156,4983500
2024-01-03,74.55056762695312,74.57785442599753,74.47779820305189,74.50509194177053,4336500
2024-01-04,74.50508880615234,74.53237560404835,74.48689298110571,74.50508880615234,2923700
2024-01-05,74.48690032958984,74.60514544536265,74.44141770216012,74.45961352900186,8105400
2024-01-08,74.55056762695312,74.63243496376057,74.51418291500251,74.52328082790872,4654900
2024-01-09,74.56875610351562,74.57784707585164,74.53237139515096,74.54146236748697,5227400
2024-01-10,74.56875610351562,74.61423178421629,74.55965819150607,74.61423178421629,6432200
2024-01-11,74.74156188964844,74.75065980008725,74.62331681263326,74.62331681263326,4904100
2024-01-12,74.89620971679688,74.92350345469039,74.85073403298904,74.88711874383972,6809700
2024-01-16,74.77796936035156,74.87802558662688,74.7506825603991,74.83254296025648,8427200
2024-01-17,74.63243865966797,74.65972546006365,74.60514491959772,74.65972546006365,6717400
2024-01-18,74.6688003540039,74.68699617679898,74.64151355948437,74.67789826540145,4490300
2024-01-19,74.61424255371094,74.6415293540045,74.57785784009467,74.61424255371094,5469300
2024-01-22,74.65060424804688,74.66879312940901,74.63241536668474,74.6415063375296,4607400
2024-01-23,74.64151000976562,74.6506079207305,74.60512530557888,74.62332112750863,3355600
2024-01-24,74.60514068603516,74.73249064677934,74.60514068603516,74.72339273393887,4708300
2024-01-25,74.74156188964844,74.75975771052606,74.68698830636026,74.69608621679907,5493200
2024-01-26,74.69610595703125,74.71429484304338,74.67791013134494,74.71429484304338,4654800
2024-01-29,74.76886749267578,74.77796540540358,74.7324897211128,74.7324897211128,3344700
2024-01-30,74.723388671875,74.79615809129464,74.67790604981927,74.78706017894874,2345800
2024-01-31,74.85980224609375,74.94166260827537,74.78703285326259,74.83250851902862,7413100
2024-02-01,74.97113037109375,75.04411440228935,74.90727108383267,74.97113037109375,8288100
2024-02-02,74.73392486572266,74.77954161861147,74.68831507297313,74.74304960832828,8260700
2024-02-05,74.58796691894531,74.66094398243895,74.58796691894531,74.65182619958948,5968500
2024-02-06,74.70657348632812,74.73394075982606,74.62447166583432,74.62447166583432,3603400
2024-02-07,74.67918395996094,74.76128575599009,74.67005921813369,74.68830870178819,3044100
2024-02-08,74.66094970703125,74.69744172164587,74.65183192348269,74.67919919440862,2233400
2024-02-09,74.63358306884766,74.6427078126137,74.61534054145575,74.61534054145575,2523900
2024-02-12,74.6427001953125,74.67006746367761,74.63357545247764,74.66094272084275,2730500
2024-02-13,74.405517578125,74.50586888504158,74.3963997939621,74.48762635657519,5284900
2024-02-14,74.51498413085938,74.54235140014072,74.45112484915634,74.46024959229669,5431500
2024-02-15,74.58796691894531,74.62445893076192,74.5514749071287,74.60620944478383,3772500
2024-02-16,74.49675750732422,74.49675750732422,74.44201599693633,74.4511407420245,7850200
2024-02-20,74.54234313964844,74.59707767214566,74.54234313964844,74.56971040589704,6172800
2024-02-21,74.47850036621094,74.57885167144859,74.47850036621094,74.57885167144859,8590400
2024-02-22,74.46937561035156,74.52411711510742,74.44200833804386,74.47850035450095,15501400
2024-02-23,74.505859375,74.51498411813878,74.45112483644667,74.46024957958545,3869300
2024-02-26,74.45114135742188,74.49675812309864,74.43289186709467,74.48763337793504,4547200
2024-02-27,74.45114135742188,74.48763337793504,74.43289186709467,74.46938388760783,3432400
2024-02-28,74.52412414550781,74.53324193037689,74.48763212560817,74.49675687061836,3239500
2024-02-29,74.56970977783203,74.60620178590246,74.55146725386625,74.56970977783203,8833900
2024-03-01,74.71611785888672,74.73441410519004,74.56056835244765,74.60631943915956,4883100
2024-03-04,74.64291381835938,74.67951328910401,74.61546596045972,74.65205845056909,2416300
2024-03-05,74.69783020019531,74.74358129644251,74.67038233470188,74.69783020019531,4102800
2024-03-06,74.71611785888672,74.77101357843243,74.69781463194765,74.74356571865957,5338700
2024-03-07,74.80760192871094,74.80760192871094,74.75269923669283,74.78015407301925,2987700
2024-03-08,74.8442153930664,74.89911111471581,74.82591216542593,74.88995950089556,2387700
2024-03-11,74.78015899658203,74.81675148615709,74.77100738387068,74.8076068540809,3509600
2024-03-12,74.70697021484375,74.75271432335045,74.69781860088796,74.74356969003078,2260900
2024-03-13,74.67037200927734,74.71612309919807,74.67037200927734,74.70697148508668,2223300
2024-03-14,74.60630798339844,74.65205208245062,74.60630798339844,74.64290745102099,4085000
2024-03-15,74.56053924560547,74.59713870456021,74.56053924560547,74.57884246539935,3045500
2024-03-18,74.56970977783203,74.57886139005123,74.54226192180924,74.57886139005123,1971600
2024-03-19,74.63375854492188,74.64291015731798,74.60631068836847,74.62460693252577,1821700
2024-03-20,74.75271606445312,74.76186767862207,74.633773002802,74.64292461697094,4769000
2024-03-21,74.75271606445312,74.78931554049262,74.74357143092047,74.77101929279102,3708500
2024-03-22,74.80760192871094,74.82589817229383,74.80760192871094,74.80760192871094,2038000
2024-03-25,74.77102661132812,74.80762609094995,74.77102661132812,74.79847447588526,3700600
2024-03-26,74.78929138183594,74.7984429930487,74.7526919176189,74.77099514004443,2183300
2024-03-27,74.87167358398438,74.88996983351318,74.84422571937267,74.84422571937267,2585300
2024-03-28,74.825927734375,74.8350793500994,74.78932825211484,74.8167761186506,5702800
2024-04-01,74.66987609863281,74.80757705580345,74.66987609863281,74.79840212808394,4661800
2024-04-02,74.70657348632812,74.72493734355449,74.66067785078108,74.66985277563484,3485000
2024-04-03,74.76165771484375,74.76165771484375,74.66067751183547,74.67903436521908,2904100
2024-04-04,74.8350830078125,74.84426493526449,74.76164859947227,74.7800054506177,2806000
2024-04-05,74.71576690673828,74.78920833942067,74.70658497671286,74.75248762307947,3967100
2024-04-08,74.6423110961914,74.69739566197286,74.6423110961914,74.67903180545933,3335800
2024-04-09,74.71576690673828,74.74330569305405,74.70658497671286,74.70658497671286,2680500
2024-04-10,74.41279602050781,74.49541934965096,74.40362109797009,74.47705549706019,6329400
2024-04-11,74.5046157836914,74.5137907080157,74.44953121895054,74.5137907080157,6686500
2024-04-12,74.55052947998047,74.59643212776011,74.55052947998047,74.55971141028854,5387500
2024-04-15,74.52296447753906,74.52296447753906,74.42198429095468,74.45870499550884,4841300
2024-04-16,74.47706604003906,74.5046118228246,74.42198848198528,74.46789111620254,3062800
2024-04-17,74.53214263916016,74.55968141524492,74.49542193646117,74.50460386307539,3598900
2024-04-18,74.49543762207031,74.55051518583686,74.48625569352276,74.55051518583686,3279600
2024-04-19,74.51380157470703,74.54134035921406,74.50462664904472,74.54134035921406,2938200
2024-04-22,74.55052947998047,74.56889334059662,74.52299069281698,74.52299069281698,4174300
2024-04-23,74.61477661132812,74.63314046889901,74.52297833475237,74.53216026353782,3619000
2024-04-24,74.58724212646484,74.59642405577935,74.55970334228128,74.57806019715034,4299800
2024-04-25,74.53214263916016,74.55049948863069,74.50460386307539,74.52296071254594,4224200
2024-04-26,74.55052947998047,74.58725019745204,74.5413475496724,74.55971141028854,3071500
2024-04-29,74.58724212646484,74.59642405577935,74.56888527159579,74.57806019715034,2259600
2024-04-30,74.49543762207031,74.55969711438442,74.49543762207031,74.53215833250114,6420900
2024-05-01,74.64463806152344,74.67226604349246,74.51570279470465,74.55253541969996,8032700
2024-05-02,74.75516510009766,74.76437677143102,74.66306946610341,74.67228113743678,3750700
2024-05-03,74.8748779296875,74.957761872624,74.83803827956746,74.92092222250396,4960200
2024-05-06,74.86567687988281,74.8840931943327,74.84725353898712,74.8840931943327,2960700
2024-05-07,74.8748779296875,74.90250591066633,74.85645459140507,74.8840825723839,2706200
2024-05-08,74.85645294189453,74.88408092226457,74.85645294189453,74.85645294189453,2308800
2024-05-09,74.9209213256836,74.93934466374549,74.90250501406642,74.90250501406642,2160200
2024-05-10,74.85645294189453,74.9117089026346,74.85645294189453,74.9117089026346,1866100
2024-05-13,74.8748779296875,74.92092222250396,74.8748779296875,74.92092222250396,2442600
2024-05-14,74.94856262207031,74.94856262207031,74.92093463651366,74.9301463071812,2319500
2024-05-15,75.08671569824219,75.08671569824219,75.03145972262378,75.0498760390144,3248400
2024-05-16,75.03143310546875,75.07747739333452,75.02222143731798,75.06827275162779,2978300
2024-05-17,74.98538208007812,75.03143339456538,74.98538208007812,75.02222172637912,2758000
2024-05-20,74.96697235107422,74.99460033161424,74.96697235107422,74.99460033161424,2445200
2024-05-21,75.00382232666016,75.02223864074072,75.00382232666016,75.00382232666016,1991300
2024-05-22,74.94856262207031,74.9854022782945,74.94856262207031,74.96698596340539,3051100
2024-05-23,74.91171264648438,74.99460361818176,74.90250800353078,74.99460361818176,3473500
2024-05-24,74.9393539428711,74.9393539428711,74.90251428863047,74.91171893235644,3041000
2024-05-28,74.8748779296875,74.97618521090644,74.8748779296875,74.96697354176521,2889800
2024-05-29,74.84725189208984,74.89330321686998,74.82883557804519,74.89330321686998,2441700
2024-05-30,74.93013763427734,74.93934930387867,74.90250965191854,74.9117142950747,3711400
2024-05-31,75.03143310546875,75.04064477361952,74.97617714945221,74.98538179115893,2923000
2024-06-03,75.11644744873047,75.11644744873047,75.03328904743928,75.03328904743928,5533700
2024-06-04,75.19033813476562,75.2180622941643,75.15337963801322,75.16262102447945,2133300
2024-06-05,75.26426696777344,75.26426696777344,75.16263284799481,75.2180741264009,2577600
2024-06-06,75.27350616455078,75.28274755220171,75.24578905071135,75.2550233892489,3346500
2024-06-07,75.0794906616211,75.1534006266548,75.0794906616211,75.1534006266548,3524300
2024-06-10,75.08871459960938,75.10719737514324,75.07948026095592,75.08871459960938,2952900
2024-06-11,75.17185974121094,75.18110112734895,75.11642552260733,75.14414263190913,3755800
2024-06-12,75.27350616455078,75.40285739521035,75.27350616455078,75.39361600755942,3409200
2024-06-13,75.39363098144531,75.42134810078961,75.34743813224306,75.36591386210101,2473800
2024-06-14,75.40286254882812,75.43982105284452,75.40286254882812,75.43057966456195,2854900
2024-06-17,75.32896423339844,75.37516413716173,75.32896423339844,75.35668135601017,1272200
2024-06-18,75.43057250976562,75.4675310102764,75.40285539666084,75.41209678406683,2182800
2024-06-20,75.40286254882812,75.41210393711069,75.36590404481173,75.38437977226299,2618200
2024-06-21,75.43057250976562,75.4767723976824,75.41209678406683,75.45828962287041,2020500
2024-06-24,75.43980407714844,75.44904546335148,75.42132130474236,75.43980407714844,1576500
2024-06-25,75.44903564453125,75.45826998042027,75.4213114895301,75.44903564453125,2618100
2024-06-26,75.3751449584961,75.41210346227977,75.3751449584961,75.4028620740554,2329000
2024-06-27,75.43057250976562,75.45828962287041,75.41209678406683,75.42133112235963,1675800
2024-06-28,75.43980407714844,75.532196791842,75.4305626909454,75.5137210685482,3894800
2024-07-01,75.37491607666016,75.42126924285114,75.35637905368388,75.38418812439839,3672100
2024-07-02,75.4397964477539,75.47687756138076,75.43053147372164,75.45834054081696,2468800
2024-07-03,75.5510482788086,75.56958530145552,75.46762106814735,75.46762106814735,1772800
2024-07-05,75.69010925292969,75.69010925292969,75.6252190575849,75.63448403370498,2171900
2024-07-08,75.68082427978516,75.68082427978516,75.65301521117236,75.67155223274767,2236000
2024-07-09,75.66231536865234,75.6901244475969,75.63449921720552,75.67158034663234,7304200
2024-07-10,75.69010925292969,75.7086462776707,75.67156515568783,75.7086462776707,2505700
2024-07-11,75.8662338256836,75.88477792245712,75.838424753024,75.85696884979751,5810700
2024-07-12,75.97748565673828,75.97748565673828,75.90332340637997,75.91259545580012,3170300
2024-07-15,75.97748565673828,76.00529473249729,75.94967658097927,75.96821360731812,3380600
2024-07-16,76.00528717041016,76.01455921890779,75.94966902442583,75.96820604892035,2562400
2024-07-17,76.01457977294922,76.01457977294922,75.9496895609212,75.95896161192596,2701000
2024-07-18,75.97748565673828,76.0238388313376,75.96821360731812,76.00529473249729,3111100
2024-07-19,75.94039916992188,75.96820824371747,75.94039916992188,75.95894326745291,2041700
2024-07-22,75.94967651367188,75.94967651367188,75.91259538852557,75.94040446425994,2429500
2024-07-23,75.98674774169922,76.0145568138115,75.95893866958693,75.97747569349494,2133400
2024-07-24,76.02383422851562,76.0979894018828,76.02383422851562,76.07018032780748,4871200
2024-07-25,76.0330810546875,76.0979712362067,76.01454403389602,76.05162514797833,4907000
2024-07-26,76.13507080078125,76.14434284967365,76.11653377549753,76.13507080078125,1591000
2024-07-29,76.14434814453125,76.16289224360554,76.11653906842137,76.1536201940684,4588200
2024-07-30,76.17214965820312,76.19995873155209,76.12580356012178,76.16288468208737,3108100
2024-07-31,76.32974243164062,76.32974243164062,76.1536159352938,76.21850613342183,3403900
2024-08-01,76.46182250976562,76.48042807049278,76.35021043322963,76.3595132135932,5052500
2024-08-02,76.8896255493164,76.9082311021527,76.75011228680145,76.76871783963773,5001400
2024-08-05,76.87104797363281,77.11287055461801,76.80594271289924,77.07566653477866,15588100
2024-08-06,76.77804565429688,76.85244660208717,76.70363761056497,76.85244660208717,12849200
2024-08-07,76.7315444946289,76.77805129936614,76.67574200569793,76.72224171449304,5778900
2024-08-08,76.6943359375,76.7036387170861,76.62923067228078,76.63853345186688,3622000
2024-08-09,76.71293640136719,76.75943610432569,76.67573238143564,76.7501333253575,5079400
2024-08-12,76.75944519042969,76.77805075056844,76.68503714175883,76.6943399218282,3745600
2024-08-13,76.88035583496094,76.88035583496094,76.83384903310198,76.85244749628055,3856100
2024-08-14,76.87104797363281,76.90825199347216,76.8245411748483,76.83384395379345,4780700
2024-08-15,76.6850357055664,76.72223972920507,76.6571344618229,76.69433848546156,3164700
2024-08-16,76.76873779296875,76.76873779296875,76.69432975416245,76.76873779296875,2987100
2024-08-19,76.75013732910156,76.79664413042738,76.75013732910156,76.75013732910156,2839700
2024-08-20,76.86174774169922,76.86174774169922,76.81524094137359,76.83384649988042,1882600
2024-08-21,76.94547271728516,77.01057799215232,76.85245909952397,76.91756437439113,3914500
2024-08-22,76.84314727783203,76.90825253902743,76.84314727783203,76.8989497600163,4181300
2024-08-23,77.01985931396484,77.01985931396484,76.87105032599489,76.90825434697273,3896800
2024-08-26,76.982666015625,77.04777128741915,76.982666015625,77.04777128741915,1896600
2024-08-27,77.02916717529297,77.04776563903823,76.97336468811527,76.97336468811527,4067400
2024-08-28,77.01985931396484,77.06636611417252,77.01985931396484,77.04776055571287,3126600
2024-08-29,77.01056671142578,77.01986239508602,76.99196115222183,77.01986239508602,2397100
2024-08-30,77.01056671142578,77.05706641755219,77.0012639318238,77.029165174688,2781300
2024-09-03,77.09268951416016,77.13002339089137,77.06469088678897,77.06469088678897,3718600
2024-09-04,77.26068878173828,77.27002403114454,77.1393590222926,77.14869427169886,2731100
2024-09-05,77.28868865966797,77.33535778674539,77.23269140374231,77.33535778674539,8628200
2024-09-06,77.42869567871094,77.52202682030332,77.28869540596752,77.37269841789744,6478400
2024-09-09,77.43803405761719,77.45669743840581,77.3913649245807,77.41936355611861,9361700
2024-09-10,77.5500259399414,77.5500259399414,77.44736666803891,77.45669479776024,6833800
2024-09-11,77.48468017578125,77.58734655083396,77.46601679882099,77.46601679882099,3679100
2024-09-12,77.4940185546875,77.51268905311038,77.41935080241352,77.4940185546875,2599000
2024-09-13,77.60600280761719,77.62466618115268,77.56866893983901,77.61533805473853,3964000
2024-09-16,77.65269470214844,77.67136520358024,77.6153679407047,77.65269470214844,2861100
2024-09-17,77.59668731689453,77.62468594467991,77.57802393860727,77.61535781589079,3015200
2024-09-18,77.56869506835938,77.69002483897721,77.51269780818338,77.55935981809351,4413300
2024-09-19,77.634033203125,77.634033203125,77.5780359388922,77.59669932006643,2892600
2024-09-20,77.66202545166016,77.68069595200984,77.57802956221516,77.615363442205,4082500
2024-09-23,77.66202545166016,77.69002408147516,77.60602819203015,77.64336207202,5030800
2024-09-24,77.73668670654297,77.74602195593663,77.65268370341792,77.68068945159888,8947900
2024-09-25,77.67137145996094,77.72736872734703,77.67137145996094,77.71803347587918,4829100
2024-09-26,77.59668731689453,77.68069032095968,77.59668731689453,77.67135507146156,2321800
2024-09-27,77.71803283691406,77.72736808830516,77.65270031859727,77.67137082137947,3208500
2024-09-30,77.60600280761719,77.6899986695877,77.5873323133745,77.67133529605219,5176000
2024-10-01,77.65564727783203,77.73056098760053,77.64628127806982,77.65564727783203,4955500
2024-10-02,77.63691711425781,77.66500796745922,77.60881911689232,77.61818511601415,5697700
2024-10-03,77.53392028808594,77.608826856038,77.53392028808594,77.599468000147,6480000
2024-10-04,77.271728515625,77.38409909284552,77.25300365817094,77.3372762329623,4013000
2024-10-07,77.16871643066406,77.21553213749259,77.15935043163275,77.15935043163275,5052100
2024-10-08,77.2342758178711,77.2342758178711,77.1780869593482,77.1968189602442,6423500
2024-10-09,77.15936279296875,77.21554450782921,77.14999679243695,77.21554450782921,4166800
2024-10-10,77.22491455078125,77.25300540968192,77.15000083093577,77.22491455078125,3859500
2024-10-11,77.29045867919922,77.30918353620798,77.25300182101647,77.27172667802525,3367200
2024-10-14,77.25299835205078,77.25299835205078,77.19681663938205,77.23427349588283,1849500
2024-10-15,77.29045867919922,77.32791553738195,77.27172667802525,77.31854953679498,3387000
2024-10-16,77.3372802734375,77.3560122760356,77.31855541500516,77.3372802734375,2130700
2024-10-17,77.271728515625,77.29046051724444,77.25300365817094,77.28109451643472,2469600
2024-10-18,77.3372802734375,77.3560122760356,77.31855541500516,77.3372802734375,1725600
2024-10-21,77.22491455078125,77.30918712748326,77.22491455078125,77.30918712748326,3474300
2024-10-22,77.21554565429688,77.26236851348591,77.19682079712042,77.25300251281504,4333300
2024-10-23,77.16871643066406,77.19680728359398,77.15935043163275,77.19680728359398,3303900
2024-10-24,77.20618438720703,77.2436412480217,77.17809352763744,77.20618438720703,2444500
2024-10-25,77.17807006835938,77.28107461824875,77.16871121412473,77.25298376721774,2453000
2024-10-28,77.14064025878906,77.1968291247103,77.11254939791147,77.1968291247103,2886400
2024-10-29,77.16871643066406,77.18744128456267,77.09380272674159,77.11252758064019,2920500
2024-10-30,77.10316467285156,77.22490123264728,77.10316467285156,77.1780783797775,2949300
2024-10-31,77.12191772460938,77.15000858633384,77.05636999919687,77.09382686288491,3751500
2024-11-01,77.0965347290039,77.23747329352963,77.07773814120195,77.21868387452547,5598400
2024-11-04,77.15291595458984,77.20929138463802,77.1341193653749,77.1905019642214,2400700
2024-11-05,77.13410949707031,77.15290608388048,77.05894465622188,77.15290608388048,2808600
2024-11-06,77.04015350341797,77.05895009155394,76.99317637067385,77.00256749594392,6637800
2024-11-07,77.17169952392578,77.17169952392578,77.0683397974752,77.09653467915992,10555500
2024-11-08,77.11534118652344,77.19051321674483,77.08715346739027,77.16232549761165,3935000
2024-11-11,77.05894470214844,77.05894470214844,77.04014811532707,77.04014811532707,1567900
2024-11-12,76.9837875366211,77.03077184393669,76.95559981975124,77.00257695826805,4609900
2024-11-13,77.0965347290039,77.12472244190904,77.0495504282968,77.12472244190904,2909700
2024-11-14,76.9837875366211,77.1341244161932,76.97438924139821,77.11533499454623,4405400
2024-11-15,77.0683364868164,77.13411020365967,76.98377335178826,77.0119610634643,3299800
2024-11-18,77.12472534179688,77.12472534179688,77.0683427450688,77.09653762783186,2645000
2024-11-19,77.12472534179688,77.17170247547253,77.12472534179688,77.16231135001622,2655600
2024-11-20,77.08712768554688,77.13410481212419,77.08712768554688,77.1059171024184,3362300
2024-11-21,77.0683364868164,77.13411020365967,77.04954706863153,77.09653136728993,2565700
2024-11-22,77.05894470214844,77.10592183160702,77.04954640873775,77.08713241358308,2352200
2024-11-25,77.20928192138672,77.20928192138672,77.14350820479272,77.16230479170383,3579100
2024-11-26,77.20928192138672,77.20928192138672,77.14350820479272,77.19049250327306,6597200
2024-11-27,77.25627899169922,77.29386500293764,77.24688069668996,77.28446670792837,2463400
2024-11-29,77.35023498535156,77.35963327969863,77.33144556545557,77.3408366910045,1597600
2024-12-02,77.34553527832031,77.37381402976592,77.27954912763019,77.3078278790758,5102300
2024-12-03,77.35494995117188,77.40208599408206,77.33609984917804,77.39265734710995,3950600
2024-12-04,77.43978881835938,77.45863891924039,77.33609528363884,77.33609528363884,3935400
2024-12-05,77.43978881835938,77.43978881835938,77.38322413181638,77.39265277823186,2517700
2024-12-06,77.51521301269531,77.55291321903248,77.49635571757588,77.54349176342362,5705800
2024-12-09,77.48692321777344,77.51520915904635,77.48692321777344,77.51520915904635,4641600
2024-12-10,77.47750091552734,77.48692237056481,77.43979351952622,77.47750091552734,2919500
2024-12-11,77.45862579345703,77.55289066578838,77.45862579345703,77.5340405681016,2453000
2024-12-12,77.42091369628906,77.48689982210166,77.42091369628906,77.47747836980581,3185000
2024-12-13,77.38321685791016,77.43978153913616,77.38321685791016,77.43035289360695,2420800
2024-12-16,77.39266204833984,77.4209407990236,77.38323340079498,77.41151934342956,2930300
2024-12-17,77.40208435058594,77.42093445217952,77.3832270570421,77.3832270570421,2492600
2024-12-18,77.26020050048828,77.45883629028575,77.25073959148104,77.43992168883038,6931400
2024-12-19,77.34532928466797,77.35479019395078,77.28857826208977,77.30750008065539,12522700
2024-12-20,77.35478973388672,77.42100166535393,77.34532882466017,77.42100166535393,3495400
2024-12-23,77.30750274658203,77.3547928615082,77.30750274658203,77.33587825884965,2933800
2024-12-24,77.34532928466797,77.34532928466797,77.30750008065539,77.31695377337887,1583800
2024-12-26,77.36425018310547,77.37371109227576,77.30749916120223,77.31695285381328,1758100
2024-12-27,77.3831558227539,77.42099223849378,77.3831558227539,77.39261673082848,3668600
2024-12-30,77.4966812133789,77.5061421234243,77.46830569980267,77.46830569980267,7397300
2024-12-31,77.54396057128906,77.56287517043525,77.50612415643845,77.55341426258305,3167100
2025-01-02,77.5250473022461,77.57234463016316,77.49667179211947,77.56288372126794,3948300
2025-01-03,77.5250473022461,77.57234463016316,77.50613270101469,77.56288372126794,2804100
2025-01-06,77.54396057128906,77.55341426258305,77.50612415643845,77.52503875558463,2324300
2025-01-07,77.4966812133789,77.55343224053138,77.46830569980267,77.53451763700052,4035500
2025-01-08,77.54396057128906,77.55341426258305,77.51557784773243,77.51557784773243,2747600
2025-01-10,77.40208435058594,77.50613269875323,77.40208435058594,77.49667178985828,6188500
2025-01-13,77.42097473144531,77.42097473144531,77.3831383242613,77.41151382551011,4855000
2025-01-14,77.43992614746094,77.45884075000532,77.43046523790898,77.44937984045336,2281900
2025-01-15,77.61019134521484,77.61019134521484,77.57235492117348,77.6007304350645,3694300
2025-01-16,77.657470703125,77.67639252080399,77.56288326440703,77.57234417324653,4775000
2025-01-17,77.63853454589844,77.67637095419227,77.62907363968574,77.66691004797956,2248500
2025-01-21,77.66693115234375,77.67639206112726,77.61963382498517,77.66693115234375,2400400
2025-01-22,77.64799499511719,77.67637771622611,77.61961949056587,77.66691680918981,2706800
2025-01-23,77.64799499511719,77.66691680918981,77.61961949056587,77.61961949056587,3378500
2025-01-24,77.6953125,77.7426098309124,77.67639789757074,77.6953125,2190000
2025-01-27,77.80882263183594,77.83719814407597,77.77098620999602,77.8277372344761,3639700
2025-01-28,77.82772064208984,77.82772064208984,77.7804305372916,77.78988422831642,2980500
2025-01-29,77.78044128417969,77.83719230440207,77.74260486517844,77.83719230440207,2849200
2025-01-30,77.82772064208984,77.84664245725557,77.80880604348215,77.81825973450698,1956300
2025-01-31,77.83719635009766,77.8655718616837,77.80882083851161,77.83719635009766,2987300
2025-02-03,77.7831039428711,77.85902867212998,77.76412638084672,77.81157390619799,3483200
2025-02-04,77.8590087890625,77.8590087890625,77.78308407919272,77.78308407919272,3232500
2025-02-05,77.90644836425781,77.94441071532465,77.88747080901345,77.88747080901345,3456200
2025-02-06,77.87799835205078,77.90646831249622,77.86851319228896,77.87799835205078,2083200
2025-02-07,77.7925796508789,77.84951956531414,77.7925796508789,77.84002716604856,3488900
2025-02-10,77.83053588867188,77.8590058436513,77.82104349015253,77.84002104661263,2573000
2025-02-11,77.81155395507812,77.83053875281544,77.80206879678832,77.80206879678832,2861900
2025-02-12,77.7071762084961,77.74513857165745,77.69769104814108,77.73565341130242,4537400
2025-02-13,77.81155395507812,77.82104635394678,77.783083999051,77.79257639791966,3512000
2025-02-14,77.91596221923828,77.94443218023414,77.89698465876774,77.91596221923828,3120500
2025-02-18,77.84953308105469,77.89698784504228,77.84953308105469,77.88749544412867,2824100
2025-02-19,77.90644836425781,77.90644836425781,77.85900085585786,77.85900085585786,2694600
2025-02-20,77.91596221923828,77.95392458075946,77.91596221923828,77.9254546197636,2106500
2025-02-21,78.048828125,78.0678129263573,77.95392583995412,77.95392583995412,3614000
2025-02-24,78.10577392578125,78.10577392578125,78.02984920283711,78.03934160335015,2497300
2025-02-25,78.21016693115234,78.23863689150035,78.17220457049501,78.18168973022439,3632100
2025-02-26,78.23863983154297,78.25761739229479,78.17220750804125,78.21016987012513,2280100
2025-02-27,78.26709747314453,78.27658987231638,78.20066516009975,78.2101575592716,4639500
2025-02-28,78.40946197509766,78.40946197509766,78.29557489591306,78.32404485556427,4383100
2025-03-03,78.45989990234375,78.46942145809341,78.33614872887435,78.345670284624,5333700
2025-03-04,78.46942901611328,78.61222331483566,78.44087160893275,78.54558694380785,5198900
2025-03-05,78.3837661743164,78.5360820620455,78.37425187844929,78.51704620749,4304600
2025-03-06,78.43134307861328,78.46942203907481,78.37422826933053,78.42182152279312,4557400
2025-03-07,78.42182922363281,78.55510196692569,78.38375025943202,78.53606611623519,3499300
2025-03-10,78.56464385986328,78.59320127470092,78.49800747096825,78.52656488580588,4644400
2025-03-11,78.51703643798828,78.63126607675076,78.5075148804846,78.56462969986586,4668500
2025-03-12,78.45989990234375,78.51702197402265,78.44086405366347,78.45989990234375,3475800
2025-03-13,78.51703643798828,78.5551081423622,78.43135694609605,78.45991435578667,2946600
2025-03-14,78.45989990234375,78.52653626695329,78.45038560941313,78.52653626695329,3932500
2025-03-17,78.43134307861328,78.48845788789603,78.41230722979206,78.44086463443344,4582600
2025-03-18,78.43134307861328,78.46942203907481,78.42182152279312,78.42182152279312,3438500
2025-03-19,78.54559326171875,78.54559326171875,78.38375583664526,78.41232050894317,3886300
2025-03-20,78.56464385986328,78.63128024875832,78.5551223006435,78.63128024875832,3039300
2025-03-21,78.61222839355469,78.66934321160564,78.61222839355469,78.65030735986205,3172500
2025-03-24,78.50750732421875,78.57414369468998,78.49798576763153,78.57414369468998,2351300
2025-03-25,78.53607177734375,78.57415074428938,78.51703592528109,78.52655021990226,2711400
2025-03-26,78.51703643798828,78.5551081423622,78.51703643798828,78.52655073267157,3684800
2025-03-27,78.55511474609375,78.58367942100604,78.53607889230655,78.55511474609375,2187600
2025-03-28,78.6978988647461,78.71694197888499,78.62174093383058,78.62174093383058,4087900
2025-03-31,78.75502014160156,78.79309184385123,78.68838376843472,78.764534435754,4593200
2025-04-01,78.78367614746094,78.82187714133244,78.7454678661049,78.76456836304065,4326400
2025-04-02,78.72636413574219,78.83143509301084,78.69770974512072,78.83143509301084,3071600
2025-04-03,79.0224609375,79.06066192581082,78.96514488006684,78.98425266170572,6729500
2025-04-04,78.97471618652344,79.34723784831249,78.97471618652344,79.26127467443119,12599700
2025-04-07,78.98426055908203,79.22305684106017,78.82187354884891,79.17529466967086,18363100
2025-04-08,78.9365005493164,79.09888027651199,78.84098349140632,78.84098349140632,13086100
2025-04-09,78.88874053955078,79.07978194809323,78.62128985507596,78.99381149237797,25591000
2025-04-10,78.87918853759766,78.955605095786,78.83142636685892,78.88873514175813,10029500
2025-04-11,78.73592376708984,78.85054862541502,78.7072693743799,78.83144083861811,6585900
2025-04-14,78.90785217285156,78.92695267089513,78.783680716856,78.783680716856,5006100
2025-04-15,78.90785217285156,78.96516095446721,78.8982982800873,78.90785217285156,3090700
2025-04-16,79.0129165649414,79.03201706139775,78.95560778808803,78.99380878100072,3178900
2025-04-17,79.04157257080078,79.07978085197966,79.0033642896219,79.04157257080078,3384000
2025-04-21,78.99382019042969,79.13709944074193,78.99382019042969,79.07023676226093,5283700
2025-04-22,79.0224609375,79.07021581663027,79.00335315586113,79.05111532247484,3521700
2025-04-23,78.96517944335938,79.08935821591508,78.92697115084121,79.04159602839572,3647400
2025-04-24,79.0606689453125,79.0606689453125,79.00336017027458,79.02246795360996,3993500
2025-04-25,79.1275405883789,79.1370944811304,79.05113130882171,79.07978569959128,2259800
2025-04-28,79.24215698242188,79.24215698242188,79.12753214409115,79.13708603582309,2847000
2025-04-29,79.28992462158203,79.29947122648815,79.21350805742505,79.22306194981583,3832200
2025-04-30,79.39498901367188,79.39498901367188,79.30901856422929,79.31857245583048,5104800
2025-05-01,79.23114776611328,79.43236276189698,79.20240381103893,79.42277900678445,5150400
2025-05-02,79.07783508300781,79.19281821088958,79.04909112860314,79.16407425648491,4556100
2025-05-05,79.06825256347656,79.1257477834473,79.0395086086228,79.1161640284083,3420300
2025-05-06,79.13532257080078,79.1544900804773,79.11616237138729,79.13532257080078,3476300
2025-05-07,79.16407012939453,79.2023978366903,79.10657491331953,79.13531886622569,2522500
2025-05-08,79.00119018554688,79.14491728697443,78.99161373964535,79.13533353080885,3566000
2025-05-09,79.03951263427734,79.11616805796707,79.03951263427734,79.07784034612222,2009600
2025-05-12,78.89579772949219,78.94370920426506,78.87663752574186,78.88622128274936,4386600
2025-05-13,78.8766098022461,78.94368145719501,78.85744960523017,78.94368145719501,4241200
2025-05-14,78.81912231445312,78.90535416687038,78.81912231445312,78.88619396975393,3960300
2025-05-15,78.9724349975586,78.9724349975586,78.9053633344651,78.93410728861045,3449300
2025-05-16,78.95328521728516,79.03951709110082,78.94370146121766,79.03951709110082,3528300
2025-05-19,78.98202514648438,78.99160890206304,78.92453723353962,78.93411367885469,2906900
2025-05-20,78.99161529541016,79.02035925420898,78.96287133661133,78.98203153905581,3289200
2025-05-21,78.94369506835938,78.97243902397024,78.93411131306796,78.96286257894221,4095600
2025-05-22,78.99161529541016,79.0011917415003,78.96287133661133,78.99161529541016,3415600
2025-05-23,79.03951263427734,79.11616805796707,79.02035243348669,79.11616805796707,8202300
2025-05-27,79.06825256347656,79.07783631851555,79.02993216384701,79.04909236366179,3870300
2025-05-28,79.01075744628906,79.0490851526855,79.00117369212433,79.0490851526855,1972600
2025-05-29,79.09698486328125,79.10656130576088,79.06823360505807,79.06823360505807,2154300
2025-05-30,79.19281768798828,79.19281768798828,79.11616226990658,79.13532246929549,4331000
2025-06-02,79.12744140625,79.18512646441361,79.11783334188964,79.15628026813167,4011000
2025-06-03,79.10822296142578,79.16590068884794,79.09860756205518,79.14667722450747,4456600
2025-06-04,79.25243377685547,79.26204184293614,79.16590984131834,79.1755252418006,5744700
2025-06-05,79.1658935546875,79.27164093503237,79.1658935546875,79.25241747242424,3164700
2025-06-06,79.03130340576172,79.08898112513447,79.03130340576172,79.06975766347678,1563300
2025-06-09,79.08899688720703,79.11784308704203,79.0601580217732,79.0601580217732,2166800
2025-06-10,79.08899688720703,79.13706655253085,79.08899688720703,79.11784308704203,2010600
2025-06-11,79.21398162841797,79.21398162841797,79.15629655838286,79.18514276060131,1825500
2025-06-12,79.28126525878906,79.29088065837564,79.25242639443024,79.29088065837564,2612200
2025-06-13,79.22358703613281,79.25242590031183,79.19474083755294,79.25242590031183,3572700
2025-06-16,79.21398162841797,79.25243589697412,79.20436622767849,79.22359702915746,2380700
2025-06-17,79.25243377685547,79.27165724341839,79.21397950932803,79.24281837637321,2057400
2025-06-18,79.29087829589844,79.37739488639713,79.26203209799819,79.29087829589844,1921300
2025-06-20,79.34854888916016,79.377387750067,79.30047923138208,79.3100946298177,2328700
2025-06-23,79.45429992675781,79.49275418787067,79.37739140453209,79.37739140453209,3113400
2025-06-24,79.5215835571289,79.5215835571289,79.43505964635376,79.44467504408422,4292000
2025-06-25,79.53119659423828,79.54080465728407,79.4735115439672,79.49274233885733,3268100
2025-06-26,79.62732696533203,79.62732696533203,79.56964191622018,79.57925731347201,4964600
2025-06-27,79.59851837158203,79.63696530640874,79.57928756976676,79.57928756976676,2432800
2025-06-30,79.65618896484375,79.65618896484375,79.60811929901826,79.6465735647984,5690200
2025-07-01,79.5732421875,79.65038917353193,79.5635960550548,79.62145813403956,5018100
2025-07-02,79.56359100341797,79.61181430473896,79.55394487158522,79.58287590924071,4292600
2025-07-03,79.47681427001953,79.49609917981675,79.44787586855732,79.48645304599602,2781500
2025-07-07,79.45751190185547,79.48644294179576,79.44786576926093,79.47680416704455,4022000
2025-07-08,79.46715545654297,79.46715545654297,79.43822441754119,79.44786319197974,3648300
2025-07-09,79.53466796875,79.53466796875,79.48644466257666,79.49609079538001,2002200
2025-07-10,79.53466796875,79.53466796875,79.49609079538001,79.53466796875,2249400
2025-07-11,79.515380859375,79.52502699280387,79.49609595036121,79.52502699280387,4146300
2025-07-14,79.5250244140625,79.55395545556702,79.50573950567406,79.5250244140625,1887300
2025-07-15,79.44786834716797,79.52502269474111,79.43822957210399,79.52502269474111,3436600
2025-07-16,79.55394744873047,79.58287848732319,79.47680046509755,79.47680046509755,4457200
2025-07-17,79.5250244140625,79.5636015886831,79.50573950567406,79.55395545556702,2819800
2025-07-18,79.59252166748047,79.63109883678764,79.59252166748047,79.62145270500017,1294500
2025-07-21,79.64075469970703,79.66003960779564,79.63110856674092,79.66003960779564,1857200
2025-07-22,79.69862365722656,79.69862365722656,79.66004647987778,79.66004647987778,8474300
2025-07-23,79.63111114501953,79.67933445356783,79.61182623630651,79.6696883202894,2500900
2025-07-24,79.56359100341797,79.6021681729062,79.56359100341797,79.57323713525071,2147100
2025-07-25,79.61183166503906,79.62147044113091,79.59253939716666,79.61183166503906,2023400
2025-07-28,79.60218048095703,79.61182661428126,79.5925343476328,79.60218048095703,2467100
2025-07-29,79.66969299316406,79.67933912700828,79.62146968178732,79.62146968178732,2079200
2025-07-30,79.58287811279297,79.69860962446215,79.58287811279297,79.6311014154492,3786200
2025-07-31,79.58287811279297,79.6311014154492,79.57323933853608,79.60217037699265,5883700
2025-08-01,79.9796142578125,80.00864027632295,79.87318060194183,79.87318060194183,6048700
2025-08-04,79.99893951416016,80.00861731155203,79.95055790919726,79.98926171676828,4535300
2025-08-05,79.96993255615234,80.00863637294422,79.94090653905799,79.96993255615234,6269300
2025-08-06,79.99893951416016,79.99893951416016,79.95055790919726,79.95055790919726,2741800
2025-08-07,79.96025085449219,79.99895466939537,79.95057305526693,79.97960645294272,2927700
2025-08-08,79.9408950805664,79.96024329518991,79.93121728225606,79.96024329518991,2621200
2025-08-11,79.9408950805664,79.96024329518991,79.93121728225606,79.93121728225606,2730500
2025-08-12,79.99893951416016,80.00861731155203,79.96023570658915,79.96991350398102,2844100
2025-08-13,80.10537719726562,80.10537719726562,80.05699558985194,80.06667338773404,3589200
2025-08-14,80.01828002929688,80.03763562221864,79.99893181837088,80.02795782575775,3934100
2025-08-15,79.9892807006836,80.05701053450812,79.9892807006836,80.03766231712892,1979400
2025-08-18,79.9892807006836,80.02798451744022,79.97961028299311,80.0183067177515,6377300
2025-08-19,80.02796936035156,80.0473249560631,80.0182915624958,80.02796936035156,7318900
2025-08-20,80.0569839477539,80.08600995518233,80.02795794032548,80.03763573680021,2613800
2025-08-21,79.9892807006836,80.04734011681764,79.9699324833044,80.03766231712892,3399800
2025-08-22,80.1634292602539,80.1731070581408,80.01829181993784,80.02796961782474,4815300
2025-08-25,80.1247329711914,80.1247329711914,80.10538475559845,80.1150625543937,5797100
2025-08-26,80.19245147705078,80.20212927447972,80.15374766933158,80.15374766933158,1673600
2025-08-27,80.2505111694336,80.2505111694336,80.19245176664687,80.20212956411075,2399500
2025-08-28,80.22148132324219,80.24082953524827,80.21180352624106,80.22148132324219,1824800
2025-08-29,80.2892074584961,80.30855566961542,80.25050365426159,80.26017406882333,2757600
2025-09-02,80.24845123291016,80.26785979157022,80.2290426742501,80.23874325106989,4372200
2025-09-03,80.30667877197266,80.3260947343133,80.23873771382034,80.24844569499066,3284400
2025-09-04,80.36492919921875,80.36492919921875,80.32610467475286,80.34551323447536,3232700
2025-09-05,80.48139190673828,80.56874893428524,80.47169132980461,80.5396323934431,5352500
2025-09-08,80.52991485595703,80.54932341254195,80.51049889435244,80.53962283675934,2281200
2025-09-09,80.46198272705078,80.55904033078257,80.46198272705078,80.52992379016509,2467600
2025-09-10,80.47168731689453,80.52021241420474,80.47168731689453,80.52021241420474,8269500
2025-09-11,80.50080871582031,80.55904179811596,80.49110073376416,80.52992525696813,4892400
2025-09-12,80.4910888671875,80.50079684781244,80.46197233033224,80.50079684781244,3057500
2025-09-15,80.52021789550781,80.53963385976976,80.52021789550781,80.53963385976976,1917300
2025-09-16,80.55904388427734,80.57845244387161,80.53963532468306,80.54933590196978,2091100
2025-09-17,80.52021789550781,80.64639204312773,80.52021789550781,80.57845097825228,4243800
2025-09-18,80.4910888671875,80.52020540404276,80.47168031095718,80.4910888671875,2847600
2025-09-19,80.52021789550781,80.53963385976976,80.51050991337684,80.52021789550781,2196900
2025-09-22,80.48139190673828,80.5396323934431,80.48139190673828,80.52992441148888,1835800
2025-09-23,80.51051330566406,80.5299292707441,80.49110474560503,80.50081272814505,2433300
2025-09-24,80.47168731689453,80.51050443273462,80.47168731689453,80.50080385628469,3073900
2025-09-25,80.40373992919922,80.43286387399989,80.39403935261929,80.42315589239968,3458200
2025-09-26,80.4522705078125,80.46197848918052,80.41344598736055,80.43286195009658,2291700
2025-09-29,80.48139190673828,80.49109988869252,80.46198334785038,80.46198334785038,3836900
2025-09-30,80.52021789550781,80.54933443688005,80.51050991337684,80.51050991337684,4044100
2025-10-01,80.61367797851562,80.63314661239718,80.58446388578149,80.6234085814858,4194100
2025-10-02,80.6331558227539,80.6331558227539,80.5844730905774,80.60394915462483,1896800
2025-10-03,80.60394287109375,80.66235620279826,80.60394287109375,80.63314953694601,2282300
2025-10-06,80.58447265625,80.61368675216367,80.58447265625,80.59421068822122,2637300
2025-10-07,80.6234130859375,80.64288914884838,80.59420641951277,80.60394445096821,2301800
2025-10-08,80.61367797851562,80.65261524627874,80.60393994760425,80.65261524627874,2942100
2025-10-09,80.60394287109375,80.62341150568143,80.59420483982917,80.61368090235833,2884700
2025-10-10,80.7402572631836,80.76946393325592,80.6623678576957,80.69157452776803,5552900
2025-10-13,80.8960189819336,80.8960189819336,80.74024761750965,80.75971625258452,9266400
2025-10-14,80.83760070800781,80.83760070800781,80.78892540932482,80.80839404320977,6221200
2025-10-15,80.79866027832031,80.82786694466041,80.78892967483468,80.80839830974755,3720300
2025-10-16,80.90576171875,80.93496838703174,80.78893504562306,80.78893504562306,5563700
2025-10-17,80.8960189819336,80.92523307645838,80.87655034685872,80.90575701344186,3354600
2025-10-20,80.90576171875,80.90576171875,80.87655505046827,80.90576171875,3331400
2025-10-21,80.92523193359375,80.93496253702294,80.90575587085227,80.92523193359375,4726800
2025-10-22,80.92523193359375,80.94470056839367,80.90575587085227,80.90575587085227,6952900
2025-10-23,80.86681365966797,80.91549639007692,80.86681365966797,80.90575835840677,4405500
2025-10-24,80.91549682617188,80.93496546167532,80.89602076272662,80.92523485789451,2293400
2025-10-27,80.8960189819336,80.90575701344186,80.86681231535046,80.8960189819336,6043700
2025-10-28,80.90576171875,80.91549975082461,80.87655505046827,80.88629308254288,6114700
2025-10-29,80.74998474121094,80.91549413528246,80.74024670981215,80.91549413528246,5335000
2025-10-30,80.75971984863281,80.77919591251656,80.72078257674927,80.73051318074917,3799300
2025-10-31,80.78892517089844,80.7986557738416,80.76944910912975,80.78892517089844,3592700
2025-11-03,80.79186248779297,80.82116201893403,80.78209349355951,80.78209349355951,5418800
2025-11-04,80.82115936279297,80.85045889297112,80.82115936279297,80.83092835670537,6502000
2025-11-05,80.76254272460938,80.83091076399789,80.75277373282319,80.8211417722117,3952600
2025-11-06,80.86022186279297,80.8895213907883,80.84068387642375,80.85045286960836,3725200
2025-11-07,80.89929962158203,80.94812968996384,80.87976163298184,80.87976163298184,2942900
2025-11-10,80.87975311279297,80.89929109933496,80.86999157108053,80.88952210606396,6287900
2025-11-11,80.9481201171875,80.9481201171875,80.90905159616663,80.9285895824563,4175200
2025-11-12,80.9188232421875,80.93836122911772,80.9090542487224,80.9188232421875,2369900
2025-11-13,80.86998748779297,80.899287014568,80.86998748779297,80.86998748779297,5328100
2025-11-14,80.89929962158203,80.95789868426392,80.87000009024109,80.94812968996384,5750000
2025-11-17,80.8895263671875,80.89929536097311,80.8797573734019,80.89929536097311,7200800
2025-11-18,80.93836975097656,80.98719982032591,80.91883176198924,80.96766928289807,3498300
2025-11-19,80.92859649658203,80.98719555734051,80.91882750260258,80.96766502094071,2679800
2025-11-20,80.9969711303711,81.0262706631302,80.95790260283903,80.96767159761197,5810700
2025-11-21,81.09461975097656,81.104388743464,81.04578969165527,81.08485075848913,4849600
2025-11-24,81.10440063476562,81.10440063476562,81.0653321106457,81.09463164084588,5120700
2025-11-25,81.15322875976562,81.16299775345166,81.1043986944532,81.11416768813923,4276700
2025-11-26,81.14347076416016,81.14347076416016,81.10440223926733,81.13370177004715,4349400
2025-11-28,81.14347076416016,81.17277029493998,81.12393277593414,81.16300130082696,2799600
2025-12-01,81.07392120361328,81.10330881364398,81.07392120361328,81.10330881364398,3358500
2025-12-02,81.12288665771484,81.13268501766751,81.09349905181558,81.11309577172094,4653000
2025-12-03,81.171875,81.18167336043751,81.14248739264661,81.18167336043751,2121300
2025-12-04,81.11309051513672,81.15226900449089,81.11309051513672,81.15226900449089,2473900
2025-12-05,81.08370971679688,81.13269404805364,81.08370971679688,81.13269404805364,2172300
2025-12-08,81.06411743164062,81.08370667903365,81.02493146289522,81.08370667903365,3378600
2025-12-09,81.02494049072266,81.10331243694569,81.02494049072266,81.10331243694569,2709900
2025-12-10,81.16207122802734,81.16207122802734,81.02492408688315,81.03472244666735,4431300
2025-12-11,81.171875,81.2110609677909,81.16207663956249,81.20126260735339,3552400
2025-12-12,81.18167877197266,81.20126802019435,81.16208204979132,81.17188041088198,4256400
2025-12-15,81.23064422607422,81.25024094550449,81.21105498060253,81.24044258578935,5252200
2025-12-16,81.26982879638672,81.28942551548072,81.24044119170419,81.25023955125118,4004800
2025-12-17,81.27963256835938,81.28943092855884,81.25024496171991,81.26003584796042,5873900
2025-12-18,81.3384017944336,81.34820015391182,81.28942494495926,81.34820015391182,3896800
2025-12-19,81.32367706298828,81.33349811211043,81.30401997077584,81.32367706298828,4195000
2025-12-22,81.28437042236328,81.31384856371486,81.2745418762514,81.31384856371486,4489000
2025-12-23,81.24505615234375,81.25488469753834,81.21557801374335,81.22540655893795,3442900
2025-12-24,81.29420471191406,81.30402576173573,81.26471907149526,81.27454761830153,2287200
2025-12-26,81.3531494140625,81.37279900789233,81.34332086865582,81.36297795946918,2034700
2025-12-29,81.39246368408203,81.4121132797431,81.38263513775938,81.39246368408203,3432000
2025-12-30,81.412109375,81.42193792085125,81.39245978028137,81.39245978028137,3641100
2025-12-31,81.38262939453125,81.43176462569276,81.38262939453125,81.40227898880563,3753000
2026-01-02,81.42193603515625,81.43176458077987,81.40227894390901,81.43176458077987,3041700
2026-01-05,81.45140838623047,81.46123693115557,81.43175879336343,81.44157984130537,3063400
2026-01-06,81.46123504638672,81.46123504638672,81.41209981988122,81.44157795699132,4368900
2026-01-07,81.45140838623047,81.49071506894771,81.44157984130537,81.47106547608067,4298000
2026-01-08,81.42193603515625,81.4415856294198,81.42193603515625,81.43176458077987,2470500
2026-01-09,81.39246368408203,81.4317703723884,81.37280659143673,81.4317703723884,3409700
2026-01-12,81.39246368408203,81.40228473342044,81.37280659143673,81.38263513775938,2243100
2026-01-13,81.412109375,81.43176646670248,81.40228082914875,81.42193792085125,4656300
2026-01-14,81.4317626953125,81.46124083451714,81.4317626953125,81.44158374372503,3022500
2026-01-15,81.37279510498047,81.42193033267364,81.37279510498047,81.42193033267364,3306400
2026-01-16,81.3531494140625,81.40227714712883,81.34332086865582,81.40227714712883,4540100
2026-01-20,81.36296844482422,81.3826180363562,81.36296844482422,81.37278949209889,5763700
2026-01-21,81.40228271484375,81.40228271484375,81.37280457359101,81.39246166574887,14151400
2026-01-22,81.37279510498047,81.38262364991574,81.3531455120931,81.37279510498047,4878300
2026-01-23,81.40228271484375,81.41211126092267,81.38263311966993,81.39246166574887,2506700
2026-01-26,81.4317626953125,81.44158374372503,81.4121056045204,81.4317626953125,3094300
2026-01-27,81.45140838623047,81.47106547608067,81.43175879336343,81.43175879336343,4339300
2026-01-28,81.45140838623047,81.47106547608067,81.43175879336343,81.47106547608067,4157500
2026-01-29,81.48088836669922,81.510366505158,81.4612387733878,81.4612387733878,4135800
2026-01-30,81.54967498779297,81.56933207852136,81.52019684868388,81.53002539404808,4272800
2026-02-02,81.51023864746094,81.55952233346194,81.50038792596852,81.5496640923348,4079300
2026-02-03,81.50039672851562,81.52010569326387,81.48068024413183,81.49053848632373,4449700
2026-02-04,81.53983306884766,81.54968379271976,81.50040761444959,81.50040761444959,3945400
2026-02-05,81.66795349121094,81.6876624569833,81.59896083155377,81.62852804003028,6014000
2026-02-06,81.66795349121094,81.69752069968746,81.63838628273443,81.69752069968746,7414400
2026-02-09,81.68766021728516,81.69751845971902,81.67780949448702,81.68766021728516,6928900
2026-02-10,81.73694610595703,81.75665507171857,81.7270878632583,81.73694610595703,4736200
2026-02-11,81.65809631347656,81.6975217651714,81.63838734744716,81.65809631347656,3509800
2026-02-12,81.73694610595703,81.75665507171857,81.67781168903649,81.6876624120993,3377300
2026-02-13,81.86508178710938,81.87494003084429,81.83551457554138,81.84537281927629,3563900
2026-02-17,81.83550262451172,81.8552191091022,81.81579365955687,81.84536086680696,3293800
2026-02-18,81.78622436523438,81.80593332968627,81.78622436523438,81.78622436523438,2145500
2026-02-19,81.78622436523438,81.81579157172995,81.77636612319071,81.77636612319071,2653900
2026-02-20,81.79608154296875,81.82564875179776,81.77637257696142,81.81579802861211,3451900
2026-02-23,81.86508178710938,81.88479827457918,81.80594736397339,81.82565633180648,2809000
2026-02-24,81.86508178710938,81.87494003084429,81.83551457554138,81.85523106301119,5232700
2026-02-25,81.8453598022461,81.8453598022461,81.8157925953806,81.8355015600791,4495400
2026-02-26,81.87493896484375,81.89464793242023,81.83551351005416,81.83551351005416,7856900
2026-02-27,81.98335266113281,82.00306162764564,81.95378545154546,81.96364369461998,5655100
2026-03-02,81.83807373046875,81.91713659656524,81.81831178386958,81.90725185334071,7074100
2026-03-03,81.82819366455078,81.84795561045863,81.73924605834134,81.74913080122009,5817200
2026-03-04,81.77877807617188,81.82819425107016,81.75901613012238,81.81830950812056,5025800
2026-03-05,81.719482421875,81.73924436737403,81.68983573370171,81.70959767920074,7172700
2026-03-06,81.75902557373047,81.83808090690948,81.699724649033,81.699724649033,5750000
2026-03-09,81.79854583740234,81.80843058105467,81.69972102042985,81.72936771153658,4899200
2026-03-10,81.74913787841797,81.82820074859329,81.73925313468348,81.79854651738982,5106600
2026-03-11,81.6700668334961,81.71948300737195,81.6700668334961,81.70959826462686,3976900
2026-03-12,81.5317153930664,81.66018689691555,81.50206870293583,81.64042495011184,8506900
2026-03-13,81.58113098144531,81.6404243612788,81.56136149493419,81.63053961802323,7184000
2026-03-16,81.6799545288086,81.6799545288086,81.62065361004404,81.6700697857062,4785600
2026-03-17,81.6898422241211,81.70960417119025,81.67995748066147,81.67995748066147,3379600
2026-03-18,81.5416030883789,81.6601898531943,81.5416030883789,81.63054316199046,5624600
2026-03-19,81.52183532714844,81.56136676287402,81.40324855982209,81.42301050775968,12151300
2026-03-20,81.34394836425781,81.41312649243406,81.31430167216092,81.40324928830209,11512100
2026-03-23,81.46253967285156,81.52183305486203,81.37359205998565,81.39336154722261,8918100
2026-03-24,81.34394836425781,81.42301123641653,81.30441692817845,81.36371785222273,8547200
2026-03-25,81.43289184570312,81.46253853629473,81.40324515511152,81.43289184570312,5556000
2026-03-26,81.2550048828125,81.3933611333669,81.2550048828125,81.3637144425124,7405900
2026-03-27,81.42300415039062,81.42300415039062,81.31429459559573,81.31429459559573,7966400
2026-03-30,81.5317153930664,81.57124682652383,81.50206870293583,81.5119534462627,5461200
2026-03-31,81.60089111328125,81.65030728861008,81.58112916705957,81.62065305950293,10879800
2026-04-01,81.59791564941406,81.62765128925525,81.56818000957288,81.59791564941406,7671800
2026-04-02,81.6375732421875,81.66730888477949,81.59792319790729,81.60783759959551,4735100
2026-04-06,81.55827331542969,81.58800895808066,81.53845207448661,81.56818771713758,3659700
2026-04-07,81.61773681640625,81.65738685698348,81.52852989696147,81.578094338301,3130500
2026-04-08,81.6970443725586,81.75652322010252,81.66730873002295,81.75652322010252,6026600
2026-04-09,81.71686553955078,81.7565155800506,81.66730109830802,81.6970367380649,6123400
2026-04-10,81.6871337890625,81.7366906701928,81.67721938784752,81.7267762689778,5766600
2026-04-13,81.7466049194336,81.7466049194336,81.67721923600232,81.70695487711967,2919900
2026-04-14,81.80607604980469,81.80607604980469,81.72677596532407,81.73669036650222,3521000
2026-04-15,81.7862548828125,81.79616172152718,81.75651924172384,81.79616172152718,3072800
2026-04-16,81.75652313232422,81.80608001567285,81.75652313232422,81.80608001567285,2875600
2026-04-17,81.91510772705078,81.93493652842713,81.87545768677,81.88537208745818,4856700
2026-04-20,81.87545776367188,81.9051934032924,81.85563652474883,81.9051934032924,1800400
2026-04-21,81.75652313232422,81.83581565817656,81.75652313232422,81.83581565817656,3375600
2026-04-22,81.7961654663086,81.82590867123126,81.78625862714036,81.82590867123126,2126000
2026-04-23,81.75652313232422,81.80608001567285,81.72677992734785,81.79616561401406,3086000
2026-04-24,81.8457260131836,81.8655472530485,81.76642592877938,81.78625473111659,3271800
2026-04-27,81.8259048461914,81.85564048725139,81.81599044501398,81.83581168489654,2376200
2026-04-28,81.77633666992188,81.80607230962453,81.76642226919701,81.79615790889966,4175900
2026-04-29,81.66730499267578,81.7466050774569,81.63756935150094,81.7466050774569,4900900
2026-04-30,81.75652313232422,81.76642997151035,81.72677992734785,81.74660873066543,4183200
2026-05-01,81.76943969726562,81.82908670941656,81.73961619119015,81.75949600030098,2999400
2026-05-04,81.6700210571289,81.72966806604812,81.62031015981755,81.72966806604812,4021000
2026-05-05,81.70979309082031,81.73961659704386,81.6998493938063,81.70979309082031,3736500
2026-05-06,81.81915283203125,81.82908894444884,81.78932174032256,81.80920913479503,2842000
2026-05-07,81.74956512451172,81.87880285405639,81.73962142691016,81.87880285405639,2564800
2026-05-08,81.81915283203125,81.8489763389213,81.80920913479503,81.8489763389213,1597900
2026-05-11,81.73961639404297,81.80920710333125,81.73961639404297,81.79926340634194,1694000
2026-05-12,81.67997741699219,81.69985722810803,81.67003371902466,81.69985722810803,3292000
2026-05-13,81.70979309082031,81.71972920301586,81.66008219056876,81.6998493938063,2667200
2026-05-14,81.67997741699219,81.74956813312643,81.67003371902466,81.73962443515892,2185600
2026-05-15,81.58055114746094,81.62031835233799,81.58055114746094,81.61037465491404,3543600
2026-05-18,81.62031555175781,81.66008275527037,81.58054834824526,81.63025924884059,3801000
2026-05-19,81.5606689453125,81.5904924518909,81.52090174160179,81.5606689453125,3046900
2026-05-20,81.6700210571289,81.7097882580144,81.56066315089832,81.56066315089832,6917100
2026-05-21,81.66007995605469,81.6799673495385,81.57060943983227,81.59048924849783,5047200
2026-05-22,81.64020538330078,81.69985239794113,81.58055078384169,81.68990870056149,2721300
2026-05-26,81.72967529296875,81.72967529296875,81.67997197608041,81.7197315956636,2783500
2026-05-27,81.73961639404297,81.75949620320314,81.72967269705366,81.73961639404297,2001600
2026-05-28,81.77938842773438,81.81915563322215,81.72967752466994,81.73962122224661,2578700
2026-05-29,81.81915283203125,81.8489763389213,81.79926543755879,81.81915283203125,2520800
2026-06-01,81.77229309082031,81.78225862820597,81.70249629271848,81.74238126410245,2975600
2026-06-02,81.77229309082031,81.80220491753818,81.76231994615421,81.80220491753818,1890900
2026-06-03,81.73240661621094,81.75234529789599,81.71246032724558,81.73240661621094,3261700
2026-06-04,81.79222869873047,81.82214052432411,81.7822555544392,81.812174987313,3010500
2026-06-05,81.62272644042969,81.6925232386089,81.62272644042969,81.68255009393174,5008100
2026-06-08,81.66260528564453,81.7124557907297,81.65263214171554,81.69251711015161,5010000
2026-06-09,81.7024917602539,81.74237672942525,81.68254547202822,81.7024917602539,3242100
2026-06-10,81.7024917602539,81.75234226625807,81.7024917602539,81.73240358531241,3446600
2026-06-11,81.85205078125,81.86202392535013,81.70249165614806,81.7224303370683,4528000
2026-06-12,81.83211517333984,81.85205385500885,81.79223020272154,81.83211517333984,3966800
2026-06-15,81.87200164794922,81.9118866193002,81.85205535863349,81.90191347464236,3625900
2026-06-16,81.89193725585938,81.91188354442633,81.8520522860056,81.8620254302891,1766800
2026-06-17,81.64266204833984,81.89193740491947,81.64266204833984,81.87199872359638,5236600
2026-06-18,81.7523422241211,81.80220033737959,81.74237668729342,81.7523422241211,3044000
2026-06-22,81.6725845336914,81.71246189782798,81.6725845336914,81.69252321575969,2502000
2026-06-23,81.73240661621094,81.76231844237866,81.73240661621094,81.73240661621094,6606500
2026-06-24,81.83211517333984,81.85205385500885,81.80220334719618,81.81217649167084,3660400
2026-06-25,81.85205078125,81.9118820385708,81.85205078125,81.87199706945027,4011800
2026-06-26,81.95176696777344,81.97170564868398,81.92185514276761,81.92185514276761,2949000
2026-06-29,81.93182373046875,81.93182373046875,81.9019119043491,81.93182373046875,2234500
2026-06-30,81.87200164794922,81.9118866193002,81.86202850329136,81.9118866193002,3358800
2026-07-01,81.83999633789062,81.9000015258789,81.83000183105469,81.86000061035156,3433600
2026-07-02,81.94000244140625,81.97000122070312,81.91999816894531,81.93000030517578,3504900
2026-07-06,81.9800033569336,81.9800033569336,81.94000244140625,81.95999908447266,5755600
2026-07-07,81.86000061035156,81.94999694824219,81.86000061035156,81.94000244140625,3199600
2026-07-08,81.83999633789062,81.86000061035156,81.80999755859375,81.86000061035156,2179200
2026-07-09,81.91000366210938,81.94000244140625,81.87999725341797,81.88999938964844,2645800
2026-07-10,81.87999725341797,81.93000030517578,81.87999725341797,81.91000366210938,2173800
2026-07-13,81.79000091552734,81.87000274658203,81.79000091552734,81.87000274658203,2808500
2026-07-14,81.93000030517578,81.97000122070312,81.88999938964844,81.93000030517578,2766900
2026-07-15,82.0,82.02999877929688,81.97000122070312,81.97000122070312,5041100
2026-07-16,82.0,82.0,81.95999908447266,81.9800033569336,2730500
2026-07-17,81.98999786376953,82.08999633789062,81.98999786376953,82.05999755859375,4355400
2026-07-20,81.95999908447266,81.98999786376953,81.91999816894531,81.98999786376953,2909600
2026-07-21,81.88999938964844,81.93000030517578,81.87999725341797,81.91999816894531,1845000
2026-07-22,81.83000183105469,81.88999938964844,81.83000183105469,81.88999938964844,3168400
