Date,Close,High,Low,Open,Volume
2007-01-11,56.897945404052734,56.897945404052734,56.75626725529945,56.88660873089505,129700
2007-01-12,56.6146125793457,56.67695133653714,56.61461257934571,56.67695133653714,700
2007-01-16,56.71658706665039,56.71658706665039,56.65424834682381,56.69391804819771,2300
2007-01-17,56.7053108215332,56.7053108215332,56.7053108215332,56.7053108215332,1800
2007-01-18,56.68265151977539,56.68265151977539,56.54664156442531,56.5749789534759,4400
2007-01-19,56.57490921020508,56.591909893206264,56.57490921020507,56.58624155764814,4700
2007-01-22,56.67694854736328,56.70528159326231,56.67694854736329,56.67694854736329,1300
2007-01-23,56.506893157958984,56.591900883103875,56.467223462714365,56.591900883103875,4300
2007-01-24,56.44462585449219,56.47296323994693,56.43329349451708,56.467294898120386,7000
2007-01-25,56.13857650756836,56.183914575649304,56.12157581295705,56.183914575649304,1600
2007-01-26,56.09322738647461,56.16689848415376,56.07055835864835,56.144229456327494,11900
2007-01-29,56.019561767578125,56.09890121701562,56.01956176757813,56.09890121701562,2100
2007-01-30,56.12723159790039,56.12723159790039,56.104562568930504,56.104562568930504,1200
2007-01-31,56.291561126708984,56.29156112670899,56.20088503932256,56.20088503932256,5900
2007-02-01,56.442142486572266,56.442142486572266,56.442142486572266,56.442142486572266,100
2007-02-02,56.419410705566406,56.470544040847386,56.419410705566406,56.470544040847386,6100
2007-02-05,56.538726806640625,56.555771251930416,56.53872680664062,56.555771251930416,5000
2007-02-06,56.498905181884766,56.49890518188477,56.48753933850932,56.493222260197044,24800
2007-02-07,56.88532257080078,56.902367019364696,56.83418489030523,56.86827378743306,4000
2007-02-08,56.91371154785156,56.913711547851555,56.913711547851555,56.913711547851555,700
2007-02-09,56.652366638183594,56.680776940532624,56.61827774320758,56.680776940532624,2700
2007-02-12,56.612579345703125,56.62394519745829,56.60689641982554,56.62394519745829,3000
2007-02-13,56.52736282348633,56.56713464207939,56.52736282348632,56.56713464207939,3200
2007-02-14,56.92510223388672,56.92510223388672,56.783059363224105,56.83419271595653,7600
2007-02-15,57.07279586791992,57.16938826732051,57.072795867919915,57.14097797311993,25900
2007-02-16,57.16943359375,57.17511218925052,57.118295890605204,57.17511218925052,3500
2007-02-20,57.19780731201172,57.19780731201172,57.15803549191358,57.15803549191358,4300
2007-02-21,57.152339935302734,57.152339935302734,57.067117721641445,57.072796312683984,22700
2007-02-22,56.97053146362305,57.06712387419024,56.94212550094087,57.06712387419024,19600
2007-02-23,57.21487045288086,57.31714150009256,57.20350892977054,57.31146290593975,12800
2007-02-26,57.550071716308594,57.550071716308594,57.43075626303064,57.43075626303064,4300
2007-02-27,58.16934585571289,58.260255297099015,57.811399683556736,57.811399683556736,17800
2007-02-28,57.89665222167969,57.9818787775824,57.80574273943606,57.9818787775824,38000
2007-03-01,57.876121520996094,58.12701447437898,57.876121520996094,58.069990184724674,38700
2007-03-02,58.12700653076172,58.13840877692885,57.93313354318524,57.93313354318524,4300
2007-03-05,58.161258697509766,58.241087528086595,58.07572656465032,58.23538422580397,12000
2007-03-06,58.01298522949219,58.161240590269486,58.001582978821766,58.001582978821766,3300
2007-03-07,58.263851165771484,58.275253411141975,58.075681489596334,58.075681489596334,3000
2007-03-08,58.109920501708984,58.115619451535494,58.0814083512029,58.0814083512029,5700
2007-03-09,57.779178619384766,57.79628416360697,57.70504879396603,57.70504879396603,1400
2007-03-12,57.927406311035156,57.9844305693358,57.92740631103516,57.97872727343771,900
2007-03-13,58.0984992980957,58.201136923638515,58.0984992980957,58.17262478029907,800
2007-03-14,58.104209899902344,58.326590724805584,58.10420989990234,58.29237962877211,400
2007-03-15,58.087120056152344,58.087120056152344,58.03009574688918,58.03009574688918,300
2007-03-16,58.04148864746094,58.04148864746093,57.9616598537499,57.9616598537499,500
2007-03-19,57.9046630859375,57.9046630859375,57.853342069242025,57.853342069242025,5800
2007-03-20,57.995887756347656,58.018696611209094,57.995887756347656,58.01299330990768,400
2007-03-21,58.06433868408203,58.06433868408203,57.86476655823649,57.86476655823649,4700
2007-03-22,57.73929977416992,57.92176627542716,57.65376765006773,57.88185186422541,6700
2007-03-23,57.63090133666992,57.71073007948564,57.63090133666992,57.65371017038016,6300
2007-03-26,57.67655563354492,57.87612761732919,57.534003595078595,57.591023540396534,8500
2007-03-27,57.65375900268555,57.70507565924324,57.52831248619708,57.69937670874387,59200
2007-03-28,57.585304260253906,57.767770644840816,57.58530426025391,57.762071697130615,2600
2007-03-29,57.53968811035156,57.59100473928203,57.53968811035156,57.59100473928203,6800
2007-03-30,57.45420837402344,57.68229263891559,57.45420837402344,57.66518273001363,51100
2007-04-02,57.519508361816406,57.69698329908157,57.43363184228573,57.69698329908157,35700
2007-04-03,57.40492630004883,57.52515588353006,57.38775189322443,57.51370336707697,3600
2007-04-04,57.4793815612793,57.58815431156128,57.43358020965673,57.5652580036073,6000
2007-04-05,57.31907653808594,57.54807454186534,57.319076538085945,57.54807454186534,1600
2007-04-09,57.0328254699707,57.06717429745073,57.00419853516602,57.02137294890603,10300
2007-04-10,57.11297607421875,57.233201339157254,57.11297607421875,57.233201339157254,1000
2007-04-11,57.11297607421875,57.22747507858198,57.11297607421875,57.22174881800671,24200
2007-04-12,57.17021560668945,57.22173883931085,57.11868800621179,57.21601694759043,42700
2007-04-13,57.049949645996094,57.08429844322885,56.96407328506105,57.08429844322885,88300
2007-04-16,57.25038146972656,57.25038146972656,57.17595754624461,57.1816794395342,12700
2007-04-17,57.50226593017578,57.50226593017578,57.37631443286061,57.37631443286061,500
2007-04-18,57.67975997924805,57.679759979248054,57.65113304104834,57.65113304104834,900
2007-04-19,57.59386444091797,57.78279168755115,57.5595156207505,57.78279168755115,2500
2007-04-20,57.56525802612305,57.622507531745,57.508004152643785,57.622507531745,2100
2007-04-23,57.70838928222656,57.74846437663385,57.70838928222657,57.74846437663385,1300
2007-04-24,57.87443161010742,57.90305855940102,57.754206285220924,57.754206285220924,2700
2007-04-25,57.70838928222656,57.85151524337509,57.70838928222657,57.79426136462952,1700
2007-04-26,57.50226593017578,57.69118880829247,57.50226593017578,57.69118880829247,6900
2007-04-27,57.49081039428711,57.56523865762496,57.485088503150216,57.56523865762496,42000
2007-04-30,57.79996871948242,57.79996871948242,57.696917886449505,57.696917886449505,7000
2007-05-01,57.83904266357422,58.00570974850453,57.7758239629211,58.00570974850453,800
2007-05-02,57.867801666259766,57.92527203796559,57.867801666259766,57.867801666259766,6500
2007-05-03,57.770050048828125,57.844765417286986,57.73556873089617,57.844765417286986,2200
2007-05-04,57.913822174072266,58.000029993710896,57.913822174072266,57.93106724576947,13100
2007-05-07,58.00572204589844,58.063192408301525,58.00572204589844,58.05744405664894,2800
2007-05-08,57.99998474121094,58.09768481437539,57.999984741210945,58.0517111465211,700
2007-05-09,57.8045654296875,57.99422154509659,57.8045654296875,57.99422154509659,8000
2007-05-10,57.931034088134766,57.93103408813477,57.8965483491906,57.91378902630802,5000
2007-05-11,57.770050048828125,58.04016539850768,57.770050048828125,58.01143242846596,6300
2007-05-14,57.64361572265625,57.77004868031325,57.64361572265626,57.741315710952186,4800
2007-05-15,57.563201904296875,57.74710971548886,57.505727150724056,57.74710971548886,1600
2007-05-16,57.62637710571289,57.67235512346347,57.6263771057129,57.67235512346347,1000
2007-05-17,57.41378402709961,57.545965456793205,57.39079499917273,57.545965456793205,4100
2007-05-18,57.12639617919922,57.33903689674809,57.12639617919922,57.33903689674809,1600
2007-05-21,57.21834182739258,57.21834182739258,57.109149497483976,57.160871487750285,3900
2007-05-22,57.03446578979492,57.25860330819228,56.99998444379788,57.25860330819228,4900
2007-05-23,56.896549224853516,57.02873505636517,56.844827193855025,57.02873505636517,5600
2007-05-24,57.03446578979492,57.034465789794915,56.70687984869814,56.954006392662954,51600
2007-05-25,56.99421310424805,56.99421310424804,56.90800538931656,56.95973177215806,2400
2007-05-29,56.86776351928711,56.97121187809292,56.856271205955615,56.97121187809292,10200
2007-05-30,56.86776351928711,56.97121187809292,56.856271205955615,56.97121187809292,14900
2007-05-31,56.86776351928711,56.90799319300573,56.68385581304406,56.764315160481296,5900
2007-06-01,56.56361770629883,56.80023497341558,56.55784526473516,56.74252376702731,51100
2007-06-04,56.67905807495117,56.77716759720052,56.63865977737296,56.63865977737296,9100
2007-06-05,56.50593185424805,56.74832167168932,56.50593185424805,56.74832167168932,13100
2007-06-06,56.5174560546875,56.52899653658503,56.494370687808924,56.50014313029945,4400
2007-06-07,55.790283203125,56.18849808205389,55.692173694806854,56.17695319690847,28800
2007-06-08,55.82491683959961,55.82491683959961,55.58829511369385,55.64600633366867,41100
2007-06-11,55.67485809326172,55.77874003915781,55.66331320867139,55.66331320867139,3400
2007-06-12,55.051605224609375,55.40364960035857,55.051605224609375,55.36325128198177,29400
2007-06-13,55.47867965698242,55.47867965698242,55.19589139844319,55.19589139844319,36900
2007-06-14,55.39213180541992,55.61720887189076,55.39213180541992,55.46715602654744,5400
2007-06-15,55.66909408569336,55.66909408569336,55.495960418356354,55.495960418356354,5700
2007-06-18,55.738346099853516,55.73834609985352,55.56520804215147,55.72103317470006,40100
2007-06-19,56.073097229003906,56.0730972290039,55.796077118988386,55.89418666506429,16500
2007-06-20,55.72103500366211,55.88262818117677,55.72103500366211,55.88262818117677,6000
2007-06-21,55.62870788574219,55.6402527745921,55.59408202536245,55.59408202536245,1000
2007-06-22,55.796051025390625,55.819136390686246,55.42669398682707,55.49595008271394,9100
2007-06-25,56.02119064331055,56.067361425667805,55.9230810331175,55.95193446977466,9400
2007-06-26,56.00959777832031,56.125020223201254,55.980739965558065,56.125020223201254,5500
2007-06-27,56.06153869628906,56.26930262746799,56.06153869628906,56.228904329910094,4700
2007-06-28,56.00959777832031,56.125020223201254,56.00959777832031,56.101934853608256,1200
2007-06-29,56.47705078125,56.47705078125001,56.47705078125001,56.47705078125001,200
2007-07-02,56.683414459228516,56.683414459228516,56.503740103329456,56.561697718636445,5200
2007-07-03,56.428409576416016,56.68342845298384,56.42840957641601,56.68342845298384,1700
2007-07-05,55.95893096923828,56.16178482561964,55.89517626839237,56.16178482561964,3000
2007-07-06,55.7444953918457,55.802453017777786,55.66335383116411,55.802453017777786,71000
2007-07-09,55.906707763671875,55.95307557449278,55.90091068184981,55.918301927316016,18800
2007-07-10,56.52693557739258,56.52693557739258,56.29510064693818,56.31828458217197,47600
2007-07-11,56.26028060913086,56.58484659126707,56.26028060913086,56.50950218023684,2400
2007-07-12,56.10384750366211,56.18498907556105,56.06906938578826,56.18498907556105,3200
2007-07-13,56.196556091308594,56.196556091308594,56.08064087032978,56.08064087032978,300
2007-07-16,56.567466735839844,56.56746673583984,56.31824513399851,56.31824513399851,2500
2007-07-17,56.364646911621094,56.3646469116211,56.358849822911665,56.358849822911665,4200
2007-07-18,56.642860412597656,56.747185919709935,56.4631860036419,56.4631860036419,5200
2007-07-19,56.61966323852539,56.6370500819987,56.439988871574485,56.45158304847861,5400
2007-07-20,57.00798034667969,57.04275403130694,56.71239076170025,56.71239076170025,13200
2007-07-23,56.91521453857422,57.00215312606736,56.89203504233094,56.926808708576104,32700
2007-07-24,57.12971878051758,57.15869981221014,56.97323270627771,57.06016695758619,7500
2007-07-25,57.205039978027344,57.25140784110031,57.094921830582535,57.14708236012753,8900
2007-07-26,57.72666931152344,57.77303717614554,57.52381543115539,57.52381543115539,2000
2007-07-27,57.79043960571289,57.90635929853115,57.61656669931172,57.61656669931172,21600
2007-07-30,57.57592010498047,57.755594300608905,57.57592010498047,57.72661330786536,11700
2007-07-31,57.900543212890625,57.900543212890625,57.65132148244914,57.72086885343943,5500
2007-08-01,57.90928649902344,57.95003061872851,57.62407766108785,57.62407766108785,10500
2007-08-02,57.94420623779297,57.94420623779296,57.699737108169536,57.752124936222934,1500
2007-08-03,58.18865966796875,58.18865966796874,58.0082221145562,58.0082221145562,4200
2007-08-06,57.88013458251953,58.14788205097722,57.87431273037836,58.14788205097722,5600
2007-08-07,57.82194900512695,58.04313507081742,57.82194900512695,57.95582501545402,4100
2007-08-08,57.356292724609375,57.41449793772502,57.286443804406744,57.41449793772502,6500
2007-08-09,57.565853118896484,57.74629066844045,57.3155666272188,57.74629066844045,34800
2007-08-10,57.45524597167969,57.699710547996396,57.45524597167969,57.62404420983363,12600
2007-08-13,57.647342681884766,57.64734268188477,57.32138982583818,57.32138982583818,1800
2007-08-14,57.79867172241211,57.86851621559906,57.51345857265212,57.51345857265212,2900
2007-08-15,57.839412689208984,57.85687381155945,57.68225370650728,57.85687381155945,11200
2007-08-16,58.20610046386719,58.43310390041442,58.031480386166365,58.031480386166365,10600
2007-08-17,58.00818634033203,58.01400375146604,57.68222924518166,57.68222924518166,15300
2007-08-20,58.09550476074219,58.241020005161054,58.04894325751551,58.072221788742425,5600
2007-08-21,58.30508804321289,58.38657628209337,58.20031681597,58.35747587722232,15100
2007-08-22,58.20610046386719,58.23520529040834,58.09550745193846,58.165356371173395,15100
2007-08-23,58.293418884277344,58.36326337278163,58.13625990359532,58.14208175789524,8000
2007-08-24,58.438899993896484,58.468000366837096,58.415617031081354,58.468000366837096,8700
2007-08-27,58.6717643737793,58.67176437377929,58.502966111191306,58.625198417043144,14200
2007-08-28,58.933685302734375,58.933685302734375,58.71832110097425,58.747425931754215,4200
2007-08-29,58.74742889404297,59.020998330383826,58.724145916399706,59.020998330383826,2100
2007-08-30,59.003562927246094,59.07340744984746,58.90460911893439,58.95117509451921,32700
2007-08-31,58.95701599121094,59.05596539070145,58.71836861985197,58.71836861985197,36700
2007-09-04,58.932437896728516,59.031797277388975,58.77462762468947,59.031797277388975,2700
2007-09-05,59.341548919677734,59.347394898832256,59.28894848481378,59.28894848481378,1900
2007-09-06,59.19546890258789,59.39419218966102,59.19546890258789,59.39419218966102,3500
2007-09-07,59.902652740478516,59.94941166334083,59.61626214150536,59.61626214150536,14600
2007-09-10,60.19490432739258,60.31180166369322,59.89682615297517,59.89682615297517,13900
2007-09-11,60.10142135620117,60.2183142925254,60.060508382569715,60.15986782436328,10900
2007-09-12,59.937721252441406,60.013701154021874,59.87927037211294,60.013701154021874,5200
2007-09-13,59.54610824584961,59.797431816796085,59.4935078157138,59.797431816796085,7100
2007-09-14,59.62796401977539,59.96695960349935,59.49353765810452,59.96695960349935,9000
2007-09-17,59.651344299316406,59.68056974834416,59.52860543991924,59.557830888946995,3000
2007-09-18,59.4701042175293,59.5519300484166,59.329832001604395,59.51686310922871,3100
2007-09-19,59.27142333984375,59.27142333984374,59.031787211747925,59.072700153230606,5000
2007-09-20,58.347957611083984,58.885671857095325,58.289511185939524,58.797999989790426,11400
2007-09-21,58.710330963134766,58.710330963134766,58.50576623564324,58.61681757021434,6600
2007-09-24,58.75120162963867,58.762893582325255,58.63430885781325,58.762893582325255,1300
2007-09-25,58.78635025024414,58.996761083264175,58.76297077333311,58.98506911521903,1400
2007-09-26,58.710330963134766,58.78631533275777,58.523299718117286,58.523299718117286,17800
2007-09-27,59.078556060791016,59.09608954449047,58.827232389685975,58.83307837064477,2600
2007-09-28,58.90899658203125,59.31812563706511,58.90899658203125,59.31812563706511,1600
2007-10-01,59.26638412475586,59.307459657449606,59.07860962145629,59.137288314319164,16800
2007-10-02,59.448326110839844,59.51874327187945,59.254686752556054,59.254686752556054,3800
2007-10-03,59.18427658081055,59.52461951734424,59.18427658081055,59.52461951734424,5500
2007-10-04,59.501190185546875,59.501190185546875,59.31928015229811,59.31928015229811,4100
2007-10-05,58.84979248046875,59.06690869000889,58.79697849354286,59.06690869000889,6300
2007-10-08,59.0551872253418,59.0845288350527,58.82046777835787,58.82046777835787,5600
2007-10-09,58.82045364379883,58.99649430595946,58.77937808621468,58.90847397487914,13000
2007-10-10,58.8908576965332,58.967139578811185,58.76176183660198,58.76176183660198,2200
2007-10-11,58.750064849853516,58.750064849853516,58.597496512402465,58.609230472097856,21300
2007-10-12,58.68548583984375,58.88499438745581,58.63267185689384,58.70308900852723,92400
2007-10-15,58.67964172363281,58.71484807605855,58.51533944311086,58.51533944311086,8000
2007-10-16,58.84391403198242,58.84391403198242,58.755893718849876,58.755893718849876,3400
2007-10-17,59.32509231567383,59.32509231567382,58.93193995341946,58.93193995341946,2800
2007-10-18,59.55982208251953,59.55982208251953,59.51287730592945,59.54221891052333,900
2007-10-19,60.17595291137695,60.17595291137696,60.05272176804518,60.16421448015499,2500
2007-10-22,60.19351577758789,60.25219446370896,59.982268926034635,60.25219446370896,6000
2007-10-23,60.21702194213867,60.21702194213867,60.046850523057,60.08792607408366,5400
2007-10-24,60.44003677368164,60.516318703556,60.34028244763782,60.35201640727165,2900
2007-10-25,60.43417739868164,60.57501179863687,60.422443437136636,60.57501179863687,1200
2007-10-26,60.269805908203125,60.492786736878976,60.222861162093245,60.222861162093245,2400
2007-10-29,60.39309310913086,60.44590712072384,60.20531841317052,60.20531841317052,3600
2007-10-30,60.34022903442383,60.36370140981552,60.26981190824877,60.36370140981552,1700
2007-10-31,60.20526885986328,60.357837073788176,60.17593174592655,60.17593174592655,15700
2007-11-01,60.556400299072266,60.57995914510765,60.26186528690605,60.26186528690605,48200
2007-11-02,60.668304443359375,60.815571910350705,60.668304443359375,60.67419640042803,17400
2007-11-05,60.58582305908203,60.80378048512355,60.58582305908204,60.733090496996304,20900
2007-11-06,60.4444580078125,60.703650181428294,60.3914393840064,60.468021341254506,3300
2007-11-07,60.60940933227539,60.60940933227539,60.450362416588476,60.46214183861271,13600
2007-11-08,60.60940933227539,60.76846074220955,60.60940933227539,60.66242796700252,6000
2007-11-09,61.00404357910156,61.03939080958926,60.96870084285804,60.99226416510178,9800
2007-11-12,61.21025466918945,61.21025466918945,61.015860526101555,61.086546036863254,9500
2007-11-13,60.86857604980469,61.05118622725701,60.862684094138224,61.0276228988365,5100
2007-11-14,60.96279525756836,60.96279525756836,60.685931900915776,60.685931900915776,4000
2007-11-15,61.39287185668945,61.49301267111749,61.045318243810776,61.14546355248593,21100
2007-11-16,61.43994140625,62.68876568209302,61.43994140625,62.68876568209302,2000
2007-11-19,61.86405944824219,61.975984059803714,61.39280667782353,61.39280667782353,7800
2007-11-20,61.78752136230469,61.94068074489661,61.73450724577973,61.91122546177482,4000
2007-11-21,62.1232795715332,62.146842894878496,62.04670214134427,62.05848155589472,14000
2007-11-23,62.09383773803711,62.11739657053371,62.09383773803711,62.11739657053371,2100
2007-11-26,63.254302978515625,63.36622766004644,62.36481096441284,62.36481096441284,50500
2007-11-27,62.447330474853516,62.82433502710059,62.25882819872998,62.82433502710059,38800
2007-11-28,62.188114166259766,62.56511857305001,62.11742415464395,62.56511857305001,10500
2007-11-29,62.71822738647461,62.942072167848295,62.57096001851322,62.57096001851322,90100
2007-11-30,62.4649658203125,62.46496582031249,62.16453894618129,62.16453894618129,291300
2007-12-03,62.977516174316406,62.97751617431641,62.77060699551681,62.81198883127673,64200
2007-12-04,62.95977783203125,63.10757073774024,62.676013468546095,62.69375240586768,14100
2007-12-05,62.56367874145508,62.770587857169424,62.54594431871963,62.69373718855565,31100
2007-12-06,62.01386260986328,62.37447741912945,62.01386260986329,62.37447741912945,5500
2007-12-07,61.540985107421875,61.789276187528216,61.41683956736871,61.789276187528216,21300
2007-12-10,61.30451202392578,61.5114257559689,61.097602802165426,61.5114257559689,11300
2007-12-11,62.321285247802734,62.32128524780273,61.48773595469548,61.558673633091196,3300
2007-12-12,61.741939544677734,61.9311142033363,61.26900064289152,61.310382458526846,25700
2007-12-13,61.209877014160156,61.511375640387655,61.13893483437748,61.42861201911408,11600
2007-12-14,60.902530670166016,60.9912073623432,60.85524034325091,60.98529889040626,3300
2007-12-17,61.269020080566406,61.269020080566406,61.044376511603296,61.044376511603296,6200
2007-12-18,61.540985107421875,61.71833845623099,61.3991051345444,61.3991051345444,5500
2007-12-19,62.191253662109375,62.191253662109375,61.523231344015784,61.771522346109165,12900
2007-12-20,62.12620544433594,62.433617123740405,62.073002178831445,62.073002178831445,17300
2007-12-21,61.446346282958984,61.996135771633504,61.4286118656274,61.996135771633504,68000
2007-12-24,61.215824127197266,61.33405664915529,61.180350762384585,61.251292981728355,1200
2007-12-26,60.80788803100586,61.31629577464331,60.77241919177337,61.05026594956065,13500
2007-12-27,61.32704544067383,61.32704544067383,61.06004676488,61.22024506499983,21300
2007-12-28,61.967830657958984,62.09836491753758,61.58809709924731,61.6414950090125,11100
2007-12-31,62.30609130859375,62.33575533380477,62.12808905018574,62.16368769115316,15200
2008-01-02,62.988399505615234,63.0299327440361,62.359461789377555,62.4187943404383,51500
2008-01-03,62.964683532714844,62.96468353271485,62.662081551206754,62.82821455225911,9700
2008-01-04,63.077430725097656,63.26136761926393,63.029967374241615,63.1308332191414,44500
2008-01-07,63.25541687011719,63.302884735652924,63.00028275134362,63.04181600199118,8100
2008-01-08,63.28507995605469,63.28507995605469,62.923145434454305,63.142676371737394,11200
2008-01-09,63.2731819152832,63.6410508837471,63.2731819152832,63.35624837158435,11400
2008-01-10,62.834163665771484,63.469031795877044,62.81042972774683,63.4037645980057,80800
2008-01-11,63.332515716552734,63.332515716552734,63.00024988471213,63.00618449650427,27600
2008-01-14,63.43345642089844,63.44532113087007,63.213920808729696,63.25545408381162,18900
2008-01-15,63.95555114746094,63.979285079896464,63.67074848501939,63.765684214761485,30700
2008-01-16,63.694461822509766,64.09199487700093,63.59359603736126,63.97926439286336,40900
2008-01-17,64.32933044433594,64.37679829448338,63.6647986494052,63.73006581166209,22800
2008-01-18,64.12757110595703,64.19876832356846,63.90803578916523,64.05636936156422,38400
2008-01-22,64.6912612915039,64.79212707238482,64.09199216528735,64.64972805662453,20000
2008-01-23,64.47767639160156,65.68807964076193,64.40054451547279,65.68807964076193,52800
2008-01-24,63.61735534667969,64.31749056276718,63.61735534667969,64.31749056276718,9600
2008-01-25,64.406494140625,64.406494140625,63.38595756366827,63.38595756366827,11200
2008-01-28,64.21070098876953,64.37089941346325,64.09796591378657,64.21070098876953,11000
2008-01-29,63.91399383544922,64.04452815130948,63.71225774908799,64.02672884038,20500
2008-01-30,63.71231460571289,63.81911509338118,63.36818372481473,63.77758182188724,36400
2008-01-31,64.02679443359375,64.28785880598255,63.97339191931326,64.20479225202416,11600
2008-02-01,64.37673950195312,64.41244999630933,64.15056092833996,64.34102446658797,44800
2008-02-04,63.936279296875,64.03746204305743,63.86485831886777,63.96604106505019,7700
2008-02-05,64.37673950195312,64.63862402891354,64.30531397223176,64.5195860203869,20800
2008-02-06,64.16246032714844,64.25173655312287,64.07317956016557,64.22197932480087,6600
2008-02-07,63.26368713378906,64.1802939196249,63.08512566006519,64.1624386804539,36500
2008-02-08,63.864830017089844,63.90054049026832,63.5374688762663,63.5374688762663,5500
2008-02-11,64.04341125488281,64.30530026703656,63.99579424521704,64.0672197597157,5100
2008-02-12,63.835086822509766,63.83508682250977,63.48987034472338,63.68033382539733,7600
2008-02-13,63.35297393798828,63.73984959976304,63.347020677358834,63.53153088780571,19700
2008-02-14,62.73992156982422,63.204176009986384,62.53159831092442,63.06727825765287,120000
2008-02-15,63.06132507324219,63.156559082112594,62.96609560537926,63.043469831830855,24100
2008-02-19,62.44825744628906,62.82918431769329,62.40659371163568,62.614912384902595,11100
2008-02-20,62.60898971557617,62.65065346756424,62.27567515866324,62.27567515866324,112900
2008-02-21,63.23992919921875,63.35301852573367,62.829240205883984,62.829240205883984,19800
2008-02-22,63.025569915771484,63.45411356990717,62.9898594582616,63.1862760565745,3500
2008-02-25,62.4780387878418,63.00776552634777,62.400660012796436,62.930391292310325,10900
2008-02-26,62.59703063964844,62.650600870664206,62.406567284600996,62.52560971963351,6800
2008-02-27,62.716087341308594,62.89464422296852,62.44229648995887,62.89464422296852,19100
2008-02-28,63.5850944519043,63.644613428905636,63.299397004888235,63.34106074288986,12500
2008-02-29,64.41246795654297,64.47794024179106,64.01963424505445,64.04939602598911,66100
2008-03-03,64.25537872314453,64.40467096207193,64.11803241471236,64.2971803678027,8500
2008-03-04,63.879150390625,64.42257165607613,63.82540282685617,64.30313971264678,19400
2008-03-05,63.35962677001953,64.02248469082829,63.31782512438465,64.02248469082829,69200
2008-03-06,63.72386932373047,63.83135986841853,63.51486119684685,63.51486119684685,47800
2008-03-07,63.771697998046875,64.23151626717474,63.54477534726212,64.23151626717474,24500
2008-03-10,64.4942398071289,64.679360704199,64.10607911930451,64.10607911930451,9900
2008-03-11,63.78361892700195,63.99263172017722,63.53280904243707,63.98068578889059,7000
2008-03-12,64.79877471923828,64.8047431256906,63.94482332490328,63.94482332490328,12300
2008-03-13,64.321044921875,64.98987555587239,64.14786543924971,64.97196122250357,34900
2008-03-14,64.99581909179688,65.31829063714736,64.64946481511751,64.64946481511751,16500
2008-03-17,65.22274780273438,65.50938614675351,65.03762701572059,65.16900026570933,27900
2008-03-18,64.88844299316406,65.25868518405117,64.81678100974626,65.12730715913952,17800
2008-03-19,65.55718994140625,65.55718994140625,64.7390716036859,64.79281460862971,11000
2008-03-20,65.60496520996094,65.76023037478116,65.47956030777259,65.55719061216449,22900
2008-03-24,64.48226165771484,65.00179537732383,64.44642844682032,64.92416510644884,21100
2008-03-25,64.66146087646484,64.79881175597613,64.50022724542279,64.7032625257008,4300
2008-03-26,64.6733627319336,64.93014541824787,64.53601194602992,64.8286232912604,7000
2008-03-27,64.344970703125,64.6913298755331,64.20761980508777,64.36885801391577,16800
2008-03-28,64.7689437866211,64.78685812615961,64.39272898819966,64.44050359766072,4800
2008-03-31,64.85853576660156,65.06157107198477,64.76895949115189,65.06157107198477,7300
2008-04-01,64.11287689208984,64.41857719551845,63.957029050892125,64.41857719551845,96900
2008-04-02,64.13081359863281,64.36458291034894,64.0409012695579,64.10084587102853,58600
2008-04-03,64.1907730102539,64.3885792793228,64.07688829395893,64.3885792793228,36900
2008-04-04,64.8321533203125,64.94603805002173,64.64633320939113,64.6823008999972,22100
2008-04-07,64.46649169921875,64.56839021373503,64.13681465445264,64.53841791034486,9600
2008-04-08,64.43050384521484,64.7721669604722,64.40652692463696,64.7721669604722,17100
2008-04-09,64.9580078125,65.04791557712785,64.60435383681508,64.60435383681508,3600
2008-04-10,64.72423553466797,64.99396796254753,64.49645701295245,64.98198178551942,6300
2008-04-11,65.14386749267578,65.14986287209621,64.97603345398046,65.05995047332813,23100
2008-04-14,64.82013702392578,65.11984174646034,64.78417392062359,64.99396631177156,10000
2008-04-15,64.34062957763672,64.61636204074382,64.30466646207175,64.50247274394448,10200
2008-04-16,63.81916809082031,64.32267017468327,63.64533868382926,64.30468861070734,12200
2008-04-17,63.63934326171875,63.81916804762482,63.43554610595053,63.78919572559572,16100
2008-04-18,63.56735610961914,63.56735610961914,62.997914548519624,63.2077068823437,9100
2008-04-21,63.74123001098633,63.74123001098632,63.38758045696874,63.46550207739632,10400
2008-04-22,63.849124908447266,63.957018846965106,63.59737390961681,63.675300104350164,10000
2008-04-23,63.657249450683594,63.81909248099153,63.43547099355409,63.71119865182919,7900
2008-04-24,63.219730377197266,63.36958277514335,63.01592873796181,63.249698112907126,38000
2008-04-25,62.94998550415039,63.147791742440795,62.81212387610438,63.09384708097888,19200
2008-04-28,63.26763153076172,63.26763153076172,62.91997315962608,62.943950072097,5300
2008-04-29,63.36359405517578,63.579381896737516,63.2197370185122,63.291663250277615,37300
2008-04-30,63.69328689575195,63.693286895751946,63.1238448394821,63.351623491243586,16300
2008-05-01,63.73835754394531,64.14149719015504,63.55784492502597,64.14149719015504,4600
2008-05-02,63.142723083496094,63.419505951170756,63.106617776839244,63.20891078996505,5300
2008-05-05,63.142723083496094,63.29916258003163,63.02839802857147,63.29916258003163,12900
2008-05-06,62.8358154296875,63.40141745725669,62.8358154296875,63.40141745725669,4800
2008-05-07,63.12461471557617,63.13062843563401,62.70342018960156,62.88994650516651,18200
2008-05-08,63.678245544433594,63.678245544433594,63.27510553519001,63.30518793834851,10000
2008-05-09,63.75043869018555,63.94298348974542,63.66018690182164,63.930951448173616,4500
2008-05-12,63.672210693359375,64.05128192726175,63.672210693359375,63.87077378329233,4300
2008-05-13,63.082550048828125,63.38941991154807,63.05848596486957,63.29916352949746,6400
2008-05-14,62.998291015625,63.401435442523464,62.80574627362837,63.401435442523464,23400
2008-05-15,63.54585266113281,63.54585266113281,63.01033737132839,63.01033737132839,25900
2008-05-16,63.383392333984375,63.858738258740836,63.383392333984375,63.41949763590727,11300
2008-05-19,63.58795928955078,63.59999132703717,63.30515820702045,63.59999132703717,3900
2008-05-20,63.858734130859375,63.858734130859375,63.56390096288679,63.75042741335097,8800
2008-05-21,63.77446365356445,63.87675659464984,63.5458182953703,63.70226227235945,6800
2008-05-22,63.196903228759766,63.305210017292104,62.92613855274509,63.305210017292104,8100
2008-05-23,63.50971603393555,63.6721737282556,63.38937275052544,63.4435283757167,13000
2008-05-27,63.028358459472656,63.22692145422203,63.02835845947265,63.18480244842313,4700
2008-05-28,62.55904769897461,62.835830466399244,62.510910367954175,62.75159243242777,13200
2008-05-29,62.14989471435547,62.37252644579385,61.90921262994649,62.336421149223696,88400
2008-05-30,62.420684814453125,62.52899156736667,62.360515416308004,62.468822169221546,41500
2008-06-02,62.80049133300781,62.90314487661818,59.71481297683428,59.71481297683428,18100
2008-06-03,63.12049865722656,63.33788522861909,62.51060829820785,62.613266395320125,27000
2008-06-04,62.927364349365234,63.28363913051007,62.83075050488243,63.22325029480931,20900
2008-06-05,62.365684509277344,62.570996093381076,62.30530037525182,62.53476192735447,49700
2008-06-06,62.921268463134766,63.084310802974244,62.60122819006415,62.70992154761806,23700
2008-06-09,62.6132926940918,62.97560226291818,62.42006061691665,62.6555620670046,8200
2008-06-10,62.30529022216797,62.56494610247769,62.14828781367495,62.55890630795513,28200
2008-06-11,62.35961151123047,62.70984575192075,62.19657397546729,62.43207519768725,12900
2008-06-12,61.71355438232422,62.05774917894694,61.64109522957185,61.89471147823779,10300
2008-06-13,61.544471740722656,61.91282109315665,61.51428196527052,61.68939924815028,9200
2008-06-16,61.6108512878418,61.73765931017663,61.502158039124424,61.677275195780894,10800
2008-06-17,61.743751525878906,61.852444866879935,61.556559230216884,61.80413569154247,10900
2008-06-18,62.15436553955078,62.28117365983239,61.858479925560374,61.858479925560374,23800
2008-06-19,61.85244369506836,62.16040892323956,61.81017431920301,62.16040892323956,5100
2008-06-20,62.26906204223633,62.34756094470723,62.13621420189058,62.32340637309769,6600
2008-06-23,62.23286437988281,62.4683658324268,62.16644042075337,62.26909856205462,7400
2008-06-24,62.63138961791992,62.661579385952066,62.3536188741442,62.450232581667805,4500
2008-06-25,62.64350128173828,62.64350128173828,62.17249824012647,62.589156903252686,12500
2008-06-26,62.95745086669922,63.06010434022226,62.80044845559647,62.89102694688703,3800
2008-06-27,63.48283386230469,63.56133741592869,63.017870766676644,63.174873266908584,26000
2008-06-30,63.41041946411133,63.57949707275303,63.28361125763005,63.44060926164345,2300
2008-07-01,63.40854263305664,63.8569151644378,63.34795250006959,63.8569151644378,18500
2008-07-02,63.602455139160156,63.62063172287237,63.414624277157465,63.414624277157465,29000
2008-07-03,63.54791259765625,63.60850736588538,63.24495724743771,63.317668195673605,6100
2008-07-07,63.77812957763672,64.0932009495573,63.34793375120215,63.59029421141977,4800
2008-07-08,63.96601486206055,64.03266543226916,63.717593791701205,63.717593791701205,14000
2008-07-09,64.27498626708984,64.29922324156017,63.965970621005994,64.05079772028702,8400
2008-07-10,64.32351684570312,64.41439980156638,64.06297491918185,64.35987002804843,52700
2008-07-11,63.64485549926758,64.31741669342387,63.55396797683782,64.31741669342387,47100
2008-07-14,64.1235580444336,64.21444561303446,63.790305167141675,63.911490132854084,10900
2008-07-15,64.25685119628906,64.44468209134382,64.11748965875177,64.15384283257315,2800
2008-07-16,63.42671203613281,63.85084754179667,63.41459585999826,63.7660204406639,9300
2008-07-17,63.00863265991211,63.48124211822059,62.96621910910827,63.32370871393798,4700
2008-07-18,62.85115051269531,63.17228260535041,62.81479270897659,63.05715803525364,3900
2008-07-21,62.96018600463867,62.97836258685288,62.74205777260414,62.85112188862141,24800
2008-07-22,62.73600387573242,62.94201132582934,62.62087934612974,62.86324458715684,17800
2008-07-23,62.66936492919922,62.66936492919921,62.384586064938304,62.60877476340044,27400
2008-07-24,63.263153076171875,63.26315307617187,62.83901271417776,62.83901271417776,2300
2008-07-25,62.77839279174805,63.05711109151402,62.675389107151396,62.86321989938418,3000
2008-07-28,63.28738021850586,63.4085651502451,63.08743317091794,63.08743317091794,3300
2008-07-29,63.045005798339844,63.13588869883211,62.82081719075218,63.081358958536754,3500
2008-07-30,63.09345245361328,63.311580581833724,62.79655763237482,62.79655763237482,2700
2008-07-31,63.71757507324219,63.71757507324219,63.487326035531964,63.63274331747965,3100
2008-08-01,63.75650405883789,63.75650405883789,63.48287284591852,63.48287284591852,8800
2008-08-04,63.61055374145508,63.81729645436114,63.574070824879065,63.58623025066056,6200
2008-08-05,63.27003860473633,63.64096374682073,63.27003860473633,63.64096374682073,18700
2008-08-06,63.166648864746094,63.221377870793965,62.91734123941704,63.221377870793965,44800
2008-08-07,63.97544860839844,63.97544860839843,63.385616237091675,63.4099397475743,21500
2008-08-08,63.90849685668945,64.05443313589981,63.82336697388086,64.0483557437211,9500
2008-08-11,63.5314826965332,63.82943723140302,63.34297687145939,63.82943723140302,18600
2008-08-12,64.0787353515625,64.1091408592857,63.908475642462506,63.92063970124344,20400
2008-08-13,63.884159088134766,64.22468318247115,63.73822284155038,64.14563070951449,7800
2008-08-14,64.14567565917969,64.29769404233961,64.0909512680739,64.17608119150482,10600
2008-08-15,64.55305480957031,64.55305480957031,64.42535535174254,64.43143738288445,14300
2008-08-18,64.759765625,64.77192504207292,64.55302306016286,64.55302306016286,18200
2008-08-19,64.55305480957031,64.7658795072325,64.55305480957031,64.7658795072325,2000
2008-08-20,64.82064819335938,64.9301016326043,64.68687125214517,64.68687125214517,23500
2008-08-21,64.68683624267578,64.82061311148797,64.51049442826253,64.82061311148797,15000
2008-08-22,64.5652084350586,64.59561394880744,64.40710811417866,64.59561394880744,4800
2008-08-25,65.10031127929688,65.15504027631023,65.02126343831097,65.1185527318913,52800
2008-08-26,65.01518249511719,65.12463585174453,64.92397059138938,65.02126452582708,5100
2008-08-27,65.23411560058594,65.23411560058594,64.80238403011785,64.80238403011785,5000
2008-08-28,65.17937469482422,65.20369818210763,64.86925603099922,65.05167986600941,9600
2008-08-29,64.89971923828125,65.02741418060214,64.75986022189078,64.99700863466313,9500
2008-09-02,65.34452056884766,65.34452056884766,64.57052486506545,64.73507718305305,9700
2008-09-03,65.53347778320312,65.612708436939,65.32626916506432,65.35064747008411,20500
2008-09-04,65.91746520996094,65.96012610393333,65.61883430246544,65.69196925628472,9500
2008-09-05,65.85041809082031,66.30750103550527,65.85041809082031,66.19780094279335,10200
2008-09-08,66.0576400756836,66.0576400756836,65.3506873969329,65.49695266672802,19400
2008-09-09,66.50250244140625,66.50250244140625,65.85648891659169,65.8991497923136,5600
2008-09-10,66.27092742919922,66.3379666292083,65.96011439245301,66.033244683599,12600
2008-09-11,66.19776153564453,66.5146701427761,66.1185308965976,66.42325267832176,30200
2008-09-12,65.65540313720703,66.28922079555062,65.58836392628227,66.2221862343145,10900
2008-09-15,67.197265625,67.23383076016745,66.47202611293491,66.55125212235994,9200
2008-09-16,67.2582015991211,68.39786289873084,67.0692755554837,68.39786289873084,134100
2008-09-17,67.40452575683594,67.93474387030389,67.15465605947067,67.43499982588322,54500
2008-09-18,66.77676391601562,67.59342111067792,66.64268552213915,67.16071187600834,42900
2008-09-19,65.24092864990234,65.70410236294585,65.00933714369569,65.07637630078867,15700
2008-09-22,65.00328063964844,65.052032611911,64.39992790481445,64.41821047562384,38000
2008-09-23,64.89356231689453,65.09467518893176,64.72900992650779,65.05811005759519,14200
2008-09-24,65.08248901367188,65.38111510517955,64.88746722844641,65.21047162431802,10400
2008-09-25,64.85697174072266,65.0580891979615,64.50349341885159,65.0580891979615,13600
2008-09-26,64.9727554321289,65.21043796488603,64.82649033112845,64.82649033112845,7000
2008-09-29,66.3562240600586,66.55124584536857,65.5395717871,65.5395717871,22700
2008-09-30,64.97891998291016,66.22827737442782,64.84484156096349,66.22827737442782,20400
2008-10-01,65.55963897705078,66.13429602594802,65.16226984034782,65.65745492755296,19100
2008-10-02,66.1588134765625,66.1588134765625,65.84091599660778,65.93873204094022,10000
2008-10-03,66.25658416748047,66.32383149062989,65.25399364940928,66.23824483646206,10400
2008-10-06,66.8923110961914,67.3691519102336,66.80672452260016,66.8923110961914,21600
2008-10-07,66.86182403564453,67.14303805292707,66.39720734164025,66.39720734164025,50700
2008-10-08,65.59020233154297,67.14299543947584,65.07667796111342,67.14299543947584,45500
2008-10-09,64.9422607421875,65.42521234108968,64.67938593228924,65.42521234108968,18400
2008-10-10,64.2024917602539,64.97277627134734,63.902938486431914,64.86273562690543,39100
2008-10-13,63.75623321533203,64.15360255573336,63.5911698802756,64.15360255573336,9500
2008-10-14,63.144866943359375,63.97016923076888,63.144866943359375,63.78676664951282,22500
2008-10-15,63.46281051635742,63.652327913208175,62.94317567028306,63.20605042735011,14100
2008-10-16,63.41996765136719,63.82345147402667,63.31604169612029,63.82345147402667,16900
2008-10-17,63.04706954956055,63.75622143078326,62.86978157925487,63.603387456118654,8400
2008-10-20,63.45060348510742,63.45671815486718,63.07768791991158,63.19384332471481,14000
2008-10-21,64.19025421142578,64.41645011963556,63.73786705912789,63.93349431396928,15600
2008-10-22,64.89331817626953,64.89331817626953,64.3064361683364,64.34311483629361,7100
2008-10-23,64.97888946533203,65.45573069241325,64.55706622716517,65.14394809619765,44200
2008-10-24,64.58761596679688,65.74304003677375,64.37364941015691,65.74304003677375,11400
2008-10-27,64.59376525878906,65.16841793839463,64.17805658411503,64.80161726406428,10400
2008-10-28,63.909061431884766,64.48982872472583,63.860153435990746,64.3125407377024,10500
2008-10-29,63.49337387084961,64.2086360577598,63.33442516349464,64.07414135646904,12800
2008-10-30,63.144866943359375,63.46275946486565,63.010372338987786,63.102073629615816,25600
2008-10-31,62.484642028808594,63.38942121663543,62.48464202880859,63.38942121663543,30300
2008-11-03,62.720848083496094,62.917176476206386,62.53678816746352,62.917176476206386,26400
2008-11-04,63.74545669555664,63.74545669555664,62.63496963458291,62.819029608245174,19100
2008-11-05,64.38349914550781,64.46325593852893,63.76997239071803,64.10740929734982,6400
2008-11-06,64.40190887451172,64.40190887451172,63.66567390681397,64.05833536475558,12900
2008-11-07,63.97244644165039,64.11355968521558,63.665682998180465,64.1012912070458,10800
2008-11-10,64.30989074707031,64.45713589535771,63.97244907303788,64.00312729098223,4400
2008-11-11,64.7393798828125,64.85595153391355,64.51851442516698,64.54305139091835,5300
2008-11-12,65.05228424072266,65.05228424072266,64.68416887967498,64.97866397701759,19200
2008-11-13,64.00926208496094,65.02771429672359,64.00926208496094,64.62278898002046,10600
2008-11-14,65.0768051147461,65.27927013698465,64.84366655270246,65.12588839544136,10500
2008-11-17,65.37129974365234,65.56762818446965,65.16883472257345,65.37743164307467,3500
2008-11-18,66.31001281738281,66.35909611080228,65.6719440454512,65.6719440454512,13500
2008-11-19,67.39592742919922,67.39592742919922,66.62288224291248,66.62288224291248,22300
2008-11-20,69.32244110107422,69.34084616922387,67.96654647090087,68.48191178329783,93500
2008-11-21,68.43893432617188,68.74569780646698,67.46956060503796,68.55550126571333,89700
2008-11-24,67.71492767333984,68.29163945303272,67.55540945813979,68.29163945303272,26000
2008-11-25,69.22423553466797,69.29172386256266,68.61684058361567,69.11993709368102,7300
2008-11-26,69.18739318847656,69.82546141939719,69.14444651335866,69.60459146712326,12500
2008-11-28,69.82553100585938,69.82553100585938,69.53717246519513,69.78872087074178,5300
2008-12-01,71.1150894165039,71.42286700746692,69.95169049836878,70.46875929326958,35200
2008-12-02,71.25047302246094,71.56440730711654,70.82573867829811,71.10889334230308,59100
2008-12-03,71.54595947265625,71.71831412065922,70.83807028580529,71.29973653423262,12300
2008-12-04,72.5862808227539,72.67245819020499,71.68757063625388,71.8845481470441,12600
2008-12-05,71.58290100097656,72.70321106160719,71.56443509993905,72.45083122392765,18400
2008-12-08,71.3736572265625,72.04461515311883,71.3736572265625,72.01383550007547,19400
2008-12-09,72.4508056640625,72.4508056640625,71.27509831509624,71.81678490511656,17100
2008-12-10,72.00756072998047,72.20453796367333,71.44124707384427,71.7490242950086,46100
2008-12-11,72.4016342163086,72.43856604074101,71.55216468383986,72.40778638950371,12000
2008-12-12,72.5616455078125,72.66013659434496,71.42286932358354,72.59858201341892,63100
2008-12-15,73.0232925415039,73.0232925415039,72.48160579818563,72.66011732294457,14200
2008-12-16,74.29133605957031,74.32826785754924,72.68473709911832,72.78938032426665,11300
2008-12-17,75.02384948730469,75.7071159838462,74.93767215407534,75.47320675026833,29400
2008-12-18,75.9286880493164,76.56886564204372,75.62091063144621,75.633224358095,33700
2008-12-19,75.95337677001953,76.32270905295802,75.71946741996528,75.87950843490593,17000
2008-12-22,75.82411193847656,76.23653291619067,75.5717319783049,76.08264407110497,29000
2008-12-23,75.95337677001953,76.08879970290376,75.56557857738134,75.725619592322,55700
2008-12-24,75.62095642089844,76.0272251127171,75.60864738310707,76.0272251127171,3600
2008-12-26,75.91020202636719,76.23028838969744,75.90404516467541,75.90404516467541,3400
2008-12-29,75.77684020996094,76.63541341976952,75.44947117906472,76.63541341976952,23500
2008-12-30,76.12274932861328,76.34511411841336,74.89974769722903,76.03627465619283,19700
2008-12-31,75.11591339111328,76.22155892245061,74.68971354432274,75.95595687064873,21300
2009-01-02,73.41729736328125,75.57917301069821,73.29376349700625,75.57917301069821,40600
2009-01-05,72.54639434814453,73.57174371740693,71.81135956613008,73.37408663222,47700
2009-01-06,72.40432739257812,72.91700205292875,71.78664844155803,72.2437295458083,26800
2009-01-07,72.81195068359375,72.8675442073466,72.24986561572717,72.66370914110891,14900
2009-01-08,72.97254943847656,72.99107904247728,72.50311238289888,72.53399819790923,6400
2009-01-09,73.1022720336914,73.4543486985616,72.70077994260782,72.78725458222405,9900
2009-01-12,73.53466033935547,73.73231735963599,72.5587267399951,72.5587267399951,40300
2009-01-13,73.84349822998047,73.84967162461878,73.40494215988127,73.7384892584344,13000
2009-01-14,74.5352783203125,74.83794423864899,74.37468527131256,74.46115990154757,17900
2009-01-15,74.6156005859375,74.96767731183698,74.3561719096048,74.71442674298048,10200
2009-01-16,74.04735565185547,74.14618655229974,73.21348995755294,73.31232085799721,11900
2009-01-20,73.44817352294922,73.57788547922698,72.4104731602128,72.73784210403493,13600
2009-01-21,71.8792495727539,72.84900464046814,71.85454186696661,72.78723301974341,65100
2009-01-22,70.9836654663086,72.02754442427435,70.82924572519018,71.70017532710597,24400
2009-01-23,71.02688598632812,71.12571685924893,70.54509726212771,71.02688598632812,94700
2009-01-26,70.72420501708984,71.05157394569945,70.48948882794868,70.84156546791746,23800
2009-01-27,71.78040313720703,71.80511083762033,70.89094477237589,70.89094477237589,10000
2009-01-28,71.00214385986328,71.99043326007637,70.79831353014396,71.99043326007637,21800
2009-01-29,69.72970581054688,70.92800327039613,69.63705311919051,70.81064288051063,27700
2009-01-30,69.97064208984375,70.47096032675009,69.76680698869136,70.47096032675009,15200
2009-02-02,70.87366485595703,70.92324966608115,69.91298398530792,70.34683925222458,31900
2009-02-03,70.03074645996094,70.73111894374638,69.86960290979323,70.73111894374638,14700
2009-02-04,69.70228576660156,70.0617687267869,69.45436632065753,69.69608648006867,19700
2009-02-05,69.81999969482422,70.42739694711797,69.78280873032993,69.8633852128452,8200
2009-02-06,69.32420349121094,69.95639825840485,69.32420349121094,69.95639825840485,29200
2009-02-09,69.42342376708984,69.66514408116984,69.02675429123175,69.59076678119402,10600
2009-02-10,70.75596618652344,70.93570299880196,69.98741517101098,70.53903364245373,15200
2009-02-11,71.30137634277344,71.41913916851178,70.83032976849124,70.83032976849124,8100
2009-02-12,71.15884399414062,71.43155600311954,70.75597999918696,71.36337800087482,12900
2009-02-13,70.06177520751953,70.73735091332105,69.75187705359137,70.7311563548853,96300
2009-02-17,71.71041870117188,71.72901655931999,71.21458457662688,71.27656325111128,118600
2009-02-18,71.14019012451172,71.87774893990303,71.06581762458562,71.87774893990303,14900
2009-02-19,70.37786865234375,70.78073244663841,69.9378091375232,70.23531342901634,15400
2009-02-20,70.71251678466797,71.38809682065758,70.62574573104256,71.18976230827552,25900
2009-02-23,70.991455078125,71.02244204994659,70.37165889765805,70.60717974391444,54600
2009-02-24,70.81790924072266,71.62984068195833,70.81790924072266,71.44389994596925,25500
2009-02-25,70.21672821044922,71.103037169386,70.04938054991574,71.02865990596324,47000
2009-02-26,69.77041625976562,69.96875073583749,69.64025970315598,69.95635689987478,8600
2009-02-27,69.4605941772461,70.06799683320814,69.33043747854109,70.06799683320814,19900
2009-03-02,70.33999633789062,70.42701194904649,69.70602477918436,69.9981506489198,22400
2009-03-03,69.96708679199219,70.5389051442137,69.81170106093224,69.98573232099999,15200
2009-03-04,69.69984436035156,69.69984436035156,69.19639595591488,69.45122616658121,19400
2009-03-05,71.24747467041016,71.35314058772029,70.11005454780877,70.66322745620964,55800
2009-03-06,70.74402618408203,71.44636808794849,70.55756138171195,70.6943016045171,23400
2009-03-09,70.58243560791016,70.9615772927161,70.15357407712789,70.9615772927161,11000
2009-03-10,69.80546569824219,70.16596163629511,69.76195789482166,70.16596163629511,15200
2009-03-11,70.47673797607422,70.49538350142468,69.36417579087617,69.74953403543488,17400
2009-03-12,70.70047760009766,71.04853997238308,70.40213503671431,70.53266316831552,41500
2009-03-13,70.72541809082031,71.25994574910399,70.44572073920709,70.82486256059434,22500
2009-03-16,70.27790832519531,70.29033710605695,69.96713664165912,70.10387694113498,22200
2009-03-17,69.88009643554688,70.75025779259373,69.82415508629492,70.29652920732,29700
2009-03-18,72.9940414428711,73.83312388939073,69.93604502191253,70.1846632725106,26800
2009-03-19,73.00641632080078,73.55337227469953,72.77023176520716,73.52229798006614,71900
2009-03-20,72.59626007080078,73.2426609363772,72.57139776950952,73.21780337708503,25000
2009-03-23,72.34764099121094,72.83244400597384,72.2481917871575,72.8200152264667,11300
2009-03-24,72.0989990234375,72.6273097058132,71.48367268711746,71.71364059740004,18100
2009-03-25,71.90010070800781,72.20465547684249,71.74471494443951,72.20465547684249,13800
2009-03-26,72.23573303222656,72.44084337397354,71.50852881184774,71.79443804186,23000
2009-03-27,72.48434448242188,72.80754474753964,72.15492271771004,72.59000565159532,12300
2009-03-30,72.7205810546875,73.14323077528364,72.35387270843499,73.00649046244371,34400
2009-03-31,72.87592315673828,73.06238796992966,72.55893487111182,72.78890750844822,11000
2009-04-01,73.39218139648438,73.39218139648438,72.81856256184984,73.35477292024696,18800
2009-04-02,72.7811508178711,73.21136254606763,72.56915836254674,73.21136254606763,28200
2009-04-03,71.44686889648438,72.63151995033647,71.3907561749561,72.63151995033647,10200
2009-04-06,71.34086608886719,71.74614202451978,71.1413462868897,71.62767550690188,10100
2009-04-07,71.50299072265625,71.64016150396988,71.07277413706862,71.47805014815121,40400
2009-04-08,71.86465454101562,71.97688479877188,71.54043168219519,71.55290435357387,7300
2009-04-09,71.17877960205078,71.35335888341979,70.86079319274084,71.24736024236405,10800
2009-04-13,71.69002532958984,71.77731494080047,71.40944750190393,71.6276715299305,10300
2009-04-14,71.80850982666016,72.0828514098833,71.4219427851314,71.50923242398812,11100
2009-04-15,72.00179290771484,72.23248489793119,71.57781265375593,72.16389950707546,15200
2009-04-16,71.62150573730469,71.88961114853318,71.4344536803801,71.72126334591476,12400
2009-04-17,70.86079406738281,71.40323616162787,70.79844500282839,71.39700458502253,21600
2009-04-20,71.39077758789062,71.65264654742334,71.247370439425,71.35336909565147,28300
2009-04-21,71.17255401611328,72.039218977302,71.07902802784865,72.01427839663614,11800
2009-04-22,70.59268951416016,71.20371701260112,70.49916353792935,70.98549290601505,14600
2009-04-23,70.7236557006836,70.99176108243994,70.44308240307083,70.77976845743379,11600
2009-04-24,70.33082580566406,70.70492498142129,70.28718098110787,70.59269475300121,20600
2009-04-27,70.9480972290039,70.95433356372637,70.29965636882795,70.87327548312336,13400
2009-04-28,70.20611572265625,71.20995134162268,70.04400435221488,71.20995134162268,13500
2009-04-29,69.72601318359375,70.59891422313729,69.57636974349282,70.24351937752152,20700
2009-04-30,69.58263397216797,69.80709446537898,69.37687772723622,69.7073368889129,13400
2009-05-01,69.3987808227539,69.45505795322069,69.01733103559376,69.1736627591556,17900
2009-05-04,69.62385559082031,69.64261939479233,69.20488794850786,69.53006042527495,35600
2009-05-05,69.38623809814453,69.69264679248141,69.21740201743005,69.46127900671945,48700
2009-05-06,69.29247283935547,69.8240045254743,69.21743666408462,69.24245031279679,20400
2009-05-07,68.5545654296875,69.22366481786874,67.97301139914761,68.91100146318846,18900
2009-05-08,68.67964172363281,68.91100957999524,68.47328274023006,68.74842805143373,18300
2009-05-11,69.53009033203125,69.53009033203125,68.97354984638535,69.21117231941298,7600
2009-05-12,69.58012390136719,69.6113921555392,69.17366522232548,69.33624678559586,9200
2009-05-13,70.02410888671875,70.12415871061951,69.73020447817447,69.84901334587751,19500
2009-05-14,69.9553451538086,70.09291310977335,69.7802495563797,69.91782228321166,27600
2009-05-15,69.97407531738281,70.01159340162455,69.59262555804105,69.88652994024194,39600
2009-05-18,69.3361587524414,70.14283002305277,69.16732279852727,70.14283002305277,15800
2009-05-19,69.12361907958984,69.3737507321781,68.88599663360645,69.24243268801376,14800
2009-05-20,69.8177261352539,69.82398073801757,69.16738580289062,69.16738580289062,8500
2009-05-21,68.46702575683594,70.09912898544903,68.42950767783573,70.09912898544903,25400
2009-05-22,68.0793228149414,68.37322237052543,67.96676381270298,68.22939989430454,42100
2009-05-26,67.29765319824219,68.3857201914886,67.29765319824219,68.3857201914886,39500
2009-05-27,66.36589813232422,67.49148771361467,66.36589813232422,67.49148771361467,16600
2009-05-28,67.0037612915039,67.02877493366226,66.27837998150481,66.98500225260123,29300
2009-05-29,68.01055908203125,68.02931812682424,66.9412505910377,67.02254137542928,65200
2009-06-01,66.54424285888672,67.61086100031162,66.23680803333902,67.20303655761505,12700
2009-06-02,66.85795593261719,66.87050702868795,66.33720032985538,66.65718147705056,32700
2009-06-03,67.32228088378906,67.38502203170387,66.85798585816536,67.11523078751169,9900
2009-06-04,66.32466125488281,66.85796805037526,66.02977267270047,66.75758319781787,14700
2009-06-05,65.64704895019531,66.23055059561446,65.56548595408961,65.85409900205023,22700
2009-06-08,65.34589385986328,66.1552674716748,65.33961830995534,65.9921366819625,28500
2009-06-09,65.77880859375,65.93566382765746,65.46509812593507,65.91684196548327,10100
2009-06-10,65.25801849365234,65.7034865489679,64.14748134170796,65.4525173494951,114600
2009-06-11,65.73486328125,65.97328620592555,65.02587962808946,65.08234997908524,27400
2009-06-12,66.19287109375,66.41874288516868,65.87916080420615,65.87916080420615,18800
2009-06-15,66.61949157714844,66.7449737298192,66.49400942447767,66.54419941344361,21400
2009-06-16,67.12777709960938,67.19051824752162,66.54427532902425,66.66348686084744,46000
2009-06-17,67.1340560913086,67.74265530962,67.07131494018064,67.32228433153544,338900
2009-06-18,66.1426773071289,66.77009789578352,66.0862117518328,66.77009789578352,27300
2009-06-19,66.61949157714844,66.61949157714844,66.01716862802165,66.04226601592326,8900
2009-06-22,67.24702453613281,67.33486314747752,66.88311898236456,67.05879620505398,31800
2009-06-23,67.7049789428711,67.82418563650431,67.21558671153434,67.21558671153434,32600
2009-06-24,67.10896301269531,68.00617541368266,67.10896301269531,67.7050159540586,10100
2009-06-25,68.1253433227539,68.24455000519603,67.14656373880861,67.516744454919,29900
2009-06-26,68.41397094726562,68.50180948445954,68.20064536633664,68.33240795896879,53100
2009-06-29,68.41397094726562,68.7276813763414,68.41397094726562,68.63984283914749,29400
2009-06-30,68.32614135742188,68.57711069091533,67.93713865116491,68.17556167206254,750900
2009-07-01,68.27141571044922,68.27770397067947,67.84357880505866,67.98828559353271,9300
2009-07-02,68.56710052490234,68.69293288343037,68.34059843939445,68.44755642416295,10700
2009-07-06,68.56077575683594,68.60481754197063,68.18327405565357,68.40348298132707,27200
2009-07-07,68.91944885253906,68.91944885253906,68.32802608788418,68.35319352469904,128800
2009-07-08,69.79403686523438,69.95132983529032,68.86915343327331,69.02644640332926,37500
2009-07-09,69.1773910522461,69.34097695448948,68.78101481239908,69.265474661101,25000
2009-07-10,69.71221923828125,69.78771676252762,69.19629868840359,69.49200532536629,9900
2009-07-13,69.10820007324219,69.76253905487802,69.10191181394612,69.76253905487802,13500
2009-07-14,68.6048583984375,68.8754023254384,68.47902122297346,68.85652794916815,8800
2009-07-15,67.47863006591797,68.08892706857824,67.44716957704401,68.01342477539873,32600
2009-07-16,67.74296569824219,68.12046803633646,67.73667743275253,67.94430059857264,9500
2009-07-17,67.33393096923828,67.61076796181227,67.1766380962208,67.3465170871903,219700
2009-07-20,67.63591003417969,67.85611901378671,67.08224105685407,67.22065470103867,10600
2009-07-21,68.56077575683594,68.57965012186587,67.23951740260037,67.44085196324393,32100
2009-07-22,68.07005310058594,68.45384802618923,67.88129976661173,68.45384802618923,12300
2009-07-23,67.20178985595703,68.10779812925898,67.05079007713884,68.10779812925898,11900
2009-07-24,67.40310668945312,67.40310668945312,67.07593978840437,67.15144205796723,9000
2009-07-27,66.86833953857422,67.08226032319992,66.77396286300986,66.83688384685084,35100
2009-07-28,67.32134246826172,67.64850949714227,66.97529626446754,67.1074264878777,26200
2009-07-29,67.50375366210938,67.76171126261882,67.0759172123093,67.70508817965097,9600
2009-07-30,67.93795776367188,67.93795776367188,67.13261400901898,67.41574413532472,100000
2009-07-31,68.75585174560547,68.83764710201753,68.03230365534387,68.22105700069802,154900
2009-08-03,68.0323715209961,68.49320348849598,67.70411128240731,68.43007707525621,120900
2009-08-04,67.79254150390625,68.40487829864595,67.48953256018866,68.29124874069178,17000
2009-08-05,67.05396270751953,68.00718833138949,67.05396270751953,67.35066242474166,13300
2009-08-06,67.24336242675781,67.5400622335618,67.00347983346052,67.24336242675781,5900
2009-08-07,66.6120376586914,66.94661696098727,66.5931002072148,66.82667334665028,22400
2009-08-10,67.43901824951172,67.43901824951172,66.71305201754102,66.9213736418546,15400
2009-08-11,68.06397247314453,68.06397247314453,67.59051690368297,67.83671341450385,17200
2009-08-12,67.6662826538086,68.1523616658946,67.40114383097632,68.12080084581831,27200
2009-08-13,68.43012237548828,68.47431137563257,67.71047019242995,67.76728255708413,134700
2009-08-14,68.6005630493164,69.04245785903493,68.4427445064683,68.54375068568615,140700
2009-08-17,69.33914947509766,69.33914947509766,68.89725950200473,68.99826567656282,22600
2009-08-18,69.05510711669922,69.37705841337757,68.97935245388034,69.37705841337757,11400
2009-08-19,69.35176849365234,69.63583989365196,69.1245094471571,69.63583989365196,25400
2009-08-20,69.61688995361328,69.66107893715794,69.25074990925005,69.48432300297928,11400
2009-08-21,68.70787811279297,69.59166291097681,68.67000320392098,69.57903954676604,28600
2009-08-24,69.250732421875,69.36436189604413,68.51845733430254,68.52477142071103,14600
2009-08-25,69.7115707397461,69.73682227143796,69.08661098314332,69.32017922287797,13200
2009-08-26,69.81260681152344,69.82523499177583,69.52853536695957,69.78104599337168,17200
2009-08-27,69.58534240722656,69.7873499156764,69.32651772839829,69.64846885057234,20200
2009-08-28,69.7494125366211,69.7746640563324,69.22545915537498,69.22545915537498,8000
2009-08-31,69.94520568847656,69.99570398030777,69.4149326861965,69.67375750288781,14600
2009-09-01,70.11112976074219,70.21878727840614,69.42084997285895,69.81348440941957,11300
2009-09-02,70.76971435546875,70.82670777941111,70.10476208660727,70.25042000044162,19600
2009-09-03,70.40872192382812,70.65570302205485,70.33906009288339,70.42771972652439,8800
2009-09-04,69.57913970947266,70.3390810330864,69.57913970947266,70.33274681977271,7500
2009-09-08,69.43981170654297,69.87677576634991,69.37014985917297,69.49680512807,43600
2009-09-09,69.4207763671875,69.42710574509823,68.97114412463019,69.07246731864991,20800
2009-09-10,70.19344329833984,70.48475921545932,69.72481284175761,69.72481284175761,19300
2009-09-11,70.41505432128906,71.06733796552471,70.41505432128906,70.52904596611775,20600
2009-09-14,70.11112976074219,70.51643262972875,70.09846615990756,70.30111759440084,7400
2009-09-15,69.81343841552734,70.02875814059146,69.67411474017787,69.6867831642577,18500
2009-09-16,69.78810119628906,69.9907524821658,69.40179642765094,69.9527568759351,12700
2009-09-17,70.40872192382812,70.40872192382812,69.76277247421693,69.90209130451873,13100
2009-09-18,69.93375396728516,70.28839248378202,69.8324259159504,70.11740743663887,167800
2009-09-21,69.92740631103516,70.23771978489246,69.68675948276606,70.08572773711425,12400
2009-09-22,70.01605987548828,70.02872829416881,69.6614214578106,69.83240645730918,15100
2009-09-23,70.0604476928711,70.19343720962526,69.57915367935792,69.78813444477728,12800
2009-09-24,70.26944732666016,70.4847671812666,70.02880027183275,70.26944732666016,35700
2009-09-25,70.87105560302734,70.87105560302734,70.37708834583742,70.49108004648281,8400
2009-09-28,71.23828887939453,71.23828887939453,70.76965893370647,71.01030569898732,20500
2009-09-29,71.17501068115234,71.34600060090257,70.78237163541903,70.89636330472298,14900
2009-09-30,71.11166381835938,71.29531728210375,70.9343445655268,71.02933840285489,8000
2009-10-01,71.83769226074219,71.97109396002605,71.39938970019821,71.47561370391603,23700
2009-10-02,71.6471939086914,72.21889869918128,71.47568004834777,72.21889869918128,27700
2009-10-05,71.54553985595703,71.96479156033449,71.52013022117123,71.86315302119125,26400
2009-10-06,71.19618225097656,71.60908041607156,71.19618225097656,71.5836707763003,12400
2009-10-07,71.93938446044922,71.96479409613038,71.58365925369789,71.60271526886063,23400
2009-10-08,71.39310455322266,72.06644307922869,71.1707762518427,72.04738706002377,138800
2009-10-09,70.2242431640625,71.01192212475418,70.11625105015611,71.01192212475418,75300
2009-10-12,70.56096649169922,70.56731526780946,70.35134056660547,70.51650082695757,26800
2009-10-13,70.64351654052734,70.8023231161997,70.57999487953681,70.74515507522585,12200
2009-10-14,70.03373718261719,70.38946255079372,69.83681847471871,70.14172454847154,8300
2009-10-15,69.74151611328125,70.10359501454417,69.59541188985534,69.68434320971687,53500
2009-10-16,70.19252014160156,70.19252014160156,69.81138525490768,70.02101113882686,9500
2009-10-19,70.5228500366211,70.5228500366211,70.07183976392776,70.15442231780848,14200
2009-10-20,70.77690124511719,70.90394939152355,70.6689139554652,70.82772050367973,7200
2009-10-21,70.50377655029297,70.50377655029297,70.13534892274672,70.46566451726231,14600
2009-10-22,70.29418182373047,70.59908789484601,70.00197330651903,70.12902154147936,11300
2009-10-23,69.83039093017578,69.95108541506846,69.696994058321,69.77321807287257,9900
2009-10-26,69.15707397460938,69.63984236813916,69.13801311878838,69.62713997731616,12200
2009-10-27,70.0083236694336,70.02103091553514,69.38580430950118,69.38580430950118,8500
2009-10-28,70.3386001586914,70.42117782104746,69.95746055670007,70.06545269533967,28500
2009-10-29,69.72881317138672,70.10359933940472,69.57636016313226,69.93208546452392,19800
2009-10-30,70.5101547241211,70.52285712409024,70.01467873661795,70.10361007558546,41000
2009-11-02,70.36609649658203,70.53179523718335,70.21951160507113,70.53179523718335,121600
2009-11-03,69.90723419189453,70.52543184886277,69.75427476218786,70.39796565744054,207900
2009-11-04,69.46113586425781,69.8562739123416,69.29543704677674,69.70968895281928,18800
2009-11-05,69.41011047363281,69.5248227231079,69.30813754653923,69.30813754653923,5300
2009-11-06,69.6395492553711,69.67141701498292,69.21254850566221,69.58219312287473,24100
2009-11-09,69.75425720214844,69.77975043401518,69.53757202478634,69.69690107720088,21900
2009-11-10,69.7160415649414,70.08568624898167,69.56946151383676,70.04107429486221,8900
2009-11-11,69.98370361328125,70.2513801633257,69.85624229408876,70.11116979481137,7800
2009-11-12,69.83069610595703,69.9454131511767,69.06591904604859,69.74147227771218,18200
2009-11-13,70.17486572265625,70.17486572265625,69.85620772005127,70.0091621998478,9100
2009-11-16,70.818603515625,70.92694614186104,70.35336038187836,70.37885362258187,81300
2009-11-17,71.0225601196289,71.09903499613469,70.5381981649542,70.62104756861531,11000
2009-11-18,70.71659088134766,71.00975569146705,70.6146228380754,70.86317571757523,37700
2009-11-19,70.90141296386719,71.18183359131217,70.8376823291758,70.9842623027324,25800
2009-11-20,70.88235473632812,71.04168389016365,70.72940011010118,70.88235473632812,9500
2009-11-23,70.80583953857422,70.88869376897996,70.46168815513006,70.67837822426341,9400
2009-11-24,71.2137222290039,71.28382741121581,70.93967602463124,70.97791830914342,57000
2009-11-25,71.68534088134766,71.68534088134766,71.05439423186485,71.25833525712075,11100
2009-11-27,72.11235046386719,72.11235046386719,71.74908031624761,71.97851460551662,11500
2009-11-30,72.19515991210938,72.23977184021753,71.93386286528606,71.98484445288432,12500
2009-12-01,71.61294555664062,71.90054578937098,71.59376798186649,71.87498056573996,7500
2009-12-02,71.41483306884766,71.7535638284126,71.38288018885358,71.64491525950855,12000
2009-12-03,70.89717102050781,71.0377773860176,70.8524330747611,70.9099512009767,12400
2009-12-04,70.21963500976562,70.366628871947,70.06624375001303,70.30271828508269,20300
2009-12-07,70.43060302734375,70.6415125428152,70.27082397793865,70.42421537613767,45900
2009-12-08,70.72460174560547,71.0249822667356,70.60956063340277,70.91633368189686,15100
2009-12-09,70.53926849365234,70.87799935587739,70.283620995875,70.80769617208686,10600
2009-12-10,70.09825897216797,70.264430535152,69.75313566877155,70.264430535152,11500
2009-12-11,69.70198059082031,69.92567506340461,69.6125047522136,69.8234141758155,15300
2009-12-14,69.88096618652344,70.01518488564744,69.81066788726925,69.93848918272943,15000
2009-12-15,69.61893463134766,69.7723211689647,69.50389350911735,69.59336939573312,131800
2009-12-16,69.65726470947266,69.96404259322995,69.58696154602971,69.84260896981596,21800
2009-12-17,70.48171997070312,70.48171997070312,69.93847228216784,70.18772716133189,7800
2009-12-18,70.04072570800781,70.44337194093336,70.00238030527909,70.30276562950338,3400
2009-12-21,69.14598846435547,69.6892363001999,69.10125052201698,69.67006359292198,138700
2009-12-22,68.80083465576172,69.04369696724778,68.74331168331607,69.01174409461606,26300
2009-12-23,68.8072280883789,69.0884358011597,68.70496719204559,68.94782950673535,27100
2009-12-24,68.3598403930664,68.68579088793602,68.35344786836411,68.68579088793602,36600
2009-12-28,68.29595947265625,68.3726551742318,68.14896059698724,68.35987011926764,7900
2009-12-29,68.4478988647461,68.46072067460318,68.19141864002381,68.28759933578884,10300
2009-12-30,68.64028930664062,68.71082152058916,68.46074964898177,68.5825789079757,11900
2009-12-31,68.26839447021484,68.46716440890407,67.9606170855763,68.28762963951309,64200
2010-01-04,68.33890533447266,68.56973707784385,68.29402165614792,68.4671430176993,35300
2010-01-05,68.71076965332031,68.80694542523646,68.53764347996767,68.5568786343509,15000
2010-01-06,68.2748031616211,68.71722670113512,68.21709276571173,68.71722670113512,10100
2010-01-07,68.33890533447266,68.55691037434876,68.32607863097756,68.32607863097756,22600
2010-01-08,68.4671859741211,68.80061198682886,68.27482932859627,68.80061198682886,98300
2010-01-11,68.39021301269531,68.54409923491771,68.31968080835279,68.36456449366578,29200
2010-01-12,69.23656463623047,69.25579979419699,68.96725774884112,69.14679241246556,17100
2010-01-13,68.78134155273438,69.16606445784413,68.65951719860757,68.99293817215376,44100
2010-01-14,69.21090698242188,69.32632280692208,68.86465950892128,68.88389466434596,118000
2010-01-15,69.51869201660156,69.70464003976664,69.47380834838606,69.47380834838606,38400
2010-01-19,69.33919525146484,69.49949485300641,69.2045441732046,69.28148974304857,10800
2010-01-20,69.73674774169922,69.83933695422178,69.6726288723781,69.71751257009849,9500
2010-01-21,70.17911529541016,70.17911529541016,69.74951383303312,69.74951383303312,12700
2010-01-22,70.2945327758789,70.2945327758789,69.9995822921569,70.04446595507216,8600
2010-01-25,69.92903900146484,70.07651666584711,69.90980384783923,69.98674935429324,8900
2010-01-26,70.05089569091797,70.1919600622072,69.94189318290483,70.18554671116128,19600
2010-01-27,69.96113586425781,70.33944045342179,69.92907399753535,70.12143541396202,29500
2010-01-28,69.89703369140625,69.89703369140625,69.7239073969453,69.7239073969453,7100
2010-01-29,70.19844055175781,70.24332426809949,69.75601185356251,69.8265441066649,32900
2010-02-01,69.82073211669922,70.16809952915345,69.79500065194982,70.16809952915345,12200
2010-02-02,69.94304656982422,70.00737286170708,69.84012057658644,69.93661246830149,17900
2010-02-03,69.5441665649414,69.73071611502519,69.46697212456183,69.7114187318748,54100
2010-02-04,70.27105712890625,70.34181746692703,69.84006591207253,69.84006591207253,24700
2010-02-05,70.52197265625,70.64419601950065,70.09098119648668,70.16174157439175,44800
2010-02-08,70.47048950195312,70.48978688764569,70.27107173164637,70.37399766571161,76800
2010-02-09,70.00733184814453,70.45762053530595,69.96873216940313,70.26464177271332,10100
2010-02-10,69.63428497314453,70.18750000850989,69.57639277324417,70.07171070092684,69200
2010-02-11,69.40904235839844,69.52483150232607,69.30611649367374,69.52483150232607,13600
2010-02-12,69.64065551757812,69.78860538748398,69.56989517709174,69.73714733713027,7700
2010-02-16,69.8143081665039,69.8143081665039,69.33828826891946,69.42834595473879,18900
2010-02-17,69.21609497070312,69.64708621187,69.15820282238724,69.52486781838827,12300
2010-02-18,68.93948364257812,69.30614861700187,68.7272026290229,69.30614861700187,72400
2010-02-19,69.15177917480469,69.17107656049261,68.91376663317016,69.04242405072071,10400
2010-02-22,68.93306732177734,69.10674869670372,68.91376502876015,69.01025686273194,21800
2010-02-23,69.71786499023438,69.76932796308719,69.06172926358806,69.15178701219091,10900
2010-02-24,69.79505157470703,69.91727489449754,69.66639906486974,69.78861747688157,10100
2010-02-25,70.01375579833984,70.09095024226689,69.94942954895643,70.08451614499506,13000
2010-02-26,70.27752685546875,70.50267126887304,70.18103499035831,70.22606387303917,11600
2010-03-01,70.35811614990234,70.45488696428623,70.22263897855211,70.36456885005275,4300
2010-03-02,70.35166931152344,70.35166931152344,70.05490416425695,70.1581276801702,13000
2010-03-03,70.1774673461914,70.24197957023124,70.04199019911762,70.22262639521601,10700
2010-03-04,70.50007629394531,70.60329985280354,70.15170416575408,70.15170416575408,8000
2010-03-05,69.8807373046875,70.20330348591703,69.80977235105945,70.19040300433436,28300
2010-03-08,69.68717956542969,69.79040308217712,69.6291200287354,69.68073178710911,79000
2010-03-09,69.73235321044922,69.86138263337446,69.60332870949318,69.83557674878942,13300
2010-03-10,69.69369506835938,69.70014777446282,69.43564096592033,69.60982957690504,8500
2010-03-11,69.73235321044922,69.73880591208778,69.50655787279155,69.57752282490813,6400
2010-03-12,69.95166778564453,70.08069222576447,69.56458954331782,69.56458954331782,25500
2010-03-15,69.95166778564453,69.9968268318832,69.79683747310723,69.91296143800193,9000
2010-03-16,70.40330505371094,70.40330505371094,70.02913195981778,70.1000969256529,15300
2010-03-17,70.5581283569336,70.5581283569336,70.37103938091136,70.52586976997587,5900
2010-03-18,70.35166931152344,70.56455919965023,70.30005755356682,70.47424108421022,8900
2010-03-19,70.4677963256836,70.62262668422022,70.24199610543926,70.4677963256836,8400
2010-03-22,70.5581283569336,70.5839342421059,70.46135751802977,70.50006388480357,5200
2010-03-23,70.29364013671875,70.50008235019926,70.29364013671875,70.46137597328749,7400
2010-03-24,69.4291763305664,69.88721991328651,69.35175864203303,69.75819043239756,14900
2010-03-25,69.03561401367188,69.29366793754996,68.89368410944047,69.29366793754996,19200
2010-03-26,69.22911071777344,69.25491658743012,68.93235059967127,68.93235059967127,24000
2010-03-29,69.13880157470703,69.22267189242736,69.08074205194711,69.20331379620704,10900
2010-03-30,69.26139831542969,69.28720419590259,68.96463807294398,69.03560301375235,7200
2010-03-31,69.48075866699219,69.56462903044788,69.34528145137493,69.40979370805415,26900
2010-04-01,69.36042785644531,69.39279093471501,69.1985976490988,69.2762729878789,22900
2010-04-05,68.60945892333984,68.8878067756806,68.49941568695553,68.85544373250555,28100
2010-04-06,68.64835357666016,68.86196562740906,68.61598557026504,68.76487148555246,13900
2010-04-07,69.32154083251953,69.37332765096927,68.61596395112741,68.70658841408304,42000
2010-04-08,69.1791000366211,69.42507989375817,69.15320664029187,69.32150630844127,12000
2010-04-09,69.29564666748047,69.35390312945198,68.99787495519571,69.14028622489822,13600
2010-04-12,69.59342193603516,69.6710972281453,69.46395488474654,69.52869087972236,9900
2010-04-13,69.72933197021484,69.8458498024847,69.63223295354645,69.75522537057049,20200
2010-04-14,69.44450378417969,69.78758266797247,69.42508497017793,69.71637705752558,7700
2010-04-15,69.61280059814453,69.70342501243213,69.25030294099409,69.25030294099409,21100
2010-04-16,70.05298614501953,70.05946072922643,69.69048844800501,69.742270305678,15100
2010-04-19,69.81349182128906,70.04652751922158,69.81349182128906,70.00121529677148,6800
2010-04-20,69.93643951416016,69.93643951416016,69.81344715819618,69.93643951416016,5500
2010-04-21,70.29894256591797,70.40898576741806,70.06590699882419,70.12416835992717,7100
2010-04-22,70.17601776123047,70.52556648513523,70.17601776123047,70.35079212318286,13300
2010-04-23,69.93000030517578,70.07888612395115,69.88468808879392,69.99473133734112,12900
2010-04-26,69.96883392333984,70.26013095936693,69.8652652655482,70.20834416114066,57500
2010-04-27,70.79092407226562,70.90744188376495,70.33132740986834,70.35722080560822,13700
2010-04-28,70.27953338623047,70.57082541567307,70.26658915902269,70.49962475804068,8600
2010-04-29,70.57085418701172,70.57085418701172,70.29250627129602,70.46081092557247,6300
2010-04-30,71.06927490234375,71.09516829917636,70.66146501421622,70.66146501421622,18600
2010-05-03,70.97320556640625,70.98619143745668,70.81085492826035,70.81085492826035,4100
2010-05-04,71.59657287597656,71.59657287597656,71.33681107644739,71.57059620056923,4500
2010-05-05,71.8433609008789,72.32392207808147,71.66802449347205,72.01870226283118,16300
2010-05-06,73.15514373779297,73.6227140181167,71.75243289682179,71.96673676772758,15900
2010-05-07,72.72657775878906,73.73315352109198,72.59020384114015,72.75904986255912,145700
2010-05-10,72.00569915771484,72.21350762025847,71.64203558689967,71.71996561830773,62200
2010-05-11,71.99925994873047,72.17459645101104,71.73949794703312,72.17459645101104,13200
2010-05-12,71.6550521850586,71.97975335672454,71.6550521850586,71.9148141133007,8500
2010-05-13,71.99268341064453,72.07061340970212,71.55758539696035,72.05112719403084,11100
2010-05-14,72.64214324951172,72.90190516605358,72.39537215379751,72.39537215379751,63900
2010-05-17,72.40190887451172,72.88896092129922,72.36944171078899,72.56425955677422,33700
2010-05-18,73.12268829345703,73.1876275239372,72.51225358148857,72.60316949506995,42100
2010-05-19,73.24614715576172,73.57084857681508,73.09678232207496,73.12275903030529,41800
2010-05-20,74.12931060791016,74.35010512214704,73.77213718246952,73.85006728107898,51300
2010-05-21,74.16825103759766,74.88259272066908,74.00590042987473,74.82414888007156,78200
2010-05-24,74.11630249023438,74.42152244539712,74.02538654034092,74.35658318898003,82900
2010-05-25,74.41500854492188,74.94752319706224,74.36306012542344,74.82413517234225,86300
2010-05-26,74.25262451171875,74.26561532665006,73.83700761571272,74.13573690460225,52100
2010-05-27,73.18766021728516,73.50587101151228,73.05778169830732,73.49937559919901,96000
2010-05-28,73.38243103027344,73.63569743127101,73.22657592686211,73.40840770659939,13900
2010-06-01,73.66848754882812,73.9290774581982,73.39487038064215,73.85741510886295,68100
2010-06-02,73.27103424072266,73.77918145015883,73.17331247652292,73.6814596859591,38000
2010-06-03,72.98440551757812,73.19939246501785,72.73033184163545,72.76290742894575,148200
2010-06-04,74.2417221069336,74.2417221069336,73.79220499637258,73.79220499637258,39300
2010-06-07,74.65215301513672,74.6847285940733,74.13097854449992,74.18960862218316,103300
2010-06-08,74.39808654785156,74.58701398908555,74.32642424357881,74.38505929722743,20700
2010-06-09,74.39808654785156,74.45020549102011,73.96160158207098,74.05932335792801,11600
2010-06-10,73.46649169921875,73.96161178696238,73.4208888602382,73.96161178696238,14300
2010-06-11,74.07891845703125,74.24178654043085,73.69455216597115,73.90953425860063,86600
2010-06-14,73.85740661621094,73.86391775970064,73.486067653418,73.57727336565917,7800
2010-06-15,73.59028625488281,74.00722799239078,73.51862392777947,73.9616251451739,78400
2010-06-16,73.90948486328125,73.95508769734218,73.59678113553083,73.89645761226504,29000
2010-06-17,74.3590087890625,74.47627394015916,74.00721333577252,74.00721333577252,16500
2010-06-18,74.22222137451172,74.37206215419643,74.18313463648006,74.33297044582676,14400
2010-06-21,74.10494995117188,74.1310094311117,73.55119967087899,73.55771578344834,21500
2010-06-22,74.71731567382812,74.71731567382812,74.10493048197496,74.23522287710547,35300
2010-06-23,75.03655242919922,75.14730148704898,74.76293535556897,74.76293535556897,45000
2010-06-24,74.85415649414062,75.29715778729751,74.71083181542247,75.1798925929225,26400
2010-06-25,75.05606842041016,75.1798496577642,74.69124578863271,74.69124578863271,15500
2010-06-28,75.60983276367188,75.60983276367188,75.32318848611799,75.3818185757302,47100
2010-06-29,76.05939483642578,76.06591095144728,75.72714255508124,75.72714255508124,52100
2010-06-30,76.20918273925781,76.23523724057236,75.88344679912997,76.15054768546008,216100
2010-07-01,76.23988342285156,76.7298149884045,76.2137531412944,76.32480310003109,103300
2010-07-02,75.98513793945312,76.23336819902441,75.96554146946629,76.10272174321696,49500
2010-07-06,76.3182601928711,76.42277631598317,75.95897511752182,75.96550893266654,163800
2010-07-07,75.932861328125,76.35746969559484,75.92633249540336,76.33787322974638,34500
2010-07-08,75.73692321777344,75.84143940709298,75.5017555619997,75.5997429158794,64600
2010-07-09,75.44293212890625,75.58011237801918,75.41680184566923,75.54745326185434,27500
2010-07-12,75.47560119628906,75.76955818032879,75.41027797581826,75.50826031460333,30900
2010-07-13,75.08367156982422,75.28617508802942,74.99221804651584,75.28617508802942,64600
2010-07-14,75.57359313964844,75.66504665066766,75.12285441830896,75.29922762274818,38400
2010-07-15,76.15498352050781,76.24643703778437,75.81529475590095,75.81529475590095,51000
2010-07-16,76.47504425048828,76.57956536752896,76.14188941972259,76.19414997824293,30600
2010-07-19,76.22683715820312,76.45547094116876,76.09618572233512,76.42934065399515,18600
2010-07-20,76.32481384277344,76.65143493244743,76.27908708957277,76.42933498371343,12600
2010-07-21,77.06952667236328,77.10218579617825,76.31176323251572,76.31176323251572,23400
2010-07-22,76.5599594116211,76.79512692727253,76.48810239384754,76.79512692727253,92900
2010-07-23,76.06356811523438,76.54696623216834,76.04397163511948,76.45551266906854,45400
2010-07-26,75.958984375,76.18761809452297,75.73688447141805,75.97858083898178,71400
2010-07-27,75.61276245117188,75.83486234172213,75.57356952550795,75.6650230079511,33200
2010-07-28,75.86103820800781,75.93942909028485,75.4821614032788,75.54748464658766,61600
2010-07-29,75.99170684814453,76.03089980621635,75.58669467397013,75.64548909492301,30600
2010-07-30,76.80174255371094,76.82787285926693,76.5012515155863,76.57964243225427,23600
2010-08-02,76.28742980957031,76.5167219242514,76.24157238625095,76.46431201243377,75500
2010-08-03,76.68051147460938,76.77222633598899,76.50362924331648,76.58879661322976,222900
2010-08-04,76.3528823852539,76.75904637515124,76.32012496758081,76.71318898925702,37500
2010-08-05,76.7590560913086,76.86387584266645,76.55597407065382,76.68699376177028,58400
2010-08-06,77.38801574707031,77.42077319265405,77.10631870853742,77.16528111097124,68000
2010-08-09,77.25043487548828,77.32249724928559,77.13906756983206,77.17837250169099,68300
2010-08-10,77.64350891113281,78.0234732936293,77.21769210111505,77.22423959185551,102200
2010-08-11,78.34446716308594,78.35101965123265,77.91865039714637,77.93830286350246,168000
2010-08-12,78.12171936035156,78.46892620225982,78.08896192323135,78.3968638390619,30000
2010-08-13,78.67852783203125,78.6981802868341,78.28546374173082,78.35097359043405,14500
2010-08-16,79.65467834472656,79.67433580754903,79.32057644799895,79.32057644799895,45700
2010-08-17,79.25507354736328,79.47125567661664,79.1240487740903,79.45815569833135,25400
2010-08-18,79.3598861694336,79.7136455503446,79.32058123758257,79.57607329078208,9700
2010-08-19,79.9560546875,80.10672695713694,79.33369814457811,79.35990310409866,26400
2010-08-20,79.6743392944336,80.05429862487502,79.64158185304618,79.91017887778831,21300
2010-08-23,79.77262878417969,79.84469118130144,79.51058915619384,79.58919904535539,19100
2010-08-24,80.67664337158203,80.7093958101548,80.17875932329461,80.27047414823136,30500
2010-08-25,80.23775482177734,81.19421338945507,80.16569242986253,80.96492123440696,27600
2010-08-26,80.76841735839844,80.76841735839844,80.26398045366935,80.29673791431968,30700
2010-08-27,79.40572357177734,80.55216377720765,79.40572357177734,80.39493909135464,84400
2010-08-30,80.46702575683594,80.46702575683594,79.79881189344214,79.83812182534328,18400
2010-08-31,80.9714584350586,80.9911109022182,80.65700896433654,80.85353863401677,165300
2010-09-01,80.0091323852539,80.46238267159359,79.48361885099317,80.46238267159359,51700
2010-09-02,79.52955627441406,79.78574260037603,79.44416250298197,79.73976056781018,34600
2010-09-03,78.95154571533203,79.03693954083845,78.53113686232243,78.59682480591727,64700
2010-09-07,79.78575897216797,79.83831130921699,79.4179026361582,79.49016084668393,80000
2010-09-08,79.43106842041016,79.63470755099776,79.20772842052075,79.5690145988716,81200
2010-09-09,78.55738830566406,78.97123176857154,78.50484097098347,78.88583295283884,81300
2010-09-10,78.30775451660156,78.43256505811203,78.14353223005261,78.3274603891208,21100
2010-09-13,78.60994720458984,78.7084816092892,78.13698607136739,78.13698607136739,32500
2010-09-14,79.14862823486328,79.16176883368634,78.86616550020779,78.93842375872454,7600
2010-09-15,78.62311553955078,79.08950654057692,78.57056317027944,78.83988529237294,12800
2010-09-16,78.18952941894531,78.3931634899866,78.05815356891883,78.3603220333137,41000
2010-09-17,78.32748413085938,78.5508291143303,78.20267856318571,78.43915912842883,18300
2010-09-20,78.60994720458984,78.62308779810603,78.30777870540172,78.46543074591987,37800
2010-09-21,79.45735168457031,79.56902169447324,78.70849807090391,78.81360279434365,24000
2010-09-22,79.70692443847656,80.04193929724403,79.69378886104109,79.88428730968664,80700
2010-09-23,79.87770080566406,80.22585117121734,79.68063711412378,80.15359298081964,25900
2010-09-24,79.23402404785156,79.4902105866877,79.23402404785156,79.4902105866877,44300
2010-09-27,80.12732696533203,80.17987427944382,79.75290041458277,79.75290041458277,53800
2010-09-28,80.55432891845703,80.70541565483272,80.1996081132713,80.20617840920086,56100
2010-09-29,80.3835220336914,80.60029163069038,80.26528179366188,80.56087988790259,22900
2010-09-30,80.25872802734375,80.32441594940619,79.69380287660587,80.19304010528133,142800
2010-10-01,80.23434448242188,80.2936286911131,79.75350768866124,79.9247620129623,237200
2010-10-04,80.47148132324219,80.47806957511193,80.24094276143875,80.30681020404491,10800
2010-10-05,80.26730346679688,80.458322598388,80.16191152163024,80.42538635918228,24800
2010-10-06,80.96546936035156,81.29481149575035,80.86008249021228,80.86008249021228,13700
2010-10-07,80.80082702636719,80.94573842153278,80.78765554742667,80.92597869044,19300
2010-10-08,80.75470733642578,81.24872064194066,80.74811908525055,81.01818210443969,854400
2010-10-11,80.873291015625,80.95233497346416,80.70861987248344,80.86011953533405,39700
2010-10-12,80.41876983642578,81.0050035309468,80.36607890772959,80.84691566876994,64400
2010-10-13,80.28702545166016,80.32654489983453,79.87863939419695,79.99720276408226,49900
2010-10-14,79.69425964355469,80.47150778274415,79.62839217929093,80.34636110825261,69300
2010-10-15,79.0750961303711,79.43736968130045,78.89724845642097,79.31880624045543,73400
2010-10-18,79.62837219238281,79.7271758766612,79.40442186502496,79.47028931275585,16400
2010-10-19,79.84571075439453,79.94451440335868,79.33193781021572,79.33193781021572,7700
2010-10-20,79.92476654052734,80.05650644210223,79.56249311826404,79.69422799447554,7400
2010-10-21,79.3846206665039,79.80618319426513,79.3846206665039,79.77324697283694,10000
2010-10-22,79.44395446777344,79.48347393787525,79.23976383842749,79.23976383842749,6900
2010-10-25,79.64151763916016,79.95768327511823,79.59540491583067,79.8720561289967,6300
2010-10-26,78.79840850830078,79.22655434916982,78.76547730538032,79.16068691796602,15800
2010-10-27,78.271484375,78.6930420746969,78.25830787011712,78.52178268876874,28600
2010-10-28,78.61394500732422,78.69298890712429,78.38999482926518,78.5019699182947,69000
2010-10-29,78.9631118774414,79.06850383073979,78.80502897285875,78.82478870776097,35100
2010-11-01,78.83097076416016,79.39895570572443,78.75832117590343,79.39895570572443,69800
2010-11-02,79.34615325927734,79.4121969940336,79.22066663607067,79.22066663607067,7900
2010-11-03,78.91024780273438,79.9801692334745,78.5734182595543,79.79524479057191,29000
2010-11-04,79.61033630371094,79.76223639562012,79.37918070375295,79.37918070375295,37400
2010-11-05,79.02918243408203,79.35280042992883,78.96973951470477,79.18768848772707,61000
2010-11-08,79.0555419921875,79.35274630873747,78.92345454404072,79.16121598175545,13400
2010-11-09,78.07811737060547,79.10841403123865,78.0649055966502,79.10841403123865,17100
2010-11-10,78.28948211669922,78.29608800550888,77.4308979688488,78.05832639652927,30000
2010-11-11,78.19036102294922,78.34886697539132,78.08469206759227,78.34886697539132,30700
2010-11-12,77.54977416992188,78.08474027777837,77.53656743190332,77.9856721067815,23500
2010-11-15,76.35433197021484,77.31197878067572,76.35433197021484,77.10063579304504,30200
2010-11-16,77.3846435546875,77.3846435546875,76.35434691813813,76.79023971098007,35700
2010-11-17,76.97515869140625,77.47049431995116,76.97515869140625,77.27235805300737,7900
2010-11-18,76.83644104003906,76.83644104003906,76.42036103022845,76.81662842606903,6700
2010-11-19,77.17988586425781,77.17988586425781,76.9157058886321,76.9157058886321,7400
2010-11-22,77.60916900634766,77.67521273315691,77.33177729164737,77.58275050786128,28600
2010-11-23,77.87992858886719,78.08467063667587,77.78086050622582,78.01202104532634,19800
2010-11-24,76.83644104003906,77.38461354100541,76.796815812099,77.38461354100541,6500
2010-11-26,77.29219818115234,77.33182343311837,77.08085510597292,77.15350476045488,4300
2010-11-29,77.60254669189453,77.71482150758061,77.41762228045573,77.69500889761393,19300
2010-11-30,77.87992858886719,78.2828017631466,77.82049076256956,78.26959503690668,14800
2010-12-01,76.5733642578125,77.06341624714746,76.54687455143805,76.9442150946599,49100
2010-12-02,76.35478973388672,76.79185701029017,76.35478973388672,76.58656821776674,27300
2010-12-03,76.23566436767578,76.85153640933383,76.14957152215987,76.85153640933383,39000
2010-12-06,76.88460540771484,76.88460540771484,76.507135965897,76.56673906323375,23700
2010-12-07,75.46747589111328,76.08334791790715,75.13636200686705,76.07672422555109,868600
2010-12-08,74.785400390625,74.98407079072672,74.1629045192112,74.97082340277426,63500
2010-12-09,74.90458679199219,75.09663346009987,74.52049345577684,74.91782912492503,82300
2010-12-10,74.32842254638672,74.71913944783965,74.32842254638672,74.62642799035498,22000
2010-12-13,74.633056640625,74.84496929364633,74.04367441652202,74.20261269558516,22500
2010-12-14,73.54041290283203,74.09005823934405,73.32850016947366,74.09005823934405,53300
2010-12-15,73.22915649414062,73.82516256659706,72.97088803814243,73.69271396583035,45100
2010-12-16,73.64635467529297,73.64635467529297,72.93114742275623,73.22915297084518,27400
2010-12-17,74.40791320800781,74.52049071718982,73.825154584833,73.825154584833,152300
2010-12-20,74.4145278930664,74.93106468669313,74.18274415793965,74.69928600396273,98300
2010-12-21,74.5270767211914,74.5270767211914,74.09000418554061,74.43436528376144,151800
2010-12-22,74.28868103027344,74.633037106655,74.1628561887134,74.633037106655,20900
2010-12-23,74.01050567626953,74.26215016753194,73.94428397355753,74.22241815638316,38200
2010-12-27,74.5270767211914,74.5270767211914,73.88471529585915,74.0701381707191,12500
2010-12-28,73.510498046875,74.3875211445209,73.43741236631632,74.3875211445209,28600
2010-12-29,74.5005111694336,74.5470198038209,73.47067567398301,73.56369294275761,6800
2010-12-30,74.40088653564453,74.48725830392058,74.03545776781661,74.18162927494778,9700
2010-12-31,74.87923431396484,74.96561112271087,74.46730209648024,74.46730209648024,5300
2011-01-03,74.60682678222656,74.82608396671831,74.12180377432615,74.22146659173708,19300
2011-01-04,74.6732406616211,74.93900639139405,74.50713771414547,74.62008650185457,25000
2011-01-05,73.63008117675781,74.15496686255617,73.44404677046116,74.04865859092529,52800
2011-01-06,74.0022201538086,74.068665421106,73.63015098844167,73.76303138491208,10300
2011-01-07,74.44739532470703,74.60020730493683,73.81620063996496,73.92250903409285,34000
2011-01-10,74.77957916259766,74.84601935459159,74.4274365138125,74.60018506824612,61900
2011-01-11,74.46727752685547,74.64666648672409,74.13507161897591,74.64666648672409,7600
2011-01-12,74.14175415039062,74.36765693182171,73.92250197928688,74.00222819821087,71500
2011-01-13,74.67994689941406,74.79289577892908,74.10190634750062,74.15506055047138,14400
2011-01-14,74.5005111694336,75.00546567782501,74.5005111694336,74.88587132239181,11000
2011-01-18,74.20818328857422,74.26797793976506,73.85604571406377,74.11516600734737,19800
2011-01-19,74.48058319091797,74.48722873016632,74.11515963723782,74.11515963723782,291000
2011-01-20,73.80288696289062,74.16167005500054,73.58362978397989,74.15502451559259,16900
2011-01-21,74.06865692138672,74.06865692138672,73.59027943848972,73.62349699926435,8800
2011-01-24,74.10189056396484,74.28792516567376,74.02880481771311,74.23477604308744,5000
2011-01-25,74.71977233886719,74.79285806383177,74.01549724636618,74.27461751885471,13600
2011-01-26,74.0022201538086,74.54039741835685,73.94242549611556,74.54039741835685,14100
2011-01-27,74.20818328857422,74.29455502998154,73.76302336377528,73.99557163590404,8600
2011-01-28,74.64006805419922,74.75966245927368,73.9092156094389,73.9092156094389,38000
2011-01-31,74.2945785522461,74.68658442072432,74.1484070443072,74.57363048427675,15900
2011-02-01,73.89205932617188,74.09865133834424,73.7321212234744,73.92538209455662,17700
2011-02-02,73.71874237060547,74.13191593036106,73.55879929811591,74.03861834691064,12400
2011-02-03,73.39228057861328,73.67883922597011,73.3323056703572,73.49890941685901,7500
2011-02-04,72.77914428710938,73.1789920655745,72.65252387493162,73.10568604634952,32100
2011-02-07,72.77914428710938,72.82579310985797,72.49258578041365,72.53256903295805,278700
2011-02-08,72.279296875,72.88573634951736,72.23931364260115,72.75911600113729,72200
2011-02-09,72.77914428710938,73.01905397105652,72.20602727371791,72.43927138746086,38000
2011-02-10,72.53919982910156,72.79910101472869,72.50588216273327,72.68581179726824,8700
2011-02-11,73.01236724853516,73.145653192303,72.75913158188456,72.90574357785975,3300
2011-02-14,73.23229217529297,73.34558142496641,72.93906815558348,72.93906815558348,10600
2011-02-15,73.3989028930664,73.41889451736934,73.11234441459821,73.11234441459821,127200
2011-02-16,73.27230072021484,73.43890440996917,73.14568537335352,73.27230072021484,10000
2011-02-17,73.51219940185547,73.6454853842498,73.46555057910253,73.54552216853914,8600
2011-02-18,73.49889373779297,73.49889373779297,73.17901237563697,73.29896725090275,7300
2011-02-22,74.34523010253906,74.34523010253906,73.75878693539396,73.77877856499623,17100
2011-02-23,74.25194549560547,74.6251412897098,74.23861943497486,74.35857431801874,14900
2011-02-24,74.50514221191406,74.7717039411447,74.4718194535907,74.55845150715673,7600
2011-02-25,74.8316650390625,74.8316650390625,74.51178392648951,74.55177224327227,8600
2011-02-28,74.85169219970703,74.86501825540415,74.73173736107208,74.8583577697257,16000
2011-03-01,74.87837982177734,74.90510600857338,74.45745384911237,74.45745384911237,5700
2011-03-02,74.3238754272461,74.78489355457812,74.3238754272461,74.6245414180071,9600
2011-03-03,73.75591278076172,74.02316957773624,73.70246040186693,73.90958709570937,56100
2011-03-04,74.26371002197266,74.2971139400819,73.83610112917363,73.83610112917363,17100
2011-03-07,74.02313232421875,74.32379288356493,73.80932801374001,73.82937137136351,4200
2011-03-08,73.75591278076172,73.99644338828884,73.74922995902502,73.94967383113075,3900
2011-03-09,74.21697235107422,74.33055489695441,73.78936327452338,73.90294582040357,4600
2011-03-10,75.07888793945312,75.07888793945312,74.4241085462245,74.50428717524329,15800
2011-03-11,74.85169219970703,75.11894910786326,74.79156207156018,75.09890573181431,12400
2011-03-14,74.97196197509766,75.14567974026973,74.87173999144062,74.98532762491958,4200
2011-03-15,75.45972442626953,75.86060735999223,75.41295483562693,75.76706817870704,11600
2011-03-16,76.16790771484375,76.68237291878955,75.76034218681518,75.93405989486838,75900
2011-03-17,75.88060760498047,76.00087292647842,75.60667304337413,75.82047749298158,18100
2011-03-18,75.83385467529297,75.83385467529297,75.53319385434739,75.53319385434739,18300
2011-03-21,75.46637725830078,75.61336880825608,75.27262123063393,75.56659923304315,5900
2011-03-22,75.57329559326172,75.57329559326172,75.30603864524757,75.30603864524757,5400
2011-03-23,75.37953186035156,75.92740629120317,75.37953186035156,75.87395388392444,22500
2011-03-24,74.99200439453125,75.32607427078673,74.98532666720742,75.18576553445965,7700
2011-03-25,74.7982177734375,75.23919230667083,74.7982177734375,75.21246611397487,11400
2011-03-28,74.81161499023438,74.97864994195054,74.64458003851821,74.6646234171238,28100
2011-03-29,74.53761291503906,74.97190444596797,74.4440738280695,74.68460436527634,12200
2011-03-30,74.77821350097656,74.80493970764628,74.60450080387741,74.60450080387741,4100
2011-03-31,74.69805145263672,74.9185337708999,74.6111899932419,74.9185337708999,8100
2011-04-01,74.75094604492188,74.75764919302624,74.4493657362722,74.4493657362722,12300
2011-04-04,74.9453353881836,75.13298272860293,74.91852789483704,74.99224722328843,11000
2011-04-05,74.6035385131836,74.85820200409259,74.55662668293705,74.79788898506389,5600
2011-04-06,74.06066131591797,74.49627385715749,74.06066131591797,74.4828675625329,8500
2011-04-07,73.9333267211914,74.10086961215794,73.91322239235593,74.0271503310924,3200
2011-04-08,73.74568176269531,73.84620852295839,73.61834752549518,73.75238491018044,4300
2011-04-11,73.79927825927734,73.89310184858991,73.61162596765007,73.69204837834747,10700
2011-04-12,74.322021484375,74.46275688791991,74.20139040805039,74.21479158852962,8700
2011-04-13,74.63025665283203,74.63025665283203,74.0740133937226,74.08071653659135,56100
2011-04-14,74.48960876464844,74.7509754003169,74.45609812397056,74.71746475963903,11500
2011-04-15,75.18655395507812,75.21336143282214,74.95198980306887,75.03241223630093,16300
2011-04-18,75.38761138916016,75.40101768613808,74.73754403684376,74.9519987714529,106500
2011-04-19,75.54846954345703,75.54846954345703,75.34071280784431,75.4010309288303,8500
2011-04-20,75.17985534667969,75.46802935857308,75.17985534667969,75.44122187921045,3400
2011-04-21,75.21333312988281,75.45459011278629,74.7643144378917,75.38757400014634,15600
2011-04-25,75.52841186523438,75.54852132801707,75.28045140067556,75.32066010022378,11900
2011-04-26,75.970703125,75.970703125,75.69593013341067,75.7227376286638,8100
2011-04-27,75.54174041748047,75.72938763956878,75.50822979367757,75.67577268668546,4200
2011-04-28,75.82991027832031,75.96394254024365,75.702576050391,75.85671775330559,6000
2011-04-29,76.13824462890625,76.13824462890625,75.80986176631583,75.88358109855139,16000
2011-05-02,76.15908813476562,76.27333897809709,75.99107037898582,76.13220467854146,24000
2011-05-03,76.39427185058594,76.45476087719958,76.28002106725076,76.36738840847902,2900
2011-05-04,76.7303237915039,76.9789918391899,76.65639559158356,76.65639559158356,3800
2011-05-05,77.25446319580078,77.2947908922781,76.88482768259625,77.01923966421818,30600
2011-05-06,77.18064880371094,77.40915566218987,76.7505236756875,76.76396797015472,79000
2011-05-09,77.1940689086914,77.30831973838131,77.09997938688862,77.12014069477573,33000
2011-05-10,76.87814331054688,77.11336695767969,76.83782072175009,77.03272178008612,136300
2011-05-11,77.18064880371094,77.25457704079271,76.79085143159318,76.80429059856442,75400
2011-05-12,76.95210266113281,77.30829934650163,76.72360106202566,77.25453245465535,17000
2011-05-13,77.36201477050781,77.60396049536003,77.12679118453751,77.15367461257549,16700
2011-05-16,77.630859375,77.630859375,77.22089598892875,77.40235275494015,24900
2011-05-17,77.99382019042969,78.05430410262836,77.7720355907144,77.86612509468573,19900
2011-05-18,77.43598937988281,77.96020372244524,77.422545094052,77.89299767576927,5200
2011-05-19,77.42923736572266,77.42923736572266,76.92518451887112,76.96550710582221,9700
2011-05-20,77.55025482177734,77.5972995760869,77.3553536603539,77.42255971972558,13800
2011-05-23,77.78545379638672,78.03412177703304,77.75857035570938,77.86610411841872,15000
2011-05-24,77.91991424560547,77.91991424560547,77.59059576015422,77.6846852909989,13300
2011-05-25,77.82577514648438,78.01395408832005,77.77873041102545,77.96690935286114,4300
2011-05-26,78.30292510986328,78.30292510986328,77.94672861202889,77.94672861202889,16000
2011-05-27,78.13494873046875,78.28952213533103,78.02069280329613,78.08118183856317,14100
2011-05-31,78.30292510986328,78.37685326535612,78.03409591966118,78.03409591966118,36600
2011-06-01,79.20276641845703,79.20950280324134,78.70399626138138,78.77140124745213,46800
2011-06-02,78.35348510742188,78.89943032586766,78.32652415138699,78.73092820735708,22400
2011-06-03,78.67704772949219,78.89946672039278,78.37374069089857,78.89946672039278,11000
2011-06-06,78.43440246582031,78.55572425018835,78.18501736954192,78.2591587456712,223900
2011-06-07,78.58264923095703,78.58264923095703,78.0771428515554,78.22542554561083,26900
2011-06-08,78.94661712646484,78.97357808468986,78.70397364471671,78.73093460294173,8200
2011-06-09,78.58939361572266,79.13534402209181,78.48155492484334,79.02075866379397,5500
2011-06-10,78.9668197631836,79.12858032531618,78.8657174834974,78.8994148152091,304700
2011-06-13,78.75115966796875,79.03424717843804,78.6702819297867,78.6702819297867,26100
2011-06-14,77.90865325927734,78.2119602210814,77.84799495228312,78.2119602210814,14700
2011-06-15,78.7983627319336,78.84554313712651,77.9828076471613,77.9828076471613,22800
2011-06-16,79.23641204833984,79.3442558418362,78.95332980382454,79.04769055199631,27700
2011-06-17,79.11509704589844,79.1825019936745,78.92637553358676,78.98703895813011,40400
2011-06-20,79.06120300292969,79.27688552786714,78.86573991122435,79.27688552786714,54400
2011-06-21,78.7713851928711,79.03424812968129,78.69724383712695,78.8994433272931,13800
2011-06-22,78.74440002441406,79.0881405947054,78.59611735851153,79.02748230898662,18200
2011-06-23,79.31732940673828,79.41169019596917,79.18252974848768,79.18252974848768,13800
2011-06-24,79.40492248535156,79.58690762048248,79.26338134818064,79.26338134818064,13800
2011-06-27,78.83206176757812,79.48585106942197,78.78488136137695,79.48585106942197,59500
2011-06-28,78.10411834716797,78.7107271438195,77.96257715166225,78.65680521916651,20600
2011-06-29,77.53794860839844,78.05019657529982,77.47054877802977,78.05019657529982,37100
2011-06-30,77.22789764404297,77.60534077063464,76.83697146734336,77.60534077063464,87200
2011-07-01,77.0649642944336,77.45698167486607,76.96358493452064,77.45698167486607,8100
2011-07-05,77.42996978759766,77.51107845764213,77.35562146254831,77.3961783758867,3500
2011-07-06,77.6327896118164,77.82879849169395,77.52464464775885,77.72741387704892,10800
2011-07-07,77.48403930664062,77.48403930664062,77.15961495198545,77.32858747405272,39800
2011-07-08,78.34916687011719,78.43027552578785,78.11260640353373,78.11260640353373,20400
2011-07-11,79.08595275878906,79.18057702093637,78.66013842249065,78.78855927396293,85400
2011-07-12,79.43062591552734,79.47793803033849,79.05888934390647,79.39683449445295,36200
2011-07-13,79.58609008789062,79.61988666862835,78.9507514977879,79.1873172496835,13500
2011-07-14,79.01158905029297,79.41712226029523,78.97103211964857,79.19407718997189,9100
2011-07-15,79.07916259765625,79.07916259765625,78.58576042535037,78.58576042535037,7000
2011-07-18,78.85610961914062,79.20757541630489,78.8155578566344,79.0656390909,3900
2011-07-19,79.6198501586914,79.6198501586914,78.74119102876489,78.78850312612204,8000
2011-07-20,79.1197280883789,79.3089765741561,79.01834865430861,79.3089765741561,3700
2011-07-21,78.56546783447266,78.81554904076557,78.40325564595881,78.71416448920722,134800
2011-07-22,78.93721008300781,78.98452218655066,78.7209254444358,78.76823754797867,16600
2011-07-25,78.53170776367188,79.07241699339231,78.41004728457372,78.47087494580552,20300
2011-07-26,78.93045043945312,79.02507464738007,78.61954159103139,78.63981747035395,21800
2011-07-27,78.8967056274414,78.99132989125933,78.53172411415697,78.76152442439034,38600
2011-07-28,79.03861999511719,79.1737960038591,78.9642716433189,79.13999942335653,14200
2011-07-29,80.26873779296875,80.32956544805909,79.56581122433201,79.56581122433201,5900
2011-08-01,80.65512084960938,80.89914045844306,80.13319317992897,80.13319317992897,28200
2011-08-02,81.90908813476562,81.94976150765892,80.8720076261806,81.04146536082365,189200
2011-08-03,82.02429962158203,82.5936749631559,81.92262397589008,81.92940373131971,37300
2011-08-04,83.63075256347656,83.71887386699876,82.20052932728495,82.29543038602532,71300
2011-08-05,82.3971176147461,83.67821752531162,82.3700037597971,82.84448846424596,71300
2011-08-08,84.31539916992188,84.41707485601107,83.10886079597861,83.10886079597861,83300
2011-08-09,84.93216705322266,86.26071426481236,83.75273821348121,84.0577650533191,157400
2011-08-10,86.5183334350586,86.57256114680807,85.53548072393573,85.69137893091644,70000
2011-08-11,84.35601806640625,86.12515638733136,83.94254097705979,85.8608028608885,298700
2011-08-12,85.31855010986328,85.39311189886467,84.7559494006483,84.91184756206015,105800
2011-08-15,84.74243927001953,85.31182006585708,84.70855081891442,85.16269640096056,163200
2011-08-16,85.33890533447266,85.61003870966651,84.68140858034519,84.70174267848292,139900
2011-08-17,86.07768249511719,86.11157608426122,85.07449638225575,85.44052542498162,180800
2011-08-18,86.95893096923828,87.785885583671,86.61324089646914,87.0063841019273,36400
2011-08-19,87.29784393310547,87.33852247832623,86.83692384939894,87.13517112374059,13100
2011-08-22,87.15548706054688,87.29105115439074,86.80979706981338,86.80979706981338,70700
2011-08-23,86.59966278076172,87.29104790795412,86.55221483253713,86.73522686956385,47600
2011-08-24,85.12882232666016,86.37603448828764,84.97970379896208,86.36248013902124,31600
2011-08-25,85.71173095703125,85.799852299915,85.27791951517993,85.27791951517993,80400
2011-08-26,86.11165618896484,86.55224740051565,85.75918115114803,86.30144805327832,79300
2011-08-29,85.35922241210938,85.41345011062303,85.19654448800638,85.21009882691581,24000
2011-08-30,86.17262268066406,86.30819193556414,85.95571704426223,86.05739269257771,17600
2011-08-31,85.50833129882812,86.38950797673404,85.50833129882812,86.38950797673404,12900
2011-09-01,86.50871276855469,86.50871276855469,85.38742836440665,85.80196384221092,28000
2011-09-02,88.01052856445312,88.13964767499264,87.33096303053745,87.63677581627721,79800
2011-09-06,88.50664520263672,88.96195300150173,88.3639318355416,88.88720035575672,192900
2011-09-07,87.67755889892578,88.0581139857414,87.62998432839962,87.96976713724905,62300
2011-09-08,88.13961029052734,88.1871848350093,87.61634214793956,87.88138254832289,12600
2011-09-09,88.7648696899414,88.93476111738003,88.26199770110695,88.37752262744324,68000
2011-09-12,88.6968994140625,88.94154342938675,88.55418608456189,88.71048325927399,26800
2011-09-13,88.18721771240234,88.56777273276309,88.08527666594003,88.56777273276309,35900
2011-09-14,88.39105987548828,88.43862405245325,87.96293043608783,88.08524720772046,102300
2011-09-15,87.52125549316406,87.83386025464965,87.48048321326354,87.64358270221457,54500
2011-09-16,87.79305267333984,87.89498333210507,87.26299250907127,87.26299250907127,19500
2011-09-19,88.8260269165039,89.08425480142311,88.72408585170686,88.79204656157155,14600
2011-09-20,88.9822769165039,88.98906883614907,88.70365267090774,88.81917752093331,34400
2011-09-21,89.93368530273438,89.95407143581134,88.79881229428568,88.8803568265936,33400
2011-09-22,91.46273040771484,91.82970163370445,91.03461113652432,91.06858112059727,45700
2011-09-23,90.54529571533203,91.6122079787239,90.47733502903031,91.51706923950842,49300
2011-09-26,89.77739715576172,90.50452683684408,89.71623875040223,90.1919325187757,56800
2011-09-27,88.8600082397461,88.95514702408636,88.51343346165297,88.75807753129217,33800
2011-09-28,88.6968994140625,88.72407747383298,88.07849226847237,88.72407747383298,58800
2011-09-29,88.92790985107422,89.33565315257708,88.62889947921784,88.67647402444176,28000
2011-09-30,89.83174896240234,89.92688770053319,89.32886684979947,89.70942180232284,143700
2011-10-03,91.16651153564453,91.22781013552762,89.95431847397938,90.23353416797138,89200
2011-10-04,90.6285629272461,91.77946832626034,90.60131678296302,91.41171811795456,202800
2011-10-05,90.2063217163086,90.45148500507084,90.0156299216205,90.43786193587373,20700
2011-10-06,89.2529067993164,90.07693105134688,89.24610046020646,89.91348539049129,542100
2011-10-07,88.77622985839844,88.98734073894775,88.06798589868195,88.53106648938878,142700
2011-10-10,87.3460922241211,87.87047135304547,86.48121425234096,87.77513063791001,134600
2011-10-11,87.82962799072266,88.07479135727564,87.59127096524931,88.06798501619599,105400
2011-10-12,87.28475189208984,87.40052194912724,86.73994887302648,87.22346369566165,147400
2011-10-13,87.65251922607422,88.08154707745722,87.43459174044426,87.49587994901977,45300
2011-10-14,86.93061065673828,87.2098210371903,86.78078817156523,86.93061065673828,77000
2011-10-17,87.77509307861328,87.84319801372136,87.16218503238002,87.16218503238002,18500
2011-10-18,87.63208770751953,88.24500102521928,87.3324529735136,87.91130342809313,57700
2011-10-19,87.61168670654297,87.85004369481662,87.18265867555273,87.40057586105655,81800
2011-10-20,87.39376831054688,87.97943567605458,87.27799818370168,87.52316150859698,40600
2011-10-21,87.0668716430664,87.38013469916113,86.93067212152216,87.17583022116605,26800
2011-10-24,86.96471405029297,87.23712346796863,86.85575547890109,87.22350039924565,92300
2011-10-25,88.18377685546875,88.19058319822273,86.89666626660285,86.94433664428814,54400
2011-10-26,87.3460922241211,88.1837396406955,87.29842706223266,87.78193697779162,55900
2011-10-27,85.63679504394531,86.60382559787571,85.29629088870101,86.44719659604473,132600
2011-10-28,86.05897521972656,86.29051542532429,85.79338253886884,85.85467075952296,22800
2011-10-31,87.9930191040039,87.9998254408606,86.99874318116626,87.02598411562398,69600
2011-11-01,89.72059631347656,91.82283752568163,88.8332851554628,89.32471870713759,64200
2011-11-02,89.2496109008789,89.27008642467993,88.55342226201637,88.64214606021626,29200
2011-11-03,88.5056381225586,88.94246665019597,88.46468707540721,88.53976746678927,48300
2011-11-04,88.64213562011719,88.92198163218987,88.2940413416838,88.43054828921773,51600
2011-11-07,88.990234375,89.48848938691566,88.63530800324618,88.71038838160158,77000
2011-11-08,88.36913299560547,89.23596836596106,88.31452812666511,88.8537342833786,46100
2011-11-09,89.59082794189453,89.90480313676662,89.17447519152465,89.52257970983175,70000
2011-11-10,88.96294403076172,89.37247534045117,88.4851644459999,88.96977614863863,26700
2011-11-11,88.3828125,88.56709226955859,88.19170061057984,88.51931950461199,21000
2011-11-14,89.11988830566406,89.33147554811787,88.82638859708017,88.82638859708017,7600
2011-11-15,89.00389099121094,89.57040476384455,88.76500641720787,89.33152018984147,106900
2011-11-16,89.50212097167969,89.5157643717647,89.09258984332662,89.39973298218682,12200
2011-11-17,90.02770233154297,90.23930007933518,89.27690890531898,89.33151376783188,114500
2011-11-18,89.67961883544922,89.9253355389033,89.52263634610225,89.78199645571598,76100
2011-11-21,90.14372253417969,90.40991466577141,90.06864216809946,90.25975393361094,165800
2011-11-22,90.61474609375,90.6215782149318,89.99363754051876,90.2257005346851,53200
2011-11-23,91.17434692382812,91.26990279106845,90.40306787158293,90.40306787158293,81700
2011-11-25,90.40995788574219,90.6556746181219,90.34169918765308,90.6556746181219,35200
2011-11-28,90.37579345703125,90.5191220866438,89.28371720038889,89.28371720038889,152200
2011-11-29,90.00724792480469,90.36899611085433,89.64549973875503,90.04137727373325,59100
2011-11-30,88.990234375,89.43388452858339,88.89467847662148,89.30419929189574,131400
2011-12-01,88.8008041381836,89.03333609336137,88.30837738847448,88.60930600617067,145200
2011-12-02,89.42317962646484,89.5052472740255,88.53407517971692,88.53407517971692,36700
2011-12-05,89.43000793457031,89.49156910116126,88.73924760607024,88.7529290248532,47900
2011-12-06,89.0196762084961,89.3069234423294,88.78029829570161,89.15645911472146,37500
2011-12-07,89.29327392578125,89.45057380235093,88.91711297235763,89.13597404921157,74400
2011-12-08,89.95662689208984,90.01134212765331,89.16327163021589,89.23166828363624,72800
2011-12-09,88.99232482910156,89.92930925096803,88.92393858511325,89.92930925096803,58100
2011-12-12,89.39582061767578,92.15203689384904,89.39582061767578,89.53260349879275,40600
2011-12-13,90.1070327758789,90.33272906283864,89.12902596824408,89.19057665490837,40900
2011-12-14,90.95510864257812,90.95510864257812,90.1754352531874,90.32589945428543,36500
2011-12-15,90.91413879394531,90.93466614348762,90.58585773926698,90.59270366773661,59200
2011-12-16,91.447509765625,91.63900770757716,90.97560039586608,90.98243588098752,113700
2011-12-19,91.96051025390625,92.03574238056899,91.39285155924405,91.39285155924405,28800
2011-12-20,90.69526672363281,91.4407422393388,90.66791432384188,91.4407422393388,66700
2011-12-21,90.12760925292969,90.90728310700892,90.12760925292969,90.77733572535168,82900
2011-12-22,90.36011505126953,90.72944018032761,90.27804743852828,90.55845902987586,20800
2011-12-23,89.71724700927734,89.94294343741652,89.47787959945498,89.89507412979759,49300
2011-12-27,89.87549591064453,89.87549591064453,89.55340978975121,89.73159132017203,70300
2011-12-28,90.75959777832031,90.9857442061406,90.04004286374148,90.1017163104185,14200
2011-12-29,91.08851623535156,91.10222492871551,90.61566565265309,90.80754553307142,16900
2011-12-30,91.09540557861328,91.47917596558031,91.06799863645257,91.14338079823686,38100
2012-01-03,90.35526275634766,90.6499316938145,90.13596549032371,90.34155406305386,65900
2012-01-04,89.83446502685547,90.34843139082177,89.69056030068147,90.34158227037096,26800
2012-01-05,89.75221252441406,90.29358569879749,89.6014482567792,89.87555940338625,129100
2012-01-06,90.20446014404297,90.32095784583095,89.813840976285,89.82754966374968,37200
2012-01-09,90.12225341796875,90.5745461696829,90.02631348184777,90.06742910351836,69100
2012-01-10,90.03313446044922,90.22501425043464,89.72474651678438,89.7932794946353,132200
2012-01-11,90.6910400390625,90.81439735546883,90.30043119322387,90.30043119322387,41600
2012-01-12,90.56082153320312,90.7595609451803,90.37580126825922,90.69102795001571,37700
2012-01-13,91.15021514892578,91.49971895905024,91.1502151489258,91.18448166357926,44400
2012-01-17,91.32838439941406,91.51340473132485,91.14335361083253,91.14335361083253,24100
2012-01-18,90.80756378173828,91.54082740236207,90.78700596589567,91.54082740236207,31500
2012-01-19,89.97835540771484,90.63622631651702,89.69738469659309,90.58140199800525,130400
2012-01-20,89.4507064819336,89.84132594357516,89.44385736138065,89.7796420319084,41600
2012-01-23,89.0737533569336,89.34101532481147,88.85446658012829,89.11486897404286,162500
2012-01-24,89.15603637695312,89.3273584987715,88.95044773943658,89.3273584987715,22600
2012-01-25,89.54661560058594,90.38951723177674,89.06691591034195,89.15600673019762,35800
2012-01-26,90.20446014404297,90.23871617770757,89.8207005483497,89.85495658201431,94100
2012-01-27,90.45803833007812,90.56082737278616,90.0400121286194,90.32783190486953,26100
2012-01-30,91.0336685180664,91.4311368700965,91.01311071163956,91.2392570390015,52500
2012-01-31,91.61617279052734,91.70526359455049,90.95829157748547,90.95829157748547,274000
2012-02-01,91.19454193115234,91.42117320866606,91.0159887181521,91.33876564560285,94500
2012-02-02,91.25635528564453,91.29755906591329,91.015985928624,91.16707344233583,16400
2012-02-03,90.11627197265625,90.21241755226453,89.8553009083985,90.09567009696035,95200
2012-02-06,90.51460266113281,90.5970101732877,89.99266047326266,90.15062217700412,23700
2012-02-07,89.84844970703125,90.10942080787932,89.69049847818918,90.08194465037757,454400
2012-02-08,89.83477020263672,89.99272153446672,89.63561508677198,89.75236263456725,34000
2012-02-09,89.54629516601562,89.66304266417742,89.07930517336845,89.60810081579197,44400
2012-02-10,90.15064239501953,90.31545745629226,89.94461308934282,90.05449678291518,13100
2012-02-13,90.19872283935547,90.28800466301564,89.91714976403283,89.94462593089163,28400
2012-02-14,90.4597396850586,90.67949673540626,90.23997215561835,90.33611782997531,20700
2012-02-15,90.5008773803711,90.80991607373618,90.48027549941908,90.48027549941908,30300
2012-02-16,90.00641632080078,90.41160064099878,89.77978513854966,90.26738746625703,32500
2012-02-17,89.8553466796875,89.8553466796875,89.62871545250698,89.62871545250698,24600
2012-02-21,89.3333969116211,89.58749377657963,89.17544565603217,89.58062997558376,36100
2012-02-22,89.95835876464844,89.96522256641894,89.5737658046798,89.5737658046798,23400
2012-02-23,90.08882141113281,90.22618126023586,89.66303522035197,89.8003845903698,108200
2012-02-24,90.26740264892578,90.34294638904903,90.13691705425043,90.19185890880254,33900
2012-02-27,90.78242492675781,90.89230858040165,90.70688122476291,90.81676487840676,54800
2012-02-28,90.72750854492188,91.09148908050057,90.57642109855885,91.04342151797682,69600
2012-02-29,90.27424621582031,90.73437235558228,90.02701316529755,90.72750855495954,98800
2012-03-01,89.69762420654297,89.81460488287487,89.28474258418204,89.69073619616026,625200
2012-03-02,90.20684051513672,90.33758672314822,89.92470506627156,89.92470506627156,20000
2012-03-05,89.92469787597656,90.33070198944769,89.8902998240012,90.11738366712429,68100
2012-03-06,90.48898315429688,90.7023015106274,90.41328852785531,90.48210564280856,27300
2012-03-07,90.24813079833984,90.46145964770608,90.24813079833984,90.46145964770608,32500
2012-03-08,89.80087280273438,90.15181496241613,89.7183006475198,90.04859976839789,82500
2012-03-09,89.67010498046875,89.67010498046875,89.34668345034058,89.58753284512274,25600
2012-03-12,89.70452880859375,89.99354183152495,89.70452880859375,89.9522557568232,16400
2012-03-13,88.75487518310547,89.42236115087391,88.73423215317574,89.36043206108472,24600
2012-03-14,87.33043670654297,88.17683226980492,87.22033356822882,88.17683226980492,231800
2012-03-15,87.2547607421875,87.5437736669626,87.17906613093578,87.22723495173162,54000
2012-03-16,87.309814453125,87.32357997452036,86.7524315868009,86.91758109348801,99500
2012-03-19,86.7730484008789,87.33043634879942,86.51844408208197,87.22033321093632,50900
2012-03-20,86.80744934082031,86.99324180718322,86.58036557637199,86.81433209883556,251300
2012-03-21,87.40613555908203,87.46806989362219,87.0139022736849,87.0276677924748,57400
2012-03-22,87.65386962890625,87.76397278828048,87.51624592969605,87.74332975839971,177600
2012-03-23,88.05986022949219,88.20436142514097,87.92223129314817,87.94287957110511,35500
2012-03-26,87.90849304199219,88.00483069655807,87.50249939060855,87.99794793551524,34400
2012-03-27,88.31443786621094,88.50711306881672,87.96349599718134,87.9910217761258,74700
2012-03-28,88.30762481689453,88.72738406468072,88.23193018204724,88.25257321882206,16000
2012-03-29,88.71358489990234,88.80992253499318,88.47962357182669,88.69294187095535,65600
2012-03-30,87.91535186767578,88.7961507910445,87.91535186767578,88.72734419938283,30200
2012-04-02,88.21745300292969,88.58295599756296,88.15538883921843,88.50020377928128,34100
2012-04-03,87.41056060791016,88.66569165738127,87.36228674150411,88.4725856688434,71700
2012-04-04,87.9071044921875,88.00365223563153,87.74159482649164,87.84503507914066,14500
2012-04-05,88.44499969482422,88.52775188276206,88.16914679163288,88.50017132775379,25000
2012-04-09,89.7070083618164,89.85182466679362,89.64494423111188,89.83113662322545,26600
2012-04-10,90.34148406982422,90.52078399041628,89.83805737218674,89.91391705453594,29600
2012-04-11,89.89322662353516,89.99666685903549,89.72771172382156,89.8380549902973,39500
2012-04-12,89.65180206298828,89.9759286507409,89.54145885802842,89.9759286507409,11600
2012-04-13,90.4449234008789,90.46561144831998,90.14838770561482,90.15528021379076,14700
2012-04-16,90.4035415649414,90.72766831815214,90.30699384204327,90.30699384204327,92200
2012-04-17,90.29315948486328,90.3690191290206,90.1552357290067,90.25868643808018,71300
2012-04-18,90.4655990600586,90.54836176140266,90.37595437439424,90.47939459743456,17500
2012-04-19,90.6724853515625,90.77593609217794,90.62421675760429,90.71386143864417,45000
2012-04-20,90.64497375488281,90.65186626700248,90.37601846134604,90.38981400850464,71100
2012-04-23,91.01728820800781,91.25177020899945,90.99660016717178,91.07936285342583,21100
2012-04-24,90.72074890136719,90.9207367955825,90.68626532707918,90.86556518130358,32300
2012-04-25,90.45183563232422,90.70010274978286,90.1415043662295,90.40355650144217,47000
2012-04-26,90.85867309570312,90.95522079041025,90.65178217192796,90.94832828468456,34900
2012-04-27,91.00348663330078,91.01727164274267,90.75521966554331,90.85176734617633,15700
2012-04-30,91.05181121826172,91.18284254891294,91.0035426097091,91.12767090848536,60000
2012-05-01,90.8106460571289,91.29434089804782,90.651720011632,91.2321538207347,46000
2012-05-02,91.13539123535156,91.17684927615004,90.96264236952189,91.1422973942333,26000
2012-05-03,91.13539123535156,91.16994311726829,90.81752868297319,90.85899726752568,32000
2012-05-04,91.6121826171875,91.63981779732069,91.28741389591214,91.33577809708382,16200
2012-05-07,91.62599182128906,91.76418878886399,91.57071092550855,91.72273075296678,22000
2012-05-08,91.93696594238281,92.24791185110725,91.90241405391208,91.90241405391208,77300
2012-05-09,92.02677154541016,92.36536312113718,91.90930358087323,92.33081123891947,6300
2012-05-10,91.96455383300781,91.97147053339857,91.52923400216456,91.67433709786212,16300
2012-05-11,92.39994049072266,92.45522140876872,92.18573352314228,92.41376335617343,36000
2012-05-14,93.07711029052734,93.1531202324255,92.87672619484493,92.95964229736776,56500
2012-05-15,93.30517578125,93.31899865153969,92.9665839935971,93.08406257541843,160000
2012-05-16,93.49171447753906,93.52626636913183,92.88363492552845,92.9389158433255,206900
2012-05-17,94.29327392578125,94.3209091133745,93.50553928240885,93.50553928240885,339000
2012-05-18,94.16886138916016,94.27942319436927,93.80263463518976,93.85791553779433,61000
2012-05-21,93.90624237060547,94.10663688077538,93.83023247773927,94.03062698790919,162700
2012-05-22,93.54007720947266,93.54007720947266,93.27058932932772,93.4364320800926,39500
2012-05-23,94.07901763916016,94.28631836382698,93.89245647633757,93.89245647633757,23000
2012-05-24,93.66448974609375,93.7957806448334,93.54010501011304,93.73358300496308,66100
2012-05-25,93.83029174804688,95.94474722786104,93.7681046719879,93.88557266357371,9200
2012-05-29,93.77503204345703,94.17580027504113,93.77503204345703,93.98232232056682,17700
2012-05-30,95.06025695800781,95.08789213903546,94.72857152314786,94.76312340724844,52400
2012-05-31,95.53009796142578,95.97233452119698,95.31589111050164,95.37117199844194,37400
2012-06-01,96.89195251464844,96.96119000549736,96.2688573536397,96.35885341475382,103500
2012-06-04,96.42115783691406,96.68423702403518,96.21345595770319,96.42115783691406,159400
2012-06-05,95.839599609375,96.18576591971298,95.77037268580186,96.13038860651743,109300
2012-06-06,94.718017578125,95.70805865041929,94.66955979139885,95.70805865041929,708800
2012-06-07,94.89116668701172,94.90501630605706,94.48269272056814,94.5865384529982,36500
2012-06-08,94.93960571289062,95.63885807806871,94.74575336285787,95.5904002726409,36500
2012-06-11,95.31349182128906,95.41734811957075,94.82886078846714,94.83578031602023,58300
2012-06-12,94.62804412841797,95.07114727182271,94.56573671043681,94.95344139675558,63000
2012-06-13,95.21651458740234,95.32036026586806,94.56572016459438,94.70418459060151,17200
2012-06-14,94.98112487792969,95.24421468466726,94.82881083867726,95.07805103343954,52300
2012-06-15,95.41726684570312,95.66649639529805,95.36187897996363,95.45187501815451,16000
2012-06-18,95.54186248779297,95.66647723763573,95.25800369428032,95.65955771736216,19600
2012-06-19,94.9949722290039,95.20959367079921,94.87034685250957,95.15420578837488,46900
2012-06-20,94.80805969238281,95.18191477338496,94.33034834809739,94.55881945032783,54200
2012-06-21,95.21651458740234,95.41729698464745,94.9188165996949,94.9188165996949,86300
2012-06-22,94.60037231445312,94.82192392561875,94.51729574234716,94.7388367893505,16800
2012-06-25,95.26499938964844,95.3273068074822,95.06421695774802,95.07806657198675,39600
2012-06-26,95.0157241821289,95.2580342392388,94.89802891482015,94.90494843731248,12100
2012-06-27,95.13343048095703,95.19573788308266,94.89110983159155,95.1265003935046,27100
2012-06-28,95.45882415771484,95.87421738744145,95.4172858911579,95.58343895738562,57700
2012-06-29,94.59342956542969,94.82882017138294,94.4826537870424,94.5588108141637,62200
2012-07-02,95.31055450439453,95.67121449721431,94.86666935286895,94.90828193222185,668400
2012-07-03,94.85284423828125,95.24125320780631,94.85284423828125,95.22043632425938,67500
2012-07-05,95.09559631347656,95.28979550219914,94.92220342475555,94.9430097247571,54200
2012-07-06,95.6087646484375,95.74747672901974,95.48391636777612,95.6087646484375,55300
2012-07-09,96.05960845947266,96.13590171261832,95.73362915812814,95.83766060193751,102600
2012-07-10,96.17748260498047,96.26765021528091,95.92086473942115,95.96247730323587,10000
2012-07-11,96.23991394042969,96.73928593711898,96.17749508660708,96.28846899321675,21000
2012-07-12,96.63528442382812,96.63528442382812,96.392530250866,96.5035041918234,61400
2012-07-13,96.46190643310547,96.5312572195679,96.23995851708376,96.5312572195679,8300
2012-07-16,96.73933410644531,97.04450721004935,96.69772151651013,96.89192065824733,18600
2012-07-17,96.38561248779297,96.64917299046624,96.25383223645633,96.55900532732875,16700
2012-07-18,96.35099029541016,96.5937446513536,96.35099029541016,96.56599585366925,27400
2012-07-19,96.15670776367188,96.43413200184865,96.08041451071482,96.24687540345467,76800
2012-07-20,96.84332275390625,96.9126735045305,96.59363676894091,96.62137495257988,20400
2012-07-23,97.05835723876953,97.37046216800256,96.98899588424803,97.25948823399091,13700
2012-07-24,97.47450256347656,97.54386392436442,96.86416703650619,96.87109893937185,42500
2012-07-25,97.46757507324219,97.56467463304648,97.24563775785737,97.38434990285518,13200
2012-07-26,97.08609008789062,97.30803794369967,97.07915818604269,97.25948288159535,11300
2012-07-27,96.03875732421875,96.55893546647471,95.49083042120037,96.55893546647471,75600
2012-07-30,96.38561248779297,96.43415697967228,95.96946543968347,96.02495241830201,188400
2012-07-31,96.62137603759766,96.66298860505022,96.13587844556136,96.60750165409553,740900
2012-08-01,96.21919250488281,97.84496006330299,95.96211908309968,96.20529406552623,406400
2012-08-02,96.54569244384766,96.95560610410153,96.39978540132776,96.59432105708886,170900
2012-08-03,95.67720794677734,95.99679763493047,95.42013469168462,95.93427060047392,146900
2012-08-06,95.7467041015625,96.00376682293228,95.69112096694761,95.80923115247964,47100
2012-08-07,95.05892181396484,95.15618968651405,94.83658919019352,95.07280965189831,63200
2012-08-08,94.815673828125,95.26727204552125,94.75314680135841,95.16306033424361,120800
2012-08-09,94.73928833007812,94.82961225221044,94.37105932639928,94.54475265271569,47100
2012-08-10,95.07966613769531,95.3019879308325,95.02408303906302,95.3019879308325,15500
2012-08-13,95.04499816894531,95.38543033188432,95.03804365041991,95.2464777795786,62200
2012-08-14,94.31546783447266,94.51694741053507,94.25988470280755,94.39883723127112,49500
2012-08-15,93.55823516845703,94.05847311362407,93.49570807566266,94.01678838509449,20700
2012-08-16,93.21076965332031,93.73879343820994,93.03012184689713,93.66932248307548,61900
2012-08-17,93.419189453125,93.6137250600244,93.34276399317199,93.37055025070241,14800
2012-08-20,93.50257110595703,93.62762518335937,93.32887781974475,93.3844609435003,11200
2012-08-21,93.61377716064453,93.66936030803558,92.97458686774954,93.28027827629825,57000
2012-08-22,94.57945251464844,94.60029485667619,94.05141824622629,94.14174212927634,45900
2012-08-23,94.85735321044922,94.97546334376023,94.77398384608715,94.79482618717766,36000
2012-08-24,94.8365478515625,95.14224977529311,94.82960393562257,95.10750899279674,10700
2012-08-27,95.15616607666016,95.22563705329952,95.02415743922488,95.02415743922488,19400
2012-08-28,95.31595611572266,95.53133415468379,95.20478983709761,95.29511376365544,19100
2012-08-29,95.09358978271484,95.23255288233854,94.94769337006444,95.23255288233854,23900
2012-08-30,95.44798278808594,95.62167615574434,95.42714043207909,95.55219456812024,18100
2012-08-31,96.1218490600586,96.17742157098712,95.38538077282223,95.38538077282223,106700
2012-09-04,96.01476287841797,96.18874048592127,95.82686408906429,95.94516758791647,389500
2012-09-05,95.74331665039062,96.02167645399314,95.69459784444996,95.87554127366286,33000
2012-09-06,94.93602752685547,95.24222958263834,94.84555584162624,95.24222958263834,51200
2012-09-07,94.81775665283203,95.72244195932385,94.81775665283203,95.72244195932385,44100
2012-09-10,94.9081802368164,94.922090787076,94.60893350638456,94.77595567816563,30700
2012-09-11,94.58809661865234,94.83862467172355,94.52546726007083,94.7829505911805,193500
2012-09-12,93.97567749023438,94.12877853283031,93.81562117069987,94.0383174576552,39700
2012-09-13,93.9200210571289,94.39323477416339,93.2380215914109,94.24013372012418,83400
2012-09-14,92.54207611083984,93.16143536713128,92.38201984067199,93.1475248175446,114100
2012-09-17,92.92481231689453,93.0222392406307,92.65340798514819,92.65340798514819,120300
2012-09-18,93.24497985839844,93.42591262621185,93.18233989142085,93.41895734932248,40100
2012-09-19,93.52334594726562,93.69036817264228,93.41896369312025,93.63469409751673,17900
2012-09-20,93.62770080566406,94.04525093755724,93.46068924789955,94.04525093755724,22600
2012-09-21,93.82954406738281,93.83649934444918,93.40503855397468,93.4537467309265,17300
2012-09-24,94.14968872070312,94.26800280226034,94.04530643550231,94.04530643550231,22200
2012-09-25,94.6994857788086,94.6994857788086,94.03140714179995,94.30281176523322,14300
2012-09-26,95.39533233642578,95.39533233642578,95.06825382717132,95.09608555149948,14000
2012-09-27,95.09606170654297,95.28396030955663,94.97775832501286,95.18653337072361,20600
2012-09-28,95.15875244140625,95.47886514610502,94.97780901647202,95.33272996923033,53800
2012-10-01,95.33301544189453,95.38181633096197,94.99841876199164,95.15874478660226,78200
2012-10-02,95.31208801269531,95.38180051790947,95.07508251358303,95.11690576205756,53200
2012-10-03,95.3399887084961,95.3399887084961,95.06812692415826,95.15177343114338,14700
2012-10-04,94.77532196044922,95.16568637860112,94.69864247569562,95.0332390288783,37200
2012-10-05,94.09219360351562,94.30132048246901,93.99460247822203,94.23858560977347,41100
2012-10-08,94.48955535888672,94.53834561334783,94.32225169365475,94.4895553588867,11900
2012-10-09,94.35011291503906,94.49649427155457,94.16886467241268,94.22463254424895,22800
2012-10-10,94.74047088623047,94.76138250715621,94.05035548578135,94.15492422704328,16800
2012-10-11,94.9984359741211,94.9984359741211,94.31529785986045,94.34317648963822,47400
2012-10-12,95.10298156738281,95.41667727161185,95.03327968382752,95.11692619874876,14300
2012-10-15,95.01232147216797,95.21447066299636,94.91473037372805,95.10293494002732,16800
2012-10-16,94.37101745605469,94.71955865140234,94.3640398247025,94.71955865140234,18600
2012-10-17,93.60425567626953,93.95976399206738,93.55546542271466,93.94582999770137,34000
2012-10-18,93.36026000976562,93.827314674472,93.2557018828227,93.7227459108936,380400
2012-10-19,93.95977020263672,94.057361352834,93.43695819015754,93.43695819015754,147200
2012-10-22,93.60425567626953,93.9040067413295,93.60425567626953,93.77155933839396,29300
2012-10-23,94.22463989257812,94.25252914898826,94.04340227245147,94.07825852464673,19500
2012-10-24,93.90396118164062,94.07823175639662,93.8551603151257,93.93880678728641,25700
2012-10-25,93.55543518066406,93.75758439999514,93.26265120743034,93.36024231963042,19100
2012-10-26,94.32914733886719,94.33611433012405,93.86209300896054,93.91786084889907,17500
2012-10-31,94.85203552246094,94.97053828935749,94.5383398397293,94.5383398397293,123300
2012-11-01,94.4546890258789,94.6289596698381,94.29436301169453,94.58015878394426,13300
2012-11-02,94.44772338867188,94.44772338867188,94.0085579558504,94.02946958249561,18200
2012-11-05,94.76134490966797,94.8728806014412,94.67072083052359,94.67072083052359,15400
2012-11-06,94.22463989257812,94.73350713739764,94.19676127280279,94.6638052696419,25400
2012-11-07,95.23538208007812,95.45147589497869,95.18659184927735,95.28418294751089,33400
2012-11-08,96.00914001464844,96.01611764493389,95.13778715948884,95.24932287774084,40300
2012-11-09,96.12066650390625,96.16248973507723,95.82092625609395,95.98821918077783,23400
2012-11-12,96.26009368896484,96.26707131951319,96.09280074191568,96.16250259097552,16300
2012-11-13,96.32982635498047,96.49711933707617,96.12766648610261,96.49711933707617,31200
2012-11-14,96.43437194824219,96.46226119939324,96.0021842850958,96.00915127956716,24200
2012-11-15,96.4413833618164,96.54594149867663,96.14163230842297,96.14163230842297,137800
2012-11-16,96.32982635498047,96.66442295580603,96.3089147322185,96.3437709823665,30000
2012-11-19,96.05794525146484,96.10673548252569,95.85578542335439,95.93246490356317,38700
2012-11-20,95.50032806396484,95.93251592593172,95.50032806396484,95.88372566892144,39700
2012-11-21,95.34695434570312,95.40968922504746,95.29118646296281,95.40968922504746,247300
2012-11-23,95.29817962646484,95.38879314362813,95.23543410025914,95.30514662420424,14500
2012-11-26,95.54911041259766,95.8627954333566,95.49334253209719,95.64670154431455,21200
2012-11-27,95.80004119873047,95.80004119873048,95.5769803336706,95.68851608451786,26800
2012-11-28,95.91156005859375,96.1694877665837,95.86276982408717,96.11371990098135,12300
2012-11-29,95.99523162841797,96.07887812109898,95.76519313691082,95.9115744991026,26400
2012-11-30,95.953369140625,96.15552895318373,95.86972267287997,96.15552895318373,77500
2012-12-03,95.91846466064453,96.38625613980118,95.55539864187438,96.38625613980118,83700
2012-12-04,96.1419448852539,96.17685694591285,95.95342828062769,96.01627425127985,29800
2012-12-05,96.18378448486328,96.37927913728633,96.12094920094006,96.23266347479881,25100
2012-12-06,96.2605972290039,96.5049708980504,96.25361908124798,96.45609190277682,96700
2012-12-07,95.76487731933594,96.01622912281162,95.75091037090391,95.76487731933594,23300
2012-12-10,95.91150665283203,95.9952977017002,95.78583606002223,95.9952977017002,27600
2012-12-11,95.56939697265625,95.64619922004748,95.48560592317199,95.64619922004748,18100
2012-12-12,94.96200561523438,95.61133597529434,94.94804931124779,95.45773140210456,28400
2012-12-13,94.878173828125,95.05272341649477,94.668712191349,94.71759118985,13500
2012-12-14,95.17840576171875,95.19935086027265,94.97592227081567,95.03177941817991,23800
2012-12-17,94.41732025146484,95.08060627478778,94.41732025146484,95.07362812953527,18100
2012-12-18,93.85179901123047,94.38941459820559,93.68422761104554,94.22883199823183,15500
2012-12-19,94.02632141113281,94.31258514201127,93.97745309205803,94.01934326659521,162000
2012-12-20,94.06832122802734,94.36855225157433,94.03340915733561,94.2777829985095,19900
2012-12-21,94.54301452636719,94.69661897243644,94.51508063417732,94.64773998793333,68700
2012-12-24,94.50112915039062,94.52905239034301,94.46621711020596,94.52905239034301,8700
2012-12-26,94.67391967773438,94.73686520097853,94.57600086190442,94.57600086190442,9200
2012-12-27,94.8907241821289,95.1355265192632,94.5759859432054,94.5759859432054,19600
2012-12-28,95.26143646240234,95.26143646240234,95.0096436867941,95.15652725271181,113500
2012-12-31,94.32420349121094,95.00963516855454,93.86958272684375,95.00963516855454,59700
2013-01-02,93.68772888183594,93.8765761207428,93.62478335965042,93.72969256329296,402600
2013-01-03,93.05121612548828,93.6876935135757,93.00226207305263,93.68070312675526,123900
2013-01-04,93.12116241455078,93.12116241455078,92.72249692000963,92.91833447388007,212000
2013-01-07,93.1352310180664,93.22614881117562,92.93939330195487,93.10724810299041,52200
2013-01-08,93.44991302490234,93.49187669982697,93.33101238849967,93.3869675125154,56800
2013-01-09,93.4778823852539,93.61077446667399,93.34500097618216,93.4778823852539,135900
2013-01-10,93.18415069580078,93.40097018196518,93.10721371628911,93.17016991578132,23800
2013-01-11,93.56183624267578,93.56183624267578,92.97431269524121,93.0092859866427,16500
2013-01-14,93.54779815673828,93.806581173872,93.51282488277147,93.72265385422752,47400
2013-01-15,93.79963684082031,94.05142959572127,93.75767316039516,93.98148301344598,44900
2013-01-16,93.96050262451172,94.10038511887282,93.85559342182846,94.05143104840404,40300
2013-01-17,93.42890930175781,93.57578212958911,93.31699907994128,93.53381846449446,27300
2013-01-18,93.77165985107422,93.82061391830176,93.56882117618287,93.56882117618287,146400
2013-01-22,93.89054107666016,93.93250474627527,93.53382854023711,93.53382854023711,30100
2013-01-23,93.90457916259766,94.06545422410242,93.86961653147854,93.96753537779048,39800
2013-01-24,93.72967529296875,93.84857592597214,93.53383770068689,93.75765819035094,16500
2013-01-25,92.89739227294922,93.16316582524536,92.77149055040826,93.14917437332952,89700
2013-01-28,92.63860321044922,92.65259466308584,92.30987344377237,92.30987344377237,70400
2013-01-29,92.37279510498047,92.80643392340997,92.3028485403027,92.62457712418673,46500
2013-01-30,92.3378677368164,92.3378677368164,91.99514647523608,92.16301191052388,130700
2013-01-31,92.44275665283203,92.46373849358895,92.17697244011062,92.37981113056128,527300
2013-02-01,91.87249755859375,92.96546535052968,91.85848213569743,92.86036571476028,266700
2013-02-04,92.53101348876953,92.65712012757442,92.26477410823401,92.3628606130691,183600
2013-02-05,92.15968322753906,92.18771405477482,92.0055564402554,92.15268086604425,112100
2013-02-06,92.53804779052734,92.5520632076635,92.20175261367632,92.36989485678637,75200
2013-02-07,92.49602508544922,92.8253179448149,92.46799424728103,92.46799424728103,38300
2013-02-08,92.6150894165039,92.64310955193655,92.2857966993744,92.50998985471895,54500
2013-02-11,92.57304382324219,92.73418363840767,92.55202605129132,92.55902841173273,16500
2013-02-12,92.41895294189453,92.5730904742943,92.31385333854996,92.46098850697956,28400
2013-02-13,91.92850494384766,92.18072898313653,91.87945633229943,91.88645869510765,28200
2013-02-14,92.46794891357422,92.50998445958558,92.06860053583898,92.30680909032155,791100
2013-02-15,92.4329833984375,92.48203203177732,92.13172130438423,92.44699882091102,295000
2013-02-19,92.1877212524414,92.60108511610252,92.15969042301712,92.60108511610252,82200
2013-02-20,92.35588073730469,92.38390087809628,92.02658795719671,92.02658795719671,158300
2013-02-21,92.65711975097656,92.82527262599353,92.60807115344475,92.69215293626684,74500
2013-02-22,92.76227569580078,92.84635753942533,92.7062353875643,92.7062353875643,34900
2013-02-25,93.83415985107422,93.83415985107422,92.41891321199502,92.41891321199502,122700
2013-02-26,93.58895874023438,93.98830716935949,93.504887637393,93.66602748138182,175000
2013-02-27,93.44878387451172,94.07233581308584,93.39273294074272,94.07233581308584,26900
2013-02-28,93.53290557861328,93.61697667948064,93.37176573840806,93.57494112904696,45600
2013-03-01,93.89583587646484,93.93794936031607,93.70631448868572,93.80458285448812,40900
2013-03-04,93.61502838134766,93.90983337456508,93.60099769865502,93.8115650434926,31100
2013-03-05,93.43254089355469,93.48166970796005,93.34128789622883,93.46763902409892,26300
2013-03-06,92.9130859375,93.1728034499955,92.9130859375,93.01838029460104,50500
2013-03-07,92.4849624633789,92.71659731637183,92.42880758594598,92.65342709567769,29800
2013-03-08,91.88829803466797,92.09185000746452,91.77598832739386,91.79002971841392,80400
2013-03-11,91.8813247680664,91.98661919554179,91.8041131387642,91.93747965396341,19300
2013-03-12,92.21121978759766,92.29545746413936,92.04978119910265,92.04978119910265,30700
2013-03-13,92.15503692626953,92.24628991879632,91.9725416516611,92.06379464418788,39800
2013-03-14,92.08484649658203,92.23926968631066,91.88830983882644,91.88830983882644,43300
2013-03-15,92.49898529052734,92.49898529052734,92.13398401571375,92.13398401571375,77400
2013-03-18,92.9903564453125,93.0535373837892,92.8008457612293,93.02545458658868,37700
2013-03-19,93.37640380859375,93.5729405245334,93.07458339141778,93.15179500914033,21000
2013-03-20,92.9130859375,93.18683412925522,92.89202920816822,93.0253956342309,14400
2013-03-21,93.23602294921875,93.28515177349571,93.01842949074684,93.27813643015553,10200
2013-03-22,93.31319427490234,93.41146259147162,93.16578644482682,93.31319427490234,21900
2013-03-25,93.31319427490234,93.38337980934142,93.01136327444036,93.01136327444036,13400
2013-03-26,93.43951416015625,93.50269505086412,93.13066788715204,93.14470927513611,66200
2013-03-27,93.97305297851562,94.16256366689372,93.88881529545392,93.88881529545392,19900
2013-03-28,93.88176727294922,94.09936068342459,93.85369519533276,93.9519635326586,13100
2013-04-01,94.12579345703125,94.86416424243822,93.8655953349692,93.9429497933776,91600
2013-04-02,93.95001220703125,94.05549070824306,93.83045559863838,93.9359448301148,1425400
2013-04-03,94.46331787109375,94.5898920177105,94.0765456504426,94.0765456504426,57700
2013-04-04,94.96263885498047,95.04703238696595,94.6321359714859,94.67432737234627,44800
2013-04-05,95.86272430419922,96.01039413902042,95.65878498719503,95.65878498719503,60400
2013-04-08,95.4478530883789,95.8838558964706,95.40566169120379,95.76429929745606,69500
2013-04-09,95.34236907958984,95.63771957299251,95.27908198748852,95.56036510589206,11400
2013-04-10,94.69541931152344,95.00483721256263,94.67432361193116,94.98374151297035,53700
2013-04-11,94.84307098388672,94.94856019184189,94.79385127105074,94.8852623749639,51200
2013-04-12,95.64478302001953,95.67291778035,95.2580212727458,95.31426933287256,17900
2013-04-15,96.03855895996094,96.08075035455302,95.64474757315422,95.72210203999408,21400
2013-04-16,95.64478302001953,95.79246368608679,95.5814959046766,95.60963066500707,12300
2013-04-17,95.98933410644531,96.2495215417674,95.70101191958024,95.70101191958024,129300
2013-04-18,96.15103912353516,96.15807817419193,95.94711052943148,95.94711052943148,11600
2013-04-19,96.01744079589844,96.01744079589844,95.86977093287629,95.86977093287629,8500
2013-04-22,96.03855895996094,96.221391913281,95.96823281546538,96.10887437419336,68100
2013-04-23,95.91895294189453,96.4112142391783,95.40560668844277,96.28462939036723,53600
2013-04-24,96.05964660644531,96.1018379975013,95.89789863371436,95.9541573985431,17900
2013-04-25,95.87680053710938,95.90493528395027,95.75022636711122,95.84163746868924,15400
2013-04-26,96.42535400390625,96.46754541313018,96.22142528256832,96.31284715606472,46800
2013-04-29,96.23545837402344,96.50267411398919,96.22139099920534,96.44641534497981,5300
2013-04-30,96.20730590820312,96.62220218169989,96.10885576313167,96.41827357057367,23700
2013-05-01,96.75035095214844,96.84192068119411,96.58130162489971,96.61652157819579,1386300
2013-05-02,96.73634338378906,96.74339382903815,96.54617481940264,96.62364373610306,84500
2013-05-03,95.36980438232422,95.91920123869976,95.27824540467519,95.91920123869976,94000
2013-05-06,95.15851593017578,95.47547403404903,95.04581637176084,95.44025407859168,44600
2013-05-07,94.96833038330078,95.10215975646739,94.926070738642,94.96129069173122,51600
2013-05-08,95.10224151611328,95.25720084482822,95.01771140650425,95.12337135660805,70300
2013-05-09,95.10224151611328,95.56006905700653,95.09519107086172,95.27128024007142,40600
2013-05-10,94.3062744140625,94.91202132515215,93.99635589011542,94.91202132515215,16000
2013-05-13,94.00337219238281,94.12311144267112,93.89067263412744,93.98928206069554,40500
2013-05-14,93.4540023803711,94.27105838718678,93.4328725480936,94.27105838718678,8200
2013-05-15,93.74983215332031,94.01748025128128,93.47513361355463,93.88365082848844,24700
2013-05-16,94.36259460449219,94.53164395022581,94.09493582731946,94.09493582731946,13500
2013-05-17,93.70053100585938,94.15131867182767,93.67236147882261,94.0808894804229,16800
2013-05-20,93.51740264892578,93.88366024024722,93.51740264892578,93.84845101819285,5100
2013-05-21,93.93292999267578,93.9610995077425,93.27787323044714,93.46101269505486,27200
2013-05-22,92.8905258178711,94.25697895859028,92.88347537536431,94.05974927803862,73400
2013-05-23,93.15106964111328,93.47507809055617,92.77776186644418,93.3694182548686,40900
2013-05-24,93.28491973876953,93.48917827035366,93.1581300572595,93.26378991645464,24600
2013-05-28,91.72832489013672,92.91164915256458,91.66493539776336,92.84825966019122,41800
2013-05-29,92.23544311523438,92.25657294162497,91.91848497175289,91.95370493161145,51800
2013-05-30,92.3270034790039,92.39743264394119,92.0311751919753,92.35517299545448,123300
2013-05-31,92.03121948242188,92.39043741505583,91.39729220717582,92.33408760741439,87900
2013-06-03,92.16529083251953,92.58162330183812,91.69955751053364,91.70662092800306,73200
2013-06-04,91.84767150878906,92.10875931631182,91.76298594271489,91.8617767969718,72800
2013-06-05,92.45458984375,92.49692726926158,92.0664788308902,92.08764754364599,24700
2013-06-06,92.52518463134766,93.28023823809734,92.17235825826606,92.41934102638574,49600
2013-06-07,91.65016174316406,92.32052954951322,91.60782431059103,92.17233776810357,22500
2013-06-10,91.31849670410156,91.55136333163215,91.14913622024211,91.50901513511492,21200
2013-06-11,91.74897766113281,91.74897766113281,90.86691168429984,90.97980794610518,74800
2013-06-12,91.05034637451172,91.7771676293171,91.05034637451172,91.35378256576043,23100
2013-06-13,92.01708221435547,92.07353570676362,91.41022063022123,91.41022063022123,32600
2013-06-14,92.14409637451172,92.37696297045349,92.01707333699726,92.13704372641712,9600
2013-06-17,91.60074615478516,92.05236330857133,91.57957744190473,92.05236330857133,44100
2013-06-18,91.65718841552734,91.77009538199164,91.28319351059024,91.28319351059024,24700
2013-06-19,90.60577392578125,91.74187484677887,90.26001110247914,91.7066008367783,14100
2013-06-20,89.73784637451172,90.02010851177467,89.03219372320558,89.7590150926585,85400
2013-06-21,88.65110778808594,89.67430698346595,88.64405514045264,89.56845804826105,35700
2013-06-24,88.53823852539062,88.97573972118298,88.05133647592888,88.05133647592888,110000
2013-06-25,88.26297760009766,88.84161218305933,88.24886154136502,88.81338544929304,69900
2013-06-26,88.74990844726562,88.96866437305465,88.41119827781982,88.94043762831733,48900
2013-06-27,89.33562469482422,89.39913623304969,88.93340289840462,89.25800247238338,57600
2013-06-28,89.30033111572266,89.36383726016382,88.8628246026664,88.8628246026664,60900
2013-07-01,89.37245178222656,89.38658950049636,89.02601565342232,89.11085814509177,35500
2013-07-02,89.37245178222656,89.52092209713543,89.28760929055711,89.35830866993987,14800
2013-07-03,89.25928497314453,89.52087848283175,89.18151407550818,89.35119358216284,11100
2013-07-05,87.25850677490234,87.71098928913094,87.25850677490234,87.71098928913094,24600
2013-07-08,87.92306518554688,88.09274472653301,87.68268089130244,87.68268089130244,12800
2013-07-09,88.0079345703125,88.19175188176169,87.93722979542912,88.19175188176169,38100
2013-07-10,87.55538177490234,87.95837927459779,87.49882554853568,87.5907341361429,55800
2013-07-11,88.4391860961914,88.53110012897633,88.09275541804513,88.2200164377338,59400
2013-07-12,88.48155975341797,88.82799023470889,88.29773718631927,88.80678097581539,16900
2013-07-15,88.74320220947266,88.74320220947266,88.5098948246011,88.5098948246011,18600
2013-07-16,88.89166259765625,88.96942811654823,88.75025848599964,88.79974857657562,10400
2013-07-17,89.12494659423828,89.41482090168427,89.0542472539388,89.36533082407324,18200
2013-07-18,88.601806640625,89.05428910399745,88.601806640625,89.05428910399745,15600
2013-07-19,89.294677734375,89.30174389625518,88.92703234397173,88.92703234397173,9600
2013-07-22,89.25221252441406,89.4643159511137,89.21686554930692,89.379473501631,17800
2013-07-23,89.07550048828125,89.13913370177272,88.9199586264316,88.93410173788152,11600
2013-07-24,88.4179458618164,88.5310691259317,88.09979612101684,88.4108797033198,58100
2013-07-25,88.53108978271484,88.54522749702093,88.09274512301117,88.19879685936057,7000
2013-07-26,88.76443481445312,88.77150097716898,88.58768365424434,88.72908242480443,9600
2013-07-29,88.38966369628906,88.60176711625986,88.27654582791492,88.60176711625986,8100
2013-07-30,88.30481719970703,88.5522675671999,88.23411786528241,88.5451960155534,24700
2013-07-31,88.46745300292969,88.59471400259551,87.55541673766051,87.66854002359241,112000
2013-08-01,87.34746551513672,88.07713121366473,87.25536821799798,88.07713121366473,185700
2013-08-02,88.16922760009766,88.26131949715943,86.83032524130158,87.41831030388454,12700
2013-08-05,87.85041046142578,87.99917673390097,87.75123294644233,87.99209108146809,7300
2013-08-06,87.87876892089844,87.93543793975991,87.71583130414913,87.84334605493582,14200
2013-08-07,88.3534164428711,88.36050209793075,88.05588378762037,88.09838690843586,9700
2013-08-08,88.51634979248047,88.67220177713155,88.43134354977717,88.46676101597978,10900
2013-08-09,88.65802001953125,88.70052313328334,88.39590487359601,88.39590487359601,23900
2013-08-12,88.38886260986328,88.91309315907887,88.38886260986328,88.91309315907887,25500
2013-08-13,87.51747131347656,87.70874072653457,87.40412247257537,87.66623761358173,48700
2013-08-14,87.54582214355469,87.66625125217018,87.43955893987057,87.43955893987057,12800
2013-08-15,86.99324798583984,87.27660928359992,86.83031037533452,86.9365735643797,49800
2013-08-16,86.67446899414062,86.99325860017274,86.33443323343153,86.99325860017274,20100
2013-08-19,86.22110748291016,86.4194626306091,86.10067834391756,86.36987384368437,16300
2013-08-20,86.74529266357422,86.79488142768382,86.5611089138928,86.6106976780024,44000
2013-08-21,86.20690155029297,86.78071516183671,85.7747685771055,86.55402289760475,23100
2013-08-22,86.34860229492188,86.42652828559386,86.05815529722999,86.18567006335039,21100
2013-08-23,86.98617553710938,87.0924387422861,86.27776137562606,86.36277302072166,15100
2013-08-26,87.219970703125,87.2270509547005,87.02869581514247,87.2128850467773,59100
2013-08-27,87.84330749511719,87.9920737382706,87.41117466296136,87.51743780943328,51900
2013-08-28,87.41828918457031,87.53163261474295,87.25535158553288,87.51746671276008,34800
2013-08-29,87.70873260498047,87.77249267327596,87.14908491558539,87.1703418748637,20900
2013-08-30,87.609619140625,87.80089408060138,87.48918997383907,87.61670479889878,101200
2013-09-03,86.78617095947266,86.99202789218656,86.38155710295774,86.90684403239183,22500
2013-09-04,86.5732421875,86.85718306348589,86.55904758077548,86.85718306348589,5200
2013-09-05,85.80655670166016,86.85003573840547,83.97515015148797,85.45163215396278,13600
2013-09-06,86.22537994384766,86.60159913916664,86.16859071021325,86.43833144639757,27200
2013-09-09,86.3460464477539,86.78615485142645,86.3460464477539,86.67257639278101,38900
2013-09-10,85.9130859375,86.3176999444379,85.9130859375,86.01246443634636,52300
2013-09-11,86.40282440185547,86.43831360376173,85.99821067323984,86.17567292992595,44600
2013-09-12,86.47380065917969,86.87131434636386,86.47380065917969,86.80743053908832,9700
2013-09-13,86.7364730834961,86.85004613618256,86.58030539729768,86.59449999798869,78800
2013-09-16,86.63709259033203,87.51020402882438,86.60159796586157,87.46761481203528,4700
2013-09-17,86.93521118164062,86.97070038355086,86.71515971635506,86.90681657068149,52300
2013-09-18,88.1561279296875,88.26970092631343,86.25373284868131,86.8429032616296,39300
2013-09-19,87.58114624023438,87.87218685856473,87.55985164195981,87.87218685856473,13100
2013-09-20,87.75151824951172,87.9005858606107,87.58825062837452,87.70182904581205,5300
2013-09-23,88.07808685302734,88.12067607045809,87.62378381470138,87.62378381470138,14800
2013-09-24,88.65303802490234,88.70982724265569,88.24132431976747,88.27681893479279,24000
2013-09-25,88.97248840332031,89.02927763416223,88.58207462665018,88.58207462665018,10900
2013-09-26,88.61756896972656,88.75954205505901,88.56078515131303,88.66726361138251,62000
2013-09-27,88.85181427001953,89.029276552455,88.7879304478879,88.80212504756636,32700
2013-09-30,88.8659896850586,88.92987348950555,88.66723285026684,88.92987348950555,36700
2013-10-01,88.67827606201172,88.78495021310341,88.58581789646735,88.74939397138908,23500
2013-10-02,88.89160919189453,89.12630312180958,88.78492963957429,88.88450120076796,12400
2013-10-03,88.8702392578125,89.10493309501013,88.69244188283466,88.69244188283466,8400
2013-10-04,88.62133026123047,88.78490081920395,88.51465074353935,88.75645801203561,30800
2013-10-07,88.81336212158203,89.09783906863846,88.77069247860483,88.97693812957209,3300
2013-10-08,88.8062744140625,88.98407186833639,88.6782600299474,88.78493416175355,21500
2013-10-09,88.57867431640625,88.77780655303913,88.5146644255191,88.71379666215199,16700
2013-10-10,88.35108184814453,88.39375148564567,88.01682188519692,88.13772280874731,77000
2013-10-11,88.45069885253906,88.88452516993499,88.45069885253906,88.8418500819304,65800
2013-10-14,87.9456787109375,88.54307516785778,87.91011707262092,88.45062250455656,6300
2013-10-15,87.99554443359375,88.31557777538391,87.99554443359375,88.31557777538391,4700
2013-10-16,88.5929183959961,88.5929183959961,87.83194548213615,87.87461513635047,36000
2013-10-17,89.20453643798828,89.35388564421652,88.94850767704058,89.0054041630173,21200
2013-10-18,89.37520599365234,89.39654081595108,89.26141846607689,89.32542293297308,3300
2013-10-21,89.09789276123047,89.19035094466061,89.02677483809556,89.19035094466061,9000
2013-10-22,89.79481506347656,89.88015435679247,89.66680069755576,89.737918583968,10200
2013-10-23,90.11483001708984,90.29974082507485,89.97259427306805,89.9868156770919,2900
2013-10-24,89.90150451660156,90.17886810234806,89.90150451660156,90.17886810234806,13800
2013-10-25,90.02950286865234,90.17174406635351,90.001060055059,90.02239487822746,6200
2013-10-28,89.92281341552734,90.07927599333884,89.92281341552734,89.92992140473989,11500
2013-10-29,90.05087280273438,90.07932105165247,89.26145152959019,89.78773056970343,6400
2013-10-30,89.80193328857422,90.29976940209154,89.74504222852879,90.22865150757409,9600
2013-10-31,89.76638793945312,90.06508638821548,89.51035914738591,89.96552023862802,20500
2013-11-01,89.1663589477539,89.55115808883046,89.05947482797876,89.55115808883046,34600
2013-11-04,89.20912170410156,89.38014173940958,89.18774487926667,89.22337110844852,9700
2013-11-05,88.58204650878906,88.87421097004751,88.51791602897877,88.87421097004751,41300
2013-11-06,88.78868103027344,88.81005785273658,88.68179148132948,88.73879996565003,27200
2013-11-07,89.17349243164062,89.22337350313711,88.76731643898955,88.76731643898955,7300
2013-11-08,87.82670593261719,88.05473448511904,87.79820168397576,88.05473448511904,55900
2013-11-11,87.7126693725586,87.89794422908503,87.29937145102345,87.29937145102345,7600
2013-11-12,87.78392791748047,87.84093096231514,87.71979201667791,87.75542367674912,230300
2013-11-13,88.03338623046875,88.08326732262358,87.92649662252803,87.92649662252803,3100
2013-11-14,88.51081085205078,88.6177004485603,88.22577374023564,88.26140541794905,16000
2013-11-15,88.55352783203125,88.57491009177997,88.31837734108005,88.48226994275427,32600
2013-11-18,88.90984344482422,88.90984344482422,88.5036674009521,88.5036674009521,7200
2013-11-19,88.46092987060547,88.66045421812453,88.42529819284961,88.66045421812453,9600
2013-11-20,87.6128921508789,88.61051871242758,87.49888063801393,88.4323713063163,16800
2013-11-21,87.6058120727539,87.762582734979,87.24238966819844,87.40628775233286,26100
2013-11-22,88.03338623046875,88.13314841477842,87.86948810674214,87.8766155303732,13300
2013-11-25,88.17586517333984,88.24712306992836,88.00484513420156,88.00484513420156,10400
2013-11-26,88.38961791992188,88.58914214547352,88.3753630828811,88.41812215737602,8200
2013-11-27,88.19725799560547,88.39678775352408,87.91222635755317,88.36828350239286,33400
2013-11-29,88.14024353027344,88.22575083597795,87.94784121917965,87.94784121917965,27200
2013-12-02,87.68318939208984,87.9617069901134,87.61891861494118,87.95456942500108,15500
2013-12-03,87.84745025634766,88.04026804562702,87.83316422838726,87.90457802261949,19000
2013-12-04,87.3260726928711,87.48318622561095,87.19752575231306,87.39748644906548,12100
2013-12-05,87.20467376708984,87.36178730884632,87.09755040239037,87.1403975688619,6000
2013-12-06,87.28325653076172,87.49036031125031,87.15470954454543,87.2546899284334,5400
2013-12-09,87.4332504272461,87.54037385241924,87.34755059740283,87.45467402257597,11500
2013-12-10,87.86885070800781,87.93312147133305,87.71888014506045,87.79743693258361,11300
2013-12-11,87.44746398925781,87.86881435241459,87.44746398925781,87.7045578332302,10900
2013-12-12,87.21183776855469,87.40465551260621,87.19040873164055,87.35466532351715,14400
2013-12-13,87.46891021728516,87.54746153923298,87.35464384259625,87.46176720673694,15800
2013-12-16,87.38323211669922,87.71888286497455,87.29039475062132,87.65460665113447,14200
2013-12-17,87.68318939208984,87.68318939208984,87.30469139726416,87.30469139726416,17500
2013-12-18,87.29039001464844,87.81171546679485,87.18326662974165,87.41893698683224,62000
2013-12-19,87.1261215209961,87.23324489125889,87.06185076795099,87.14754510534446,26300
2013-12-20,87.81884765625,87.81884765625,87.39035961794987,87.54033015892887,11900
2013-12-23,87.29751586914062,87.70458031837087,87.29751586914062,87.64745257613507,20300
2013-12-24,86.89764404296875,87.03333408635474,86.79052061127057,86.98334387803212,5900
2013-12-26,86.78028106689453,86.81606008181389,86.6514842559405,86.75881584158739,37500
2013-12-27,86.59429168701172,86.82326332543518,86.52989597266505,86.701623336704,14400
2013-12-30,87.00208282470703,87.02355350595441,86.75880302834076,86.81604726011297,33000
2013-12-31,86.52269744873047,86.94486694532308,86.27941758830667,86.76598276826611,56800
2014-01-02,86.8518295288086,86.9591611093778,86.56561925943863,86.56561925943863,7700
2014-01-03,86.75165557861328,87.00924919052015,86.65863778619008,86.72303345961129,9600
2014-01-06,87.0450439453125,87.19530600291311,86.9377123444229,86.9377123444229,10900
2014-01-07,87.3026351928711,87.31694352500897,87.11659412040761,87.23823405047102,10500
2014-01-08,86.8947982788086,87.0092813380038,86.7445361928638,86.94488564079019,23300
2014-01-09,87.31690979003906,87.31690979003906,86.93767635511628,87.18811301411154,5400
2014-01-10,88.06828308105469,88.09690521218693,87.73197986414264,87.7534450977135,17400
2014-01-13,88.3329849243164,88.46893861574792,88.11117034070554,88.14694935185403,17800
2014-01-14,88.03959655761719,88.26856798009162,87.9966661218749,88.17555021628021,9600
2014-01-15,87.96808624267578,88.04679571872907,87.76057993845455,87.7963534990439,21300
2014-01-16,88.32581329345703,88.3973658402827,88.22563863607921,88.24710385421596,25700
2014-01-17,88.5977554321289,88.62637755569286,88.21136495268347,88.31869655127029,67700
2014-01-21,88.55477142333984,88.61201017674104,88.46890510457517,88.50468410217093,29200
2014-01-22,88.39024353027344,88.53335413902576,88.31153406023755,88.36877830373848,8700
2014-01-23,89.01992797851562,89.16303314212286,88.69793317173126,88.69793317173126,6200
2014-01-24,89.49214172363281,89.54938594862975,89.3204145077518,89.47783339693846,9200
2014-01-27,89.1272964477539,89.5637745008828,89.1201450075558,89.36342499304291,8700
2014-01-28,89.24169921875,89.24885611118336,89.13436766868732,89.24169921875,39200
2014-01-29,89.84278869628906,89.92149817211289,89.40631086094307,89.58519504070415,21800
2014-01-30,89.66389465332031,89.71398199977924,89.54225473465027,89.62812109677041,19100
2014-01-31,90.0574951171875,90.11473939237132,89.92154132840459,90.10042559401809,6800
2014-02-03,90.7671890258789,90.7671890258789,89.86388872163033,90.00010219158817,82800
2014-02-04,90.29398345947266,90.39434950059648,90.22229421146122,90.36567817702313,35100
2014-02-05,89.84232330322266,90.1147445941503,89.77780463018911,90.1147445941503,91300
2014-02-06,89.61296844482422,89.70616396297189,89.51260235772934,89.70616396297189,30600
2014-02-07,89.7276840209961,89.8782331656504,89.56996430672719,89.56996430672719,158000
2014-02-10,89.77780151367188,89.83514962008708,89.59140512659282,89.59140512659282,23100
2014-02-11,89.44807434082031,89.49825738221595,89.29752521663343,89.49825738221595,15100
2014-02-12,89.12542724609375,89.24729950699704,89.01072555040203,89.24729950699704,9400
2014-02-13,89.61296844482422,89.64164525107155,89.48392555148202,89.54844973292388,14500
2014-02-14,89.49109649658203,89.66315186524766,89.44807855225946,89.62730448990243,88800
2014-02-18,89.71330261230469,89.89969905182248,89.6559490202162,89.6559490202162,26300
2014-02-19,89.5699462890625,90.00725796536976,89.50542211459471,90.00725796536976,23800
2014-02-20,89.36918640136719,89.59142471986608,89.22580243012658,89.51256490306857,35000
2014-02-21,89.64164733886719,89.64164733886719,89.29753112542616,89.35488473925662,10900
2014-02-24,89.54125213623047,89.68463065464722,89.40503871505665,89.68463065464722,33400
2014-02-25,89.99292755126953,90.00009812029604,89.77785970634811,89.77785970634811,10600
2014-02-26,90.3370132446289,90.3370132446289,89.97856148797008,90.02157394851642,19600
2014-02-27,90.58076477050781,90.62378270389775,90.4588924765734,90.51624607473317,18700
2014-02-28,90.53777313232422,90.60229184293958,90.13630879194046,90.40873024155209,23200
2014-03-03,91.03827667236328,91.04545958054011,90.79411258388714,90.89465138254833,17500
2014-03-04,90.13349151611328,90.62900295325848,90.09039951539295,90.62900295325848,71600
2014-03-05,90.25553894042969,90.29862544562415,89.9754656987549,90.01136929343183,164500
2014-03-06,89.78874969482422,89.90365434896849,89.68102795130284,89.78874969482422,17900
2014-03-07,89.32196044921875,89.45122544756893,89.22142161483033,89.22860452555967,11700
2014-03-10,89.465576171875,89.465576171875,89.314767945741,89.32912828582083,6900
2014-03-11,89.5733642578125,89.60208495924942,89.30046828353352,89.45127662139147,24400
2014-03-12,90.01138305664062,90.08320121488663,89.85339735378564,90.01856596825647,7600
2014-03-13,90.7654037475586,90.79412990679306,89.81027949909247,89.81027949909247,30800
2014-03-14,90.81568145751953,91.0598510938536,90.67923355842241,91.0598510938536,70000
2014-03-17,90.3991470336914,90.70794637957844,90.37760378520348,90.6074075673319,12800
2014-03-18,90.58594512939453,90.60031096050496,90.35614114226094,90.42077642433935,17200
2014-03-19,89.91797637939453,90.54275784245002,89.78152853047419,90.54275784245002,49900
2014-03-20,89.84619903564453,89.95392077558553,89.77438636866896,89.83183321487624,19400
2014-03-21,90.32730865478516,90.32730865478516,89.9466967626813,89.9466967626813,15000
2014-03-24,90.56436920166016,90.6361818944369,90.09039556721062,90.09039556721062,7800
2014-03-25,90.3991470336914,90.55713816120863,90.21961265768624,90.35606053671556,32200
2014-03-26,90.84437561035156,90.84437561035156,90.41349429218008,90.41349429218008,117400
2014-03-27,91.11727905273438,91.27527017074102,90.82284554286616,90.8802978546784,61300
2014-03-28,90.71512603759766,91.01674246352768,90.52840875913682,91.01674246352768,87000
2014-03-31,90.57151794433594,90.62178735821003,90.19090040619758,90.35607446832971,243500
2014-04-01,90.22187042236328,90.35137571751437,90.15711503021743,90.34417945413358,37000
2014-04-02,89.83334350585938,89.92687296176221,89.77578438416226,89.83334350585938,25500
2014-04-03,89.98442077636719,90.08514648211036,89.91247462785624,89.91247462785624,23300
2014-04-04,90.44493103027344,90.54565678982519,90.08519460640512,90.08519460640512,8000
2014-04-07,90.81184387207031,90.94134917592439,90.67514230435185,90.67514230435185,6700
2014-04-08,90.93412017822266,90.9772867675882,90.66791340247741,90.73266877566475,53500
2014-04-09,90.7326889038086,90.91255705158568,90.58879658124302,90.63196318018464,156300
2014-04-10,91.25068664550781,91.49530462896259,90.91972999717197,90.92692076905793,43600
2014-04-11,91.54570007324219,91.6752053721055,91.39461147275846,91.6752053721055,17700
2014-04-14,91.40895080566406,91.53845602916347,91.27944558216467,91.50967648070386,27700
2014-04-15,91.63204956054688,91.89106018877767,91.35145562815376,91.38742597204381,33300
2014-04-16,91.55284881591797,91.58882462603913,91.28664209278006,91.28664209278006,48800
2014-04-17,91.08525848388672,91.60327979578953,90.82624782793532,91.60327979578953,43200
2014-04-21,90.94853973388672,91.2507169275413,90.89098060486471,91.15718197059537,12500
2014-04-22,91.05643463134766,91.09241045073439,90.75425750940082,90.85498321671643,19700
2014-04-23,91.35858917236328,91.37297620221392,91.14274530063999,91.26505426635227,10900
2014-04-24,91.40895080566406,91.40895080566406,91.09238126174606,91.09238126174606,29400
2014-04-25,91.5600814819336,91.79750326006798,91.5600814819336,91.59605181721935,5000
2014-04-28,91.27947998046875,91.56726459524002,91.19314130255357,91.4881276685757,13000
2014-04-29,91.32263946533203,91.32983572688298,91.01326608831212,91.07082520244123,41300
2014-04-30,91.59601593017578,91.64637877115592,91.27225559375168,91.45212366712906,57300
2014-05-01,92.0321273803711,92.19791449027579,91.4843155598531,91.4843155598531,130300
2014-05-02,92.3204116821289,92.52223555943708,91.6716881484325,91.77980965392993,141200
2014-05-05,92.10420227050781,92.52226931132063,92.10420227050781,92.52226931132063,86500
2014-05-06,92.35647583007812,92.39972224277588,92.17626961216197,92.2411447304981,18900
2014-05-07,92.24834442138672,92.4717860294962,92.1834693099972,92.29880039722794,19100
2014-05-08,92.3204116821289,92.6880171018167,92.19066697538963,92.49340829064009,102700
2014-05-09,92.19790649414062,92.3132376039485,92.06816174525176,92.26998018883555,14600
2014-05-12,91.93115997314453,92.14019337730267,91.82303848833348,92.08252785216514,14800
2014-05-13,92.33489990234375,92.3637271927098,92.11865672955209,92.19794552628954,29600
2014-05-14,92.92594909667969,93.10614990031084,92.78179065349161,92.78179065349161,14500
2014-05-15,93.31512451171875,93.59623713119338,93.23583577296556,93.23583577296556,294400
2014-05-16,93.1421890258789,93.3944745416342,93.1421890258789,93.26472424826227,53100
2014-05-19,92.84667205810547,93.38727453744255,92.84667205810547,93.36565131815593,15300
2014-05-20,93.13500213623047,93.185452649539,92.87551250019642,92.87551250019642,158200
2014-05-21,92.80338287353516,92.88987571084239,92.66642854874502,92.81058694378392,32600
2014-05-22,92.74571990966797,92.90429744821994,92.60876558104756,92.83942781842526,61400
2014-05-23,93.04845428466797,93.26469737893285,92.90429588801827,93.0196270047703,17600
2014-05-27,93.20703125,93.21424631886575,92.7529218546816,93.03404557451154,109700
2014-05-28,93.9638900756836,93.97109414700375,93.63231581905951,93.63231581905951,25900
2014-05-29,93.66830444335938,94.18007917666567,93.66830444335938,93.99266344402422,27300
2014-05-30,93.58906555175781,93.73322396231784,93.4665303528527,93.53861505742358,89800
2014-06-02,93.11241149902344,93.51684915402278,92.9535390521657,93.24963004020901,189100
2014-06-03,92.549072265625,92.84517418026405,92.43352419618147,92.84517418026405,30100
2014-06-04,92.31800842285156,92.51300377873208,92.21690176050605,92.50577479012188,26400
2014-06-05,92.49136352539062,92.59968818544318,92.20247939891269,92.26747970484554,13800
2014-06-06,92.4769287109375,92.86690855815316,92.43359333132305,92.7874667904124,21500
2014-06-09,92.34691619873047,92.42635795150869,92.24580951517655,92.37580460973173,35500
2014-06-10,92.1085433959961,93.16294505872881,92.0435431273197,93.16294505872881,16200
2014-06-11,92.20968627929688,92.38301121407912,92.09413264950851,92.20968627929688,20300
2014-06-12,92.62855529785156,92.71522603092156,92.18079875289288,92.26746397606249,26500
2014-06-13,92.62855529785156,92.75132689824989,92.39023557646081,92.39023557646081,7400
2014-06-16,92.67193603515625,92.74414882067447,92.49138754165241,92.66470704274056,20000
2014-06-17,92.137451171875,92.47688300995101,92.12300421584236,92.47688300995101,53200
2014-06-18,92.59246063232422,92.80910993000835,92.27468812608473,92.3541298751694,60200
2014-06-19,92.20244598388672,92.8668627042912,92.07967440705316,92.8668627042912,18200
2014-06-20,92.4046401977539,92.4046401977539,92.06521393955956,92.13020869860799,23700
2014-06-23,92.3108139038086,92.65024037108175,92.30359042283209,92.5924745628761,20400
2014-06-24,92.84525299072266,92.84525299072266,92.50582095065715,92.66470450216889,9100
2014-06-25,92.96795654296875,93.23517560376204,92.96073857584354,93.19906372854163,21800
2014-06-26,93.33627319335938,93.40848591700187,93.19182570648223,93.19182570648223,3700
2014-06-27,93.22071075439453,93.49514772963015,93.22071075439453,93.49514772963015,17000
2014-06-30,93.32183837890625,93.42294502099335,93.16295493851258,93.37961517721281,16900
2014-07-01,92.91815185546875,93.12798722691132,92.8458035870765,92.88921475620795,27900
2014-07-02,92.34654998779297,92.6576762553728,92.27419619724331,92.6576762553728,55500
2014-07-03,92.11497497558594,92.19456576707245,91.90514520896134,91.9702674566494,28300
2014-07-07,92.55633544921875,92.58527805560415,92.31033157529944,92.31033157529944,22700
2014-07-08,93.10621643066406,93.14239606405032,92.84574956742064,92.84574956742064,74000
2014-07-09,93.09900665283203,93.27989382151489,92.81682311130585,93.01218434481679,7400
2014-07-10,93.25817108154297,93.62717686317363,93.24369701937866,93.60547129016445,9700
2014-07-11,93.52584838867188,93.60543914252926,93.43179461809189,93.43179461809189,7700
2014-07-14,93.27264404296875,93.40287747948692,93.22199034622872,93.37394039597436,7800
2014-07-15,93.20748901367188,93.41731314419869,93.05553902638218,93.21472052145903,7300
2014-07-16,93.4245834350586,93.4245834350586,93.17857958253329,93.17857958253329,24300
2014-07-17,94.11922454833984,94.14093012802215,93.63444820130503,93.75021865326265,18900
2014-07-18,93.89488220214844,94.13365450725152,93.75740623492489,94.13365450725152,28700
2014-07-21,94.09024047851562,94.33625535508274,94.06853490712349,94.06853490712349,18900
2014-07-22,94.21327209472656,94.21327209472656,93.92384601805819,94.06855353615441,19700
2014-07-23,94.15538787841797,94.33627503807652,94.15538787841797,94.30732690986456,6500
2014-07-24,93.7646713256836,93.8370306102865,93.67784901654149,93.8370306102865,10600
2014-07-25,94.24943542480469,94.27838355109112,94.03961119136694,94.17708719003923,10100
2014-07-28,94.09751892089844,94.27116355826877,93.97451695593513,94.21328937279729,23200
2014-07-29,94.32901763916016,94.40137690782522,94.140898997295,94.32178612848337,9700
2014-07-30,93.4969711303711,93.90215666724083,93.45355997148903,93.83703992891773,14800
2014-07-31,93.3812026977539,93.45356199110633,93.11349318521049,93.16413585817472,31500
2014-08-01,93.96482849121094,94.08807398703334,93.3340982883736,93.62408638885728,42800
2014-08-04,93.9792709350586,94.16776197323799,93.94301968016606,93.99376258715174,8600
2014-08-05,94.09534454345703,94.16060128619998,93.66036227842984,93.89235060730971,9300
2014-08-06,94.20403289794922,94.38527814792609,94.17502746304692,94.38527814792609,6900
2014-08-07,94.71153259277344,94.73328114127615,94.11705382980956,94.19679113276355,32000
2014-08-08,94.67526245117188,95.08850691501173,94.63176536283751,94.88551312789691,26600
2014-08-11,94.70427703857422,94.8057739419418,94.58103158893736,94.68977432028377,14900
2014-08-12,94.39979553222656,94.67528083260756,94.39253864120741,94.67528083260756,26500
2014-08-13,94.7840576171875,94.82755472451275,94.50131535723679,94.51580701812084,33600
2014-08-14,95.10303497314453,95.12479458797259,94.76230396332299,95.07404059060038,12200
2014-08-15,95.66850280761719,95.97299351662467,95.13201285612813,95.13201285612813,8700
2014-08-18,95.17554473876953,95.43653845079798,95.09579635280704,95.42929262019659,14700
2014-08-19,95.0450210571289,95.44375178886207,94.95801580784799,95.44375178886207,31200
2014-08-20,94.80577850341797,94.97976688194349,94.70428159516699,94.9580183346278,22900
2014-08-21,95.10303497314453,95.18278335306087,94.84929817329139,94.84929817329139,12800
2014-08-22,95.26980590820312,95.3060571897116,94.90005832408984,95.13930350724021,13200
2014-08-25,95.38581085205078,95.4655481885,95.28430283328579,95.39305668381746,18800
2014-08-26,95.29874420166016,95.55973778762306,95.24800128728675,95.55973778762306,6600
2014-08-27,95.69749450683594,95.70474033458618,95.35675254292349,95.5379977976713,13000
2014-08-28,95.91500091552734,96.05999492181053,95.79175545706997,96.00199510683055,35400
2014-08-29,95.8714599609375,96.08169951451843,95.84245453555002,95.92220286187282,21500
2014-09-02,95.07327270507812,95.7705300340462,95.02243714332057,95.7705300340462,27700
2014-09-03,95.31298065185547,95.31298065185547,94.76099296547342,94.94982823337278,16500
2014-09-04,94.79732513427734,95.13141920490733,94.73921940839952,95.03700709757314,38700
2014-09-05,94.7028579711914,95.16769247984419,94.64475227229369,95.13137503271702,29900
2014-09-08,94.6157455444336,95.08783931197945,94.57216902220274,95.05879199133676,7100
2014-09-09,94.52129364013672,94.57214028898008,94.41961142498026,94.44139967947591,33300
2014-09-10,94.15809631347656,94.23073118212122,94.09999063506584,94.14356712324265,17600
2014-09-11,93.9620590209961,94.39058732402394,93.95479996188928,94.33974066267727,40600
2014-09-12,93.38826751708984,93.63520847606947,93.33742086419521,93.56984370737447,17700
2014-09-15,93.57710266113281,93.68605502470102,93.51173789251057,93.58437280155604,29100
2014-09-16,93.45360565185547,93.78044048471486,93.43907645766475,93.65697004041367,28700
2014-09-17,93.21392059326172,93.7731781837067,93.21392059326172,93.64243760557065,25000
2014-09-18,93.28658294677734,93.35920677154532,93.17037152811154,93.35194771382778,6000
2014-09-19,93.81680297851562,93.86037949948468,93.36649748512431,93.52628545036639,12100
2014-09-22,93.9910888671875,93.9910888671875,93.84583015145112,93.86034826525403,9400
2014-09-23,94.28884887695312,94.28884887695312,93.99832044787377,94.04916707891005,47400
2014-09-24,93.9910888671875,94.28160629866025,93.92572410748558,94.20171234262581,14600
2014-09-25,94.53582763671875,94.57214509023203,94.23804003345305,94.25256923136452,14100
2014-09-26,94.41236877441406,94.50678086612517,94.25983988390813,94.46320434956124,163800
2014-09-29,94.76825714111328,94.96436256079163,94.76825714111328,94.96436256079163,13900
2014-09-30,94.62295532226562,94.85537809649088,94.5648496287093,94.64474357203326,30000
2014-10-01,95.70792388916016,95.70792388916016,95.10397229779932,95.1185284249484,82600
2014-10-02,95.25676727294922,95.664249937529,95.21311000218279,95.64242130214578,33400
2014-10-03,95.35133361816406,95.36588973961507,95.03844917690606,95.1112186810936,17500
2014-10-06,95.47501373291016,95.56232822780491,95.2421602757722,95.32220226378038,20100
2014-10-07,96.15906524658203,96.2100061407796,95.6933690989516,95.85345319061257,54200
2014-10-08,96.12269592285156,96.26094027818975,95.80980023754232,96.24639525325256,404000
2014-10-09,96.1954345703125,96.479217941231,96.1954345703125,96.45738930524267,26900
2014-10-10,96.66841888427734,96.66841888427734,96.37735188538396,96.4865061736205,24000
2014-10-13,97.30876159667969,98.11645462154848,96.63932403329504,98.09462598058496,202100
2014-10-14,97.48336029052734,97.56340230764589,97.14136359039064,97.38148964174628,78300
2014-10-15,97.97091674804688,100.22663897964782,97.78900402301686,99.0842217369849,146800
2014-10-16,97.73808288574219,98.98235981737545,97.6507572199087,98.93143002345579,125900
2014-10-17,97.49795532226562,97.65075580488303,97.18505963845215,97.59982601170137,36700
2014-10-20,97.59982299804688,97.88360641721762,97.41062664988499,97.78173573092741,56400
2014-10-21,97.23593139648438,97.51243101231033,97.19954665404123,97.41056039530824,25100
2014-10-22,97.25782012939453,97.31603353266817,96.98130923961257,97.22143536446458,237200
2014-10-23,96.74114990234375,96.9667198231686,96.5665208555465,96.9667198231686,32900
2014-10-24,96.79937744140625,97.14137417882067,96.78482131768862,96.83576219916573,12200
2014-10-27,96.92313385009766,97.08321799611817,96.8649204239924,96.9158613354879,16800
2014-10-28,96.62472534179688,96.84302275834496,96.49375355370871,96.84302275834496,38300
2014-10-29,96.48655700683594,97.47616311829854,95.41690881639192,96.4210599581591,175300
2014-10-30,96.55927276611328,97.0540811545634,96.55927276611328,97.0540811545634,16600
2014-10-31,96.32640838623047,96.53014970491431,96.159040722043,96.53014970491431,23000
2014-11-03,96.28632354736328,96.40295739402656,95.91456567429188,96.2134357353106,70200
2014-11-04,96.38108825683594,96.61434482327769,96.34463879003752,96.46855807889963,17300
2014-11-05,96.38836669921875,96.4248161633694,96.18426304735287,96.29361143980483,68900
2014-11-06,96.03848266601562,96.27175035375743,95.98745118826628,96.11866704332493,391900
2014-11-07,96.68724060058594,96.80387444140719,96.30090073532887,96.30818617932448,18500
2014-11-10,96.22801208496094,96.74556785714059,96.20614462782258,96.72370040000222,43800
2014-11-11,96.25723266601562,96.47591848870545,96.08228178329918,96.16975166324592,18200
2014-11-12,96.26444244384766,96.64349683035604,96.19155464212844,96.58517991529212,15800
2014-11-13,96.38836669921875,96.4904185251517,96.2717439858774,96.37379581181034,12400
2014-11-14,96.68724060058594,96.71639349938361,96.22071636011616,96.37379966654598,16200
2014-11-17,96.5195541381836,97.19746725604169,96.38105288886337,97.19746725604169,44900
2014-11-18,96.68724060058594,96.72369006619448,96.51958640616492,96.5487393049626,12800
2014-11-19,96.38108825683594,96.62892683456018,96.28632186772317,96.28632186772317,17100
2014-11-20,96.57788848876953,96.7892775603178,96.497704125876,96.7892775603178,14200
2014-11-21,96.90587615966797,96.92045816293383,96.62158827143602,96.62158827143602,33400
2014-11-24,97.00069427490234,97.02256173006906,96.67995676870329,96.67995676870329,34100
2014-11-25,97.40156555175781,97.4890464597785,97.02252240064156,97.02980784180541,10000
2014-11-26,97.66404724121094,97.78068110979827,97.5547099411715,97.62031232119516,26300
2014-11-28,97.49635314941406,98.64080166178191,97.49635314941406,98.64080166178191,92400
2014-12-01,97.87612915039062,98.46033569167017,97.78119238387396,98.40921246575721,110000
2014-12-02,97.17503356933594,97.51824315160371,97.17503356933594,97.51824315160371,34200
2014-12-03,97.31378936767578,97.37952079436802,97.05820677163577,97.16044203861344,11900
2014-12-04,97.81036376953125,97.83956906887191,97.18964251616592,97.39411303997402,18800
2014-12-05,97.416015625,97.57667262150754,97.1239180728812,97.56207554386675,16200
2014-12-08,97.86152648925781,98.13172857637217,97.3576596008408,97.3576596008408,13000
2014-12-09,98.32154083251953,98.62824662058205,98.25582055139354,98.53330989708368,67100
2014-12-10,98.88384246826172,98.92765598995152,98.30693471852436,98.30693471852436,9300
2014-12-11,98.84000396728516,98.90572423321073,98.43836154862,98.65744024451057,40300
2014-12-12,99.68714141845703,99.76746994267863,99.26359203099868,99.40965199708229,21300
2014-12-15,99.49728393554688,99.78208305486093,99.26359689261662,99.3877500984305,236900
2014-12-16,100.1398696899414,100.24940348060281,99.7528354391954,100.1106532505605,39000
2014-12-17,99.40963745117188,100.16909790674973,99.15404369073576,100.03034764495922,79100
2014-12-18,98.62821960449219,98.78887656510965,98.44565588950007,98.76696981073498,59000
2014-12-19,99.1102294921875,99.16134155824244,98.7231951555073,98.84003865336037,73700
2014-12-22,99.19062805175781,99.19792659697434,98.77437697525644,98.78898520850662,219000
2014-12-23,97.95645904541016,98.86197975407197,97.95645904541016,98.86197975407197,36200
2014-12-24,98.26958465576172,98.26958465576172,97.67702809676383,97.88186218721691,7900
2014-12-26,98.40119171142578,98.45240578036474,98.15977787774159,98.32072043353105,6100
2014-12-29,98.81816864013672,99.00105686803985,98.5621206560277,98.57675483979118,28700
2014-12-30,98.96448516845703,99.26442456603223,98.8620681988719,99.13273922650136,64700
2014-12-31,98.88404846191406,99.27177077963759,98.78894297026311,99.11082817651277,36700
2015-01-02,99.6814193725586,100.03257289054298,99.1839686326687,99.49853110125538,162400
2015-01-05,100.56658935546875,100.73484341584225,99.98865624847097,100.00329043364643,30700
2015-01-06,101.49569702148438,101.97851365957649,100.95434362408874,101.22501474147846,115300
2015-01-07,101.39330291748047,101.53961136093426,100.84463788256471,101.21041457250855,57800
2015-01-08,100.6543960571289,100.94702401710423,100.53003336012011,100.94702401710423,49200
2015-01-09,101.18107604980469,101.32007288165286,100.51536025653759,100.58120849867318,22700
2015-01-12,101.56155395507812,101.67860517129944,101.21041146903258,101.31282849257163,43800
2015-01-13,101.59810638427734,101.83219759080548,101.1884384008916,101.34936982640856,18400
2015-01-14,102.13208770751953,102.90022038645702,102.08819632517053,102.50517562009605,34600
2015-01-15,103.07582092285156,103.13434650673024,102.02970541288137,102.25648507377764,49500
2015-01-16,102.26385498046875,103.0173653265424,102.1907063308114,102.83447695846883,22200
2015-01-20,102.73198699951172,103.03192642187442,102.46863862391139,102.59300129992712,101100
2015-01-21,102.08828735351562,102.8929894601937,101.89076479421159,102.74668100103587,110200
2015-01-22,101.83953094482422,102.47597868841761,101.61274006495563,102.4028188997353,31300
2015-01-23,102.66619873046875,102.73203585567892,102.28579900973081,102.28579900973081,24900
2015-01-26,102.33698272705078,102.75397343365867,102.23456571952515,102.54181674210203,12700
2015-01-27,102.49790954589844,103.09777730826113,102.3223327760627,102.98073729098553,27100
2015-01-28,103.25144958496094,103.52944345749479,102.39553342031759,102.51989616260396,23200
2015-01-29,102.78316497802734,103.15625287506653,102.65880234568095,103.15625287506653,23300
2015-01-30,103.77815246582031,103.85862377600839,103.2075417799839,103.60257565378696,38900
2015-02-02,103.33847045898438,103.7268498487045,103.17725510685146,103.33847045898438,146800
2015-02-03,102.51775360107422,102.95743394820039,102.34189040745233,102.95743394820039,66300
2015-02-04,102.81088256835938,102.86217227515257,102.03412360792566,102.08541331471886,17000
2015-02-05,102.26860046386719,102.51774742751854,102.21731076266134,102.5030996166226,90000
2015-02-06,101.46251678466797,101.6970047142888,101.07412623412773,101.63105603235167,64200
2015-02-09,101.20608520507812,101.66774857172616,101.20608520507812,101.66774857172616,25500
2015-02-10,100.86896514892578,101.1694130017266,100.70042586774728,100.93492502550457,35100
2015-02-11,100.82493591308594,101.00813407173965,100.50984044733512,100.75898725953739,39600
2015-02-12,100.77369689941406,101.13275831468823,100.64912343069304,100.64912343069304,12500
2015-02-13,100.29003143310547,100.9861824149531,100.15079900042961,100.8176431877026,111400
2015-02-17,99.35208129882812,100.3047144832406,99.06629246165782,100.09953332740214,67300
2015-02-18,99.72581481933594,99.98229688858497,99.22752085586858,99.57193452301519,28700
2015-02-19,99.44001770019531,99.87969801630155,99.33742711730851,99.70382365355206,38200
2015-02-20,99.35208129882812,100.25341360351379,99.22750782432152,99.86503418842426,34400
2015-02-23,99.92365264892578,100.07754409683191,99.7184715060734,99.82106207749959,12000
2015-02-24,100.70771026611328,100.7443521428303,99.80637824283514,99.87232691200725,44500
2015-02-25,100.92758178710938,100.99354165836101,100.51721947571164,100.64912803668055,30200
2015-02-26,100.56120300292969,101.12545687137552,100.56120300292969,100.8982927790436,95800
2015-02-27,100.78833770751953,100.88360436937892,100.3779754434069,100.76635481348015,100200
2015-03-02,99.9156265258789,100.82574477100938,99.88626136985985,100.73033601276137,223100
2015-03-03,99.72477722167969,100.10644581731599,99.65138673759257,100.03304413370437,124900
2015-03-04,99.84228515625,100.23863660528866,99.67347460549104,99.98174173278092,33800
2015-03-05,99.79817199707031,99.95229984265137,99.6146790002675,99.84954421242276,8600
2015-03-06,98.55778503417969,99.093581598409,98.3889745659071,99.093581598409,107100
2015-03-09,99.07162475585938,99.0936430393066,98.49912698716399,99.07897165003098,57500
2015-03-10,99.66609191894531,99.90830411758658,99.42389091983236,99.5633362467516,78100
2015-03-11,100.01842498779297,100.01842498779297,99.53400050184102,99.53400050184102,32300
2015-03-12,99.8789291381836,100.46610908411019,99.81287433414242,100.41472565906086,40700
2015-03-13,99.8789291381836,100.14315955387427,99.76882659858902,99.76882659858902,11900
2015-03-16,100.28267669677734,100.44415155954698,100.0698183778843,100.28267669677734,38000
2015-03-17,100.59822845458984,100.67896584498385,100.40739971344355,100.48079021410273,58000
2015-03-18,101.80195617675781,101.80195617675781,100.6276072117838,101.02394732757449,74300
2015-03-19,101.33216094970703,101.75786600500818,101.2734418524735,101.53033650292988,20900
2015-03-20,101.88265991210938,101.88265991210938,101.55237472483464,101.55971041360968,11100
2015-03-23,101.80195617675781,102.19830749207706,101.61112740982577,101.91939443311378,16200
2015-03-24,102.41114807128906,102.48454977676296,101.89003404081905,102.03682625223901,21700
2015-03-25,101.89739227294922,102.36713417312448,101.8753739963418,102.36713417312448,8500
2015-03-26,101.05325317382812,101.63309728877861,100.98719838590411,101.63309728877861,30400
2015-03-27,101.69922637939453,101.74326293685085,101.30288616275624,101.30288616275624,12600
2015-03-30,101.53770446777344,101.82395315808,101.36889400926604,101.82395315808,31900
2015-03-31,101.70654296875,102.07352910425182,101.42762992191962,101.53038559187901,73700
2015-04-01,102.51529693603516,102.66970346089755,102.20649510526881,102.49324046376316,74600
2015-04-02,101.99327850341797,102.4858917476559,101.90505261458682,102.4858917476559,24900
2015-04-06,101.92711639404297,102.57412499012004,101.81682280613857,102.50795556875293,10600
2015-04-07,102.19916534423828,102.29475088750529,101.84625050450236,102.00800547666476,39700
2015-04-08,102.19916534423828,102.25063793490835,101.81683439013077,102.2138734014241,37500
2015-04-09,101.61824798583984,102.10350131033485,101.46384155148789,102.02998351884257,63500
2015-04-10,101.64034271240234,102.18441720630437,101.41976681697577,101.83150250499548,80000
2015-04-13,101.69923400878906,102.0447893138109,101.49335480348871,101.59628879665696,30100
2015-04-14,102.09626770019531,102.515352117906,102.05215473190623,102.36830515062093,13000
2015-04-15,102.16979217529297,102.3388956190792,101.94921612485305,102.23596162473575,27300
2015-04-16,102.00798797607422,102.30208175557239,101.75799592264637,102.30208175557239,43900
2015-04-17,102.4859390258789,102.63298598141849,101.87568350237429,101.9271561072431,21900
2015-04-20,102.0521240234375,102.38298240501156,101.9859545909149,102.36827434701951,43500
2015-04-21,101.87567138671875,102.09624740327769,101.78008582845202,102.08153934378383,12700
2015-04-22,101.08893585205078,101.77270897146929,101.03746326768555,101.77270897146929,32300
2015-04-23,101.50067138671875,101.6477182833006,101.11834048043866,101.19186953820912,16000
2015-04-24,101.84626770019531,101.94920167995431,101.62569168100819,101.80215474015037,8100
2015-04-27,101.84626770019531,102.03742760004421,101.53010612160256,101.73597408112057,12300
2015-04-28,101.12568664550781,101.6844805466114,101.10363017245992,101.4712530152033,11400
2015-04-29,100.51546478271484,100.68456818638897,100.2875291459838,100.55221809993348,15400
2015-04-30,100.58895111083984,100.70659310216129,100.0081120094966,100.1404508355149,8700
2015-05-01,99.85169982910156,100.30097379040411,99.75594702366087,100.18313715131423,131700
2015-05-04,99.49076843261719,100.06526263514029,99.49076843261719,99.9105859320352,55200
2015-05-05,99.40239715576172,99.56442391085247,98.98992965638004,99.51287249754864,35000
2015-05-06,98.6216812133789,99.08570020925458,98.55539599642302,99.08570020925458,82100
2015-05-07,99.27718353271484,99.38767012060313,98.83527089693467,98.96048003900194,397700
2015-05-08,99.61601257324219,100.04320273734457,99.49080340699386,99.84433583161223,127400
2015-05-11,98.4080810546875,99.51287950471156,98.3712521919685,99.51287950471156,135300
2015-05-12,98.4670181274414,99.0120449094872,98.09137941160715,98.15030335210257,100500
2015-05-13,98.19451904296875,98.89422267558311,98.09876622088882,98.85739380258359,150600
2015-05-14,98.55538940429688,98.7763513512958,98.11347674889049,98.40072390841166,25900
2015-05-15,99.5423812866211,99.63077284521013,99.05627828806396,99.05627828806396,62500
2015-05-18,98.65848541259766,99.07094164420892,98.61429527900921,99.0488465774147,20200
2015-05-19,98.19451904296875,98.63643180318059,98.01774719572752,98.01774719572752,53700
2015-05-20,98.41545867919922,98.62168685837217,98.23132557360958,98.34917345844923,27900
2015-05-21,99.13724517822266,99.20353038334919,98.71741640190746,98.74688398546829,48800
2015-05-22,99.03414154052734,99.16671196473915,98.75425566018058,98.98994016053202,16300
2015-05-26,99.74117279052734,99.83692555714633,99.03410828828949,99.03410828828949,42200
2015-05-27,99.94744873046875,99.94744873046874,99.3950494067131,99.6086501055107,25600
2015-05-28,99.80750274658203,100.02110343890854,99.69702738061498,99.7191224538084,17200
2015-05-29,100.0726318359375,100.3009550321254,99.88113749946153,99.88113749946153,28800
2015-06-01,99.45655059814453,99.95092872483114,99.22781486546938,99.93616831207582,60400
2015-06-02,98.65227508544922,99.07286237515063,98.54160014547264,99.07286237515063,40700
2015-06-03,97.5897445678711,98.10625761275134,97.49383004547735,98.09887177794792,123200
2015-06-04,98.2760009765625,98.46784135451392,97.92182979461417,97.92182979461417,388900
2015-06-05,97.52334594726562,97.90703783846503,97.50858553559385,97.51597137087737,81000
2015-06-08,97.72254943847656,97.93652469307139,97.59711411559095,97.87749431896769,288000
2015-06-09,97.38313293457031,97.55284949149643,97.13963685014404,97.46429829604573,68600
2015-06-10,96.94046020507812,97.22822637121537,96.80026441100398,97.04376059141207,82100
2015-06-11,97.93656158447266,97.97345698954706,97.24296850110275,97.30938473379543,57600
2015-06-12,97.91439056396484,98.43827810189556,97.74468527374478,97.77419483160763,41400
2015-06-15,98.09889221191406,98.4383141756316,97.98083141941258,98.43092833928972,19500
2015-06-16,98.57852172851562,98.60065672239021,98.18006932097667,98.32763969977331,25100
2015-06-17,98.42350769042969,98.6301083511504,97.78157072739687,98.4308822644227,33900
2015-06-18,98.28335571289062,98.3350115305058,97.93655917972099,98.29811612633733,42100
2015-06-19,98.99903869628906,99.11709943231716,98.75554265031542,98.75554265031542,46800
2015-06-22,97.95130920410156,98.52684141961743,97.92179963923465,98.25383572374066,18100
2015-06-23,97.6192626953125,98.04722452300301,97.44955738293505,97.44955738293505,37000
2015-06-24,97.99555969238281,98.13575543013448,97.70779364185317,97.92178016544041,6500
2015-06-25,97.62667083740234,97.91443701337204,97.5676404347806,97.72259664902494,11200
2015-06-26,97.03632354736328,97.33147539463222,96.88137867907736,97.26507045108112,7300
2015-06-29,98.43091583251953,98.63014198718972,97.65616872004907,97.86276945122724,18600
2015-06-30,98.07677459716797,98.61541157740434,97.91444379344213,97.91444379344213,30400
2015-07-01,97.44396209716797,97.73225737581524,97.38482315800965,97.49570161918194,46600
2015-07-02,97.72492980957031,97.97626202608224,97.69536595805438,97.84320777484919,29900
2015-07-06,98.75982666015625,98.91505659096599,98.33107757572019,98.65633627974792,92700
2015-07-07,99.30680847167969,99.85383531238914,99.20331812663754,99.66164218005419,56100
2015-07-08,99.69856262207031,100.00164542226298,99.30677706264001,99.58029603628616,26500
2015-07-09,98.82635498046875,99.31424304246963,98.81156741748536,99.07029901146919,17400
2015-07-10,97.82095336914062,98.33840495143532,97.71006363604985,97.99837017432675,41100
2015-07-13,97.62879180908203,97.92447530025433,97.42919924875953,97.42919924875953,20300
2015-07-14,97.79142761230469,97.90970554211779,97.6731609620958,97.82100273456008,38700
2015-07-15,98.4271011352539,98.53059144479543,97.8061592780047,97.8061592780047,40300
2015-07-16,98.65630340576172,98.69325538104734,98.234942603329,98.2497301612043,32500
2015-07-17,98.77457427978516,98.86328835125212,98.63412067293116,98.63412067293116,7200
2015-07-20,98.66368865966797,98.76717900256514,98.47149553131648,98.58237401313438,49100
2015-07-21,99.03327178955078,99.0924107236876,98.47146883464853,98.47146883464853,37400
2015-07-22,99.29199981689453,99.49898043948762,99.07761977803871,99.07761977803871,12300
2015-07-23,99.90560150146484,99.91300092211462,99.28465926553498,99.35118637375504,11400
2015-07-24,99.99427032470703,100.08297309551143,99.85381675120036,100.08297309551143,22900
2015-07-27,100.3269271850586,100.40824182642163,100.10515895592296,100.23082498719299,88400
2015-07-28,99.89814758300781,100.06816495193581,99.82422110281449,99.97946219938159,14600
2015-07-29,99.63945007324219,99.779903665625,99.53595973352871,99.77251552693156,23100
2015-07-30,99.86122131347656,100.00906304899989,99.64685248890795,99.6985920205205,8700
2015-07-31,100.52655029296875,100.7926699929479,100.37130910147918,100.37130910147918,14600
2015-08-03,100.98042297363281,101.21739080855993,100.57312214820969,100.57312214820969,60700
2015-08-04,100.32137298583984,101.00267127048876,100.32137298583984,100.84715225017757,36200
2015-08-05,99.87708282470703,100.22513912000898,99.78081986841597,100.09924810040118,15100
2015-08-06,100.47692108154297,100.68428362521375,100.03260183029347,100.03260183029347,51600
2015-08-07,100.93607330322266,101.09158109800067,100.6102323811024,100.66947721237847,16700
2015-08-10,100.34363555908203,102.00985828976789,100.23995993005342,100.67687784525998,38800
2015-08-11,101.17295837402344,101.47658364793892,101.03225342758519,101.03225342758519,19400
2015-08-12,101.01751708984375,101.77286314111485,101.01751708984375,101.29891586785297,41800
2015-08-13,100.75834655761719,101.09158887184941,100.7139157556925,100.81019002639403,34600
2015-08-14,100.66944122314453,100.95825260999291,100.46949140154422,100.7064706419286,21100
2015-08-17,100.86199188232422,101.21004812585892,100.8397764880385,101.13600057817101,22400
2015-08-18,100.53616333007812,100.89903364745204,100.44730174206614,100.6472516148881,43000
2015-08-19,101.18782806396484,101.20264209273653,100.19550283233072,100.19550283233072,29700
2015-08-20,101.56548309326172,101.62472789808137,101.29148575828802,101.29148575828802,17700
2015-08-21,101.89874267578125,101.93576079370794,101.54327382543396,101.78025305899882,100200
2015-08-24,101.8839340209961,116.45781865995092,101.83950323730784,102.90588724499572,289600
2015-08-25,101.09892272949219,101.39513537794944,100.81011144232048,101.23221503136148,42500
2015-08-26,100.07697296142578,100.95822087241079,100.02514083125591,100.62497880769752,35100
2015-08-27,100.18807983398438,101.5877059640249,100.01035670622808,100.15106171556312,236700
2015-08-28,100.22510528564453,100.86197283441416,100.22510528564453,100.79532666414318,196900
2015-08-31,99.98816680908203,100.7212974975858,99.89189255713919,100.71389613197282,104500
2015-09-01,100.48516082763672,100.56676003385604,99.9213803777308,100.29970911523593,128600
2015-09-02,100.19584655761719,100.49997873294816,100.06972944505112,100.14391465019904,30900
2015-09-03,100.44805145263672,100.47771874127555,100.06972277828943,100.46287943741996,27600
2015-09-04,100.85607147216797,101.03409788460914,100.47774270758038,100.80413955582259,44700
2015-09-08,100.1587905883789,100.39616295734018,100.10685866196651,100.39616295734018,60800
2015-09-09,100.34419250488281,100.50739087957258,99.48369404180433,99.56529322914922,80300
2015-09-10,100.04011535644531,100.21072783613064,99.90658417998092,100.07720797874538,53600
2015-09-11,100.32195281982422,100.50740451448733,100.18100772082855,100.36645941549166,20300
2015-09-14,100.42581939697266,100.61127111763831,100.24778167026672,100.41098008997848,33800
2015-09-15,99.40953063964844,100.06973827505739,99.38727733995509,100.05491028797789,8500
2015-09-16,99.32054901123047,99.54309339797676,99.16476454478475,99.3576416288678,48500
2015-09-17,100.21807098388672,100.6260555374461,98.79379242505924,99.18696031618911,159300
2015-09-18,100.90057373046875,100.92282703106567,100.38872517859063,100.6186834974751,146200
2015-09-21,100.099365234375,100.44058986631134,100.03260536974419,100.34416272375626,69500
2015-09-22,100.84864807128906,101.03409980048197,100.57418313418763,100.72995624802753,31100
2015-09-23,100.76707458496094,100.90801974618492,100.59646211988473,100.61130143134993,7300
2015-09-24,101.0711898803711,101.545945842459,101.0711898803711,101.27148091222732,20100
2015-09-25,100.84864807128906,100.87832668664207,100.6186897381419,100.72995624802753,104000
2015-09-28,101.64231872558594,101.64231872558594,100.974686156882,100.974686156882,129800
2015-09-29,101.95391082763672,102.03551001433311,101.61267477806867,101.70169927569206,112800
2015-09-30,101.82041931152344,101.93911114176785,101.56820766156098,101.56820766156098,57900
2015-10-01,101.98088836669922,102.32270077818512,101.97345026738472,102.09977323150481,253000
2015-10-02,102.54569244384766,103.37051694530848,102.38221289663393,103.01383945073906,41000
2015-10-05,101.83228302001953,102.28556496572138,101.83228302001953,102.28556496572138,19800
2015-10-06,102.08495330810547,102.13696332759427,101.60937967666464,101.79515080361136,27200
2015-10-07,101.7356948852539,101.92889276058654,101.60937188924,101.80256976457264,59100
2015-10-08,101.39386749267578,101.94375404889307,101.26754450109244,101.86944107098829,35800
2015-10-09,101.46073150634766,101.5944925845409,101.27496042004454,101.27496042004454,25900
2015-10-12,101.87684631347656,101.92885631038028,101.56474097779493,101.56474097779493,12900
2015-10-13,102.01805877685547,102.1295282470874,101.67624628070939,101.78770441237249,21000
2015-10-14,102.6570816040039,102.69423808313192,102.1517897712724,102.23352948992785,34700
2015-10-15,102.22618865966797,102.50855319354918,102.18159404408934,102.50855319354918,43100
2015-10-16,102.23358154296875,102.61998871322456,102.18156017798933,102.33761293435632,10300
2015-10-19,102.1518325805664,102.24843719907076,101.83973843451803,102.24843719907076,42900
2015-10-20,101.66878509521484,101.78024318914059,101.64648213786471,101.66878509521484,9700
2015-10-21,102.12207794189453,102.24841226077366,101.89916170520779,101.89916170520779,33900
2015-10-22,102.14440155029297,102.3375994406612,102.01064044267669,102.18898480664181,5700
2015-10-23,101.52761840820312,101.62421166351479,101.460732199366,101.62421166351479,67400
2015-10-26,101.83972930908203,101.92146905466822,101.7208330721259,101.75798956349584,86200
2015-10-27,102.05525207519531,102.23359648874857,102.04782530992877,102.09240857867385,13900
2015-10-28,101.58709716796875,102.05523273967148,101.49791930880141,102.00322271551374,17200
2015-10-29,100.85884094238281,101.30469611120209,100.76967444404613,101.23038313687623,30600
2015-10-30,101.02976989746094,101.17838452428738,100.89600879631868,100.97032177901652,42800
2015-11-02,100.74765014648438,100.89652869766715,100.64343402478589,100.72531893174222,71400
2015-11-03,100.42752075195312,100.62106165345703,100.29352215960373,100.5763992422408,61900
2015-11-04,100.3233413696289,100.86675316936599,100.15957156279775,100.46477996268352,19500
2015-11-05,100.1595230102539,100.33073268578136,99.93619962204019,100.24140787397562,44300
2015-11-06,99.31837463378906,99.45981320308829,99.22904979368553,99.4374819930624,18500
2015-11-09,99.12484741210938,99.3630508049186,98.90896387371197,98.90896387371197,34300
2015-11-10,99.3034896850586,99.71291415939076,99.13971989532573,99.3034896850586,293700
2015-11-11,99.32581329345703,99.54169679917236,99.07271867731745,99.16205487496299,32300
2015-11-12,99.50448608398438,99.73524951764713,99.32582502629184,99.48959482283396,75300
2015-11-13,99.85433959960938,100.00321810922269,99.6607986729823,99.75012350700983,32800
2015-11-16,99.92881774902344,100.1297986923893,99.78737914233237,100.02558256514946,127900
2015-11-17,99.99580383300781,100.03302630964349,99.51193435415432,99.69803537862755,7300
2015-11-18,99.97346496582031,100.29355325123315,99.73525022055139,99.8469176419103,24500
2015-11-19,100.27117156982422,100.39027888250912,100.21906921971116,100.24140042100225,14000
2015-11-20,100.10747528076172,100.40524378087935,100.08514406309125,100.30846759850276,7500
2015-11-23,100.25630187988281,100.37540921818614,100.07765223112878,100.09254348809193,36500
2015-11-24,100.37544250488281,100.47221866918498,100.30100891278515,100.35311129138304,24500
2015-11-25,100.42008972167969,100.53175713096951,100.37542730144497,100.4200897216797,42300
2015-11-27,100.48709869384766,100.635977220099,100.47220743361149,100.54665237608889,12700
2015-11-30,100.62850189208984,100.6657243544441,100.52428581271842,100.5987307374269,12900
2015-12-01,101.29520416259766,101.3697782125551,100.67627595883884,100.76576709446827,218800
2015-12-02,101.16841888427734,101.2355286899282,100.95217238438,101.0938562263543,26900
2015-12-03,99.78890991210938,100.48985365109353,99.53536496566548,100.48985365109353,17700
2015-12-04,100.23623657226562,100.3630032506719,99.863389384579,99.9006763790263,42500
2015-12-07,100.69862365722656,100.92979860967492,100.29595346023906,100.29595346023906,19600
2015-12-08,100.7657470703125,101.03419766704934,100.64643316545163,101.03419766704934,22900
2015-12-09,100.86264038085938,101.04161116845033,100.42268332872688,100.58673703941963,42100
2015-12-10,100.75828552246094,101.01928327399315,100.75828552246094,101.01928327399315,18300
2015-12-11,101.75001525878906,101.86932911313284,101.25040129441935,101.3547980723713,26900
2015-12-14,100.9596176147461,102.26458350308566,100.85522079881491,102.26458350308566,79800
2015-12-15,100.44506072998047,100.65385430851042,100.32574686270718,100.46743065779464,35800
2015-12-16,100.29593658447266,100.5047301890235,100.10206005978918,100.2810195046053,27900
2015-12-17,100.8775634765625,101.00433019177115,100.48234625314838,100.48234625314838,20300
2015-12-18,101.21315002441406,101.69785846190636,101.07146619466091,101.08638327631898,39100
2015-12-21,101.2877197265625,101.50396619856755,101.1460359028631,101.27280264554179,19300
2015-12-22,100.7955093383789,101.07887684768585,100.76568656926979,101.06395977393458,19200
2015-12-23,100.46747589111328,100.56441987421935,100.31088632591307,100.4823929758377,11800
2015-12-24,100.81779479980469,100.81779479980469,100.67584868952427,100.69826003330931,13400
2015-12-28,100.8402328491211,101.10171379514492,100.68335340107942,100.7281761005199,20300
2015-12-29,100.13798522949219,100.70576984972837,100.02592847521734,100.64600244762633,47500
2015-12-30,100.13798522949219,100.25752003369627,99.9661610731153,99.97363912304453,12100
2015-12-31,100.26498413085938,100.5862210480552,100.19773868818591,100.47416430937403,29000
2016-01-04,100.75811004638672,101.19141538068095,100.6908759598942,100.95235705110571,59900
2016-01-05,100.62359619140625,100.88506576444138,100.52647273313971,100.54141743428848,25300
2016-01-06,101.46780395507812,101.49768196051185,101.11667754402507,101.32585778046503,54600
2016-01-07,101.7143325805664,101.78157804432857,101.1316145577499,101.60974245850879,168000
2016-01-08,101.98326110839844,102.07291791010846,101.42295454544221,101.60225674939603,36400
2016-01-11,101.47525787353516,101.82638424052915,101.3930791195692,101.535025276371,34300
2016-01-12,102.1625747680664,102.4987564636437,101.497678028114,101.52008938118799,120900
2016-01-13,102.58097076416016,102.75279499707881,101.88619577922515,101.99078592962842,92800
2016-01-14,102.19239807128906,102.65559238563917,101.90851728448374,102.57341366853362,68100
2016-01-15,102.95446014404297,103.25329714689786,102.70792389148744,103.00676089434235,137300
2016-01-19,102.73786163330078,103.09645480599136,102.59591541508725,102.80509571577937,136100
2016-01-20,103.32052612304688,103.8733546021101,103.27570342468667,103.35788217150221,676900
2016-01-21,103.06657409667969,103.73893770282933,102.96198394906816,103.64181420880752,82200
2016-01-22,102.7527847290039,102.87979762702469,102.46142566774802,102.65567264156547,99000
2016-01-25,103.08148956298828,103.16366833613644,102.88725400803317,102.93207672075596,33000
2016-01-26,103.2234115600586,103.35041301616371,102.95446394728701,103.1860555083885,82900
2016-01-27,103.14868927001953,103.327980041369,102.76767358197371,103.12626652413675,67600
2016-01-28,103.36534118652344,103.46246462544039,103.07398226923726,103.08144891859062,152900
2016-01-29,103.97797393798828,104.11992012235628,103.70155962072558,103.85097245709815,53100
2016-02-01,103.806640625,103.9113971072066,103.60461760634455,103.89644005089154,294800
2016-02-02,104.76435852050781,104.7643585205078,104.28547038294158,104.4201637372288,115000
2016-02-03,104.45011901855469,105.15348866866165,104.42767202270846,104.59976946339515,116000
2016-02-04,104.75691223144531,104.76439075769824,104.35285487943828,104.50250532767802,69900
2016-02-05,104.80181884765625,104.95146931392156,104.35286744886032,104.39776144698004,159200
2016-02-08,105.96162414550781,106.0439336100909,105.30314842884312,105.37050083993698,299400
2016-02-09,105.88680267333984,106.38813803239947,105.77456767414705,106.38813803239947,254000
2016-02-10,106.35820007324219,106.43303100902334,105.6548303802513,105.75210831324725,173300
2016-02-11,106.9268569946289,108.13156176983718,106.54524669351164,108.13156176983718,268300
2016-02-12,106.1636734008789,106.6425617843091,105.8044985501065,106.6425617843091,305800
2016-02-16,105.550048828125,105.87180807437427,105.33305743410182,105.63983679563873,125500
2016-02-17,105.15351104736328,105.7221874258212,104.77937914684107,105.16847952031203,70900
2016-02-18,105.75212860107422,105.92422608526928,105.17596225429948,105.18345219987316,149000
2016-02-19,105.80445861816406,106.20103737581837,105.69222365565639,105.90921505570303,68000
2016-02-22,105.75212860107422,105.86436360867971,105.63240364789506,105.84191660715861,118500
2016-02-23,105.9690170288086,106.11118884524053,105.28810628221751,105.53502305881223,99400
2016-02-24,105.8418960571289,106.88947206765155,105.83441753060721,106.44050928919931,61400
2016-02-25,106.23104095458984,106.53783193470235,105.99908094149102,106.32082898092422,85500
2016-02-26,105.66226959228516,105.9540918335613,105.4752037602468,105.75205753803404,76400
2016-02-29,105.90921783447266,105.93167624515881,105.64733244255179,105.93167624515881,36700
2016-03-01,104.86237335205078,105.85149367770455,104.69751805877652,105.85149367770455,92100
2016-03-02,104.86237335205078,105.41687621670803,104.47271434667601,105.41687621670803,71400
2016-03-03,105.01974487304688,105.2595385870001,104.83241032176852,104.87738021862995,51900
2016-03-04,104.55519104003906,104.99729797303382,104.28542874577161,104.99729797303382,68800
2016-03-07,104.41277313232422,104.50270148376454,104.24042856255184,104.50270148376454,109600
2016-03-08,105.3045425415039,105.65673256477304,105.14718785348917,105.28955256940775,56000
2016-03-09,104.72752380371094,105.03475527173356,104.58515912159893,104.87740062108499,211300
2016-03-10,104.43524932861328,104.99725291432483,104.05309100656663,104.99725291432483,91300
2016-03-11,103.88826751708984,104.5701681540413,103.80583984191993,104.53269895005576,41000
2016-03-14,104.00068664550781,104.30791817839389,103.978207404955,104.0681358011645,17300
2016-03-15,104.01565551757812,104.47275237276001,103.9332278409389,104.36035619279559,74100
2016-03-16,104.54768371582031,104.57765221711999,103.78335544173439,104.11306612600656,67600
2016-03-17,104.77249145507812,104.9748045729877,104.6825630797894,104.74251151865002,122300
2016-03-18,104.9748306274414,105.22960298033614,104.89990363576564,104.9073929047337,48100
2016-03-21,104.46526336669922,105.22209099300974,104.420304894601,105.22209099300974,173800
2016-03-22,104.32289123535156,105.19961577675525,104.27793276153542,105.11718809676022,81500
2016-03-23,105.01224517822266,105.17710048169494,104.44275231513184,104.47272080940294,59100
2016-03-24,104.83993530273438,105.64172142222448,104.5401930908719,105.64172142222448,92200
2016-03-28,105.06475067138672,105.36448148225509,104.63013299182931,104.63013299182931,18900
2016-03-29,105.993896484375,106.04635565182981,105.2895166779482,105.2895166779482,93600
2016-03-30,105.34945678710938,106.07631576958141,105.17711219936672,106.06882650367739,35200
2016-03-31,106.0463638305664,106.14377003850326,105.48436008217901,105.55179778782657,276600
2016-04-01,106.09739685058594,106.48765717148044,105.76717745995494,106.27001881945719,200000
2016-04-04,106.1574478149414,106.2625165899246,105.92479634545275,106.08990605637456,235200
2016-04-05,106.87040710449219,106.96047422729488,106.60774091304583,106.7353235977432,137200
2016-04-06,106.38257598876953,106.7202961618989,106.27000641493814,106.7202961618989,41300
2016-04-07,107.2081069946289,107.29066181927132,106.6677502245391,106.90040160717685,33900
2016-04-08,106.81790161132812,106.9830113453625,106.66780497628937,106.8929442030279,107900
2016-04-11,106.84793090820312,106.94549888750274,106.39012866542609,106.54773759724539,32000
2016-04-12,106.36006164550781,106.69028099626311,106.22496670581921,106.57019915023662,40400
2016-04-13,106.50269317626953,106.60776196392241,106.11993359496059,106.32257034673363,69200
2016-04-14,106.1574478149414,106.49516805941326,106.08240523374633,106.30004360634094,85900
2016-04-15,106.615234375,106.84038498900857,106.38258293945763,106.38258293945763,1215700
2016-04-18,106.37503814697266,106.55514940242038,106.19491543989372,106.55514940242038,21700
2016-04-19,106.2099838256836,106.36008043391358,105.98483318752005,106.33005424128528,18200
2016-04-20,105.48198699951172,106.47263362250638,105.47447472669351,106.37507714058825,97200
2016-04-21,105.2268295288086,105.27935818428729,104.92662488451514,105.07672148084373,110200
2016-04-22,105.11421203613281,105.25680776126129,104.93410076366088,105.25680776126129,53000
2016-04-25,104.78404998779297,105.03922684919459,104.76904834131645,104.86660484996791,142700
2016-04-26,104.45382690429688,104.84408728023797,104.40879906315716,104.80656026207551,31300
2016-04-27,105.19679260253906,105.24933270429194,104.76150450146473,104.95664036324965,34100
2016-04-28,105.61711883544922,105.69217288817391,105.06926089580902,105.09927564591452,85000
2016-04-29,105.64710235595703,105.69213018874443,105.15177329202366,105.37692390759665,58900
2016-05-02,105.14265441894531,105.5034868420144,105.0975532336345,105.39072240844608,316900
2016-05-03,105.87187194824219,106.08987640954736,105.7666319749456,105.82677074115747,175400
2016-05-04,106.21011352539062,106.27025227521241,105.79667825959305,106.06729689864427,135300
2016-05-05,106.6160888671875,106.66119007959858,105.96961139193303,106.22519257579457,70500
2016-05-06,106.25525665283203,106.67621655197603,106.19511788576904,106.67621655197603,122500
2016-05-09,106.54093170166016,106.65369622327444,106.24024925128919,106.57100682887739,84600
2016-05-10,106.45817565917969,107.57072526370169,106.26273333582513,107.57072526370169,103600
2016-05-11,106.84908294677734,107.02949920509229,106.25523140238548,106.25523140238548,97200
2016-05-12,106.49581909179688,106.6010590852017,106.30788971283832,106.43568031409426,44500
2016-05-13,107.07459259033203,107.08210563252001,106.57845651888287,106.65363282193641,71900
2016-05-16,106.51082611083984,106.68371787821968,106.35296043085252,106.64612971914691,23300
2016-05-17,106.54093170166016,106.72886110071707,106.50334352778873,106.53341865500596,27000
2016-05-18,105.45085906982422,106.202576064317,105.24037922898953,106.202576064317,51800
2016-05-19,105.72150421142578,105.85681926898661,105.42833496872025,105.42833496872025,24300
2016-05-20,105.78167724609375,105.81174089624307,105.44340669799999,105.44340669799999,17800
2016-05-23,105.92451477050781,105.96961598487367,105.63134540683109,105.69899722837988,17400
2016-05-24,105.5787353515625,105.75915170611057,105.42088107784576,105.5411471772441,30500
2016-05-25,105.47341918945312,105.75907534365685,105.47341918945312,105.59369667230649,14600
2016-05-26,105.95452880859375,106.08984385862676,105.60122083443785,105.60122083443785,69300
2016-05-27,105.64631652832031,106.0447371452765,105.64631652832031,105.83424580392735,32600
2016-05-31,105.95452880859375,106.06729326200349,105.38322791031497,105.43584214567154,22100
2016-06-01,106.05020141601562,106.3589274319102,105.96737276515654,106.29868736859292,27900
2016-06-02,106.56979370117188,106.63755948401358,106.38154775575333,106.38154775575333,1502100
2016-06-03,107.56367492675781,107.60885208890858,107.36789190461916,107.42813195069152,18200
2016-06-06,107.21729278564453,107.47330435290293,107.11940127891077,107.36036145252818,307800
2016-06-07,107.43568420410156,107.61640438698954,107.40556991842864,107.52605004035397,688100
2016-06-08,107.68415069580078,107.7218021633035,107.53355631540464,107.53355631540464,9500
2016-06-09,107.97782897949219,108.12843487073246,107.95524039372941,108.0757205108751,81200
2016-06-10,108.36934661865234,108.60276958492244,108.22627796458681,108.37687231479858,26600
2016-06-13,108.75338745117188,108.76092463856034,108.45972438339504,108.66303311942976,84700
2016-06-14,108.67806243896484,109.03949114391968,108.60275952602737,109.0244282634099,79200
2016-06-15,108.97178649902344,109.18262098589575,108.76095201215114,108.80612918939266,178000
2016-06-16,109.28047943115234,109.82262837308193,109.09975928730437,109.36330806088087,676300
2016-06-17,108.81358337402344,109.19007492308677,108.66298905232016,109.19007492308677,26200
2016-06-20,108.12089538574219,108.27902697233898,108.06819251662067,108.09078110190363,35100
2016-06-21,107.92511749267578,108.34678637940391,107.87994032475711,108.15854051999918,24800
2016-06-22,108.12089538574219,108.1660725563081,107.78205511688178,107.96277528876152,95800
2016-06-23,107.41304779052734,107.84977942083418,107.30763060318513,107.55611643540858,102000
2016-06-24,109.25785827636719,109.67952699668618,109.07713818639724,109.67952699668618,61900
2016-06-27,110.66597747802734,110.73374323035357,110.30454864267189,110.37231439499813,118900
2016-06-28,110.67353820800781,110.74884117194985,110.334697849507,110.53800666045515,1167700
2016-06-29,110.17657470703125,110.80154103431164,110.17657470703125,110.6584837901125,758500
2016-06-30,110.38735961914062,110.89938276316998,110.06357081602843,110.37229673560633,127100
2016-07-01,111.1656494140625,111.58795787837852,110.64530094658647,111.58795787837852,69400
2016-07-05,111.91219329833984,112.06302756852804,111.54267925468076,111.6030106613482,257100
2016-07-06,111.87454223632812,112.00274221306759,111.4974794199024,111.88207935012082,254800
2016-07-07,111.73876953125,111.94992374232862,110.94693548618443,110.94693548618443,146800
2016-07-08,112.0328598022461,112.17614545942143,111.58792860883605,111.7387513769534,204100
2016-07-11,111.3692398071289,111.87451397971886,111.3315427406428,111.64072542666693,28700
2016-07-12,110.44923400878906,110.7885882076233,110.34365689121745,110.72825678229056,239800
2016-07-13,111.01480865478516,111.15054570763346,110.8489001410545,111.15054570763346,131800
2016-07-14,110.2908935546875,110.32860214449147,110.01187070282097,110.185316407464,81800
2016-07-15,109.66495513916016,109.83086370952707,109.46888660465594,109.74790942434362,1077500
2016-07-18,109.52159881591797,109.98916426146687,109.38586180423547,109.86850146861315,703100
2016-07-19,109.98926544189453,110.07221974991246,109.76302537393218,109.84597968195011,94700
2016-07-20,109.61966705322266,109.67999846521384,109.42359859453147,109.67999846521384,22200
2016-07-21,109.79308319091797,109.83832886100267,109.03895800407405,109.12946085128058,28800
2016-07-22,109.84588623046875,110.04949176207421,109.52915500759995,109.61210924504451,14300
2016-07-25,109.73279571533203,109.97412139508977,109.65739007068906,109.90625286279857,24200
2016-07-26,109.83084106445312,109.92888106501356,109.31804123053585,109.92888106501356,39500
2016-07-27,110.44923400878906,110.49447970102793,109.99675407231487,109.99675407231487,38600
2016-07-28,110.53216552734375,110.61510827467949,110.20034850983915,110.25313130423828,32200
2016-07-29,111.11282348632812,111.12037210414185,110.59247516691262,110.59247516691262,22900
2016-08-01,110.53353881835938,110.71479501120332,110.00488932718284,110.00488932718284,26700
2016-08-02,110.11065673828125,110.3749758120713,109.61975870347362,109.80856298062304,165900
2016-08-03,110.14088439941406,110.2239587604455,109.7934909068834,110.2239587604455,17800
2016-08-04,110.45055389404297,110.75263626957074,110.39013511419662,110.39013511419662,29400
2016-08-05,109.66510009765625,110.22395347808428,109.62733693105152,110.22395347808428,25200
2016-08-08,109.67266082763672,109.78593881687421,109.3781265319174,109.52161966741946,43700
2016-08-09,110.26172637939453,110.29193000112458,109.85391410568023,109.87656970290317,66500
2016-08-10,110.49584197998047,110.66953873338278,110.21641526489395,110.42787518826238,39200
2016-08-11,109.90673828125,110.48825864652638,109.6952784254582,110.35231358283288,223400
2016-08-12,110.45809936523438,110.79795643447214,110.30705818096408,110.52607769330415,52100
2016-08-15,109.85386657714844,110.22391552082145,109.83119946603095,110.17860434597958,33400
2016-08-16,109.6273193359375,109.8538867755014,109.50648183167694,109.80856406862968,89800
2016-08-17,109.83880615234375,110.04271805034504,109.60469063271704,109.60469063271704,46400
2016-08-18,110.08802795410156,110.18619836600939,109.73307490473128,109.8690084860043,284600
2016-08-19,109.64241790771484,109.85388930689315,109.41586198662903,109.66508502352235,41800
2016-08-22,110.12578582763672,110.20884866306382,109.90676637007189,109.90676637007189,15300
2016-08-23,110.14849853515625,110.36750658257542,110.0352089737683,110.18625019857878,59500
2016-08-24,110.05025482177734,110.26171472263707,109.88410611057324,110.26171472263707,12000
2016-08-25,109.75567626953125,110.0351028421019,109.73302068384692,109.85385815662718,22300
2016-08-26,109.34036254882812,110.39011416153875,109.18932138973268,110.07292427032782,43400
2016-08-29,109.92942810058594,110.0125024643499,109.61223821813306,109.62734579073599,31200
2016-08-30,109.86143493652344,109.98227244093623,109.78590861534079,109.8840905281385,28500
2016-08-31,109.86898803710938,110.07289989476806,109.72549493444954,109.95206238477039,15200
2016-09-01,110.0436782836914,110.0739352255661,109.32523169933708,109.4689233241364,32000
2016-09-02,109.5369873046875,109.80168362536342,109.24961558641246,109.65799199640463,30800
2016-09-06,110.20252227783203,110.30839851806927,109.52189095339898,109.55969482947715,49700
2016-09-07,110.30839538574219,110.52014786020374,110.25545149730462,110.52014786020374,10100
2016-09-08,109.49162292480469,110.06637795083735,109.24962506002802,109.9605017213144,18900
2016-09-09,108.65973663330078,108.96980687421473,108.57655887756918,108.75049593530257,86000
2016-09-12,108.6295166015625,108.80345369992754,108.43289255730839,108.44800949480313,59700
2016-09-13,108.0849380493164,108.71263674536816,107.57824401411214,108.71263674536816,56500
2016-09-14,108.2891616821289,108.4933556608765,108.03203536201285,108.07740923736948,72900
2016-09-15,108.18327331542969,108.28914952592407,107.86564468394653,108.12277097519839,77000
2016-09-16,108.46306610107422,108.48575303193023,108.19838139454096,108.4252507031011,66700
2016-09-19,108.22109985351562,108.39503688729802,108.1605975070603,108.3723499498326,15800
2016-09-20,108.39501953125,108.65214580778245,108.30427179591874,108.4252649298135,74000
2016-09-21,108.76560974121094,108.78829667874085,108.08496699638538,108.2740325022298,24300
2016-09-22,109.10588073730469,109.287376163342,108.90924530624696,108.94706069988405,24200
2016-09-23,109.11347198486328,109.23447666500438,109.03784117486474,109.18910279486182,28700
2016-09-26,109.5066909790039,109.65038254114354,109.25712324575673,109.25712324575673,24200
2016-09-27,109.9227066040039,109.96051047926741,109.75632801012446,109.96051047926741,11300
2016-09-28,109.82440185546875,110.14203060699802,109.72608407297903,109.86221727486063,15200
2016-09-29,109.98329162597656,110.03623556012549,109.48416695645969,109.48416695645969,341400
2016-09-30,109.52188110351562,109.9605029595904,109.27987169637014,109.86975520173267,131900
2016-10-03,109.25983428955078,109.61575510965324,109.19925079303115,109.60818650575845,47400
2016-10-04,108.57073974609375,109.21442946214593,108.50258762701723,109.17656332206222,47800
2016-10-05,108.21478271484375,108.48740265529402,107.99517766384312,108.41168195551991,78600
2016-10-06,107.9270248413086,108.11634392214965,107.85886119031484,108.0330430643748,19800
2016-10-07,108.03307342529297,108.08607677416195,107.71501866671028,108.08607677416195,13800
2016-10-10,107.59383392333984,107.62411989554401,107.40451482048103,107.5332504238105,53700
2016-10-11,107.58625793457031,107.82858036093415,107.41965621108007,107.60139514207289,63800
2016-10-12,107.51813507080078,107.61658473251877,107.20766042752605,107.40454819583742,20100
2016-10-13,107.911865234375,108.03303220716485,107.85885035061,107.95729996039157,7500
2016-10-14,107.25303649902344,107.73011266798423,107.1697356512496,107.44992415961691,25900
2016-10-17,107.56355285644531,107.69986864002696,107.359096513757,107.359096513757,16800
2016-10-18,107.79837036132812,107.8135075794986,107.30613344770646,107.30613344770646,23400
2016-10-19,107.89675903320312,107.98764007620224,107.55598689854493,107.55598689854493,32500
2016-10-20,107.85135650634766,108.04067569939104,107.80592174883748,108.01795832063596,15000
2016-10-21,107.95734405517578,108.07094247173457,107.7756050768789,108.06336231089004,34100
2016-10-24,107.66961669921875,107.94981699045788,107.54846118543912,107.94981699045788,22300
2016-10-25,107.74532318115234,108.01794324328708,107.50300065654643,107.52571803213058,16400
2016-10-26,107.39695739746094,107.5938451250888,107.34394249668293,107.49539548371376,16100
2016-10-27,106.83655548095703,106.9122761875885,106.57150411994485,106.90470758346159,22100
2016-10-28,106.7760009765625,106.92745398607184,106.63211657323524,106.63211657323524,44000
2016-10-31,107.02593994140625,107.03350855015535,106.85933810790345,106.91992164327974,19000
2016-11-01,107.05471801757812,107.16088501747785,106.47079373246207,106.55421148747865,59300
2016-11-02,107.36565399169922,107.50974027590442,107.12297991907222,107.22914693301237,26100
2016-11-03,107.15325164794922,107.22907856879898,107.0091654556066,107.03191468899446,15200
2016-11-04,107.48696899414062,107.57796596705384,107.30496347697989,107.30496347697989,44700
2016-11-07,107.00159454345703,107.10776149795385,106.93333526666392,107.06225145631505,229100
2016-11-08,106.64521789550781,107.16088286427795,106.56937936653107,107.04713664214775,27600
2016-11-09,104.30951690673828,105.81860389613425,104.18817990690079,105.78827543184147,80900
2016-11-10,103.58908081054688,104.40807650095665,103.58908081054688,103.97582941831435,157300
2016-11-11,103.36914825439453,103.88482459700872,103.24023206157361,103.81656531853724,114000
2016-11-14,102.64871978759766,103.22505299401425,102.43638589200577,102.75488673539358,390900
2016-11-15,102.83836364746094,103.050697665281,102.71702661689629,102.89144136624789,46100
2016-11-16,103.03545379638672,103.13404150947804,102.603206845386,102.83071072180482,200500
2016-11-17,102.3150634765625,102.77007135827515,102.2088965136737,102.66390439538634,51400
2016-11-18,101.8752670288086,102.51985986141497,101.62501374925561,102.37577358791454,72500
2016-11-21,102.0951919555664,102.17101891921425,101.89801639314321,102.04210266681068,114400
2016-11-22,102.06483459472656,102.35300709316452,101.97383762525514,102.12550309815212,130100
2016-11-23,101.73116302490234,101.81458077021472,100.60124542270192,101.46575134169663,100900
2016-11-25,101.6477279663086,101.92073039798288,101.49606252011883,101.82973344453539,80300
2016-11-28,102.1710205078125,102.23927981889345,101.90560877391458,102.01177578174095,145900
2016-11-29,102.3530044555664,102.41367295742856,101.90558727208322,102.03450349929024,63900
2016-11-30,101.41267395019531,101.73876574603612,101.27617848077486,101.35200544000784,139500
2016-12-01,100.84538269042969,100.89854871015199,100.30619025414417,100.68590780738303,116500
2016-12-02,101.39219665527344,101.56687510721106,101.0352611586181,101.0352611586181,104000
2016-12-05,101.31620025634766,101.69591765937297,100.8073803268604,100.95926497045943,35400
2016-12-06,101.4149398803711,101.50607995582854,101.27065697134115,101.27065697134115,22800
2016-12-07,101.80223846435547,101.85539287519673,101.61996993849493,101.63516187933054,31600
2016-12-08,101.19469451904297,101.39974517473169,101.14152851687854,101.24786052120741,57600
2016-12-09,100.46566009521484,101.17953091356715,100.40491548723804,101.01245427148217,92700
2016-12-12,100.54158020019531,100.57195249571407,100.15427259503556,100.57195249571407,88200
2016-12-13,100.69345092773438,100.79218115361421,100.43524589333832,100.7162330432367,131100
2016-12-14,99.74419403076172,101.15674364968324,99.74419403076172,101.14155170443105,187800
2016-12-15,99.70621490478516,100.21504654642582,99.59989446953001,100.21504654642582,67700
2016-12-16,99.68341827392578,100.10871154110647,99.56191749993081,99.81252081308439,127600
2016-12-19,100.38211822509766,100.42009229478519,100.04037477402802,100.27579778280801,38000
2016-12-20,100.0935287475586,100.19224741119902,99.84291382344172,100.03277256097957,106400
2016-12-21,100.24542999267578,100.35175043975168,100.06316140280582,100.06316140280582,28600
2016-12-22,100.16707611083984,100.27356353781536,99.95410125688879,100.1290423998645,130200
2016-12-23,100.30397033691406,100.52455886777315,100.28115243458485,100.29636823822351,21100
2016-12-27,100.09099578857422,100.09860949354344,99.96169047293093,99.97690627661177,48700
2016-12-28,100.65385437011719,100.73752387258637,100.10620155509281,100.10620155509281,29200
2016-12-29,100.86686706542969,101.07223984977526,100.76037962285436,100.76037962285436,44600
2016-12-30,101.11019897460938,101.38402531440619,100.82116844267362,100.82116844267362,68000
2017-01-03,101.23955535888672,101.33082697235194,100.6234371492222,100.6234371492222,27800
2017-01-04,101.4600830078125,101.4600830078125,101.07976932810614,101.19385878951708,67400
2017-01-05,102.30442810058594,102.30442810058594,101.55901618648258,101.68070780064177,156200
2017-01-06,101.71875762939453,101.93173249575027,101.68072391620392,101.81004086230395,13800
2017-01-09,102.22076416015625,102.33485368160596,102.0914588337604,102.16752625223256,28100
2017-01-10,102.22076416015625,102.35768319215445,102.0990609331042,102.30443367797223,152700
2017-01-11,102.31201934814453,102.69233316691785,102.06101083500334,102.28920144751866,35100
2017-01-12,102.37289428710938,102.87491142782316,102.36529218725346,102.64672076329332,77600
2017-01-13,102.07623291015625,102.29682143810382,101.74916857691609,102.15230032108798,71400
2017-01-17,102.7151870727539,102.9205598566336,102.47179217867416,102.8901398472214,36100
2017-01-18,101.8252182006836,102.38048473301362,101.81761610255484,102.30441732669927,29200
2017-01-19,101.39926147460938,101.65026997034883,101.1482529788699,101.57420256936504,14200
2017-01-20,101.36127471923828,101.38409262885028,100.99617655918506,101.32325260739245,22000
2017-01-23,101.96977233886719,102.27403045642285,101.45255094841322,101.5286067731068,58300
2017-01-24,101.48296356201172,101.84045957017624,101.32323821741201,101.70355213194792,38800
2017-01-25,100.85160064697266,101.12542701993158,100.72989745760091,100.97330383634439,19900
2017-01-26,101.02658081054688,101.07981871646695,100.58541533378043,100.83642387778158,20300
2017-01-27,101.24713134765625,101.29276714262002,101.07219026487681,101.16346185480434,15500
2017-01-30,101.13309478759766,101.42212550904887,101.13309478759766,101.18633270749875,25300
2017-01-31,101.57424926757812,101.73398624057995,101.15591318860714,101.23958272565358,25100
2017-02-01,101.42111206054688,101.50490644450616,100.97167473911958,101.16972890866904,32900
2017-02-02,101.34496307373047,101.87058150032422,101.34496307373047,101.74870823179623,42400
2017-02-03,101.36016082763672,101.8172231774472,101.162106675294,101.65724786794001,27400
2017-02-06,102.0,102.09141940931733,101.65720917988848,101.83241131042122,14100
2017-02-07,102.2209701538086,102.3961723743357,101.77153281161382,101.96197354545025,17800
2017-02-08,102.84564208984375,102.95228846941863,102.54094146922509,102.60188391806554,205100
2017-02-09,102.19047546386719,102.84559193997272,102.11430615764624,102.84559193997272,263500
2017-02-10,102.1066665649414,102.1599955329297,101.77911418527484,101.77911418527484,51500
2017-02-13,101.8476791381836,101.92386006395176,101.71056742009365,101.92386006395176,18700
2017-02-14,101.42111206054688,101.86293593746132,101.15449039606388,101.86293593746132,44500
2017-02-15,101.21542358398438,101.26875256144488,101.05545989875955,101.0706867863954,23100
2017-02-16,101.61914825439453,101.77912354950173,101.39824216680373,101.42109411987943,32000
2017-02-17,101.96955108642578,102.1219012951358,101.89337017028284,102.07619739488038,18000
2017-02-21,101.96199798583984,102.14481369505275,101.6801377281654,101.6801377281654,7100
2017-02-22,102.0305404663086,102.2895371027072,101.74106679999178,102.2895371027072,20400
2017-02-23,102.35806274414062,102.38853976505473,102.2057125103034,102.2057125103034,56800
2017-02-24,102.99030303955078,103.0664839503449,102.72369309892144,102.76177193074346,21800
2017-02-27,102.62471771240234,102.93704334856452,102.54853675894469,102.93704334856452,47800
2017-02-28,102.68560791015625,102.89128708098939,102.6246655031103,102.71607330189141,18100
2017-03-01,101.6795654296875,101.80923789440223,101.3286780951794,101.67193010639042,60300
2017-03-02,101.42021942138672,101.5727745759452,101.21426356116605,101.4049604141672,38100
2017-03-03,101.46592712402344,101.50406880078391,100.99299128276365,101.4201617675931,89400
2017-03-06,101.3744125366211,101.51172028272386,101.19135106076249,101.51172028272386,18100
2017-03-07,101.21418762207031,101.29045932251822,101.12265692585142,101.21418762207031,23000
2017-03-08,100.68026733398438,100.84044609718788,100.47431157065884,100.5277006119911,21700
2017-03-09,100.22257995605469,100.58109076464119,100.2149562764357,100.56583176619769,25100
2017-03-10,100.45140075683594,100.45902443511774,100.20730338137629,100.42851808278702,14400
2017-03-13,100.11578369140625,100.29885674312712,100.04713566171272,100.26833874823792,16700
2017-03-14,100.24551391601562,100.37518637110725,100.10058245467455,100.13872415069243,31300
2017-03-15,101.1837387084961,102.73983144178,100.42095134804241,100.4362103542307,43100
2017-03-16,100.86335754394531,101.06931336600958,100.84047485696152,100.93964092669803,34400
2017-03-17,101.30574798583984,101.3438896668354,100.94723713505408,100.94723713505408,10600
2017-03-20,101.62613677978516,101.62613677978516,101.29814386614267,101.29814386614267,55300
2017-03-21,102.0838394165039,102.1067221074292,101.4812308509053,101.56513793070212,135600
2017-03-22,102.38895416259766,102.62541640522336,102.29742339492643,102.31268240260916,62900
2017-03-23,102.28215789794922,102.40420667324251,102.10672005797251,102.40420667324251,45500
2017-03-24,102.42707824707031,102.55675069204136,102.2897821191753,102.2897821191753,68000
2017-03-27,102.71690368652344,103.0220138411576,102.70164468702984,102.70926836717348,5700
2017-03-28,102.35077667236328,102.89236068319633,102.28212862061513,102.8618543177111,71300
2017-03-29,102.70931243896484,102.72457144500598,102.4881092278194,102.51861560069034,24200
2017-03-30,102.30498504638672,102.5567061440637,102.28210236834386,102.52619978640838,14500
2017-03-31,102.52616882324219,102.60244051394898,102.28970679540777,102.28970679540777,15200
2017-04-03,103.1442642211914,103.25884731703646,102.61715866736505,102.64007528653406,33100
2017-04-04,102.96849060058594,103.19766830630401,102.95322063494376,103.15947007927394,32300
2017-04-05,103.24353790283203,103.29701777081479,102.73171411833881,102.73936076031717,20200
2017-04-06,103.12895202636719,103.19006687819578,102.90742088789638,103.13658701167097,28900
2017-04-07,102.80052185058594,103.57207536710473,102.80052185058594,103.43456397077634,51000
2017-04-10,103.09073638916016,103.18241447966437,102.95323673810006,102.95323673810006,34100
2017-04-11,103.67894744873047,103.75534390804148,103.29698846510162,103.29698846510162,37000
2017-04-12,104.03804016113281,104.10679001389714,103.64843434919746,103.64843434919746,49400
2017-04-13,104.25952911376953,104.50398847763564,104.0379980146719,104.15258105619411,32300
2017-04-17,104.16787719726562,104.46580480320627,104.0150959017899,104.36649171573751,16800
2017-04-18,104.9470443725586,105.06926237711227,104.38174093270742,104.44285576321528,16900
2017-04-19,104.54983520507812,104.6949815140727,104.49635534114726,104.63386666520837,36200
2017-04-20,104.34362030029297,104.4582150638853,104.18320395032269,104.39710018793019,7900
2017-04-21,104.3894271850586,104.62625164076353,104.34359395378273,104.45054204558234,19800
2017-04-24,103.99219512939453,104.0838615893486,103.70953745042377,103.8470487968223,49600
2017-04-25,103.27407836914062,103.74006882480302,103.25116176119525,103.70950557656661,16700
2017-04-26,103.65606689453125,103.65606689453125,103.27410777805436,103.33522263546672,104000
2017-04-27,103.70956420898438,103.84707559086283,103.50331462087237,103.50331462087237,17600
2017-04-28,103.85462951660156,103.9463075851192,103.42683738505707,103.51850379711337,56600
2017-05-01,103.49198150634766,103.91277624178882,103.19360190742574,103.77505629466718,97900
2017-05-02,103.81333923339844,103.86688857307979,103.43844715901709,103.43844715901709,15200
2017-05-03,103.52261352539062,103.89750562656131,103.4690641818827,103.89750562656131,12400
2017-05-04,103.20133209228516,103.22428348970963,102.97946469246203,103.08657510516275,40300
2017-05-05,103.16300964355469,103.31602275287345,102.97174033836826,103.09415549548405,6000
2017-05-08,102.88764953613281,103.09422379134399,102.72698975087052,103.09422379134399,16500
2017-05-09,102.71166229248047,102.71166229248047,102.52803947562977,102.60455190119016,162800
2017-05-10,102.6580810546875,103.00237522778855,102.54332411309035,103.00237522778855,27200
2017-05-11,102.6580810546875,102.83405726400953,102.37500614931132,102.5127261533827,83500
2017-05-12,103.25489044189453,103.32374463237164,103.01770655109708,103.01770655109708,12600
2017-05-15,103.16300964355469,103.21657065259981,103.04059448643892,103.06355754328106,17500
2017-05-16,103.30078125,103.49969722412976,103.14776806419574,103.14776806419574,13200
2017-05-17,104.4177474975586,104.509564712741,103.93575673300226,103.98165950351685,24500
2017-05-18,104.37950134277344,104.63197827905495,104.34890338420341,104.51722134172442,22100
2017-05-19,104.4560317993164,104.49428800975497,104.15000546412068,104.29537205929338,7600
2017-05-22,104.28004455566406,104.463655647177,104.24178835354759,104.463655647177,10000
2017-05-23,103.92805480957031,104.52481392376025,103.920408242416,104.41005704570385,24400
2017-05-24,104.24175262451172,104.31826500251991,103.88981202948376,104.05048335364106,22200
2017-05-25,104.31829071044922,104.31829071044922,104.25708312778879,104.29533932622064,2100
2017-05-26,104.33358001708984,104.50955618858015,104.2723724366783,104.402445841398,14500
2017-05-30,104.75439453125,104.75439453125,104.53252722542747,104.61668620504729,52000
2017-05-31,104.83089447021484,104.96860278003737,104.64727171629839,104.75438207087805,13600
2017-06-01,104.7359390258789,104.81255498044308,104.60568138055625,104.63632542403445,23500
2017-06-02,105.50210571289062,105.63236328041953,105.21860463601773,105.34886220354663,34200
2017-06-05,105.15730285644531,105.33353230418982,105.15730285644531,105.18028879781502,28900
2017-06-06,105.59408569335938,105.69369926987382,105.44850021744882,105.59408569335938,8100
2017-06-07,105.35650634765625,105.54806363192472,105.24923473613507,105.49442198029973,16400
2017-06-08,105.18798065185547,105.34122420742943,105.0347370962815,105.34122420742943,12400
2017-06-09,105.07306671142578,105.10371075045599,104.87383953665477,104.92748121962715,59000
2017-06-12,105.05006408691406,105.05006408691406,104.90447861822103,104.91979478943753,23400
2017-06-13,105.00406646728516,105.37952306312798,104.89679482443466,104.89679482443466,9800
2017-06-14,105.87757873535156,106.41394869840084,105.72433518522324,105.7933047207544,125500
2017-06-15,105.73965454101562,105.74731262579925,105.61705503408271,105.63238289538245,29600
2017-06-16,105.83159637451172,105.91588207250787,105.67835283953661,105.67835283953661,17300
2017-06-19,105.52510070800781,105.79328564116588,105.52510070800781,105.70899995003603,12800
2017-06-20,105.9848861694336,106.05384402890397,105.71670112695627,105.71670112695627,21700
2017-06-21,106.03080749511719,106.06910960428291,105.80093638147027,105.8085944649573,35800
2017-06-22,106.1380615234375,106.16104746181774,105.93883446850383,106.16104746181774,16400
2017-06-23,106.1380615234375,106.16870554403498,105.98481803699292,105.98481803699292,6500
2017-06-26,106.25300598144531,106.413919264198,106.2146921815775,106.27599192301996,6100
2017-06-27,105.52510070800781,105.8392575287401,105.35652932574811,105.8392575287401,22300
2017-06-28,105.27995300292969,105.4332082918064,105.04242367360264,105.4332082918064,11400
2017-06-29,104.79718780517578,104.88147349839497,104.46004503229899,104.57497475408353,23900
2017-06-30,104.51371002197266,104.77423696485843,104.49072406991444,104.77423696485843,14400
2017-07-03,104.11082458496094,104.64032059815455,104.08013442462081,104.62496966331825,15400
2017-07-05,104.26421356201172,104.50978148129349,104.10306986064056,104.13375999588935,31600
2017-07-06,103.8575668334961,103.91895885167541,103.65038194513737,103.90360791979803,14000
2017-07-07,103.63502502441406,103.72710719169672,103.51224099515086,103.64269463524445,65300
2017-07-10,103.71174621582031,103.78848915400934,103.65036591646314,103.67338645605417,15200
2017-07-11,103.84989166259766,103.92662289921634,103.65804600705661,103.71175670175674,14700
2017-07-12,104.26421356201172,104.45605910795452,104.13375999588935,104.29491540658337,18200
2017-07-13,104.01874542236328,104.14152948596264,103.81921839168112,104.12617855067953,10300
2017-07-14,104.18755340576172,104.53287328203812,104.13383099579407,104.53287328203812,13900
2017-07-17,104.36408996582031,104.4331516268807,104.17224421220668,104.21061570479651,19000
2017-07-18,104.86286163330078,104.870542955764,104.67869724351183,104.75542850281289,23400
2017-07-19,104.84751892089844,104.9472707256064,104.81681705073242,104.86285814664882,22800
2017-07-20,104.90885162353516,105.1851097521358,104.86279884433004,105.10836682945329,64100
2017-07-21,105.24658966064453,105.36937376942791,105.19287893138748,105.22356910391478,14400
2017-07-24,105.07005310058594,105.19283716061328,105.01634239265675,105.14679606543613,252600
2017-07-25,104.24894714355469,104.54054461466362,104.22592659871269,104.53287500282663,17000
2017-07-26,104.55586242675781,104.66329550509845,104.12613011339525,104.13379972280268,17600
2017-07-27,104.27197265625,104.37172445220746,104.11081712534703,104.27197265625,21800
2017-07-28,104.6019058227539,104.60190582275389,104.31029672821883,104.31029672821883,8500
2017-07-31,104.61729431152344,104.61729431152344,104.4254486192576,104.4254486192576,32800
2017-08-01,105.00233459472656,105.04844705225464,104.34905523394283,104.34905523394283,37300
2017-08-02,104.96388244628906,105.18676316360202,104.86396433466021,104.86396433466021,11900
2017-08-03,105.58641052246094,105.58641052246094,105.20980607260948,105.20980607260948,22900
2017-08-04,105.04075622558594,105.1483558594252,104.81018223093591,105.1483558594252,22500
2017-08-07,105.1252670288086,105.17137946794102,104.92544255007576,105.00229270613751,30400
2017-08-08,104.98698425292969,105.09458390929647,104.83326040599171,105.08689068045979,8100
2017-08-09,105.31747436523438,105.57878616497935,105.24061243472866,105.57878616497935,33700
2017-08-10,105.74012756347656,105.76318378318425,105.37889781808693,105.4250102575023,19600
2017-08-11,105.83240509033203,105.84009831904635,105.54803708748922,105.54803708748922,6400
2017-08-14,105.49420928955078,105.69404555452168,105.47884629030713,105.57107119569041,17300
2017-08-15,105.1790771484375,105.24824581006632,104.95618471321926,104.95618471321926,8200
2017-08-16,105.41736602783203,105.54802189485808,104.96391124330377,104.98696747116242,22800
2017-08-17,105.89387512207031,105.91693134951132,105.36355843596525,105.37893316341955,43200
2017-08-18,105.90155029296875,106.15518050714284,105.76321293659025,106.07833032942597,42100
2017-08-21,106.03993225097656,106.07836321548935,105.88622012040929,105.9784450532529,17100
2017-08-22,105.74012756347656,105.93995204343547,105.70169662147144,105.93995204343547,15400
2017-08-23,106.27050018310547,106.27050018310547,106.05530086722271,106.1167880614011,25100
2017-08-24,105.9937973022461,106.14750940020954,105.97074107392565,106.0091603028055,5300
2017-08-25,106.25507354736328,106.32424220921907,106.06293055722338,106.10136150074685,15600
2017-08-28,106.35502624511719,106.40882020156363,106.15518996479292,106.18593942060339,8200
2017-08-29,106.64706420898438,107.00061254778848,106.50104535581657,107.00061254778848,38300
2017-08-30,106.5624771118164,106.66239520023316,106.52405790317165,106.55479561558249,25000
2017-08-31,106.8084945678711,106.87766326098676,106.64708922311847,106.68552018401031,19400
2017-09-01,106.37820434570312,106.67840286728674,106.33202176473881,106.67840286728674,79000
2017-09-05,107.40967559814453,107.42507370993317,106.88625725050987,106.88625725050987,12100
2017-09-06,106.85546112060547,107.4635513987939,106.85546112060547,107.39427752127558,96600
2017-09-07,107.67902374267578,107.84067445414401,107.26336894153148,107.26336894153148,497900
2017-09-08,107.58670043945312,107.61748491082206,107.43275459197793,107.60208680247995,63800
2017-09-11,106.75537109375,107.05556958560484,106.75537109375,107.01708019017434,15400
2017-09-12,106.37820434570312,106.54754830611598,105.90866186370666,106.53985512439381,29600
2017-09-13,106.12417602539062,106.42437451195521,106.12417602539062,106.42437451195521,28300
2017-09-14,106.2473373413086,106.2627354482652,106.07799340072854,106.07799340072854,11400
2017-09-15,106.20885467529297,106.28583346963869,106.0549088319165,106.20885467529297,35600
2017-09-18,105.87788391113281,106.02413659006932,105.77781381600441,105.97024907874899,15700
2017-09-19,105.7162857055664,105.97030178817432,105.7162857055664,105.93951729876223,21900
2017-09-20,105.57765197753906,105.82396292838108,105.40060313518569,105.82396292838108,24900
2017-09-21,105.49297332763672,105.85475242384635,105.48526840305021,105.69310169658405,8700
2017-09-22,105.7315902709961,105.87013796874595,105.67770278055218,105.82395540282933,9500
2017-09-25,106.20885467529297,106.2319459645337,105.74701714516358,105.8008929049536,119000
2017-09-26,106.08566284179688,106.10875412185077,105.93170531435715,106.03177535813091,15300
2017-09-27,105.21592712402344,105.3852711286416,105.092765712425,105.20052901124396,43300
2017-09-28,105.10041809082031,105.16199877271077,104.87719839611724,104.87719839611724,17600
2017-09-29,105.0157470703125,105.2543766192871,104.90029063154594,105.23128533153378,114600
2017-10-02,104.9679946899414,105.22239854950489,104.95257306605053,105.14530219330297,119700
2017-10-03,105.10670471191406,105.129831255276,104.87542751504782,104.87542751504782,46300
2017-10-04,105.0912857055664,105.13753878826186,104.85229183956346,105.13753878826186,460100
2017-10-05,104.8754653930664,105.02194139609287,104.77525425672025,105.02194139609287,17100
2017-10-06,104.6595687866211,104.75979164700598,104.28953234071413,104.42830335995832,40000
2017-10-09,104.8754653930664,104.8754653930664,104.69815790883753,104.72128446055213,5800
2017-10-10,104.97563934326172,105.21462144171085,104.87541649039764,104.87541649039764,7800
2017-10-11,105.00650024414062,105.12983789544552,104.967952081687,105.06816318816927,14500
2017-10-12,105.34571838378906,105.75430312320628,105.02965160877318,105.12986273893658,109100
2017-10-13,105.8082275390625,105.82364915372406,105.53840221708914,105.73113122900001,12700
2017-10-16,105.64635467529297,105.7311559308756,105.49989047314851,105.55384849220214,15500
2017-10-17,105.6231918334961,105.68486652211232,105.4227579179264,105.4227579179264,73000
2017-10-18,105.23776245117188,105.25318406832788,105.11442480366561,105.2300575242175,23400
2017-10-19,105.37657165527344,105.7003551533674,105.36885496227619,105.57700569792641,21000
2017-10-20,104.7674789428711,104.86770178639016,104.63642463540091,104.7674789428711,62100
2017-10-23,104.8754653930664,104.97568829266369,104.8138024306616,104.82921228963723,8300
2017-10-24,104.45143127441406,104.58248560565966,104.42058804162295,104.48996767053296,38300
2017-10-25,104.19702911376953,104.2432822004088,104.01200500396558,104.02742662059428,36200
2017-10-26,104.00433349609375,104.31269534827008,104.00433349609375,104.31269534827008,9300
2017-10-27,104.32807922363281,104.36662738202067,104.08138042054763,104.12764526856088,91000
2017-10-30,104.92940521240234,104.92940521240234,104.12765753442527,104.12765753442527,42800
2017-10-31,104.92168426513672,104.99876881597667,104.91396757578055,104.99106388986647,7900
2017-11-01,105.05992126464844,105.94791092711056,104.58118659343742,104.93637303265595,178500
2017-11-02,105.37646484375,105.40734599764804,105.22975285277778,105.25291666375203,13400
2017-11-03,105.56180572509766,105.56952306938206,105.32242666582111,105.453703994091,5500
2017-11-06,105.75489044189453,105.75489044189453,105.60817836253118,105.65450601239118,24400
2017-11-07,105.87069702148438,105.94018848804005,105.72398495950554,105.77804173274349,6700
2017-11-08,105.68535614013672,105.93245257641959,105.66992144952397,105.8861249401682,8100
2017-11-09,105.5155029296875,105.66221499743948,105.39196646724133,105.50006823576241,279200
2017-11-10,104.73561096191406,105.02130592524297,104.72016448810493,104.97497828602286,71900
2017-11-13,104.78966522216797,104.99813959367094,104.76648962090503,104.99813959367094,29400
2017-11-14,105.06763458251953,105.0753519275298,104.85914844518105,104.85914844518105,10300
2017-11-15,105.65448760986328,105.65448760986328,105.29157203955793,105.49232908138745,19300
2017-11-16,105.17572784423828,105.53091420137284,105.17572784423828,105.41509512452573,16200
2017-11-17,105.45377349853516,105.55414616920788,105.39199935692966,105.44604436695147,17500
2017-11-20,105.32246398925781,105.43056575857281,105.24525517243806,105.28386547195254,220600
2017-11-21,105.36875915527344,105.63900757393189,105.25292830538761,105.58496260308189,23800
2017-11-22,105.70082092285156,105.7394312204848,105.43056062162748,105.43056062162748,15100
2017-11-24,105.55411529541016,105.6622170660476,105.53095147185995,105.58500824828333,44300
2017-11-27,105.57728576660156,105.6699528488465,105.43830281654927,105.63134254642863,497000
2017-11-28,105.61585998535156,105.8552272834685,105.53092206193529,105.74712554295742,12000
2017-11-29,105.10624694824219,105.1216934225055,104.95953489825996,105.1216934225055,14900
2017-11-30,104.7664794921875,104.9749656257413,104.65837775297551,104.9749656257413,39000
2017-12-01,105.50276184082031,105.98224577330136,104.86086558891769,105.16247835300224,86800
2017-12-04,105.40989685058594,105.43309691045773,105.10054305122723,105.17015503148346,71400
2017-12-05,105.69606018066406,105.69606018066406,105.28617663912048,105.28617663912048,35500
2017-12-06,105.93582153320312,106.16783402219201,105.93582153320312,105.99769231697653,23400
2017-12-07,105.55687713623047,106.05183159605548,105.40993550273403,106.05183159605548,8400
2017-12-08,105.4408950805664,105.54916603077739,105.31715348014,105.50276588077962,22800
2017-12-11,105.37898254394531,105.64193629086807,105.35578247813505,105.53366538353889,11900
2017-12-12,105.23208618164062,105.24754502999943,104.98460300012874,105.19341545944845,28200
2017-12-13,105.75790405273438,105.75790405273438,105.34029119610581,105.45629148943591,25000
2017-12-14,105.8506851196289,105.9434971381265,105.44080175656522,105.60321393845747,38900
2017-12-15,105.9512710571289,106.0286124715884,105.71925861439345,105.78112938583244,17500
2017-12-18,105.50276184082031,105.85077475312585,105.44089104297629,105.85077475312585,23600
2017-12-19,104.72937774658203,105.09286125012603,104.55923603000201,105.0851318268801,21000
2017-12-20,104.2035140991211,104.450985498425,104.1725727988028,104.24217302354623,48700
2017-12-21,104.42581176757812,104.48779156256961,104.2088883958265,104.2088883958265,19500
2017-12-22,104.53425598144531,104.54201084292131,104.39481033209948,104.42579431369793,13000
2017-12-26,104.6659927368164,104.81318145759752,104.56527408762716,104.56527408762716,8500
2017-12-27,105.39422607421875,105.44846282899455,104.9758772261889,104.9758772261889,15200
2017-12-28,105.26251983642578,105.33999753447087,105.14631511079514,105.33999753447087,18600
2017-12-29,105.3709945678711,105.51045207733249,105.27028773366733,105.27028773366733,34300
2018-01-02,104.89067077636719,105.2392968341353,104.64276337894236,105.2392968341353,129000
2018-01-03,105.08440399169922,105.13864078006316,104.85973743484294,105.09990190572387,58100
2018-01-04,105.0688705444336,105.07662540954567,104.73574234495477,104.82870615477385,71900
2018-01-05,104.88290405273438,105.06108856266182,104.72794866521173,105.03010457801909,24500
2018-01-08,104.8053970336914,104.96034055642343,104.65045351095937,104.96034055642343,43400
2018-01-09,103.9919662475586,104.44906576331903,103.96872530184301,104.44906576331903,20900
2018-01-10,103.91449737548828,103.9764771694235,103.44965483169261,103.46515273553565,24500
2018-01-11,104.0849609375,104.22440663736319,103.71308209498594,103.79055980920289,23400
2018-01-12,104.1081771850586,104.17015697743793,103.8525149745326,103.91449476691193,16600
2018-01-16,104.28636169433594,104.3870803346267,104.06943833173786,104.34834148671204,30700
2018-01-17,104.0694580078125,104.37160216437357,103.94549839962363,104.17791970961804,22400
2018-01-18,103.50389099121094,103.7363004403398,103.43415633503538,103.6123526746167,26500
2018-01-19,103.14750671386719,103.37992797672754,103.11652272882283,103.36443007348713,29100
2018-01-22,103.1552734375,103.4031926605189,103.10104849586412,103.34121285476417,26900
2018-01-23,103.52717590332031,103.65887858757208,103.38771835317955,103.51167799298425,25400
2018-01-24,103.19404602050781,103.248282801309,103.00811836391642,103.13206619449632,12500
2018-01-25,103.58915710449219,103.5891571044922,103.03135053937513,103.16305322538304,25300
2018-01-26,103.24822998046875,103.47289639106043,103.08553154274323,103.47289639106043,27200
2018-01-29,102.86087799072266,102.89186198102904,102.61295878251767,102.89186198102904,16000
2018-01-30,102.49674987792969,102.68267745509125,102.3805333207657,102.64395042414127,33300
2018-01-31,102.62843322753906,102.84535657441053,102.30304820723187,102.84535657441053,19100
2018-02-01,101.82921600341797,102.6517316162451,101.76713778959214,102.58189806576928,185400
2018-02-02,101.32481384277344,101.51104842368235,101.09202357668849,101.41792521312551,36800
2018-02-05,102.19391632080078,102.48102953474594,100.96789825966924,101.14637756137279,99500
2018-02-06,101.65076446533203,102.17065626734473,101.47229697275107,102.03098914451019,250400
2018-02-07,101.06877136230469,101.79817552223173,101.0066931529271,101.76713049743904,195100
2018-02-08,101.06877136230469,101.43347344226821,100.56440219139742,100.6652689214542,66200
2018-02-09,100.7583999633789,101.39468093844098,100.7195995994853,100.78943315036858,39100
2018-02-12,100.99116516113281,101.34811188563548,100.85925341344037,100.9756544897858,189100
2018-02-13,101.1773910522461,101.1773910522461,100.90580040440624,101.00667896049637,40500
2018-02-14,100.42474365234375,100.88255721923271,100.3704326082399,100.88255721923271,35500
2018-02-15,100.59540557861328,100.79715081917567,100.56437240322072,100.56437240322072,205900
2018-02-16,100.90582275390625,101.12310242442679,100.78943350202805,101.0222238459932,15200
2018-02-20,100.6962890625,100.71179973085562,100.5022991462111,100.68076655393953,17100
2018-02-21,100.06780242919922,100.7894395143086,100.00572421109152,100.7894395143086,37100
2018-02-22,100.30059051513672,100.45579199531633,100.26955732322713,100.33163554725687,24800
2018-02-23,100.84375,100.92133888294069,100.64976003233627,100.66527070479962,11500
2018-02-26,100.90582275390625,101.26276952668064,100.8825449035306,101.1386130978714,41600
2018-02-27,100.6497802734375,101.10759384754223,100.38594486579834,101.05327096237198,19400
2018-02-28,101.02220153808594,101.03772404831156,100.76613340029057,100.87476729145774,15000
2018-03-01,101.51956176757812,101.6516764347107,100.96777758515773,101.10767137639397,124000
2018-03-02,100.9755630493164,101.32529166122694,100.92893572997448,101.28643160896765,17800
2018-03-05,100.81236267089844,101.29419409257528,100.66470159434006,101.29419409257528,74700
2018-03-06,100.87455749511719,101.1543333149429,100.87455749511719,100.96781214891745,41800
2018-03-07,100.84345245361328,101.16985556068501,100.84345245361328,101.16985556068501,16200
2018-03-08,101.208740234375,101.33308769353376,101.05331183963973,101.05331183963973,26500
2018-03-09,100.84345245361328,100.95225348930386,100.71911688312656,100.85899884683293,9700
2018-03-12,101.18541717529297,101.19319630228478,100.99112873530261,101.01444239942742,16800
2018-03-13,101.48851013183594,101.5506838577663,101.16987423335247,101.4574291980836,38700
2018-03-14,101.87705993652344,101.97032642983278,101.4496230959214,101.4496230959214,28500
2018-03-15,101.86153411865234,101.96255602894934,101.72164029592976,101.84598772536683,10200
2018-03-16,101.62062072753906,101.6750271824293,101.53513334015814,101.65171351845498,9900
2018-03-19,101.48851013183594,101.72165863946837,101.33308174622289,101.35639541114355,11500
2018-03-20,101.18541717529297,101.30976462290887,101.12324345148502,101.19319630228478,7600
2018-03-21,101.25535583496094,101.31752955733653,100.75021064599359,101.00667280388355,20100
2018-03-22,101.87705993652344,102.14906843283998,101.61283056539583,101.88483906171237,18500
2018-03-23,101.8848648071289,101.94702667381284,101.61285624207818,101.62062351080729,126100
2018-03-26,101.62062072753906,101.9548030085464,101.60508619050633,101.75273544286864,34000
2018-03-27,102.37443542480469,102.3899818164064,101.73717567020171,101.75271020338114,12700
2018-03-28,102.44440460205078,102.69308761524238,102.30451077216087,102.6231466295095,44600
2018-03-29,102.80189514160156,102.91069619019046,102.53766571766063,102.53766571766063,86800
2018-04-02,102.89532470703125,103.12884396607963,102.54505175710013,102.70072730403808,163500
2018-04-03,102.4049072265625,102.66955677114427,102.38155649482172,102.61507568950901,56900
2018-04-04,102.32707977294922,102.66956114549882,102.24923607897696,102.66956114549882,30300
2018-04-05,101.8834228515625,102.09359138690624,101.86785173261163,102.04688990733734,6900
2018-04-06,102.55281066894531,102.5839410211336,102.21031740847162,102.36599292397408,12100
2018-04-09,102.5450210571289,102.5917225195005,102.25700891037184,102.3426322171462,4000
2018-04-10,102.45940399169922,102.47496322858464,102.3659891839863,102.37378067970909,8600
2018-04-11,102.59950256347656,102.82524213558234,102.52167075162718,102.82524213558234,10800
2018-04-12,102.12467956542969,102.39712058676277,102.04684775739081,102.39712058676277,10400
2018-04-13,102.2181167602539,102.28816896602167,102.00794826566924,102.00794826566924,23700
2018-04-16,102.19469451904297,102.19469451904297,101.85221330936035,101.85221330936035,16500
2018-04-17,102.35821533203125,102.40491679987866,102.19474831728456,102.19474831728456,7300
2018-04-18,101.78997039794922,102.26478833816314,101.78997039794922,102.26478833816314,19100
2018-04-19,101.3073959350586,101.35410928532286,101.11279854611129,101.3385381685681,23100
2018-04-20,100.81698608398438,101.1127659432611,100.81698608398438,101.1127659432611,11700
2018-04-23,100.77804565429688,100.80139637895162,100.59122797978293,100.7391238207803,74700
2018-04-24,100.54456329345703,100.7002388071683,100.51343294162692,100.5679140266497,12000
2018-04-25,100.16314697265625,100.32661398029995,100.03082219374478,100.24099066720662,38300
2018-04-26,100.59124755859375,100.59124755859375,100.42000095961065,100.45892280070287,14800
2018-04-27,100.94155883789062,100.98827219136852,100.76253255338203,100.76253255338203,20300
2018-04-30,101.1517105102539,101.29960641175994,100.98046387453965,101.05830757342099,11800
2018-05-01,100.87176513671875,101.0043255517668,100.82498050769362,100.9731397652269,154600
2018-05-02,100.87176513671875,101.09010133778972,100.85616629423352,101.01992439425203,23600
2018-05-03,101.18367767333984,101.37082810096153,101.13689304104227,101.16809072819493,60400
2018-05-04,101.21488952636719,101.3474499692404,101.02773907255221,101.3474499692404,15100
2018-05-07,101.14468383789062,101.21486077622504,101.05890805822756,101.21486077622504,30500
2018-05-08,100.99653625488281,101.07450667367108,100.81717930496454,100.97314393940322,20100
2018-05-09,100.59881591796875,100.73137630268542,100.59881591796875,100.63001359580083,6200
2018-05-10,100.97315216064453,101.02773026839697,100.76260940575476,100.92635562744411,220700
2018-05-11,100.97315216064453,101.14470375374997,100.8873763640918,101.13689838233388,623100
2018-05-14,100.69239807128906,100.82495845734624,100.6612003931415,100.73137732133155,14000
2018-05-15,99.90484619140625,100.08420314650468,99.67871650242883,100.08420314650468,13000
2018-05-16,99.63973236083984,100.01402134411762,99.63973236083984,99.99843439787057,10600
2018-05-17,99.46815490722656,99.6942905025621,99.41357086347071,99.6319070384941,14100
2018-05-18,99.97504425048828,99.97504425048828,99.68651916060233,99.74890264224166,6900
2018-05-21,100.05299377441406,100.05299377441406,99.88924758045114,99.88924758045114,83500
2018-05-22,99.99844360351562,100.05302171726919,99.85807778534452,100.05302171726919,13100
2018-05-23,100.55203247070312,100.59881708956824,100.36489399524264,100.36489399524264,17900
2018-05-24,100.94971466064453,101.10566733954924,100.84834006506446,100.90291814838909,10000
2018-05-25,101.44881439208984,101.53459018747061,101.28505627420587,101.33964627964448,71600
2018-05-29,102.922607421875,103.03177555294864,101.97128003747589,102.08044816854952,39100
2018-05-30,102.41569519042969,102.50147095786267,102.16617325689703,102.31433248232017,15500
2018-05-31,102.36112213134766,102.71201868866129,102.19736405877272,102.46248484443825,15400
2018-06-01,101.91969299316406,102.13064548990486,101.74780753975864,101.87281730979673,203600
2018-06-04,101.411865234375,101.81814105841391,101.411865234375,101.81814105841391,15800
2018-06-05,101.6930923461914,101.88059502274201,101.64621667705376,101.6930923461914,61500
2018-06-06,101.14622497558594,101.31028987483491,100.99777735711127,101.31028987483491,27400
2018-06-07,101.716552734375,102.06813225244733,101.13058289705884,101.13058289705884,63200
2018-06-08,101.47441101074219,101.66973440001658,101.46659044535133,101.53691592590123,14400
2018-06-11,101.37278747558594,101.40403395647682,101.23996906902154,101.26340691008657,7500
2018-06-12,101.31027221679688,101.38058573279103,101.14620734614385,101.14620734614385,22600
2018-06-13,101.24774932861328,101.96653740349899,100.9274163617319,101.40400553244336,55400
2018-06-14,101.74777221679688,101.74777221679688,101.443068459103,101.57588682306354,14000
2018-06-15,101.81816864013672,102.15411910296778,101.8103480757784,102.15411910296778,7200
2018-06-18,101.8415756225586,101.95876483649393,101.73219504902283,101.91969779131935,13800
2018-06-19,102.20877075195312,102.2790842709333,102.17751235134851,102.23220859161317,6500
2018-06-20,101.6930923461914,102.00560475483188,101.6930923461914,101.97435828260153,11400
2018-06-21,102.06815338134766,102.1384669152002,101.90407654743574,101.96658144027887,23000
2018-06-22,102.09158325195312,102.09158325195312,101.85719290249607,101.85719290249607,10200
2018-06-25,102.26348114013672,102.36505308561473,102.17753839894529,102.17753839894529,8900
2018-06-26,102.29469299316406,102.31814275244946,102.17750380466612,102.23220004035569,68000
2018-06-27,102.84165954589844,102.84946818854237,102.59946048642608,102.71664973404438,50300
2018-06-28,102.76348876953125,102.85724013417763,102.70098388590446,102.81818501330001,20100
2018-06-29,102.63851165771484,102.90416047804429,102.63851165771484,102.78695931336006,38900
2018-07-02,102.5046615600586,102.7708029144636,102.49683808877525,102.73949708509929,225700
2018-07-03,102.91169738769531,102.91169738769531,102.62989717830997,102.62989717830997,33300
2018-07-05,102.98213195800781,103.15434383974855,102.90386143081632,102.90386143081632,16900
2018-07-06,103.17784881591797,103.27961366223167,103.02129578297975,103.24829588910555,24900
2018-07-09,102.7629623413086,102.84906828801935,102.74730345711691,102.81776246386497,10700
2018-07-10,102.7238540649414,102.77865420508203,102.63774809060098,102.7238540649414,32600
2018-07-11,102.91169738769531,103.00562680941388,102.76296784048782,102.9586620985546,17400
2018-07-12,102.91169738769531,102.91952085809532,102.79428561054709,102.79428561054709,8400
2018-07-13,103.12303161621094,103.1856552006136,102.96646668309059,103.05257261861581,13500
2018-07-16,102.83340454101562,102.84906342446682,102.62206336345234,102.84906342446682,4200
2018-07-17,102.73947143554688,102.93516566685268,102.73947143554688,102.90385984530407,6600
2018-07-18,102.58295440673828,102.83343689963472,102.5359896858347,102.79430759503653,121600
2018-07-19,102.97429656982422,102.98212003836939,102.80990817656128,102.84122593919554,11100
2018-07-20,102.36376190185547,102.70035031238658,102.3167971882214,102.70035031238658,49900
2018-07-23,101.61226654052734,102.12890215637589,101.5731253070429,102.12890215637589,8200
2018-07-24,101.75322723388672,101.78453307094907,101.51055623365949,101.53405054174861,14500
2018-07-25,101.5653076171875,101.95669608584718,101.55748414773645,101.87059014497292,20800
2018-07-26,101.4557113647461,101.80013510122382,101.4557113647461,101.73751151784357,11000
2018-07-27,101.62792205810547,101.79229851137949,101.62792205810547,101.79229851137949,8500
2018-07-30,101.42440795898438,101.58096094904718,101.36960784313725,101.36960784313725,6400
2018-07-31,101.72974395751953,101.75322632116414,101.69842617650421,101.75322632116414,3300
2018-08-01,101.27241516113281,101.39791049810007,101.03712636418676,101.1469317920596,134300
2018-08-02,101.4135971069336,101.43712598586251,101.29594074439537,101.39006822800468,76600
2018-08-03,101.7352066040039,101.77441343603014,101.54696354510865,101.54696354510865,19100
2018-08-06,101.81361389160156,102.05675365226412,101.81361389160156,102.05675365226412,7400
2018-08-07,101.52339935302734,102.05673654924475,101.50770944493469,102.05673654924475,7800
2018-08-08,101.57048797607422,101.62539668713829,101.51557926501013,101.52343020538896,22700
2018-08-09,102.04106903076172,102.04890800166201,101.82929713750856,101.89988377929478,29700
2018-08-10,102.60579681396484,102.72344122922519,102.37049601554843,102.37049601554843,83300
2018-08-13,102.5587158203125,102.62146349086103,102.44107141796805,102.48029020804768,7400
2018-08-14,102.40972137451172,102.62148133555438,102.3861805220549,102.59011347877282,16900
2018-08-15,102.78618621826172,102.95873933472754,102.71559957095172,102.71559957095172,48800
2018-08-16,102.72347259521484,102.79405926592426,102.48817172495073,102.79405926592426,12200
2018-08-17,102.76265716552734,102.9508882247087,102.66852966804123,102.8803015775157,9000
2018-08-20,103.24893188476562,103.25677085590137,103.08421774775597,103.10775859695295,16900
2018-08-21,103.05286407470703,103.09208287157175,102.93521965200938,103.09208287157175,24700
2018-08-22,103.33521270751953,103.42148926515623,103.17834950306062,103.39796038288216,21100
2018-08-23,103.37442779541016,103.40579564801949,103.31951909347515,103.32737003254869,5100
2018-08-24,103.44500732421875,103.45284629485813,103.07637224996729,103.13911991876479,17500
2018-08-27,103.09991455078125,103.23324887637239,103.06854669624624,103.22540990471255,36300
2018-08-28,102.73912811279297,102.83324364222761,102.69205838018024,102.79402484899805,24700
2018-08-29,102.76265716552734,102.83324381272035,102.6057939602444,102.76265716552734,10000
2018-08-30,102.95088195800781,103.00579065885698,102.8646054051696,102.95873289692608,8300
2018-08-31,102.93522644042969,103.28817169969535,102.9352264404297,103.28817169969535,5000
2018-09-04,102.53995513916016,102.62640101607666,102.42993420411938,102.57925089982812,87600
2018-09-05,102.44562530517578,102.49277540780037,102.41419590055241,102.46134600317701,18100
2018-09-06,102.72066497802734,102.82281951810904,102.51633191511007,102.52419825837731,76000
2018-09-07,102.10768127441406,102.19412711367302,102.0762518744005,102.19412711367302,12700
2018-09-10,102.19408416748047,102.25695493246403,102.11550470478026,102.11550470478026,8100
2018-09-11,101.75401306152344,101.94262537919484,101.72258367093175,101.94262537919484,8400
2018-09-12,101.88761901855469,102.02122691804189,101.87976466797453,101.94263544674058,7900
2018-09-13,101.9190673828125,102.11553408314444,101.9190673828125,102.11553408314444,9200
2018-09-14,101.65189361572266,101.74619381140249,101.54187272363689,101.55758142866493,23200
2018-09-17,101.69903564453125,101.74618573863017,101.40825674529299,101.41612308856077,15500
2018-09-18,100.99962615966797,101.44756409624266,100.92888901904813,101.44756409624266,22100
2018-09-19,100.732421875,100.94460931325632,100.58311122863388,100.94460931325632,7700
2018-09-20,100.88175201416016,100.96819787158005,100.59098503528409,100.62241444190047,8900
2018-09-21,100.93673706054688,100.94459141191228,100.73240401128491,100.73240401128491,10100
2018-09-24,100.77960205078125,100.93677307379944,100.66958113553048,100.66958113553048,26300
2018-09-25,100.66167449951172,100.66167449951172,100.5045035394022,100.52022423282583,41100
2018-09-26,101.07820129394531,101.07820129394531,100.67741347418368,100.75600496419707,202900
2018-09-27,101.14107513427734,101.14107513427734,100.88960394313962,100.95247473876859,17800
2018-09-28,101.03892517089844,101.27467567598721,101.03892517089844,101.27467567598721,13800
2018-10-01,100.61450958251953,100.92946646243223,100.60663385829649,100.89010586356926,68900
2018-10-02,101.06330871582031,101.18141451048356,100.9058183031605,100.9058183031605,78800
2018-10-03,99.92159271240234,100.54364274214683,99.69324477686952,100.54364274214683,27900
2018-10-04,99.58297729492188,99.74045568002207,99.43336862388598,99.58297729492188,16900
2018-10-05,99.11841583251953,99.43337864186795,98.96881315382636,99.27590024090169,26000
2018-10-08,99.0790786743164,99.19719051384239,99.06332722509016,99.19719051384239,27300
2018-10-09,99.37042999267578,99.43342378462782,99.1342122839836,99.21295152021432,23600
2018-10-10,99.45702362060547,99.45702362060547,99.00033374546261,99.13419101908349,18200
2018-10-11,100.0869369506836,100.25229109297288,99.57512307745486,99.72473178079991,24800
2018-10-12,99.89006042480469,100.18140203394549,99.7325820458943,99.8270666702745,208400
2018-10-15,99.89006042480469,100.05541452488511,99.83494239144454,100.00029649152496,12900
2018-10-16,99.9767074584961,100.00820434588131,99.74835953051604,99.92946513112678,439300
2018-10-17,99.60661315917969,100.08693011429551,99.56724055338348,99.98456974960808,543800
2018-10-18,99.7247085571289,99.91368381753472,99.39400034956492,99.44911838415892,39900
2018-10-19,99.60661315917969,99.65385548020215,99.46488018869606,99.62235859704843,87800
2018-10-22,99.56725311279297,99.79560103889905,99.54363194930215,99.70111638493582,26900
2018-10-23,99.81919860839844,100.4333787510722,99.75621085645018,100.26014891652952,27900
2018-10-24,100.48848724365234,100.50423267828992,100.07903385409554,100.14202760747581,16800
2018-10-25,100.1578140258789,100.36254080442984,100.05545364031215,100.22080780503572,35500
2018-10-26,100.6538314819336,100.77981296893961,100.52784398751321,100.5593408611183,19600
2018-10-29,100.59873962402344,100.76409374790347,100.29165253575823,100.55936701992135,42100
2018-10-30,100.29165649414062,100.4727560623597,100.25228388848456,100.32315337718224,14000
2018-10-31,99.9452133178711,100.06332514695742,99.80348032445092,99.95308904178809,38100
2018-11-01,100.0477523803711,100.08720288593648,99.7794612495117,99.81102526609637,53200
2018-11-02,99.28237915039062,99.83473459934996,99.19557957695089,99.79528407883735,14800
2018-11-05,99.47964477539062,99.59800837137954,99.44018823665347,99.48753728718258,24300
2018-11-06,99.31391143798828,99.53485354695843,99.24289089140734,99.51907454784097,34800
2018-11-07,99.32183074951172,99.74004357151948,99.29026672253833,99.66902300577372,117000
2018-11-08,99.2034683227539,99.51121006409356,99.05354069791878,99.50331755220154,35000
2018-11-09,99.7242660522461,99.7637225939876,99.3691812574647,99.3691812574647,12800
2018-11-12,100.17406463623047,100.17406463623047,100.02414298962523,100.02414298962523,15200
2018-11-13,100.1977310180664,100.21351002428993,99.8899832045829,100.01623933526574,26700
2018-11-14,100.37918090820312,100.5922365477472,99.89784011690313,99.94518915914709,18400
2018-11-15,100.40288543701172,100.70274072901965,100.25296381123125,100.63961266541551,78600
2018-11-16,100.8210678100586,100.89208836517516,100.48965460677248,100.60801818515228,15400
2018-11-19,100.99468231201172,100.99468231201172,100.6948330852836,100.70272559710405,15800
2018-11-20,101.04203796386719,101.2235236060357,100.95523838883946,101.11305251422279,36600
2018-11-21,101.01838684082031,101.01838684082031,100.82900262785958,100.92369473433995,10000
2018-11-23,101.10517883300781,101.3734640841981,101.07360877966336,101.34189403085365,18300
2018-11-26,100.99468231201172,101.03413283066872,100.87631871559553,100.93944676971384,19400
2018-11-27,101.09729766845703,101.17621077492831,100.93948349596405,100.95526852534822,68100
2018-11-28,100.97100067138672,101.12092225960534,100.86052959786902,100.97100067138672,26800
2018-11-29,101.30242156982422,101.42077913608566,101.0972524010455,101.30242156982422,20500
2018-11-30,101.6023178100586,101.6023178100586,101.37348904897252,101.52341673816187,108800
2018-12-03,101.95022583007812,101.95812828245667,101.36511860411962,101.36511860411962,85400
2018-12-04,102.89108276367188,103.23106901074397,102.33759770083725,102.37713407172636,33700
2018-12-06,103.25482177734375,103.87155075507079,103.2152853936822,103.38133337913658,35900
2018-12-07,103.4999008178711,103.54735170355895,102.95434231293369,103.11247573747238,107800
2018-12-10,103.68968200683594,103.89525427969558,103.42085394275597,103.62642621561561,108900
2018-12-11,103.4999008178711,103.74502150043404,103.34176739333242,103.531534741663,83200
2018-12-12,103.0966796875,103.31016648957427,103.04133840684926,103.22319127871508,55300
2018-12-13,103.00180053710938,103.25481165107166,102.96226415732518,103.23900675100535,90100
2018-12-14,103.20736694335938,103.3813173526556,103.12039173871126,103.2864396984244,195200
2018-12-17,103.610595703125,103.67385148607377,103.28642640462209,103.28642640462209,71500
2018-12-18,103.93062591552734,104.04152701714624,103.59000542030991,103.63753273710178,33100
2018-12-19,104.76239776611328,104.95251913428648,104.05738097919496,104.16828208880072,126000
2018-12-20,104.46931457519531,105.1505677672733,104.42178725042729,105.1505677672733,1580600
2018-12-21,104.52474975585938,104.73863478552757,104.38216779429024,104.7227883162484,136100
2018-12-24,104.90497589111328,105.00004261538115,104.69110295796698,104.8416141913533,132400
2018-12-26,104.3029556274414,105.1030271220525,104.3029556274414,104.86539050100048,45500
2018-12-27,104.52474975585938,105.190156417811,104.52474975585938,104.97628347545728,74100
2018-12-28,105.30101013183594,105.3247858687104,104.69106034324443,104.74650482979409,66400
2018-12-31,105.760498046875,105.99022952324934,104.92874584481923,105.05548132465638,96300
2019-01-02,106.04570007324219,106.04570007324219,105.57833190282065,105.72884316486194,233700
2019-01-03,107.0279769897461,107.1151144535932,106.05363050295871,106.08531135921385,95800
2019-01-04,105.89521026611328,106.2437601883393,105.77639192322656,106.14870551402991,79000
2019-01-07,105.53875732421875,106.15663696484974,105.51499365244989,106.13287329308088,117500
2019-01-08,105.24567413330078,105.57046046189923,105.22982765481949,105.4357956131119,208100
2019-01-09,105.2535171508789,105.33273740013301,105.01588057774258,105.23768277087848,590000
2019-01-10,104.96834564208984,105.42779651522419,104.94458198376509,105.33274188192519,35000
2019-01-11,105.41199493408203,105.51496678975839,105.31692818388898,105.34862112972574,52100
2019-01-14,105.2535171508789,105.48324862132802,105.14261605431096,105.3961111820737,88300
2019-01-15,105.1030044555664,105.41987336082559,105.06340641880772,105.41987336082559,68600
2019-01-16,105.11884307861328,105.21390978675349,104.7861398184023,104.92080456034637,71400
2019-01-17,104.99212646484375,105.16640137925857,104.90498900763633,105.12680333378604,31100
2019-01-18,104.58021545410156,104.8970723433676,104.42178700946855,104.76240756106375,221300
2019-01-22,105.04757690429688,105.22185180848571,104.91291213057181,104.99212030418462,30300
2019-01-23,104.99212646484375,105.10302758426086,104.75448984274668,104.75448984274668,264000
2019-01-24,105.39617156982422,105.54668287725612,105.25357745692877,105.36447861703861,75200
2019-01-25,105.06346130371094,105.21397260142169,104.92086720002528,105.09514216713046,73500
2019-01-28,105.00003814697266,105.22975753893994,104.99210886935462,105.03964827312244,21800
2019-01-29,105.39617156982422,105.467462582612,105.11891262588968,105.11891262588968,57200
2019-01-30,105.54666900634766,105.61004281627041,105.18227262112137,105.29317376665662,22900
2019-01-31,106.22786712646484,106.32292174827134,105.9189275182817,105.92684470766157,131200
2019-02-01,105.61512756347656,106.051720131228,105.58336876995057,106.019961337702,49400
2019-02-04,105.2419662475586,105.34516408509073,105.09907600232778,105.30547167739205,95100
2019-02-05,105.52777099609375,105.59127644781455,105.38488070161532,105.39282645334693,20500
2019-02-06,105.59130096435547,105.82944343549462,105.48016942614777,105.7897510048999,130400
2019-02-07,106.05958557128906,106.11514525558545,105.80556383615415,105.90876168010558,35300
2019-02-08,106.3374252319336,106.3691718940774,106.20246860865763,106.29773281993616,25800
2019-02-11,106.05165100097656,106.12309007119597,105.98019981833427,106.01195859115815,15500
2019-02-12,105.86115264892578,105.95640475870063,105.71826237183855,105.91671234215279,230300
2019-02-13,105.57537841796875,105.70238929898723,105.46424692518364,105.57537841796875,21800
2019-02-14,106.1469497680664,106.32158675811807,106.01993884576916,106.32158675811807,74000
2019-02-15,106.16279602050781,106.17072965851415,105.96434605852927,105.96434605852927,15800
2019-02-19,106.39299011230469,106.49618796605083,106.27392498292386,106.40092375012202,36100
2019-02-20,106.26602172851562,106.35334022912166,106.09933048072257,106.25808808752562,22100
2019-02-21,105.76592254638672,105.7976692187757,105.63097799198545,105.75797679396887,24300
2019-02-22,106.07548522949219,106.32156126216634,106.07548522949219,106.13899067541217,136300
2019-02-25,106.0040283203125,106.01197407089015,105.83733713212717,105.94846862839228,27100
2019-02-26,106.40098571777344,106.43274451238733,106.1310965257114,106.36923903559075,129200
2019-02-27,105.70240783691406,106.05168176475787,105.6150893549531,106.04373601303553,33300
2019-02-28,105.3769302368164,105.74208349780058,105.26579874215591,105.70239108275945,33600
2019-03-01,104.86712646484375,105.28866189481637,104.86712646484375,105.15345356219343,265600
2019-03-04,105.39998626708984,105.45565456242076,105.05002965837772,105.15342923897931,34500
2019-03-05,105.51140594482422,105.51140594482422,105.12167907103253,105.19325784292003,40600
2019-03-06,105.83745574951172,105.94880450123136,105.53521822222824,105.53521822222824,91800
2019-03-07,106.37830352783203,106.46579271150475,106.13174641096495,106.13969555998779,66900
2019-03-08,106.6169204711914,106.67258879124843,106.26696370703954,106.43399293942343,49000
2019-03-11,106.45785522460938,106.57715315354753,106.34650644556486,106.57715315354753,36200
2019-03-12,106.91910552978516,106.98273511159837,106.53734017500774,106.56916103396526,41600
2019-03-13,106.81568145751953,106.87931101751785,106.68842233752291,106.68842233752291,36200
2019-03-14,106.40213012695312,106.76003589971806,106.30669182384291,106.76003589971806,50200
2019-03-15,106.87934112548828,106.95886899581598,106.70436282022584,106.85548155077986,15100
2019-03-18,106.7520980834961,106.86344682764343,106.68846849596864,106.7361876525885,20400
2019-03-19,106.56121826171875,106.6884774474511,106.32261032249656,106.38623991536274,20600
2019-03-20,107.46788787841797,107.46788787841797,106.76002554808228,106.76002554808228,93500
2019-03-21,107.50769805908203,107.69858685423725,107.44406846069697,107.64290640461095,90500
2019-03-22,108.67684936523438,108.88363642598826,108.27122439125839,108.28712268632192,70700
2019-03-25,108.90753173828125,109.34497771812069,108.5019066312158,108.66893587301162,112700
2019-03-26,108.8438949584961,109.01887331939467,108.62914658173787,108.6768657463275,119000
2019-03-27,109.44835662841797,109.60742455385012,109.07454032879477,109.12225949281394,53500
2019-03-28,109.66310119628906,109.73467993983337,109.36881280154407,109.49607199191463,68700
2019-03-29,109.47218322753906,109.50399194859993,109.098367040543,109.098367040543,99900
2019-04-01,108.35079193115234,108.96447765814266,108.27906574725941,108.95651213585546,278700
2019-04-02,108.55809020996094,108.57402126526114,108.31899060823783,108.43853432854392,177300
2019-04-03,107.9045181274414,108.09580018080248,107.88060939090965,108.0001530735684,45500
2019-04-04,108.15154266357422,108.15154266357422,107.92838643213801,108.02402134243852,33200
2019-04-05,108.27908325195312,108.33486623918697,108.03998377255381,108.03998377255381,19800
2019-04-08,108.04798126220703,108.255194363079,107.98422057860637,108.19939920451331,52900
2019-04-09,108.29501342773438,108.47831773673587,108.21530955715814,108.43846580144775,85700
2019-04-10,108.55809020996094,108.67763393026704,108.47042076136617,108.51026056072759,48900
2019-04-11,108.19146728515625,108.37477170675307,108.10379783811243,108.3588406517347,62900
2019-04-12,107.58573913574219,107.7929522630177,107.55385270932535,107.71324835808409,45500
2019-04-15,107.7371597290039,107.74513741635722,107.59370728994952,107.60965050354737,57700
2019-04-16,107.25897979736328,107.4821361579167,107.17131035849519,107.41040993369087,206900
2019-04-17,107.1792221069336,107.38644730997683,107.17125658416403,107.17125658416403,58700
2019-04-18,107.54589080810547,107.70528646223663,107.49807332797701,107.57776507448814,74000
2019-04-22,107.23506927490234,107.38649940871484,107.1792741051359,107.36259066770333,142200
2019-04-23,107.39446258544922,107.47416649448317,107.34664510447249,107.41837132593758,23800
2019-04-24,108.0160903930664,108.03999912829401,107.80887730072496,107.82480835013908,31700
2019-04-25,107.88859558105469,108.05596892994274,107.78499508994248,108.01611697438754,29500
2019-04-26,108.20738220214844,108.31896036364982,108.11971277803254,108.30301715169034,41000
2019-04-29,107.8327865600586,107.96030792262994,107.71323072223302,107.89654724134427,67300
2019-04-30,108.17547607421875,108.24721443441564,107.7371290334835,107.7371290334835,359900
2019-05-01,108.35041046142578,108.78167859944183,108.17471043277601,108.30249448745916,103000
2019-05-02,107.89518737792969,108.23061135342543,107.76740333407687,108.16671933149904,127600
2019-05-03,108.12680053710938,108.30250057563605,107.99901647524291,108.10284254877928,33400
2019-05-06,108.43821716308594,108.60593519113698,108.37432516126428,108.5739830971495,32600
2019-05-07,108.95732879638672,109.10108885477466,108.70177296147502,108.7576708497369,185300
2019-05-08,108.68577575683594,109.14100163593712,108.61390183470994,109.11704366189512,83200
2019-05-09,109.07716369628906,109.29279775567609,108.76569769324452,109.10910361545568,57300
2019-05-10,108.90946960449219,109.35670168830832,108.85357168709533,109.0931637851855,52600
2019-05-13,109.64422607421875,109.72409418084628,109.37269400954459,109.43658605761418,39000
2019-05-14,109.4444808959961,109.53233086890899,109.3246910175478,109.4684510578382,25100
2019-05-15,109.91572570800781,110.01953958108885,109.69210972361562,110.01953958108885,73100
2019-05-16,109.66014862060547,109.69210072212928,109.51640072221686,109.62820870523784,223100
2019-05-17,109.78792572021484,109.95563159107597,109.59624968164673,109.95563159107597,35000
2019-05-20,109.54833221435547,109.90771411885011,109.4924343202211,109.7959061444261,24500
2019-05-21,109.38864135742188,109.50843129976036,109.25287536071859,109.45253338872205,101600
2019-05-22,109.85182189941406,109.89973786433455,109.5643139237353,109.5643139237353,46700
2019-05-23,110.76225280761719,111.00184479894256,110.22717093247833,110.22717093247833,31200
2019-05-24,110.81812286376953,110.81812286376953,110.5945069776771,110.73027289522237,32600
2019-05-28,111.44908905029297,111.51298106747977,111.06574913332844,111.16158106603052,24900
2019-05-29,111.59285736083984,112.15189738078324,111.57689349324036,111.93627549276408,51500
2019-05-30,112.23973846435547,112.26370863616391,111.4970165368616,111.69667454139102,35600
2019-05-31,113.18211364746094,113.24600566168931,112.6390376195977,112.69494770185591,161300
2019-06-03,113.80313110351562,113.9471697021553,113.22695228735655,113.4510204702184,954100
2019-06-04,113.09089660644531,113.44299498175437,112.80280723697534,113.24293325881129,305500
2019-06-05,112.88282012939453,113.24292877427169,112.81879891529223,113.08288184441496,124800
2019-06-06,112.97084045410156,113.49900627813204,112.83479996199625,113.1869105113499,81700
2019-06-07,113.69912719726562,113.89119092716163,113.55507634714272,113.83516776022394,139600
2019-06-10,112.87478637695312,113.12286087143438,112.8347716044381,113.12286087143438,650500
2019-06-11,112.96278381347656,113.03480305828671,112.79472669812863,112.85074980684158,193400
2019-06-12,113.13092041015625,113.13893069548807,112.89885414074898,112.89885414074898,54800
2019-06-13,113.47502136230469,113.55503873181941,113.25895126409577,113.25895126409577,55400
2019-06-14,113.63507843017578,113.75511060053529,113.36299737016047,113.36299737016047,59300
2019-06-17,113.69912719726562,113.82716968386296,113.4670486639575,113.64310403032793,62900
2019-06-18,114.05123138427734,114.40334209680957,113.89918246651999,114.40334209680957,86700
2019-06-19,114.29124450683594,114.40327856125798,113.61102989804749,113.73106202392962,82700
2019-06-20,114.58731842041016,114.84339099578706,114.47528437915877,114.57131006857577,232100
2019-06-21,113.88313293457031,114.33927952294303,113.8111136450794,114.31527309311272,43700
2019-06-24,114.39535522460938,114.46737455487659,114.15527857957993,114.21929983230814,41200
2019-06-25,114.76342010498047,114.85944583326078,114.60337315424675,114.6513860183869,58400
2019-06-26,114.10717010498047,114.53931014619015,114.0511591875171,114.53931014619015,30900
2019-06-27,114.58731842041016,114.71536081349596,114.2112015224673,114.2912310708446,41100
2019-06-28,114.53129577636719,114.66733624054534,114.32323604482322,114.41926173464432,53700
2019-07-01,114.37657928466797,114.66524753010117,114.01574703671005,114.53694781316764,246100
2019-07-02,114.98592376708984,115.03404531198761,114.51283257588292,114.59302291538457,40400
2019-07-03,115.38691711425781,115.53927150541797,115.16239871739073,115.18645338595971,50600
2019-07-05,114.35254669189453,114.39264189059308,113.91152397688408,114.39264189059308,108200
2019-07-08,114.36056518554688,114.68932869790322,114.36056518554686,114.66527402483688,36600
2019-07-09,114.2803726196289,114.36857715486967,114.1119776940472,114.36857715486967,22700
2019-07-10,114.0557861328125,114.32841372071186,113.87135079217904,114.29633268958933,75600
2019-07-11,113.10157775878906,113.7911731065367,112.98129224462666,113.7911731065367,39500
2019-07-12,113.23794555664062,113.33416422559465,112.98134612565084,113.06153650666873,18700
2019-07-15,113.71109008789062,113.71109008789064,113.3903528847259,113.3903528847259,51600
2019-07-16,113.3662338256836,113.37424796884248,113.00538938287146,113.14972960706292,71500
2019-07-17,114.19219207763672,114.19219207763672,113.64692422648905,113.64692422648905,71400
2019-07-18,114.38457489013672,114.5128745862764,113.88742886176104,113.91148352537067,45200
2019-07-19,114.20018005371094,114.29639873201849,114.06386618099675,114.11197552015052,52800
2019-07-22,114.27236938476562,114.58509239389888,114.23228641681224,114.5690641008528,27700
2019-07-23,113.92755889892578,114.22424133109395,113.83935436026279,114.07991330528334,23200
2019-07-24,114.26434326171875,114.34453365989684,114.11198884638256,114.16009819115463,32900
2019-07-25,113.89543151855469,114.00769068252283,113.59874920706697,113.99166239862112,38200
2019-07-26,114.00772094726562,114.16810171150763,113.92754280047909,114.16810171150763,21400
2019-07-29,114.12000274658203,114.32046648476644,114.06386702692932,114.25631662030716,863100
2019-07-30,114.26434326171875,114.39264300466891,114.03982482922443,114.34453365989684,46600
2019-07-31,114.8817138671875,115.01000130645747,114.16003737405818,114.16003737405818,100100
2019-08-01,116.504638671875,116.62515976072851,115.17899250952273,115.18702234506327,253500
2019-08-02,117.0911865234375,117.0911865234375,116.56092297881436,116.64930023625155,60300
2019-08-05,118.5453872680664,118.60162065559906,117.95889032170717,118.17580629271279,97300
2019-08-06,119.09977722167969,119.12387900121817,118.14369910232698,118.19993250148417,175300
2019-08-07,119.08365631103516,120.74673971176426,118.94707553005105,120.42537461054198,203000
2019-08-08,119.1800765991211,119.2523819160163,117.99101088165469,118.57750777307274,88200
2019-08-09,118.9310073852539,119.66212711200806,118.89083368149836,119.31664797086218,179100
2019-08-12,120.38521575927734,120.58607203714291,119.71034160787966,119.81479079534392,47500
2019-08-13,120.03167724609375,120.69049156002374,119.68621041753872,120.69049156002374,119900
2019-08-14,121.48593139648438,121.61447011301776,121.1645539569114,121.2690031571846,164500
2019-08-15,122.4339599609375,122.95618141257974,121.53412770236808,121.68678044465291,128300
2019-08-16,121.87152862548828,122.0081093913888,121.16451076972893,121.76707946244434,258400
2019-08-19,120.97974395751953,121.20470198790765,120.70658238623298,120.70658238623298,64400
2019-08-20,121.77508544921875,121.82328896885618,121.49388190561666,121.68670824345419,46800
2019-08-21,121.32521057128906,121.88761790530624,121.19667188227585,121.30110880089326,58800
2019-08-22,120.8431396484375,121.41356445042038,120.77886418665378,120.98775024298274,35400
2019-08-23,122.01618194580078,122.24918212042856,120.79498446103958,120.81908623644304,120800
2019-08-26,121.76705932617188,122.18484364996836,121.6626101804004,121.98398745227824,48900
2019-08-27,122.86781311035156,122.89192714552352,122.24114241898413,122.24114241898413,79700
2019-08-28,122.87584686279297,123.3498647685533,122.84370299094421,123.30969105838994,86300
2019-08-29,122.61869812011719,122.69101567452479,122.01612947555999,122.69101567452479,126800
2019-08-30,122.52234649658203,122.59465182441456,122.05635839616804,122.19293921295035,72400
2019-09-03,122.67121124267578,123.46803099368398,122.26071643136724,122.6068196589129,708600
2019-09-04,122.93683624267578,123.04951845702895,122.33317889118949,122.3653685461017,282600
2019-09-05,121.39143371582031,121.89045302703416,120.85215585710306,121.83410579825268,89200
2019-09-06,121.88247680664062,122.04346197710633,121.52834136337097,121.576632001933,192200
2019-09-09,120.51415252685547,120.85219917640845,120.49806383981044,120.79586420886986,43000
2019-09-10,119.06534576416016,120.40949999960168,119.06534576416016,120.24047057191696,283100
2019-09-11,118.92857360839844,119.2666203396366,118.86418200033734,118.86418200033734,66900
2019-09-12,118.48588562011719,119.61270790883653,118.21221825162091,119.5000256799646,184000
2019-09-13,116.69902801513672,117.84195097410581,116.69902801513672,117.6165865755169,169600
2019-09-16,117.62464141845703,117.81781618368069,117.10952099263362,117.36708734626518,69300
2019-09-17,118.12364959716797,118.3409696521127,117.56829522788027,117.74535672729469,95500
2019-09-18,118.41350555419922,119.1218012756315,118.29277891143187,118.62278144359453,193400
2019-09-19,118.59860229492188,119.03323036639276,118.56640034506749,118.9768953763157,205100
2019-09-20,119.60462188720703,119.62876719344868,118.84803620780183,118.96876273901007,63000
2019-09-23,119.6449203491211,120.38541774435177,119.58858536467947,119.85419615790357,99200
2019-09-24,120.77169036865234,120.9165622064795,119.97485841629022,119.99900372259475,99600
2019-09-25,119.45973205566406,120.73143800980645,119.36315083531605,120.6026548617178,166300
2019-09-26,119.9426498413086,120.32094262230136,119.87825827417838,120.00704140843881,95200
2019-09-27,120.16807556152344,120.3049031060216,119.90246481698867,119.97490076146853,75000
2019-09-30,120.31292724609375,120.3531735245268,119.7414718492401,119.75756053546142,77000
2019-10-01,120.67578887939453,121.05474103264174,119.36962070181029,119.45024122840691,290300
2019-10-02,120.98216247558594,121.30466914395984,120.69995991362819,120.76446370787113,167800
2019-10-03,121.86910247802734,122.43350778956832,121.256334683278,121.256334683278,214400
2019-10-04,122.3366928100586,122.43345464300708,121.91743664436007,122.03031519710036,243900
2019-10-07,121.77227020263672,122.11090577786544,121.74808282603728,121.88514872771296,100400
2019-10-08,122.06253814697266,122.4576191592106,121.61908237871316,122.40117374196065,897800
2019-10-09,121.5142822265625,121.78841406332154,121.19983398961232,121.78841406332154,339300
2019-10-10,120.24845886230469,120.90154293432923,120.0872055104091,120.90154293432923,173600
2019-10-11,119.07122039794922,119.73237477005392,118.75677222905037,119.5066177412463,309200
2019-10-14,119.56307220458984,119.86140371246152,119.43407695282545,119.65983402196007,197100
2019-10-15,118.58753967285156,119.37768980048247,118.5230358640673,119.27286957335261,230700
2019-10-16,118.86160278320312,118.93416491248792,118.53102556823495,118.61971671608406,103100
2019-10-17,118.71652221679688,119.17609484091038,118.56332724114537,118.66007678246591,99300
2019-10-18,118.7971420288086,119.11159033907572,118.76489628284004,118.8858332087732,96800
2019-10-21,118.11986541748047,118.45044273754213,118.05536162555329,118.2085565935253,108200
2019-10-22,118.5955581665039,118.68424933591105,118.16823134195297,118.62781621147346,106100
2019-10-23,118.69232940673828,119.11158560185952,118.66007135921178,118.95033227274824,77300
2019-10-24,118.53910827636719,119.08737193491116,118.52297925616364,118.79711108543563,113600
2019-10-25,118.18437194824219,118.76489378619962,118.00698959204183,118.76489378619962,54500
2019-10-28,117.4264144897461,117.56348037502987,117.26516123075548,117.53929300132302,93300
2019-10-29,117.53126525878906,117.67638953883191,117.45869081592937,117.67638953883191,183900
2019-10-30,118.5955581665039,118.5955581665039,117.78927928201696,117.80540830450174,363400
2019-10-31,119.72437286376953,119.9259426133061,119.16803838659398,119.20835479706953,148100
2019-11-01,119.40042877197266,119.93350540912911,118.99658507552047,119.513504514006,372100
2019-11-04,118.34245300292969,118.55244745289596,118.22937717227997,118.43937162224624,161200
2019-11-05,117.38127136230469,117.56703610851186,116.72704620555676,117.47011751472341,71500
2019-11-06,117.90628051757812,118.10820249998736,117.47820690081775,117.79320470040255,94800
2019-11-07,116.37166595458984,116.94511742176742,115.74167042269252,116.94511742176742,206900
2019-11-08,116.0243148803711,116.63008055985301,116.01624244140501,116.13739064756767,96100
2019-11-11,116.20205688476562,116.43629328274861,116.02436455675769,116.43629328274861,37900
2019-11-12,116.4685287475586,116.53314522299024,115.99199610612426,116.27469164559616,1247900
2019-11-13,116.90470886230469,117.12277564302498,116.76740344781363,117.09854600072272,104500
2019-11-14,117.7123794555664,118.01121988365412,117.6396782148336,117.68006505427782,46900
2019-11-15,117.58312225341797,117.768886887357,117.42158725328271,117.42158725328271,19600
2019-11-18,117.8819808959961,118.1081323961135,117.85775125843583,117.93044017111663,22000
2019-11-19,118.39089965820312,118.49590303413342,118.01935778330042,118.01935778330042,66300
2019-11-20,119.17432403564453,119.23085576667077,118.76239541610654,118.82701191180537,74600
2019-11-21,118.73811340332031,118.88350353560492,118.43120058953008,118.6573520625675,87600
2019-11-22,118.77854919433594,118.9643139114005,118.67354585131265,118.88355253735922,44400
2019-11-25,118.9724349975586,119.0855108152067,118.89166127452145,118.94012057860782,24300
2019-11-26,119.33588409423828,119.45703234632425,119.27126758501277,119.31165444382108,65300
2019-11-27,118.98045349121094,119.16621818075792,118.94815141124658,118.99661069336022,106000
2019-11-29,118.81084442138672,118.92392018625722,118.49584676750933,118.89160578238905,19700
2019-12-02,117.76638793945312,117.9524676765243,117.53985286513111,117.58839433173787,292400
2019-12-03,119.57051086425781,119.83750111608735,118.80190929729731,118.80190929729731,175700
2019-12-04,118.77770233154297,119.25504318410108,118.53498266821744,119.16604638572288,169000
2019-12-05,118.3974380493164,118.5026194449983,118.0333647464931,118.08190620750499,148700
2019-12-06,117.8957748413086,118.23557726475727,117.68542448733432,117.68542448733432,95700
2019-12-09,118.11431121826172,118.32466172815944,118.06575739729642,118.30847712117101,28800
2019-12-10,118.03336334228516,118.42980584455618,117.95245267807178,118.3408090520151,67500
2019-12-11,118.74536895751953,118.92336258948129,118.34084022037689,118.34084022037689,44200
2019-12-12,117.26477813720703,118.43790886420551,116.82788024052003,118.40555200104595,118700
2019-12-13,118.35697937011719,118.4459761612006,117.28094409415482,117.70164497451835,50800
2019-12-16,117.48320007324219,117.92817165186423,117.31329263132189,117.92817165186423,52300
2019-12-17,117.47510528564453,117.78255097817696,117.2647548537838,117.65309886077031,44800
2019-12-18,116.77119445800781,117.30517502333328,116.61747165781749,117.24044898403052,61700
2019-12-19,116.88555145263672,117.12070795721148,116.48012114947426,116.56931631108004,81100
2019-12-20,116.95855712890625,116.99909026754344,116.593659899148,116.64232193646792,43700
2019-12-23,116.79634094238281,117.10447189157394,116.65039199134449,117.00717259088172,27500
2019-12-24,117.07202911376953,117.12878290823275,116.48009211034483,116.48009211034483,14600
2019-12-26,117.30719757080078,117.3720679013485,116.92609211180192,117.16935275816827,29000
2019-12-27,117.42070007324219,117.57476553876035,117.42070007324219,117.44502489698205,32800
2019-12-30,117.16121673583984,117.17742503450488,116.42333084592721,116.52874665098533,38500
2019-12-31,116.44767761230469,116.91797818991176,116.44767761230467,116.78823753965821,106700
2020-01-02,117.33146667480469,117.68014298931065,117.21794674344696,117.25038807968892,182000
2020-01-03,118.64512634277344,118.64512634277344,117.91534439504252,118.09373471297116,122300
2020-01-06,118.34510803222656,119.01001969650224,118.23158803744188,119.01001969650224,142500
2020-01-07,118.00452423095703,118.43427929395791,117.97209525588576,118.27210967310364,75100
2020-01-08,117.45310974121094,118.32882790514873,117.19362852764029,118.09368388150243,98800
2020-01-09,117.67204284667969,117.72880900663165,116.92605285496573,116.9828190149177,93600
2020-01-10,118.31263732910156,118.34506629928231,117.8585575100885,117.8585575100885,129500
2020-01-13,118.02890014648438,118.0775498165247,117.7207690725566,117.97214632235546,54900
2020-01-14,118.50724792480469,118.50724792480469,118.13425905250377,118.13425905250377,57300
2020-01-15,119.02619171142578,119.05863305590273,118.71807317538085,118.91267175125182,48100
2020-01-16,118.66943359375,118.88025285973544,118.45860195501582,118.78295356354967,145000
2020-01-17,118.12616729736328,118.15860865038616,117.71263284195379,117.80182800364027,94300
2020-01-21,119.00188446044922,119.09107961180925,118.61267487849156,118.61267487849156,180400
2020-01-22,119.27754974365234,119.32619937983678,119.09915949581229,119.13969261080216,51100
2020-01-23,119.86144256591797,120.11280741995606,119.75602670864271,119.81278052757717,80300
2020-01-24,120.58302307128906,120.8424918956203,120.08028134514099,120.12082682877713,114200
2020-01-27,121.82372283935547,121.83182699261812,121.47504628501255,121.67776147135635,82600
2020-01-28,121.13448333740234,121.71019989675557,121.0939378265601,121.67775853898067,48500
2020-01-29,122.05074310302734,122.14804241744245,121.39394798522324,121.39394798522324,65200
2020-01-30,122.18860626220703,122.76431045590631,122.05076142184589,122.3507759348229,142500
2020-01-31,123.13726806640625,123.1778135633356,122.61831787485656,122.61831787485656,86300
2020-02-03,123.08699798583984,123.16009187457368,122.22608135943065,122.721516149175,165200
2020-02-04,121.87674713134766,122.17725227642929,121.61685380416574,122.17725227642929,24200
2020-02-05,121.0483627319336,121.38136242495662,120.98339866826308,121.2026802673829,131500
2020-02-06,121.34070587158203,121.44629412386905,120.97522428141812,121.05644792056003,51900
2020-02-07,122.20165252685547,122.41281666992026,122.03920522435571,122.16104070123053,24500
2020-02-10,122.47776794433594,122.7945202903382,122.38842690351547,122.607720802436,34100
2020-02-11,122.07167053222656,122.36405825681697,121.99044690034567,122.33969364584996,59200
2020-02-12,121.62503814697266,121.68189720192206,121.42199133871394,121.66564998722313,41700
2020-02-13,121.81999969482422,122.12862249759277,121.58445839500413,121.62507024597281,60000
2020-02-14,122.1529312133789,122.41283702620743,122.1529312133789,122.30724874062193,35900
2020-02-18,122.71332550048828,122.98946609411992,122.40470288118982,122.63211423982641,23600
2020-02-19,122.71332550048828,122.77018453664222,122.4696669325235,122.53464337684674,29100
2020-02-20,123.41178894042969,123.57422383125501,123.03006013084692,123.03006013084692,38000
2020-02-21,124.16719055175781,124.64637805419058,123.97226115058456,123.98037856159407,87400
2020-02-24,125.54792022705078,125.95401389615381,125.44233190732551,125.76721427840509,110900
2020-02-25,126.14885711669922,126.52245609690287,125.53971702929226,125.53971702929226,139100
2020-02-26,125.9052963256836,126.5956481914423,125.37736707104837,125.61290836106919,121200
2020-02-27,126.92854309082031,127.59454216811667,126.27879121840553,127.29402464624546,262200
2020-02-28,129.04031372070312,129.43827754006773,128.26060851095835,128.44740810765998,539100
2020-03-02,128.44329833984375,130.10252724808444,128.44329833984375,129.45997846133818,331600
2020-03-03,130.48475646972656,132.31478025243788,127.89019984273376,128.56527677185557,247400
2020-03-04,129.74462890625,131.07851247268334,129.55755086421001,130.63929979470834,164200
2020-03-05,131.81869506835938,132.05455941604302,131.1354765361661,131.29001391355925,99000
2020-03-06,135.7307891845703,137.10534190739054,134.89304623704774,136.57666110057718,537500
2020-03-09,139.48849487304688,143.08347383472505,137.46326386157705,142.19693186044228,469200
2020-03-10,134.58404541015625,140.0497186002901,134.44577840634773,138.39863111687944,455200
2020-03-11,132.7052459716797,136.8288947153427,132.69710458666148,136.23515690946496,323200
2020-03-12,132.19281005859375,137.1948711004045,130.3058582789457,135.6495223392105,445800
2020-03-13,129.89918518066406,132.65642104546004,128.4026226793558,130.81012655573787,444000
2020-03-16,136.55233764648438,136.5767369761313,132.29855156587868,133.92523973245096,493300
2020-03-17,129.52500915527344,135.71455640002964,129.52500915527344,135.12894783046366,221300
2020-03-18,122.99388122558594,130.12691161262225,120.89545220687826,128.45955392300024,904500
2020-03-19,126.88980865478516,129.6633150161242,123.76657028733129,125.88939888612256,424300
2020-03-20,132.1765594482422,133.05497266005608,129.99680298276306,129.99680298276306,157500
2020-03-23,136.5196990966797,136.5603563394944,131.60709785086516,131.6721668142588,173400
2020-03-24,134.51087951660156,136.21076606452706,132.72151219178667,134.25874477828182,137000
2020-03-25,134.66529846191406,135.99918139671334,133.4615410639301,134.96623160609118,55000
2020-03-26,134.46202087402344,135.45428902433383,134.23427316191325,134.95814874385707,95300
2020-03-27,136.91830444335938,137.30871843760895,135.4217546973305,135.9341653081314,175400
2020-03-30,136.14566040039062,138.8947672682141,136.14566040039062,137.54461316301658,353600
2020-03-31,136.32461547851562,137.03222092799288,135.87727370732142,136.41408383275447,612000
2020-04-01,137.79214477539062,138.7205859283878,136.8962750544718,138.4192535800338,179100
2020-04-02,138.0771942138672,138.82647389872744,137.4338058647069,138.15864144003518,167500
2020-04-03,137.8898468017578,138.91602692139676,137.4907878015417,137.88170705197138,79600
2020-04-06,136.98593139648438,137.53974543907785,136.68459889553506,137.0185152721644,390900
2020-04-07,136.21217346191406,136.334331875344,134.87652095763767,135.47919812713025,718600
2020-04-08,135.10458374023438,135.8457113936416,134.8358227529404,135.21046266989381,57200
2020-04-09,135.3814239501953,135.85379040510762,134.69731215774254,134.69731215774254,84000
2020-04-13,134.7625274658203,135.70726079646772,134.7625274658203,135.30004943950982,28400
2020-04-14,134.9009552001953,135.37332178625815,134.5751911401324,135.14528445879367,87200
2020-04-15,137.0673065185547,137.27091213951894,136.33431882682285,136.54607662597022,42600
2020-04-16,137.8736572265625,137.98767594370955,137.4908898688681,137.78407020401067,74500
2020-04-17,136.7659912109375,138.2156749774236,136.61940109727354,137.6292896685606,60700
2020-04-20,137.67001342773438,137.67001342773438,136.92074600403186,137.14064362170583,64900
2020-04-21,138.58212280273438,139.1440762642483,138.4436724817541,139.07892097900466,254000
2020-04-22,137.58038330078125,138.15862872832622,137.1976161688947,138.15048897729912,39300
2020-04-23,138.093505859375,138.32154321267873,137.79217344831727,137.91433187790724,75200
2020-04-24,138.4517822265625,138.54136917096946,137.83282579153996,138.0527108510956,38500
2020-04-27,136.82298278808594,137.92245815633075,136.76596724691555,137.92245815633075,62300
2020-04-28,138.2238006591797,138.23194041118677,137.41751783479617,137.43380976591263,31300
2020-04-29,137.9631805419922,138.64730495607515,137.5152580631779,138.34596015003896,25100
2020-04-30,136.95326232910156,138.3785014100753,136.9288306533099,137.8979952167078,342800
2020-05-01,137.51182556152344,137.7075183851475,136.9655304256274,137.5525964549697,102300
2020-05-04,137.23460388183594,137.52813689755365,137.00630180755883,137.4792168018557,94700
2020-05-05,137.1449737548828,137.1938938722906,136.5008381397879,136.5008381397879,46700
2020-05-06,135.91372680664062,135.9218760096628,135.17173876108612,135.70172311275,68600
2020-05-07,137.56890869140625,137.62597798958402,135.9218616234601,136.01155261333662,46300
2020-05-08,136.44369506835938,137.1775338243547,136.2724747343647,136.7046188326768,90500
2020-05-11,135.5712127685547,136.43550067892713,135.38366920949218,136.21534788089005,29600
2020-05-12,136.435546875,136.7372290933838,135.66094966144192,135.66094966144192,44000
2020-05-13,136.9818878173828,137.52818313890853,136.78619492726284,136.92480605885586,68600
2020-05-14,137.75645446777344,138.26199121042237,137.56892326599294,137.87876716230699,42600
2020-05-15,137.3976593017578,138.30271829325662,137.25089903144755,138.30271829325662,74900
2020-05-18,135.51422119140625,136.56605336051146,135.1880788186102,136.4111313788964,98300
2020-05-19,135.99526977539062,135.99526977539062,135.0902104880709,135.25329409709127,66600
2020-05-20,136.22348022460938,136.45178217290848,135.53856193818905,135.56302197254087,184600
2020-05-21,136.5252227783203,136.87582505375102,136.3132191312891,136.5822920699243,365400
2020-05-22,136.94920349121094,137.06335450416174,136.565979567406,136.5822779681652,36000
2020-05-26,135.9300079345703,136.0767682060704,135.71800428703202,136.00338807032034,101900
2020-05-27,135.9545135498047,136.58233817703098,135.6691296708598,135.74250983120584,55800
2020-05-28,135.63645935058594,135.78321960520722,135.28584467311197,135.45707741169733,167400
2020-05-29,136.36215209960938,136.5415340592736,135.7995461753469,135.97076649223544,171100
2020-06-01,135.83154296875,135.88868962269558,135.34177322598768,135.63564005391657,329200
2020-06-02,135.5050506591797,135.82340540045294,135.17853744709248,135.53769699811616,122100
2020-06-03,134.01119995117188,134.68056808611098,133.70917467138023,134.62342143551365,112500
2020-06-04,132.72958374023438,133.68464748015873,132.5989735393026,133.53770789019188,402700
2020-06-05,131.85626220703125,131.85626220703125,130.11754813253836,130.98283216056967,186000
2020-06-08,132.01950073242188,132.23174558711906,131.26035170636064,131.26035170636064,125300
2020-06-09,133.09693908691406,133.6765017221798,133.00714611382938,133.39080586649337,58100
2020-06-10,134.63160705566406,134.67242432065402,133.52145716429195,133.64389650358137,174400
2020-06-11,136.23973083496094,136.57441502076009,135.83158303442997,136.07647420588503,239500
2020-06-12,135.4561004638672,136.14994428430043,135.32549017213282,135.55405195482646,63400
2020-06-15,135.46421813964844,136.45194104686166,135.2356564257887,136.35397712972232,204300
2020-06-16,134.256103515625,134.98260591301442,133.5051132530399,133.83162642610154,1159600
2020-06-17,134.62338256835938,134.72133399175752,133.97034401579816,134.4111503324386,66800
2020-06-18,135.53775024414062,135.66836056255804,134.98267507439488,135.48061601463644,55300
2020-06-19,135.66014099121094,135.7009582542942,134.84384555226575,134.84384555226575,127300
2020-06-22,135.60302734375,136.23157847234634,135.40712436234654,136.09280970862457,95600
2020-06-23,135.13775634765625,135.4234523707713,134.917353019888,135.08878059830417,85700
2020-06-24,136.10093688964844,136.1172662862387,135.12954331124863,135.284641439656,79800
2020-06-25,136.26416015625,136.81924740341583,136.2478432193312,136.72945442765416,275700
2020-06-26,137.21922302246094,137.3090159893639,136.6151601127797,136.68046522104328,68500
2020-06-29,137.088623046875,137.2926968545652,136.8845492391848,137.0314764019969,96700
2020-06-30,136.60704040527344,137.40700641104766,136.39479562927664,137.40700641104766,126400
2020-07-01,136.39454650878906,136.59066033340068,135.72445769046325,136.05950209962614,220800
2020-07-02,136.50076293945312,136.6233465419779,135.7326297214353,135.93692325655542,181000
2020-07-06,136.10858154296875,136.15761001748805,135.44667219877175,135.81439822675972,97400
2020-07-07,137.3506622314453,137.42420492821483,136.30468009153208,136.419083998426,47400
2020-07-08,136.97470092773438,137.22802287090124,136.65600356873645,136.90932551190332,60100
2020-07-09,138.3721923828125,138.5519718129572,137.072887612391,137.11373637179966,65300
2020-07-10,137.84097290039062,138.88696761225344,137.7837771758646,138.79707792877662,72800
2020-07-13,138.13510131835938,138.18414223730653,137.17900913882417,137.36696815540427,41500
2020-07-14,138.20054626464844,138.7970926222795,138.15969751527342,138.7235374413994,81000
2020-07-15,137.82467651367188,138.24143108738357,137.52231342065406,137.53866040465118,54300
2020-07-16,138.24142456054688,138.59281611987035,138.15153485644967,138.43755095196659,43900
2020-07-17,138.01258850097656,138.37214724397307,137.89001732454238,138.35580026408445,50500
2020-07-20,138.27413940429688,138.58465731789317,138.07801298326504,138.51928184421587,147800
2020-07-21,138.48654174804688,138.6908353409402,138.33127662239335,138.46202751442698,84200
2020-07-22,138.62547302246094,139.0340602469399,138.62547302246094,139.02589299132364,83400
2020-07-23,139.49984741210938,139.58155737071388,139.0258847634728,139.2710271083781,70300
2020-07-24,139.48350524902344,139.57339493495647,139.04222407477315,139.13211376070618,80800
2020-07-27,138.9768829345703,139.77771050931682,138.93602171288958,139.75319627012723,77600
2020-07-28,139.77767944335938,139.8021936771006,139.31188406409296,139.41812072303262,76400
2020-07-29,139.76133728027344,139.95746362605271,139.21383192603457,139.72047606626626,101400
2020-07-30,140.40692138671875,140.47228437057024,140.2107950278863,140.40692138671875,65200
2020-07-31,140.4314422607422,140.57852768499936,139.82672864424512,139.97381406850226,82500
2020-08-03,140.0011444091797,140.01750795657952,139.4530841477161,139.65758480416056,188700
2020-08-04,140.96641540527344,140.96641540527344,140.5001478465425,140.53287494631206,89800
2020-08-05,140.02566528320312,140.39377640232476,139.8538917438924,140.08293145079196,87700
2020-08-06,140.4755859375,141.27723748909062,140.29562436320248,140.78643092614655,132900
2020-08-07,139.78030395507812,140.83552193543406,139.6821351444951,140.65556034471746,85500
2020-08-10,139.436767578125,140.08298432039982,139.3876769237807,140.0420816826459,118200
2020-08-11,138.3324737548828,138.3979154860328,137.48993174914455,138.18522673936187,194700
2020-08-12,137.33441162109375,137.57162680645263,136.88450784018028,137.30169701962961,364200
2020-08-13,136.3528594970703,137.3017455372591,135.96022173213098,137.20357673472716,336500
2020-08-14,136.12384033203125,136.68007620961072,136.09930124812223,136.44286090457982,79100
2020-08-17,136.59010314941406,136.9827534776749,136.37742691623853,136.63918132001365,153600
2020-08-18,137.13815307617188,137.2526729594236,136.74551525955613,136.89276224186898,104700
2020-08-19,136.5818634033203,137.53074919458382,136.32828465328336,137.39169028268375,330800
2020-08-20,137.4735107421875,137.7025504646238,137.35899088096934,137.60439414978788,75400
2020-08-21,137.9071044921875,138.01344886224481,137.32632942895194,137.81712367484675,154200
2020-08-24,137.6044158935547,138.3324378009943,137.58805234458674,138.02978079460627,84600
2020-08-25,136.88455200195312,137.02361094605783,136.22197189344817,136.64733674006374,127800
2020-08-26,136.5001220703125,136.9991042732992,135.9438861623179,136.42650481456005,189200
2020-08-27,134.92135620117188,136.91728462154188,134.8886291061034,136.89274554110534,173700
2020-08-28,134.8640594482422,135.35486590915295,134.61866869951362,135.18307990331616,135800
2020-08-31,135.2976531982422,135.95205791074784,135.01135971771154,135.01135971771154,507000
2020-09-01,136.4603729248047,136.55864271934655,134.92095441544456,135.24030313492264,257500
2020-09-02,137.37747192382812,137.45934883337242,136.14100939239154,136.23927917624104,314500
2020-09-03,137.65591430664062,138.5320712011312,137.50033189216612,137.54946055051127,151400
2020-09-04,135.7643585205078,136.90255135528483,135.58421181331406,136.65689561869607,225200
2020-09-08,136.3212432861328,137.14008787277754,136.31305933831402,136.6324082273224,162200
2020-09-09,136.03460693359375,136.64874015577817,135.69069382851916,136.5832311127298,202400
2020-09-10,136.42762756347656,137.18914664362453,135.21574169124463,135.49414571014364,252700
2020-09-11,136.7879180908203,136.8370467408092,136.50951407783654,136.62415175933398,152600
2020-09-14,136.72238159179688,137.1563679056044,136.59955999149952,136.96803728695926,80900
2020-09-15,136.6077880859375,136.72242578145597,136.3539483669017,136.5422790464167,85100
2020-09-16,136.40309143066406,137.08273373108733,135.96910493074859,137.03360506990037,236500
2020-09-17,136.5913848876953,137.17276970722696,136.3866738588499,137.12364105943522,87600
2020-09-18,136.21478271484375,136.66513717812185,136.11651288203714,136.5832602277872,192300
2020-09-21,136.68966674804688,137.3693089853019,136.58322549022583,137.00902800522564,142900
2020-09-22,136.68966674804688,136.98445118234338,136.46039135410203,136.68966674804688,107000
2020-09-23,136.8534698486328,136.86983774069245,136.26390087555964,136.75520002340454,173800
2020-09-24,137.23013305664062,137.29564210944991,136.93534856628588,137.08274705875039,222000
2020-09-25,137.32020568847656,137.49216851297862,137.1564393046396,137.27926096887379,147200
2020-09-28,137.13186645507812,137.34476149138672,136.9926644127333,137.25468811168435,72000
2020-09-29,137.23013305664062,137.48397282716775,137.08274705875039,137.2628938303324,62900
2020-09-30,136.32940673828125,137.12368679468557,135.75620567067696,136.796141542544,220500
2020-10-01,136.50885009765625,136.6891689995354,135.63184339247007,135.82036656676098,171300
2020-10-02,136.09909057617188,136.73020698264995,135.8040243023071,136.65643103429545,139000
2020-10-05,134.12371826171875,135.23021935530764,134.11552649672225,134.9433449957812,244400
2020-10-06,134.69749450683594,135.2384513136542,133.64837297595426,133.91065961193226,292100
2020-10-07,133.853271484375,134.57454718241922,133.6401729856412,134.13194163806867,268200
2020-10-08,134.44345092773438,134.51721437543856,134.16478067650607,134.3205118482274,164200
2020-10-09,134.33689880371094,134.64016938507095,133.67300274445432,134.06643282191823,106900
2020-10-12,134.68109130859375,134.68109130859375,134.1565181132252,134.5991236201891,79100
2020-10-13,135.37779235839844,135.4187762103885,134.9433910416383,135.0909304074994,505700
2020-10-14,135.5745849609375,135.89423917903795,135.44344156209556,135.69752408077503,1751900
2020-10-15,135.43516540527344,136.28757195359927,135.29583032076417,136.18922071900806,709400
2020-10-16,135.1565399169922,135.76306863547356,135.02540905089165,135.3614467467672,159400
2020-10-19,134.82044982910156,134.8942132575908,134.31227258430633,134.6073388047787,111700
2020-10-20,133.86973571777344,134.35331284960725,133.70581275012884,134.12381819360067,287300
2020-10-21,133.5418243408203,133.98442993518745,133.28774196570976,133.55002861518892,296400
2020-10-22,132.43531799316406,133.3696921729463,132.42712622638598,133.21396105856357,167000
2020-10-23,132.99258422851562,133.14012349395753,132.2549254208278,132.2549254208278,303900
2020-10-26,133.9352264404297,134.19750052880855,133.62376423562367,133.70573192315572,232500
2020-10-27,134.5499267578125,134.63188192675915,134.18109723127418,134.30403623794982,157800
2020-10-28,134.64013671875,135.06633377282023,134.27949882183205,135.0335541942441,396000
2020-10-29,133.51724243164062,134.65652353932106,133.06645755601372,134.54998052646275,445400
2020-10-30,132.50088500976562,133.5500064202955,132.41891731879676,133.3614957388836,316700
2020-11-02,133.09976196289062,133.60019917495933,132.96849687031857,133.27203644352923,467400
2020-11-03,132.45169067382812,132.714220942778,132.1399516271154,132.46810194517056,276600
2020-11-04,134.37962341308594,135.3722863742403,134.14991566084524,135.01952536834696,503800
2020-11-05,134.9375,135.14259712959796,134.41245184895467,135.0933758213961,514800
2020-11-06,133.6986846923828,134.13348949786723,133.41154377488985,133.82994982713004,213200
2020-11-09,131.51649475097656,131.52470664860198,130.55664158905194,131.37703019084768,509900
2020-11-10,130.90931701660156,131.28668848024634,130.63037558741038,130.72883065811848,97000
2020-11-11,131.27035522460938,131.41803165936662,129.8346753950394,130.40074544502855,112500
2020-11-12,132.8947296142578,132.9275396443015,131.7379788946028,131.98409793340048,390000
2020-11-13,132.7060089111328,132.97673855640852,132.64037634396306,132.88649534131662,424200
2020-11-16,132.4762725830078,132.79622345504924,132.40244065518198,132.4762725830078,166400
2020-11-17,133.2392120361328,133.39508775195745,133.02590315421412,133.09974758463892,103600
2020-11-18,133.33770751953125,133.56741523884534,132.77984949209187,133.5263933207967,151700
2020-11-19,133.91201782226562,134.2894020584851,133.78076516970447,133.85459713392058,77400
2020-11-20,134.80615234375,134.83896235338267,134.1826494975906,134.19086138859367,87900
2020-11-23,134.27297973632812,134.4370549271333,134.02686069105306,134.31400166356306,132400
2020-11-24,133.386962890625,133.88740037514975,133.26390962317424,133.83817906816944,170000
2020-11-25,133.25558471679688,133.90369809075338,133.09972154958683,133.52631419372656,111800
2020-11-27,134.1416778564453,134.19911104247942,133.72328435670312,133.76430627270872,66700
2020-11-30,133.90379333496094,134.23194368203553,133.85457203471307,134.0350584810441,213400
2020-12-01,132.3981475830078,133.17133004793217,131.89931118335966,133.13808020805936,334200
2020-12-02,131.53346252441406,132.00734550776417,131.07619811175564,131.92420191057835,360800
2020-12-03,132.35658264160156,132.56442903792504,131.76630598016777,131.9408898489546,390400
2020-12-04,130.84339904785156,131.2840321627511,130.43601575716323,131.10943569933303,466800
2020-12-07,131.7329559326172,131.93249290745788,131.48353788554854,131.59162199932837,240000
2020-12-08,132.21522521972656,132.68912100874098,132.16534412318506,132.32330938618986,168100
2020-12-09,131.92420959472656,132.17362771488,131.35056441008598,131.69974470392776,225900
2020-12-10,132.73898315429688,132.7639236990069,131.94084766577646,132.19026579880992,151900
2020-12-11,133.15467834472656,133.48722740446934,132.85537911658471,133.0632254504073,116200
2020-12-14,132.8222198486328,133.0799601591118,132.08228683247353,132.3317051641331,179700
2020-12-15,132.5560760498047,132.8387440109937,132.2318362858683,132.5061949608811,327700
2020-12-16,132.24842834472656,132.48952443170555,131.40872131029812,131.8077825893351,205400
2020-12-17,131.96470642089844,132.98821384541114,131.59857492240883,132.77185648883383,170500
2020-12-18,131.5902557373047,132.33083527279157,131.52368522099906,132.13945297405525,306300
2020-12-21,131.96470642089844,132.20602613446113,131.63186652974133,132.09784745617247,377300
2020-12-22,132.48060607910156,132.51388498471388,132.0895122787692,132.36411086391914,150000
2020-12-23,131.7899627685547,131.7899627685547,131.05769981132207,131.7483546101615,256700
2020-12-24,132.0561981201172,132.28087195995985,131.83152428027452,131.989627623237,79900
2020-12-28,132.20602416992188,132.2892277929608,131.4820777370194,131.65682693034836,165100
2020-12-29,132.114501953125,132.18107247514243,131.623545940375,131.623545940375,214000
2020-12-30,132.27267456054688,132.29763693223506,131.81500991787092,131.81500991787092,192200
2020-12-31,132.48895263671875,132.83843836141594,132.1977081842899,132.1977081842899,129900
2021-01-04,132.4141082763672,132.82183540486614,131.63192024622114,131.74841552536844,263500
2021-01-05,131.60690307617188,131.99799692838818,131.21580922395557,131.98135112486062,466700
2021-01-06,129.55992126464844,130.05919387257043,129.09394026900384,130.0175857057386,366100
2021-01-07,128.68626403808594,128.9442297209014,128.34510737462338,128.59473110470913,338900
2021-01-08,128.26182556152344,128.66956527436412,127.8790482089557,128.36167500261516,409400
2021-01-11,127.99549102783203,128.1119862155086,127.77081720266176,128.05373227315872,302700
2021-01-12,128.02879333496094,128.09536383966577,127.22995997552827,127.72923241230187,450400
2021-01-13,128.91920471191406,129.2853363035943,128.37002002142486,128.40329894019982,281000
2021-01-14,128.05380249023438,128.9441690319333,127.81249543237989,128.8859150576404,272900
2021-01-15,128.52810668945312,128.79437609601553,128.17029169988015,128.63627268413651,177100
2021-01-19,128.81935119628906,128.81935119628906,128.17862093105379,128.29511618863924,262600
2021-01-20,128.84425354003906,128.9690779916827,128.41988087731048,128.51141372970585,204700
2021-01-21,128.25355529785156,128.48654587584568,127.97062728425794,128.21194711670242,187100
2021-01-22,128.51141357421875,128.56133827600584,128.19520686686735,128.41156417064457,300400
2021-01-25,129.4849853515625,129.6264429078207,128.96907982908849,129.05228343434476,184900
2021-01-26,129.4766387939453,129.62641286691147,129.21867339546668,129.31853547446627,137500
2021-01-27,129.80128479003906,130.2006953928615,129.65982713272766,129.9260966355979,132000
2021-01-28,129.22702026367188,129.53489769809997,128.74439368993194,129.53489769809997,176100
2021-01-29,128.55308532714844,128.86096293850977,128.12038320253683,128.1952702922683,513200
2021-02-01,128.64132690429688,128.8828778012908,128.3414631677656,128.4164259244333,257300
2021-02-02,128.0416259765625,128.14157633950762,127.75008713815514,127.90002539243588,179300
2021-02-03,127.23369598388672,127.79177351801012,127.16705815311379,127.65849785646424,192500
2021-02-04,126.99205780029297,127.12532066049971,126.66720654192156,126.8837698108832,190500
2021-02-05,126.1341781616211,127.07541995060633,126.09254064270682,126.78389376887961,218500
2021-02-08,126.40901184082031,126.81716360959659,126.09249817041159,126.27574894742452,183400
2021-02-09,126.42569732666016,127.02542493988672,126.40070973526433,126.78387398643927,1729500
2021-02-10,127.06707763671875,127.12537778115657,126.36739964428308,126.36739964428308,173300
2021-02-11,126.65896606445312,127.16706844408155,126.52569039212193,127.09210564459563,220400
2021-02-12,125.47613525390625,126.07586288878389,125.4011724770125,125.80931162445434,331800
2021-02-16,123.79358673095703,124.46827725925756,123.71862394111609,124.00182517598144,304000
2021-02-17,124.38497924804688,124.84310633128804,123.91852720324314,124.32666638751392,142000
2021-02-18,124.26830291748047,124.41822840840402,123.58527512142832,124.21832775383929,93900
2021-02-19,123.0189437866211,123.70195926590237,122.72740488445035,123.43542066979884,103100
2021-02-22,122.1526107788086,123.01888943057689,121.82775946186052,122.58575010469274,132100
2021-02-23,121.91941833496094,122.29425763505763,121.52792911342364,121.66954241471474,95400
2021-02-24,121.27800750732422,121.46958321063363,120.29511598844766,120.41172894392194,97300
2021-02-25,118.61263275146484,120.47012913833512,117.82966674541356,120.31186586045335,565700
2021-02-26,121.79446411132812,121.89441446608,119.58714237814443,120.25349502297287,499900
2021-03-01,120.8973388671875,121.03907904813772,120.21363746477611,120.53882183108864,155100
2021-03-02,120.9973373413086,121.08071987059753,120.37200653880477,120.45538906809371,93000
2021-03-03,120.00518035888672,120.21362402328198,119.32982492182876,119.86344019378495,108700
2021-03-04,119.1797103881836,120.16355803725185,118.70445289091734,119.86339875539612,283000
2021-03-05,119.09634399414062,119.27977539803123,118.4543468029124,118.57107472153471,132300
2021-03-08,118.37932586669922,118.96296560000839,118.37932586669922,118.96296560000839,142200
2021-03-09,119.60492706298828,119.73000084797926,119.16302767860456,119.45485378786333,76700
2021-03-10,119.72171020507812,119.80509276688042,119.27147744956672,119.60498225199052,59200
2021-03-11,119.15473175048828,119.42987889658633,118.90459682472725,119.2130893571444,87900
2021-03-12,117.0619125366211,117.35373864529768,116.86181483685364,117.33705959618813,91100
2021-03-15,117.62061309814453,117.82905679097681,117.34546589691872,117.40382351526722,41000
2021-03-16,117.43720245361328,117.87075625145522,117.01196910250499,117.77904050145104,161600
2021-03-17,116.74515533447266,116.94525315146991,116.0531206984372,116.60341513996818,114000
2021-03-18,115.81130981445312,116.08645701369701,115.14430018010908,115.28604036352685,55300
2021-03-19,116.20316314697266,116.21150903539008,115.6028444108987,115.65288157423059,36700
2021-03-22,117.19536590576172,117.30376068432875,116.61172617961586,116.87019429245247,56800
2021-03-23,118.27091217041016,118.27091217041016,117.41212549490623,117.57053195540665,70000
2021-03-24,118.78783416748047,118.80451321696016,117.85401095481159,117.94572664336921,126800
2021-03-25,118.15422821044922,119.02968154070777,118.00414213626071,118.92963263951098,93700
2021-03-26,117.62061309814453,118.05416681911244,117.41216940531226,117.47886019131244,38700
2021-03-29,116.853515625,117.77900602324631,116.6367387895375,117.77900602324631,28800
2021-03-30,117.1870346069336,117.32877477680022,116.52834548076231,116.6867647066109,44600
2021-03-31,116.86187744140625,117.3621346812065,116.6117424603093,117.19538226793975,82400
2021-04-01,118.22077178955078,118.22911436012951,117.45283498359161,117.57803722601741,59700
2021-04-05,117.6531753540039,117.66153066252345,117.13565569582418,117.57805399783281,75900
2021-04-06,118.2959213256836,118.43782147983154,117.87022086323975,117.90360389025902,55100
2021-04-07,117.9035873413086,118.49624106591996,117.77838508661968,118.17070246697857,115600
2021-04-08,118.56299591064453,118.57135121800133,118.18737644531011,118.18737644531011,32500
2021-04-09,118.49622344970703,118.81340669334837,118.18737003947297,118.3376254595122,42100
2021-04-12,118.2541732788086,118.3459925165118,118.08723268391664,118.32929463599731,28700
2021-04-13,118.91358184814453,119.08886497957803,118.27918988400855,118.27918988400855,70000
2021-04-14,118.61311340332031,118.72161779004296,118.3793940118001,118.6381538569295,65500
2021-04-15,120.07383728027344,120.62473986480391,119.55630497691352,119.55630497691352,55800
2021-04-16,119.58138275146484,119.8818809535303,119.2475015210599,119.2641994036059,92400
2021-04-19,119.33096313476562,119.61476341846306,119.11392889931979,119.18905025616601,33900
2021-04-20,119.85678100585938,119.97364065217178,119.03042091291665,119.03042091291665,70100
2021-04-21,119.98202514648438,120.07384437212062,119.63144612225949,119.89020592084815,17300
2021-04-22,120.33260345458984,120.41606737219472,119.63144541031278,120.23242892201512,39200
2021-04-23,120.19072723388672,120.42444662845878,119.79840980655108,120.42444662845878,38800
2021-04-26,120.24909210205078,120.51620712950772,120.17397077685808,120.23239422864833,52800
2021-04-27,119.31421661376953,120.07381065466615,119.18900166665435,119.95695101273942,102100
2021-04-28,119.44783782958984,119.45618040248156,118.80510308785634,119.23080356687976,26800
2021-04-29,119.15563201904297,119.15563201904297,118.29587611343203,118.46281665822836,120700
2021-04-30,119.10560607910156,119.38940640986242,118.91362500085192,119.25584881770918,504400
2021-05-03,119.42566680908203,120.17783054661633,119.29195986321547,119.47582126002081,875200
2021-05-04,119.83512115478516,120.49534112520261,119.75990864275144,120.03570060574795,142400
2021-05-05,119.99393463134766,120.16107782975826,119.61785924687166,119.62621194351917,54400
2021-05-06,120.26970672607422,120.40342636353719,119.77662990916183,119.82677158515882,54000
2021-05-07,119.84352111816406,120.72940447850259,119.67637788587402,120.41182341060366,45800
2021-05-10,119.158203125,119.96049555965719,119.04955431005772,119.75992882709706,90600
2021-05-11,118.56487274169922,118.82394669919492,118.4729420388253,118.69859244628181,48900
2021-05-12,117.48677825927734,118.20550567210412,117.41156571370767,118.04671512998246,76000
2021-05-13,117.7375259399414,118.06345979615818,117.5954535156638,117.66230062526466,30900
2021-05-14,118.4144287109375,118.4144287109375,117.91298627500939,118.13028394827664,19400
2021-05-17,117.61215209960938,118.34759778473625,117.61215209960938,118.21387806885609,43600
2021-05-18,117.96311950683594,117.96311950683594,117.08561443522024,117.08561443522024,23300
2021-05-19,117.57872009277344,118.42280182817576,117.14413742351664,117.88793575532628,72900
2021-05-20,118.38098907470703,118.47291976029362,117.91298294888824,117.9798427886067,38200
2021-05-21,118.67353820800781,118.67353820800781,118.28074449094497,118.64846735391569,139300
2021-05-24,118.99107360839844,119.25014750254117,118.84063578947729,118.91584832283297,568900
2021-05-25,119.89366912841797,119.92709267219718,119.26687247682112,119.26687247682112,47600
2021-05-26,119.75159454345703,120.10261192120522,119.51759145976601,119.96052677905344,54700
2021-05-27,119.29194641113281,119.30029910924122,118.86571651559728,119.19165027277752,27600
2021-05-28,119.1749038696289,119.5844027236213,119.09132590845968,119.18325656486324,143100
2021-06-01,118.9699478149414,119.01179110490997,118.33397322126892,118.80258742384648,211900
2021-06-02,119.17076110839844,119.3297579132055,119.0536075841369,119.12055427925442,50500
2021-06-03,118.85273742675781,119.12888768595509,118.74394747862073,119.12888768595509,19200
2021-06-04,120.0995864868164,120.10795003268042,119.34644598956916,119.3631858500695,19400
2021-06-07,119.90715789794922,120.00758433228422,119.82348409957702,119.97410459791342,74500
2021-06-08,120.50963592529297,120.68537256577177,120.42596214740605,120.68537256577177,33600
2021-06-09,121.25444793701172,121.55570174725239,120.99503741656711,121.35487438627814,15900
2021-06-10,121.94064331054688,121.96574673091023,120.65194147759058,120.74399160851604,23300
2021-06-11,121.7146224975586,121.78993271084391,121.43847228007446,121.7481022159774,33100
2021-06-14,121.02010345458984,121.57240406422659,120.8360032513776,121.57240406422659,23300
2021-06-15,120.96156311035156,120.96156311035156,120.67704918703937,120.73561957417844,31800
2021-06-16,120.50963592529297,121.3046198122515,120.23348564384017,121.1874663081904,50200
2021-06-17,121.88200378417969,122.95312512025667,121.02846234900097,121.14561584611022,33800
2021-06-18,123.72299194335938,123.73971903483984,122.59328759859386,122.66023427083209,27000
2021-06-21,122.36737060546875,122.94477460555883,122.21675013697997,122.94477460555883,17800
2021-06-22,122.55987548828125,122.60170600447229,121.58079114136537,121.58079114136537,31800
2021-06-23,122.31713104248047,122.51797104881564,122.02425373144288,122.27528777839753,31600
2021-06-24,122.4510726928711,122.65191277844733,122.34228271708689,122.384125997679,23700
2021-06-25,121.55567932128906,122.37576678989926,121.17075177125135,122.35066337440884,16000
2021-06-28,122.4092025756836,122.61004261722832,122.04937853278636,122.04937853278636,27300
2021-06-29,122.57662963867188,122.58500595878091,122.25864869404448,122.33395896234197,106000
2021-06-30,122.96986389160156,123.4803211463584,122.96986389160156,122.98660375354683,44200
2021-07-01,122.9690170288086,123.1366056456864,122.61710394675477,122.95226839529396,131000
2021-07-02,123.50531005859375,123.58910439600142,123.01095670946275,123.14502253522667,32300
2021-07-06,124.81240844726562,124.97998430432207,124.09182075522637,124.13370513057671,86000
2021-07-07,125.75088500976562,126.02739101858542,125.27328023492531,125.37383601054687,37300
2021-07-08,126.27870178222656,126.78142928257854,125.95192443217199,126.35410898949688,227300
2021-07-09,124.85430145263672,125.12243307063517,124.85430145263672,125.06377448474079,38500
2021-07-12,124.72029113769531,125.25654177210502,124.66163253171406,125.23978034393558,178500
2021-07-13,123.97457122802734,125.32357856979634,123.73157526034885,125.06382117343077,80900
2021-07-14,125.10568237304688,125.14757954010324,124.4018559932934,124.63646478654455,90600
2021-07-15,126.15304565429688,126.27873715350408,125.23137191954476,125.85140395550779,35800
2021-07-16,125.99383544921875,126.01897119029171,125.41568783410214,125.41568783410214,86200
2021-07-19,128.13885498046875,128.44888380528565,127.71990885767605,127.77019313199685,108000
2021-07-20,127.3763656616211,129.0186270828761,127.2590612743886,128.97672991917466,150900
2021-07-21,126.0609359741211,126.3290677363535,125.57495674399449,126.3290677363535,155300
2021-07-22,126.93228149414062,127.09985736061184,125.96869788779773,125.96869788779773,161800
2021-07-23,126.32898712158203,126.3876329163802,125.8346210985909,125.8346210985909,1035900
2021-07-26,126.06927490234375,126.639035501502,125.93520907246372,126.63066118159244,257400
2021-07-27,127.11665344238281,127.1752992582895,126.78987593883829,126.99096191934412,148200
2021-07-28,127.15852355957031,127.15852355957031,126.2033269037087,126.53849147563803,158100
2021-07-29,126.52171325683594,126.68091480921807,126.29547879896559,126.47981609275337,61500
2021-07-30,127.06632232666016,127.1584909621604,126.77306778477232,126.8065778407643,56100
2021-08-02,128.02784729003906,128.4557207908806,127.11335297377138,127.25597747405189,249900
2021-08-03,128.1368865966797,128.44731662949843,127.96909384480725,128.1368865966797,172300
2021-08-04,128.48081970214844,128.90030781829776,127.6250603607106,128.7912368115353,111800
2021-08-05,127.82649993896484,128.2459883198617,127.72582682411581,128.2459883198617,67800
2021-08-06,126.06459045410156,126.77772552158827,126.06459045410156,126.51764488339741,56000
2021-08-09,125.75420379638672,126.6854683473018,125.75420379638672,126.4589410776827,98200
2021-08-10,125.39342498779297,126.02265732096748,125.32630533604261,126.02265732096748,2196900
2021-08-11,125.31794738769531,125.7290505852541,124.94041042761043,125.30956222921118,125200
2021-08-12,125.18368530273438,125.32630976708482,124.78936533586226,125.05783115059101,41400
2021-08-13,126.59322357177734,126.59322357177734,125.55288761007465,125.55288761007465,135700
2021-08-16,126.97913360595703,127.5915830362898,126.87844769283717,127.09658983645605,105400
2021-08-17,127.06300354003906,127.32308423781856,126.7861397257608,126.83647627349013,99300
2021-08-18,127.16366577148438,127.19721919647047,126.58476997679853,126.80289924361968,54300
2021-08-19,127.9522705078125,127.9858367286954,127.50761409433159,127.83481433824701,61800
2021-08-20,127.96074676513672,128.15370784712118,127.69226804083642,128.05303472639366,26600
2021-08-23,127.91879272460938,127.9439610042719,127.68388024657918,127.86005820421686,71900
2021-08-24,127.19721221923828,127.60831526291393,127.18042910678355,127.24754875483859,28000
2021-08-25,126.24079895019531,127.15528029153771,126.03943997522578,127.13849717651544,59900
2021-08-26,126.34149932861328,126.48412383269707,125.89684269771428,126.10658687462018,29000
2021-08-27,127.03781127929688,127.03781127929688,126.3330741406186,126.44214517461569,43600
2021-08-30,127.40699768066406,127.41538283873167,126.79454829575918,126.91200451754598,48700
2021-08-31,126.79451751708984,127.47408640687816,126.54282201671067,127.26434229018967,41900
2021-09-01,126.99781036376953,127.25823909722445,126.72057605492776,127.25823909722445,120200
2021-09-02,127.27505493164062,127.32545884296593,126.8886035799814,127.24145659705678,57400
2021-09-03,126.46855926513672,126.5861726695241,126.35935505892678,126.52737237678024,297900
2021-09-07,125.63681030273438,125.99804672624683,125.41837635466297,125.8804333768598,47600
2021-09-08,126.39299011230469,126.54421471553356,125.97294028619606,126.12416488942493,159800
2021-09-09,127.41792297363281,127.59434955512238,126.32579077402762,126.48541177182666,38700
2021-09-10,126.61975860595703,127.0566138004886,126.48533965088622,126.98099512645058,33500
2021-09-13,127.13225555419922,127.23306338951906,126.96423822236589,126.98103098231871,21100
2021-09-14,128.21595764160156,128.56879782743496,127.33386358646737,127.37585829850335,44600
2021-09-15,127.78752136230469,128.32518447024236,127.51028701961657,128.25797497938768,31900
2021-09-16,127.28339385986328,127.57743363507512,127.00615965380757,127.14898776329446,52800
2021-09-17,126.7205810546875,126.7877905399886,126.38454644708061,126.77098496393867,34900
2021-09-20,127.87151336669922,128.1319420849758,127.42624896773596,127.60267545177025,126600
2021-09-21,127.83794403076172,127.94716107178618,127.61111356821151,127.80434568985503,90600
2021-09-22,128.47642517089844,128.4848343709631,127.87156525466176,127.9219691794396,59900
2021-09-23,126.26699829101562,127.61955943664508,126.12418286804919,127.56915550135164,68700
2021-09-24,125.34278106689453,125.77963618090324,125.19156938448465,125.77963618090324,25700
2021-09-27,124.81359100341797,125.07401980184927,124.55314938608537,124.58676054524499,65800
2021-09-28,123.36859893798828,123.93146398366989,123.1921724280765,123.49460871728296,41200
2021-09-29,123.50302124023438,124.25070927255,123.15859019217278,123.864270686266,87000
2021-09-30,123.553466796875,123.62066349102372,123.0746038234641,123.26782316167544,67400
2021-10-01,124.31808471679688,124.36855691623977,123.67874879674294,123.9395303847088,136600
2021-10-04,124.11621856689453,124.4274852795591,123.6114835918983,123.98163027532424,36600
2021-10-05,123.30020904541016,123.86383673295104,123.06465069304362,123.79653618031315,50600
2021-10-06,123.6535415649414,123.82178654778467,123.46004764021576,123.60305651744599,41100
2021-10-07,122.593505859375,122.96365231830667,122.50096924464208,122.87111570357375,45200
2021-10-08,122.01313018798828,122.29916080803432,121.76917686330243,122.29916080803432,37500
2021-10-11,121.42427062988281,121.93742624215214,121.42427062988281,121.72711677542326,28100
2021-10-12,123.30020904541016,123.30861680088942,122.29913418385699,122.39167083920059,109800
2021-10-13,124.20870971679688,124.29283859993241,123.62826663371693,123.62826663371693,42000
2021-10-14,124.5031967163086,124.53684058097565,123.92274056970632,124.11622167315029,86000
2021-10-15,123.69561004638672,123.78814672500607,123.4516567134472,123.78814672500607,54100
2021-10-18,123.89751434326172,124.09941605617738,123.23294206385538,123.39276647910827,79800
2021-10-19,122.61040496826172,123.30022610101919,122.55993275586867,123.22450494615994,95600
2021-10-20,122.09722900390625,122.66085667518863,121.98786400449096,122.36643120669233,43900
2021-10-21,121.69342041015625,122.26545575147256,121.69342041015625,122.1645113585969,201100
2021-10-22,122.79552459716797,123.0058341189366,122.33284108202209,122.35807719773236,39600
2021-10-25,122.71967315673828,122.93839018329092,122.5682438027714,122.5682438027714,62100
2021-10-26,123.4263916015625,123.4263916015625,122.69451893844887,123.10671718030913,44300
2021-10-27,125.17613220214844,125.47897819052216,124.12458541422089,124.4190108130819,64400
2021-10-28,124.2255630493164,124.86489904645015,124.20032694655244,124.4947652604893,83200
2021-10-29,124.35177612304688,124.6377938905829,123.61989051800239,123.66195497470358,82900
2021-11-01,123.98782348632812,124.06365133329254,123.33916696598254,123.3644386301853,356000
2021-11-02,124.4511489868164,124.72915012558482,124.01309827211026,124.01309827211026,69700
2021-11-03,123.47390747070312,125.13346844651656,123.47390747070314,125.03238183086421,69000
2021-11-04,124.69541931152344,124.93971625361307,123.84456410548304,123.84456410548304,86200
2021-11-05,126.068603515625,126.31291339706202,125.47049035224165,125.78218276543141,69900
2021-11-08,125.73162078857422,125.92537446092219,125.6052624923372,125.86641154079612,43800
2021-11-09,126.7256851196289,127.19745279505229,126.59090720957701,126.73411757637606,28600
2021-11-10,124.98189544677734,126.75940875623196,124.24055898274491,126.71728502907433,65800
2021-11-11,124.65338134765625,125.0745930132618,124.61967721596625,124.98192593265418,25300
2021-11-12,124.58589935302734,125.19244475830682,124.27420705049657,124.99025867176333,48000
2021-11-15,123.27174377441406,124.39216776734591,123.12853342477885,124.39216776734591,30300
2021-11-16,123.05276489257812,123.8614839786148,122.96009782497411,123.39814864059477,93200
2021-11-17,123.71829986572266,123.81938655936918,122.68212269276336,122.68212269276336,30400
2021-11-18,124.15631866455078,124.18159032881007,123.58346428117588,123.58346428117588,33000
2021-11-19,125.15031433105469,125.35250040674318,124.72910298079975,124.72910298079975,144000
2021-11-22,123.84465789794922,124.51859918061253,123.47400240412718,124.40908002655101,31000
2021-11-23,122.34506225585938,123.36439952152878,122.34506225585938,123.33069541037246,151000
2021-11-24,123.63396453857422,123.67608824911686,122.45457776949044,122.56409684603098,34400
2021-11-26,125.88325500488281,126.0770215381429,125.05768411469906,125.12507949309118,38400
2021-11-29,125.43677520751953,125.57156596788953,124.5859326345985,124.6196238975138,82000
2021-11-30,127.04583740234375,127.04583740234375,126.19499462023387,126.45614374868553,71600
2021-12-01,127.25921630859375,127.25921630859375,125.75768343860098,126.21319929520405,253700
2021-12-02,127.2255630493164,127.56298147011728,126.62663054995402,127.54610668757094,55600
2021-12-03,128.33056640625,128.7692075848981,126.59283785169255,126.73624126067543,54600
2021-12-06,127.09899139404297,128.3643294799789,126.91340744503759,128.21249508807523,61400
2021-12-07,126.53379821777344,127.20020389151294,126.33978333124425,126.79529934128746,78200
2021-12-08,125.31063079833984,126.21323179405638,125.29375602251187,126.17106416201031,58700
2021-12-09,125.77459716796875,126.22168221315178,125.36967975703516,125.77459716796875,45400
2021-12-10,125.81674194335938,126.58438324814273,125.77457431677112,126.39036840212175,46700
2021-12-13,127.05677032470703,127.15800609201118,126.51689342858015,126.6181291958843,62600
2021-12-14,126.82059478759766,127.0061787063365,125.99391097701356,126.6518856446576,96000
2021-12-15,126.15413665771484,126.85429153758326,125.96012186767427,126.0360390196453,44200
2021-12-16,126.03929901123047,126.5884055793088,125.93793104364043,125.93793104364043,38500
2021-12-17,127.01078033447266,127.23885824545451,126.74889161979998,126.95164043079996,60000
2021-12-20,126.37731170654297,127.222079798458,126.27593077021925,127.04467282749506,56400
2021-12-21,126.01400756835938,126.03090653311259,125.01718778018656,125.54938271364608,60700
2021-12-22,126.44476318359375,126.58838496779886,126.05617744435058,126.58838496779886,34700
2021-12-23,125.72676086425781,126.30965255866842,125.4142009835398,126.30965255866842,87700
2021-12-27,125.74361419677734,125.92100810627844,125.55776436483528,125.61689137129376,82000
2021-12-28,125.4986343383789,126.32650272478682,125.36346846994958,126.2420337246135,48200
2021-12-29,124.34130096435547,124.80592555743648,124.15545112712306,124.57783477717379,93200
2021-12-30,125.09319305419922,125.11009201615168,124.2822104521857,124.7975192256212,91500
2021-12-31,125.36348724365234,125.9463788596834,124.92421744066459,125.06782636357927,48100
2022-01-03,123.06571197509766,124.46802899067727,123.06571197509766,124.24839410117951,362800
2022-01-04,122.60108184814453,122.60108184814453,122.06043129406781,122.39833305656852,67000
2022-01-05,122.13648223876953,122.85452685348307,121.95063236434282,122.85452685348307,42500
2022-01-06,122.0858154296875,122.15339838354464,121.46912580953999,121.81548361425892,55000
2022-01-07,121.25788879394531,121.99284508734189,120.88620202122682,121.87457818463018,43900
2022-01-10,121.43527221679688,121.58732410953097,120.75945594991354,120.88617875064844,78800
2022-01-11,121.96748352050781,121.98436958238041,121.42683306774299,121.50285901654033,97800
2022-01-12,121.68029022216797,122.22939676442961,121.65494823146194,122.17025685936386,37800
2022-01-13,122.33076477050781,122.41524666630949,121.72253121309288,121.93372306246953,81600
2022-01-14,120.9791488647461,121.79856140983156,120.78484307568826,121.79856140983156,60200
2022-01-18,119.52613830566406,120.2610817834013,119.48389735967443,120.15125790185364,74100
2022-01-19,120.27801513671875,120.71728500827712,119.83028933946807,119.89785940422271,42200
2022-01-20,120.74259185791016,120.84397270579225,120.29486619098877,120.38779111564001,55300
2022-01-21,121.91685485839844,122.23785775119684,121.35930520072255,121.73944800727269,59800
2022-01-24,121.24944305419922,122.47435299567421,121.24944305419922,122.47435299567421,87600
2022-01-25,121.09737396240234,122.00971112492455,120.77635832625194,121.55354254366344,110600
2022-01-26,119.8978042602539,121.21565193921013,119.77109433445268,121.01290316780347,120600
2022-01-27,121.46068572998047,121.78170154608155,120.88624994341092,120.94537697314331,4459400
2022-01-28,121.62115478515625,121.89147363067731,120.75104545749603,120.9622372921733,1345300
2022-01-31,121.28330993652344,121.57897090977991,120.88626806974723,120.97073710919223,254100
2022-02-01,120.92375946044922,121.32976733099409,120.46698931267345,121.16905238665659,402700
2022-02-02,121.4566650390625,122.28561461171212,121.15215584858632,121.15215584858632,278900
2022-02-03,120.68693542480469,120.88994586033861,120.08638385983589,120.30630215159397,199500
2022-02-04,119.16439056396484,119.83261220812184,119.06287890284234,119.79031675821741,123700
2022-02-07,119.34198760986328,119.45195317451376,118.98672913955757,119.25740963507987,114400
2022-02-08,118.7076644897461,118.93604967873328,118.4792922075229,118.76688072297996,117000
2022-02-09,118.90218353271484,119.51118899991265,118.79221793812917,119.05443167282432,115800
2022-02-10,117.36273193359375,118.4708032294705,117.21048377389843,118.41159991406508,95800
2022-02-11,118.96142578125,119.08829927287191,116.99057580188354,117.76876333294754,319200
2022-02-14,117.76025390625,118.5046124576801,117.4049953903651,118.13243318196504,160700
2022-02-15,116.83831024169922,117.28661372113328,116.73679855672918,117.11744478853288,153600
2022-02-16,117.21890258789062,117.48111627776764,116.47454405655634,117.42191298009753,64000
2022-02-17,118.0648193359375,118.44545271965276,117.24433633424954,117.73493534914904,131800
2022-02-18,118.7922592163086,118.85146254466994,118.1663198625827,118.32703489305045,105500
2022-02-22,118.92753601074219,118.95291069602122,118.3269716767041,118.3269716767041,100500
2022-02-23,117.76025390625,118.42002156528739,117.63338047441898,118.34389750618877,53400
2022-02-24,117.54876708984375,119.2658560414461,117.3965060940226,119.18973199691332,76900
2022-02-25,117.81101989746094,117.98018879935135,117.32888788173526,117.4726820936801,89900
2022-02-28,120.12020111083984,120.12866794491109,118.81758643303482,118.81758643303482,213300
2022-03-01,121.1714096069336,121.85752316064998,120.29046379286156,120.29046379286156,137700
2022-03-02,118.1135482788086,120.34977669178711,117.9526054923542,120.1041230940235,178000
2022-03-03,119.02832794189453,119.42644534674794,118.24055904025143,118.66408709434651,67100
2022-03-04,120.83259582519531,121.2561240445967,120.22271415525286,120.79871925466763,109400
2022-03-07,119.85845184326172,120.92573799817599,119.65515370301773,119.79915170546279,90400
2022-03-08,118.94367218017578,119.1215597322024,118.53708867918755,118.69803148219819,112500
2022-03-09,118.07115936279297,118.65563018980156,117.71539732136415,118.29138931461516,106600
2022-03-10,116.8429183959961,117.21562514128637,116.45326690999713,116.95303982302734,119900
2022-03-11,117.09705352783203,117.4782262321277,116.61422529068616,116.68199133756902,272700
2022-03-14,114.79310607910156,115.7587500190392,114.79310607910156,115.53004113390587,109400
2022-03-15,114.74224090576172,115.70788447667755,114.50505327382162,115.60622894154547,119900
2022-03-16,115.13188171386719,115.40294591263012,113.67494395814741,114.80153029978261,84800
2022-03-17,114.49655151367188,115.52996080941212,114.09843418211385,115.29278617678794,143700
2022-03-18,115.41987609863281,115.60622950138323,114.83541816279072,114.83541816279072,57200
2022-03-21,113.20903778076172,114.2170365649046,113.05657389326943,114.00527254890987,70000
2022-03-22,112.22645568847656,112.53986227691647,112.00621285331425,112.34504301316049,164700
2022-03-23,114.03072357177734,114.03072357177734,112.32814493336424,112.60767508445673,93500
2022-03-24,113.31070709228516,113.76811173549777,112.7431810113328,112.7431810113328,61800
2022-03-25,111.72671508789062,112.4551839856494,111.15918894691211,112.44671807610145,110600
2022-03-28,112.29425811767578,112.98037164180771,111.90460653881954,112.13331535521458,90800
2022-03-29,113.16673278808594,113.48860540993886,112.40437432305156,112.89566855383707,124800
2022-03-30,113.88671112060547,113.92906651844815,112.60766082609392,112.60766082609392,95400
2022-03-31,114.02225494384766,114.49660442831677,113.86977808095168,113.92907822903736,121700
2022-04-01,114.13082122802734,114.61431183408794,112.54460186664214,112.66336802381554,104600
2022-04-04,113.5794448852539,113.9950875621858,113.15532445932969,113.9950875621858,64100
2022-04-05,111.56065368652344,113.11293618262995,111.35707119841561,113.07052154638293,423900
2022-04-06,110.63607788085938,111.17047390320239,109.94052692550453,109.94052692550453,83000
2022-04-07,109.83024597167969,110.08472087169552,109.27041672340216,109.63515415702436,65400
2022-04-08,108.69361114501953,109.32979195309709,108.29493680317373,109.0244246474946,136000
2022-04-11,107.59935760498047,108.20160787150269,107.22613600709734,108.11678507523672,89300
2022-04-12,107.6926498413086,108.3373146532645,107.47210542403563,108.28642227680291,223800
2022-04-13,107.7690200805664,108.67663120701685,107.73508966446911,107.80294402509854,519100
2022-04-14,106.19129180908203,107.71812171101972,106.06405436602927,107.71812171101972,101100
2022-04-18,105.71625518798828,106.28458147793197,105.41937218372763,106.28458147793197,118500
2022-04-19,104.79169464111328,105.3430525892384,104.59659636227568,104.94437828103153,120800
2022-04-20,106.80201721191406,106.80201721191406,105.46179500679042,105.49572542013635,1303400
2022-04-21,105.82655334472656,106.10646796790287,104.89348950048598,106.10646796790287,214500
2022-04-22,105.5296401977539,106.3015359544215,105.32605774784194,105.46177938111659,150700
2022-04-25,106.34394073486328,107.16672879203377,106.33545651567837,106.63233947151959,140300
2022-04-26,107.3873062133789,107.81991092295996,106.92077755975214,107.45516704460046,151900
2022-04-27,106.32699584960938,107.26005954818291,106.19128067040307,107.23461335655452,2410000
2022-04-28,106.29308319091797,106.29308319091797,105.58904804253493,105.73324746689099,100700
2022-04-29,105.13097381591797,106.22520529729083,104.96980598229715,105.03766680398634,88300
2022-05-02,103.83245086669922,104.3508487898027,103.58599886360886,104.21487258794505,159200
2022-05-03,104.3253402709961,105.33663557503229,104.3253402709961,105.09868373878848,90800
2022-05-04,104.707763671875,105.03919751837222,103.84093818496724,104.1043839389262,109200
2022-05-05,102.48973083496094,103.23758709295466,101.79286890236881,103.23758709295466,124600
2022-05-06,101.44442749023438,102.31975323436822,101.13848751391737,101.53790950987025,88700
2022-05-09,102.18377685546875,102.26875874125565,100.87503506650303,101.04500532177913,99200
2022-05-10,103.0845947265625,103.8664383869822,102.89763070261392,103.2375647021839,431600
2022-05-11,104.28284454345703,104.38482667906105,102.21775330430907,102.39621717884023,222200
2022-05-12,104.23185729980469,105.08168898348234,104.23185729980469,104.3763271299416,138100
2022-05-13,103.24605560302734,103.90042966942758,103.16107372632256,103.80694765994184,397000
2022-05-16,103.49250030517578,104.00239801324373,103.39052465378286,103.53499448239025,154400
2022-05-17,102.60870361328125,103.11010781471356,102.44723995833098,102.61720374786904,108000
2022-05-18,104.12984466552734,104.30830848878608,102.67663369010687,102.67663369010687,1275800
2022-05-19,104.3253402709961,105.4386177121516,104.21485800152486,105.42162393114901,538400
2022-05-20,105.3961410522461,105.63409941174281,104.38484558011999,104.54630921943627,306400
2022-05-23,103.97689819335938,105.1071758125602,103.94290415025925,104.81822968805963,179900
2022-05-24,105.55758666992188,106.09297826616731,104.83523107646985,104.83523107646985,139300
2022-05-25,105.78704071044922,106.14396842733827,105.34512464636704,106.14396842733827,160900
2022-05-26,105.48112487792969,105.65108864368798,104.80975698089092,105.65108864368798,266500
2022-05-27,105.69357299804688,106.18647046638995,105.51510911548623,105.89753079473027,120000
2022-05-31,103.77294921875,104.39332272775967,103.42451511020107,104.39332272775967,217500
2022-06-01,103.56268310546875,104.490698034884,103.17104598237532,104.40555416396187,143500
2022-06-02,103.67333984375,103.98835521327456,103.14548432713981,103.88618648639965,176700
2022-06-03,103.46052551269531,103.46904119981875,102.6687354949333,102.81347619376749,118900
2022-06-06,101.85989379882812,102.99223955237716,101.74070019272447,102.76236152948843,132700
2022-06-07,102.72832489013672,103.1540182507047,102.29411584359912,102.45587490363062,84800
2022-06-08,101.97907257080078,102.72829683797038,101.95353201543152,102.37922525975483,70600
2022-06-09,102.08976745605469,102.30261410007559,101.62150224098306,101.68961472600513,163200
2022-06-10,101.39163970947266,101.94504236753917,100.82121217533312,101.85138931022492,176700
2022-06-13,98.70121765136719,99.77396624760539,97.88388755275406,99.62071644814279,503000
2022-06-14,97.60295104980469,99.05882123321003,97.39010441780572,98.89706220987414,190700
2022-06-15,99.30570983886719,99.30570983886719,97.73064628747179,98.63311379891248,153900
2022-06-16,100.131591796875,100.131591796875,97.39864122866908,97.55189109677247,423600
2022-06-17,100.3699722290039,100.74458443574989,99.32277028096718,100.12306931960902,153700
2022-06-21,98.94815063476562,99.47600616396828,98.71827261770417,98.97369119320263,318000
2022-06-22,101.03404998779297,101.28946857543495,100.58281611244803,100.84674388959745,314800
2022-06-23,101.52784729003906,102.46437120701887,101.22986329312239,101.58744408942239,111300
2022-06-24,100.59132385253906,101.66407274211643,100.53172705287166,101.16175129157912,143400
2022-06-27,99.98684692382812,100.2933466272632,99.59520985734206,99.68885640980302,129200
2022-06-28,100.11450958251953,100.19113772543862,99.2375827531012,99.60367911345234,134200
2022-06-29,101.4341812133789,101.5533747968279,100.02939227065801,100.42102925849942,69800
2022-06-30,102.29410552978516,102.87304870160821,102.157880550267,102.21747735491506,125400
2022-07-01,103.18474578857422,104.60945953900847,102.92881398059296,103.4662766352572,244700
2022-07-05,103.81607818603516,104.56682074361153,103.47482920212481,104.16585367567559,216600
2022-07-06,102.47665405273438,104.29379513399363,102.45958802824484,104.20848453788976,135400
2022-07-07,101.94770050048828,102.7922863223435,101.72588778154342,102.7922863223435,101600
2022-07-08,100.8642578125,101.55528208939903,100.65950457515268,101.55528208939903,133600
2022-07-11,102.50227355957031,102.63876924750627,101.74299798947433,101.81124257905083,12406500
2022-07-12,102.96294403076172,103.7648715414133,102.88615992885877,103.30418645634177,2245400
2022-07-13,103.72220611572266,103.773391171202,101.73443735004612,101.99037564500527,2404500
2022-07-14,103.10795593261719,103.48333035020488,102.34868059433734,102.74964753880037,403600
2022-07-15,103.60279083251953,104.15731306857084,103.18475776603013,103.31272693926601,485400
2022-07-18,102.74967956542969,102.98855190242969,102.16955824323693,102.92883381817968,222300
2022-07-19,102.2548599243164,102.7923226355872,101.87948542253731,102.7667301029718,200100
2022-07-20,102.51930236816406,103.17620760271537,102.15246096035492,103.17620760271537,154700
2022-07-21,103.77339935302734,103.92696104035387,102.69846754174159,102.84350272500346,292100
2022-07-22,105.40287017822266,106.03417650635271,104.9763106170138,105.25783498073704,584400
2022-07-25,104.47294616699219,104.72888445631561,104.06345271461201,104.15728981133078,215800
2022-07-26,104.669189453125,105.89767658973545,104.5582797992155,105.63321173893434,179400
2022-07-27,104.39619445800781,105.45406039907247,104.32794336276939,105.12134444576355,458500
2022-07-28,105.411376953125,106.08534171474193,105.01894301131915,105.6075971784185,251300
2022-07-29,105.31754302978516,106.30716424176569,104.94217507763888,105.28342399586602,321900
2022-08-01,106.95511627197266,107.04913199937813,105.78419727110743,105.92094979123142,756600
2022-08-02,105.0491714477539,107.42519097171177,104.89532812861252,107.16023460386232,341800
2022-08-03,106.1602783203125,106.21155726376148,104.11758447713886,104.81842496072915,349200
2022-08-04,106.46793365478516,106.55340070892649,105.98076427338943,106.1858865074723,301600
2022-08-05,104.29705810546875,104.80986705691174,103.85262541974339,104.80986705691174,264800
2022-08-08,105.36540222167969,105.48505741430753,104.92951172241028,105.09190370699905,172200
2022-08-09,105.00646209716797,105.33978828896018,104.75005432468757,104.92099501324802,253000
2022-08-10,104.4765396118164,105.74147442896698,104.34833574537176,105.01499454674001,318800
2022-08-11,102.8440933227539,104.54491209529029,102.68170132974977,104.44234770170043,340800
2022-08-12,103.75005340576172,103.75005340576172,102.98938543746618,103.50219435126824,177800
2022-08-15,104.00647735595703,104.65603237181746,103.94664974868778,104.46800740662849,132900
2022-08-16,104.32268524169922,104.32268524169922,103.10903601192958,103.81842501326547,217100
2022-08-17,103.17742919921875,103.54494349340604,102.93811877895165,103.5363948296194,218700
2022-08-18,103.45092010498047,103.97227770518,103.34835570928371,103.42528063623612,130600
2022-08-19,102.01508331298828,102.22875431414305,101.81850312280845,102.22875431414305,140900
2022-08-22,101.51937103271484,102.00654068334697,101.33133949725651,101.97235253865256,290500
2022-08-23,101.08345031738281,102.14326292598392,100.82704908940765,101.16892391409446,158300
2022-08-24,100.43389892578125,100.83560137014311,100.22877011117936,100.64756988378478,202300
2022-08-25,101.6646499633789,101.8355906602951,100.32279646601087,100.57065558599871,151600
2022-08-26,101.9808578491211,102.38256022759937,101.1689109501639,101.35693588496393,215000
2022-08-29,101.2201919555664,101.6047970164726,100.93814476651828,101.6047970164726,237500
2022-08-30,101.27146911621094,101.78427802866942,100.74156939898211,101.17745338817632,178300
2022-08-31,100.51937103271484,101.39969438040704,100.31424872857309,101.10910499293293,522000
2022-09-01,99.0697021484375,99.54093487188865,98.69272250640459,99.18965110772906,860800
2022-09-02,99.60944366455078,99.9007463089941,99.11250870279083,99.31813448338175,452300
2022-09-06,97.69881439208984,98.73551944544424,97.6302702885477,98.73551944544424,286500
2022-09-07,98.91545104980469,99.16391854328677,98.36711124926701,98.36711124926701,446900
2022-09-08,98.35855865478516,99.292447730429,98.26431212867271,98.78694957830473,135200
2022-09-09,98.28145599365234,98.79552385261177,98.05012774497523,98.5898980163735,161200
2022-09-12,97.8359375,98.81266844536374,97.43324891894642,98.5984729479291,216600
2022-09-13,97.63027954101562,97.68169089190727,96.84204188575575,97.1590534921374,197200
2022-09-14,97.73310089111328,98.04154286592244,97.31327963412777,97.50177267836963,152400
2022-09-15,97.37325286865234,97.68169483956291,97.23616464303592,97.50177144598614,407400
2022-09-16,96.97056579589844,97.4503615191246,96.69639587737971,96.82491445659429,151700
2022-09-19,96.94485473632812,97.30470149663607,96.57643832837687,96.73065930232683,241600
2022-09-20,96.16516876220703,96.41363622045422,95.59969628290919,95.76248034838314,214300
2022-09-21,97.23615264892578,97.30469675327906,95.71965192628161,96.48218711121648,197100
2022-09-22,95.06851959228516,95.68540361104559,94.88002652691644,95.66827084906988,249000
2022-09-23,95.38552856445312,95.96814050612551,94.64012597332422,95.13706103407682,1122500
2022-09-26,93.62911224365234,94.94855697448952,93.23499340769727,94.88858251112084,395500
2022-09-27,91.80418395996094,93.1493313117873,91.80418395996094,93.0636544272031,422300
2022-09-28,94.48587799072266,94.51158039398608,93.04648457744474,93.43204023657151,326600
2022-09-29,94.03182220458984,94.33169458992408,93.39780537035064,93.4834822609136,284500
2022-09-30,93.34637451171875,94.66581926835785,92.98652772446982,94.3830862422202,261400
2022-10-03,94.63337707519531,95.32067864046263,94.16944507744546,94.55605179824232,654000
2022-10-04,94.47871398925781,95.36361859049696,94.47012083696437,95.08869670899882,347300
2022-10-05,93.55085754394531,93.91169131281258,93.07833245043685,93.81718629411088,193600
2022-10-06,93.13846588134766,93.70548936532823,92.77762560464618,93.62817066259856,157500
2022-10-07,92.42538452148438,92.91508930001739,92.01299844525191,92.24496766146214,212600
2022-10-10,91.35147857666016,92.10751214064767,90.86177375192808,92.10751214064767,305000
2022-10-11,91.64358520507812,92.44257802096942,91.15388035370314,91.66077151124864,285400
2022-10-12,91.97865295410156,92.14189010165495,91.14529401819016,91.16248032564619,641400
2022-10-13,91.3944091796875,92.0043917752775,90.3806337190012,90.3806337190012,299500
2022-10-14,90.81023406982422,92.03020628033329,90.59545110697728,92.03020628033329,410300
2022-10-17,90.61261749267578,91.84117603223771,90.56107169041516,91.66934576694496,468600
2022-10-18,91.1452865600586,91.16247286610832,90.01982603604536,90.8617780567905,215300
2022-10-19,89.74491119384766,90.41503298010865,89.53012823390986,90.2174363275731,1174600
2022-10-20,88.63661193847656,89.7019399180233,88.56787983244367,89.3582859425132,3350100
2022-10-21,87.56270599365234,87.95790581031895,87.05582140966311,87.36510936264656,1396500
2022-10-24,87.07300567626953,87.71735451929273,86.50598210282992,87.18469700403966,1291800
2022-10-25,89.02323150634766,89.20364838163815,88.63661829816387,88.72253015954198,1101700
2022-10-26,90.01981353759766,90.19164380096163,89.52151560582364,89.52151560582364,1323600
2022-10-27,90.7414779663086,90.98203375499875,89.77065510596863,90.28613273239806,631000
2022-10-28,89.99404907226562,90.63839787230572,89.71912717976805,90.0541880314165,549000
2022-10-31,89.54730224609375,89.83081073274636,88.92013320513979,89.57307514900263,1076000
2022-11-01,90.02012634277344,90.85556104660849,89.77036330130129,90.85556104660849,875400
2022-11-02,89.6584243774414,90.7350145034217,89.27085456048238,90.0718378770511,671700
2022-11-03,89.33112335205078,89.65840431154759,88.5904289854678,88.62488065030692,654300
2022-11-04,88.54737854003906,89.3483618200729,88.51292686906096,89.03830335225436,668500
2022-11-07,87.8152847290039,88.7540745446412,87.76361051619237,88.7540745446412,409800
2022-11-08,88.73684692382812,89.01245368177942,88.15979630108374,88.18563340792552,711000
2022-11-09,88.92631530761719,89.28804789454458,88.3148131046735,88.4267760755846,513300
2022-11-10,92.10441589355469,92.25083053443953,90.83834519311817,90.83834519311817,343400
2022-11-11,91.9149398803711,92.36279838523186,91.51875558772954,91.66517023633948,282400
2022-11-14,91.73406219482422,91.93215103109733,91.21730042374261,91.89769937022757,445700
2022-11-15,92.74174499511719,92.82787085842101,91.97521364104347,92.1905315847941,429600
2022-11-16,94.3437271118164,94.42123843071408,93.21546299686152,93.52551484343554,261100
2022-11-17,93.54276275634766,93.7064065571,93.224089715668,93.53414819552263,392000
2022-11-18,93.07763671875,93.8872342574103,93.04318506061745,93.74081306760145,249400
2022-11-21,93.2154541015625,93.90446763072994,93.09486999870096,93.90446763072994,513900
2022-11-22,94.23172760009766,94.43843094134951,93.671899753684,93.7149593904969,255800
2022-11-23,95.3427963256836,95.36864000220751,94.6021019689254,94.62794564544932,406500
2022-11-25,95.27388763427734,95.3255618388865,94.92937760459101,95.00688891150475,160300
2022-11-28,95.42031860351562,95.83372545315565,95.14471184676114,95.72176246699968,418900
2022-11-29,94.66240692138672,95.29113178999484,94.57627446619436,94.69685201828315,330600
2022-11-30,95.36003112792969,95.41170534209174,94.22315241948041,94.54181883479097,271100
2022-12-01,97.61975860595703,97.65431200516049,95.94395499171809,96.18582219575525,395800
2022-12-02,98.27625274658203,98.28489274392048,96.5659023352406,97.24831713646428,335500
2022-12-05,97.3433609008789,97.49884793867629,96.81643297225379,97.47292794038624,401000
2022-12-06,98.07759094238281,98.4231183839465,97.47291627204943,97.76661690401428,737900
2022-12-07,99.69293212890625,99.8829659688785,98.90685700157731,99.02779062264514,580500
2022-12-08,99.2264633178711,99.46833054115518,98.77727568286848,99.06233630619082,452300
2022-12-09,97.49018859863281,98.53540424909767,97.45563519815622,98.4922108509051,406500
2022-12-12,97.63704681396484,98.66498917736506,97.35198617010609,98.55268896533026,393800
2022-12-13,98.69090270996094,99.86569210096043,98.5699690894511,99.79658529198682,397400
2022-12-14,99.1487045288086,99.26100471917594,98.2762493585386,98.78590373774507,361300
2022-12-15,99.7768325805664,100.1233714875224,99.32633662829953,99.57757717060063,920100
2022-12-16,98.9710922241211,99.35228552788136,98.16539240187693,98.44262209288152,635600
2022-12-19,97.68892669677734,97.97481512144581,97.40303166243035,97.94016718668725,779900
2022-12-20,96.30279541015625,96.55402933589141,96.02555900444628,96.25081027924577,588300
2022-12-21,96.44139099121094,96.93520668995433,95.95624058112722,96.90921743365392,348400
2022-12-22,96.53668212890625,96.90054490929892,96.36341602672255,96.562671383266,387400
2022-12-23,95.57504272460938,95.9302468365723,95.4017766175942,95.73098486479437,384000
2022-12-27,94.11095428466797,94.73472307487076,93.97234267000108,94.31888162118939,590800
2022-12-28,93.71240997314453,94.43147693428818,93.56513310920297,94.37949841988029,549900
2022-12-29,94.5007553100586,94.71734119593074,93.85099765244215,93.92030672224364,486800
2022-12-30,93.72106170654297,94.5180963240175,93.57378486390313,93.9549715972252,471700
2023-01-03,95.22850036621094,95.94756724202242,94.80399379300574,95.85226890379785,580900
2023-01-04,96.27677154541016,96.70128471095784,95.87825424259874,96.57133183598768,489500
2023-01-05,96.4760513305664,96.50204058842773,95.4451000375405,95.55772896784491,318000
2023-01-06,97.89684295654297,98.01813055178566,96.01687862060292,96.1035116729651,446900
2023-01-09,98.36466979980469,98.58992102467109,97.27307482818259,97.42901696698574,555300
2023-01-10,97.12580871582031,97.68026824627094,96.77926985686892,97.55031534795431,366600
2023-01-11,98.31271362304688,98.36469214456275,97.64562508508774,97.82755652007303,5185900
2023-01-12,99.82881927490234,99.8374779556938,97.71493785810719,98.5119727298011,1193300
2023-01-13,99.0837631225586,100.04540546671126,98.80653331404395,99.37831690237039,456100
2023-01-17,98.7545166015625,99.031746321426,98.2953554976959,98.39065383355627,703000
2023-01-18,100.79044342041016,100.85109383705785,99.82880779839006,100.59985331970873,435600
2023-01-19,100.42657470703125,100.69514578762856,100.02805734029845,100.45256396425835,1745200
2023-01-20,99.0230941772461,99.69884125089645,98.97977434547741,99.56022307697928,498100
2023-01-23,98.77186584472656,99.14439397085766,98.62458236440187,98.65923691214421,726700
2023-01-24,99.84612274169922,99.9933996010691,98.55527233310224,99.17904092534951,464500
2023-01-25,100.0020751953125,100.3919273008033,99.44761563610459,99.98475122582195,376000
2023-01-26,99.51691436767578,99.95008626629243,99.1270556931136,99.67285651556492,307400
2023-01-27,99.24834442138672,99.36963202560044,98.71987417030746,98.85849235208242,434500
2023-01-30,98.93643951416016,99.54288401858845,98.8671370473867,99.06639238008603,530600
2023-01-31,99.53424072265625,99.57756055742838,98.67656219353415,99.54290601154644,508200
2023-02-01,100.60721588134766,101.08505272705762,99.2518810403476,100.0859296810395,1162700
2023-02-02,100.75489044189453,101.58893891617438,100.61587904863386,101.27616990976594,808600
2023-02-03,99.33009338378906,99.66023562172383,98.90437580646864,99.39959910601654,1634400
2023-02-06,98.46126556396484,98.82616056600104,98.3570070083422,98.40913297193916,553700
2023-02-07,97.92259216308594,98.94777794584374,97.83571336015957,98.13110261579477,581600
2023-02-08,98.20062255859375,98.48732861543732,97.47951579565824,97.90523326009703,521700
2023-02-09,97.60113525390625,98.99122264225373,97.49688333967973,98.99122264225373,485900
2023-02-10,96.72367858886719,97.47084845551377,96.61073014466234,97.47084845551377,275900
2023-02-13,97.49691772460938,97.49691772460938,96.91482223679317,96.94956846817094,6907000
2023-02-14,97.18413543701172,97.72279474835068,96.50647133371942,97.38395606827517,485800
2023-02-15,96.35879516601562,97.10595849448066,96.13290487875098,96.83663210133128,491400
2023-02-16,95.53340148925781,95.95911232081586,95.31620113848328,95.73322872847899,443600
2023-02-17,96.06338500976562,96.08944799514478,95.05557868067054,95.10770465142883,486000
2023-02-21,94.46478271484375,95.10769391922366,94.37789726881144,95.02949834348036,476600
2023-02-22,95.01214599609375,95.30753536618803,94.84707156667028,94.86445131104662,544100
2023-02-23,95.64634704589844,95.83748442264346,95.02949882085795,95.02949882085795,269000
2023-02-24,94.49085235595703,95.08163763709271,94.31708808007632,94.97737907156429,303800
2023-02-27,94.76882934570312,95.15978720487242,94.62981798253304,94.96864989472685,290100
2023-02-28,94.89918518066406,95.01212698278758,94.04775684422604,94.16938851679876,343300
2023-03-01,93.93828582763672,94.63521801135778,93.7640477968305,94.51325471304406,398800
2023-03-02,93.15424346923828,93.35461556920447,92.82320113723124,93.01485302639185,447800
2023-03-03,94.78333282470703,94.8094668706875,93.99056464862174,94.28676601157188,364000
2023-03-06,94.39130401611328,95.15793816100492,94.29547474800182,95.14922459667602,331200
2023-03-07,94.8007583618164,95.21020949468344,94.28677103945304,94.76591074981684,488500
2023-03-08,94.87043762207031,95.8200099648913,94.61779746246165,95.47154055003449,333900
2023-03-09,95.26244354248047,95.55864481536285,94.60035244412573,94.78330400336192,1547300
2023-03-10,98.05020904541016,98.2418609070857,97.00480081349193,97.00480081349193,383300
2023-03-13,99.20014953613281,101.03831912443107,98.49449717962672,100.22813060140625,665100
2023-03-14,97.78886413574219,98.8778269880333,97.6581872641669,98.77328416147272,288000
2023-03-15,99.55732727050781,100.68113760213407,98.95621771844002,99.89708310954587,689000
2023-03-16,98.55549621582031,100.83796485407004,98.4683805128494,100.40237969271337,308000
2023-03-17,99.46148681640625,100.43719970245418,99.45277990105335,99.59216365820289,6559800
2023-03-20,98.88655090332031,99.74029414684543,98.57292903731037,99.74029414684543,1493900
2023-03-21,98.02406311035156,98.58161812543698,97.80627057117006,98.30283729464385,594700
2023-03-22,99.42664337158203,99.47891809838596,97.59718744945765,97.79755950145486,408100
2023-03-23,99.6531753540039,99.83612032909609,98.5903464683712,98.88654784221254,384500
2023-03-24,100.0364761352539,100.63757905648187,99.7228543300475,100.40236602582765,817500
2023-03-27,98.34639739990234,99.21756754722826,98.23314767349025,98.83425055552462,362000
2023-03-28,98.36383056640625,98.43351913113203,98.00664759374405,98.2680013125945,308500
2023-03-29,98.1634750366211,98.30285883606044,97.69304225132151,97.79758508577774,370200
2023-03-30,98.52935028076172,98.66874070589763,97.99793591630831,98.07634469207258,361600
2023-03-31,99.78382873535156,99.78382873535156,98.64259797766326,98.89523146960131,482200
2023-04-03,100.05654907226562,100.38867007784768,99.21749459935239,99.418519594941,757800
2023-04-04,100.74700927734375,101.0266918761299,99.4447378018857,99.4447378018857,393000
2023-04-05,101.67343139648438,101.79579207829407,101.11406637445236,101.24516234199342,413800
2023-04-06,101.73464965820312,102.04929343389684,101.64725009121256,101.64725009121256,210600
2023-04-10,100.51097869873047,101.0878275163249,100.23129624212109,101.00916328294576,344700
2023-04-11,100.4760513305664,100.62463122692236,100.1526656724758,100.62463122692236,567100
2023-04-12,100.56343078613281,100.77319765830578,99.80304754601494,100.77319765830578,303400
2023-04-13,99.96912384033203,100.95675804895838,99.86424705227114,100.67707550053275,264700
2023-04-14,99.03390502929688,99.53208962783381,98.92902827265074,99.51461239111144,398500
2023-04-17,98.19488525390625,98.71055390235986,98.10748570940027,98.68433470582384,306400
2023-04-18,98.47456359863281,98.74551084365436,98.22110026266171,98.22110026266171,1004900
2023-04-19,98.27354431152344,98.40464028726656,97.81905603508908,98.14244166762286,402000
2023-04-20,98.92032623291016,99.16504765470006,98.7542624103419,98.85914587746268,282600
2023-04-21,98.50079345703125,99.3398478101864,98.40465195131885,99.22622239353089,331900
2023-04-24,99.20874786376953,99.33985052679513,98.84165907366618,98.96402644913958,198600
2023-04-25,100.60716247558594,100.69456202975037,100.07401652657683,100.13519688130778,315800
2023-04-26,99.86425018310547,100.79069740353066,99.66322521942321,100.48479564849951,671400
2023-04-27,98.9028549194336,99.34859467806699,98.78922948953333,99.2262339598352,249600
2023-04-28,100.1876220703125,100.3012474770873,99.73314044768632,99.98660378905468,450400
2023-05-01,98.07069396972656,99.66605183063005,97.73759962521315,99.54333250961452,571900
2023-05-02,99.96411895751953,99.96411895751953,98.52654360886173,98.57036812927852,380900
2023-05-03,100.5689468383789,100.75302585994692,99.832624064404,100.26214178139602,340900
2023-05-04,100.1043472290039,100.88449442966755,99.8676761394203,99.91150733897753,277100
2023-05-05,99.4995346069336,99.56089428384804,98.9823544549091,99.18396864345839,252400
2023-05-08,98.4476318359375,98.78073290985985,98.39503974540335,98.53529423709745,316800
2023-05-09,98.20220947265625,98.66679085007195,98.20220947265625,98.54407149330943,298100
2023-05-10,99.20149230957031,99.30668318820241,98.83333426591228,98.86839789212299,362400
2023-05-11,99.94657135009766,100.358560579379,99.78878838330273,100.23584123717211,278400
2023-05-12,99.21027374267578,100.02548477473515,99.18397769127125,99.88523025030592,276300
2023-05-15,98.45641326904297,98.65802745730016,98.3599899643595,98.50900536697824,262600
2023-05-16,98.1408462524414,98.15838141003371,97.5009534420878,97.8603439202926,406000
2023-05-17,97.86909484863281,98.2898449314223,97.62365618572196,98.2898449314223,264600
2023-05-18,97.03636169433594,97.430822472687,96.98376959897028,97.430822472687,366600
2023-05-19,96.38768768310547,97.08894673130831,96.2562007756047,96.52794216782681,725900
2023-05-22,96.15103912353516,96.81722801891318,96.0809118647469,96.5279647798927,469300
2023-05-23,96.24745178222656,96.48412289481887,95.72150408721657,95.9143506836932,661500
2023-05-24,95.88806915283203,96.52796871185947,95.86177310164116,96.4666090298462,525900
2023-05-25,95.37964630126953,95.9669536948851,95.24816605942571,95.92312248913514,614700
2023-05-26,95.70398712158203,95.93189737096682,95.01149548177314,95.20434210142922,415000
2023-05-30,96.83474731445312,96.93993149770127,96.1510233725307,96.26497513361697,276800
2023-05-31,97.57107543945312,97.73762600050557,96.77339963759279,96.86105536372973,309500
2023-06-01,98.02828216552734,98.30085617775421,97.64141395842633,98.01069999128359,778300
2023-06-02,97.21055603027344,97.92275806039754,97.12263175851015,97.92275806039754,543200
2023-06-05,97.14903259277344,97.49194203388713,96.51596694511936,96.69182224068639,311500
2023-06-06,97.44798278808594,97.46556496346409,96.71819840831131,97.14903214110868,420900
2023-06-07,96.16423797607422,97.35123231887883,96.05872483361928,97.24571917642389,435600
2023-06-08,97.1578369140625,97.24576121668976,96.21703278874278,96.25220385143255,376200
2023-06-09,96.94682312011719,97.2809381736225,96.55994811528336,96.76218006095415,440300
2023-06-12,97.19297790527344,97.22814895708129,96.40164601007736,97.21935451708127,290500
2023-06-13,96.20821380615234,97.28090746589767,96.05874185899245,96.96437469062225,707500
2023-06-14,96.72698974609375,97.54469839290574,96.31373820193592,96.55992889849122,667900
2023-06-15,97.5359115600586,97.94036869426398,97.15783104422842,97.49194605730402,626100
2023-06-16,97.1578369140625,97.3776510247278,96.69183207276315,97.105083674125,239500
2023-06-20,97.67658996582031,97.98433507146102,97.49194692735226,97.54470687276738,319000
2023-06-21,97.94036865234375,97.98433415507952,96.97318796590191,97.32489186320637,305400
2023-06-22,97.19297790527344,97.73811914600678,96.91161619900285,97.37762089612049,265900
2023-06-23,97.7821044921875,98.36241694237091,97.50953715187386,98.32724588100882,285700
2023-06-26,97.89639282226562,98.13379577888428,97.68537318942151,97.99311155152608,237000
2023-06-27,97.56228637695312,98.24810527482012,97.26334242996239,97.9579557698567,436900
2023-06-28,98.02828216552734,98.13379533556935,97.40401100288013,97.74692042027517,430000
2023-06-29,96.61268615722656,96.82371251294799,96.18185242030084,96.71819933508728,221400
2023-06-30,97.39522552490234,97.39522552490234,96.4808047998239,96.65665339121735,762600
2023-07-03,96.82463836669922,97.73300213837177,96.77172606261614,97.41551485703091,242400
2023-07-05,95.94273376464844,96.80699949115376,95.61642551289033,96.65707680592223,315000
2023-07-06,94.7344970703125,95.14017369164128,94.46110791273482,94.96379489225308,705500
2023-07-07,94.3729248046875,94.76095953489498,94.284735399114,94.39938095351752,314400
2023-07-10,94.79624938964844,94.96381399266403,94.3464813422191,94.35529557406743,511100
2023-07-11,94.99905395507812,95.34299725845545,94.74330003464547,95.04314528234116,709900
2023-07-12,96.14553833007812,96.43656937643325,95.34300612371551,95.55466200814686,385700
2023-07-13,97.14212036132812,97.2744078427576,96.42777065297726,96.60415620435684,438500
2023-07-14,96.67471313476562,97.12448116444402,96.60415891223612,97.00101463922788,381300
2023-07-17,96.79815673828125,96.87752517351684,96.3836591895992,96.60413603647949,283800
2023-07-18,97.08036041259766,97.40666181821165,96.95689392478388,97.19500594316217,413500
2023-07-19,97.93584442138672,97.93584442138672,97.0274739160062,97.3008698550094,406500
2023-07-20,96.69232940673828,97.1950163691653,96.31310894536914,97.1509250350273,11749100
2023-07-21,96.74525451660156,97.2479415456283,96.64824414885776,97.11566079726907,2127200
2023-07-24,96.46304321289062,97.1421157789323,96.41013091418313,96.99219311364743,2799400
2023-07-25,96.32193756103516,96.52477251671837,95.96917321778844,96.00445032495513,1354700
2023-07-26,96.54238891601562,96.72758863337282,96.15434756817096,96.72758863337282,594200
2023-07-27,94.9020767211914,96.180840041023,94.61104560037313,96.00446121360518,554000
2023-07-28,95.263671875,95.3342261095847,94.84918088576474,95.00792454936924,446800
2023-07-31,95.54584503173828,95.7310515078046,95.1137122872291,95.1137122872291,1074000
2023-08-01,94.26321411132812,94.82973116182828,94.006510017599,94.68810527591121,1838600
2023-08-02,93.66131591796875,93.68787035714944,93.07709799574,93.56394513869431,1756200
2023-08-03,91.97061920166016,92.34239486185437,91.77587764058185,92.20961591080845,1187500
2023-08-04,93.46656036376953,93.625893728413,92.33352610560115,92.38664172942691,616400
2023-08-07,92.93545532226562,93.28067650132891,92.76727497439964,93.20986692226717,541500
2023-08-08,93.82948303222656,94.32518380036015,93.62588778621944,93.91800006176236,468500
2023-08-09,94.15699768066406,94.30747729696374,93.92684801528947,93.94454871874164,426300
2023-08-10,92.99739837646484,94.36058209976107,92.91773508423442,94.13043244429139,293400
2023-08-11,92.55482482910156,93.09478753907672,92.50171595710961,92.60794045451061,361600
2023-08-14,92.51057434082031,93.03282961745973,92.18305385575357,92.4574587127392,830500
2023-08-15,92.02369689941406,92.52825133969105,91.98828874090498,92.20958466652499,662700
2023-08-16,91.42178344726562,92.2184502324477,91.2978582532836,91.80241275832947,827300
2023-08-17,91.13851928710938,91.28899890576675,90.76674372804426,91.19162815171406,529000
2023-08-18,91.35981750488281,91.78470869256022,91.07655896423667,91.17392972071656,671700
2023-08-21,90.34187316894531,90.57202289045107,90.14713161639565,90.48350584476968,760300
2023-08-22,90.75789642333984,90.88182161846633,90.21793375025298,90.38612083796035,2563400
2023-08-23,92.52828979492188,92.55484423648592,91.69621460768292,91.75818397589038,775400
2023-08-24,92.0768051147461,92.57251257698124,92.03254998198186,92.23613845021174,652100
2023-08-25,92.24498748779297,92.44858269908637,91.62536163327441,91.84665754609037,780100
2023-08-28,92.34239196777344,92.52827979204467,92.00602448862801,92.52827979204467,2029100
2023-08-29,93.25411224365234,93.36919046016507,92.0414147564014,92.08566989447696,561300
2023-08-30,93.15677642822266,93.38692619416085,93.0239974573576,93.28070166678499,542500
2023-08-31,93.47541046142578,93.820631612504,93.29837639799678,93.4223015930804,763800
2023-09-01,92.33172607421875,93.18418202379937,92.11860700578535,93.1220239891857,835200
2023-09-05,91.3460464477539,94.9778631628022,91.3194014907317,91.91435025267728,983300
2023-09-06,91.42596435546875,91.79003759294876,91.23949029775312,91.79003759294876,1144400
2023-09-07,91.66572570800781,91.70123877085386,91.43485015121071,91.63020587044547,895800
2023-09-08,91.91435241699219,92.41161656433033,91.78115472760778,92.020905148727,839500
2023-09-11,91.48811340332031,91.67458744275017,91.31052101568675,91.46147522264681,980100
2023-09-12,91.79005432128906,91.80781085514356,91.37270464117755,91.60358022958935,735300
2023-09-13,91.92322540283203,92.12746275897989,91.50588258760078,91.59467878712412,760800
2023-09-14,91.4526138305664,91.9676413534005,91.31054124392894,91.83444364581004,814200
2023-09-15,91.00862884521484,91.28390592280067,90.9020760955712,91.2483860813471,1166500
2023-09-18,91.3371810913086,91.35493762444234,90.831035213035,90.84879174616873,944200
2023-09-19,90.80436706542969,91.23947311817287,90.75996558517,90.96420290976398,923000
2023-09-20,90.87541961669922,91.39044709043027,90.87541961669922,91.1773348434339,1037600
2023-09-21,89.14386749267578,89.58785528047662,89.14386749267578,89.54345379181014,1564100
2023-09-22,89.82762908935547,89.93418184231162,89.09948247899639,89.21492366098856,1190100
2023-09-25,88.0871810913086,88.71764975970075,88.01614818864057,88.4246161715269,1164000
2023-09-26,87.84744262695312,88.46902295203203,87.74976475090966,88.33583200717044,1983000
2023-09-27,87.31464385986328,88.49565305389373,86.97720879030241,88.4157317256812,2806000
2023-09-28,87.51886749267578,87.52774914504066,86.24018731548045,86.70193161771736,5253100
2023-09-29,87.43893432617188,88.22035019999079,87.08374282908534,88.02499453785748,2258700
2023-10-02,86.25011444091797,87.05219375051868,86.00949404768727,86.87395692585142,1416900
2023-10-03,84.8954849243164,86.12533515941928,84.77071780478269,85.8490660803515,1967400
2023-10-04,85.72428131103516,85.8401345269497,85.10935292044238,85.45691936748264,2445900
2023-10-05,85.58169555664062,85.8401436497292,85.37672393752382,85.7242904215022,1376000
2023-10-06,84.73506927490234,85.3321700339086,84.04884331663109,84.16470335595636,1718900
2023-10-09,86.30355834960938,86.30355834960938,84.97567604436901,85.34107026488248,1175500
2023-10-10,86.13423919677734,86.5709240652461,85.28759749748792,85.51931074984367,1665800
2023-10-11,87.57799530029297,87.57799530029297,86.87395509815988,87.08784064312057,1846400
2023-10-12,85.80451965332031,87.33738089570424,85.5728063308136,87.27499732417928,2103400
2023-10-13,86.94524383544922,87.12348745174684,86.62441212541223,87.0343690432474,3348100
2023-10-16,85.74210357666016,85.94708197641947,85.5638668111017,85.78666616769816,2951600
2023-10-17,84.78854370117188,85.15393800057717,84.26274035242587,84.53900944757726,2140400
2023-10-18,84.08450317382812,84.38751393300842,83.68346692120898,84.18253546656595,1924300
2023-10-19,82.97940063476562,84.26272722393124,82.96157287697311,83.79930071148925,5981900
2023-10-20,83.66563415527344,83.78149420301533,83.17547952019918,83.31806761064492,2072000
2023-10-23,84.48554229736328,84.89549241188749,82.95268120869969,83.26459903504433,1136400
2023-10-24,85.0202407836914,85.0202407836914,84.20034073554447,84.52116557235648,1026900
2023-10-25,83.63890838623047,84.12015599237428,83.39828798280821,84.10233502887236,1132900
2023-10-26,84.69942474365234,84.74398054619016,83.69237385555863,83.72801577786952,782500
2023-10-27,84.52117156982422,84.61920384333028,83.9418986073036,84.29837218445547,867800
2023-10-30,84.20928955078125,84.50338649619167,83.62110245926094,84.06670141922805,968400
2023-10-31,83.9330062866211,84.75290660354138,83.87062271466627,84.40534001703605,853600
2023-11-01,85.43910217285156,85.48382336936241,84.455297261082,84.51790284209925,1028300
2023-11-02,86.88800048828125,87.22785845042169,86.35138013940237,86.68229249573707,1192300
2023-11-03,87.57666778564453,88.67674537326405,87.54089218356357,88.44420737148705,1124900
2023-11-06,86.91483306884766,87.25469104110252,86.75384627704311,87.21891544031283,1053900
2023-11-07,87.95228576660156,88.32792611005135,87.5140466599902,87.5229922647978,1250400
2023-11-08,88.97188568115234,89.0970968720541,88.15800611679282,88.15800611679282,1353900
2023-11-09,87.32624816894531,88.56942138088607,86.87011775729482,88.5515369910266,1055000
2023-11-10,87.55876922607422,88.10433512839361,87.51404802483599,87.97912395312332,856200
2023-11-13,87.54981994628906,87.64820112608587,86.81643731184741,87.13841084145565,1057900
2023-11-14,89.30279541015625,89.60688459586592,88.90927746044095,89.40117660345956,1490700
2023-11-15,88.24742889404297,88.7035592081,88.07750334449007,88.62306241220892,943000
2023-11-16,89.12391662597656,89.4995501555197,88.84665745783984,88.84665745783984,1157200
2023-11-17,89.37431335449219,89.6962868085011,89.09706108934384,89.53530008149664,1284900
2023-11-20,89.77680969238281,89.91991209043343,89.00765136160555,89.00765136160555,1341600
2023-11-21,89.794677734375,90.02721565945707,89.31171750081816,89.82150772121213,1042700
2023-11-22,89.92884826660156,90.37603297837283,89.58004473729974,90.17927061343393,1243400
2023-11-24,89.07917022705078,89.3653680957712,89.0433946405238,89.30276252522285,377700
2023-11-27,90.17926025390625,90.17926025390625,89.39221088456452,89.46376206786766,3114400
2023-11-28,90.3670883178711,90.47441510627672,89.84835240915645,89.91095799651875,6734500
2023-11-29,91.30615234375,91.34192793213322,90.68009660578305,90.93946450393958,3347400
2023-11-30,90.7874526977539,90.89477267407507,90.18821992813614,90.7248471037339,1901800
2023-12-01,92.03062438964844,92.03062438964844,90.40597592145049,90.50471214474537,1634400
2023-12-04,91.54589080810547,91.8151725729213,91.21378439270165,91.51896400124784,1584500
2023-12-05,93.08080291748047,93.14363443136632,92.02163822046072,92.4076051909371,1379200
2023-12-06,94.06816864013672,94.24768530146227,93.36803722547509,93.52960495991675,1065000
2023-12-07,93.64628601074219,94.23869640239208,93.46676252227186,93.55652769056746,1268300
2023-12-08,92.93716430664062,93.23337286490829,92.53324167769759,92.93716430664062,879200
2023-12-11,92.80254364013672,92.9371845457721,92.290913677219,92.57814441345138,1491400
2023-12-12,93.17057037353516,93.23340188895904,92.61405777397962,92.77562550622983,1771100
2023-12-13,95.10935974121094,95.2440006359808,93.52958739535997,93.62832359498317,1016900
2023-12-14,96.959228515625,96.99524670285646,95.8784973795938,96.03159872409809,966800
2023-12-15,96.97722625732422,97.22038678359802,96.64399966028276,96.81511694944952,717500
2023-12-18,96.4368667602539,96.5449350543351,96.20270733795022,96.48189292576218,1255700
2023-12-19,96.77911376953125,97.19339167860758,96.60799644168827,96.83314792734355,696300
2023-12-20,97.58061981201172,97.60763688186513,96.69803013177997,96.98622366200932,1295800
2023-12-21,97.01322937011719,97.84178481360549,96.95919523673858,97.75172563428283,740000
2023-12-22,96.90516662597656,97.54459581334464,96.71604026388819,97.51757874319999,560200
2023-12-26,97.19335174560547,97.26540184047128,96.92317419647152,97.00422539988914,413900
2023-12-27,98.63433837890625,98.65235434164744,97.84180779520823,98.03093417753128,786300
2023-12-28,98.12098693847656,98.63433190568526,97.87782642604134,98.31912128916696,500600
2023-12-29,97.49959564208984,98.04896578505239,97.27444416943563,97.57163889132019,588500
2024-01-02,97.00424194335938,97.19336832133004,96.7520734393985,96.88716567254222,1793900
2024-01-03,97.33746337890625,97.37348843057448,96.06760607413648,96.27474840345977,1089000
2024-01-04,96.1126480102539,96.42785865270658,95.9775557717523,96.23873226723498,661500
2024-01-05,95.28411102294922,96.4639026034067,95.20305291553963,95.50025452424477,1307300
2024-01-08,96.1126480102539,96.34680743225161,95.3201105422853,95.3921606522964,820400
2024-01-09,95.9234848022461,96.21167826058378,95.74335959636377,95.7703766594776,445600
2024-01-10,95.68036651611328,96.21172755687867,95.44621393510384,96.11266036065254,620300
2024-01-11,95.99556732177734,96.15767663791492,95.20303670459188,95.56328039279504,710800
2024-01-12,96.2567367553711,96.66201345149211,95.87848400251922,96.24773564535772,741500
2024-01-16,94.8067626953125,95.59029215830982,94.55459418889767,95.48221699652784,714500
2024-01-17,94.5185775756836,94.81577914381744,94.20336691451607,94.55460263282804,474300
2024-01-18,93.89717102050781,94.46455025160876,93.69903662743452,94.37449103777843,576800
2024-01-19,94.0772705078125,94.15832859369488,93.40181623345623,93.79808493982296,961900
2024-01-22,94.56361389160156,94.93286558681922,94.39249658200535,94.68969816043752,557500
2024-01-23,94.05925750732422,94.10428366776398,93.67199679794759,94.06825861676663,330900
2024-01-24,93.5188980102539,94.63565409015614,93.40182173605558,94.59062105411553,582400
2024-01-25,94.06826782226562,94.23938511347957,93.74404920263741,94.09529176646512,2894900
2024-01-26,93.88813018798828,94.11328157932638,93.63596172906163,93.98719734986305,1276800
2024-01-29,94.77973175048828,95.04090819992776,94.20334471416511,94.35644601764069,604000
2024-01-30,95.35613250732422,95.37414846978153,94.64465315394237,95.25706532703836,532500
2024-01-31,96.2927474975586,96.48187384587645,95.73437643235599,95.93250388934946,604600
2024-02-01,97.73401641845703,98.17678137445931,97.0111289485234,97.20992334745345,1320000
2024-02-02,96.06233978271484,96.37860735880439,95.60150574331992,96.10752283471787,700100
2024-02-05,94.38163757324219,94.95994482269884,94.21898822845961,94.82440944701854,695600
2024-02-06,95.14971160888672,95.28524698951313,94.41778608367184,94.47200712988887,432300
2024-02-07,94.81538391113281,95.39369123654902,94.77020085066053,94.84249098982934,397700
2024-02-08,94.3274154663086,94.48102680843307,93.98404772027173,94.33645345524698,505700
2024-02-09,94.04729461669922,94.18283686736315,93.87560730626055,93.97500449714975,350100
2024-02-12,94.1196060180664,94.30032446383791,93.78526931002564,94.12863711457821,342800
2024-02-13,92.66478729248047,93.28827067215147,92.65574930321976,93.17984237688653,728700
2024-02-14,93.16177368164062,93.35153010715506,92.64671855696817,92.69190161283817,522100
2024-02-15,93.54129028320312,93.92081004341524,93.32442677305812,93.7852677643371,1371500
2024-02-16,93.0623779296875,93.0623779296875,92.72804812929866,92.79130027212626,643500
2024-02-20,93.18888854980469,93.45093512903625,93.06238425555041,93.10756731519851,531200
2024-02-21,92.65573120117188,93.26114537800824,92.5111509771106,93.20693124096752,518200
2024-02-22,92.91780853271484,93.0533508142771,92.65576196008566,92.70997611512382,1186800
2024-02-23,93.68585968017578,93.83043303883885,92.97201019424354,93.02622434199645,669300
2024-02-26,93.51417541503906,93.93887130358253,93.12562459083613,93.77622196103324,706000
2024-02-27,93.04429626464844,93.5051371823573,92.94489906879033,93.31537388556232,670200
2024-02-28,93.47801971435547,93.55030983481102,93.00814771932507,93.15272106627083,560300
2024-02-29,93.99308013916016,94.12862239928262,93.71296452381526,93.75814757517799,740400
2024-03-01,94.57686614990234,94.61312763909343,93.30774169290176,93.66128256730002,532500
2024-03-04,94.27771759033203,94.29584487752211,93.90604249929982,93.92417670266205,320100
2024-03-05,95.40180206298828,95.67375980094965,95.0663953578315,95.23862880344596,419700
2024-03-06,95.9004135131836,96.08171410749132,95.51967811543275,95.5740669104902,430200
2024-03-07,96.04542541503906,96.3717719253441,95.67375722707477,96.34457753551409,346600
2024-03-08,95.98197174072266,96.17233939008318,95.80067119357146,96.06356182826148,616300
2024-03-11,95.95478057861328,96.172342625749,95.71002414010721,96.13608804803702,383000
2024-03-12,95.19328308105469,95.51056241775753,95.05730424641895,95.43803945046236,294200
2024-03-13,94.86698150634766,95.13893238805203,94.74912989971907,94.98482619680213,347800
2024-03-14,93.64319610595703,94.26868804772332,93.57067309595736,94.26868804772332,1290200
2024-03-15,93.48905944824219,93.6975613204649,93.42560355950887,93.67036692760392,291800
2024-03-18,93.29869842529297,93.50720031236186,93.11739784919504,93.34402702740428,260900
2024-03-19,93.66130828857422,93.83354868048959,93.36215610772345,93.50720210432036,356700
2024-03-20,93.73383331298828,94.277741979636,93.1808575423138,93.75196060486783,456700
2024-03-21,93.8969955444336,94.19614769651346,93.6341048880155,94.07829610656938,331100
2024-03-22,94.66752624511719,94.90322249124814,94.56780886852997,94.90322249124814,275700
2024-03-25,94.29586029052734,94.51342926940374,94.15082122078303,94.51342926940374,258000
2024-03-26,94.49528503417969,94.53154652681062,94.07828824318288,94.27772299456669,488400
2024-03-27,95.19328308105469,95.22954456470227,94.64030755872797,94.68562922615932,353800
2024-03-28,95.2114486694336,95.47433934451435,94.86697481045206,95.00295369979364,612200
2024-04-01,93.72785186767578,94.36458721016142,93.62779246530022,94.33729954403987,570600
2024-04-02,93.24573516845703,93.30031049128213,92.61809119639418,92.81820996661094,734300
2024-04-03,93.20936584472656,93.24575171303042,92.34521708727328,92.57262355925128,472300
2024-04-04,93.80970764160156,93.86428990953597,93.263933541517,93.68236058291164,376700
2024-04-05,92.82732391357422,93.41857518419104,92.79093804555409,93.01834451575893,507000
2024-04-08,92.71814727783203,92.90006964069593,92.52712671485693,92.58170203573745,562700
2024-04-09,93.46405792236328,93.57321552486825,93.18207612409373,93.20026558789723,511000
2024-04-10,91.56293487548828,92.51803778607558,91.3992019565456,92.4543642587031,1457900
2024-04-11,91.21728515625,91.81764158807746,91.03536275018438,91.74486984969323,642500
2024-04-12,91.72666931152344,92.20877685167174,91.68119218200391,91.92678811311431,623900
2024-04-15,90.51685333251953,90.74425975245056,90.15300167265123,90.74425975245056,815500
2024-04-16,90.08936309814453,90.2621942650988,89.62545187836493,89.81647251241633,726100
2024-04-17,90.90802001953125,90.9898830242019,90.19851288613786,90.52597184471573,506700
2024-04-18,90.48958587646484,90.85343067767697,90.30765653596404,90.85343067767697,499500
2024-04-19,90.762451171875,90.98985759671528,90.56233240763261,90.98985759671528,550100
2024-04-22,90.55326080322266,90.76247087314745,90.32585432902059,90.4077173285838,307100
2024-04-23,90.79883575439453,91.17178561703112,90.25306173043975,90.44408229182926,370600
2024-04-24,90.22578430175781,90.43499434704965,89.9074097234453,90.36222261829857,1284300
2024-04-25,89.74369049072266,89.85284115216145,89.31616522703526,89.42531588847405,668100
2024-04-26,90.18031311035156,90.45320366217868,90.08025370400796,90.14392724078162,541600
2024-04-29,90.78065490722656,90.83523023283202,90.41680321010442,90.54415026311308,1074100
2024-04-30,90.12574005126953,90.58055302253364,90.08025597818505,90.37133600219826,1220300
2024-05-01,90.71817016601562,91.30238806841929,90.4260612148138,90.70904676697229,1158900
2024-05-02,91.1837158203125,91.31151304364539,90.40780211738391,90.5355993407168,693000
2024-05-03,91.96875,92.2791126620385,91.57622800926417,92.16957617634284,914600
2024-05-06,92.23346710205078,92.3338801818621,91.86832926313917,92.04177130361782,445300
2024-05-07,92.73552703857422,93.13717936432442,92.62599056022425,92.91809944319937,537600
2024-05-08,92.29737091064453,92.50732047888104,92.25172606654509,92.37039987543349,402900
2024-05-09,92.66252136230469,92.78118822289363,92.03265864315074,92.04178900609645,272900
2024-05-10,92.18783569335938,92.39779224476477,92.09655296143677,92.3886618822447,431100
2024-05-13,92.38866424560547,92.63513528896999,92.37041048452441,92.63513528896999,271900
2024-05-14,92.77205657958984,92.86334627893443,92.47082425080197,92.6807738446715,341700
2024-05-15,93.8857192993164,94.01351651461648,93.4658131684125,93.72140759901262,372000
2024-05-16,93.73966217041016,94.09566967029477,93.7122780495614,94.09566967029477,471200
2024-05-17,93.255859375,93.57535239882618,93.21021452969958,93.47493931070574,317800
2024-05-20,93.04589080810547,93.18281836187954,92.94547773296613,93.00024596870588,306500
2024-05-21,93.40191650390625,93.5662282076284,93.31063377171084,93.52058335931767,397800
2024-05-22,93.43840789794922,93.52056024729471,93.06413973468824,93.06413973468824,241300
2024-05-23,92.9363784790039,93.52059640385424,92.68991437125615,93.52059640385424,2150900
2024-05-24,93.17369079589844,93.21020527562844,92.7537847256408,92.80855296302335,191400
2024-05-28,92.08739471435547,93.21019217384973,92.06001059951335,93.18280805900761,401900
2024-05-29,91.22936248779297,91.54885555248933,90.92812318489646,91.50321070134993,425400
2024-05-30,91.95050811767578,92.01440673072716,91.62188468928967,91.74968191539244,255700
2024-05-31,92.64424896240234,92.69902416874814,92.36127042658006,92.5347124785617,411500
2024-06-03,93.74170684814453,93.86079376501071,92.98136494510608,92.98136494510608,374100
2024-06-04,94.63944244384766,94.78601739040515,94.13560679048209,94.3005001108202,307500
2024-06-05,95.21659851074219,95.24407957344212,94.41961274704411,94.91429284288292,639300
2024-06-06,95.21659851074219,95.33568544546856,94.89596747502961,94.9509365895095,916900
2024-06-07,93.53102111816406,93.91576997415127,93.53102111816406,93.91576997415127,547000
2024-06-10,93.15543365478516,93.29283896639014,93.00885867029992,93.25620220934877,291000
2024-06-11,93.91575622558594,93.93408159075788,93.1829023675251,93.30198928482675,503900
2024-06-12,94.62113952636719,95.51888675890476,94.59365846666817,95.05169476586306,664600
2024-06-13,95.66547393798828,95.85784836951096,95.0517068961188,95.27156239084754,503500
2024-06-14,96.28836822509766,96.37081138437274,95.89445682293568,96.04102476911724,684200
2024-06-17,95.40896606445312,95.50057192987931,95.07001667438875,95.2623910885076,346400
2024-06-18,96.1601333618164,96.23342084065746,95.50056003040419,95.61049124866578,1163200
2024-06-20,95.64715576171875,95.69295520413262,95.14331297160504,95.19827509813375,701400
2024-06-21,95.68378448486328,96.13266511075302,95.39064151952691,95.97692745019965,346500
2024-06-24,95.91280364990234,95.93112901678515,95.51889213087804,95.75707297679683,296100
2024-06-25,96.08686065673828,96.11434171825934,95.74791125679246,95.83952411396899,498800
2024-06-26,94.9417495727539,95.20741142589955,94.90510583551884,95.06999915853756,450400
2024-06-27,95.26239776611328,95.42729113107075,95.2074356408208,95.26239776611328,325600
2024-06-28,94.08067321777344,95.55555097633109,94.02571108659862,95.51890722585429,510600
2024-07-01,92.60811614990234,93.5181095708068,92.48862433110632,93.01256078712309,877000
2024-07-02,93.19640350341797,93.38023816561379,92.81034650510102,93.29751467147852,622000
2024-07-03,94.29942321777344,94.36377306211016,93.61003273197605,93.68356940021002,365700
2024-07-05,94.91526794433594,95.07152807818916,94.40971220205614,94.70385181224398,426700
2024-07-08,95.04398345947266,95.16347530300558,94.69468774125635,94.93367844116588,373400
2024-07-09,94.78659057617188,95.00719354985665,94.36376528792518,94.87850789747036,595900
2024-07-10,94.99800109863281,95.04396326637307,94.7222491307178,94.90608377599447,316400
2024-07-11,95.88043975830078,96.30326513975933,95.79771625474837,95.95397643668757,435600
2024-07-12,96.09185028076172,96.11023094285113,95.71498008591819,95.86205343400637,447100
2024-07-15,95.4024658203125,95.67821784628615,95.27378013895607,95.4300403216255,325300
2024-07-16,96.3584213256836,96.41357032814956,95.79771642446735,95.91720826742484,351100
2024-07-17,96.46871185302734,96.60659136134846,95.98154366809008,96.16538535013261,516200
2024-07-18,95.87124633789062,96.4135635247875,95.79770966456262,96.08265550765466,258200
2024-07-19,95.4024658203125,95.59549434234715,95.31973530352984,95.51277083840816,469500
2024-07-22,95.21862030029297,95.8528618564007,94.90609994750234,95.75175068041703,385100
2024-07-23,95.20942687988281,95.59548388170741,95.18185238158719,95.33811254715768,368400
2024-07-24,94.52003479003906,95.52194561318292,94.40972978585877,95.32891711549951,332300
2024-07-25,95.03478240966797,95.586293433663,94.85094773928401,94.88771607592943,439300
2024-07-26,95.73336791992188,95.81609141872651,95.49437723530309,95.6598312457556,610000
2024-07-29,96.03669738769531,96.28487488647734,95.84366187294569,96.28487488647734,290800
2024-07-30,96.3584213256836,96.51468150789962,95.9080144293993,96.28488464716652,352200
2024-07-31,97.35112762451172,97.38788894419649,96.72607999723496,97.001831971925,1135100
2024-08-01,98.21895599365234,98.63396285240049,97.95150447102043,97.9699532856357,1099900
2024-08-02,100.6167984008789,100.6998040026962,99.55621661070127,99.62999780428066,1537200
2024-08-05,100.94879150390625,102.02781491158656,100.2294425654527,101.74192162480652,1051000
2024-08-06,99.16887664794922,100.616799161116,99.15965223964163,100.46924380900421,2515100
2024-08-07,98.45873260498047,98.94752060655028,98.19128110605045,98.66162733080051,1096000
2024-08-08,97.99763488769531,98.08063345803721,97.63796034388913,97.85007249220442,1453200
2024-08-09,98.82764434814453,99.04898087963362,98.67085756201834,98.99364146964024,339100
2024-08-12,99.07664489746094,99.25187345897432,98.46796065399003,98.5878568428829,534400
2024-08-13,99.74066925048828,99.79600162740095,99.44555151335092,99.69455424561981,479800
2024-08-14,100.15567779541016,100.40468756793263,99.86056005342343,99.86056005342343,507300
2024-08-15,99.2611083984375,99.27955721668378,98.68009727460554,98.76309584822616,490400
2024-08-16,99.58387756347656,99.64843434086258,99.23342045524298,99.60231934151784,1094600
2024-08-19,99.95277404785156,100.15566879651792,99.54699158668024,99.54699158668024,2040400
2024-08-20,100.58912658691406,100.7090157426544,100.16489530180039,100.33089945998934,666900
2024-08-21,100.79202270507812,101.14247280548553,100.3124520032979,100.68135091939925,1443000
2024-08-22,99.9620132446289,100.39546899251597,99.68533726712072,100.34013661147928,436000
2024-08-23,100.51533508300781,100.75512040604424,100.13721883914343,100.31244035091244,351400
2024-08-26,100.35856628417969,100.79202197976745,100.28478509425804,100.79202197976745,575200
2024-08-27,100.19255065917969,100.28477361794724,99.72220442245622,99.79598560393455,431400
2024-08-28,100.08190155029297,100.32168692631606,99.9712367891764,100.220239537851,548100
2024-08-29,99.74988555908203,99.83288411771161,99.42709462353683,99.60232318441436,640400
2024-08-30,99.06742095947266,100.09111207477153,98.96597358508006,99.85132673201072,889600
2024-09-03,100.28524780273438,100.50734104468563,100.00762595513267,100.14643687893351,620200
2024-09-04,101.2476577758789,101.293923375407,100.31300511872537,100.35002183447781,580300
2024-09-05,101.65483093261719,101.73812031090327,101.04407275279226,101.5437878418582,700000
2024-09-06,101.8214111328125,102.65426968414711,101.33095194708696,101.67335131269604,781700
2024-09-09,102.09904479980469,102.21934385881221,101.42350193560986,101.63634633562744,536300
2024-09-10,102.7468032836914,102.89487015729465,102.02499492541841,102.11753319131188,1342600
2024-09-11,102.66349792480469,103.19097368827092,102.41363689672222,102.51543108442759,419100
2024-09-12,102.30261993408203,102.64501223445471,101.96947651843155,102.48769647156904,548100
2024-09-13,102.58023834228516,102.78382677680001,102.31187241135355,102.63576695365495,1234300
2024-09-16,103.29280090332031,103.3390665105697,102.60800213793863,102.79308574758954,3887700
2024-09-17,102.88560485839844,103.4871141223431,102.83008331595374,103.35755914982781,1246900
2024-09-18,101.9509506225586,102.88560324696552,101.91393390810308,102.43216085026403,1055800
2024-09-19,101.76588439941406,101.77514034401784,101.27542523866975,101.4142291066411,842800
2024-09-20,101.70110321044922,101.89543567876154,101.37721576326199,101.57154823157433,551600
2024-09-23,101.54379272460938,101.7936467510482,100.88675479167965,101.28467569320608,601500
2024-09-24,101.53453063964844,101.72886310628591,100.8034663736026,100.91451652320264,1198600
2024-09-25,100.89602661132812,101.22917007247456,100.86826583293565,101.18289740167488,676600
2024-09-26,100.79420471191406,101.1643647960336,100.50733400032419,101.0440657692867,478500
2024-09-27,101.55303955078125,101.72886719632966,101.21064726446116,101.41422862325444,821900
2024-09-30,101.17364501953125,101.68260907964842,100.97005657139717,101.5438051924825,410400
2024-10-01,101.74739837646484,102.40659482121217,101.6638424539375,101.95165563163594,1221200
2024-10-02,101.14393615722656,101.17178813583864,100.57758898073874,100.77255991443596,434100
2024-10-03,100.373291015625,100.95820357967425,100.373291015625,100.83750936013037,558900
2024-10-04,99.21278381347656,99.53773536456853,99.09208954690313,99.16635912757232,1432500
2024-10-07,98.62785339355469,98.94351853436383,98.57214236374443,98.69284369215723,921600
2024-10-08,98.7392578125,98.74854416437687,98.2100490900947,98.27503938641075,488200
2024-10-09,98.18221282958984,98.58144102324995,98.01509388611788,98.41432207977799,369500
2024-10-10,97.9500961303711,98.02437278480154,97.46731204339646,97.8015428215102,566100
2024-10-11,97.80154418945312,98.03365342523605,97.52301735656067,97.56943495367021,570900
2024-10-14,97.66229248046875,97.71799643502243,97.1052246012827,97.13308366197187,308100
2024-10-15,98.67427062988281,98.72997457607975,98.26575613534195,98.33075351712004,511600
2024-10-16,98.89710235595703,99.22206096030794,98.7949808065864,99.02709004774454,733400
2024-10-17,97.75511169433594,98.21004374378292,97.64369672811169,98.12648783167273,500700
2024-10-18,97.88510131835938,98.15434886570495,97.8572493450842,98.02436826814657,416600
2024-10-21,96.50174713134766,97.19807490360562,96.48317442404317,97.12379824121246,466900
2024-10-22,96.4645767211914,96.85451844396312,96.2881714775237,96.78952815683449,2196500
2024-10-23,96.15818786621094,96.40886265624401,95.87037475850447,96.00964167892721,2350600
2024-10-24,96.63170623779297,96.9102330346463,96.04678650592044,96.27889571167029,528800
2024-10-25,96.19534301757812,96.98451292686126,96.10250074885265,96.93809533420405,973300
2024-10-28,95.8611068725586,96.2789006308905,95.5361553845881,96.2789006308905,622600
2024-10-29,95.90755462646484,95.93540660593382,95.05338711674335,95.22050607697007,763100
2024-10-30,96.01892852783203,96.94736529275033,95.95393823762417,96.56670990250723,543900
2024-10-31,96.18606567382812,96.45531323673568,95.53616264847315,95.83326218626567,740500
2024-11-01,94.91046905517578,96.5131209465387,94.91046905517578,96.28017752300035,1121400
2024-11-04,96.17768096923828,96.54107213792858,95.75837854537859,96.30812871651844,1103300
2024-11-05,96.5038070678711,96.6808463553281,95.59998539234577,96.00996811745901,589800
2024-11-06,94.65888977050781,95.04092041187167,94.05324253341003,94.12777902903154,999600
2024-11-07,95.64656829833984,95.92609613299872,94.9850098481176,95.06886606585458,1483500
2024-11-08,96.5038070678711,96.70879843042772,96.11246379873731,96.16836794893655,752200
2024-11-11,96.20561981201172,96.34538726741053,95.86086103654372,96.28016340274017,382900
2024-11-12,94.96636962890625,95.97268688685814,94.8079698129885,95.59065627437184,988100
2024-11-13,94.60295104980469,95.73971572182805,94.38864715129544,95.73039599745515,729500
2024-11-14,94.91046905517578,95.48817130474377,94.81729310753425,95.1061406778837,651200
2024-11-15,94.76139831542969,95.22728524344826,94.14643126705775,94.49119015298483,838500
2024-11-18,94.96636962890625,95.19000042547479,94.2768591116587,94.4632109999303,651500
2024-11-19,95.348388671875,95.63723619630805,95.26452535612052,95.46951667366706,450900
2024-11-20,95.10614776611328,95.45090661783769,94.87320432521373,94.9197958569415,1055400
2024-11-21,94.98500061035156,95.48815919444554,94.78000928621681,95.16203275575758,648900
2024-11-22,95.0315933227539,95.30180853644998,94.89182585237747,95.20863259248864,516200
2024-11-25,96.89513397216797,96.96035783934113,96.35471069081966,96.48515842516598,704500
2024-11-26,96.60631561279297,96.66221977043615,96.17770048349746,96.50381991786682,723500
2024-11-27,97.2119369506836,97.50078447864281,96.92308231385628,97.24920874604415,904100
2024-11-29,97.87349700927734,97.97599267106737,97.61260154612754,97.7989534172722,464400
2024-12-02,98.07730865478516,98.30167567165444,97.38549905964831,97.76879954877809,1814800
2024-12-03,97.42288970947266,98.2268792051874,97.38549401984656,98.15208782593523,828700
2024-12-04,98.2175521850586,98.3110449979191,97.00222407537449,97.03961977401865,969400
2024-12-05,98.36711120605469,98.45124615829496,97.8435858165637,97.8622800951176,548600
2024-12-06,98.63822174072266,98.96542509964871,98.2923169712875,98.86258873934362,1210700
2024-12-09,97.99315643310547,98.3671061775536,97.89967078011797,98.33906119490716,546800
2024-12-10,97.59117889404297,97.73141096447135,97.42290183602879,97.50704393128558,793500
2024-12-11,96.8900375366211,97.83425931844032,96.83394755458241,97.64728082414429,2175400
2024-12-12,96.04864501953125,96.61891690296113,95.9832043345065,96.52543122899716,1971500
2024-12-13,95.28202819824219,95.83360566741318,95.17919184182892,95.79620998030855,972800
2024-12-16,95.38487243652344,95.55314947615045,95.08571404746417,95.52510449162905,956500
2024-12-17,95.43163299560547,95.79623211349183,95.35684160411604,95.4409765701669,1046900
2024-12-18,94.35828399658203,95.48416301796871,94.30199219296196,95.17455093989413,1049000
2024-12-19,93.4763412475586,93.79534483832082,93.09166865776905,93.53264020955444,1487500
2024-12-20,93.86100769042969,94.34888662352833,93.85162333839993,94.07679767997136,1139900
2024-12-23,93.26993560791016,93.85163666944364,93.15734484205,93.7953448655957,1128900
2024-12-24,93.49510192871094,93.5232478282107,92.82895606061656,92.87586350706161,542600
2024-12-26,93.49510192871094,93.61706987926445,92.92277811167031,92.96030836372454,1054900
2024-12-27,92.92276763916016,93.46694549537152,92.88523739133564,93.20423376059983,1024200
2024-12-30,93.68274688720703,93.75780739200165,93.47633407810369,93.58892483529561,1689200
2024-12-31,93.39189910888672,94.07680655020876,93.29807705423268,93.93607704730965,1953600
2025-01-02,93.56076049804688,94.05802371753184,93.2605256961977,93.80470351147504,1138800
2025-01-03,93.32622528076172,93.86101887959862,93.27931067318349,93.69213631374676,581600
2025-01-06,92.99784088134766,93.28869139414894,92.79142806910268,93.1104244820894,1095800
2025-01-07,92.2003402709961,92.91340079771666,92.07837231120297,92.78204848465816,875600
2025-01-08,92.32231140136719,92.45366370875232,91.74060321283027,91.82504807224294,676900
2025-01-10,91.62801361083984,91.99392460861702,91.4497467089923,91.55295310920262,1152900
2025-01-13,91.38410186767578,91.60927629156849,91.13077437740134,91.53421576421563,1631000
2025-01-14,91.24333190917969,91.37468420508483,90.96185861328966,91.24333190917969,850000
2025-01-15,92.64131927490234,92.92279263020549,92.40676053153798,92.67884953282041,1455200
2025-01-16,92.98847198486328,93.2511766411452,92.27541137626591,92.55688474123369,3590800
2025-01-17,93.11042785644531,93.31684067617077,92.96031399729486,93.2417801675135,906300
2025-01-21,93.72028350830078,93.9173119781528,93.47634043022315,93.60769274345782,1363300
2025-01-22,93.42005157470703,93.7578167217297,93.20425439148971,93.67337185589182,790500
2025-01-23,92.94155883789062,93.01661935748845,92.65070827215544,92.70700008277124,748700
2025-01-24,93.25115203857422,93.32621253718432,92.72574286462975,92.84771080624883,699300
2025-01-27,94.30198669433594,94.38642439484258,93.90792261748014,94.19878028827416,976700
2025-01-28,94.18000793457031,94.217538186063,93.7202748805712,93.85162718171381,1612900
2025-01-29,94.0768051147461,94.56469124456503,93.7108940964638,94.42395458564941,555600
2025-01-30,94.43333435058594,94.7241848488944,94.30198205082318,94.48024179583636,697900
2025-01-31,94.06742858886719,94.75233602460766,93.74842501584642,94.48963141045165,798500
2025-02-03,94.49016571044922,95.32811100039181,94.21712630831978,94.88559911360161,1172700
2025-02-04,94.74436950683594,94.78203085658029,93.98174692822472,93.9911640614528,698700
2025-02-05,95.95893859863281,96.22256091175043,95.55408799401096,95.55408799401096,1271000
2025-02-06,95.96834564208984,96.22255079353125,95.70472335669325,95.95892850813466,651500
2025-02-07,95.49759674072266,95.62940789340301,95.21514016602528,95.46935251988674,543600
2025-02-10,95.31869506835938,95.77062409420654,95.20571819927372,95.54466317286705,398000
2025-02-11,94.81027221679688,95.00799609279001,94.7632009184105,94.90442917990514,727600
2025-02-12,93.7087173461914,93.92526833411374,93.39801656562975,93.75579583409545,670700
2025-02-13,94.9138412475586,95.13980934425928,94.45250228733858,94.47132937047967,781600
2025-02-14,95.46934509277344,95.9024398726258,95.46934509277344,95.62940045383809,664800
2025-02-18,94.63140106201172,95.23396834520783,94.59373970891589,94.97034605670561,720600
2025-02-19,94.72553253173828,94.89500499630655,94.4054146839239,94.48073737554695,1094500
2025-02-20,95.02682495117188,95.19629743149862,94.94208511942456,94.94208511942456,444100
2025-02-21,95.96834564208984,96.22255079353125,95.22455008933886,95.26221144199103,923400
2025-02-24,96.17547607421875,96.35435851400246,95.70471995753944,95.7612083929271,498900
2025-02-25,97.43709564208984,97.55949682541207,97.06990645845923,97.21113472520209,929700
2025-02-26,97.87019348144531,97.99259466863079,97.23938201100783,97.40885449981458,792700
2025-02-27,97.57833099365234,97.75722062339305,97.30529157363652,97.39003141310212,27571600
2025-02-28,98.41626739501953,98.48217296053987,97.69130617429579,98.0302511350198,3788700
2025-03-03,98.8947525024414,98.95137473410513,97.84719801557041,97.87550913140227,2277100
2025-03-04,98.06425476074219,99.20618195060004,97.88494143995919,98.8853058607874,2083900
2025-03-05,97.32813262939453,98.30962540295108,97.24319928561818,98.10200096236657,1761200
2025-03-06,97.08277893066406,97.34702563879625,96.4599055184815,97.10165060973803,1438400
2025-03-07,96.83738708496094,97.71506761323056,96.69582431585006,97.71506761323056,1653700
2025-03-10,97.76226806640625,98.19639589016582,97.55465079440394,97.70564582860406,1211500
2025-03-11,97.18659210205078,98.15864558783458,96.94121707062929,97.69620664396662,1653000
2025-03-12,96.6864013671875,97.1016503073494,96.61090745094396,96.78078136281175,1341700
2025-03-13,97.41307830810547,97.46970054027432,96.28058326345355,96.46933603765326,937300
2025-03-14,96.96007537841797,97.19601093758301,96.76189037274115,96.86570259478832,803400
2025-03-17,97.28096008300781,97.80001403894828,97.11108617738417,97.479145106205,1821600
2025-03-18,97.42251586914062,97.68676254774502,96.85626475763753,96.87514363478468,978100
2025-03-19,97.82833862304688,97.8755214219642,97.05446295882699,97.356467432776,2575400
2025-03-20,97.98875427246094,98.80980537766115,97.86606317844688,98.79093370175676,1448500
2025-03-21,97.658447265625,98.22469115278743,97.60181783678159,98.11143949528227,903900
2025-03-24,96.74302673339844,97.19601901252761,96.70527617677392,97.12995733848034,826900
2025-03-25,96.85626983642578,97.07333373390827,96.59202314396525,96.6297737000571,1050000
2025-03-26,96.38439178466797,96.6580778966018,96.2522684478974,96.49764344483495,639100
2025-03-27,96.15791320800781,96.23341432856057,95.9031059263712,96.07297984752333,1083800
2025-03-28,97.33757019042969,97.46969352276597,96.94120019342085,97.0167012976649,873200
2025-03-31,97.91325378417969,98.2907521062755,97.42251100558227,98.16806101148993,1169000
2025-04-01,98.5478286743164,99.00244218065521,98.40575924385375,98.4152324661383,1252000
2025-04-02,98.4247055053711,99.30552736612614,97.8564349688086,99.30552736612614,1282400
2025-04-03,99.30552673339844,99.99692748621135,99.2297554020857,99.71278860676453,1500600
2025-04-04,100.0442886352539,101.1808370348595,99.94010485130792,100.75462867527519,1569800
2025-04-07,97.43968963623047,99.50441124212222,97.25974177455515,99.10662263090163,2354600
2025-04-08,95.83906555175781,97.5533502684425,95.6969961207397,96.58729114423188,1737300
2025-04-09,96.0663833618164,96.0663833618164,93.62281199012588,94.61729089575294,2828800
2025-04-10,94.26686096191406,95.79172487777876,94.20056284496137,95.37498972781738,1985600
2025-04-11,94.20054626464844,94.5415100135212,92.64727017576206,93.61332931360054,2199500
2025-04-14,95.08138275146484,95.25186465221046,94.41840159631668,94.85407595912156,840300
2025-04-15,95.38445281982422,95.70647737221114,94.74041094100242,94.79723582779633,803800
2025-04-16,95.88642883300781,96.08532317015883,95.11926392886073,95.38445637839541,3780200
2025-04-17,95.27079010009766,95.83906783772476,95.06242978571287,95.68752518077044,798100
2025-04-21,93.8501205444336,94.92984402927311,93.84065454679508,94.44681078947022,626300
2025-04-22,94.36155700683594,94.75935287330012,94.23843401599684,94.54151210771374,862100
2025-04-23,95.09083557128906,96.58728668718302,94.89194126742231,96.37891916143182,1927700
2025-04-24,95.86749267578125,95.97167645942116,95.49811643413155,95.67806433009387,1557500
2025-04-25,96.56835174560547,96.69147474096395,96.23686119967726,96.43575552723419,762900
2025-04-28,96.98507690429688,97.07978744685967,96.31262265836448,96.35997431667028,1883200
2025-04-29,97.6670150756836,97.6670150756836,96.87143053387467,96.87143053387467,649100
2025-04-30,97.21240234375,97.60072503666115,97.07033288961293,97.32605935225017,1805300
2025-05-01,96.68588256835938,97.37017641994794,96.4197598331213,97.34166508251964,1905600
2025-05-02,95.83049011230469,96.16313441166493,95.62139733810628,95.88751277759448,1149800
2025-05-05,95.44080352783203,95.57386123033241,95.07014174928082,95.55485609473277,965900
2025-05-06,95.6404037475586,95.67842127529113,94.91809247394632,95.08916772319175,881400
2025-05-07,96.049072265625,96.30568873607952,95.93502694640182,95.93502694640182,1093200
2025-05-08,95.0511474609375,96.13462159128748,95.0511474609375,96.10611025908382,1125300
2025-05-09,95.20321655273438,95.45983306158075,95.10817635546256,95.1651990236052,679200
2025-05-12,94.4428939819336,94.88008471923719,94.4048764502851,94.4809115135821,928900
2025-05-13,94.0627212524414,94.47140063351989,93.80610473931411,94.3383429048992,1544100
2025-05-14,93.62552642822266,94.07222331946203,93.49246870544098,93.98668206847263,1631100
2025-05-15,94.34783172607422,94.50940802300809,93.78708953720871,93.92965344574961,2089500
2025-05-16,94.51891326904297,95.07015655157294,94.45238440743432,95.05115141301421,1718700
2025-05-19,94.24330139160156,94.309830254984,93.22634879959493,93.29288491407965,2093400
2025-05-20,93.79659271240234,93.94865555914373,93.4354298555765,93.76808138183218,15352500
2025-05-21,92.46601104736328,93.43543257042342,92.29493580787013,93.12180067393729,4335200
2025-05-22,92.88420104980469,92.93171752072305,91.9432835617369,92.16188253148752,3645900
2025-05-23,93.21683502197266,93.37840405717627,92.91270208760656,93.30236901080947,2697600
2025-05-27,94.1197509765625,94.32884378038314,93.53999629364269,93.74908909746334,2688300
2025-05-28,93.73957824707031,94.0722298281421,93.44495144782651,93.82511950397814,2691600
2025-05-29,94.4428939819336,94.62346819338553,93.9771846575666,94.11974858847276,2531700
2025-05-30,94.75651550292969,94.84205675250273,94.34783614655211,94.49040006177256,2149800
2025-06-02,94.02787017822266,94.60964378943365,93.74175666086983,94.1900091753787,2118900
2025-06-03,93.92296600341797,94.53335023236943,93.789437631753,94.28537936549728,2361700
2025-06-04,95.22003173828125,95.41078136697632,94.48566567777964,94.60964747916569,1851400
2025-06-05,95.1246566772461,95.61105911511108,94.99113558078967,95.42984879433992,2353600
2025-06-06,94.04694366455078,94.56195669940594,93.98018311982995,94.42843560996425,1936200
2025-06-09,94.18045806884766,94.36166836723591,93.80850544946881,93.80850544946881,1658400
2025-06-10,94.53336334228516,94.84808752410488,94.28539244102434,94.79086626856584,1588700
2025-06-11,94.95298767089844,95.1246586951776,94.48566382338737,94.65733484766653,2243900
2025-06-12,95.8590316772461,95.91625292635123,95.42031845594695,95.69689267752459,1644400
2025-06-13,95.05790710449219,95.56338092463312,94.6191938402877,95.44893841523057,2056900
2025-06-16,94.3712158203125,95.2391102583398,94.3712158203125,94.89576820333497,1612000
2025-06-17,95.28679656982422,95.40123906708892,94.62872310513578,94.84807607579586,1235200
2025-06-18,95.36309814453125,95.8304293069904,95.16281647905794,95.61106903926928,2260900
2025-06-20,95.30585479736328,95.58243625500307,94.809920399206,94.97205209895424,1283500
2025-06-23,95.6968765258789,96.23096810734859,95.6301159877393,95.75410504167922,1779400
2025-06-24,96.20236206054688,96.34541516596529,95.43937820866674,95.43937820866674,1508000
2025-06-25,96.26913452148438,96.27866654545697,95.68736089957258,95.93532449723511,1222400
2025-06-26,96.62199401855469,96.63153331744249,96.0402204844016,96.37403045829669,1058800
2025-06-27,96.14513397216797,96.8032073654499,96.0211521881329,96.29773365376802,1485100
2025-06-30,96.89859771728516,97.05119742910482,96.30729202487085,96.52664501516817,1599300
2025-07-01,96.9368667602539,97.17614615383756,96.58273793117576,97.03257705724185,1627200
2025-07-02,96.41045379638672,96.42001971426036,96.08503003299838,96.15202796925078,1183400
2025-07-03,95.98934173583984,96.2381943999025,95.84577261033334,96.12333763905148,887100
2025-07-07,95.271484375,95.67347200431657,95.0800564784962,95.60647406609715,1224000
2025-07-08,95.1470718383789,95.1470718383789,94.69722536153574,94.76422330688078,1289400
2025-07-09,95.98934173583984,96.00848087820047,95.35764050450288,95.35764050450288,1469100
2025-07-10,96.05633544921875,96.13290661974092,95.65434775732044,95.92233955191931,1032500
2025-07-11,95.02262878417969,95.44376284106887,94.9173452699574,95.3863381250303,1051300
2025-07-14,94.89822387695312,95.14707653003195,94.6206588604861,94.85036506982033,1135200
2025-07-15,94.29521942138672,95.15662669152498,94.1995091251997,95.12791433289162,1719600
2025-07-16,94.4675064086914,94.86950135978712,93.71138991296638,94.56322401271245,4536800
2025-07-17,94.4292221069336,94.77377771096693,94.32393859100793,94.56321798134307,3169200
2025-07-18,94.69721221923828,94.8694936693914,94.53449668692946,94.7737760731295,1219100
2025-07-21,95.37677001953125,95.80747001737159,95.33848443937667,95.57776383867193,1096300
2025-07-22,95.81704711914062,96.02761416740613,95.462910965037,95.52990890746437,1160800
2025-07-23,95.43418884277344,95.58733115393068,95.24276825605422,95.47247442056275,1265200
2025-07-24,95.29064178466797,95.54906766894204,94.8982273004915,94.8982273004915,1594300
2025-07-25,95.70220184326172,95.74048742955534,95.15664501747814,95.23321619006539,1187000
2025-07-28,95.30977630615234,95.54905571605799,95.24277836346788,95.40548660966898,1277000
2025-07-29,96.52530670166016,96.54445314255109,95.59690147859632,95.63518705815054,2133700
2025-07-30,96.06590270996094,96.28603568376647,95.8936212380909,96.02761712707556,1918200
2025-07-31,96.18074798583984,96.58274293759096,96.1424624046146,96.34346353160414,1703700
2025-08-01,97.53248596191406,97.5997362030344,97.13859378670257,97.17702354301798,2372700
2025-08-04,97.7054214477539,97.79189023653903,97.35956095206727,97.68621023342773,1510900
2025-08-05,97.86872863769531,98.01283103836823,97.46521992663503,97.50364967672293,1722400
2025-08-06,97.44602966308594,97.64778039712098,96.50451890786216,97.47485014941567,2467800
2025-08-07,97.3691635131836,97.7630630121276,97.26348351735601,97.5132732647418,1675600
2025-08-08,97.02330780029297,97.10016731552413,96.90802585717302,97.10016731552413,1678200
2025-08-11,97.1482162475586,97.34996699831031,97.03292696296009,97.2442869865269,1025200
2025-08-12,96.7350845336914,96.78311622791472,96.43725577871268,96.69665478047719,1500700
2025-08-13,97.42681884765625,97.55171006550538,97.2442793271847,97.25388859924294,1053600
2025-08-14,96.80233764648438,97.25387809801444,96.72547813777156,97.25387809801444,1122800
2025-08-15,96.29316711425781,96.61980906862499,96.15865929394114,96.52373833673624,926900
2025-08-18,96.09140014648438,96.39883085788341,95.91846991321452,96.39883085788341,1224900
2025-08-19,96.51412963867188,96.57177061220256,96.29316768698621,96.32198817375155,1017700
2025-08-20,96.71587371826172,96.81194444410879,96.46609129700462,96.47569323878075,1118900
2025-08-21,96.27395629882812,96.514136812695,96.02416651208286,96.42767534597216,1246000
2025-08-22,96.99447631835938,97.18662508465361,96.58136563298424,96.61018611549689,1153700
2025-08-25,96.78311920166016,96.95604943157461,96.6005870304416,96.68704848053572,564000
2025-08-26,96.83116912841797,96.86959888713943,96.39883984009677,96.61980912031342,695600
2025-08-27,96.82154083251953,96.85036131346614,96.25471849463467,96.33157066725045,1515800
2025-08-28,97.33074188232422,97.39799212803503,96.85999016234851,96.91763113589292,1148300
2025-08-29,96.9560546875,97.09055517031062,96.725483478357,96.98487517242705,811300
2025-09-02,96.36109161376953,96.49609105308292,96.20680233631558,96.27430205597226,947200
2025-09-03,97.11323547363281,97.34466203772075,96.50573798405777,96.52502046568269,962500
2025-09-04,97.71109771728516,97.72073527986717,97.14216517747228,97.50859854929284,811300
2025-09-05,98.88752746582031,99.01288199127423,98.6271661385233,98.72359326248153,1018300
2025-09-08,99.72645568847656,99.75538309117648,99.36967457928648,99.3986019819864,813000
2025-09-09,99.37930297851562,99.72644649274129,99.20573122140279,99.57216457359522,1023300
2025-09-10,99.79395294189453,100.13145155989773,99.42752692190794,99.61074361036029,787000
2025-09-11,100.2182388305664,100.42073799673675,99.94823994233928,99.94823994233928,921700
2025-09-12,99.79395294189453,99.87109758512901,99.47574416315902,99.74574305756157,788200
2025-09-15,100.0928955078125,100.25682237159378,99.98682345314961,100.044678262268,3201800
2025-09-16,100.20858001708984,100.36286927863745,99.98679839976131,100.03500827630725,13296900
2025-09-17,99.97716522216797,100.87395142870295,99.78431097950319,100.50752542487277,3449700
2025-09-18,99.23466491699219,99.49501887141803,98.9646586867686,99.24430247895488,1581500
2025-09-19,99.10929870605469,99.26358797371768,98.89715464147667,99.1382261045122,846300
2025-09-22,98.82003021240234,99.0803841892864,98.72359572911668,99.01288446513733,1348600
2025-09-23,99.39859008789062,99.39859008789062,98.87787483084628,99.08037398243285,1272300
2025-09-24,99.08039093017578,99.22503530802693,98.85860190321488,99.17681806310365,908600
2025-09-25,98.97431945800781,99.01289178278917,98.54039367882525,98.86824740408875,1759600
2025-09-26,98.86823272705078,99.30216579873446,98.6850160507676,98.92608752717489,985400
2025-09-29,99.43717193603516,99.55288154407872,99.15752812173302,99.17681060410092,813500
2025-09-30,99.31180572509766,99.8228760901412,99.23466844206833,99.4660950049919,1540800
2025-10-01,99.6175537109375,99.94651994806006,99.43371942014203,99.77236308881105,1828400
2025-10-02,99.85944366455078,99.98522075513687,99.53048478991738,99.63691439799709,1595200
2025-10-03,99.63690185546875,99.93683577772727,99.58852208271618,99.9078108667625,1265500
2025-10-06,99.04670715332031,99.48209559482272,99.02735229092808,99.11443440825884,1387400
2025-10-07,99.50143432617188,99.70462345483787,99.19182299057505,99.30793000956754,1187100
2025-10-08,99.55950927734375,99.90782301470684,99.49178201628524,99.90782301470684,906200
2025-10-09,99.49177551269531,99.58852768192325,99.34664356799472,99.47242064981931,832100
2025-10-10,100.67216491699219,100.79794199100476,100.10131460508336,100.19806676830203,1739200
2025-10-13,100.62379455566406,100.63347198740611,100.04327414034029,100.42061277938662,728700
2025-10-14,100.97209167480469,101.00111658353966,100.57539823751655,100.76890993194358,1529600
2025-10-15,100.7011947631836,101.32041749619162,100.55606282038418,101.03983104190404,2240100
2025-10-16,101.36878967285156,101.4848967031866,100.5367151247941,100.594764949103,1463200
2025-10-17,101.17528533935547,101.26236745753778,100.93340122910725,101.26236745753778,1027300
2025-10-20,101.45587158203125,101.50425135666715,101.28171472774606,101.37846689530068,728800
2025-10-21,101.86222076416016,102.04605502381688,101.76546861023625,101.88157562397464,2430500
2025-10-22,101.93964385986328,102.01704854967542,101.70743717214435,101.85256173839524,996200
2025-10-23,101.39781951904297,101.66872853490126,101.29138992256765,101.52359659591517,1033600
2025-10-24,101.42684173583984,101.58164372005315,101.17528020706177,101.58164372005315,1450700
2025-10-27,101.65904998779297,101.68807489892812,101.0785296199388,101.29138881055262,1194800
2025-10-28,101.86222076416016,102.01703011581132,101.69774136431792,101.71708884241622,972200
2025-10-29,101.0011215209961,101.77515357311019,100.94307170068839,101.76547614248666,1409200
2025-10-30,100.61412048339844,100.90438439161095,100.35288887138144,100.3915912179243,1367400
2025-10-31,100.45931243896484,100.70119655402637,100.35288283780038,100.62379186559451,934600
2025-11-03,100.30298614501953,100.34181911603952,100.02139895283322,100.17675306104766,1335400
2025-11-04,100.50688171386719,100.57485051787171,100.32239178526463,100.38064864354163,2582300
2025-11-05,99.59415435791016,100.12820026799173,99.51647360589024,100.08935989198177,1163300
2025-11-06,100.36124420166016,100.45834144645308,100.12820933254814,100.15733776518152,927300
2025-11-07,100.22528839111328,100.51658007263617,100.00195810137318,100.00195810137318,920500
2025-11-10,100.11849212646484,100.30298206751166,100.03109942511048,100.13790861118552,734500
2025-11-11,100.62340545654297,100.6525412966286,100.40008253886651,100.57486053915646,849900
2025-11-12,100.71080017089844,100.895290121566,100.53602216711992,100.60399097925352,1157400
2025-11-13,100.13790893554688,100.56514568123094,100.12820439717737,100.40979157882873,976300
2025-11-14,99.71067810058594,100.56514417107829,99.69125420804949,100.51659184778163,1290200
2025-11-17,99.93399047851562,100.08935197025913,99.78834093201701,99.87573362313364,799100
2025-11-18,99.92430114746094,100.32240206655892,99.71068276782772,100.2155928767423,5281700
2025-11-19,99.8174819946289,100.18645444477522,99.75921772815228,100.10877369483578,2436000
2025-11-20,100.16703796386719,100.30297557224267,99.92429117633324,99.92429117633324,1176900
2025-11-21,100.41949462890625,100.60398456781637,100.19617172100452,100.57485613705045,1394400
2025-11-24,100.84672546386719,100.92440621339122,100.67194748146011,100.79817314340366,1014000
2025-11-25,101.16716766357422,101.44875486538126,101.0797749556813,101.13803923029161,1154100
2025-11-26,101.42931365966797,101.43902560511961,100.77875406724061,101.06034122098764,1063500
2025-11-28,101.06035614013672,101.34194333545337,100.85644970381325,101.30310295595677,925400
2025-12-01,100.0333251953125,100.20871254410378,99.98460153119,100.12101886970814,2210200
2025-12-02,100.09178161621094,100.17947528532463,99.76047707534521,99.8579243977208,1205200
2025-12-03,100.35487365722656,100.43282854424831,100.06255398217583,100.23794876088115,929800
2025-12-04,99.93587493896484,100.22820204675995,99.83843504776219,100.22820204675995,895900
2025-12-05,99.52661895751953,99.8871547181653,99.40968663223761,99.8871547181653,983500
2025-12-08,99.205078125,99.51689027985977,98.90301219084502,99.51689027985977,959100
2025-12-09,99.22456359863281,99.59483818334344,99.14660870684499,99.59483818334344,1129400
2025-12-10,99.5850830078125,99.68253033087784,99.11736856752167,99.20506223725607,1479600
2025-12-11,99.536376953125,100.13077000047319,99.50714572689276,100.01383766135646,896000
2025-12-12,98.81529998779297,98.95171731534097,98.70811388269286,98.80555376891475,932700
2025-12-15,98.9712142944336,99.34148888055473,98.92249062833369,99.18558653057288,1120400
2025-12-16,99.43892669677734,99.45841170084005,98.72760138440371,98.73734760352856,1330000
2025-12-17,99.3512191772461,99.52661393923186,99.14659319396044,99.17582441526032,4203400
2025-12-18,99.73125457763672,99.8579331341331,99.59483723540029,99.68253834637375,1116300
2025-12-19,99.38699340820312,99.63149988016232,99.32830678094606,99.50435173922651,1943000
2025-12-22,99.27941131591797,99.35764771708412,99.20116745300636,99.31853324737378,1071400
2025-12-23,99.38699340820312,99.44567257371482,98.93710239520765,98.9762168643852,782400
2025-12-24,99.82709503173828,99.86621695990173,99.5336843013848,99.62171050518877,582900
2025-12-26,99.74886322021484,100.00315205311058,99.57281825309406,99.9640301202231,1169800
2025-12-29,100.06180572509766,100.07158807126335,99.81729930316223,99.96400464867226,964700
2025-12-30,99.96402740478516,100.10095043529905,99.74886051062172,99.80754713923163,941100
2025-12-31,99.4358901977539,99.9640250724476,99.38699338042295,99.75864053146871,1163600
2026-01-02,99.27941131591797,99.59237930581897,99.23050703616185,99.57281460921833,918600
2026-01-05,99.69017791748047,99.74885708232809,99.367427587328,99.4261142139209,1145900
2026-01-06,99.57282257080078,99.61194450538467,99.21095773395535,99.45546422879515,1386300
2026-01-07,100.04226684570312,100.2280941482192,99.76842079678167,100.07160642783825,1497700
2026-01-08,99.6412582397461,99.83686786191619,99.57279673742259,99.6412582397461,1051400
2026-01-09,100.06180572509766,100.13026722476982,99.39674795896353,99.55323565063925,1381100
2026-01-12,99.88577270507812,100.11072192323063,99.69995287625099,99.78797161699889,1150000
2026-01-13,99.99336242675781,100.13028545102561,99.8173174724499,100.10094586893183,1000600
2026-01-14,100.4530258178711,100.59973117553973,100.10093594416412,100.10093594416412,812600
2026-01-15,100.37478637695312,100.68775433825355,100.3552291438852,100.66819710518563,871400
2026-01-16,99.81730651855469,100.29654451264588,99.74884501393372,100.16939638853238,1106400
2026-01-20,98.8099594116211,99.11314506491665,98.72194065875945,98.79040217601154,1264500
2026-01-21,99.3576431274414,99.50434849818754,98.7610542200987,98.9077521290997,1609400
2026-01-22,99.6314926147461,99.69017177597874,99.20115886772058,99.29895995702324,1049100
2026-01-23,99.82709503173828,99.90533888806519,99.46522279253496,99.72929394220206,964500
2026-01-26,100.19874572753906,100.35523344576976,100.08138740061113,100.25743235274813,1048400
2026-01-27,99.76841735839844,100.16940407000104,99.69017350090454,100.03248105025918,3059600
2026-01-28,99.57282257080078,99.65106643996857,99.28919414137708,99.55326533438186,2748700
2026-01-29,99.62171173095703,99.72929516929406,99.18160309175644,99.21094267280382,2026300
2026-01-30,99.36742401123047,99.66083474839967,99.32830208215825,99.46522510303853,1278100
2026-02-02,99.08273315429688,99.47541366881322,99.05328342641577,99.42632579583949,1277200
2026-02-03,99.24961853027344,99.2790682577366,98.92565654866318,98.97474442094028,1131100
2026-02-04,99.11219024658203,99.24962731341117,99.00420290982223,99.09255958978862,1462000
2026-02-05,100.00552368164062,100.02515433549175,99.35759975819434,99.52448653007937,1121900
2026-02-06,100.02516174316406,100.0840611988367,99.75028763034801,100.03498081569545,918800
2026-02-09,100.03498077392578,100.1036993021011,99.65211933269786,99.79937546157579,899400
2026-02-10,100.88904571533203,100.95776423865462,100.67307856328766,100.67307856328766,972100
2026-02-11,100.46692657470703,100.8301573750147,100.38839646065408,100.4178461896437,1072400
2026-02-12,101.4977035522461,101.5566030053069,100.7417997755216,100.7417997755216,1071300
2026-02-13,101.99837493896484,102.09654319408453,101.86093788384574,101.92965641140529,949300
2026-02-17,102.12599182128906,102.31251674683719,102.04745422213642,102.20452942044172,973600
2026-02-18,101.8020248413086,102.07690642483993,101.76276353341858,101.94928096004676,1157200
2026-02-19,101.91985321044922,101.9787526747416,101.68424786352075,101.71369759566694,951200
2026-02-20,101.7725830078125,101.98855766674266,101.4093597084826,101.97873859413005,2432400
2026-02-23,102.17507934570312,102.37141585315932,101.92965496650405,101.9492856213466,947000
2026-02-24,102.2437973022461,102.36159621015997,102.12599090457458,102.29287768395767,1216200
2026-02-25,102.19471740722656,102.38124234565892,102.05728034409478,102.06709941710653,1562500
2026-02-26,102.56775665283203,102.60701796129317,102.3517820075086,102.3517820075086,851700
2026-02-27,103.07823944091797,103.1371388953046,102.83281506129673,102.94080238751069,865100
2026-03-02,102.21055603027344,102.59465754247529,101.99388184102791,102.58481418043091,1192200
2026-03-03,102.0234375,102.23026834857849,101.50145372505808,101.51130460213744,1578900
2026-03-04,101.76737213134766,102.02343481653506,101.74767037770714,101.91510522758186,1215000
2026-03-05,101.2847671508789,101.41280599522969,101.068100479702,101.1764375722988,1290300
2026-03-06,101.00900268554688,101.43250017983526,100.54610920178787,100.76278338686798,1960400
2026-03-09,101.60977935791016,101.67872046164618,100.71354500934194,100.7627843611438,1044100
2026-03-10,100.88097381591797,101.50144375867698,100.87112293980586,101.35371818707975,995300
2026-03-11,99.8665542602539,100.46732998151379,99.81730739234064,100.38853799845938,767000
2026-03-12,99.53169250488281,99.827158685562,99.39381029097042,99.57108849657452,11867500
2026-03-13,99.09835052490234,99.70896960430663,99.02940941871098,99.50214628573256,1787200
2026-03-16,99.78775787353516,99.92564008078702,99.59078543860869,99.74836188374651,1424100
2026-03-17,100.1127700805664,100.2211071749839,99.99458211010636,100.02412722421718,1334700
2026-03-18,99.54154205322266,100.06352578664338,99.53169117692688,99.98473380431123,1229400
2026-03-19,99.87639617919922,100.06351772965002,99.36425584929417,99.40365183728812,1814500
2026-03-20,98.0445327758789,99.15744135802922,97.9854350316289,99.12789624291275,2537700
2026-03-23,98.64530944824219,98.99001498462137,98.17256505976707,98.3498432661931,1918500
2026-03-24,98.3104476928711,98.51727101557914,97.81800906337084,97.94604040199472,1699000
2026-03-25,99.13775634765625,99.17714482880002,98.80289414579205,99.05896435733318,3531000
2026-03-26,98.26119995117188,98.86197567494511,98.16271372895041,98.62560723881015,937600
2026-03-27,97.96573638916016,98.3005910307839,97.62103087160138,97.6407251094547,1093300
2026-03-30,99.10820007324219,99.31502340472555,98.88168250191076,99.01956472289967,1470700
2026-03-31,99.19683837890625,99.63018677582355,99.06879952671679,99.35441483250163,2399900
2026-04-01,99.10883331298828,99.52409952952117,99.0692837903042,99.11872257948434,2450700
2026-04-02,99.56364440917969,99.72184250452435,99.01985542885828,99.04951568591031,844700
2026-04-06,99.39556884765625,99.57353794089157,99.13850070336065,99.22748902162866,1085900
2026-04-07,99.43511199951172,99.49443251235422,98.73312493877474,99.33624196367415,822800
2026-04-08,99.80094146728516,100.29529919986604,99.6724036291019,100.25574967606353,869800
2026-04-09,99.72183990478516,100.09754905648344,99.36590174283933,99.62296986942246,683200
2026-04-10,99.44500732421875,99.67240766616823,99.32635874800555,99.62297641688824,1553200
2026-04-13,99.73173522949219,99.78116647852613,99.20770967796778,99.36590777879793,2196800
2026-04-14,100.24586486816406,100.27552512651013,99.66252633855625,99.71195758803279,615500
2026-04-15,99.88992309570312,100.0975524399731,99.80094232385903,100.08767071641293,1143600
2026-04-16,99.40545654296875,100.03823385484363,99.32635749315925,100.0085735969902,958800
2026-04-17,100.22608947753906,100.40405856310407,100.05800211545518,100.18653995371346,679100
2026-04-20,100.19641876220703,100.27551780755702,99.88003012410721,100.25574681786959,618000
2026-04-21,99.58341979980469,100.14698729590766,99.58341979980469,100.02833872814382,1300000
2026-04-22,99.78116607666016,100.15688279296826,99.72184556073807,100.06789447578454,597600
2026-04-23,99.56364440917969,100.03823115191328,99.22748477152285,99.84049107603283,1020600
2026-04-24,99.80094146728516,99.87015124811447,99.27692347767747,99.4450032963629,848400
2026-04-27,99.44500732421875,99.74161744980077,99.30658775695368,99.6031978825357,655600
2026-04-28,99.39556884765625,99.39556884765625,99.03963066118563,99.18793949609851,1595500
2026-04-29,98.65402221679688,98.98030011187345,98.51560266312194,98.98030011187345,1479400
2026-04-30,98.7034683227539,98.93086865923732,98.52549923436231,98.93086865923732,971000
2026-05-01,98.98031616210938,99.41692348804914,98.73224519428454,98.8612393721644,1063000
2026-05-04,98.32540130615234,98.7421662693062,98.11702260983783,98.7223163531668,1103300
2026-05-05,98.73224639892578,98.78186362130619,98.45440812285605,98.52386769187349,764600
2026-05-06,99.5062255859375,99.58561011271374,99.30777183952208,99.42684105916126,789300
2026-05-07,99.06961822509766,99.79398878326248,99.02000857377345,99.79398878326248,885200
2026-05-08,99.48638153076172,99.70468519038428,99.4367643097475,99.5260737934681,606500
2026-05-11,99.00016021728516,99.35738302276073,98.96047552381033,99.31769075876063,583000
2026-05-12,98.3948745727539,98.58340336467559,98.3452573498388,98.5734784059875,1043200
2026-05-13,98.2956314086914,98.47424279660856,98.03764306988579,98.35517358501355,955700
2026-05-14,98.36509704589844,98.84139663326175,98.33532974116169,98.76201210694701,466300
2026-05-15,97.06520080566406,97.37280636043856,96.98581628490787,97.32319671285939,1665400
2026-05-18,96.96598052978516,97.36289559001584,96.74767686813202,97.16443427463796,2230200
2026-05-19,96.38052368164062,96.61867724667441,96.14237768713151,96.38052368164062,1984500
2026-05-20,97.33311462402344,97.42242410298607,96.44998264479938,96.46983256035757,2896100
2026-05-21,97.58119201660156,97.61096689190443,96.72783485438084,96.99574816790565,1420700
2026-05-22,97.96819305419922,97.988035401224,97.4918934498254,97.96819305419922,1152100
2026-05-26,98.47425079345703,98.7322467237385,98.26587208571921,98.69255445980863,788000
2026-05-27,98.65286254882812,98.88109117461005,98.5536356739111,98.67271246612671,858700
2026-05-28,99.04977416992188,99.19861826237702,98.64294172577115,98.76201094331526,15514800
2026-05-29,99.13908386230469,99.33753760564598,98.97038985288705,99.18869351287749,2197700
2026-06-01,99.12014770507812,99.189894185337,98.47249747307647,98.61199043359422,1649100
2026-06-02,99.30945587158203,99.4688807427916,99.16996291017179,99.4688807427916,881400
2026-06-03,98.93083190917969,99.06035891399348,98.73155082277826,98.8909756918994,650600
2026-06-04,99.11018371582031,99.31942316074662,99.03047127914466,99.22974476903742,741600
2026-06-05,98.49242401123047,98.81126615703326,98.46253374784214,98.53228022968037,777300
2026-06-08,98.173583984375,98.84115855377762,98.173583984375,98.75148776167723,743200
2026-06-09,98.63191986083984,98.70166634471882,98.33300961641419,98.50239284843505,862800
2026-06-10,98.4326400756836,98.83119464458404,98.26325685448465,98.68173573102186,803300
2026-06-11,99.53862762451172,99.59840815055801,98.58210119878947,98.68173794279873,1441400
2026-06-12,99.2795639038086,99.37920064570544,98.98064607632192,99.2197833790297,729500
2026-06-15,99.33934783935547,99.72793646735246,99.32938948608115,99.57848515027392,512800
2026-06-16,99.80764770507812,99.97703093026284,99.5585520438784,99.58844230693495,635900
2026-06-17,99.58843994140625,100.07667289905405,99.5286594167131,99.91724803081081,2093800
2026-06-18,100.1065673828125,100.51508032176922,100.04678685559846,100.34569709346512,625800
2026-06-22,99.47884368896484,99.69804909610087,99.35928263183364,99.67812478717788,868200
2026-06-23,99.65818786621094,99.8375370446877,99.5585511230119,99.57848303272944,1127700
2026-06-24,100.73428344726562,100.82396183785633,100.5051196969268,100.51507805003978,567000
2026-06-25,100.74424743652344,101.18265822242118,100.70439121946036,100.96345282947232,629100
2026-06-26,100.86382293701172,100.89371320138973,100.53501482526023,100.53501482526023,368800
2026-06-29,100.9534912109375,101.04316960363035,100.81399824612325,100.88374472853037,591400
2026-06-30,99.98699951171875,100.72432055973529,99.94714329266428,100.68447194247732,956800
2026-07-01,99.5199966430664,99.73999786376953,99.37000274658203,99.44999694824219,983500
2026-07-02,99.56999969482422,99.7699966430664,99.37999725341797,99.41000366210938,575800
2026-07-06,99.52999877929688,99.54000091552734,99.25,99.5,563800
2026-07-07,98.63999938964844,99.26000213623047,98.63999938964844,99.22000122070312,679500
2026-07-08,98.38999938964844,98.48999786376953,98.08999633789062,98.37000274658203,757900
2026-07-09,98.55000305175781,98.77999877929688,98.36000061035156,98.37000274658203,759900
2026-07-10,98.5,98.69999694824219,98.37000274658203,98.5999984741211,660800
2026-07-13,97.9800033569336,98.30000305175781,97.94999694824219,98.2300033569336,554600
