Date,Close,High,Low,Open,Volume
2005-01-03,44.0598030090332,44.10945269549976,43.771833312315856,43.78176173439786,1168000
2005-01-04,43.598079681396484,44.06479534567823,43.598079681396484,44.049900809674426,1935400
2005-01-05,43.8314323425293,43.96549072680899,43.66262257036089,43.68744553142855,1094100
2005-01-06,43.86122512817383,43.960528344950475,43.80164698613824,43.83640216500246,1057400
2005-01-07,43.96049118041992,44.124338508560825,43.866154151242945,44.06972273251385,738700
2005-01-10,44.03004455566406,44.0499052016595,43.9257790052112,44.010183909668626,379400
2005-01-11,44.2882194519043,44.32794073858057,44.05982773556129,44.139270308913844,844100
2005-01-12,44.34779739379883,44.40737931845515,44.08961662968156,44.124371805390226,722000
2005-01-13,44.774749755859375,44.774749755859375,44.55132437683675,44.56125279429323,1876700
2005-01-14,44.76982116699219,44.88401889757694,44.59107919879064,44.63576658485586,1043800
2005-01-18,44.918766021728516,44.92869444572542,44.551353725378995,44.58610889141166,1251600
2005-01-19,45.047847747802734,45.10245974908291,44.81945238086183,45.08260290572363,655800
2005-01-20,45.137245178222656,45.19185721154513,44.85919996369101,44.893955142003676,1064200
2005-01-21,45.186885833740234,45.20674647279915,44.94359584629065,44.983317124408494,606300
2005-01-24,45.380489349365234,45.43013901691497,45.18188689113948,45.22657045552619,561400
2005-01-25,44.95354080200195,45.380535192727166,44.938646265493276,45.36067454803871,1942200
2005-01-26,45.0379524230957,45.14221798224939,44.99823112779014,45.10746279586483,709800
2005-01-27,44.95354080200195,45.032979592725134,44.85423757855967,44.9436085856424,463900
2005-01-28,45.40533447265625,45.47981090438096,45.26631382038542,45.29114056030321,1128000
2005-01-31,45.5344352722168,45.55429591028344,45.32590425456108,45.34576489262773,1313900
2005-02-01,45.46216583251953,45.601711444961474,45.37744225387018,45.571809900104704,948200
2005-02-02,45.56684112548828,45.58179190319381,45.39739010604602,45.45221215918904,760300
2005-02-03,45.54187774658203,45.571783076169034,45.38239659732994,45.38239659732994,505800
2005-02-04,46.17486572265625,46.31939624735551,46.08017239211745,46.08515725223375,3483900
2005-02-07,46.51876449584961,46.558635788801,46.19980175691004,46.219737403385736,1064600
2005-02-08,46.78289031982422,46.90748520890216,46.513764903135765,46.533700541668345,1383800
2005-02-09,46.907501220703125,46.96730435438031,46.53869748546119,46.568602854635344,2125800
2005-02-10,46.27456283569336,46.68821897480019,46.22472561705862,46.593525597758955,1240000
2005-02-11,46.24462890625,46.339322217031544,46.05026122794407,46.080162777734714,1275200
2005-02-14,46.38914489746094,46.45393283586283,46.21471290766185,46.29943647380252,295000
2005-02-15,46.154937744140625,46.279532651385935,46.13500210270119,46.14995288319707,900200
2005-02-16,45.98051071166992,46.1350071969666,45.751256513304284,46.10510563267311,1189700
2005-02-17,45.69141387939453,45.9206678986225,45.651542623268206,45.73128513552086,1146400
2005-02-18,45.28279113769531,45.32764349675852,45.083438447518574,45.12829460891808,2655800
2005-02-22,45.083412170410156,45.227942691489496,45.05351061512963,45.16813577859436,914600
2005-02-23,45.232906341552734,45.43723987738014,45.06844025996062,45.42228910675036,1115000
2005-02-24,45.13325119018555,45.5170055760446,45.13325119018555,45.43228196443103,798500
2005-02-25,45.352508544921875,45.42228133080445,45.16312581214511,45.29768652710961,588800
2005-02-28,44.864105224609375,45.40235580890264,44.79931728111079,45.40235580890264,2797300
2005-03-01,44.85013198852539,44.92512461256738,44.720145027804826,44.76514212794334,1648500
2005-03-02,44.79013442993164,44.855129813520655,44.705144574466246,44.72014233551507,1139300
2005-03-03,44.765140533447266,44.895127489537806,44.720143434911506,44.805137106749456,1600600
2005-03-04,45.25010299682617,45.3300923547817,44.930137936435294,44.990129001330835,1567000
2005-03-07,45.43009948730469,45.490090572889024,45.370104587434646,45.420098430183494,889800
2005-03-08,45.000118255615234,45.1301014049959,44.96512220550761,45.06010930478065,680400
2005-03-09,44.26520919799805,44.69516296504101,44.21521537226188,44.585174259850795,2549600
2005-03-10,44.5351676940918,44.66015412981997,44.19020391091137,44.36518415807415,1357700
2005-03-11,44.2102165222168,44.43019394094056,44.19521875535555,44.32020523157868,1017900
2005-03-14,44.475196838378906,44.49519513660398,44.14523445337855,44.1802305217011,805000
2005-03-15,44.1951904296875,44.64514221856369,44.1951904296875,44.64014169472004,963900
2005-03-16,44.46515655517578,44.675132761858976,44.265177580785355,44.265177580785355,2097800
2005-03-17,44.61013412475586,44.785114269175956,44.555139820183676,44.67012513753928,1025300
2005-03-18,44.33018493652344,44.48517069944877,44.33018493652344,44.44517412744978,722700
2005-03-21,44.20519256591797,44.33017897589689,44.18519428260744,44.33017897589689,893100
2005-03-22,43.83023452758789,44.52016197056933,43.765242965773645,44.46516764354088,2544900
2005-03-23,44.04021072387695,44.07521058128394,43.76024237888206,43.76024237888206,1951700
2005-03-24,44.13019943237305,44.22519032339801,44.08520615617121,44.15519823978461,746800
2005-03-28,43.86023712158203,43.995220779780965,43.85523659667602,43.990220254874956,382200
2005-03-29,44.12020492553711,44.13520268519823,43.990217984669506,44.0352150779356,1135000
2005-03-30,44.34016418457031,44.37015969167922,44.07519370035851,44.095188162243666,1095600
2005-03-31,44.660125732421875,44.69012123735316,44.425150772377755,44.59513038602957,2410900
2005-04-01,44.810707092285156,44.99135525972316,44.40926586943911,44.92611885966501,2805300
2005-04-04,44.800636291503906,44.99132245611691,44.745438067897446,44.8006362915039,754800
2005-04-05,44.68521499633789,44.840771504809325,44.62499772124075,44.78055422971218,733300
2005-04-06,44.840797424316406,44.880942297586266,44.76050767777667,44.865888927216524,402800
2005-04-07,44.47950744628906,44.951200202155015,44.464454073812725,44.81069695447402,973000
2005-04-08,44.63504409790039,44.66013559308659,44.32894623306706,44.4393426864069,438600
2005-04-11,44.87590789794922,44.971250982281504,44.63002733292991,44.645080698156164,1460200
2005-04-12,45.29243469238281,45.36268633278334,44.72038343287722,44.77558169725296,1931500
2005-04-13,45.18205642700195,45.382777121464215,45.061625541696124,45.33761314670652,1001700
2005-04-14,45.11177444458008,45.22217094377296,44.99134364019977,45.20209850497187,1461800
2005-04-15,45.708892822265625,45.72395001596414,45.2723299156221,45.43290552591877,2807300
2005-04-18,45.67377853393555,45.85944568541443,45.633637492566876,45.84941138217864,3510800
2005-04-19,46.11537551879883,46.18562714359584,45.82433088553899,45.83436519118438,1733600
2005-04-20,45.999961853027344,46.050141040185764,45.7540811560525,45.77415359660118,1617900
2005-04-21,45.518245697021484,45.874522988366074,45.51322662857226,45.81430948068544,1288500
2005-04-22,45.899566650390625,45.9547648605036,45.70888053239177,45.79920452817451,876300
2005-04-25,46.03506088256836,46.075205740308476,45.91964920209597,45.9949198532526,818300
2005-04-26,45.964805603027344,46.19061753835601,45.834336740065716,46.16050698325776,549300
2005-04-27,46.12538146972656,46.26588463294888,46.065168016016464,46.19061781581126,684900
2005-04-28,46.46660614013672,46.49169763203868,46.14043588753198,46.1906188713359,1062000
2005-04-29,46.38631057739258,46.63721013035827,46.27591416153994,46.45154308293125,1445100
2005-05-02,46.376243591308594,46.461857997099365,46.184878123946866,46.406462022468865,1358200
2005-05-03,46.50216293334961,46.60288467718254,46.290653034512964,46.36619338185224,1884900
2005-05-04,46.0942268371582,46.18991148427495,45.852502460001794,46.05393816025223,2211500
2005-05-05,46.19999313354492,46.25035207103498,45.933087306921045,45.97841304016055,1757900
2005-05-06,45.85755157470703,45.92805486268592,45.731652297296,45.792085333624065,850600
2005-05-09,45.902889251708984,45.948211159137365,45.82734889718631,45.83238594539237,327800
2005-05-10,46.2302131652832,46.2302131652832,45.99855512898061,46.0086292221107,495500
2005-05-11,46.371253967285156,46.592834231906764,46.325928199017895,46.401468584700915,1058700
2005-05-12,46.552486419677734,46.56759370796139,46.189896132316164,46.330902612481566,657000
2005-05-13,46.73381805419922,46.84460620216481,46.61798901668513,46.68849231181843,1698100
2005-05-16,46.678409576416016,46.86977506315414,46.673372530355955,46.854667767114336,824800
2005-05-17,46.80937194824219,46.93023807807534,46.78419438613408,46.81440899752094,856300
2005-05-18,47.12160873413086,47.23743782709131,47.0057796411704,47.18707501319521,1092300
2005-05-19,47.00071716308594,47.187045626746865,46.97553577181998,47.187045626746865,948800
2005-05-20,47.05610656738281,47.0913582049392,46.940277562760194,46.96042190452675,806800
2005-05-23,47.42374801635742,47.45396646140534,47.1215904608707,47.13669776232377,905600
2005-05-24,47.554664611816406,47.665456565972036,47.42876536248322,47.60502354312164,1695400
2005-05-25,47.22228240966797,47.66545016679438,47.20214191356191,47.63523173835597,1923300
2005-05-26,47.20718765258789,47.37337560564221,47.13164732464132,47.13164732464132,978300
2005-05-27,47.25756072998047,47.32806787472952,47.106483871025766,47.20720177699557,650600
2005-05-31,47.841739654541016,47.86692105437396,47.448934406857006,47.448934406857006,1979000
2005-06-01,48.427555084228516,48.44271808990515,48.11417601675502,48.119227781108115,3823200
2005-06-02,48.54386520385742,48.61968417286226,48.38717549587693,48.38717549587693,1703400
2005-06-03,48.14451599121094,49.02906090443529,48.11924173688062,48.978516252084425,5558100
2005-06-06,48.39723587036133,48.46294352295839,48.195053434889104,48.27087233022984,1088700
2005-06-07,48.78137969970703,48.81676133494173,48.5488712601206,48.761161071528775,1503100
2005-06-08,48.54886245727539,48.75104098978106,48.54886245727539,48.680277732142414,1272400
2005-06-09,48.50843811035156,48.528656740241466,48.2354923913018,48.35680031433191,612700
2005-06-10,47.962528228759766,48.29612970919627,47.94736522625045,48.29612970919627,1464800
2005-06-13,47.67441940307617,47.78056427648376,47.598600534554215,47.75529389118167,1616700
2005-06-14,47.36103439331055,47.593546607891,47.29532676694248,47.537946363922764,1984500
2005-06-15,47.44700622558594,47.447006225585945,47.174060385049245,47.20438641522741,1996800
2005-06-16,47.684532165527344,47.72496941414208,47.295334252458304,47.411590378148595,1370300
2005-06-17,47.67945861816406,47.750221842755806,47.522765315448176,47.56825816343231,555900
2005-06-20,47.598602294921875,47.61376529792548,47.310493668929446,47.42169416603319,453000
2005-06-21,47.947364807128906,47.947364807128906,47.67441919542345,47.704745200176994,503100
2005-06-22,48.528656005859375,48.56908940871797,48.14956537785636,48.26581767757742,952200
2005-06-23,48.47809600830078,48.513477634790924,48.291076636105466,48.422495758629424,996300
2005-06-24,48.720703125,48.751029126234364,48.533683786004204,48.64488426560671,928000
2005-06-27,48.85213088989258,48.93300152629869,48.70049314420754,48.77125639717841,1203600
2005-06-28,48.51851272583008,48.710587651894585,48.4780793496699,48.685313417526075,982400
2005-06-29,48.44273376464844,48.766228034428025,48.32142582367478,48.7611724121304,1682400
2005-06-30,48.87739562988281,48.887506868457976,48.42754192097851,48.4528161611088,2159400
2005-07-01,48.28499221801758,48.82262188076745,48.178481666708784,48.711038292845906,2222700
2005-07-05,47.828529357910156,48.05169271000549,47.81331024494539,47.85388680699688,1076100
2005-07-06,48.092262268066406,48.09733530498251,47.89445639386556,47.995893914627345,854100
2005-07-07,48.19370651245117,48.46252333220062,48.16327602589588,48.40165848949612,1678000
2005-07-08,47.995933532714844,48.31039629799805,47.83870408487152,48.31039629799805,1259300
2005-07-11,47.995933532714844,48.00607961492209,47.651040260003015,47.732193439274766,982000
2005-07-12,47.72706604003906,47.945160123940724,47.706777768328195,47.853864836037886,743700
2005-07-13,47.656063079833984,47.727070102069334,47.60534433103624,47.701712662466704,886600
2005-07-14,47.5343132019043,47.74733416057734,47.473448412458914,47.72704589742887,874300
2005-07-15,47.66115188598633,47.69158237141549,47.422769431207826,47.422769431207826,1064700
2005-07-18,47.30610275268555,47.66114177561763,47.21988048253075,47.6002769480768,1204500
2005-07-19,47.47346496582031,47.53432977648844,47.23001346233156,47.285805238046045,1226900
2005-07-20,47.732139587402344,47.798073568975845,47.26044790644304,47.4278232476591,1884500
2005-07-21,47.0830078125,47.44311652500367,47.00692763501927,47.4126860018508,3824200
2005-07-22,47.4481086730957,47.48361217944263,47.1843650234397,47.21986852978663,1614900
2005-07-25,47.27567672729492,47.529274394882336,47.24017320861641,47.372045079248,305100
2005-07-26,47.35175704956055,47.37711836428949,47.25538869710261,47.30610745696714,340500
2005-07-27,47.27567672729492,47.30610720913555,47.174239208097276,47.20466968993791,593300
2005-07-28,47.6966667175293,47.762600741456424,47.36191582006539,47.36191582006539,578900
2005-07-29,47.2249755859375,47.57494173604002,47.093103666108405,47.57494173604002,1699500
2005-08-01,47.04928970336914,47.14092448667036,46.84565642003512,47.09001713683231,1760300
2005-08-02,46.89663314819336,47.06971915616547,46.8151781675096,46.97299233760032,1071400
2005-08-03,47.12568283081055,47.17150219377671,46.962776876679,46.962776876679,591100
2005-08-04,47.02897262573242,47.237698016239825,46.937337751556,47.135879331607306,1046800
2005-08-05,46.662437438964844,46.76934414581561,46.6064381329022,46.68279729209152,1041600
2005-08-08,46.575904846191406,46.7591746523321,46.5504530799972,46.672631656095355,836600
2005-08-09,46.74896240234375,46.75914232498607,46.46896597987711,46.68277931122388,1474800
2005-08-10,46.69804000854492,46.8863976467558,46.60131329660984,46.840582183617904,909300
2005-08-11,47.02386474609375,47.06458831876331,46.682777151599794,46.850774997307916,881600
2005-08-12,47.5024299621582,47.568613093678074,47.125710450684785,47.15116609880575,1765100
2005-08-15,47.38021469116211,47.497305144228996,47.37003477019192,47.47694141830503,954300
2005-08-16,47.71110916137695,47.80274396822142,47.59911063256895,47.69074543941342,1311000
2005-08-17,47.39555358886719,47.71627787107959,47.33446620862794,47.60427916198885,1278200
2005-08-18,47.74678039550781,47.756960322107865,47.482055696077644,47.573690571421054,833900
2005-08-19,47.7416877746582,47.772231437986306,47.517690552957006,47.527874363390154,439200
2005-08-22,47.69081497192383,47.75190622688458,47.44645383606933,47.61954378313054,599300
2005-08-23,47.909671783447266,47.970762976355246,47.67549470327682,47.71622216521548,491800
2005-08-24,47.955501556396484,48.02168467276622,47.777323712296635,47.991137125216454,998200
2005-08-25,48.108219146728516,48.164218442697475,47.88422196285266,47.99622055479059,812400
2005-08-26,48.09294891357422,48.30167039130616,47.95549467927635,48.184583775111086,874600
2005-08-29,48.15400314331055,48.301637201229134,48.10818768601641,48.27618546405988,550100
2005-08-30,48.459495544433594,48.54094660899517,48.220226488058046,48.27622579418788,1392700
2005-08-31,48.86676788330078,48.87185978954506,48.51550403217421,48.52059205443204,1310800
2005-09-01,48.5724983215332,48.90966339908781,48.495868654687726,48.68999376615573,1899000
2005-09-02,48.61332321166992,48.6797334497304,48.42941373968671,48.470279479816064,621400
2005-09-06,48.271080017089844,48.618464395170896,48.26597423182033,48.53672895785265,965300
2005-09-07,47.81643295288086,48.112732302445934,47.69382780385467,48.112732302445934,1090200
2005-09-08,47.86749267578125,48.01053648745406,47.816407548956484,47.964557145030035,373100
2005-09-09,48.02074432373047,48.18421904212223,47.959439842754286,48.0003094967384,426300
2005-09-12,47.68869400024414,47.87260357954334,47.606958574747516,47.847062964251776,917300
2005-09-13,47.93901824951172,48.082062077943945,47.83684798389165,47.89815248179117,450400
2005-09-14,47.7551383972168,47.95947903905137,47.70404933921024,47.92882872228576,346400
2005-09-15,47.361759185791016,47.688708784226066,47.203394070234026,47.688708784226066,2225800
2005-09-16,47.050148010253906,47.24427706863789,46.93775832330481,47.15232222454752,2145500
2005-09-19,47.15227508544922,47.223795015180926,47.05010097330116,47.090970618160384,886100
2005-09-20,47.27489471435547,47.4077191523736,46.937725886512126,47.147179957907845,1848800
2005-09-21,47.714271545410156,47.71938123102405,47.57633731667192,47.65296701068781,993000
2005-09-22,47.66827392578125,47.73979390681022,47.57631910766591,47.69892813018413,761700
2005-09-23,47.31064987182617,47.560969677656644,47.31064987182617,47.53542906749538,656800
2005-09-26,47.09611511230469,47.193175718664165,47.05013575346347,47.05524543723399,680900
2005-09-27,47.16254425048828,47.28514942712898,46.968419062678144,47.136999718978494,827800
2005-09-28,47.47928237915039,47.5201481763265,47.13189776908753,47.19830809985374,712800
2005-09-29,47.264671325683594,47.3106506608121,47.18293591524195,47.30554097967678,657100
2005-09-30,47.101253509521484,47.351577519483605,46.999083148652886,47.29538265174104,1391800
2005-10-03,46.73301315307617,47.28691330353817,46.72275349658082,47.07663730033326,1370900
2005-10-04,46.88685989379883,46.948406077112736,46.77915700768305,46.86121858543492,783200
2005-10-05,47.09200668334961,47.17406825545219,46.96378841162269,47.02020476421542,1215800
2005-10-06,46.912471771240234,47.05094569413459,46.897086214575154,47.03043031427828,340000
2005-10-07,47.10224914550781,47.15866548219706,46.6509223649039,46.717594438759356,1337800
2005-10-10,47.07143783569336,47.168884863675906,46.98938026968702,47.10733875449114,159700
2005-10-11,46.974037170410156,47.14328620303462,46.90223526194714,47.10225542308132,679100
2005-10-12,46.5175666809082,46.897095413330774,46.49192538573978,46.897095413330774,1105700
2005-10-13,46.34833526611328,46.41500734868459,46.19960162384447,46.28678909634016,1376600
2005-10-14,46.27651596069336,46.51756289763714,46.066236227703754,46.46627639856206,1042600
2005-10-17,46.26629638671875,46.47144647361902,46.220139671445224,46.37399930193609,1058200
2005-10-18,46.31753158569336,46.40472291718739,46.27650474412288,46.39446327211368,878200
2005-10-19,46.338104248046875,46.604800568950814,46.338104248046875,46.497097639978705,904800
2005-10-20,46.46113204956055,46.466261871737025,46.22521109724429,46.30214277826016,810300
2005-10-21,46.891990661621094,46.91250605647074,46.54323677499995,46.58426756469925,1252800
2005-10-24,46.52783966064453,46.88172328638545,46.409877147760724,46.83556268120118,939100
2005-10-25,46.127784729003906,46.69707389748838,46.12265490496182,46.579111421975966,632900
2005-10-26,45.789337158203125,46.004743050078254,45.727794853617986,45.87652469830778,2895800
2005-10-27,45.953433990478516,46.05088114224062,45.79957439144071,45.953433990478516,1197400
2005-10-28,45.95854187011719,46.09701583441404,45.707235239328945,46.01495820336289,750400
2005-10-31,46.04574203491211,46.17909012419896,45.94316898955969,46.04061220877123,547700
2005-11-01,45.992652893066406,46.18326006293316,45.89477300444729,46.06992628248741,647100
2005-11-02,45.77631759643555,46.04934699414175,45.76086369547711,45.889651443850994,781100
2005-11-03,45.46721267700195,45.83296928920289,45.45690745959412,45.79175628014927,962900
2005-11-04,45.39508819580078,45.66296487235292,45.261147892380436,45.549631071788674,1888700
2005-11-07,45.549625396728516,45.62689879023919,45.51356500379528,45.59083839730595,1121600
2005-11-08,45.992652893066406,46.01325939226453,45.79174443874452,45.79174443874452,1396800
2005-11-09,45.51872253417969,45.8123583170458,45.51872253417969,45.73508491517819,1140300
2005-11-10,46.075111389160156,46.095717902893185,45.65783636407496,45.70420200254693,1695200
2005-11-11,46.100833892822266,46.20901506548981,46.07507871663733,46.1575007828321,193700
2005-11-14,45.755680084228516,46.08022357533838,45.65265152745039,46.044163187437285,1230100
2005-11-15,46.05449676513672,46.183284505570384,45.7196478539512,45.7196478539512,839800
2005-11-16,46.53875732421875,46.5902755882338,46.23482000404694,46.26057913605446,1822300
2005-11-17,46.65205764770508,46.8272109726814,46.38933355567394,46.451149139545315,1003100
2005-11-18,46.43570327758789,46.59539880393698,46.394490261017296,46.554189717655966,734200
2005-11-21,46.57481002807617,46.703597795307495,46.533596999292364,46.538745680172276,503300
2005-11-22,46.6366081237793,46.708728931916276,46.54388080899043,46.55418602746101,1026900
2005-11-23,46.45631408691406,46.719042179013655,46.291465935659204,46.66752393838593,768300
2005-11-25,46.62631607055664,46.641769971034094,46.538737417367685,46.57480175886847,421500
2005-11-28,46.85812759399414,46.950854917562516,46.63145992965154,46.63145992965154,883400
2005-11-29,46.41510772705078,46.93541137579228,46.379047311610705,46.91995747350232,889200
2005-11-30,46.363582611083984,46.5181294585701,46.27085528865023,46.5181294585701,1642800
2005-12-01,46.29115676879883,46.57054948920696,46.141112310761365,46.565374453441336,1214800
2005-12-02,46.306671142578125,46.33254237021917,46.125584391276114,46.18766902178245,746200
2005-12-05,46.09971237182617,46.229060613019506,45.97036413063284,46.229060613019506,431100
2005-12-06,46.570526123046875,46.62743964572601,46.21352383485849,46.260091238593105,968800
2005-12-07,46.39459991455078,46.51877699785641,46.31699022433296,46.461863488189536,386600
2005-12-08,46.69469451904297,46.75160803591028,46.461869366326404,46.55500021689169,976200
2005-12-09,46.327369689941406,46.57054503150499,46.291152337840145,46.5550238730895,817400
2005-12-12,46.239402770996094,46.43601064290687,46.12040067260643,46.43601064290687,440500
2005-12-13,46.410125732421875,46.472214280321396,46.24456021874969,46.42047579743507,598700
2005-12-14,46.88615798950195,46.98963501696271,46.63780759724236,46.66884991600147,635000
2005-12-15,46.772300720214844,46.792996901835956,46.56016781914316,46.792996901835956,724300
2005-12-16,46.92754364013672,47.04654576729267,46.85510893574452,46.994807256640435,684500
2005-12-19,46.97410202026367,47.134492556628615,46.85509991601593,46.875796105771826,469800
2005-12-20,46.91719436645508,46.979282943505694,46.77232496739872,46.8654558592771,236000
2005-12-21,46.834415435791016,46.86546170188432,46.715417249185954,46.839590471372496,193100
2005-12-22,47.206878662109375,47.24309597005896,47.03614218028448,47.041313261855485,692700
2005-12-23,47.4967041015625,47.62087738197123,47.13452644155736,47.18109388883402,2295800
2005-12-27,47.88471221923828,47.90540446055674,47.49666756250991,47.58462340399369,519500
2005-12-28,47.75115203857422,47.92779458210909,47.66802333776161,47.813494600389056,1295700
2005-12-29,47.855072021484375,47.86546113002622,47.636865067944186,47.813507659725566,740600
2005-12-30,47.74597930908203,48.10446110963356,47.64206838125821,48.078486350525054,1099500
2006-01-03,47.68363952636719,47.92782528669666,47.527779058184684,47.58492512186026,1392700
2006-01-04,47.79795455932617,47.834322409678066,47.49661867709706,47.558965262185346,387600
2006-01-05,47.74081039428711,47.870696156370556,47.642095946688045,47.73561385394008,453400
2006-01-06,47.652469635009766,47.74598750420431,47.53297303845112,47.67844439857657,1193700
2006-01-09,47.68363952636719,47.683639526367195,47.558950359061754,47.642075149332996,413600
2006-01-10,47.29917526245117,47.63168232521945,47.29397872477756,47.60570360064821,698900
2006-01-11,47.22125244140625,47.42907038790551,47.148516754701156,47.40828819687582,394600
2006-01-12,47.53818893432617,47.54857805122391,47.27841741009488,47.345956579427416,626600
2006-01-13,47.81355285644531,47.95383171903377,47.579760037197154,47.58495261447861,491000
2006-01-17,48.02652359008789,48.05769488051464,47.761555730073034,47.79792355683618,454300
2006-01-18,48.010948181152344,48.19797992738518,47.860280305639876,48.192787353737515,622100
2006-01-19,47.87068557739258,48.02655004296766,47.777167690807126,47.83431773059812,490600
2006-01-20,47.9953727722168,48.04733023444277,47.823926623783805,47.9642014659195,842600
2006-01-23,47.97976303100586,48.05769522142139,47.65764912418892,47.69401695121006,720400
2006-01-24,47.74597930908203,47.89664718157912,47.67324364150365,47.79793279109564,300500
2006-01-25,47.22645568847656,47.57454851912462,47.16930564597635,47.543377210051126,1204500
2006-01-26,47.0238151550293,47.07057209965105,46.78482596699274,47.044597340571165,764100
2006-01-27,47.0238151550293,47.174483027360374,46.84197598628372,47.174483027360374,1091400
2006-01-30,46.97703552246094,47.01859987697791,46.88351770669526,46.91469295448049,308500
2006-01-31,47.106956481933594,47.13813175309647,46.86277067078067,46.94070290299088,676100
2006-02-01,46.945858001708984,47.1648403895344,46.84679283574342,47.00321110012255,622300
2006-02-02,47.034488677978516,47.13876883691732,46.85200337218727,46.94585352629153,658500
2006-02-03,47.3681526184082,47.44636170250467,46.831123007027344,46.92497311236725,1524600
2006-02-06,47.46202087402344,47.55587101525321,47.38902676172036,47.43595382127564,755100
2006-02-07,47.237857818603516,47.50898241354038,47.18571969738756,47.50898241354038,280500
2006-02-08,47.1283073425293,47.38378659993438,47.076169286837455,47.38378659993438,261700
2006-02-09,47.34212112426758,47.39425922685535,46.956290413777104,46.99800248700022,1119200
2006-02-10,47.08140182495117,47.644498605222985,47.05011579757819,47.550648478864325,938000
2006-02-13,47.086585998535156,47.11265701016657,47.00838091939666,47.050088968977896,218700
2006-02-14,46.919769287109375,47.029260439769224,46.77899608451249,46.87284621220382,836100
2006-02-15,47.034488677978516,47.1700508956583,46.86242939914049,46.99799161682027,720300
2006-02-16,47.04492950439453,47.08142657394807,46.92500828850018,47.02928449354395,427800
2006-02-17,47.420284271240234,47.48285232563487,47.342079175595345,47.342079175595345,731400
2006-02-21,47.34212112426758,47.44639732944312,47.331691117020675,47.39425922685535,433300
2006-02-22,47.665367126464844,47.68100815531161,47.49330785338809,47.50895286011604,559000
2006-02-23,47.54548263549805,47.608046793934705,47.40992032907876,47.608046793934705,288300
2006-02-24,47.472469329833984,47.67581071855656,47.42032724830936,47.67581071855656,485700
2006-02-27,47.39421463012695,47.62883785993868,47.30557954134284,47.62883785993868,446200
2006-02-28,47.628875732421875,47.67580280242576,47.40467834389184,47.446390411032695,744200
2006-03-01,47.341102600097656,47.54515874990224,47.288777235027844,47.49283338483243,713600
2006-03-02,47.01145553588867,47.142260923574426,46.77600743479976,47.121331582521066,1640000
2006-03-03,46.73933410644531,46.854443368143485,46.68701280345329,46.81781805686312,1253300
2006-03-06,46.33126449584961,46.561479236781935,46.30510182462715,46.55624989602798,872700
2006-03-07,46.3626708984375,46.435921610361035,46.205702806107425,46.25279483055221,1692900
2006-03-08,46.346961975097656,46.503926031832414,46.2789406245023,46.34172864231417,1184700
2006-03-09,46.3626708984375,46.39406292015776,46.18477346100578,46.336508219094355,282100
2006-03-10,46.18999481201172,46.28940817748724,46.04872675905585,46.210924151683585,1086900
2006-03-13,46.15336990356445,46.18476191743848,46.048727196075404,46.11674455675694,1740100
2006-03-14,46.46208190917969,46.56149130348863,46.27895114688931,46.27895114688931,904400
2006-03-15,46.21095275878906,46.32606220231167,46.12200600401827,46.2737408166739,971000
2006-03-16,46.62946319580078,46.73933914147836,46.268439380103025,46.310298023749716,1048000
2006-03-17,46.48822784423828,46.566711864855044,46.43590649444815,46.48822784423828,703500
2006-03-20,46.56148910522461,46.69229450533402,46.55625976336232,46.687065163471736,576000
2006-03-21,46.32079315185547,46.64519187967658,46.23184646566449,46.64519187967658,817200
2006-03-22,46.42020034790039,46.55623902112669,46.37310834907265,46.43589635022223,205500
2006-03-23,46.27372741699219,46.498712902763856,46.22140205464065,46.47255022158809,613400
2006-03-24,46.61384582519531,46.71849261977966,46.30514676287235,46.32084278409324,954800
2006-03-27,46.441131591796875,46.59286627358605,46.35741425348738,46.59286627358605,467100
2006-03-28,46.00685501098633,46.26846569477634,45.95976301213576,46.2527696924469,1094900
2006-03-29,45.78714370727539,46.05398396786716,45.71389297003069,45.95457453410123,1071700
2006-03-30,45.46796417236328,45.67202030544054,45.305762739300015,45.593536256134385,1152000
2006-03-31,45.45226287841797,45.593530957259226,45.415637525246964,45.509817575095845,1167700
2006-04-03,45.46698760986328,45.530013639795456,45.209638333215416,45.262158021327885,1549700
2006-04-04,45.41975021362305,45.640335449321306,45.35672414328158,45.53529199875219,749100
2006-04-05,45.48273849487305,45.57727552666935,45.4302188120962,45.535258177649894,638600
2006-04-06,45.136077880859375,45.31989866207103,45.04154090666587,45.31989866207103,2022100
2006-04-07,44.694923400878906,44.97328127711831,44.58988405373,44.868241929969415,1956500
2006-04-10,44.77893829345703,44.79994695500056,44.62137533537679,44.72116547596044,1527100
2006-04-11,44.93651580810547,45.01004415038662,44.81572096306965,44.94702214671371,1237300
2006-04-12,44.66337966918945,45.0257719631854,44.64237101375579,44.95749283127815,1902000
2006-04-13,44.34827423095703,44.45331353992855,44.25898641063917,44.37978522224993,3219400
2006-04-17,44.51108169555664,44.62662732750754,44.30099909264522,44.400789230601426,1465400
2006-04-18,44.58987045288086,44.78419358653311,44.505835795198685,44.616128278161774,2680300
2006-04-19,44.31674575805664,44.42703820103989,44.14868051060718,44.35350990571772,1830300
2006-04-20,44.28002166748047,44.38506504653163,44.18023546612587,44.337794524209805,1378200
2006-04-21,44.537357330322266,44.56886832808021,44.24849316089583,44.39554982642434,1303000
2006-04-24,44.715919494628906,44.84722064513158,44.56360967920664,44.61088017702402,991500
2006-04-25,44.18548583984375,44.69493522295624,44.14872165791787,44.66342421187557,2067400
2006-04-26,44.111942291259766,44.15921279860407,43.97539195225161,44.038413952718784,1544900
2006-04-27,44.169700622558594,44.27474393382659,43.93336018444267,43.98587983658037,1864200
2006-04-28,44.20125198364258,44.22750982781735,43.99116919526485,44.10146175758908,809400
2006-05-01,43.869022369384766,44.122114662354434,43.826843672861095,44.1168408167519,1795500
2006-05-02,43.985076904296875,44.048351061009846,43.90071538478338,43.90071538478338,1097900
2006-05-03,43.89011764526367,43.99030060682328,43.73193846796343,43.98502676075017,1114000
2006-05-04,43.81632995605469,43.974513264658924,43.81632995605468,43.96396556527536,977800
2006-05-05,44.07997512817383,44.33306766909801,44.02197483801973,44.2908849084824,1685900
2006-05-08,44.106327056884766,44.169597155956595,44.043052935044685,44.15377963118864,666400
2006-05-09,44.07997512817383,44.12215788878943,43.937613339557984,44.05361391986617,341300
2006-05-10,44.159053802490234,44.30141554920858,43.948144084253045,44.18541902580799,1320200
2006-05-11,43.94286346435547,44.00613757690789,43.811045413613684,44.00613757690789,1189800
2006-05-12,43.579044342041016,43.76886263934329,43.5315877563318,43.663405794860196,1804700
2006-05-15,43.7530632019043,43.88488129491432,43.57906235366652,43.57906235366652,1433500
2006-05-16,44.07997512817383,44.10106650848163,43.80579522971131,43.80579522971131,1677600
2006-05-17,43.80579376220703,43.805793762207024,43.61597536856522,43.71615841597877,1440800
2006-05-18,44.40159225463867,44.41213995157274,44.04304699146681,44.05359468840088,2177700
2006-05-19,44.51759719848633,44.744324431837626,44.333052711518555,44.35414408471031,2619500
2006-05-22,44.61251449584961,44.89724205166986,44.543970537562245,44.733784885340235,2652000
2006-05-23,44.586151123046875,44.586151123046875,44.306697405556086,44.31724510589669,1394900
2006-05-24,44.60723876953125,44.818148508241414,44.57032986696462,44.71796547723113,1226300
2006-05-25,44.433265686035156,44.67581465184555,44.39108693016357,44.6705407988224,678000
2006-05-26,44.40159225463867,44.554501678041,44.40159225463867,44.41740977727207,398400
2006-05-30,44.380470275878906,44.44901819037212,44.29610887242601,44.3910179655386,482200
2006-05-31,44.116886138916016,44.51761433830848,44.06943354804081,44.47015772466362,880700
2006-06-01,44.31377410888672,44.382591083988174,44.12319967452216,44.149669916602974,1561100
2006-06-02,44.885528564453125,44.93846504656304,44.7320099391781,44.848472623096725,2041900
2006-06-05,44.8272819519043,44.90139380937061,44.737289559094236,44.89609895132493,1102900
2006-06-06,45.03905487060547,45.09199136174307,44.77965919807906,44.81671918455031,2188000
2006-06-07,45.04960632324219,45.04960632324218,44.81139027472914,44.85374105097796,1324100
2006-06-08,45.1396369934082,45.409618372575736,45.054939407839335,45.12375644853878,3496700
2006-06-09,45.3778190612793,45.43075551252115,45.18194974901288,45.18194974901288,657200
2006-06-12,45.41489791870117,45.414897918701165,45.27725984492171,45.35666658128657,528700
2006-06-13,45.44664764404297,45.49429328947659,45.28783824978212,45.44664764404297,1448300
2006-06-14,44.991397857666016,45.29314022374645,44.94905109871013,45.26137914483094,1439100
2006-06-15,44.73196792602539,44.91195260391284,44.684326348510794,44.83254997472185,1734600
2006-06-16,44.63140869140625,44.86962881712206,44.562591698000155,44.83786371041751,1184600
2006-06-19,44.56789779663086,44.62083426943296,44.456729992108265,44.578483475673686,1233700
2006-06-20,44.493778228759766,44.56789008561888,44.40378179789375,44.53612497639834,611400
2006-06-21,44.50436782836914,44.59965508684233,44.50436782836914,44.59965508684233,476000
2006-06-22,44.25023651123047,44.41434469987949,44.2343559856043,44.38257960983631,745500
2006-06-23,44.16031265258789,44.32442109571877,44.12325668906745,44.26618971892993,675500
2006-06-26,44.075592041015625,44.18675987357296,44.00148015264407,44.16028961109954,526100
2006-06-27,44.2925910949707,44.329647004226985,44.1390726026829,44.1390726026829,429100
2006-06-28,44.05970764160156,44.2714535676704,44.03853224123574,44.2714535676704,381300
2006-06-29,44.20792007446289,44.37202433674317,44.12851335314243,44.244976005906615,1609300
2006-06-30,44.63670349121094,44.67905427423354,44.20261806221159,44.20261806221159,1219000
2006-07-03,44.59260940551758,44.61917866119879,44.49695116512589,44.587293932574184,716800
2006-07-05,44.23653793334961,44.33219615694728,44.08242168119128,44.32156926744406,1289200
2006-07-06,44.50758743286133,44.52884527459539,44.284386176431774,44.284386176431774,451400
2006-07-07,44.79454803466797,44.88489079255046,44.682947441780634,44.74671689227771,1356900
2006-07-10,44.83704376220703,44.85298611774051,44.666985212323816,44.736070104474116,480400
2006-07-11,44.980552673339844,45.09746874809641,44.94866794550361,44.9539793637978,423800
2006-07-12,44.99121856689453,45.076245925343976,44.78395551140947,44.81584431853383,641000
2006-07-13,45.16655731201172,45.19844609693244,45.00181413224072,45.01244102420222,1347400
2006-07-14,45.19310760498047,45.25688108782135,45.07619158036354,45.07619158036354,1343900
2006-07-17,45.262203216552734,45.27283416013371,45.09214460991007,45.15591810784495,514100
2006-07-18,44.87424087524414,45.03898394384751,44.852983051147675,45.01241065009809,621000
2006-07-19,45.299407958984375,45.33129673841256,44.767974253045274,44.815805394928844,1267400
2006-07-20,45.432281494140625,45.50668191335284,45.155937659140804,45.155937659140804,1320200
2006-07-21,45.347251892089844,45.527937456907246,45.2781628959385,45.49073724917904,652100
2006-07-24,45.32063674926758,45.442868207287134,45.2834365758729,45.38972568165399,393900
2006-07-25,45.18778991699219,45.37379083133893,45.11870502152507,45.2940790498445,948200
2006-07-26,45.35252380371094,45.36847021129048,45.1027535148417,45.124011337099404,717100
2006-07-27,45.28346633911133,45.42695571259765,45.23563925096087,45.42695571259765,295500
2006-07-28,45.54387283325195,45.64484654780926,45.4907302667284,45.517303577249145,769800
2006-07-31,45.602359771728516,45.602359771728516,45.464189822110356,45.50139004770301,375100
2006-08-01,45.59804916381836,45.619392057948396,45.373954881564124,45.523351069733614,577800
2006-08-02,45.768802642822266,45.768802642822266,45.45933668670448,45.550045032974936,477400
2006-08-03,45.77946090698242,45.90751419872379,45.63006065075329,45.688752590872404,500500
2006-08-04,46.05691909790039,46.14229068904025,46.04091294224705,46.09960489347032,1246000
2006-08-07,46.083621978759766,46.0942913976623,45.9822441808396,46.062279070211126,1127600
2006-08-08,45.98222732543945,46.19031551908176,45.93420478112242,46.08893775832296,844400
2006-08-09,45.832801818847656,45.89682640939004,45.73142412283625,45.7527670099302,372400
2006-08-10,45.763458251953125,45.80614404650652,45.59271914448099,45.80614404650652,539000
2006-08-11,45.566017150878906,45.63537847374745,45.54467426597957,45.60336618176798,450800
2006-08-14,45.48603439331055,45.5500631212674,45.45402206470398,45.53938963123607,662300
2006-08-15,45.87018966674805,45.93421431146503,45.76881188495559,45.76881188495559,1093800
2006-08-16,46.179649353027344,46.227667829980604,46.13162680533171,46.1903187687695,838900
2006-08-17,46.163631439208984,46.29702150286575,46.110276227894616,46.29702150286575,922300
2006-08-18,46.29702377319336,46.371725957586776,46.23299914477313,46.27034820159889,1050700
2006-08-21,46.46244430541992,46.462444305419915,46.35039710099485,46.36106651871685,676400
2006-08-22,46.47841262817383,46.542441294607926,46.40371455270396,46.41972070162753,749300
2006-08-23,46.499786376953125,46.5478048555917,46.34505338343576,46.451763827572044,801700
2006-08-24,46.58512496948242,46.65449037873466,46.54777593016968,46.6384842291349,1206700
2006-08-25,46.65449523925781,46.734525995594275,46.52643788763866,46.547780779575184,569000
2006-08-28,46.697208404541016,46.69720840454101,46.54781213110229,46.638520500612785,582300
2006-08-29,46.7612190246582,46.76121902465821,46.409071383671005,46.55313085708814,1345600
2006-08-30,46.88391876220703,46.88391876220704,46.771871650464604,46.862575873674224,1180500
2006-08-31,46.996002197265625,47.060026841609094,46.81458953989238,46.81458953989238,1272400
2006-09-01,47.012046813964844,47.08704291355315,46.85669658282309,46.93705071437653,893400
2006-09-05,46.71739959716797,46.94774584524376,46.69061762091417,46.87810780260855,2271300
2006-09-06,46.65315246582031,46.65315246582031,46.45495015396366,46.546016301950914,1853400
2006-09-07,46.74421691894531,46.77635694673416,46.46565638816806,46.56743859214231,1716100
2006-09-08,46.78171920776367,46.92635343286545,46.78171920776367,46.86742731860629,540300
2006-09-11,46.73887252807617,46.867436763740756,46.57816416825792,46.867436763740756,557600
2006-09-12,46.97456741333008,46.98527939453217,46.60494071362896,46.68529487708345,820800
2006-09-13,46.996009826660156,47.156714115704546,46.958511750518085,47.156714115704546,797000
2006-09-14,46.88882827758789,47.07096454924408,46.82990219737384,46.95311238881599,672800
2006-09-15,46.851318359375,47.11380459481055,46.84596032971901,47.01202655322159,1047200
2006-09-18,46.77635192871094,46.8084919530519,46.588861641752416,46.588861641752416,871400
2006-09-19,47.301334381103516,47.30133438110351,47.05491387557499,47.06562994293651,1229600
2006-09-20,47.37095260620117,47.39773867639014,47.215602390462266,47.34416653601221,827400
2006-09-21,47.80487823486328,47.82630628217214,47.32811542144192,47.32811542144192,1698600
2006-09-22,48.04056930541992,48.05128128260367,47.84772102026454,47.84772102026454,1428600
2006-09-25,48.37802505493164,48.37802505493164,48.110180816404544,48.12625081679957,2607600
2006-09-26,48.17448425292969,48.265550349728215,48.11555816982938,48.2119822979044,2200000
2006-09-27,48.03520584106445,48.36197628245786,48.01377780213925,48.34590627500909,1165400
2006-09-28,47.95488739013672,47.99238546440524,47.82096511246578,47.9066773319273,1796800
2006-09-29,47.89594268798828,48.06736295882728,47.72451833016765,48.0459349140997,1398000
2006-10-02,48.027183532714844,48.10785300806825,47.84970248048006,47.91961739352923,1211900
2006-10-03,47.96260452270508,48.102438337376604,47.94647064086323,48.08092512717904,854900
2006-10-04,48.31221389770508,48.32296845717706,48.04330477540223,48.04330477540223,1155500
2006-10-05,47.9733772277832,48.15623753203835,47.838922690594096,48.15623753203835,1241600
2006-10-06,47.473243713378906,47.919634114497214,47.44635524662159,47.91425477985372,2472400
2006-10-09,47.6023063659668,47.6507080510271,47.33339717368873,47.381798858749036,834900
2006-10-10,47.22583770751953,47.38718488697505,47.12903022049206,47.301131963737646,1398700
2006-10-11,47.08598327636719,47.344133704828856,47.01606428693738,47.30110726567622,1521600
2006-10-12,47.11286926269531,47.204297363699034,47.04833371056415,47.1290031507281,586400
2006-10-13,46.87625503540039,46.98381707714199,46.849362473350546,46.946169952209544,1414100
2006-10-16,47.08598327636719,47.09135850384096,46.98917583988729,47.00530972876276,897600
2006-10-17,47.12360763549805,47.354869505266,47.06444733603008,47.26343734039953,730800
2006-10-18,47.220462799072266,47.263485157754964,47.08600818301936,47.16130243975064,499600
2006-10-19,47.13439178466797,47.19893145276502,46.98380332900252,47.10749923048728,797300
2006-10-20,47.08598327636719,47.16665272074454,47.08598327636719,47.118251054118126,280700
2006-10-23,46.89776611328125,46.90314544656091,46.725664377393635,46.87087765334106,1200600
2006-10-24,46.89776611328125,46.92465867645049,46.87087765334106,46.88163221667133,243400
2006-10-25,47.26884460449219,47.31187104830217,46.91388670112857,46.93539581980604,558400
2006-10-26,47.575408935546875,47.60767672228409,47.40868656643363,47.40868656643363,1558300
2006-10-27,47.79588317871094,47.89269057482239,47.70445100783181,47.876552589449346,1601500
2006-10-30,47.930320739746094,47.930320739746094,47.779728318694154,47.806620848259406,901200
2006-10-31,48.301422119140625,48.33369398188585,47.94108512707952,48.00024542168355,964600
2006-11-01,48.56869888305664,48.65508360698132,48.293352724359664,48.37973744828434,1440100
2006-11-02,48.368934631347656,48.46611538087949,48.309550285736655,48.39053081113808,853300
2006-11-03,47.7966423034668,47.96400752008666,47.672469439216385,47.87222686058863,1534100
2006-11-06,47.93699645996094,47.93699645996094,47.69944273478267,47.69944273478267,528000
2006-11-07,48.15840530395508,48.32577476584117,48.11521703806588,48.20159768889681,525900
2006-11-08,48.33116149902344,48.331161499023445,48.09900762309175,48.17999229963569,706300
2006-11-09,48.30419921875,48.36898370479918,48.25560673515882,48.30419921875,729600
2006-11-10,48.51470947265625,48.61189022550822,48.401332614170656,48.401332614170656,738100
2006-11-13,48.50394821166992,48.50394821166992,48.30419058996281,48.50394821166992,462400
2006-11-14,48.6928596496582,48.80083639949191,48.65506737531151,48.773840152508996,916400
2006-11-15,48.50929641723633,48.61727729098312,48.44990796643788,48.61727729098312,1803200
2006-11-16,48.28794479370117,48.61727926365579,48.20156009119863,48.59028301436141,1494400
2006-11-17,48.56328582763672,48.70905898053353,48.32573613843887,48.35272826816288,1752000
2006-11-20,48.63887405395508,48.655074275871826,48.51470118594026,48.59028574535352,857200
2006-11-21,48.75762939453125,48.800821729099944,48.5686680796029,48.66584877285859,605100
2006-11-22,48.83864974975586,48.86564600838879,48.73606890981164,48.784661351540755,770300
2006-11-24,48.925025939941406,49.0761950761702,48.925025939941406,48.99521043346191,533400
2006-11-27,49.103172302246094,49.1031723022461,48.65506510420873,48.71445354955985,784500
2006-11-28,49.205772399902344,49.26516086855559,49.000614856677736,49.25976079348246,1466300
2006-11-29,49.0924072265625,49.32456108137816,49.081611192896105,49.29216886132759,1206400
2006-11-30,49.41630935668945,49.470297727696426,49.20575182642816,49.27593629683237,1428600
2006-12-01,49.54205322265625,49.74798433736022,49.39573744570759,49.4661851702386,1156000
2006-12-04,49.62875747680664,49.650434651908895,49.43366703538472,49.47702138558924,460700
2006-12-05,49.395751953125,49.596258664331934,49.31446354894652,49.509554065174875,1833700
2006-12-06,49.298194885253906,49.41199697004163,49.25484052881124,49.330708585336396,936100
2006-12-07,49.26028060913086,49.3632420788434,49.178992191831014,49.309051178810385,739200
2006-12-08,48.9025764465332,49.29817757478859,48.87548308414429,49.23314606295964,2090300
2006-12-11,49.11391067504883,49.17352184480205,49.04888331495182,49.11391067504883,727700
2006-12-12,49.21690368652344,49.298192066580924,49.016392900314806,49.1681331391882,802800
2006-12-13,48.77796173095703,48.96221156947158,48.674996153846216,48.940534388264055,1217900
2006-12-14,48.59913635253906,48.718358802207796,48.55578198275038,48.675004432419115,687600
2006-12-15,48.626197814941406,49.13018062019714,48.555745982644,49.086826282552146,1162100
2006-12-18,48.64248275756836,48.68583298575857,48.550353703227636,48.62080557622346,441400
2006-12-19,48.577430725097656,48.66955560608341,48.50698301631405,48.50698301631405,930700
2006-12-20,48.57199478149414,48.59909227165887,48.5286445855257,48.58283543135864,336800
2006-12-21,48.81587600708008,48.87548719764928,48.555754072369204,48.615365262938404,770700
2006-12-22,48.44200134277344,48.691282877842774,48.344456034746116,48.68044634784067,1433200
2006-12-26,48.588279724121094,48.60453657244057,48.425702971929205,48.47447351688764,496200
2006-12-27,48.23100662231445,48.573574499658925,48.23100662231446,48.54638512419734,840700
2006-12-28,48.122283935546875,48.37241056326535,47.88303057489506,48.339786613546835,1080200
2006-12-29,48.08418655395508,48.14943855478878,47.96455996001773,48.040685220065946,775500
2007-01-03,48.42680358886719,48.64430634947798,48.209304976776494,48.513806352519545,1870400
2007-01-04,48.72039794921875,48.74758733115853,48.51377275143506,48.51377275143506,1697000
2007-01-05,48.50837326049805,48.61168801717025,48.25824650881006,48.2854359127303,1298400
2007-01-08,48.59536361694336,48.59536361694336,48.421362262468875,48.45942492911894,414200
2007-01-09,48.59536361694336,48.655176971467675,48.5137995745448,48.655176971467675,481500
2007-01-10,48.37785339355469,48.4648519830571,48.328913316287995,48.43222803055856,519600
2007-01-11,48.09510040283203,48.285417862085744,47.991789833301226,48.27997915363074,1293500
2007-01-12,47.87214279174805,48.30714386732579,47.79601749980901,47.93195611377404,846300
2007-01-16,47.975440979003906,47.98087553476247,47.86668763609488,47.9754409790039,702800
2007-01-17,47.82863235473633,47.99719487650952,47.75250707725704,47.96457094288025,724200
2007-01-18,47.975440979003906,48.00262620334427,47.73074906884548,47.8177517431727,918300
2007-01-19,47.844970703125,47.931973438798074,47.779722799888965,47.931973438798074,882500
2007-01-22,47.95915222167969,48.02984297202093,47.91565500822148,47.931966981833085,432000
2007-01-23,47.64378356933594,47.87759823302405,47.616594177632244,47.8612821088906,1096800
2007-01-24,47.638343811035156,47.68727973680048,47.578530469420684,47.66553320213942,463700
2007-01-25,47.29578399658203,47.56222262878729,47.24140520964631,47.55134521199255,1397000
2007-01-26,47.25773239135742,47.35016971314459,47.11635497958178,47.187041611209615,1576800
2007-01-29,47.154396057128906,47.36102129624403,47.089144016531364,47.33927061604485,1015300
2007-01-30,47.20879364013672,47.257733731513056,47.17616967823255,47.246856311864946,1295100
2007-01-31,47.60575485229492,47.638378826784816,47.143559754905866,47.143559754905866,2078000
2007-02-01,47.54838180541992,47.914183767194125,47.49924665310564,47.85412691520469,986200
2007-02-02,47.608436584472656,47.71217189982999,47.542923050906154,47.542923050906154,814700
2007-02-05,47.67396545410156,47.750400704777476,47.5866126670757,47.71764393031887,395500
2007-02-06,47.93605422973633,47.95243262451102,47.586634589840635,47.60846967259978,770500
2007-02-07,48.077999114990234,48.11076006723845,47.957885342704195,47.99064629495241,836200
2007-02-08,48.1161994934082,48.21447398407689,47.996089929621,48.03976424126687,980200
2007-02-09,47.84324645996094,48.001577918480386,47.7995721198337,47.985199520256224,878300
2007-02-12,47.734012603759766,47.85412630621006,47.679416602302695,47.76676937155243,467600
2007-02-13,47.630271911621094,47.76676398256886,47.608432680420556,47.76676398256886,1310600
2007-02-14,48.08344650268555,48.14896422342412,47.783162156061834,47.783162156061834,2262500
2007-02-15,48.22537612915039,48.36186819053795,48.22537612915039,48.33456811209758,893800
2007-02-16,48.3946533203125,48.43833180525768,48.30730051583172,48.367353225869365,1476700
2007-02-20,48.503841400146484,48.50930225167039,48.31821410242626,48.31821410242626,847400
2007-02-21,48.42193603515625,48.42739271975869,48.30728317738354,48.33457909662003,379800
2007-02-22,48.15988540649414,48.29091669248107,48.09436768079594,48.26908161599115,485200
2007-02-23,48.503841400146484,48.55844158456702,48.312753250902354,48.33459249158872,735700
2007-02-26,48.825923919677734,48.83138476660781,48.651214306567034,48.67305352888159,763400
2007-02-27,49.44292449951172,49.825105091544216,48.918795043540044,48.995230328864416,3243200
2007-02-28,49.21904754638672,49.39375725163128,49.07709460918554,49.2245083961966,1701900
2007-03-01,49.18777847290039,49.560454844738736,49.132973984959484,49.47824602217017,2423900
2007-03-02,49.43444061279297,49.587899156584264,49.14397282935126,49.30290889943249,1619800
2007-03-05,49.516624450683594,49.59883329793779,49.35768846100967,49.58787406958454,1505200
2007-03-06,49.368675231933594,49.52212958938766,49.319348227713284,49.3577118170768,837400
2007-03-07,49.56048583984375,49.598849423526396,49.31386339921491,49.368667921430536,915400
2007-03-08,49.516624450683594,49.554988021893465,49.38509280386629,49.48374258430819,574700
2007-03-09,48.99597930908203,49.270006034321504,48.880888586239365,48.985015898535494,1534700
2007-03-12,49.18777847290039,49.31383255834745,49.14941491321032,49.176819247837976,594400
2007-03-13,49.48377990722656,49.51118008943398,49.31388456105659,49.45089801605013,553800
2007-03-14,49.259071350097656,49.62078884538758,49.237148697535986,49.407048209559335,1698100
2007-03-15,49.25358200073242,49.302904821168525,49.14396876423425,49.19329576598779,394900
2007-03-16,49.242645263671875,49.28100887190039,49.1330361491103,49.143995388038576,623800
2007-03-19,49.13848114013672,49.16039960161454,49.06174979969805,49.09463585454793,693900
2007-03-20,49.1658935546875,49.29742526290136,49.15493432121868,49.275506795963736,768400
2007-03-21,49.18777847290039,49.37411456816236,48.60684337436084,48.98499726807319,1513400
2007-03-22,48.798736572265625,49.03988170937886,48.68364571536728,49.03988170937886,1484300
2007-03-23,48.66168212890625,48.8863819420875,48.656200421857726,48.88090441635634,1679700
2007-03-26,48.72195816040039,48.924735284244576,48.502735918854135,48.568503845712954,763600
2007-03-27,48.63976287841797,48.67264476037046,48.53563134381154,48.57947664062663,619800
2007-03-28,48.54112243652344,48.837071975269794,48.453436007257,48.72746289335712,816900
2007-03-29,48.47536849975586,48.595941033525655,48.404122994037195,48.52469552780699,823000
2007-03-30,48.38214874267578,48.7329025498049,48.349266879918424,48.584929986081605,2015100
2007-04-02,48.46249771118164,48.52850943572526,48.4129920653862,48.467999737431036,579600
2007-04-03,48.401973724365234,48.50098918354259,48.39647589655519,48.418475601425605,617000
2007-04-04,48.45150375366211,48.59452287902561,48.35248825320137,48.50100940548404,576900
2007-04-05,48.26995849609375,48.47349145587672,48.24795459259164,48.46248740571793,436400
2007-04-09,47.950904846191406,48.02791640466989,47.928900944223955,48.011414527398095,1283900
2007-04-10,48.09394073486328,48.1599524580932,48.02792901163336,48.07193682711997,674400
2007-04-11,48.060916900634766,48.176434220432995,48.01140707968436,48.115924548612796,476200
2007-04-12,48.071937561035156,48.17095304898357,48.01142786302133,48.13244725904898,495100
2007-04-13,47.92338943481445,48.11591827604608,47.862879770882515,48.082914530924654,557800
2007-04-16,48.18743896484375,48.23144676642108,48.07742365771538,48.07742365771538,833600
2007-04-17,48.45697784423828,48.49548781698922,48.31945661635002,48.34696254065359,1254200
2007-04-18,48.69899368286133,48.71549555096949,48.60548029903982,48.61098232068016,450800
2007-04-19,48.61649703979492,48.79802604569197,48.5174815999251,48.770524321559094,1305900
2007-04-20,48.4899787902832,48.65500172182912,48.440468973049484,48.65500172182912,664500
2007-04-23,48.66599655151367,48.73200403290476,48.429459950630964,48.48446758406134,419000
2007-04-24,48.84755325317383,48.85855310737993,48.65502013163272,48.65502013163272,881300
2007-04-25,48.677040100097656,48.842067345358174,48.468009226675896,48.721047925076086,569000
2007-04-26,48.3249626159668,48.6440128981494,48.32496261596679,48.6440128981494,2048400
2007-04-27,48.313968658447266,48.43498803520097,48.28646272852482,48.41298413062615,428700
2007-04-30,48.820045471191406,48.820045471191406,48.54500296149455,48.5890107702818,485700
2007-05-01,48.855384826660156,48.938200765730265,48.64558809825036,48.905076074979675,487200
2007-05-02,48.82779312133789,48.84987765745408,48.744977163950814,48.82779312133788,443900
2007-05-03,48.71732711791992,48.789102849518216,48.59034641341511,48.789102849518216,427000
2007-05-04,48.916133880615234,48.938218419813666,48.86092463871673,48.871964802218365,262000
2007-05-07,49.04859161376953,49.05411379651893,48.95473556798612,48.97129790404305,210200
2007-05-08,48.938209533691406,49.14248832503792,48.938209533691406,49.14248832503792,488400
2007-05-09,48.74496078491211,48.94923951620023,48.728398441438806,48.943717330978075,634900
2007-05-10,48.86089324951172,48.9105802716419,48.75599280875808,48.8056840430807,519500
2007-05-11,48.689762115478516,48.97133043989874,48.656633209163026,48.93820574577732,1238400
2007-05-14,48.56277084350586,48.739442876378625,48.56277084350586,48.71184037223216,315200
2007-05-15,48.546226501464844,48.700814061031586,48.39716112965266,48.689773897717565,382400
2007-05-16,48.513084411621094,48.58485597792607,48.49099988071335,48.50756222584577,599500
2007-05-17,48.31433868408203,48.430279338211655,48.25912945052429,48.36402573062565,397000
2007-05-18,47.994083404541016,48.30878043431116,47.96647670227343,48.22596453969978,856500
2007-05-21,48.13764572143555,48.16524822013985,47.93888919711672,47.99409840671802,821100
2007-05-22,47.88920974731445,48.143175543745315,47.856085055838946,48.132135383984725,920200
2007-05-23,47.75117874145508,47.94441310507846,47.6518004669926,47.94441310507846,914500
2007-05-24,47.79533004760742,47.806370201916906,47.45854847658082,47.73459866842612,1598200
2007-05-25,47.68487548828125,47.81737830045415,47.66279098422102,47.701437813279306,754900
2007-05-29,47.67940902709961,47.795349649761995,47.38679637768597,47.76222496105657,1055700
2007-05-30,47.77876663208008,47.916791724888654,47.69595073395662,47.916791724888654,612000
2007-05-31,47.69044494628906,47.80086758581296,47.50273277738793,47.78982321576407,1725900
2007-06-01,47.439937591552734,48.13277465811058,47.41222664613554,47.611764059603544,1694300
2007-06-04,47.656105041503906,47.67827210559424,47.48427857924093,47.57296375056914,877700
2007-06-05,47.35678482055664,47.63391955526731,47.323525776847845,47.60620439030006,1145400
2007-06-06,47.33460235595703,47.41219972505166,47.2570049868624,47.312431074967215,1129200
2007-06-07,46.486549377441406,46.95213337600415,46.40895204434761,46.90779083459699,5010400
2007-06-08,46.447776794433594,46.62514283092768,46.203896908476786,46.34246425663591,5307600
2007-06-11,46.31474304199219,46.49765293255277,46.148464783178376,46.27594435872837,2043800
2007-06-12,45.64408493041992,46.23715302818592,45.560943673422074,45.95447867462923,9043900
2007-06-13,46.187259674072266,46.425595631334694,45.81035639813957,45.83806732463024,8751200
2007-06-14,46.07087707519531,46.397894012870914,46.03207838379753,46.08196060327745,3384700
2007-06-15,46.38682174682617,46.40899303711352,46.115226612362164,46.237166594571924,5827200
2007-06-18,46.2925910949707,46.36464884308231,45.58312674542955,46.35356108395387,17704600
2007-06-19,46.724937438964844,46.80807451103774,46.40345999780893,46.45888612210493,4620100
2007-06-20,46.3480110168457,46.60297444586507,46.33137938189085,46.56971540469549,3031700
2007-06-21,46.12629318237305,46.39234008612202,46.120749305162654,46.30365919445212,850400
2007-06-22,46.425594329833984,46.43113397773343,45.976633354386024,46.032063663291375,2118900
2007-06-25,46.6805419921875,46.75259544931278,46.53643084919952,46.64174332623736,1323500
2007-06-26,46.6916618347168,46.736004409936285,46.542010929276934,46.71937700141416,2187800
2007-06-27,46.73596954345703,46.968761546578214,46.66945573024916,46.896708087156206,6109300
2007-06-28,46.724937438964844,46.88013227849054,46.658423552564315,46.73602097232716,3612500
2007-06-29,47.20710372924805,47.27916142703107,46.91334174863825,47.02973776574375,1962200
2007-07-02,47.455265045166016,47.4997779781716,47.18819169211947,47.18819169211947,2811700
2007-07-03,47.165924072265625,47.4830712162073,47.1325415028989,47.43299736215722,1387500
2007-07-05,46.63737106323242,46.97120966472178,46.58173200381555,46.910005425866785,4586800
2007-07-06,46.4482421875,46.487189991135615,46.3369597164038,46.48162480633275,1437800
2007-07-09,46.615116119384766,46.69857683374154,46.559477058142996,46.66519424599414,795400
2007-07-10,47.40519332885742,47.40519332885742,46.976767964601734,47.004589612729866,2258000
2007-07-11,46.91555404663086,47.34397932241657,46.91555404663086,47.266083817728266,1191300
2007-07-12,46.75422286987305,47.06024411983802,46.66520120760345,47.04355282347427,1941200
2007-07-13,46.882198333740234,47.04355461304269,46.70415075743909,46.98791129639497,725900
2007-07-16,47.332847595214844,47.35510405748259,47.026826545266026,47.026826545266026,952000
2007-07-17,47.23270797729492,47.3439860727195,47.01571271972594,47.216016687479964,734200
2007-07-18,47.41075897216797,47.59437166364327,47.18819851992405,47.25496792909349,1836800
2007-07-19,47.399688720703125,47.43863652737204,47.18269319140595,47.23833230879118,1021000
2007-07-20,47.82804870605469,47.894818101930845,47.47195375135523,47.505336326799956,1459900
2007-07-23,47.750160217285156,47.833620913148884,47.6778298781965,47.6778298781965,777900
2007-07-24,47.9282112121582,47.93934156974407,47.69452464270659,47.8558808678006,1351600
2007-07-25,48.02276611328125,48.0672790240685,47.85028389021168,47.889231625904316,881100
2007-07-26,48.42343521118164,48.662687103753434,48.21200498437013,48.262078888750416,2866400
2007-07-27,48.56251907348633,48.71831016251396,48.32326725962565,48.43454964106596,5367800
2007-07-30,48.42343521118164,48.607048017223065,48.35667000534127,48.5124611456224,1803900
2007-07-31,48.7739372253418,48.82401109656484,48.37889020908553,48.479042196519,2467600
2007-08-01,48.668365478515625,48.89738199067081,48.646022092337176,48.74098254898686,2154700
2007-08-02,48.791282653808594,48.84713902359705,48.59019631331586,48.71308288379118,2079400
2007-08-03,49.115257263183594,49.115257263183594,48.75218445465177,48.75218445465177,1577600
2007-08-06,48.75773239135742,48.9979184331499,48.690702241939306,48.98674461079792,1298400
2007-08-07,48.71863555908203,48.99233456178338,48.551062305921704,48.83593513166832,1890800
2007-08-08,48.12653732299805,48.534292257234284,47.958964116710156,48.534292257234284,6453000
2007-08-09,48.193607330322266,48.51758021966153,47.880808271135415,48.456136938525894,2637500
2007-08-10,48.08189010620117,48.42820210035631,48.02603374536007,48.31090246411984,1496400
2007-08-13,48.22148895263672,48.260588795554135,47.98130298569741,47.99247254300384,1312600
2007-08-14,48.349971771240234,48.472858244330006,48.04275985008029,48.04834249953748,1314700
2007-08-15,48.17683792114258,48.45612393807674,48.17683792114258,48.40026758700319,1101700
2007-08-16,48.67395782470703,48.930900402098025,48.461702024662024,48.523145278121355,2410200
2007-08-17,48.478458404541016,48.54548857042695,48.065116368825215,48.260615692368795,2114400
2007-08-20,48.50641632080078,48.7466025794433,48.500833666149134,48.57344653073652,1048700
2007-08-21,48.7409782409668,48.82476486633911,48.62367867007147,48.65160470415238,1517200
2007-08-22,48.66278839111328,48.76891416063638,48.48962819382652,48.62368852622252,1137800
2007-08-23,48.83036422729492,48.97559414353757,48.612521483714076,48.646034440706124,1618800
2007-08-24,49.07051086425781,49.19898419859202,48.90852459990721,49.0258241165274,1614600
2007-08-27,49.32747268676758,49.422433128462046,49.238103417693644,49.310716215164,1585400
2007-08-28,49.41127014160156,49.5676695929507,49.31072702836777,49.394513666323505,1298900
2007-08-29,49.27719497680664,49.58440684814117,49.24368203924093,49.428007457416136,2686700
2007-08-30,49.606788635253906,49.69057530560407,49.41687615992282,49.49507591583175,1806800
2007-08-31,49.64589309692383,49.824636021442544,49.45598060405846,49.48390665570882,2763200
2007-09-04,49.6694221496582,49.989110002502464,49.46751358165202,49.82085571515938,931000
2007-09-05,50.06768035888672,50.11254992599769,49.75921171274307,49.78164649629855,1271500
2007-09-06,49.93862533569336,50.19100885736236,49.8881460639642,50.09005459289631,1768400
2007-09-07,50.64533233642578,50.75750189974452,50.3032096056107,50.33685961880741,2852200
2007-09-10,51.03794479370117,51.18937417571554,50.75751652560391,50.75751652560391,2495200
2007-09-11,50.99867630004883,51.1893654358796,50.86967743599061,50.97063176642898,3925400
2007-09-12,50.80795669555664,51.00425977171832,50.712612176787914,50.98182501218576,4458300
2007-09-13,50.353675842285156,50.662148506097076,50.241506298531995,50.645323502433484,2020600
2007-09-14,50.42657470703125,50.80795275250861,50.26392592228752,50.802347272305134,1357200
2007-09-17,50.66777420043945,50.69581873706221,50.342480682191265,50.376130702942156,1285400
2007-09-18,50.286346435546875,50.611639633896544,49.91617945533307,50.36486592607866,3132800
2007-09-19,49.82084274291992,49.92179700063677,49.56284947964176,49.75353847811137,3854700
2007-09-20,48.87861633300781,49.51799202791177,48.85057181276046,49.456297506561995,5903200
2007-09-21,49.29365921020508,49.42826352229961,49.11979512879156,49.11979512879156,2217600
2007-09-24,49.43384552001953,49.512365014558924,49.30485104141546,49.37215102016835,1943600
2007-09-25,49.26002502441406,49.70310215132842,49.26002502441406,49.63579783416582,2513500
2007-09-26,49.304935455322266,49.42832038727774,49.035722242422025,49.14228642988237,2646400
2007-09-27,49.64700698852539,49.79283085165221,49.439492857647174,49.4899678800787,1802900
2007-09-28,49.759159088134766,50.10128168728617,49.4787310087643,50.00593716725851,1254700
2007-10-01,50.04351806640625,50.09982609298917,49.79014912958038,49.9365422664372,1399400
2007-10-02,50.201133728027344,50.319372755498975,49.93087002545231,49.97028303460952,887800
2007-10-03,50.054786682128906,50.35320035349168,49.95906989993703,50.29689661665527,1164600
2007-10-04,50.24618148803711,50.291226161039965,50.06037972936912,50.116683422774464,1128700
2007-10-05,49.705650329589844,49.79573966115118,49.38471460337017,49.72254100533365,2184700
2007-10-08,49.66628646850586,49.829570321767406,49.41854485725386,49.41854485725386,280100
2007-10-09,49.604331970214844,49.75072507466342,49.42415749385443,49.63811763782505,901000
2007-10-10,49.632469177246094,49.79012125373572,49.42977242298888,49.53675245876266,855500
2007-10-11,49.58183288574219,49.59872357962262,49.23837445783879,49.27778750879326,1533400
2007-10-12,49.339683532714844,49.64936032566601,49.255230130725394,49.27774817412462,1133900
2007-10-15,49.3509635925293,49.39037662539431,49.21020214719732,49.25524684067117,553300
2007-10-16,49.36783981323242,49.53675521641572,49.28901377059945,49.35094913205352,855500
2007-10-17,49.90837478637695,50.082917593729064,49.418523438897545,49.418523438897545,2377000
2007-10-18,50.18427276611328,50.30251187371525,50.122337381793386,50.17301373973636,1374100
2007-10-19,50.9330940246582,51.0119200488515,50.45450622185712,50.46576524144353,2561800
2007-10-22,50.93872833251953,51.040076696854705,50.713509267808426,51.00066368270749,1866500
2007-10-23,50.8712158203125,50.96693262925026,50.73045429103897,50.82054373171049,1046600
2007-10-24,51.248416900634766,51.45674535273937,50.989416398279104,51.073874111061926,2829300
2007-10-25,51.07386779785156,51.33849992720111,51.06823613884277,51.270932906187234,3062200
2007-10-26,50.95565414428711,51.23717709536052,50.86556473800795,50.88245972345978,1366500
2007-10-29,51.15271759033203,51.23154367026361,50.944393362955346,50.95565239050307,881000
2007-10-30,51.124610900878906,51.242850120288246,50.910650536107234,51.08519782774246,1439600
2007-10-31,50.66284942626953,51.068238685476935,50.53334703679263,50.95563127386889,2498500
2007-11-01,51.321109771728516,51.46814666621191,50.87434697607513,50.87434697607513,2563400
2007-11-02,51.48514175415039,51.76790285496541,51.01575729129538,51.15148141160083,1927700
2007-11-05,51.4625244140625,51.683077744955376,51.349421690637755,51.55301004447616,1021500
2007-11-06,51.21369934082031,51.5473597494448,51.16846083482122,51.23632075111628,575800
2007-11-07,51.30415344238281,51.32677483877211,51.07794379308009,51.202359315926095,1456100
2007-11-08,51.21369934082031,51.428600581335594,51.14018299330305,51.26459859263446,2179600
2007-11-09,51.64912414550781,51.79615675572893,51.42291448762639,51.48512225140855,887200
2007-11-12,51.83576583862305,52.02238488162916,51.66045102636801,52.02238488162916,460600
2007-11-13,51.643470764160156,51.73960847218935,51.558641598126485,51.70002210331906,1116600
2007-11-14,51.700035095214844,51.75093433346195,51.4172740137736,51.434238988325404,684400
2007-11-15,52.18637466430664,52.3447201497339,51.73961172208492,51.8074759220927,1312900
2007-11-16,52.259849548339844,52.42384700427267,52.146742647332765,52.180672560341335,1333800
2007-11-19,52.59922409057617,52.83108596247924,52.25991161375164,52.333427950776084,1343900
2007-11-20,52.54266357421875,52.75756043202191,52.48045579427204,52.6444534163954,1367800
2007-11-21,52.8480339050293,52.92155453294863,52.72927479214904,52.81976039125258,1297800
2007-11-23,53.00639343261719,53.04597981084323,52.76887084866931,52.84239149008312,437400
2007-11-26,54.05261993408203,54.49372661705642,53.226957932562094,53.28350929699092,4427000
2007-11-27,53.53792953491211,53.865933102691955,53.153374669312015,53.70193131880203,3100300
2007-11-28,53.176055908203125,53.54930266021387,53.06860530118325,53.4757820071614,2088100
2007-11-29,53.634117126464844,53.96212099974129,53.53232728433576,53.62280858220322,1594500
2007-11-30,53.37395477294922,53.379611199971194,53.01202110615656,53.0911938261056,1952100
2007-12-03,53.79753875732422,53.99626230852775,53.53067956063012,53.8032178107439,1272700
2007-12-04,53.79181671142578,53.973507289004736,53.456826468826655,53.88266416613779,1721200
2007-12-05,53.15026092529297,53.638555514952884,53.12186999237276,53.49660951404822,1866000
2007-12-06,52.68467330932617,52.99695188312653,52.54272732164026,52.98559811012468,2270200
2007-12-07,52.09419631958008,52.43486594685324,51.88411462236778,52.33834367996489,2171000
2007-12-10,51.78190994262695,52.06012727998952,51.52640882170523,52.03173634128753,2242500
2007-12-11,52.79823303222656,52.93450431137698,51.99765984349657,52.08282831000355,2892400
2007-12-12,52.253177642822266,52.60520539557582,51.82166045103557,51.923861777199534,2225400
2007-12-13,51.6854248046875,52.13397510088293,51.61161437563718,52.014740870023715,1222100
2007-12-14,51.4468879699707,51.62289955324527,51.3844314084514,51.549089222289,1354900
2007-12-17,51.906829833984375,51.97496549654403,51.62861679260257,51.70810623299737,2046200
2007-12-18,52.24177551269531,52.40643329310731,51.98059555020074,52.003303084465024,1417100
2007-12-19,52.93452835083008,53.12189386401699,52.16801613601499,52.46326637640972,2252400
2007-12-20,52.82096862792969,53.297909655399415,52.81528957245323,52.9515609127875,1659400
2007-12-21,52.04875183105469,52.758481743658294,52.04307711068414,52.74712797106959,1767600
2007-12-24,51.80461883544922,51.93521108134788,51.71377563417742,51.79326505973354,550300
2007-12-26,51.35036849975586,52.02602827927863,51.25952101204211,51.679679813101586,674700
2007-12-27,51.91017532348633,51.96718536638222,51.59664183383714,51.80756333523163,468600
2007-12-28,52.71966552734375,52.77667121416841,52.16099935824981,52.24651006311436,1967800
2007-12-31,53.03892135620117,53.17573592731973,52.78809101810314,52.89070303375626,1647600
2008-01-02,53.80280685424805,54.002333357037564,53.13012905858274,53.15863408734032,2959600
2008-01-03,53.72869110107422,53.802798074791795,53.39805195816923,53.586174679055446,1256700
2008-01-04,53.7401008605957,54.03653751112195,53.700196428708345,53.87121790780094,2420200
2008-01-07,53.97380447387695,54.030810156940966,53.60326101007859,53.68877170930203,1315500
2008-01-08,53.9111213684082,53.99093023074506,53.54627961222353,53.83701438174022,1604800
2008-01-09,54.01374435424805,54.32728234086232,53.93963735252907,54.03654751229796,2203500
2008-01-10,53.28404998779297,54.12774491983544,53.19283737391983,54.082142962155686,2681800
2008-01-11,53.70018768310547,53.74579398333698,53.2441377285589,53.31254282964999,1872900
2008-01-14,53.899662017822266,53.899662017822266,53.58612444361099,53.70013573464129,906100
2008-01-15,54.50402069091797,54.5154200993531,54.19618447205876,54.247492683164914,1435300
2008-01-16,54.110633850097656,54.66359826118196,54.00232432729418,54.54388498907959,3505100
2008-01-17,54.81182861328125,54.89163747890367,54.11634762777991,54.13344890623372,2940500
2008-01-18,54.43557357788086,54.59519128123317,54.28165774943577,54.469780478067946,2676800
2008-01-22,55.01704788208008,55.07975546381059,54.32726883230101,54.96004217575868,5423500
2008-01-23,54.891605377197266,55.95762938637456,54.65787644366597,55.85501742640426,7636600
2008-01-24,53.79145050048828,54.583842222408,53.78004674015635,54.46983071465014,5676700
2008-01-25,54.69778823852539,54.726293255964876,53.66026910285125,53.69447599362965,4371100
2008-01-28,54.492610931396484,54.72634009653631,54.36149817716677,54.54391913685154,1633500
2008-01-29,54.122074127197266,54.338697668262704,53.91684999386835,54.31589450353072,3100200
2008-01-30,53.76857376098633,54.02510147708116,53.35242406346671,53.97949954592836,3468000
2008-01-31,54.150543212890625,54.40137352927106,53.94531919935325,54.327266549093395,11441000
2008-02-01,54.47606658935547,54.57331358342332,54.09279157939026,54.34449378933018,4163700
2008-02-04,53.91542434692383,54.149965688318204,53.84677714262922,53.9955105697483,1729600
2008-02-05,54.327301025390625,54.69341073425222,54.21288901363888,54.57900308687247,2594600
2008-02-06,54.161376953125,54.25862383609829,53.97832219984664,54.13277287490012,1339800
2008-02-07,52.99445343017578,54.07562231292274,52.65694766961538,54.07562231292274,5419700
2008-02-08,53.60082244873047,53.61798753130224,53.25187329746067,53.34340294701454,2832800
2008-02-11,53.823890686035156,54.172839643925116,53.61795781741022,53.93258099355312,2960200
2008-02-12,53.503509521484375,53.572156674036,53.17744318450906,53.38338027779542,2897700
2008-02-13,52.93722152709961,53.44062123626915,52.85713530892198,53.16031947264749,3697500
2008-02-14,52.15929412841797,52.68557681026723,51.86183133218291,52.5139651693388,7505000
2008-02-15,52.559715270996094,52.66840567717408,52.31945640253728,52.40526438823698,3687800
2008-02-19,52.027671813964844,52.45670705497403,51.85033864428014,52.136362138286266,2911600
2008-02-20,52.3880729675293,52.3880729675293,51.80458249816402,51.8389082909562,2550100
2008-02-21,52.94296646118164,53.11457799074372,52.65694288087136,52.67410359739022,4197200
2008-02-22,52.6397590637207,53.114559085488125,52.55395551166677,52.908621831814834,1959700
2008-02-25,52.10206604003906,52.70843474546108,51.85608554105903,52.59974436831024,3460900
2008-02-26,52.11920166015625,52.25077002393937,51.90182537491291,52.03339373869603,2618900
2008-02-27,52.16500473022461,52.382381174915,51.83321618487451,52.30229488664089,2494400
2008-02-28,53.09169387817383,53.10885459414242,52.73702744316073,52.82283102300368,3410900
2008-02-29,53.904029846191406,54.03559830761659,53.49787234081255,53.572241297977186,3822000
2008-03-03,53.76504898071289,54.08658140663259,53.541123986868705,53.78227330630848,2036900
2008-03-04,53.242549896240234,54.04064230624732,53.12771377719783,53.93729198938417,3401100
2008-03-05,52.60523223876953,53.43203052776353,52.536330556123886,53.43203052776353,3871200
2008-03-06,52.88658142089844,53.0760577925353,52.633946258715945,52.720072280419195,1342600
2008-03-07,52.95549774169922,53.59856286953409,52.674152367718825,53.56411420355798,3601300
2008-03-10,53.7363166809082,54.04636755536272,53.173635167695494,53.23105102284286,3579000
2008-03-11,53.2769889831543,53.414787920732394,52.94397086850377,53.39756360110378,3309200
2008-03-12,54.304805755615234,54.36222167449737,53.38039500578528,53.47225959988594,4752900
2008-03-13,53.879886627197266,54.65501640812284,53.54687274133394,54.56314748750452,5763500
2008-03-14,54.545867919921875,55.01094181304307,54.32768602523903,54.32768602523903,6174800
2008-03-17,54.96506118774414,55.29807503570071,54.72390748884704,54.88467370107795,3329300
2008-03-18,54.75262451171875,55.211960359251975,54.517213685206364,54.71817585634671,4022300
2008-03-19,55.65983200073242,55.9641402560792,54.61484670359948,54.61484670359948,5206400
2008-03-20,55.79758071899414,56.124855918437234,55.619590250337964,55.6942304254569,3905900
2008-03-24,54.71816635131836,55.39568419943583,54.66074609493764,55.39568419943583,5596200
2008-03-25,54.94782257080078,55.01672424099377,54.70667329595023,54.76408916416941,2038200
2008-03-26,54.71816635131836,55.23491361434056,54.67797480018218,54.99376430752346,1652000
2008-03-27,54.33350372314453,54.75264819385228,54.281830717736376,54.339246628374276,2405700
2008-03-28,54.86170196533203,54.867440485874276,54.4023662500509,54.59758108168786,1745500
2008-03-31,55.05694580078125,55.30383811121063,54.93062819350775,55.18326340805474,2546300
2008-04-01,54.16086959838867,54.691348685976386,54.07437739082675,54.66828380401478,3821800
2008-04-02,54.27618408203125,54.69711043640857,54.195459202974114,54.195459202974114,3794200
2008-04-03,54.39729690551758,54.587578952158246,54.270446606935174,54.48955646722628,2839100
2008-04-04,54.893157958984375,55.10073748632515,54.772070634564955,54.87586039823534,1745200
2008-04-07,54.60486602783203,54.650995799822525,54.143581505458705,54.55874065501873,2231800
2008-04-08,54.41459274291992,54.916239755871835,54.351165401184794,54.881644623717236,1305200
2008-04-09,54.97966384887695,55.146880976372636,54.51837931708841,54.52414223932196,2883600
2008-04-10,54.795143127441406,55.06615001462776,54.529903561031325,54.956592915762606,1846500
2008-04-11,55.16419219970703,55.30834447642781,55.04887213800175,55.12382973819234,1987700
2008-04-14,54.84129333496094,55.18149060154881,54.77209865738683,54.97391096800493,3195300
2008-04-15,54.16086959838867,54.53566623170606,54.14357203671157,54.44340670385963,2821600
2008-04-16,53.630428314208984,54.23586539555453,53.29599388879173,54.085950155895354,4691100
2008-04-17,53.53810501098633,53.72838689547928,53.1863734302597,53.61306694079074,2020000
2008-04-18,53.49201583862305,53.55544318155832,52.94423903964854,53.048028837253746,2199700
2008-04-21,53.705352783203125,53.78607767755328,53.221003417102224,53.284430748259744,2805800
2008-04-22,53.88979721069336,54.010884394381804,53.572665367463,53.572665367463,1799700
2008-04-23,53.71110916137695,53.987878914426105,53.35361013124791,53.676509642863884,1221100
2008-04-24,53.255592346191406,53.31325234984928,52.93845572730866,53.19793234253353,3213600
2008-04-25,52.9442138671875,53.19215579918324,52.75969924797037,53.12872848640464,1742000
2008-04-28,53.10568618774414,53.24983843277015,52.70782898291301,52.77701924505195,1883900
2008-04-29,53.307464599609375,53.54387624293092,53.13448465493043,53.26710217260017,1269100
2008-04-30,53.688079833984375,53.73997254735313,52.96155105256997,53.29021810144192,2827500
2008-05-01,53.691524505615234,54.19499264964031,53.46004474692178,54.07346676972581,3226500
2008-05-02,53.01442337036133,53.47738265647531,52.97391476395938,53.112800783750785,2730800
2008-05-05,53.01442337036133,53.164885800614414,52.742435120902385,53.15909759538358,1309300
2008-05-06,52.632503509521484,53.28643410826852,52.53991426228747,53.24592548477074,4037500
2008-05-07,52.85820388793945,52.910288935500475,52.44154558299915,52.50520263273508,3876200
2008-05-08,53.33274459838867,53.35588860479292,52.904505423040746,52.916081841352835,2829500
2008-05-09,53.529518127441406,53.74363778939131,53.361695324579834,53.66262049354248,2064300
2008-05-12,53.4484748840332,53.911434419941166,53.44268667567929,53.67995465198719,1947400
2008-05-13,52.86397171020508,53.26906227186157,52.8408232996726,53.1417482214869,2123300
2008-05-14,52.88711166381836,53.24590534703696,52.49938578339147,53.24011714155244,2600900
2008-05-15,53.367496490478516,53.431153583399585,52.71356533867344,52.75986220900014,2164300
2008-05-16,53.14753723144531,53.75517092604081,53.11281681979127,53.170685644250774,1902600
2008-05-19,53.2170295715332,53.39064061368078,52.83509145996562,53.39064061368078,1348200
2008-05-20,53.494754791259766,53.52947520017669,53.18225786568362,53.494754791259766,1466000
2008-05-21,53.506317138671875,53.62784296307037,53.15909986680372,53.269053695353044,1762100
2008-05-22,52.875572204589844,53.19964126942224,52.56885893667648,53.19964126942224,2855900
2008-05-23,53.107059478759766,53.413772815363394,53.06655083658357,53.141784325704265,1802000
2008-05-27,52.748233795166016,52.98549727543698,52.64985636225143,52.88133163614275,1985800
2008-05-28,52.27951431274414,52.46470169557404,52.16377661358567,52.39525642701283,3250700
2008-05-29,51.903316497802734,52.14057988580124,51.58503149732241,52.08849929396234,3302400
2008-05-30,52.24476623535156,52.33735987776111,52.11745218459237,52.15796079936958,2514600
2008-06-02,52.446292877197266,52.64376294266299,52.05134831510914,52.260436873341476,3076400
2008-06-03,52.82383728027344,53.09100957952026,52.16172464389072,52.306924861187966,2447700
2008-06-04,52.353416442871094,53.07941789612942,52.21402540457064,53.07941789612942,2813000
2008-06-05,52.03971481323242,52.28945916180418,51.952593867236615,52.16749160987221,2632200
2008-06-06,52.713504791259766,52.905165770996085,52.394062439765264,52.5276486316158,3864800
2008-06-09,52.713504791259766,53.07940785929497,52.382448368420185,52.55088120546634,1812000
2008-06-10,52.370819091796875,52.6844521275157,52.09784194416237,52.649605489488984,1935300
2008-06-11,52.248863220214844,52.690273269871355,52.10366295411893,52.30113762021281,2265400
2008-06-12,51.72611999511719,52.06298553669532,51.5867290380071,52.01652040727241,4413100
2008-06-13,51.61576461791992,52.004900059732975,51.50541105665785,51.673843807104866,1983600
2008-06-16,51.62739181518555,51.795824608474966,51.470577521383255,51.7551687225885,1756800
2008-06-17,51.73194122314453,51.848099642440836,51.45315481320988,51.77840636332692,1712200
2008-06-18,52.16753387451172,52.25465489109047,51.74354729044658,51.859710122937905,2590000
2008-06-19,51.85970687866211,52.12687472994003,51.70869742144983,51.993288588721725,1700500
2008-06-20,52.16175842285156,52.312767987356125,52.09206510935857,52.237265420684764,4580900
2008-06-23,52.27210235595703,52.52184702223749,52.173367226096644,52.318567510418745,1594100
2008-06-24,52.62053680419922,52.74250440617989,52.35336904302861,52.49275995512693,3118400
2008-06-25,52.64381408691406,52.713511817756114,52.16174808536871,52.64962333894114,3251600
2008-06-26,52.998085021972656,53.10843861697574,52.73091712510788,52.85288478903575,4052300
2008-06-27,53.61955261230469,53.68925033333205,53.11425410496706,53.27688212069758,4144800
2008-06-30,53.63117218017578,53.90995866169749,53.48016708254728,53.67183251164591,3743000
2008-07-01,53.504146575927734,54.07538347021959,53.44002751370975,54.02875506355046,3805100
2008-07-02,53.783878326416016,53.847997321303005,53.55072319644407,53.603181766543045,2413700
2008-07-03,53.667293548583984,53.80136173273332,53.35835904045761,53.457450402092775,1405100
2008-07-07,53.91214370727539,54.29685787205868,53.381709735798445,53.66732802813218,3528400
2008-07-08,54.2618408203125,54.29098742834505,53.871301176705124,53.917933970698,2176600
2008-07-09,54.50084686279297,54.582452053125735,54.16276567590044,54.17442610146188,1582000
2008-07-10,54.49503707885742,54.65242175289121,54.17444641012553,54.40177587515122,2723600
2008-07-11,53.719783782958984,54.64075756245991,53.54491292321222,54.51251952493238,5466000
2008-07-14,54.19187545776367,54.360915936311024,53.79550575392935,53.84796429185112,4135400
2008-07-15,54.17437744140625,54.45999535102562,54.03447914322321,54.25015235089639,4541400
2008-07-16,53.195167541503906,53.76640396157958,53.16602092027249,53.67314277850907,3435900
2008-07-17,52.92121124267578,53.39918653324878,52.78714299599593,53.19517350321467,5899900
2008-07-18,52.72303771972656,53.16021051822231,52.63560671774875,52.90373883383461,3475200
2008-07-21,52.92701721191406,52.98530598705821,52.6064222778985,52.72299982818681,3657200
2008-07-22,52.66469955444336,52.90368926164736,52.47817284641848,52.83374007845771,2675200
2008-07-23,52.559791564941406,52.67637356700515,52.314976031330524,52.58893817724451,2871900
2008-07-24,53.072750091552734,53.18932766099111,52.66471970421999,52.66471970421999,2613300
2008-07-25,52.54232406616211,52.95035010065185,52.46071885926417,52.78131392004199,3765300
2008-07-28,53.072750091552734,53.317565655662854,52.86873267431176,53.01445685968434,1275900
2008-07-29,52.857093811035156,53.037790436317884,52.64142034587626,52.845437829176866,1349100
2008-07-30,52.909549713134766,53.21265859186486,52.478207251873165,52.51317964282263,1667500
2008-07-31,53.434120178222656,53.655623690626925,53.20096069276161,53.46326678158552,3898700
2008-08-01,53.55230712890625,53.564005472366254,53.136946754723944,53.218848548883095,1804800
2008-08-04,53.42945098876953,53.61080431222793,53.24224626230233,53.28904409643457,2029900
2008-08-05,53.031654357910156,53.58741728071459,53.01410460757312,53.44116341015406,2191200
2008-08-06,52.81517028808594,52.891225118799994,52.546063838071696,52.891225118799994,3139500
2008-08-07,53.67520523071289,53.762958502500034,52.90298447295629,53.01998585979461,2765600
2008-08-08,53.82144546508789,53.86824779320981,53.552338773360326,53.75709337974916,1035400
2008-08-11,53.306617736816406,53.69272567319995,53.00240715584574,53.69272567319995,3939400
2008-08-12,53.8038444519043,53.838943932900555,53.64588786079828,53.710239884832376,1315000
2008-08-13,53.616695404052734,54.02620465154653,53.50554098116897,53.99695654147757,1940300
2008-08-14,53.961822509765625,54.17242842356767,53.8623709569462,53.97352531792883,2605300
2008-08-15,54.429832458496094,54.52343260003736,54.15487451087756,54.21337515725501,1964900
2008-08-18,54.64628219604492,54.72233257947801,54.383022628814835,54.45322607273871,1262200
2008-08-19,54.43571090698242,54.716515934429545,54.342106255623094,54.6638666655265,1944700
2008-08-20,54.587764739990234,54.82177170346275,54.49416463258818,54.62871562384955,2500000
2008-08-21,54.48834228515625,54.774998625021304,54.26018660152493,54.774998625021304,2267000
2008-08-22,54.45320510864258,54.50585432383146,54.19579704333456,54.47075484703887,1990000
2008-08-25,54.99729919433594,55.18450394445222,54.903694587621146,55.06165124562403,2028300
2008-08-26,55.04410934448242,55.108461410162256,54.82180504878846,54.968058932003665,1270900
2008-08-27,55.13766860961914,55.16106974727886,54.66380784611418,54.693055920705845,1555300
2008-08-28,55.14352798461914,55.23128114770611,54.810069535537664,54.93877357962372,1886500
2008-08-29,54.89780044555664,55.085009513242674,54.70474890529763,55.00310331447512,1739100
2008-09-02,55.40866470336914,55.43215095166601,54.510332504303285,54.59253661311424,2916000
2008-09-03,55.64350891113281,55.713967644226855,55.34406937445503,55.349937575888895,2105000
2008-09-04,56.08979034423828,56.10740392387657,55.667046514730494,55.77860515850261,3049800
2008-09-05,56.060367584228516,56.54769245228392,56.01926778862043,56.37742059060991,4167800
2008-09-08,56.29524612426758,56.295246124267585,55.520217861514496,55.71984872895137,5426200
2008-09-09,56.85306167602539,56.88241614031733,56.095646616377174,56.26591863563569,3890200
2008-09-10,56.50074768066406,56.753219237328466,56.26001700776712,56.353961996081125,2407900
2008-09-11,56.47140884399414,56.87066622729398,56.3657229343105,56.82956640016952,3592000
2008-09-12,55.74333190917969,56.559459940970605,55.631773357647106,56.489001201127365,4138200
2008-09-15,57.55171203613281,57.63978431646352,56.406785830460365,56.530085231106455,5889900
2008-09-16,57.539974212646484,59.21920238986875,57.48713352936628,59.13113010485926,6684400
2008-09-17,57.82768249511719,58.350239132763036,57.381457274357906,58.08015403192139,4371300
2008-09-18,56.98222351074219,57.82770628922907,56.90589206244786,57.510648567467086,4188300
2008-09-19,55.173797607421875,55.790294725327925,55.01526657742954,55.10921155513509,7169200
2008-09-22,55.1679573059082,55.1679573059082,54.36944244491473,54.56320071549676,4726300
2008-09-23,54.95655059814453,55.250121920228146,54.680592838659074,54.96242327885821,2236000
2008-09-24,55.19725799560547,55.631742115108985,54.95652746265856,55.17377176218082,1014900
2008-09-25,55.08570861816406,55.537806367629955,54.69232422220077,55.537806367629955,1881200
2008-09-26,55.4849967956543,55.65526875193759,55.23252520248172,55.23252520248172,1992800
2008-09-29,57.099639892578125,57.49889719388795,55.87251353504227,55.878381738036985,4799800
2008-09-30,55.708106994628906,57.12312328628885,55.54370772811361,56.97633758696532,1358100
2008-10-01,56.4089469909668,57.06856461851827,55.92012333376198,56.562073394256466,1767800
2008-10-02,56.86247634887695,57.03915663960423,56.57978159312034,56.87425323761316,931900
2008-10-03,57.363033294677734,57.59272064193475,56.23815031781838,57.35125192168764,1903100
2008-10-06,58.40546798706055,58.81184003754593,58.08155207875182,58.15222235307772,2906200
2008-10-07,58.22874069213867,58.69989194843111,57.704582279714714,57.904820552652296,1972000
2008-10-08,57.3924446105957,58.85891466520636,56.93896086435193,58.70578835766867,3386300
2008-10-09,56.90951919555664,57.53968756876008,56.66805507719704,57.345339934613406,1785400
2008-10-10,56.50901794433594,57.074406567014755,56.24988635998792,56.897722060768416,2200000
2008-10-13,55.78471374511719,56.50911153527987,55.513800348584056,56.014401287684,1532100
2008-10-14,55.4254035949707,56.10268866874914,55.30172615435882,55.50785522204529,2100000
2008-10-15,55.95546340942383,55.97313097662234,55.019041908404446,55.431304613905894,1449500
2008-10-16,55.666873931884766,56.10858105134832,55.46663552783433,55.94367777900627,1063200
2008-10-17,55.2840576171875,55.890667931389864,54.7834526845491,55.766990492955294,1691800
2008-10-20,55.72576904296875,55.9142305581872,54.98369986098743,55.03081636311128,1146800
2008-10-21,56.020233154296875,56.53261044509437,55.796432044958785,56.002561098341474,1243700
2008-10-22,57.15692138671875,57.41605325781519,56.45018707295365,56.60920420319421,1069800
2008-10-23,57.58095169067383,58.24056942882106,57.0214576714327,57.68696160406753,1802000
2008-10-24,56.96839904785156,58.33474520539221,56.80349140521015,58.19928647939808,1495400
2008-10-27,57.009647369384766,57.84005412644163,56.70928537529902,57.58091793599309,1534100
2008-10-28,56.17929458618164,57.06860012533505,56.03794946850648,56.644560279029314,1505500
2008-10-29,55.896549224853516,56.54438524301312,55.61385477502025,56.403035771458555,1745800
2008-10-30,55.39005661010742,55.83176358628602,55.24282095138122,55.655078998504294,1326000
2008-10-31,54.671566009521484,55.9024544129775,54.56555611646922,55.73755113340228,2282500
2008-11-03,54.81939697265625,55.05591776494797,54.606528710719594,54.825311233059736,1111600
2008-11-04,55.84822463989258,56.00196374185368,54.74840743212522,54.96718982679077,1608800
2008-11-05,56.51049041748047,56.5696194624907,55.818671117221186,56.108406595651175,1931700
2008-11-06,56.10249328613281,56.20301762673213,55.46980302018872,55.9369301528027,919700
2008-11-07,55.735904693603516,55.88963935014347,55.316082495344695,55.88963935014347,1277100
2008-11-10,56.0079345703125,56.23262693762722,55.392982052583974,55.463939673912165,1352100
2008-11-11,56.1734733581543,56.65242468739467,56.14982082802085,56.29764575791073,696000
2008-11-12,56.53413391113281,56.80613108375662,56.26805099544282,56.51639565158765,1199400
2008-11-13,55.18006896972656,56.32127718125102,55.13867818531924,56.120237517346055,1631900
2008-11-14,56.27399826049805,56.445475735857016,56.049305971023834,56.23852171775455,1059300
2008-11-17,56.522315979003906,56.782489197724274,56.34492883908673,56.57553527885902,490300
2008-11-18,57.24961471557617,57.356048801018034,56.74109680860474,56.98944150421676,924800
2008-11-19,58.71603775024414,58.75742853168915,57.48021954208848,57.63395866370859,2090400
2008-11-20,61.749412536621094,61.7553267953067,59.780383941269186,60.20612034148123,5459800
2008-11-21,60.8565559387207,61.483336604925654,59.987344773648026,61.051685896442756,3249300
2008-11-24,59.90455627441406,60.48403182134209,59.72125485657552,60.401250244817746,1587300
2008-11-25,61.66666793823242,61.77310210210826,60.71467472558187,61.46562362368458,2632700
2008-11-26,61.749412536621094,62.45306044870809,61.548368342628706,61.92088994844303,2577600
2008-11-28,62.51215744018555,62.659982252705376,62.05094474692453,62.23424607084743,986400
2008-12-01,64.9061050415039,65.50533085349633,63.5593305104436,63.92717294951481,4031600
2008-12-02,65.1552963256836,65.48160858134644,64.1882324543339,64.40774749318291,3289300
2008-12-03,65.33920288085938,65.74264135363703,64.4077352413301,65.42226334350867,2951000
2008-12-04,66.62667083740234,66.73939320121995,65.48161748428919,65.93251599247404,2825400
2008-12-05,65.54688262939453,67.04197603245946,65.51128204200575,66.4190178074156,4557600
2008-12-08,65.40453338623047,66.00375979877887,65.07822537950604,65.54692677878047,2119500
2008-12-09,66.6978988647461,66.76316135988742,65.41045605415744,65.60624353958143,2055500
2008-12-10,66.53770446777344,66.53770446777344,65.92661437908353,66.07493739192901,2414900
2008-12-11,66.66822814941406,66.70382422333921,65.77829008961311,66.55550121337238,2416900
2008-12-12,66.66822814941406,66.7809505589967,65.46384150625784,66.76908670984133,2547100
2008-12-15,67.42757415771484,67.59962922128712,66.47830874356995,66.65629346259144,1707700
2008-12-16,69.09478759765625,69.3558375330024,67.61749174613402,69.09478759765625,4015100
2008-12-17,70.96956634521484,71.86543369911243,70.75598093630302,71.6518482902006,6407500
2008-12-18,72.4587173461914,73.06387744553044,71.46198705885946,71.63404220371247,4442000
2008-12-19,72.53588104248047,72.96898166679823,71.95445289200033,72.04938178451086,2668500
2008-12-22,71.97811126708984,72.61293287344941,71.62807151962289,72.61293287344941,2221400
2008-12-23,71.88325500488281,72.08497209566036,71.13570587870466,71.27809467963341,1746400
2008-12-24,71.72896575927734,71.97814718110544,71.56284481139195,71.62810725898355,717200
2008-12-26,71.96626281738281,72.36376704739433,71.90693004452314,72.1383133740197,454400
2008-12-29,71.8799819946289,72.6300352523137,71.7966432483996,72.28477213700884,1416000
2008-12-30,72.56455993652344,72.57646352623762,71.47519754200924,71.72521380059963,2590500
2008-12-31,71.0466079711914,72.6240995668281,70.74896821886834,72.27288683906552,2738000
2009-01-02,69.26072692871094,71.70137049079396,69.26072692871094,71.46326246844004,3464200
2009-01-05,67.47489166259766,69.14762918516706,67.02843229402076,68.81426976832834,5395200
2009-01-06,66.79632568359375,67.42137110188293,66.07603788765107,66.44511288741325,4109300
2009-01-07,67.05821228027344,67.07606993214196,66.31411317494776,66.6474681208151,2565600
2009-01-08,67.00462341308594,67.21892428238482,66.66531446029931,67.05224683773451,2603600
2009-01-09,67.1058578491211,67.47492822047023,66.23674581078185,66.34985036541957,2727900
2009-01-12,67.80237579345703,67.89166867924267,66.41537265357807,66.41537265357807,2462800
2009-01-13,67.8737564086914,67.90947626163548,67.24276168667767,67.56421311344546,1767400
2009-01-14,68.99286651611328,69.07620524842724,68.24876744786707,68.24876744786707,2494800
2009-01-15,69.10602569580078,69.60010899043266,68.8024362858094,69.1715068332399,2827200
2009-01-16,68.04043579101562,69.10598189774949,67.48087171358566,67.51658702350798,2994800
2009-01-20,68.02851104736328,68.23685787373392,66.80819132626657,66.84390662746719,3268300
2009-01-21,65.87958526611328,67.2903994037084,65.71886178944615,66.62963875434559,2838100
2009-01-22,64.61158752441406,65.93905723985192,64.21870117817198,65.83786089307513,4016600
2009-01-23,64.10565185546875,64.4806763116107,63.510372345745004,64.24256359939676,2676200
2009-01-26,63.546058654785156,64.18300725776317,63.27818481434045,63.95084871827904,2240900
2009-01-27,65.04023742675781,65.23667620403945,64.06992896517905,64.17112992867675,3420800
2009-01-28,63.41510009765625,65.3676153824844,62.93292534082087,65.06997574658693,4348100
2009-01-29,61.956634521484375,63.28410404343806,61.70661845119955,62.8376448286646,3724400
2009-01-30,61.76021194458008,62.426926228988926,61.575676861003664,62.236437082246326,2630000
2009-02-02,62.90933609008789,63.08244326502858,61.71549727322825,62.091554861050916,2700200
2009-02-03,61.411048889160156,62.57504412291154,61.33345102856298,62.2586776589193,2846400
2009-02-04,61.196136474609375,61.40506177678491,60.658912995102966,61.33342985425638,2305400
2009-02-05,61.24986267089844,62.00794784308069,61.011094145584146,61.62592002423015,2279500
2009-02-06,61.05881118774414,61.39905464684906,60.82601327120541,61.03493389449299,1667500
2009-02-09,61.25584411621094,61.2856873408927,60.324647155986014,60.70070913085572,2257300
2009-02-10,62.58694839477539,62.65260984087609,61.75126098869101,62.14522966529521,3782800
2009-02-11,63.39875411987305,63.57186114271967,62.9928490966088,63.10029467788844,2774200
2009-02-12,62.80180358886719,63.3808153432029,62.521251126116695,63.261433448219755,1818400
2009-02-13,61.130516052246094,62.0497678922216,61.02307038139872,62.0497678922216,2466800
2009-02-17,63.034664154052734,63.07048240146748,62.2885151831143,62.407901750943594,2813900
2009-02-18,62.49742889404297,63.6076988011738,62.2586648937351,63.30923924665758,2768600
2009-02-19,61.43492889404297,62.115416483319244,61.02305770314366,61.297640015120706,3219400
2009-02-20,62.03178024291992,62.771962590949954,61.661693623032434,62.240700843522134,4272000
2009-02-23,62.604896545410156,62.604896545410156,61.58416505628278,61.84084054565162,2688700
2009-02-24,62.53923797607422,63.67935611473158,62.53923797607421,63.09437315090252,4197100
2009-02-25,61.81693649291992,62.968990462686236,61.500570119286294,62.819760697452935,3908100
2009-02-26,61.166297912597656,61.63786452501815,60.87380884306686,61.40506645174021,2611100
2009-02-27,60.81414031982422,61.48866208423407,60.41420545764598,61.22601611903851,3267700
2009-03-02,61.8209114074707,61.8209114074707,61.10860470361357,61.18642248477045,3302000
2009-03-03,61.40786361694336,61.99446966660649,60.94097541760385,61.19238061989893,3084900
2009-03-04,61.12660598754883,61.20441925307392,60.55197335724436,60.74950004154257,3178400
2009-03-05,62.826499938964844,63.11381826154621,61.91666695653521,62.263837364243344,4562400
2009-03-06,62.40758514404297,63.43115037782287,62.305823671594396,62.407585144042976,3125900
2009-03-09,62.04238510131836,62.58110425653624,61.72514064512648,62.55716067555199,2070500
2009-03-10,60.85118103027344,61.50362606361981,60.761393801498464,61.31208210672501,2602600
2009-03-11,61.5096435546875,61.5096435546875,60.414248868111166,60.62973649716784,3101500
2009-03-12,61.80295944213867,62.23393480525156,61.24029665510001,61.44980186594822,3558900
2009-03-13,61.491695404052734,62.18005393698726,61.2522641650111,61.50366491095785,2504000
2009-03-16,60.522010803222656,60.725524421170014,60.15687913170835,60.34842324080013,3265600
2009-03-17,60.19277572631836,61.25225735712078,60.09101894523602,60.88712578568837,3076200
2009-03-18,62.47340774536133,64.68813814606257,60.396347331132425,60.52803484290566,8578800
2009-03-19,62.55118179321289,63.245532031963094,62.383581271244694,63.22158844785739,3650900
2009-03-20,62.2039794921875,62.85044228023754,62.120179267822095,62.622985180784255,3479700
2009-03-23,61.66526412963867,62.50327098935866,61.63533808590188,62.425457795519016,2097000
2009-03-24,62.251869201660156,62.94621916557438,61.01281775695175,61.168448708651475,5477100
2009-03-25,61.41387939453125,62.084285969805045,61.24029185539505,61.82689817960602,2549600
2009-03-26,62.12626647949219,62.287880153716586,61.15058825583456,61.31818897481603,2385300
2009-03-27,62.58710479736328,62.808579560335275,61.98852880024459,62.341691013266285,1853900
2009-03-30,62.826499938964844,63.371205974794364,62.21595478278795,63.11381826154621,2300100
2009-03-31,63.27546310424805,63.3293373144506,62.85047472791007,62.874418313914305,1094600
2009-04-01,63.85295104980469,63.96700321787696,63.34870426199096,63.70287830983793,2383400
2009-04-02,63.072509765625,63.67280014298124,62.93444096369814,63.564747691863026,1766300
2009-04-03,61.78194808959961,63.12660321553448,61.62587572843855,62.97653046682489,3316800
2009-04-06,61.51782989501953,62.18414875870408,61.36175293692988,62.15413695359356,1418100
2009-04-07,61.673892974853516,62.016058644556,61.51782062015178,61.55383661279732,1312600
2009-04-08,62.22012710571289,62.34618759327313,61.79992090065786,61.871957427772664,1007800
2009-04-09,61.43975067138672,61.9379930389202,61.217646049124525,61.51178720230807,1088800
2009-04-13,62.0040397644043,62.136104478469406,61.787934701362396,61.80594269330663,946600
2009-04-14,62.32820510864258,62.55631400139108,61.78794238386342,61.98003528824533,1336000
2009-04-15,62.22012710571289,62.61031694617319,61.75790073813778,62.50826405446366,1152500
2009-04-16,61.727901458740234,62.10007880792989,61.697885088064545,61.73990525909741,1055600
2009-04-17,61.049617767333984,61.65591320697339,60.85152513723251,61.511844590574476,2582800
2009-04-20,61.97399139404297,62.070040074629595,61.49976133831609,61.60781381404947,1714400
2009-04-21,61.3617057800293,62.55628279002038,61.3617057800293,62.45423448732625,909100
2009-04-22,60.989532470703125,61.56581097674271,60.69539131842192,61.49977863523098,2278100
2009-04-23,60.98357009887695,61.07961887233955,60.59338455129354,60.83950151854065,1688300
2009-04-24,60.37120819091797,60.617329464850094,60.08907095684065,60.503272817920326,2830000
2009-04-27,60.629364013671875,60.74342071845906,60.06508925927822,60.671384181774286,2294600
2009-04-28,59.63888168334961,60.9775319943738,59.482804814922616,60.92950763795708,2332500
2009-04-29,59.11065673828125,60.07712563487049,58.91856379746048,59.83100412139487,3752600
2009-04-30,58.87656784057617,59.04464866048631,58.46236540589845,58.8165396305881,2778100
2009-05-01,58.47130584716797,58.579686578610314,58.146163652840926,58.477328274960996,2772200
2009-05-04,58.66399002075195,58.89881420458416,58.27863727837257,58.62184220810943,2246700
2009-05-05,58.59173583984375,58.904837820442154,58.260575760625485,58.68205389554587,1369000
2009-05-06,58.45322799682617,59.00717177218383,58.405057774508485,58.47731310798502,2045900
2009-05-07,57.026248931884766,58.22445518941017,56.79744713507007,57.76685159578078,5755200
2009-05-08,57.164730072021484,57.435679655105545,56.98409395412058,57.212895722196734,2193400
2009-05-11,57.97754669189453,58.073882524992925,57.676489748594896,57.83304064536473,2167400
2009-05-12,58.18831253051758,58.41711425943183,57.682538836991405,57.91134056590565,2304800
2009-05-13,58.82051467895508,58.965020744222514,58.549560638593036,58.621815968109246,1917500
2009-05-14,59.04935836791992,59.15773914246601,58.58573230633115,58.76636386806246,1704600
2009-05-15,59.03130340576172,59.037325836739,58.68207590938107,59.00721827562145,2306600
2009-05-18,58.116031646728516,59.073395137144736,58.025718236677974,59.01318466585621,2234700
2009-05-19,57.80897903442383,58.085950983579735,57.6283429575209,57.917359761812335,1624300
2009-05-20,58.417152404785156,58.50145266918593,57.70063920441947,57.760849741474715,2825700
2009-05-21,56.94794464111328,58.79041205700544,56.809456396406745,58.73622400066291,4771700
2009-05-22,56.31576156616211,56.89379086425362,56.207380785659424,56.49037530107025,4483400
2009-05-26,55.46674728393555,56.65893051633082,55.46674728393555,56.62882757044613,3633100
2009-05-27,54.48530578613281,55.74372669385786,54.419072865001695,55.539005502970895,7490200
2009-05-28,55.27405548095703,55.3824361620477,54.32873688235228,55.25598820597167,9824300
2009-05-29,56.70112609863281,56.737256095413656,55.17777702139341,55.21390242440479,4746700
2009-06-01,55.02479553222656,55.804047255434185,54.71068080928776,55.77988387540912,6987000
2009-06-02,55.32077407836914,55.43554433236796,54.837515864747964,55.33889545485886,5063600
2009-06-03,55.840240478515625,55.942931287517176,55.16972231131179,55.550284808094084,6727200
2009-06-04,54.68655014038086,55.40539614785503,54.51136898693353,55.230214994407696,5438600
2009-06-05,54.26970672607422,54.91002476954212,54.09453028760056,54.31199609727744,8439600
2009-06-08,54.13075637817383,54.80731697861103,54.05222887447256,54.614014608299264,4084000
2009-06-09,54.124755859375,54.55364567814616,53.913331949937884,54.48116011416519,6046300
2009-06-10,53.273014068603516,54.02206069308368,52.89244645258992,53.68378246435623,12142000
2009-06-11,53.86494064331055,54.07636429948314,52.970919294726414,53.01320402596094,10692800
2009-06-12,54.34823989868164,54.7590081460468,54.01599918070483,54.01599918070483,6606800
2009-06-15,54.83755111694336,55.06105899094577,54.656332626858436,54.69257540313645,4518700
2009-06-16,55.791988372802734,55.834273151212486,54.84963924898833,54.94628819591266,5376000
2009-06-17,55.47783660888672,56.37790503868036,55.47783660888671,55.84632000982129,7197200
2009-06-18,54.63821029663086,55.320813353639906,54.43282840567975,55.12146885334372,6794000
2009-06-19,55.38725662231445,55.39329401243547,54.49322975406617,54.56571991377108,4750700
2009-06-22,55.92485427856445,56.12419867204449,55.61073500240935,55.840284767759464,3952300
2009-06-23,56.58330535888672,56.66787489416361,55.92487046156032,56.039640768753806,5356900
2009-06-24,56.01544952392578,56.82490163769781,55.973164780798754,56.57119317893566,6550400
2009-06-25,57.0423698425293,57.08465458750571,55.97920461480455,56.311445188684644,7140000
2009-06-26,57.1390495300293,57.32631459480161,56.90950430616901,57.15717552367361,4050400
2009-06-29,57.22362518310547,57.61023010121855,57.13301364727087,57.429007029549346,4334900
2009-06-30,57.12693786621094,57.45313643709574,56.66784306918514,56.89739277204376,3743700
2009-07-01,57.01365280151367,57.01970959712992,56.50459993575489,56.61368236245262,3379900
2009-07-02,57.1469612121582,57.33482354390275,56.96515567443279,57.16514084122937,2645100
2009-07-06,57.037864685058594,57.14088563994656,56.5954737853842,56.99544401989851,1886700
2009-07-07,57.4196662902832,57.49844622600788,56.728812627752966,56.73487404542625,2592400
2009-07-08,58.48017883300781,58.66804114041049,57.5044987955507,57.64388363954727,7912900
2009-07-09,57.78326416015625,58.01355176243307,57.23785223832471,57.78326416015625,5241400
2009-07-10,58.3165168762207,58.37711713082164,57.8317055924071,57.94684931260102,3981900
2009-07-13,57.98927688598633,58.540745279338736,57.910492384433404,58.37106269676876,2604300
2009-07-14,57.025760650634766,57.649952625247636,56.78335478831233,57.42573101699288,3629100
2009-07-15,55.55924987792969,56.35918653411869,55.55318845576245,56.15314441553703,4664200
2009-07-16,56.15915298461914,56.46822052057435,56.05613201380289,56.243994328056814,4225200
2009-07-17,55.292579650878906,55.97131532081014,55.292579650878906,55.6925501233853,3845700
2009-07-20,55.583473205566406,56.05010084630609,55.025942755368376,55.05624060951519,4436500
2009-07-21,56.692447662353516,56.783345800768416,55.32285868698848,55.419818242466555,3895300
2009-07-22,56.183433532714844,56.68036373232606,55.971330024986216,56.601583750458204,1986700
2009-07-23,55.15317916870117,56.23794171005834,54.88653228466727,56.213700663918274,3818800
2009-07-24,55.41984558105469,55.41984558105469,55.00775686409999,55.14714178427225,1765300
2009-07-27,54.78349304199219,54.94105747761897,54.504728039578815,54.68047209787306,2755900
2009-07-28,55.26836013793945,55.644089701878514,54.80173236164522,54.97747661138235,3324800
2009-07-29,55.57136154174805,55.92891143125976,55.11079522861109,55.85618824436504,2910200
2009-07-30,56.35914993286133,56.450052712293235,55.28651008138562,55.47437243497278,4040700
2009-07-31,57.456031799316406,57.486334267472095,56.52883360524549,56.87426047408579,5697000
2009-08-03,56.58530807495117,57.0778332663017,56.31168657680919,57.0413469978997,4029300
2009-08-04,56.135318756103516,56.98659185157613,55.740084321877106,56.9318647999127,3832200
2009-08-05,55.29621887207031,56.396790880768016,55.25365544187388,55.52119501493747,4458300
2009-08-06,55.48475646972656,55.87390945904621,54.980072092022496,55.27193915354701,3228500
2009-08-07,55.02262878417969,55.29017317106405,54.85845677163547,54.98006532618163,3543200
2009-08-10,55.7097053527832,55.721864347106255,54.97396326096555,55.03476751071462,3150100
2009-08-11,56.354270935058594,56.46980232291005,55.93471348576187,56.17793526273199,3677800
2009-08-12,55.752281188964844,56.59139115585272,55.38744633120949,56.51842325648806,4729200
2009-08-13,56.54274368286133,56.64003421155048,55.636747670015346,55.81916509177364,3922300
2009-08-14,56.76162338256836,57.27846638259471,56.676496518520075,56.73122358201749,4410400
2009-08-17,57.60078048706055,57.61293948850602,57.077855282582846,57.12649592743433,3569700
2009-08-18,57.26632308959961,57.62507145228642,57.16295538906959,57.55819001711268,2557900
2009-08-19,57.7405891418457,57.98989256674833,57.40616348874177,57.86827944274717,3518200
2009-08-20,58.214839935302734,58.293889586572895,57.631111146002624,57.995941059432184,3282700
2009-08-21,57.01702117919922,58.208806913620506,57.004862183123215,58.15407983360957,6258300
2009-08-24,58.05071258544922,58.05071258544922,56.82852703172001,56.84676784551084,4460200
2009-08-25,58.379051208496094,58.42769182396525,57.71019519536046,57.989898450342025,3359700
2009-08-26,58.64659118652344,58.70740007459614,58.3182473140784,58.482419250300914,3225800
2009-08-27,58.41551208496094,58.74994229229709,58.20877678520053,58.48239812642817,2514000
2009-08-28,58.68307876586914,58.68307876586914,57.953413844201684,58.03246354484581,2072500
2009-08-31,58.737796783447266,58.89589153378268,58.227035551840444,58.59186566571198,2899800
2009-09-01,58.595672607421875,58.9128702014047,58.034482592045656,58.449276223814415,3304200
2009-09-02,59.449668884277344,59.571669766973194,58.705479788335,58.85188084757002,4345000
2009-09-03,59.083656311035156,59.2422550799839,58.894560821733094,59.07145389980879,2703800
2009-09-04,58.077186584472656,58.925072885083715,57.98568709187529,58.82747683914204,3643000
2009-09-08,57.66850662231445,58.174799891059806,57.558708138175206,57.63190867888755,2468900
2009-09-09,57.601409912109375,57.601409912109375,57.04631625762159,57.27201444469773,3182400
2009-09-10,58.66272735595703,58.99212245923964,57.894143435484544,57.90634118574527,4417300
2009-09-11,58.98606872558594,59.583861354207535,58.92507061748758,59.05926924761838,4826200
2009-09-14,58.40046310424805,58.96775420223449,58.345566217599085,58.57125962340851,2119500
2009-09-15,58.101600646972656,58.418793689421065,57.99180216038309,58.06500270272901,2187900
2009-09-16,58.205284118652344,58.52857829307577,57.705092165913605,58.156483768663804,3732300
2009-09-17,58.93727111816406,59.00437043105125,58.05278229094989,58.36997988893607,2832000
2009-09-18,58.41267013549805,58.88236060034257,58.35776859065018,58.681062692327856,2813300
2009-09-21,58.54692077636719,58.85801274285804,58.16872479370737,58.62011669607769,3050200
2009-09-22,58.66891098022461,58.78481071286673,58.260218291453114,58.34561662481253,2068000
2009-09-23,58.845794677734375,58.91289401689956,58.071103999685086,58.522500400225226,5712000
2009-09-24,59.016563415527344,59.223957890319795,58.66276791326832,58.864065835642265,4658400
2009-09-25,59.76689910888672,59.81569483470948,59.02880616429551,59.38870314713307,3854500
2009-09-28,60.29143142700195,60.346332967094895,59.84614117022709,59.97423855863586,4263300
2009-09-29,60.236507415771484,60.49270207722247,59.87051437743379,59.97421155175624,3123200
2009-09-30,60.181663513183594,60.468355132032066,59.998664506051476,60.120660741567505,2744800
2009-10-01,61.00584030151367,61.22612255242443,60.455139342618295,60.5530399717,5754400
2009-10-02,60.58366775512695,61.37912769909581,60.50411849286131,61.36077161346034,4827700
2009-10-05,60.58981704711914,60.98143398821506,60.436843357204964,60.865172489996596,2910100
2009-10-06,59.9901008605957,60.455141704954904,59.953388706803196,60.430665379632664,3936200
2009-10-07,60.69380187988281,60.779466715143265,60.33278178695657,60.3756142045868,3591000
2009-10-08,60.05743408203125,61.042584403223294,59.76984297768053,61.011987816996516,5871600
2009-10-09,58.680660247802734,59.78818736037041,58.43590161104329,59.73311911800045,8135900
2009-10-12,58.772457122802734,58.943786802425905,58.49710185050808,58.76021662089614,1939700
2009-10-13,59.078399658203125,59.26196515688579,58.90094974160825,59.121232074734074,2886500
2009-10-14,58.20339584350586,58.8030497292071,58.068778331259225,58.44203428125811,5421000
2009-10-15,57.934173583984375,58.38697422354097,57.744487775869736,57.86686481303053,3736900
2009-10-16,58.40530776977539,58.454260433099506,57.96474780500718,58.24621861654642,3716800
2009-10-19,58.86427307128906,58.87039332593609,58.362519563121324,58.49101690039016,3163800
2009-10-20,59.18243408203125,59.50673740526756,59.07229289032983,59.36599962261072,2912400
2009-10-21,58.82754898071289,58.87038141780515,58.44205704688258,58.83978948753097,3355200
2009-10-22,58.5399169921875,58.63782230500864,58.33187520501596,58.36246711398587,2572200
2009-10-23,58.09929275512695,58.38688348071469,58.05034481736663,58.05646039185075,2996200
2009-10-26,57.34672927856445,57.83012629139502,57.2427083775254,57.78729388106232,4127400
2009-10-27,58.129947662353516,58.197256396275236,57.46910082114873,57.49969739779757,4476300
2009-10-28,58.40530776977539,58.619474504722646,58.10548087658534,58.21562203487312,4585400
2009-10-29,57.76898193359375,58.166709761222485,57.48750625822111,58.01985633766132,4645300
2009-10-30,58.607269287109375,58.74800711179663,58.05044757882754,58.19118073512906,5118000
2009-11-02,58.34819030761719,58.673539793617515,58.19472321547032,58.63056919515415,3463800
2009-11-03,57.765010833740234,58.53848626657891,57.70362493539135,58.489375674522265,4470700
2009-11-04,57.23707580566406,57.746587590427595,56.96697695338814,57.46420875010452,5349500
2009-11-05,57.23707580566406,57.23707580566406,56.96697695338814,57.0099475446668,2852000
2009-11-06,57.292301177978516,57.365962340079825,56.75823433553835,57.322991767707016,3381100
2009-11-09,57.3598747253418,57.51947716489372,57.16957230365292,57.261653516283666,1697800
2009-11-10,57.25550842285156,57.7650203617315,57.03452008903366,57.73432974921675,2549900
2009-11-11,57.494895935058594,57.80183002478209,57.38439947542043,57.47647595558345,1771100
2009-11-12,57.390541076660156,57.45192696464587,56.75211753803404,57.237074014974354,3431300
2009-11-13,57.654537200927734,57.740478429377006,57.36601821251415,57.5992912755442,1594200
2009-11-16,58.32974624633789,58.59370972321496,58.02281218873395,58.10261804111388,5175700
2009-11-17,58.64280700683594,58.808553983108055,58.20082131469825,58.31131773773267,3174400
2009-11-18,58.29913330078125,58.64289840446593,58.15794138551174,58.58765244856587,2413600
2009-11-19,58.403446197509766,58.82087694685182,58.26225907132562,58.46483210817438,2969800
2009-11-20,58.391178131103516,58.5446452685222,58.065823865681786,58.31751221910221,4136300
2009-11-23,58.31748580932617,58.37887169980523,57.912330501966515,58.035106966367884,3219300
2009-11-24,58.68583679199219,58.74722271485188,58.31137657406867,58.38504249156772,2895200
2009-11-25,58.95591735839844,59.072553844515234,58.299078406084675,58.61828788987291,2789300
2009-11-27,59.17691421508789,59.27513072289758,58.98661182789457,59.17691421508789,2249100
2009-11-30,59.3181037902832,59.37949437909222,58.93136837138596,59.05414018211526,3115800
2009-12-01,58.65733337402344,59.07609457712196,58.62038537616453,58.97140545094034,3979100
2009-12-02,58.70656967163086,59.09453754051083,58.497186830860215,58.681936119871395,2193900
2009-12-03,58.096920013427734,58.40483246980173,58.03533846182718,58.15234669872809,3947300
2009-12-04,57.48108673095703,57.67199562100342,57.21628656746886,57.45029830882541,6108100
2009-12-07,57.55497360229492,57.72740375967745,57.32711678097121,57.437965410484175,2774200
2009-12-08,57.641197204589844,58.11538490588098,57.49956013938244,57.91832116853625,2378600
2009-12-09,57.37641143798828,57.91834041959169,57.074658517650164,57.69664305409424,3494300
2009-12-10,56.717491149902344,57.1485715418109,56.6251164446096,57.08083040448774,4446300
2009-12-11,56.71132278442383,56.81601660664421,56.23098002947509,56.557366532280156,3053400
2009-12-14,56.779056549072266,56.96380590703823,56.68668656846064,56.87143122805525,2380400
2009-12-15,56.526573181152344,56.65589585789294,56.34182381531059,56.391090939317934,2993900
2009-12-16,56.458770751953125,56.809790407184806,56.26170716828562,56.612726823517306,3301600
2009-12-17,57.38869094848633,57.41332449413194,56.77286640245125,56.96377050824423,4428900
2009-12-18,57.14239501953125,57.5796301499132,57.05617990640643,57.39488079414785,3789500
2009-12-21,56.1263427734375,56.779116382292685,56.1263427734375,56.69290117728827,3524000
2009-12-22,55.81218338012695,55.95998467111955,55.68286077428516,55.91687713583895,3078800
2009-12-23,55.82451629638672,56.28022531028564,55.732141641285146,56.01542047145853,2336000
2009-12-24,55.24567413330078,55.64596142403011,55.22104056327726,55.62748742110574,1698900
2009-12-28,55.09169387817383,55.19638298145161,54.99316433931562,55.09169387817383,3170900
2009-12-29,55.45512390136719,55.55400498334637,55.127568234779446,55.164652766264176,2617000
2009-12-30,55.81972885131836,55.91861460269502,55.53543938880865,55.572519188008826,1919100
2009-12-31,55.55396270751953,55.689928217515494,55.03482681313212,55.47362159485407,3242400
2010-01-04,55.50453567504883,55.68376256068796,55.36239330324916,55.52307557440252,2829100
2010-01-05,55.862998962402344,56.01132289763042,55.621970799481886,55.65287378042365,2841600
2010-01-06,55.11518096923828,55.78264560438062,55.07810117232988,55.72702119388616,4099600
2010-01-07,55.20787811279297,55.39946332581552,55.078094125087574,55.13989535040473,2793200
2010-01-08,55.183135986328125,55.34999970362477,54.85558537135841,55.31910146011845,2910700
2010-01-11,54.88031005859375,55.22640058327276,54.86176545323187,54.99773093510712,2181300
2010-01-12,55.81972885131836,55.862990188762616,55.52307631232049,55.72084781507383,4321200
2010-01-13,55.17080307006836,55.79500639765578,55.1399048096748,55.57869971437263,4755000
2010-01-14,55.94327163696289,55.94327163696289,55.3376135589477,55.43031767317002,4188800
2010-01-15,56.28940963745117,56.4439150406841,56.22760841918414,56.258506670752304,4142800
2010-01-19,56.12873077392578,56.314139170535036,55.88152115015724,56.066929546766495,2496000
2010-01-20,56.697261810302734,56.71580169130764,56.40679110088613,56.43769404597925,2800500
2010-01-21,56.95686721801758,57.09900953131633,56.524249312243214,56.57987370254327,4363100
2010-01-22,56.858001708984375,57.049586945031166,56.71585463005392,56.913621403914675,3666900
2010-01-25,56.59846115112305,56.80858638738507,56.542836714084565,56.57373970300973,2419500
2010-01-26,56.61701202392578,56.92602311248988,56.43160348473331,56.870398664678135,3138100
2010-01-27,56.586063385009766,56.913614120253925,56.468642472362426,56.70348901278832,3325700
2010-01-28,56.555213928222656,56.672634942185475,56.277101103801165,56.320362470026474,3058200
2010-01-29,57.049583435058594,57.080486407095336,56.394481921037126,56.493367659449476,4930600
2010-02-01,56.53172302246094,56.89144328923893,56.46970342896617,56.879036531464976,3598500
2010-02-02,56.69295120239258,56.71775524274173,56.46347360895254,56.55030194554294,3047500
2010-02-03,56.0355224609375,56.420051275754155,55.98590492384075,56.32081620156065,5343700
2010-02-04,56.922447204589844,56.9472559868139,56.37666819103457,56.43248440219518,6095000
2010-02-05,57.0465202331543,57.31940751332221,56.568959212221294,56.66819439176876,6875800
2010-02-08,57.12090301513672,57.15191517058992,56.84181254322024,56.978258456349394,3386000
2010-02-09,56.55027770996094,57.19529131376486,56.52546894845454,56.897590907475575,4790000
2010-02-10,56.01076889038086,56.81083472031406,55.94254589258702,56.637177901127345,5068000
2010-02-11,55.706886291503906,55.992180399497435,55.43399421786015,55.9425627985086,5087500
2010-02-12,55.93629455566406,56.078939066296236,55.78744193788834,56.010716132762944,2833800
2010-02-16,56.04175567626953,56.091373239785874,55.65102801010874,55.65102801010874,2440900
2010-02-17,55.4029426574707,55.87429529621639,55.24789132666963,55.76886152690152,4368200
2010-02-18,55.17964553833008,55.50835346657662,54.894351775478576,55.483544696095294,5121800
2010-02-19,55.477359771728516,55.51457530572257,55.13624971068618,55.34711723222609,3502500
2010-02-22,55.247886657714844,55.396734597803345,55.1486515431287,55.272695436361374,3382600
2010-02-23,56.11004638671875,56.153460624263204,55.38440638841979,55.40921046833348,5474500
2010-02-24,56.24644088745117,56.36427672023378,55.93013474305015,56.159612492014446,4423200
2010-02-25,56.56270217895508,56.61852309745098,56.37664349147712,56.550300159172274,3707700
2010-02-26,56.854270935058594,57.09615084567793,56.693020815842544,56.724028270247814,4349100
2010-03-01,56.82933044433594,56.94754493919932,56.592906201416724,56.82311212646447,2415200
2010-03-02,56.75468826293945,56.792017167663836,56.43115526596533,56.54314672694732,2260600
2010-03-03,56.61158752441406,56.667585629602904,56.43115656939726,56.62403365748222,2156100
2010-03-04,56.910213470458984,57.04086934196273,56.51202279155024,56.592903641488554,2374700
2010-03-05,56.16360855102539,56.536916506927106,56.07028630885781,56.51202899341314,3823200
2010-03-08,55.87118911743164,55.97695748629557,55.80896796228092,55.933405525774674,2850400
2010-03-09,55.88360595703125,55.995597341586645,55.62229430867052,55.9831559641052,2573700
2010-03-10,55.74052047729492,55.80895994067754,55.49165487969303,55.678304077894445,3216200
2010-03-11,55.94585418701172,56.082733151258324,55.60366152320352,55.61610290776762,2621000
2010-03-12,56.29423904418945,56.40000735989044,55.82760909595011,55.85249184933421,3099100
2010-03-15,56.21958923339844,56.28802868766599,56.02671699690246,56.21336617024511,1936800
2010-03-16,56.66752243041992,56.67374074321,56.33154841441304,56.34398978679686,3932600
2010-03-17,56.910213470458984,56.910213470458984,56.66134310943919,56.81066342732814,3481200
2010-03-18,56.72355651855469,56.91643353023689,56.62401122748616,56.87909989263,2750300
2010-03-19,56.779605865478516,56.978701374177604,56.53695836258936,56.779605865478516,2976300
2010-03-22,56.84174346923828,56.92262427573044,56.7546396016914,56.83552040818357,2452300
2010-03-23,56.57423782348633,56.81688511422575,56.56179644180027,56.661341735710366,2910000
2010-03-24,55.54145050048828,56.151182885234235,55.410794578073265,55.8960893604174,8049300
2010-03-25,55.186771392822266,55.5227455540673,54.98145780551062,55.45430610936151,8268400
2010-03-26,55.34233093261719,55.4481040352027,55.05613169220125,55.08724226592765,4110700
2010-03-29,55.13078689575195,55.28010718682267,54.94413297180871,55.23655523747677,3245100
2010-03-30,55.305015563964844,55.342344464117964,54.919266190752296,55.07480960380132,3254600
2010-03-31,55.68452453613281,55.69696591670791,55.342327235232744,55.5103167272407,4263900
2010-04-01,55.54838943481445,55.59834978354285,55.22365669704205,55.4359810324161,2912400
2010-04-05,54.624168395996094,55.04257576188985,54.586700501881126,54.942659789422265,5652000
2010-04-06,54.711612701416016,54.86148908630642,54.549243838502186,54.83026742021662,3584600
2010-04-07,55.411014556884766,55.52966444864419,54.517993428420525,54.611663141788,6389900
2010-04-08,55.43598937988281,55.66080621853208,55.25489142631483,55.51092991425984,3797600
2010-04-09,55.56717300415039,55.61712862873211,55.21121356989912,55.33610977808082,2311300
2010-04-12,55.860660552978516,55.92935487343808,55.63584364319875,55.68580401525721,2939600
2010-04-13,56.04176330566406,56.172905708902015,55.904374664800514,56.13543781211497,3090900
2010-04-14,55.64830017089844,56.12291386989738,55.64830017089844,56.05421959381279,3570100
2010-04-15,55.71078109741211,55.891883862671584,55.37980198881079,55.48596420015781,3698000
2010-04-16,56.11667251586914,56.197854501719014,55.72948699558688,55.82940768384579,8303900
2010-04-19,55.97929763793945,56.2228484195146,55.90435710342332,56.122932471308246,3211500
2010-04-20,56.17915725708008,56.1978912072445,55.97932051452002,56.11046293015471,2285000
2010-04-21,56.641239166259766,56.72242591276392,56.36646681545923,56.37270828482076,4162200
2010-04-22,56.472633361816406,56.884794302322625,56.4101853119798,56.766144436977314,2841400
2010-04-23,56.27285385131836,56.428976516589024,56.12297742671449,56.3353019645295,4776000
2010-04-26,56.335262298583984,56.610039520623715,56.16665203518469,56.52261127078967,4753900
2010-04-27,57.12833786010742,57.40311017487466,56.64123173840225,56.73490617582554,13199200
2010-04-28,56.641239166259766,57.04715860533924,56.50385537309971,56.909770047698764,8379500
2010-04-29,56.87851333618164,56.96594149813915,56.5287959238741,56.74112486325484,4067200
2010-04-30,57.53428268432617,57.559262865051146,56.897304751527315,57.00346694624674,6924800
2010-05-03,57.459083557128906,57.665879978785405,57.202147860187175,57.28988083448715,4211800
2010-05-04,58.49304962158203,58.574519327600356,58.00425050981622,58.16091713697634,11054800
2010-05-05,58.83772659301758,59.439325954280086,58.499326055853665,58.94425876737843,12219100
2010-05-06,60.655052185058594,62.66665111202424,58.76878464788256,59.00692098200333,19578200
2010-05-07,59.89680099487305,61.46973088181651,59.702531077561964,60.08479812574178,18740600
2010-05-10,58.656002044677734,58.86907120841058,58.3364006896222,58.380271948377114,10240100
2010-05-11,58.50559616088867,58.91919364487928,58.273727789761566,58.89413118737782,7729100
2010-05-12,58.060707092285156,58.44297440130236,58.035639834847416,58.36777262898913,5530800
2010-05-13,58.442928314208984,58.62466220150251,57.7786584686669,58.442928314208984,6849700
2010-05-14,59.458126068115234,59.846661086411984,58.963058873879426,58.98186288823937,9796500
2010-05-17,59.23878860473633,59.978255329950564,59.20119014143122,59.35785677998435,6302200
2010-05-18,60.14748001098633,60.2665434487648,59.38920899525367,59.47067873704161,9904100
2010-05-19,60.34798049926758,60.75530986319916,60.11611219368293,60.12238019682996,14121200
2010-05-20,61.62015914916992,61.77055787067455,61.11882370270225,61.35696019126451,17666900
2010-05-21,61.68281173706055,62.510011700652726,61.3256118614432,62.42227873338447,18670600
2010-05-24,61.4697151184082,61.95851900792647,61.350651733717015,61.87704930246376,7721100
2010-05-25,61.77054977416992,62.59774980565485,61.6640175596131,62.447351103863554,12952700
2010-05-26,61.595054626464844,61.66398832816836,61.037321789835524,61.551188160025,12644800
2010-05-27,60.19757843017578,60.78037842740416,60.084778276483654,60.68011428028096,7653200
2010-05-28,60.47334671020508,60.64881265071134,60.17254453998842,60.467078703447484,5805500
2010-06-01,60.8984260559082,61.17509571584173,60.52115229973272,61.13736977941301,5536200
2010-06-02,60.31996536254883,61.112243950815014,60.25079791769157,60.986482779575375,5656400
2010-06-03,59.879756927490234,60.30733491288553,59.798011043758386,59.86717842354981,8499500
2010-06-04,61.489463806152344,61.59006785739113,60.80407921808143,60.95499249088053,7479600
2010-06-07,61.961090087890625,61.992526771879376,61.20025325429301,61.3197203291247,5288200
2010-06-08,61.652915954589844,61.94215903476813,61.470566117616116,61.577459360820676,5510800
2010-06-09,61.58382797241211,61.69701061027817,61.12480816403935,61.370036413199585,5598000
2010-06-10,60.48340606689453,61.175075187328936,60.420523130886835,61.1184815043809,6075100
2010-06-11,61.2504997253418,61.50201214835472,60.74746528473204,61.049282111264326,6266700
2010-06-14,60.93614196777344,61.017883075918654,60.50227461519092,60.565152759709925,5310400
2010-06-15,60.68461990356445,61.149923893806985,60.39537662328966,61.061893538823114,4920100
2010-06-16,61.03041076660156,61.13101955980497,60.60912223896773,61.11215661040215,4011100
2010-06-17,61.5272331237793,61.76617690893595,61.036776634474855,61.08708109422334,5650900
2010-06-18,61.426612854003906,61.690704002314284,61.35115618421692,61.5523691730195,4171700
2010-06-21,61.2504997253418,61.33853003285471,60.621709073225574,60.653145727456206,5740900
2010-06-22,61.97990417480469,61.99876712978021,61.256793851222156,61.42028078983128,5658900
2010-06-23,62.40122985839844,62.6087320808552,61.979940956292104,62.0050931769501,9137800
2010-06-24,62.0302619934082,62.621322546471,61.84162268665181,62.47041397944399,6184600
2010-06-25,62.28173065185547,62.45779130826861,61.722107223702366,61.822711257098554,5148300
2010-06-28,62.86648941040039,62.87906311221444,62.514363394813564,62.62754590030722,5436000
2010-06-29,63.551856994628906,63.58958289029814,62.97966012205154,63.08026410959981,7334200
2010-06-30,63.97947692871094,64.00462914150808,63.382127465984574,63.76569031587634,7205700
2010-07-01,64.08041381835938,64.74897259902903,63.941656244787254,64.06149320595524,12893400
2010-07-02,63.56953811645508,63.97950236290591,63.17219081959394,63.77136600228307,6297600
2010-07-06,64.09303283691406,64.17502376396416,63.53800252470869,63.59476917570993,6620400
2010-07-07,63.342464447021484,64.02363518662541,63.285697812743614,63.992097632920476,5727800
2010-07-08,62.938804626464844,63.17216999739109,62.78743496497596,62.957725232656614,6260600
2010-07-09,62.57923889160156,62.84413674914139,62.55400983679536,62.69276723225437,4286000
2010-07-12,62.55409240722656,62.97036033112061,62.465793004826104,62.6487002846432,4062100
2010-07-13,62.01798629760742,62.371183900260085,61.92337842205219,62.34595481264826,5842500
2010-07-14,62.64236831665039,62.74958829193179,62.0558054709957,62.26394176086295,5417300
2010-07-15,63.266754150390625,63.443352838092096,62.88201923277529,62.90724830415455,6996100
2010-07-16,63.57585144042969,63.783983004971184,63.24156961819464,63.266798707342005,7512400
2010-07-19,63.18479537963867,63.54430140852879,63.05865477060753,63.42446446158016,4305800
2010-07-20,63.27943420410156,63.638940408892864,63.18482629506003,63.4938743067681,5076600
2010-07-21,64.35160827636719,64.50928643241512,63.329856904828105,63.35508117527498,7894200
2010-07-22,63.60739517211914,64.02997166137548,63.58847455498193,64.02366799696811,5759700
2010-07-23,62.93247985839844,63.68302912269431,62.8757180545207,63.57580917406734,6259100
2010-07-26,62.82524108886719,62.95138160099813,62.4405062713301,62.83785321529945,4856400
2010-07-27,62.21982192993164,62.554098961466025,62.16936374842837,62.30181286590669,5328000
2010-07-28,62.42164993286133,62.56040752621437,61.980148062014635,62.11890565536768,5507200
2010-07-29,62.402671813964844,62.45312513709039,61.759342621599835,61.872871019549386,6305500
2010-07-30,63.373992919921875,63.45598381106919,62.976640972778256,63.19738938121671,7683200
2010-08-02,62.48435592651367,62.85135380853545,62.484355926513665,62.79440353079728,5769200
2010-08-03,62.84501266479492,63.0601511434072,62.598239440298066,62.76908058513392,4363500
2010-08-04,62.36411666870117,62.965234746857725,62.36411666870117,62.958905866924034,3820400
2010-08-05,62.65520095825195,62.95259564550818,62.54130522329259,62.85768172845499,3704200
2010-08-06,63.33858108520508,63.40818430882527,62.95260132786507,63.14242917910608,6042400
2010-08-09,63.10441589355469,63.2626040359628,63.02848384729195,63.11073994343734,2578500
2010-08-10,63.23733901977539,63.91438456509971,62.93994432488596,63.31326629334888,11251000
2010-08-11,64.08519744873047,64.1548006371075,63.47142651168958,63.47142651168958,6778300
2010-08-12,63.927040100097656,64.50284769488923,63.82580212204361,64.27505620986427,7590100
2010-08-13,64.72425842285156,64.82549631976602,64.21173040608484,64.30031537620455,7843600
2010-08-16,66.34415435791016,66.36946505846166,65.85060776596218,65.93919280413118,7976200
2010-08-17,65.9644775390625,66.3504571223752,65.80628934352518,66.34412824284794,6756800
2010-08-18,66.14161682128906,66.85030134600267,66.11630614245803,66.43901126315565,7721600
2010-08-19,67.17304992675781,67.45778679967061,66.21126281898903,66.3061767191338,13128500
2010-08-20,67.09716033935547,67.5970360243774,66.97060678316504,67.33128079766433,7040300
2010-08-23,67.10974884033203,67.19200977974741,66.59722070559887,66.85032274741867,6360100
2010-08-24,68.18544006347656,68.41955549950703,67.49573703167526,67.72985729522625,9812100
2010-08-25,67.96400451660156,69.18521321655133,67.74886597847318,68.84353083235632,13299800
2010-08-26,68.60304260253906,68.64733509587325,67.88803383085298,68.05887492585063,7039900
2010-08-27,66.66053771972656,68.54614407052857,66.56562378979116,68.19179905393794,13514000
2010-08-30,67.9386978149414,67.95767963434471,66.95792864057381,67.2047019478622,5535300
2010-08-31,68.69169616699219,68.74864647386042,68.09691135235173,68.47656236388329,8397000
2010-09-01,67.27131652832031,67.93768527974015,66.69379629817229,67.91864216071224,12480700
2010-09-02,66.5605697631836,66.82712035408218,66.2559474334204,66.7636529303206,8167600
2010-09-03,65.73543548583984,65.96390426821375,65.17695408809188,65.18964948815513,9210700
2010-09-07,67.08097076416016,67.13174276647806,66.51614555355621,66.69384271978424,6018400
2010-09-08,66.54786682128906,66.76998823753827,66.23054912896626,66.69383024830266,6698400
2010-09-09,65.23416137695312,65.90052551954903,65.13896511604429,65.81167696720291,8588900
2010-09-10,64.93588256835938,65.17704223507012,64.63760320786689,64.89145829181047,6910300
2010-09-13,65.25318145751953,65.39914966244437,64.58681265893306,64.60585577930887,7054800
2010-09-14,65.88143920898438,65.8877869129197,65.34834828352437,65.3864248233774,5978100
2010-09-15,64.90416717529297,65.53245977470546,64.82166630753979,65.20879433033093,7919100
2010-09-16,64.2632064819336,64.61860089214576,64.00300354453847,64.43455597488997,17116200
2010-09-17,64.52335357666016,64.83432828167975,64.3012322458475,64.62489752324987,9203600
2010-09-20,64.89778137207031,65.01835873872574,64.53603958834172,64.82797112943136,5277800
2010-09-21,65.79903411865234,66.01480794746439,64.89785252440237,65.15805066161022,12664000
2010-09-22,66.38919830322266,66.68112995660356,65.90687412543191,66.3511217350939,8229400
2010-09-23,66.57958221435547,66.928628674774,66.15437294376639,66.89689981939908,7412200
2010-09-24,65.68474578857422,66.07187366318115,65.68474578857422,65.97667741105309,8942500
2010-09-27,66.82709503173828,66.92228644754114,66.30669431052387,66.33842316849723,7061600
2010-09-28,67.28404998779297,67.47444256438322,66.85249767715484,66.87788367682583,8262900
2010-09-29,67.00483703613281,67.44273236794578,66.85886869760446,67.3792697675845,5507100
2010-09-30,66.9603500366211,67.01111716424515,66.02108796829422,66.89053978902132,10618400
2010-10-01,66.63681030273438,66.97442074065259,66.23550060746321,66.39475118081647,9368400
2010-10-04,66.80876922607422,66.84062127062963,66.50938236297581,66.64315220221714,4422700
2010-10-05,66.40744018554688,66.76415965198684,66.20359979616143,66.71320319959416,8491800
2010-10-06,67.24195098876953,67.58593276155828,66.79605139067735,66.82153206198849,6476100
2010-10-07,66.68136596679688,67.1272653988307,66.67499458635659,66.99349556922056,5780700
2010-10-08,66.38835906982422,67.1782403062619,66.38835906982422,66.80241140325874,6128700
2010-10-11,66.40111541748047,66.52214740424152,66.2100176520038,66.31830687176807,1474200
2010-10-12,65.74495697021484,66.73231173085306,65.7258476932889,66.50936206682003,6122400
2010-10-13,65.64307403564453,65.68766399210975,64.99970049812569,65.19716961105156,8168400
2010-10-14,64.6620864868164,66.02527063323653,64.63660581885317,65.79594948150786,10945000
2010-10-15,63.87216567993164,64.36903114552743,63.63010675561921,64.08237743153703,12694700
2010-10-18,64.38816833496094,64.6238559829331,64.19706577611977,64.46460547054544,5592200
2010-10-19,64.77671813964844,65.03151498563217,64.05053643673052,64.06964571418547,8017500
2010-10-20,64.91686248779297,65.15255006781949,64.47095826569192,64.57288089700823,5515800
2010-10-21,64.14608001708984,64.9168564802593,64.13971349817567,64.77671530513757,6836100
2010-10-22,64.57921600341797,64.63654867062985,63.96132857638968,63.98043784548158,4770700
2010-10-25,64.76396942138672,65.1589122722176,64.68753231860116,65.05062313664615,5632300
2010-10-26,63.76385498046875,64.37537589292434,63.73200781853214,64.2479775253055,8432000
2010-10-27,63.203304290771484,63.808453912383534,63.203304290771484,63.49632446565267,9245200
2010-10-28,63.37533187866211,63.591915100387205,63.16512489808821,63.432664589684,8052600
2010-10-29,63.96772003173828,63.993200687106956,63.45812150417893,63.58551992108425,6753800
2010-11-01,63.69230651855469,64.42080247411172,63.57728058476009,64.41441566559772,5921000
2010-11-02,64.5294418334961,64.59973085538958,64.17158066293332,64.19714252336111,6537400
2010-11-03,63.213035583496094,65.35379151423928,62.899911311643606,65.00871857203335,25541800
2010-11-04,63.705081939697266,63.820107859143235,63.31527215020958,63.3727826722197,13246500
2010-11-05,62.61232376098633,63.136329523562274,62.61232376098633,62.84876235328699,12435000
2010-11-08,62.89350128173828,63.21301714463119,62.51008322135182,63.00213550501984,6795200
2010-11-09,61.506858825683594,62.9574600003315,61.468518447851785,62.9382898114156,15061700
2010-11-10,61.58986282348633,61.81991458567537,60.70800098537773,61.57069265587459,18540400
2010-11-11,61.55793380737305,61.7496404200724,61.43651620653216,61.634614502282524,3368100
2010-11-12,61.22565460205078,61.81995455941872,61.22565460205078,61.481268378147355,11739500
2010-11-15,59.9476203918457,61.16817446351222,59.9476203918457,60.91895224869346,14978700
2010-11-16,61.43653869628906,61.50683260930532,60.06261886291779,60.650532033183545,19901300
2010-11-17,61.097816467285156,61.83270384011967,60.925275191488794,61.21923404096226,9915600
2010-11-18,61.34703826904297,61.34703826904297,60.58020224084976,61.142548336496475,12424800
2010-11-19,61.72408676147461,61.7240867614746,61.212864184283525,61.40457082244531,8359500
2010-11-22,61.9860954284668,62.382296968833245,61.500429810505764,62.222538990924825,10413500
2010-11-23,62.29280471801758,62.59314548529171,62.13943361828365,62.414217411026485,9566900
2010-11-24,61.18086242675781,61.97965164484686,61.078619942062105,61.86462580242514,11467600
2010-11-26,62.03081130981445,62.06276484724368,61.69851694750687,61.80715117408576,4848900
2010-11-29,62.56123352050781,62.59318219512146,62.04361428732361,62.34396010616978,8950000
2010-11-30,62.88715362548828,63.43671676640613,62.69544203823149,63.39837639912605,11947600
2010-12-01,61.48918914794922,62.2715114578672,61.48918914794922,61.976538354383415,15441200
2010-12-02,61.32892990112305,61.9060538120785,61.25839226243228,61.5341289703148,9318700
2010-12-03,60.84793472290039,61.77133207898745,60.82228425275053,61.7392677682184,10194800
2010-12-06,61.707210540771484,61.72003333013823,61.11725949103168,61.25192079485455,7001800
2010-12-07,60.38626480102539,60.86720033762291,59.738608467551146,60.73895281812862,18533100
2010-12-08,59.80272674560547,60.14900088729469,59.06529134528557,60.09769992726766,19275900
2010-12-09,60.09765625,60.45033908612613,59.46282323111274,60.02070486588553,17477100
2010-12-10,59.7321891784668,60.18747419119411,59.72577533537802,59.82196341239451,7078500
2010-12-13,59.956626892089844,60.29648720293012,59.35385282089147,59.66806754312368,12399900
2010-12-14,59.08451461791992,59.64881037359305,58.635643550035354,59.25124025413179,23516400
2010-12-15,58.315040588378906,59.14865927965469,58.01365352519348,59.04606223884465,26084000
2010-12-16,58.71902847290039,58.72544231721692,58.07778102648133,58.372754264754526,17939000
2010-12-17,59.78990173339844,60.12976204720154,58.904982148835884,58.9178049432517,16849700
2010-12-20,59.72578048706055,60.42474267416288,59.40515679756921,60.11694177962632,13703500
2010-12-21,60.14258575439453,60.14258575439453,59.308962294984,59.71936018174123,8985100
2010-12-22,59.712982177734375,59.98871885945741,59.59114356022173,59.93741787394353,6440900
2010-12-23,59.59111785888672,59.78349402542731,59.33461793427565,59.7514297002275,7091800
2010-12-27,60.12335968017578,60.20030623975506,59.18713903076778,59.48211225792404,5285900
2010-12-28,58.94585418701172,59.885281024399724,58.75281919054021,59.795199335135386,13972100
2010-12-29,59.94315719604492,60.1747921788563,58.85573686516619,59.04233593969503,13115400
2010-12-30,59.89812469482422,60.020380472838895,59.46058803473377,59.76300221289946,7029900
2010-12-31,60.56090545654297,60.934098964692964,60.12336366956437,60.16840451929373,8516000
2011-01-03,60.10403823852539,60.683133254562506,59.80805001417778,59.968910831761995,13799400
2011-01-04,60.174827575683594,60.33568843361687,59.7823315986835,60.10405331455005,10466900
2011-01-05,58.849369049072266,59.640807078903514,58.67564138398503,59.512115374129095,17568000
2011-01-06,59.10673904418945,59.274035781779226,58.65633041500839,58.90083725526584,9317500
2011-01-07,59.421974182128906,59.60213747946853,58.57262941675522,58.88148429011005,12694600
2011-01-10,59.743736267089844,59.83381797683851,59.312630240566236,59.57000865802742,8295200
2011-01-11,59.409141540527344,59.582869131400244,58.99733807933986,59.51208995128197,9495400
2011-01-12,58.94585418701172,59.30618094406907,58.842900879804546,59.02950006730464,9522900
2011-01-13,59.47344970703125,59.692218018568084,58.84287326898218,58.95226233383218,14502400
2011-01-14,59.0938606262207,59.775914212237744,59.0423888667226,59.698699209362616,8960700
2011-01-18,58.817108154296875,59.010138047044265,58.379566858025626,58.739893251750566,10663600
2011-01-19,59.24184036254883,59.24184036254883,58.78499608581045,58.81717022309398,8886900
2011-01-20,58.424652099609375,58.94583958828597,58.16083799704099,58.87506043438141,14203400
2011-01-21,58.88794708251953,58.88794708251953,58.23807268070817,58.35389270731251,9085600
2011-01-24,58.91365051269531,59.13242372627855,58.79783055469981,59.11312121812621,7700200
2011-01-25,59.47344970703125,59.77586876869347,58.75922742793837,59.1581639425475,13438100
2011-01-26,58.57266616821289,59.36410390277911,58.482584463021254,59.338365571426536,13322900
2011-01-27,58.8364372253418,58.97155968401487,58.340983301126045,58.5983615167762,10868700
2011-01-28,59.14531326293945,59.3769532683598,58.40535240724021,58.431090731073944,11993200
2011-01-31,58.69490051269531,59.183918811078755,58.58551632633202,58.97801714477251,8647600
2011-02-01,58.40428924560547,58.65611498277682,58.20412133307474,58.468863989586886,11508400
2011-02-02,58.41727066040039,58.75949550534471,58.04921687461938,58.69492561643636,13624600
2011-02-03,57.932960510253906,58.481811684630294,57.926502046640735,58.087929152419925,12785800
2011-02-04,57.345401763916016,57.88779976314431,57.31957281858442,57.79094244974273,17172200
2011-02-07,57.642398834228516,57.66177422845295,57.190404829628626,57.27434516580713,8554800
2011-02-08,57.11295700073242,57.81678234682727,57.054845557504464,57.668267114630495,10454200
2011-02-09,57.61012268066406,57.89423604406226,56.91275620306795,57.26789790731571,13078600
2011-02-10,56.94504165649414,57.55846284136298,56.93858319126531,57.40349416042995,10486800
2011-02-11,57.76508331298828,57.81028271210281,57.30017239274451,57.48742845375186,11333400
2011-02-14,57.803829193115234,58.068572072269006,57.668230984170165,57.668230984170165,8033500
2011-02-15,58.0621452331543,58.09443264988454,57.70700828096233,57.82968962652735,7298000
2011-02-16,57.874855041503906,58.32039551342607,57.68759897252742,58.029828639090454,8446300
2011-02-17,57.96526336669922,58.23000627796362,57.89423994742681,58.126690529265495,6732500
2011-02-18,57.78448486328125,57.82323074505348,57.5197467907373,57.73928543985337,6080700
2011-02-22,58.64970779418945,58.720736127606216,57.92651245683928,58.05565712049031,11905700
2011-02-23,58.86277389526367,59.11459975057251,58.591572651854186,58.82402804542597,14522600
2011-02-24,59.23729705810547,59.43101158076881,59.043587461807086,59.16626872821991,12110900
2011-02-25,59.586036682128906,59.5860366821289,59.17278324029328,59.23735316688579,6841700
2011-02-28,59.66348648071289,59.74096837393627,59.45685988817296,59.59891659423789,9682500
2011-03-01,59.83642578125,59.85585871052954,59.2534131916108,59.28579975965984,8048700
2011-03-02,58.91656494140625,59.59026789396004,58.910090592524284,59.49309829596892,8526400
2011-03-03,58.34003448486328,58.806444624588586,58.28821497997815,58.64449693397571,10607600
2011-03-04,58.82588195800781,58.85179418351477,58.30117298268419,58.36595107532573,9316200
2011-03-07,58.450164794921875,58.858271210888205,58.204001133202816,58.31412438068161,7522300
2011-03-08,58.0938606262207,58.52139984798609,58.07442769917455,58.372410779132245,8498700
2011-03-09,58.657470703125,58.83237207967777,58.204014086659626,58.35948252606793,8904800
2011-03-10,59.64208984375,59.66152277408516,58.71574894051789,58.864742976838805,13385800
2011-03-11,59.30525588989258,59.64858425886884,59.16274110829818,59.62267203110148,8407600
2011-03-14,59.279319763183594,59.544911341782374,59.156237966473114,59.259886835755644,6765200
2011-03-15,60.16682052612305,60.27694874166558,59.82997141304438,60.11500100720893,14893800
2011-03-16,60.84695816040039,61.50122790942055,60.296337257353294,60.484197083992704,24294200
2011-03-17,60.3806037902832,60.639721201363905,60.089099791725886,60.400036731219885,10528500
2011-03-18,60.542564392089844,60.555522983631114,60.04376734735195,60.08263323746658,7260900
2011-03-21,60.186256408691406,60.36115778150997,59.966004927167226,60.32876625879238,10542900
2011-03-22,60.387046813964844,60.432391962998956,60.076105118980486,60.1214502680146,6904700
2011-03-23,60.3093147277832,60.81459069597753,60.19919149210002,60.79515776523943,8358000
2011-03-24,59.85588455200195,60.16682143921602,59.84940525869462,60.08908968853886,9477600
2011-03-25,59.706871032714844,60.21862630792554,59.6097014337316,60.15384822268708,6447200
2011-03-28,59.79109573364258,60.03077517829366,59.596756507261645,59.674493186264385,3996800
2011-03-29,59.33113098144531,59.920622723218315,59.31817734571652,59.58377382952618,6487200
2011-03-30,59.804039001464844,59.804039001464844,59.31171667102108,59.41536555837807,5048300
2011-03-31,59.680931091308594,60.06313001852975,59.3440822391677,60.03073851982923,9654300
2011-04-01,59.97111511230469,60.023152658123465,59.470214649805285,59.522257158670875,7860400
2011-04-04,60.03611755371094,60.224767774564434,59.93203261956715,59.977568537494356,4469100
2011-04-05,59.79545974731445,60.094696662972694,59.63283066512765,59.95158723960671,9951600
2011-04-06,58.89775085449219,59.71089629102475,58.89775085449219,59.69788318473454,9090900
2011-04-07,58.7806396484375,59.04084710076923,58.63101875035734,58.89122620268907,9265100
2011-04-08,58.4683952331543,58.754623954047084,58.44888054091975,58.50092302890841,7605700
2011-04-11,58.52044677734375,58.68958240795868,58.31878830898653,58.435881443559076,5734000
2011-04-12,59.15142822265625,59.35308662224731,58.91073548282144,58.94326327251724,7686500
2011-04-13,59.52225875854492,59.52225875854492,58.832712868205654,58.89776352451271,7959300
2011-04-14,59.476688385009766,59.697861481075265,59.34008059690271,59.54824555445309,7609600
2011-04-15,60.28334426879883,60.30936551633793,59.89303548180333,60.01663516685268,10222900
2011-04-18,60.41995620727539,60.56307059695568,59.48971763739934,59.840997058511185,12036700
2011-04-19,60.68017578125,60.68017578125,60.34190939917611,60.40696005383876,5295100
2011-04-20,60.28984832763672,60.66714895677889,60.24431238708821,60.54354927684207,6754100
2011-04-21,60.23783493041992,60.647663556354765,60.211813671388526,60.42648533611176,3365600
2011-04-25,60.46550750732422,60.478520616806506,60.17277706358508,60.257342423031545,3626900
2011-04-26,61.05094528198242,61.06395838548029,60.615100612655255,60.673644689261224,7506300
2011-04-27,60.42644500732422,60.86879618953606,60.335373143019815,60.784230876408934,8869300
2011-04-28,60.88835906982422,60.88835906982422,60.47853535610138,60.6411645229348,8110200
2011-04-29,61.076969146728516,61.09648383976788,60.72568978288495,60.80375351808742,5900000
2011-05-02,61.17498016357422,61.20111274825876,60.86792852388201,60.9659244703788,5285100
2011-05-03,61.5212287902832,61.5212287902832,61.13578437704577,61.384036457557286,6486600
2011-05-04,61.79555892944336,61.88049100162843,61.58650341866529,61.61263598054711,7406300
2011-05-05,62.38356018066406,62.475021700663774,61.93931637597446,62.01117971087123,9600000
2011-05-06,62.10918426513672,62.383568863325216,61.63880782008233,61.74333813421873,9451500
2011-05-09,62.04388427734375,62.19414044371523,61.95895211138575,61.99815348962869,3731200
2011-05-10,61.59959411621094,61.99157271539789,61.59959411621094,61.867444248348676,5458300
2011-05-11,61.95233917236328,62.12219330670304,61.52769386796325,61.61915532007706,6078700
2011-05-12,61.5604362487793,62.13533822148682,61.35138053286006,62.03080787138649,8015800
2011-05-13,62.11573028564453,62.38358054327864,61.75641349387611,61.83481124415667,8380000
2011-05-16,62.46196365356445,62.579557759282956,61.90666009266908,62.0830487591071,6053600
2011-05-17,63.102203369140625,63.10873776046965,62.70369521511351,62.73635720319825,9826900
2011-05-18,62.26594924926758,62.971513627865164,62.24635106946392,62.89311592437288,7707600
2011-05-19,62.239830017089844,62.272496979947014,61.710659111899076,61.710659111899076,8052400
2011-05-20,62.27250671386719,62.3313062593454,61.88052801970396,62.07651487464581,5602300
2011-05-23,62.57304000854492,62.84089525890816,62.448911479422364,62.540378016441636,6300000
2011-05-24,62.8082275390625,62.8082275390625,62.363983580613805,62.481577716211426,5549100
2011-05-25,62.51420211791992,62.89964625392892,62.416206240946956,62.814719152166944,5664500
2011-05-26,63.0499153137207,63.07604788320206,62.64486796317675,62.69713310213945,8307900
2011-05-27,63.023834228515625,63.04996681934473,62.638384744138854,62.80170969860924,5390600
2011-05-31,63.16754150390625,63.21327227768247,62.775557746646676,62.83435730394782,7003900
2011-06-01,64.02120208740234,64.07365818557247,63.52943742265735,63.54910720884893,12746400
2011-06-02,62.801673889160156,63.542603092000036,62.801673889160156,63.26721086486423,15738700
2011-06-03,63.16230773925781,63.33934096601759,62.66398439348157,63.326229431717735,10644100
2011-06-06,62.683616638183594,62.939333925004114,62.427899351363074,62.59837921007344,8776900
2011-06-07,62.972198486328125,62.98531002906276,62.36896747060959,62.44109346189075,7399200
2011-06-08,63.463871002197266,63.49665231230731,63.05734373741885,63.11635809959926,7401800
2011-06-09,63.20817947387695,63.81796811775504,62.90000601909574,63.667158021961114,9963000
2011-06-10,63.69340133666992,63.857323000600516,63.47047027492058,63.54259620724941,7710800
2011-06-13,63.372100830078125,63.79173978726044,63.36554256442157,63.431110213514245,5540000
2011-06-14,62.414833068847656,62.880370133663604,62.375488456015454,62.775457836102646,8672400
2011-06-15,63.54914093017578,63.562257462922815,62.532829751906974,62.53938301578898,12979100
2011-06-16,63.837650299072266,63.94911582487938,63.47046738935851,63.667170375637184,10961200
2011-06-17,63.53603744506836,63.699959107722044,63.36555751521072,63.509809378744706,9622900
2011-06-20,63.61471176147461,63.83764780687746,63.33276632323945,63.81797800926669,6613800
2011-06-21,63.3327751159668,63.62127886095687,63.1229555748356,63.40490105221431,7894900
2011-06-22,63.372100830078125,63.64092969210541,63.214737471757495,63.575362043012724,5503700
2011-06-23,63.8572998046875,64.08678905033082,63.69993646517356,63.7589458415574,8586800
2011-06-24,63.58848571777344,64.05402258186753,63.58848571777343,63.83764481331222,7960900
2011-06-27,62.71641540527344,63.51635374434243,62.65084775506096,63.5032372128053,9331300
2011-06-28,62.2115478515625,62.736099175092754,62.10664058835175,62.604963845456275,12634300
2011-06-29,61.79840087890625,62.42130053133287,61.647590909089,62.25737904359041,11084900
2011-06-30,61.70008087158203,61.83777439660886,61.07062261324956,61.78532329361499,11555600
2011-07-01,61.60140609741211,61.996164409147966,61.423768872779334,61.930368010818356,6637200
2011-07-05,61.739585876464844,61.95670200160225,61.640901291913096,61.871173688470144,4615600
2011-07-06,62.055362701416016,62.14089097471055,61.739557119261775,61.96983442812147,5652700
2011-07-07,61.87117385864258,61.9369652550453,61.54879250257602,61.73301042032834,6823700
2011-07-08,62.746212005615234,62.90411235590664,62.39093245278834,62.39750807852766,12129300
2011-07-11,63.687007904052734,63.687007904052734,62.99618610086721,63.18698455145711,9760800
2011-07-12,63.9041748046875,64.02260135973864,63.529158216952716,64.01602573192035,9083900
2011-07-13,64.08179473876953,64.1015316544492,63.23307222761347,63.62782559989127,13112200
2011-07-14,63.16725158691406,64.41072689457667,63.16725158691406,63.56858541844106,11471500
2011-07-15,63.27256393432617,63.292300855581786,62.66069427758764,62.69359249272226,7086200
2011-07-18,62.66067886352539,63.272548369748556,62.63436130180419,63.20017632990569,8206500
2011-07-19,63.96339416503906,63.99628736465763,62.6146474915902,62.713337129572906,15249400
2011-07-20,63.20671844482422,63.71331739534322,63.07513573599187,63.63436977786724,9673300
2011-07-21,62.71990966796875,63.06860866013435,62.43700208609731,62.66069388501001,11099200
2011-07-22,63.19358444213867,63.21989697752704,62.85146124736557,62.95673146716048,4974500
2011-07-25,62.502742767333984,63.19356456363856,62.39089695865497,62.48300586222108,10869400
2011-07-26,62.93041229248047,63.07515633119281,62.66066112586926,62.70013996705641,7682800
2011-07-27,62.936988830566406,63.055410287722545,62.56854811436102,62.7264484101291,11224200
2011-07-28,63.173858642578125,63.364657200006164,62.96990381409646,63.23307441122348,7081600
2011-07-29,64.42384338378906,64.82517696753261,63.67381128095332,63.74618323995993,19582400
2011-08-01,65.07408905029297,65.31173067477098,64.26214599394743,64.28855117847543,14348200
2011-08-02,67.0280532836914,67.04785592067216,65.27874816376882,65.4965872431091,20850600
2011-08-03,67.16008758544922,68.26908080353701,66.90924573998394,67.04786926271031,21179700
2011-08-04,69.54969787597656,69.67512130345331,67.50994046220205,67.5825534953437,34076600
2011-08-05,67.54297637939453,69.64214258482427,67.51657117121748,68.28230709951643,41677700
2011-08-08,69.67513275146484,69.83355892422402,67.95882990751099,68.11065855710157,38259500
2011-08-09,69.88633728027344,72.19673847168981,67.99180649025305,69.31863829890914,39881400
2011-08-10,71.96568298339844,71.9986907240131,70.59264860499844,71.04812420058116,46221000
2011-08-11,68.33507537841797,71.16696820533566,68.12383886396674,70.85671347305009,37790100
2011-08-12,69.68833923339844,69.74775220131215,68.69816674924314,68.94241110839475,15590800
2011-08-15,68.98202514648438,69.6289401341555,68.96222250009374,69.27247739028917,10051700
2011-08-16,70.12395477294922,70.39459905748889,69.0677677062654,69.08757536869109,15993200
2011-08-17,71.35182189941406,71.35842445901355,69.82035543035873,70.18342066417075,15906600
2011-08-18,72.81729125976562,74.02530303827221,72.13737354814185,72.67206513955894,27274600
2011-08-19,73.40473175048828,73.54336022998723,72.76442490405157,73.04167179050137,15708400
2011-08-22,73.21991729736328,73.44435890191033,72.87005733136586,72.9162651563792,13157700
2011-08-23,72.2099838256836,73.38498779112768,72.18357861972913,72.4542282035538,16017800
2011-08-24,70.15703582763672,72.22319942592733,70.07122267304233,72.14398379657027,14621600
2011-08-25,70.91618347167969,71.22643845357128,70.20986033608216,70.42769958331836,10565900
2011-08-26,71.61589813232422,72.13078719326425,70.85016710321017,71.74792419684692,11504800
2011-08-29,70.6257553100586,70.89640508007948,70.36831067023857,70.4343212123983,6764300
2011-08-30,71.7610855102539,72.05153765898348,71.45743328034422,71.57625415607207,9508700
2011-08-31,70.652099609375,71.92612161593958,70.652099609375,71.82710336994475,12186000
2011-09-01,72.14977264404297,72.15639512589026,70.2362845595357,71.1566125288396,10686600
2011-09-02,74.49362182617188,74.53996909037217,73.26872551390176,73.75206054749434,16557100
2011-09-06,75.26825714111328,76.09589015636503,75.07624567539835,75.75821447173043,14016200
2011-09-07,73.83153533935547,74.40094762738921,73.69911094011837,74.34135538486395,11524300
2011-09-08,74.49362182617188,74.5730713925307,73.71895319386287,74.35458003357101,11480900
2011-09-09,75.28816986083984,75.59936089086362,74.29500957853816,74.5135060529984,11492700
2011-09-12,75.36761474609375,75.6456983767882,74.88427458195684,75.19546557169892,7602200
2011-09-13,74.29502868652344,75.2087345627068,74.22881899430303,75.08293766293073,9282400
2011-09-14,74.92401885986328,75.04981573524117,74.03679299146415,74.13611003627017,11948500
2011-09-15,73.77854919433594,74.48038067426417,73.77854919433594,74.14270989701937,8884000
2011-09-16,74.31484985351562,74.54658617343999,73.6593656767373,73.69909045973208,10053500
2011-09-19,75.73176574707031,76.26807563187238,75.55962163481264,75.61258633394469,13033500
2011-09-20,76.04964447021484,76.05626695759277,75.51333917659251,75.72521330938584,6360600
2011-09-21,78.56556701660156,78.6516390510713,75.61256730685425,75.89727333037372,18687100
2011-09-22,81.51858520507812,82.01516526956732,80.26720384668322,80.38638326421957,25041400
2011-09-23,80.00236511230469,81.67749449248957,80.00236511230469,81.51859027638017,15173800
2011-09-26,78.71786499023438,79.8302044459102,78.51261353014554,79.53225845213781,15110100
2011-09-27,77.51284790039062,77.66513469691446,76.97654297408471,77.30097391271026,13589600
2011-09-28,77.4863052368164,77.5392749571041,76.64543239599925,77.40023322995184,12642600
2011-09-29,78.02267456054688,78.67154154427477,77.52609438625171,77.8703928025889,12341800
2011-09-30,79.98249053955078,80.05532267990279,78.78407399015067,79.46604307574385,13546400
2011-10-03,82.18359375,82.18359375,80.39136810832223,80.90248265925084,15882000
2011-10-04,81.14144134521484,82.99341041913982,81.10161568694777,82.5553129853008,17301400
2011-10-05,80.55736541748047,80.8361553466189,80.09271553558307,80.75650397503871,14275000
2011-10-06,79.07042694091797,80.324985832891,79.07042694091797,80.07938245422257,9681600
2011-10-07,78.48634338378906,79.02401546156047,77.56367786137507,78.16108846761892,11564600
2011-10-10,77.37783813476562,77.60352889580744,76.86672313289992,77.54378528741498,3567600
2011-10-11,77.11892700195312,77.90219741990887,76.93306708316751,77.85573244021246,7520200
2011-10-12,75.99712371826172,76.41531360310371,75.32670115801233,76.13651865844137,14033400
2011-10-13,76.75379180908203,77.36448051604589,76.30905513872658,76.35552008840104,11263300
2011-10-14,75.638671875,76.07677456715948,75.41298629247127,75.59220689834393,8411000
2011-10-17,76.94631958007812,76.97951101262912,75.81788177356646,75.87098603992742,9664000
2011-10-18,76.46837615966797,77.5437145510482,75.87097100653509,77.09233850502076,12495600
2011-10-19,76.44186401367188,76.82685738361054,75.77807570538074,76.03031343938234,6629300
2011-10-20,75.89753723144531,76.78037671651981,75.71831665311906,75.97719363531355,7832100
2011-10-21,75.09436798095703,75.80462125394749,75.09436798095703,75.57893566454061,9906300
2011-10-24,75.22049713134766,75.72497770549253,75.04127650153876,75.62540843813056,6344500
2011-10-25,77.1321792602539,77.23174849336289,75.24038408838936,75.26029692215086,11791200
2011-10-26,75.78472900390625,77.1388581011336,75.71835116924204,76.59455175400042,12747000
2011-10-27,73.21586608886719,74.90852355219805,72.89724541315455,74.68947215416459,19471400
2011-10-28,73.98584747314453,74.31774164181877,73.52119766272185,73.61412762480639,10127900
2011-10-31,76.91983032226562,76.91983032226562,75.31346293404086,75.41303224878163,15242100
2011-11-01,79.4946517944336,79.52127263103924,77.97729964974937,79.00217901074258,24400600
2011-11-02,78.50300598144531,78.76920912168247,77.47812719184392,77.61788269805285,13181100
2011-11-03,77.42493438720703,78.09709659788362,77.19200839659806,77.42493438720703,8386700
2011-11-04,77.5180892944336,77.89742725775581,76.88585597062695,77.01230365086917,7583700
2011-11-07,78.01055145263672,78.76257080053902,77.41159551840296,77.62455706419676,9279700
2011-11-08,77.01231384277344,78.22353391028999,76.86590178888598,77.69778384287825,7539400
2011-11-09,78.6095199584961,79.281676930194,77.91073707723659,78.70269033234342,13004500
2011-11-10,77.43818664550781,78.27006815804774,76.67285463849073,77.71769761514479,11644600
2011-11-11,76.96566772460938,77.31172815106952,76.86584094167245,77.08545884865349,2483900
2011-11-14,78.20352172851562,78.26341476262141,77.33836289048396,77.45815403609755,9252600
2011-11-15,78.09706115722656,78.83577259036137,77.67779456439472,78.32998704213315,7587500
2011-11-16,78.80915832519531,78.81581480171926,77.98393294536294,78.50302641134466,7470000
2011-11-17,79.44136810302734,79.96711789014405,78.55624485089153,78.55624485089153,9907900
2011-11-18,79.42144775390625,79.56120841894052,78.74263417436588,79.31496948222006,6792600
2011-11-21,79.89391326904297,80.3464570759866,79.80074293326656,80.11352615914308,7345600
2011-11-22,80.78571319580078,80.79902614930474,79.76083410437151,80.09358685831333,7866300
2011-11-23,81.5776596069336,81.89044798207334,80.54612412433278,80.63264308271829,10129300
2011-11-25,80.39303588867188,81.10512630004392,80.35310212120847,81.05854113583835,4311900
2011-11-28,80.3531265258789,80.62598619724248,78.91563739565743,78.94890962167986,7661900
2011-11-29,79.69429016113281,80.47293044141608,79.24840265814028,79.88063090403092,8952800
2011-11-30,78.44977569580078,78.90231957650205,78.03716559222835,78.75590757430409,11806800
2011-12-01,78.0561752319336,78.21628903799927,77.25560111167908,77.5825016169583,9647200
2011-12-02,79.15027618408203,79.17696266021059,77.76260996494565,77.80264222410095,7764900
2011-12-05,78.99017333984375,79.27704663548806,77.97610746643453,78.0561669058907,7862800
2011-12-06,78.23627471923828,78.91676705964434,77.90270143980277,78.59653447181955,8506300
2011-12-07,78.51648712158203,78.88341470762245,77.95608131555566,78.27631393184569,6588300
2011-12-08,79.49720764160156,79.61062136533438,78.3297008515943,78.53651471133365,8800500
2011-12-09,77.8626937866211,79.47718764208237,77.80932082695487,79.4371604672955,9855100
2011-12-12,78.73001861572266,79.05024632422649,78.46315879868436,78.663304933945,5734600
2011-12-13,79.46385192871094,79.81076600843822,78.16291776732628,78.24297212191863,8901800
2011-12-14,80.96495056152344,80.98496415472104,79.717383989626,79.91753010145624,11247700
2011-12-15,80.6647720336914,80.93829974448433,80.30451192758201,80.4979852303035,5438700
2011-12-16,81.60535430908203,81.80550028188763,80.91819427366552,80.97823501155308,9321900
2011-12-19,82.63944244384766,82.7395103513362,81.5653361241287,81.60536328712412,7845100
2011-12-20,80.57798767089844,81.83889468411495,80.46457393932207,81.83222688102883,13945400
2011-12-21,79.45719146728516,80.61135779584968,79.43717787550585,80.47792536744318,11600100
2011-12-22,79.79073333740234,80.33779335262993,79.62394668532168,80.05759299871634,5247400
2011-12-23,78.90340423583984,79.19695028711615,78.54981745039696,79.0968773069153,5409700
2011-12-27,79.27824401855469,79.27824401855469,78.72273127437158,78.93690615445387,4270300
2011-12-28,80.74402618408203,81.0184405292115,79.27826345723571,79.47236028776634,8302300
2011-12-29,80.8912353515625,81.04517080110959,80.35579571218716,80.63690433134117,4305000
2011-12-30,81.15225982666016,81.49360272044595,80.9113125023797,81.05855865681006,5948800
2012-01-03,79.93415069580078,80.4495072020794,79.59950215484982,79.92745629520894,9076900
2012-01-04,78.98377227783203,79.83377756411083,78.76290295316917,79.82039386549472,8417100
2012-01-05,78.84319305419922,79.71327613908615,78.6892524887999,79.09082969000394,6465800
2012-01-06,79.46565246582031,79.61958794999862,78.78296651671477,78.80973901533969,7348500
2012-01-09,79.32504272460938,80.00772821890551,79.17780173976317,79.29158095336966,5582400
2012-01-10,79.19119262695312,79.55930788835867,78.76284310804252,78.79630998865358,8932500
2012-01-11,80.22199249267578,80.3558499396868,79.63301257695922,79.67316878979567,8634500
2012-01-12,80.10819244384766,80.44284108120175,79.8070056064292,80.28220605871205,7205400
2012-01-13,80.90457916259766,81.4132460586226,80.85772860022222,81.05182524615711,9819000
2012-01-17,81.27941131591797,81.40657424545465,80.8711398278171,80.95145218198138,5449900
2012-01-18,80.29562377929688,81.39327129658942,80.25546756238013,81.33972626981055,5804000
2012-01-19,79.19119262695312,80.02111918155131,78.92347290105172,79.86718378593011,8625700
2012-01-20,78.29438781738281,78.95029620641924,78.28769341568544,78.78297190831144,6548200
2012-01-23,77.79913330078125,78.0668532990975,77.33732153767833,77.72551017358593,7274800
2012-01-24,77.93966674804688,78.1136854718137,77.49123879289107,78.1136854718137,5776500
2012-01-25,77.75225067138672,79.33179239414568,77.56484828162417,77.67862757450398,12867600
2012-01-26,78.78292846679688,78.78292846679688,78.03331418633744,78.07347546804405,7638500
2012-01-27,79.03058624267578,79.1979104826342,78.31443869990702,78.86326200271738,5165300
2012-01-30,79.96094512939453,80.57669738815848,79.87393321682312,80.20858184958607,8388400
2012-01-31,80.88453674316406,80.92469803314255,79.77350644281712,79.82035702584987,7998300
2012-02-01,79.95803833007812,80.44108821307249,79.70980294060266,80.34045196768665,7925200
2012-02-02,79.9244613647461,80.15928088915481,79.5957211965721,79.8104093845631,5596900
2012-02-03,78.20704650878906,78.36135622209416,77.80450632955224,78.13324687876177,12467400
2012-02-06,78.98523712158203,79.03220002259688,78.05267931244894,78.2874989360955,6180600
2012-02-07,78.00568389892578,78.41493405944063,77.67023328332805,78.24050342470034,8794800
2012-02-08,78.06607055664062,78.35455830145973,77.81112992204925,77.95872389876823,7613400
2012-02-09,77.48237609863281,77.8513737962686,76.89869534600685,77.73061137873052,11477700
2012-02-10,78.48875427246094,78.71686341279089,78.17342979179482,78.36128648559598,7193100
2012-02-13,78.58937072753906,78.74368026468107,78.11303146207406,78.22708344424802,6422900
2012-02-14,79.00533294677734,79.35419934599106,78.64975610183728,78.79064475066804,8271200
2012-02-15,78.86447143554688,79.3475162040828,78.82421386590647,78.93827100822017,6846100
2012-02-16,78.23380279541016,78.89799366443197,77.9117679118588,78.67659500190108,9036200
2012-02-17,78.21366119384766,78.23378741037968,77.66352242816997,77.73061152279996,6338000
2012-02-21,77.34821319580078,77.77087918142989,77.12010408711703,77.67024296049796,8338300
2012-02-22,78.32105255126953,78.33447344987611,77.69711384896316,77.75078720624336,7736800
2012-02-23,78.32105255126953,78.64308757637765,77.77762388488345,77.91851260881418,5163900
2012-02-24,78.8309326171875,78.88460596998004,78.46193471495458,78.64979144972848,5676900
2012-02-27,79.52870178222656,79.73667970697949,79.24692424832106,79.50186509539157,8180700
2012-02-28,79.2669906616211,79.93118152415998,79.12610200099591,79.75004042294783,6615700
2012-02-29,78.78395080566406,79.44814175171054,78.46862633189886,79.41459975319447,14235000
2012-03-01,78.04227447509766,78.45918319077845,77.69261290696062,78.11624223320614,12265600
2012-03-02,78.77522277832031,78.99712604268214,78.37176556235859,78.40538400438392,6669600
2012-03-05,78.14984893798828,78.97021471066671,78.14984893798828,78.64744591493377,6921900
2012-03-06,79.09797668457031,79.42074549543284,78.97021841234731,78.97693902177639,6299700
2012-03-07,78.61385345458984,79.0845527599018,78.54660629934158,78.98368715726704,5567500
2012-03-08,77.82709503173828,78.38521350913831,77.75985301608166,78.21710590487832,7982100
2012-03-09,77.98176574707031,77.9952120997384,77.26226531874468,77.65899685042291,6975600
2012-03-12,77.96827697753906,78.35156197325153,77.91448646235328,78.2170779899344,5280000
2012-03-13,76.59657287597656,77.60521878608273,76.58312139090832,77.51107378132016,14413600
2012-03-14,74.6666259765625,75.81648063261312,74.6061046103316,75.78285708134777,24515300
2012-03-15,74.7809829711914,75.13737025664805,74.55907971148706,74.57253119220432,14154000
2012-03-16,74.92891693115234,74.93564267137215,74.10182531216007,74.3035564768616,13427200
2012-03-19,74.03457641601562,74.96253353106563,73.75888265548005,74.88184004664159,14011400
2012-03-20,74.33049774169922,74.55240112649032,73.86651886990684,74.25652994676885,9443800
2012-03-21,75.17098999023438,75.23823199967738,74.51200598512538,74.54562955496512,10242000
2012-03-22,75.41307067871094,75.56100618812295,75.22479098681815,75.50721052465734,8009800
2012-03-23,76.12584686279297,76.24688454301452,75.75601321173161,75.7761853033957,8465300
2012-03-26,75.7358169555664,75.99134373305672,75.17770374892503,75.8703060832549,8118600
2012-03-27,76.28048706054688,76.45531522686991,75.78288499574447,75.83668064549103,6972300
2012-03-28,76.17289733886719,76.61670376311586,75.88375212828458,75.93082204022893,7886000
2012-03-29,76.74452209472656,76.78487142957444,76.37468824859201,76.67055429945172,7692900
2012-03-30,75.44670104980469,76.83863199807944,75.4399804384865,76.7982878092197,9467500
2012-04-02,75.86466979980469,76.38378577339728,75.64219152540785,76.1815318614855,8944000
2012-04-03,74.5500717163086,76.47820742873284,74.54332854429782,76.18831275466813,14774300
2012-04-04,75.57477569580078,75.58826203322069,75.10959992542742,75.35229742014836,10095600
2012-04-05,76.1208724975586,76.22873749810229,75.72985094058312,76.18154559595226,6364100
2012-04-09,77.90070343017578,78.04901719097589,77.69170627246498,77.89396025901542,14374600
2012-04-10,78.78382110595703,79.07371556891731,78.05571336500618,78.17032148806435,14421300
2012-04-11,77.84001922607422,78.24452202471907,77.76585977957726,78.00856248747058,8713000
2012-04-12,77.51640319824219,78.03551407406935,77.40853306410449,77.9815790070005,9008500
2012-04-13,78.7703628540039,78.81081672749848,78.2849626638505,78.30518702883215,8607700
2012-04-16,78.6557388305664,79.28271973623444,78.58832257971042,78.67596319147017,7735000
2012-04-17,78.60856628417969,78.76362832848247,78.37260677635503,78.56137438261476,5398600
2012-04-18,78.8377685546875,78.95911986393116,78.69619288449161,78.91192797386586,4074400
2012-04-19,78.91191101074219,79.19506229026699,78.8916815106083,79.04674348379329,5374300
2012-04-20,78.9254379272461,78.96588666389016,78.42655131568476,78.58160823517511,5043300
2012-04-23,79.49845123291016,79.82879959117888,79.4108106251105,79.62654570421967,5170100
2012-04-24,78.93892669677734,79.39062658793576,78.9321886690451,79.28949959309335,4336600
2012-04-25,78.53440856933594,79.09397337411494,77.99507327441259,78.48047864031574,8859500
2012-04-26,79.00630187988281,79.188326249234,78.60179413727202,79.1613587234913,5133000
2012-04-27,79.07371520996094,79.12090709239003,78.73662886588754,78.89168570378482,3112900
2012-04-30,79.0940170288086,79.38391177436293,79.00637634518871,79.26256036590915,4198400
2012-05-01,78.68377685546875,79.48798441633491,78.44048725984486,79.35958014198623,7214300
2012-05-02,79.23793029785156,79.28523631865627,78.93382090067408,79.21765702550235,3565700
2012-05-03,79.2176284790039,79.31899996018984,78.77159602417292,78.8256615016011,3522900
2012-05-04,79.83940124511719,79.87319347241868,79.33930824806913,79.39337374936352,6367300
2012-05-07,79.85291290283203,80.05565078020825,79.75829570622636,79.96103873957212,3228200
2012-05-08,80.27865600585938,80.76523509395726,80.19080345338512,80.21107672272773,6051600
2012-05-09,80.3327407836914,80.80580103516962,80.04214515607764,80.72470278235762,5828900
2012-05-10,80.09619903564453,80.16378348551665,79.36633544314017,79.75829741016246,6300000
2012-05-11,80.75846862792969,80.82604790521127,80.3935343434471,80.75170915341103,5234300
2012-05-14,81.88705444335938,81.97491213979944,81.50184691056987,81.68431662166222,8789400
2012-05-15,82.21823120117188,82.26553722550058,81.65055375325757,81.83301837396255,6766400
2012-05-16,82.45472717285156,82.5696124477868,81.58294066617015,81.75865089346205,6462300
2012-05-17,83.91448211669922,83.98882088118573,82.46150420532993,82.46826368100214,14863400
2012-05-18,83.93468475341797,84.09688109724082,83.1980623600909,83.3061881000079,10137700
2012-05-21,83.75904083251953,84.10369671343761,83.54278403909365,83.73200808884522,9583500
2012-05-22,82.82642364501953,83.04268042388506,82.48852210579413,82.95482787983505,12475500
2012-05-23,83.4008560180664,84.15099265236492,83.36706380352653,83.49546803161643,11744900
2012-05-24,83.08320617675781,83.65763758291457,82.95480198202904,83.27918962704032,10256200
2012-05-25,83.39408874511719,83.48870074981927,83.21837852668435,83.41436200955798,4723600
2012-05-29,83.13725280761719,83.6711376037858,83.12373902111678,83.38730168358452,5874100
2012-05-30,85.24581146240234,85.36745623925692,84.67813927439369,84.69165306916908,17170800
2012-05-31,86.2324447631836,87.23263527456504,85.60394789088873,85.84723733538783,31174500
2012-06-01,88.27969360351562,88.2932404816634,87.04041775062373,87.27066301293404,23526000
2012-06-04,87.5821304321289,88.15774326731778,87.3180232881635,87.56858356152604,11681200
2012-06-05,86.41057586669922,87.11486332036121,86.40380243126107,87.04037103039386,12482800
2012-06-06,84.6837158203125,86.41056973810994,84.6837158203125,86.38348116489601,20806700
2012-06-07,84.81240844726562,85.15100797574661,84.23679028217168,84.41286348363506,18898200
2012-06-08,84.7920913696289,85.97041625523305,84.35868439638098,85.83497851357507,11239600
2012-06-11,85.1781005859375,85.46929640086603,84.49412805940882,84.50767493449518,10693800
2012-06-12,84.39933776855469,85.07653699529413,84.31130372906179,84.62958819228854,10921700
2012-06-13,85.23220825195312,85.51663039741149,84.22995214421417,84.54823628315725,11100000
2012-06-14,85.1239242553711,85.51670097083121,84.77855643656015,85.29322402928123,7688200
2012-06-15,85.59790802001953,85.90264533742406,85.42183492924899,85.71980398030445,6421400
2012-06-18,86.05841827392578,86.23448622872449,85.50311550633934,86.10582197969718,6698400
2012-06-19,84.93431854248047,85.5776608530514,84.87337309724323,85.51671024119453,8227900
2012-06-20,85.35411834716797,85.67240253888338,84.03357788153696,84.35863550639532,13720300
2012-06-21,85.80791473388672,86.17360294200438,85.25261156599402,85.29324186691147,9776600
2012-06-22,84.66343688964844,85.47607898334562,84.65666861800017,85.25937545835029,7830400
2012-06-25,85.89595031738281,86.01784638894455,85.50994695187406,85.57089757096504,6113800
2012-06-26,85.55729675292969,85.97038844797564,85.2864213572288,85.40154391706338,5359700
2012-06-27,85.69277954101562,85.86207932551267,85.34740653398823,85.70632125046286,5860700
2012-06-28,85.90267944335938,86.32931805705265,85.86204916267147,86.20742204837137,5257800
2012-06-29,84.78531646728516,85.07651225677411,84.39931322695037,84.67019387220358,8881900
2012-07-02,85.66011047363281,86.33197963508906,85.0832529035848,85.13754154314421,7818500
2012-07-03,85.00178527832031,85.5107780045378,84.97463837825971,85.4768430850266,5773100
2012-07-05,85.43611145019531,85.72793410628182,85.0017714752397,85.0696361255001,5974700
2012-07-06,86.23019409179688,86.3319937214139,85.92480038069007,85.96551816143919,5818300
2012-07-09,86.99022674560547,87.04452053419315,86.26406932864289,86.44730439295053,5647000
2012-07-10,87.16670989990234,87.37030907838717,86.67807601373252,86.77308758296086,4288000
2012-07-11,87.27531433105469,87.86574274252695,87.04456302803736,87.26852113198906,5960900
2012-07-12,87.89289855957031,87.9268334938783,87.47891721418405,87.58072201710804,6421000
2012-07-13,87.66213989257812,87.70965086212341,87.27531071486145,87.70285766333926,4175300
2012-07-16,88.06929779052734,88.6393670298665,87.96071021480145,88.42898507407332,5283500
2012-07-17,87.37706756591797,88.10323535049497,87.30241489979774,87.723178824031,5590900
2012-07-18,87.42457580566406,87.77746989322186,87.40420657418845,87.72317610540962,4011000
2012-07-19,87.20063018798828,87.6146113177544,86.9427372481555,87.18027130910492,5246300
2012-07-20,88.2660903930664,88.42897173208003,87.83175051117638,87.9539141043065,6365900
2012-07-23,88.76152801513672,89.20266119663079,88.57150491881013,89.11443248923555,6141100
2012-07-24,89.46055603027344,89.60985101872903,88.41541862270806,88.4629295755439,6748800
2012-07-25,89.6913070678711,89.72524198725114,89.2298149463661,89.33161970450624,5328000
2012-07-26,88.87016296386719,89.43344971228379,88.83622803097701,89.26378540332051,6606200
2012-07-27,87.19384765625,88.23219202823432,86.16229130397083,88.15075650274031,14685100
2012-07-30,87.84532928466797,87.87247099761025,87.0377261145258,87.1327376430437,6025300
2012-07-31,88.02176666259766,88.14393024615184,87.26167451774073,88.09641930935888,7448600
2012-08-01,87.58181762695312,88.23470731270831,87.15335844638476,87.41179546035673,7972000
2012-08-02,88.07829284667969,88.88080299130797,87.81986617072404,88.13270119354695,7972000
2012-08-03,86.65691375732422,87.07176834092783,86.21485499904725,86.94254980839582,9084800
2012-08-06,86.69087219238281,87.14653019094675,86.62286438775075,86.8268878016469,3673600
2012-08-07,85.5755386352539,85.77956207547699,85.30350219295956,85.66394827381755,6613600
2012-08-08,85.11988830566406,85.95639434498328,85.03827580896734,85.79997687881128,7250700
2012-08-09,85.05867767333984,85.2151003282446,84.16096096393774,84.85464902584044,7553500
2012-08-10,85.4871826171875,85.90883965224725,85.41917475699519,85.8272271068162,4670500
2012-08-13,85.3443374633789,85.94961604769138,85.3443374633789,85.76599436459236,3543700
2012-08-14,84.18814849853516,84.60980519869437,84.16094433833169,84.30376228790263,7994000
2012-08-15,83.00477600097656,83.78687336593686,82.9027617220412,83.66445726894678,11191000
2012-08-16,82.29753875732422,83.31086951327161,81.96429154343215,83.11364315872282,13240000
2012-08-17,82.69877624511719,83.0524252378341,82.50835225919168,82.56276059478881,6341100
2012-08-20,82.86878204345703,83.1000148297656,82.63075210803899,82.66475860824019,4427100
2012-08-21,83.23602294921875,83.27682659485083,82.05947286508115,82.61034283576622,9532700
2012-08-22,84.60980987548828,84.67781768542456,83.793700590263,84.00452635766446,11384400
2012-08-23,84.96345520019531,85.10627316034972,84.77303125332277,84.83423672681892,7139100
2012-08-24,84.88182830810547,85.39189458866278,84.78661635082777,85.33068912555392,5001400
2012-08-27,85.37828063964844,85.55510503977672,85.1946539041063,85.24225987467989,3906100
2012-08-28,85.58231353759766,85.93596237724914,85.4122914539435,85.52110807804002,3412600
2012-08-29,85.2082748413086,85.43950240290431,84.97704209105024,85.42590291814211,3762700
2012-08-30,85.6503677368164,85.99041206775354,85.50754974046258,85.87479305184974,3886400
2012-08-31,86.86090087890625,86.86090087890625,85.50752626614354,85.54152757670407,9192600
2012-09-04,86.7736587524414,86.98493445482893,86.39199807722865,86.50104175597369,6009300
2012-09-05,86.36474609375,86.68507071258489,86.24888554643361,86.43289905101038,3466700
2012-09-06,84.92671966552734,85.55373536413995,84.88582891988615,85.55373536413995,6505100
2012-09-07,84.53140258789062,85.99671457964553,84.4564327743773,85.96945235657365,7335300
2012-09-10,84.73588562011719,84.73588562011719,84.17702292144553,84.2997003528485,4912100
2012-09-11,84.20426940917969,84.57911329080301,84.02706755256023,84.52458884265278,3523300
2012-09-12,83.15473175048828,83.42734890483526,82.92982220817156,83.297854586579,7040900
2012-09-13,82.82759857177734,83.89079986243816,81.96885626792192,83.4137236934853,12280200
2012-09-14,80.6261978149414,81.68258187505879,80.45581278591553,81.62124576048393,16871600
2012-09-17,81.59400177001953,81.71667922632895,80.96698597098897,81.01469358179044,5573300
2012-09-18,82.00288391113281,82.39817831722371,81.75752912112722,82.26868406701604,5366200
2012-09-19,82.54129028320312,82.7253037517732,82.20052036384376,82.69804153425609,5903300
2012-09-20,82.7457504272461,83.36594894747978,82.45268810237592,83.24327157428444,4604200
2012-09-21,82.8411636352539,82.90249972054052,82.24140529163749,82.29592972282734,4144300
2012-09-24,83.4886474609375,83.62495337689714,83.27055487555965,83.31826246611926,3627400
2012-09-25,84.31336212158203,84.33380750158997,83.23652704341254,83.69316306246556,5893500
2012-09-26,85.21977233886719,85.25384622306895,84.81766098727628,84.89263081215361,7193400
2012-09-27,84.6131820678711,85.05618405560867,84.35419357056213,84.88579907568936,5147700
2012-09-28,84.66089630126953,85.35606478603601,84.38146241638886,85.02211165510076,7173400
2012-10-01,84.97509002685547,85.00924059659722,84.26480090351897,84.66775574176114,4842600
2012-10-02,84.8590087890625,85.04340836658353,84.55850037020936,84.6268015276918,3540100
2012-10-03,84.88626098632812,84.89309213879595,84.42867277319337,84.59258395792293,3800900
2012-10-04,83.82764434814453,84.55159529691751,83.71154082611253,84.31938304221165,6214800
2012-10-05,82.74173736572266,83.10371028564349,82.58465212335418,83.02858324068151,8340700
2012-10-08,83.43836212158203,83.50665801272041,83.11053975986084,83.30860149161187,1568400
2012-10-09,83.2881088256836,83.44519406637194,82.898816510791,82.96028646084906,4752700
2012-10-10,83.87549591064453,83.97794239399735,82.81689614438429,82.95348798175831,5429800
2012-10-11,84.45599365234375,84.45599365234375,83.24713496584359,83.29494261267088,5194100
2012-10-12,84.66773986816406,85.22094356187678,84.53797398024848,84.73603578419801,4934900
2012-10-15,84.47647094726562,84.78380503550406,84.29889747751082,84.5379356806565,3036100
2012-10-16,83.30865478515625,83.9643051386685,83.28133536909584,83.9369857226081,5398700
2012-10-17,82.5368423461914,82.81686227211742,82.34561176782363,82.75539232298922,6932500
2012-10-18,82.03145599365234,83.00127130224426,81.86754479474853,82.72125655456037,8558600
2012-10-19,83.14471435546875,83.19252201715149,82.14757940419689,82.18855591116944,7616700
2012-10-22,82.61200714111328,83.2130185492959,82.5983500409785,82.93300370605161,6910600
2012-10-23,83.79359436035156,83.82091378673547,83.33600048173065,83.39063933449849,5760600
2012-10-24,82.96713256835938,83.52033616538627,82.96713256835938,83.22665908818756,6824500
2012-10-25,82.54370880126953,83.00812835192107,82.18173573588497,82.33881583073558,5292500
2012-10-26,83.75940704345703,83.76623819971928,82.82373664005924,82.9398454539353,5889400
2012-10-31,84.25111389160156,84.48332100934331,83.75254388785675,83.78669444547454,5025600
2012-11-01,83.5613021850586,83.92327512095451,83.37690274605905,83.84814807267692,3659700
2012-11-02,83.49986267089844,83.53400802365948,82.80323077832482,82.83055018692029,3527800
2012-11-05,83.97107696533203,84.17596984840867,83.86180458216229,83.88229282834148,2935700
2012-11-06,83.17884826660156,83.90962535496718,83.1720171132589,83.69790649713441,4484600
2012-11-07,84.6882095336914,85.05018249880185,84.52429832905793,84.65405897784794,10071000
2012-11-08,85.94487762451172,85.95853993219335,84.29892387264508,84.54479330447768,8579500
2012-11-09,86.04053497314453,86.04053497314453,85.49415706618124,85.80149138219441,5036900
2012-11-12,86.18391418457031,86.31367483325192,85.91072536998057,85.94487071515225,2072200
2012-11-13,86.47078704833984,86.61421004831017,86.04734399320492,86.60055294811318,2863800
2012-11-14,86.5527114868164,86.59368798205291,85.78095275557659,85.86291095669245,4694600
2012-11-15,86.38201141357422,86.75081047246056,86.0541836593309,86.12247958836002,5549600
2012-11-16,86.306884765625,86.8669197235332,86.24541478173565,86.30005360949387,4591100
2012-11-19,85.82196807861328,85.92440935683163,85.5760985895995,85.68537102324737,3621600
2012-11-20,84.96141052246094,85.8287795323501,84.94774821390861,85.69901886496693,4659300
2012-11-21,84.91358184814453,84.97504658948583,84.70185780313597,84.81796655451848,2422800
2012-11-23,84.83163452148438,84.99554573004487,84.76333861880445,84.89310448134667,987200
2012-11-26,85.23458099365234,85.72631457195884,85.20043044028085,85.48045038812703,2799000
2012-11-27,85.5692367553711,85.63753265324577,85.16628209981745,85.33019850748826,2544400
2012-11-28,85.44630432128906,86.19073848596116,85.43264201496595,86.03365843774739,3569700
2012-11-29,85.4599838256836,85.67170794406347,85.13899249192642,85.27558432711481,2761000
2012-11-30,85.22772979736328,85.7399567136151,85.17309100907576,85.69898022772028,3702300
2012-12-03,85.30644226074219,85.39540105158912,84.59475627128863,84.66318651200878,5427800
2012-12-04,85.79916381835938,85.81969759433092,85.42963416428107,85.5528107156405,2586300
2012-12-05,85.75811767578125,86.09342963368388,85.65546966637177,85.81286397691892,1978200
2012-12-06,85.94290924072266,86.27822653393409,85.88816814180133,86.12767676488347,2301200
2012-12-07,85.14910888671875,85.51179412064542,85.0875179714105,85.19701061156007,4020900
2012-12-10,85.52548217773438,85.5939124664728,85.22438264220966,85.51179298744886,2134300
2012-12-11,84.87535858154297,85.0669654268958,84.73849804083237,85.03275290216564,3777900
2012-12-12,83.88994598388672,85.08749398827005,83.87626201817326,84.73849804317986,7119700
2012-12-13,83.95152282714844,84.29367934254749,83.57514857185183,83.68464116280869,6381500
2012-12-14,84.5810546875,84.65632950752156,84.22521435540061,84.30048917542216,3832800
2012-12-17,83.31509399414062,84.5263255069652,83.28772085215284,84.5126415464178,6870000
2012-12-18,82.46658325195312,83.33565869829444,82.04915179211105,83.07562156794005,12024200
2012-12-19,82.74032592773438,83.24671632207448,82.61030472640391,82.7813830561982,4880500
2012-12-20,82.75395965576172,83.23982119089612,82.54182432629415,83.00031271877256,4567900
2012-12-21,83.65725708007812,83.78043361835692,83.45196110931566,83.69831418587324,6087700
2012-12-24,83.5067138671875,83.54093160526334,83.39722650295366,83.48618531269952,1071100
2012-12-26,83.80709075927734,83.81395041524941,83.53962173259501,83.63563598666639,2247800
2012-12-27,84.08831787109375,84.55467527692868,83.55337957106863,83.58766740197032,4262700
2012-12-28,84.56836700439453,84.58894074397357,84.20488365213706,84.45177899185637,3928200
2012-12-31,83.10760498046875,84.3352224802846,82.92243602270752,84.26664157860961,6423000
2013-01-02,81.99654388427734,82.22972513882415,81.89367518766811,82.13371086706528,7472700
2013-01-03,80.88551330566406,81.9485298629307,80.85807991141148,81.87308933683234,10004300
2013-01-04,81.20101165771484,81.22844505945636,80.48775890959463,80.69350680646279,9574600
2013-01-07,81.23529052734375,81.42732431835772,80.92667394846072,81.18042896229697,4193100
2013-01-08,81.77023315429688,81.81138063577612,81.4890447444934,81.63992581976495,4380900
2013-01-09,81.69477844238281,81.98282122753275,81.52332365611954,81.78393304758117,3870300
2013-01-10,81.46844482421875,81.81821400155273,81.17354242614974,81.35871126568885,5602800
2013-01-11,82.19540405273438,82.20226370763068,81.16667557840132,81.28326354972035,4770700
2013-01-14,81.9691162109375,82.49034031715361,81.8662475071458,82.32574515870117,3064600
2013-01-15,82.3463363647461,82.77840070946732,82.27775547021068,82.71667947410151,5357800
2013-01-16,82.5177993774414,82.76469480809378,82.3051970136414,82.73040174124142,4286100
2013-01-17,81.69477844238281,81.98968088405104,81.44102347505464,81.83879983495778,7019200
2013-01-18,82.32572174072266,82.44230972677967,81.92794542459184,82.0033859408368,4660000
2013-01-22,82.48345184326172,82.50403080921639,81.8730733295376,81.98966654041176,3874100
2013-01-23,82.36003112792969,82.69608632736777,82.26401685162898,82.53148594023602,2848800
2013-01-24,82.07200622558594,82.27775413824824,81.79082299282669,82.20917324482306,4178900
2013-01-25,80.94725799560547,81.33817482040888,80.76894349743954,81.21472712666115,8750700
2013-01-28,80.65234375,80.73464394467567,80.24085324139307,80.25456732431283,6059900
2013-01-29,80.20654296875,80.98152191319845,80.15168141646159,80.6660457499056,5553900
2013-01-30,80.06941223144531,80.21343367266901,79.6647813107292,80.01454542553535,9586800
2013-01-31,80.4603042602539,80.47401834130993,79.93222580524493,80.26141607443924,6789200
2013-02-01,79.41558837890625,81.00334858157132,79.3949689337822,80.92087080107513,10928600
2013-02-04,80.43287658691406,80.61158723753515,80.02047183041317,80.13731888335307,9291900
2013-02-05,79.71797180175781,80.02727377617185,79.6354888280445,79.91729647788745,6676500
2013-02-06,80.37097930908203,80.39847364540121,79.7661196420854,80.08916629481676,5892000
2013-02-07,80.19223022460938,80.82458392417358,80.1578662537235,80.26096341038706,5951700
2013-02-08,80.50154876708984,80.5290430940753,79.88981441268167,80.28159939521282,5603400
2013-02-11,80.439697265625,80.68026610776288,80.3640891660949,80.45344705318,3679900
2013-02-12,80.24037170410156,80.43282678837949,80.04791661982365,80.20600772134208,4513700
2013-02-13,79.58738708496094,79.91730854160423,79.42242635663929,79.59426197814304,6586400
2013-02-14,80.30912780761719,80.4465995098679,79.72488749407712,79.93109242544855,7096000
2013-02-15,80.07538604736328,80.24034674772282,79.77982861871577,80.18536334360705,5861800
2013-02-19,79.67668914794922,80.35028666406153,79.6217005254087,80.32279235279127,7383600
2013-02-20,79.91731262207031,79.98605106938712,79.43617495489639,79.51865794527217,9603900
2013-02-21,80.38468933105469,80.63213300764502,80.24034806037804,80.35032535842093,8297400
2013-02-22,80.439697265625,80.65277177666033,80.33659483499235,80.40533328475243,5316900
2013-02-25,82.02059173583984,82.03433628014446,79.93106965301894,79.97230852994053,15948700
2013-02-26,81.54631042480469,82.25427233163053,81.51194120361615,81.60817397414266,9822100
2013-02-27,81.30577850341797,82.16495698294008,81.10644846688773,82.1305877461555,7459600
2013-02-28,81.45694732666016,81.56004973297344,81.09265670249198,81.40195867742558,6023400
2013-03-01,81.90052795410156,82.11406002632602,81.65255285171963,81.85919526685886,7786800
2013-03-04,81.466552734375,81.94872878457352,81.45966833392421,81.82474125798161,4511400
2013-03-05,81.23236846923828,81.41834715776767,81.060163838824,81.32880264184882,6539300
2013-03-06,80.4953842163086,80.9362279310004,80.4884945552214,80.66758895658732,6514900
2013-03-07,79.87541198730469,80.25426435622742,79.8409742071195,80.18538354058767,8526700
2013-03-08,79.04196166992188,79.46214158157362,78.95241711286864,79.12462182238917,15423600
2013-03-11,79.11775207519531,79.37261700132852,79.03509190192378,79.29684648964762,5815800
2013-03-12,79.68946075439453,79.75834159379988,79.37260468891293,79.38637875468552,9264200
2013-03-13,79.60680389404297,79.7239018514135,79.2348410395089,79.37949238483803,7371500
2013-03-14,79.36569213867188,79.65499473389984,79.20037712072298,79.27614234352774,9352100
2013-03-15,79.73762512207031,79.82027997257312,79.42076926618486,79.44143297881057,9673400
2013-03-18,80.34382629394531,80.50914133834276,80.00630654551331,80.47470355069815,9152200
2013-03-19,80.88800811767578,81.20486419859421,80.38516798050367,80.44027475682117,11986200
2013-03-20,79.98564910888672,80.58491816265749,79.95809572344298,80.39204971982225,8543900
2013-03-21,80.75711059570312,80.76400025483376,80.2680499028308,80.4953613567105,6119400
2013-03-22,80.819091796875,80.93618970369234,80.43334978725737,80.79842807864478,6323800
2013-03-25,80.74333953857422,81.12907637992755,80.36448710133769,80.43336792939787,5839800
2013-03-26,80.83976745605469,81.21861986379999,80.4402513270269,80.50224774614426,5093200
2013-03-27,81.5285415649414,81.81095435999279,81.4045540498472,81.48721414499902,7742900
2013-03-28,81.1153335571289,81.59061513248308,81.06022677134884,81.36330883786688,5826400
2013-04-01,81.7262191772461,81.74692774067633,81.10493594096738,81.12564450439761,6113800
2013-04-02,81.3948745727539,81.55364374257735,81.2844218748989,81.50532200393441,5438000
2013-04-03,82.12663269042969,82.347532893239,81.62960591743966,81.67102305963007,9527400
2013-04-04,83.10688018798828,83.12068941369712,82.47179273896982,82.55462702651698,9365700
2013-04-05,84.78433990478516,85.20543174014325,84.65317859868718,84.82575704705766,18626200
2013-04-08,84.13543701171875,84.8188514085715,84.06640669082704,84.68078550011221,8020300
2013-04-09,83.92829895019531,84.38390302574555,83.79023311921574,84.2389378532217,7176100
2013-04-10,82.7754898071289,83.29322490394605,82.76858519783603,83.24489790556966,10765200
2013-04-11,82.93424987792969,83.17585851000159,82.76167153121072,82.95495843686825,7501800
2013-04-12,84.16992950439453,84.17683411441098,83.4589074062559,83.75574243687123,9253000
2013-04-15,84.90168762207031,84.92930080439153,84.12853958378005,84.308017368854,12948400
2013-04-16,84.2044448852539,84.57720954871704,84.13540932040785,84.16302249301144,6553500
2013-04-17,84.7636489868164,85.27447982571105,84.42539663223401,84.42539663223401,9020900
2013-04-18,84.97074890136719,85.06049309327608,84.63249651138193,84.77746182137561,7009500
2013-04-19,84.79122161865234,84.89476971304566,84.65315573723629,84.86715653676245,5474300
2013-04-22,84.85334014892578,85.1087580579678,84.6807617617371,84.79811380102355,4519400
2013-04-23,84.55648040771484,85.45388986557265,84.48054551820351,85.08802463429417,8042900
2013-04-24,84.77052307128906,84.7843270277246,84.42536622697058,84.54271829003676,3673600
2013-04-25,84.40462493896484,84.47366049871451,84.28727291406844,84.39082098701917,4297800
2013-04-26,85.17781066894531,85.26065021249568,84.9154933477162,85.04664937499285,4898800
2013-04-29,84.8671646118164,85.41251304528092,84.74290794005645,85.30896494103506,4916000
2013-04-30,84.91547393798828,85.38488737745827,84.68076458491599,85.08805233093057,4477400
2013-05-01,85.7878189086914,85.96076427082124,85.3865844018605,85.4073370008563,10724600
2013-05-02,85.6771240234375,85.7601396902016,85.44192088441561,85.49725938438519,4171800
2013-05-03,83.65714263916016,84.52878886565708,83.58796554007692,84.50803626371955,11283600
2013-05-06,83.4495849609375,83.87849131138879,83.23513442464836,83.80931422979936,5121900
2013-05-07,83.12445831298828,83.35966146340621,83.0483619342358,83.14521091121652,5049200
2013-05-08,83.25585174560547,83.58790898556339,83.1313309403551,83.20050799263402,5732900
2013-05-09,83.04144287109375,83.92692225042872,82.99993767452285,83.36658098522811,7527000
2013-05-10,82.1490707397461,82.8685242873592,81.52646620066983,82.84777168236917,11689000
2013-05-13,81.51952362060547,81.76165135065976,81.37425014929708,81.5471955119795,8050800
2013-05-14,80.63398742675781,81.9345390161377,80.62015412974883,81.87227598492255,9236100
2013-05-15,81.17365264892578,81.43653304201436,80.5372148260664,81.30509284547007,14608600
2013-05-16,82.01763153076172,82.2805119381521,81.58181098706872,81.60948288668219,8458400
2013-05-17,80.97991180419922,81.73395611462044,80.92457331513044,81.59559669726823,7435500
2013-05-20,80.8830795288086,81.40191557564937,80.79314984739054,81.37424368647308,5839800
2013-05-21,81.51952362060547,81.5402814975412,80.537195227259,80.89000524493575,7781800
2013-05-22,80.3089370727539,82.01072474279134,80.10832501915563,81.64407599900235,18361500
2013-05-23,80.68941497802734,81.10448293171285,80.08756301456437,81.04222511370395,9207100
2013-05-24,80.80005645751953,81.2289574777527,80.7377933971768,80.9245773003326,5357600
2013-05-28,78.75237274169922,80.43340134282147,78.73853943935376,80.30888051022457,13567500
2013-05-29,79.63787078857422,79.67937598059056,79.18129256490307,79.29198011411044,11298600
2013-05-30,79.4441909790039,79.81083963535086,79.22974038658586,79.72782394899174,10011800
2013-05-31,79.17438507080078,79.56870028732858,78.28890565669441,79.53411438145253,18158800
2013-06-03,79.59390258789062,80.08624967421244,78.84497802394286,78.90045509325407,15564500
2013-06-04,78.85882568359375,79.39277776239017,78.81722053969823,79.0252515497587,7504300
2013-06-05,79.94758605957031,79.9683886441004,79.14318418716634,79.25413835877494,8056100
2013-06-06,79.89904022216797,80.98775283661473,79.33734931062239,79.66326526669147,8925200
2013-06-07,78.47053527832031,79.62859153485995,78.47053527832031,79.20558806309161,10459300
2013-06-10,78.09608459472656,78.44280845678531,77.92965333171624,78.15155639181039,7892600
2013-06-11,79.02530670166016,79.02530670166016,77.7493653529422,77.85337828527182,12841200
2013-06-12,77.89497375488281,78.93514520265023,77.85336329937394,78.3595823984784,10193200
2013-06-13,79.1154556274414,79.17093272024607,78.28332039771847,78.40814121123559,12506300
2013-06-14,78.9281997680664,79.51069845998009,78.9281997680664,79.12236423517598,6679100
2013-06-17,78.51216125488281,79.10852678986987,78.35960189143215,79.06691632400985,5982100
2013-06-18,78.55372619628906,78.83110623407674,78.16539731773682,78.25554358151953,5192700
2013-06-19,77.74238586425781,78.90737766932419,77.402598130867,78.87270318423826,17138200
2013-06-20,76.46649932861328,77.11834206229315,75.77998737350458,76.79935665597408,27898500
2013-06-21,75.16973876953125,76.56357025827504,75.14893618307914,76.38327235804579,19781000
2013-06-24,75.4817886352539,75.85625106557143,74.72593310614775,74.77447423837855,24588900
2013-06-25,74.80915832519531,75.59968851616762,74.7952916949097,75.51647815327854,11078000
2013-06-26,75.29456329345703,75.62048460551684,74.92010084708535,75.58581009932827,13582200
2013-06-27,76.06431579589844,76.25848039701859,75.5511604465511,75.96029753370162,12026000
2013-06-28,76.58440399169922,76.61214254844553,75.39167250455142,75.59277307302064,12017000
2013-07-01,76.73870086669922,76.80125137682892,76.05756526338706,76.26607756919582,5500400
2013-07-02,76.6900405883789,77.00976085961555,76.6205382565532,76.80124856145044,5333900
2013-07-03,76.46063995361328,76.9054609876302,76.46063995361328,76.6691468305484,3839000
2013-07-05,73.85428619384766,74.7161265408221,73.79173040027692,74.5632182706343,14511900
2013-07-08,74.57014465332031,74.75780136464073,74.33383050655169,74.41723643529676,8044200
2013-07-09,74.64663696289062,74.7995452591653,74.41727451847862,74.70918746444619,4700400
2013-07-10,74.062744140625,74.63962303193553,73.88203930692632,74.63962303193553,10792200
2013-07-11,74.93155670166016,74.97326231568445,74.32688097649587,74.68134422825268,10035500
2013-07-12,74.86902618408203,75.39030142546468,74.60491000139581,75.29994365657268,4730800
2013-07-15,75.26521301269531,75.28606317886772,74.85514030145124,74.92464792560894,4574800
2013-07-16,75.52236938476562,75.59187169882748,75.25130134535706,75.36250929000536,3650200
2013-07-17,75.66136169433594,76.00887851075207,75.5223570888438,75.89072406581518,5932000
2013-07-18,74.71607971191406,75.52926739985557,74.70218137910179,75.48756709873547,9066400
2013-07-19,75.89766693115234,75.9046187518981,75.23738713281617,75.27908745191955,8523800
2013-07-22,76.00887298583984,76.23823534064725,75.84901292872652,76.00887298583984,3972600
2013-07-23,75.68911743164062,75.75861969192239,75.2859968982508,75.52925746057826,5015500
2013-07-24,74.73001861572266,74.98718298517231,74.22264700103139,74.8203763874492,8853100
2013-07-25,74.70220947265625,74.78561010626126,74.23653295672554,74.34774087177922,6443400
2013-07-26,75.16092681884766,75.25823109052732,74.81341004779595,75.09142452517433,6795500
2013-07-29,74.61186218261719,74.93852885055585,74.41725360665865,74.82037440125046,6397800
2013-07-30,74.5840072631836,74.89677536914311,74.40330245815692,74.8620215898091,3635400
2013-07-31,74.85509490966797,75.00800310579251,73.56928418276863,73.71524056015551,10483100
2013-08-01,73.41278076171875,74.20014067198784,73.16193940134742,74.20014067198784,13568600
2013-08-02,74.2210464477539,74.2837594485695,73.8447897069108,73.8656922685118,9568400
2013-08-05,73.64971160888672,74.0329430877467,73.53822947068208,73.99113795042176,6611800
2013-08-06,73.8656997680664,73.8656997680664,73.39885280885744,73.53124280045539,4589000
2013-08-07,74.41615295410156,74.51370179020515,73.97717787562253,73.97717787562253,7183400
2013-08-08,74.61820220947266,74.97356166254833,74.40917130226084,74.54156126470338,5510900
2013-08-09,74.7366714477539,74.74363542462136,74.19318355537143,74.2767938058839,3623400
2013-08-12,74.2280044555664,74.99446172181811,74.18619933871997,74.98052845487324,7562800
2013-08-13,73.15494537353516,73.41275593897005,73.02256076188856,73.39185338534219,11485600
2013-08-14,73.26644134521484,73.41276455379109,73.07134373377984,73.12011813663858,6431600
2013-08-15,72.27701568603516,72.90411364099911,72.24914383887945,72.53482096920571,11846300
2013-08-16,72.0261459350586,72.44421284528016,71.53839677645911,72.43724355724054,10175900
2013-08-19,71.39906311035156,71.77532503079735,71.21789878213454,71.71958134272893,9022000
2013-08-20,71.9495849609375,72.01926197585996,71.66390228893528,71.69177415810736,10050100
2013-08-21,71.16219329833984,71.90774824948029,71.14826002684784,71.60813241027356,13248800
2013-08-22,71.88683319091797,71.92864363015477,71.23882720088008,71.3921197407189,8751200
2013-08-23,72.66722869873047,72.7369056756668,71.58721695017323,71.77535063551518,17441200
2013-08-26,73.02954864501953,73.08529235028422,72.69509704545607,72.85535355307663,5879100
2013-08-27,73.94933319091797,74.03294878802036,73.1898447856268,73.36403995924567,11573300
2013-08-28,73.35003662109375,73.55907277132265,73.12010323505412,73.44759072294133,7497900
2013-08-29,73.93534851074219,74.07470242634218,73.01559884615327,73.07830651336992,6672400
2013-08-30,73.85175323486328,74.33253341281635,73.67755813456291,73.87265579633731,8987600
2013-09-03,72.81015014648438,73.12452689742673,72.314130770752,73.06863603902279,12084300
2013-09-04,72.64940643310547,73.1104976465002,72.62146102653233,72.97077061363454,4579600
2013-09-05,71.63643646240234,72.37697134711586,71.62944877574188,72.28615274070259,12290600
2013-09-06,71.99274444580078,72.5306791367931,71.82507192155767,72.13246621929271,9478400
2013-09-09,72.02769470214844,72.5237140818969,72.01372465245714,72.51673172207408,6874900
2013-09-10,71.52462768554688,72.19530143957533,71.5106576475643,71.769148655592,8069000
2013-09-11,72.1603775024414,72.17434754116407,71.39189745169958,71.90188648071961,8962400
2013-09-12,72.06256103515625,72.65638620253421,71.99968254470596,72.55159227181086,6254400
2013-09-13,72.34207153320312,72.53768419495243,72.11851344405457,72.3141261058039,6106200
2013-09-16,71.85994720458984,72.94280873293268,71.852959522525,72.88691793649336,8231600
2013-09-17,72.45381164550781,72.47476937305538,71.93683482251156,72.21628362657856,8795300
2013-09-18,73.34803009033203,73.73926047622653,71.9438093019851,72.39790752893936,19749200
2013-09-19,72.91490936279297,73.41791085815105,72.76819992705813,73.38997077233373,11627800
2013-09-20,73.29916381835938,73.4808063985088,72.97081176848921,73.13848430249375,8421000
2013-09-23,73.83706665039062,73.86501205863779,73.43186622586914,73.50172708146624,10242100
2013-09-24,74.63351440429688,74.64049676091129,73.94187733635745,74.04667131604917,11446600
2013-09-25,74.78723907470703,74.94791861670862,74.32614752626036,74.4309415445478,8130900
2013-09-26,74.26322937011719,74.48678731981478,74.18638082521721,74.3889810499497,5117100
2013-09-27,74.44488525390625,74.62652779933522,74.22831493476924,74.25626035176165,6460000
2013-09-30,74.33308410644531,74.68239370719924,74.17938702930694,74.51472659124897,8438800
2013-10-01,74.10752868652344,74.26862901246616,73.91840440684744,74.1775725388465,7592500
2013-10-02,74.2196273803711,74.58386410811478,74.0795396198577,74.19861475069465,5967200
2013-10-03,74.10055541992188,74.53483604650293,74.03751218418968,74.07253679781932,6648900
2013-10-04,74.04450225830078,74.09353350043853,73.79234005759103,74.01648364222142,5545300
2013-10-07,74.34568786621094,74.49978756640535,74.23361875770847,74.38771311389885,5761100
2013-10-08,74.36672973632812,74.6048853695621,74.1285794471003,74.23364795164451,5904000
2013-10-09,73.77132415771484,74.20560467166574,73.75731752229905,74.15657343170389,8439000
2013-10-10,73.89044952392578,73.91846815782036,73.20401169753676,73.4071427852664,9944100
2013-10-11,73.8694076538086,74.40875679084046,73.83438838330378,74.359725536929,6500800
2013-10-14,73.27403259277344,73.99549482090049,73.07790756112799,73.82038242207328,4205600
2013-10-15,73.22502899169922,73.75737238151991,73.21802299677823,73.6523038337383,8291000
2013-10-16,74.1425552368164,74.14956122593917,73.0358440915925,73.17593715402813,14460200
2013-10-17,74.81500244140625,75.03214540017721,74.45077108657269,74.61187146397798,11303400
2013-10-18,74.9760971069336,75.28429652296496,74.9340718571127,75.02512834639273,9487800
2013-10-21,74.73792266845703,74.89202233753062,74.56981636765083,74.88502169366578,6161600
2013-10-22,75.57148742675781,75.7325931445718,75.34033783580927,75.36835645386408,9708500
2013-10-23,75.86571502685547,76.15990800003173,75.67659593496367,75.69760857361744,9163100
2013-10-24,75.57148742675781,76.1178371188144,75.55748078973289,76.07581186373466,7631400
2013-10-25,75.8516616821289,75.9637308006197,75.70456795810722,75.73958721963362,4429500
2013-10-28,75.59248352050781,75.91468954165704,75.58548287552904,75.65552673334342,6466400
2013-10-29,75.6905746459961,75.69758063763108,75.30533061016526,75.38238048613259,5270500
2013-10-30,75.23528289794922,75.79563928810357,75.09518979240646,75.59951428434927,10199300
2013-10-31,75.39639282226562,75.6555610922842,75.04616803013545,75.58551720265942,11452100
2013-11-01,74.58025360107422,75.14913788346705,74.54513503816635,75.12806888905848,11349500
2013-11-04,74.65052795410156,74.91741096609161,74.6013651529891,74.77694735101126,4733200
2013-11-05,73.75857543945312,74.32746546682228,73.73750643072538,74.29937166907061,8753400
2013-11-06,73.79365539550781,73.84281817625067,73.52677249409531,73.70235461936856,5643000
2013-11-07,74.41874694824219,74.48195931633963,73.72344304922619,73.77963063012555,7893700
2013-11-08,72.62786102294922,73.11948929171459,72.61381143907235,73.02116363796151,16889900
2013-11-11,72.3539047241211,72.74721246375442,72.31176671422374,72.7120938832779,4927200
2013-11-12,72.69100952148438,72.75421652297719,72.4662645856067,72.4873335861043,4839500
2013-11-13,72.95789337158203,73.07026852009845,72.85956779580117,72.95087394355626,5782900
2013-11-14,73.40740966796875,73.82881126822392,73.14755142060119,73.25992125121701,8895500
2013-11-15,73.55491638183594,73.56193581362274,73.25993413809931,73.50575356760399,6344800
2013-11-18,73.99730682373047,74.03242538050354,73.49865439592165,73.49865439592165,5451300
2013-11-19,73.43549346923828,73.84284543625314,73.33014844185789,73.70940125711371,7251100
2013-11-20,72.1853256225586,73.63212068302632,72.09402484245093,73.33714398574791,14190900
2013-11-21,72.30477905273438,72.47334189556179,71.7499437763847,71.99575789090908,8903000
2013-11-22,72.9789810180664,73.13348883789493,72.6769794493702,72.683998878674,7950700
2013-11-25,73.1897201538086,73.33720863245881,72.92985643903657,72.92985643903657,3755500
2013-11-26,73.4636001586914,73.6953699763003,73.379324121993,73.38634355282177,6659200
2013-11-27,73.337158203125,73.53380937276737,73.01408765894934,73.51976515708256,6063000
2013-11-29,73.35822296142578,73.46357332716521,73.00705864785583,73.09836479872301,5084400
2013-12-02,72.78763580322266,73.1962002210675,72.71014926279375,73.11871368063858,7527800
2013-12-03,73.05533599853516,73.23144085014891,72.8792311469214,73.04829029966841,5076900
2013-12-04,72.35797882080078,72.59043856786577,72.11847337325948,72.37911054793491,8502700
2013-12-05,72.1536636352539,72.44951842895901,72.00573623840134,72.18888674729646,7445700
2013-12-06,72.49885559082031,72.54816474216844,72.1043823800352,72.24526413408863,7352000
2013-12-09,72.66788482666016,72.71719395404298,72.43542520858749,72.48473433597032,5678800
2013-12-10,73.18919372558594,73.22441147918556,72.87220169742075,73.14692489725373,7040400
2013-12-11,72.6256332397461,73.09759291005916,72.56927840243596,72.94262516889589,8190900
2013-12-12,72.35087585449219,72.667867633489,72.29452104387623,72.57628972266544,6208600
2013-12-13,72.703125,72.76652554008403,72.40727014439041,72.6538158573984,6471300
2013-12-16,72.43545532226562,73.04125649584324,72.36501445019024,72.96376992427211,6376400
2013-12-17,72.75948333740234,72.83696990439854,72.26638651339982,72.28047791155934,6014400
2013-12-18,72.39318084716797,73.0623825153684,72.17481254849612,72.43544966654811,12973200
2013-12-19,72.32270812988281,72.56221341991412,72.16773506709043,72.45654947943828,6708400
2013-12-20,73.43572235107422,73.46389977195149,72.76652607169311,73.06238092946411,12425700
2013-12-23,73.02008056640625,73.54839484857932,73.02008056640625,73.29480356319299,6378600
2013-12-24,72.43545532226562,72.80175108163408,72.41432359807241,72.71722418486122,4897000
2013-12-26,72.15625762939453,72.3400067127091,72.0926552881645,72.33293798862022,4645300
2013-12-27,71.95130920410156,72.3046699296172,71.86650608076614,72.13505829108959,4755000
2013-12-30,72.44601440429688,72.49548468811163,72.14212397747572,72.19159426129048,4491700
2013-12-31,71.98666381835938,72.47430345595733,71.49902418076142,72.29055432714595,7218600
2014-01-02,72.20575714111328,72.36123678286262,71.86653373353185,71.88773452252333,8580800
2014-01-03,72.20575714111328,72.40363836084559,71.91600403846493,71.95133688949778,4083800
2014-01-06,72.50962829589844,72.79231798781483,72.34708536255026,72.35414869575155,7796200
2014-01-07,72.69342041015625,72.78529232284149,72.48140166782342,72.6651508850545,4428100
2014-01-08,72.49553680419922,72.5732766477738,72.15630790570465,72.4036595025963,8513000
2014-01-09,72.91956329345703,72.94076408701387,72.4460609311542,72.77115234669913,6991100
2014-01-10,73.78885650634766,73.88072843760169,73.28001573539251,73.33654940516178,13197400
2014-01-13,74.15630340576172,74.3047143061505,73.83121209178748,73.85948160498415,9667400
2014-01-14,73.81709289550781,74.08565064136602,73.77469131115531,73.95844049644889,10343100
2014-01-15,73.73934936523438,73.85949616797434,73.44959623358949,73.52733606224383,7507500
2014-01-16,74.2339859008789,74.2551866714421,74.00783536178123,74.0997071648398,7137700
2014-01-17,74.54502868652344,74.573292817801,74.05738884815193,74.10685916567802,7588600
2014-01-21,74.60150909423828,74.72871916163226,74.48843647425272,74.52376930906105,6436000
2014-01-22,74.41777038574219,74.73579287955077,74.37536343253944,74.46724067126479,4646700
2014-01-23,75.4708023071289,75.68281555762164,74.82768304602743,74.82768304602743,12960600
2014-01-24,75.95841217041016,75.96547550169014,75.61211483087699,75.75346233431581,11122200
2014-01-27,75.4284439086914,76.04328861808538,75.40723771883201,75.77473619033891,9218200
2014-01-28,75.61217498779297,75.61217498779297,75.301221016545,75.5556413332953,5661500
2014-01-29,76.23406982421875,76.4319510326003,75.61215129289556,75.88070898300641,11709400
2014-01-30,76.0149917602539,76.09273158620493,75.69696912089735,75.95138938912628,5956900
2014-01-31,76.52381134033203,76.61568859594544,76.21992084716139,76.46727232024035,14690900
2014-02-03,77.45626831054688,77.47043648979117,76.24468627370597,76.37222150945968,20780300
2014-02-04,76.63435363769531,76.9956988491123,76.49973165365545,76.88941861990384,9573500
2014-02-05,75.92585754394531,76.36514141233663,75.81957727055928,76.30137649168857,10312200
2014-02-06,75.59990692138672,75.82663557963886,75.47237171326753,75.7912124363843,5708700
2014-02-07,75.66368865966797,75.96835584700247,75.41570499686976,75.42987317518461,7039200
2014-02-10,75.87625122070312,75.89751159872122,75.50781908630712,75.53616085135896,4370500
2014-02-11,75.43692016601562,75.59279707342924,75.21727838137038,75.53611357879964,5904900
2014-02-12,75.04723358154297,75.25270721091113,74.83467856903644,75.22436546144972,6723300
2014-02-13,75.47237396240234,75.62116954767362,75.31650239728945,75.52197068894684,6874600
2014-02-14,75.5148696899414,75.55737961432763,75.29522246746106,75.5077829006649,4989100
2014-02-18,75.68489837646484,75.95413684857157,75.54319505548976,75.57153680081181,4855800
2014-02-19,75.36605834960938,75.93996378993785,75.31646164989748,75.93996378993785,5522500
2014-02-20,75.181884765625,75.5503168405723,74.88430438905549,75.33067495390976,5103200
2014-02-21,75.57859802246094,75.58568480830986,75.06845755401342,75.06845755401342,5250700
2014-02-24,75.38731384277344,75.62821055576569,75.22435016791083,75.59986881206632,3816700
2014-02-25,76.0604248046875,76.06751159315007,75.73450280867375,75.74867638559891,6225400
2014-02-26,76.46428680419922,76.46428680419922,75.98248788607371,76.03208459504387,7203900
2014-02-27,76.88235473632812,76.91777788370305,76.59185573740716,76.71939096036105,5394700
2014-02-28,76.92488861083984,77.04533707954135,76.3651508140247,76.71941483183379,8462600
2014-03-03,77.43833923339844,77.54487751805945,77.16134294453717,77.33180094873742,11089400
2014-03-04,76.2735824584961,76.95542033675075,76.2522758714828,76.95542033675075,8068100
2014-03-05,76.43693542480469,76.55057235203695,76.13862697594371,76.23806131930894,4798500
2014-03-06,75.68403625488281,75.97524057863158,75.65562568046126,75.82608912699062,7418200
2014-03-07,75.2082290649414,75.4070978198063,75.00225630632644,75.03066690255959,8270300
2014-03-10,75.31476593017578,75.36448311789128,75.13009976776087,75.24374215040606,3744300
2014-03-11,75.51364135742188,75.52784394712468,75.13010641023548,75.27215940110129,3815700
2014-03-12,76.03913879394531,76.1811916258634,75.84027024802145,75.93970452098338,6430500
2014-03-13,77.06192016601562,77.0832267423774,75.74796224232927,75.78347139667788,11815500
2014-03-14,77.07612609863281,77.40284501294371,76.93407863752978,77.39574101425957,9232800
2014-03-17,76.50083923339844,76.91988852345507,76.47242865282136,76.83465678172385,7381900
2014-03-18,76.77781677246094,76.81333134415489,76.4226927305728,76.47951387777799,4819500
2014-03-19,76.18122100830078,76.69260056291766,75.86160607728345,76.64998198752389,11557600
2014-03-20,76.0462417602539,76.44397884671466,75.98942062825625,76.06044433387262,5224400
2014-03-21,76.87014770507812,76.93406742763189,76.25933395756152,76.28774452939516,8986200
2014-03-24,77.41708374023438,77.48100350194808,76.67132067431295,76.74234985679371,7536400
2014-03-25,77.12584686279297,77.28920632759663,76.82754392925261,76.99800739307301,5032000
2014-03-26,77.72959899902344,77.75800958979622,77.04776107677522,77.09747825593604,7147200
2014-03-27,78.12016296386719,78.40426320020103,77.71532188818888,77.87157728911056,9772200
2014-03-28,77.6798095703125,78.04913606931784,77.4312184869554,78.0278295007469,6027000
2014-03-31,77.48808288574219,78.88727280333936,76.94829269922319,77.2323930825892,7488400
2014-04-01,76.82588958740234,77.16056622186294,76.79028360950717,77.08935969878205,9067300
2014-04-02,76.38436889648438,76.58375468453498,76.31316240281991,76.46981994850606,6887200
2014-04-03,76.71906280517578,76.86148125753583,76.50544327569838,76.56240522393394,4937400
2014-04-04,77.23169708251953,77.39547681459221,76.79733065474433,76.81157520503108,8977500
2014-04-07,77.694580078125,77.82275392146049,77.33141994989003,77.34566450620866,7562500
2014-04-08,77.87970733642578,77.9509138071496,77.41685712766265,77.63759881671817,4213800
2014-04-09,77.49518585205078,77.86546275932704,77.3598897548222,77.53078637104929,5771500
2014-04-10,78.21439361572266,78.48498586327484,77.5450461405347,77.55928526438697,12706400
2014-04-11,78.84814453125,78.89086733471883,78.42089476573584,78.71284840999009,10267000
2014-04-14,78.64163970947266,78.82677547442233,78.54194954905167,78.67012338855098,4142600
2014-04-15,79.13299560546875,79.40358793395666,78.5775772530898,78.7627185147855,7752000
2014-04-16,79.23268127441406,79.23268127441406,78.59893417185377,78.63454013916034,5523000
2014-04-17,78.36390686035156,79.36080816218582,78.11467610218835,79.3038462540129,8622500
2014-04-21,78.29984283447266,78.76981540125706,78.21439179522828,78.5917964773611,4316300
2014-04-22,78.56330871582031,78.67723799618715,78.05061337240426,78.08621932841609,5748700
2014-04-23,79.01190185546875,79.07599147955322,78.70570915367803,78.75555422454138,5748600
2014-04-24,79.16143798828125,79.18992166234932,78.64874272046664,78.64874272046664,6337800
2014-04-25,79.275390625,79.74535777171592,79.26826834669484,79.38931991434976,5976500
2014-04-28,78.89086151123047,79.23977705678512,78.71996487726375,79.11872550075478,7606000
2014-04-29,78.7840347290039,78.84812435051022,78.35679050554697,78.44935836693938,5235200
2014-04-30,79.1115951538086,79.22552985330252,78.59889987149695,78.84100839156878,7721400
2014-05-01,79.96031188964844,80.00314382760884,79.11802305498281,79.14657586499253,11556500
2014-05-02,80.45284271240234,80.73122581778951,79.44638197274693,79.6176933962409,12702100
2014-05-05,79.96746063232422,80.52422687669028,79.86752850876582,80.48853994450073,8043000
2014-05-06,80.28864288330078,80.44567512336162,79.97456751139896,80.02453355275698,6522600
2014-05-07,80.00316619873047,80.35292868884237,79.90323405869849,80.16733809482876,8199200
2014-05-08,79.66051483154297,80.48852997664655,79.56058272036034,80.18872819720706,10878800
2014-05-09,79.40357208251953,79.81044022998586,79.21798692465313,79.61057593942604,6000600
2014-05-12,79.08234405517578,79.32503479575144,78.9038930591435,79.23938180302694,4563800
2014-05-13,79.76758575439453,79.76758575439453,79.46778942367386,79.5463082882757,5501000
2014-05-14,80.63133239746094,80.82406260654363,80.34580959067944,80.39577567342411,8851400
2014-05-15,81.27375793457031,81.66635247744945,81.08816729194612,81.21665228362524,12627900
2014-05-16,81.04534149169922,81.37369081868832,80.95968301452588,81.09530757524333,5019200
2014-05-19,80.44570922851562,81.3451038001504,80.38860904696304,81.32369055133164,7403300
2014-05-20,80.62418365478516,81.0025044621078,80.36721370251398,80.37435326949206,6549800
2014-05-21,80.13162231445312,80.23155441851587,79.85323924657956,80.10306950673645,8224600
2014-05-22,80.01744079589844,80.23158421034425,79.7961632612928,80.13165206917441,6495700
2014-05-23,80.44570922851562,80.59561286203173,80.2672582271694,80.31722428971065,3835000
2014-05-27,80.91682434082031,80.94537715519726,80.23157313345106,80.55278276487985,6658300
2014-05-28,81.91615295410156,81.97325313828294,81.43790010959752,81.44503967482993,10361000
2014-05-29,81.480712890625,82.22306956930501,81.46643376351867,81.99465254862588,10692000
2014-05-30,81.44498443603516,81.65912768062705,81.23798075183338,81.34505237412932,6518900
2014-06-02,80.83963012695312,81.35489776898869,80.54621716743813,80.89688330050444,11728200
2014-06-03,79.84485626220703,80.53903577509628,79.80191912448986,80.44600349005522,12694100
2014-06-04,79.8233642578125,80.02374478827784,79.63013627489238,79.98080766316669,7882000
2014-06-05,79.85917663574219,80.13112643460299,79.4512573974132,79.52997913287689,6915600
2014-06-06,79.85917663574219,80.44601337645773,79.78761291076489,80.2456273025742,7832800
2014-06-09,79.74466705322266,79.89495249724033,79.58006558979663,79.75897761266936,5162800
2014-06-10,79.45124053955078,79.6301525440138,79.31527112893242,79.46555655748602,5986000
2014-06-11,79.59436798095703,79.82337511262475,79.3295762668572,79.62299455491059,5569700
2014-06-12,80.30284881591797,80.40303908338954,79.43691552707925,79.65161207735268,9775900
2014-06-13,80.25991821289062,80.59627362100791,79.816214520912,79.84484109393905,5412500
2014-06-16,80.4603271484375,80.60345460410393,80.22416193262168,80.30288367122697,5184600
2014-06-17,79.8233642578125,80.216967311238,79.78042713270135,80.2026567561876,6668800
2014-06-18,80.43887329101562,80.69650712631491,79.83772585532948,80.00948538550463,11256500
2014-06-19,79.40830993652344,80.5533457672668,79.25086648605344,80.51756663940823,14215500
2014-06-20,80.00945281982422,80.00945281982422,79.36536849373309,79.41546363798678,7319100
2014-06-23,79.75895690917969,80.28138228274217,79.73033579771564,80.20981858416161,5821700
2014-06-24,80.5676040649414,80.61769917602275,80.02371038751711,80.25987539402527,9698300
2014-06-25,80.77518463134766,81.12585059176068,80.64636778426281,80.93978059931358,5699300
2014-06-26,81.16165161132812,81.44075392654878,81.01851871893192,81.01851871893192,6628900
2014-06-27,81.03997802734375,81.45505517791945,80.98988288571985,81.35486489467165,7216500
2014-06-30,81.24034118652344,81.44072717004339,80.93261239392464,81.26896775559771,5593100
2014-07-01,80.56017303466797,80.89021940306657,80.50277223824006,80.71802248782409,8019200
2014-07-02,79.69924926757812,80.12256817670114,79.620324475361,80.09386775461802,9382500
2014-07-03,79.41217803955078,79.54132708402476,79.16822741152626,79.1969278074139,6173900
2014-07-07,79.99333953857422,80.22293721308124,79.80679519144002,79.83549011096808,5928900
2014-07-08,80.89022827148438,80.97632947556596,80.53148146554054,80.53148146554054,6352100
2014-07-09,80.9548110961914,81.17723237944028,80.63193566426905,80.83283848757377,6395200
2014-07-10,80.97632598876953,81.55032304318041,80.94762558864483,81.4642218428063,7196900
2014-07-11,81.492919921875,81.56466818312245,81.2776696640912,81.32789399436857,4676500
2014-07-14,81.14134216308594,81.3709453519617,81.02654604268938,81.27766768797059,4743300
2014-07-15,80.97632598876953,81.41399751109847,80.71802786168881,80.95480205718641,7720000
2014-07-16,81.40681457519531,81.49291576872912,81.03372035129783,81.07676821104414,4615800
2014-07-17,82.43283081054688,82.54763240231117,81.75121415008026,81.95928792962215,10901000
2014-07-18,82.16736602783203,82.48306496876765,81.87319649344897,82.42566416604447,6677900
2014-07-21,82.57633209228516,82.96377927579022,82.51893676713149,82.51893676713149,5724100
2014-07-22,82.74856567382812,82.84183790213895,82.26066964488771,82.57636321134783,5753200
2014-07-23,82.6408920288086,82.96376187699789,82.63371556190384,82.87766617030226,3489600
2014-07-24,82.02385711669922,82.21040696037605,81.97363279040634,82.16735362781,6609000
2014-07-25,82.99248504638672,82.99966151526093,82.62656724442998,82.75571083991458,7041800
2014-07-28,82.87767028808594,83.15749229683041,82.59784827934146,82.9350656040546,5138300
2014-07-29,83.17901611328125,83.27946475864277,82.81309292001245,83.1359682578522,6579300
2014-07-30,82.02385711669922,82.7843984788602,81.91623199634563,82.6193780384869,12251200
2014-07-31,81.77997589111328,82.21047123506119,81.41405238543717,81.45710027761838,18254000
2014-08-01,82.41299438476562,82.63600814490349,81.32672368412906,81.70799801507329,14951200
2014-08-04,82.19718933105469,82.59284902839399,82.19718933105469,82.39142147505919,5183800
2014-08-05,82.46337890625,82.5856789402783,81.77996304495946,82.06052370283582,8032000
2014-08-06,82.51368713378906,83.06761820022312,82.44174953111234,83.06761820022312,7289200
2014-08-07,83.2834243774414,83.2834243774414,82.42016223707688,82.6143942976885,9745500
2014-08-08,83.10355377197266,83.75100293553031,83.00284006747317,83.39850496978208,9536700
2014-08-11,83.096435546875,83.31944387230983,82.938169449409,83.19714933826428,6668800
2014-08-12,82.55684661865234,83.04602995648806,82.5352658886501,83.0244492264858,8122400
2014-08-13,83.096435546875,83.10362546876709,82.57128035878235,82.63602807524117,8210500
2014-08-14,83.76542663574219,83.80858810076568,83.01006806690685,83.3985377175804,9028200
2014-08-15,84.67904663085938,85.14664929799159,83.9452742752963,83.95965960095981,17606700
2014-08-18,83.83736419677734,84.38409987023651,83.72945504578722,84.31935218424748,7595300
2014-08-19,83.578369140625,84.27617530242418,83.43449395794917,84.225818439639,5936900
2014-08-20,83.44169616699219,83.52802458240662,83.1395549457725,83.47766771220334,7275600
2014-08-21,83.9093017578125,83.99563017625736,83.4632798285785,83.49925137505237,6790700
2014-08-22,84.37689208984375,84.47760581906878,83.59995290283356,83.98122709039784,10149900
2014-08-25,84.69343566894531,84.72940172659358,84.3193513476893,84.49200269446811,5760700
2014-08-26,84.4200210571289,84.88042806738196,84.31930736666634,84.84446202849361,5487600
2014-08-27,85.13945007324219,85.18261702527202,84.4560346208771,84.6718474270774,7265800
2014-08-28,85.58548736572266,85.87324331418121,85.3696690322567,85.70058645201316,9463600
2014-08-29,85.64303588867188,85.91640100902322,85.4272175646922,85.54951205365296,8512900
2014-09-02,84.1656265258789,84.63429046798746,84.14399105843545,84.5621887462022,10506000
2014-09-03,84.63433074951172,84.63433074951172,83.86283040709718,83.92772583829688,6553900
2014-09-04,83.60323333740234,84.27378990975114,83.58881519113028,84.08632650316605,12528900
2014-09-05,83.4446029663086,84.07189403198356,83.23550411074724,83.95653237088607,6886000
2014-09-08,83.48068237304688,84.09355552371032,83.24274163776224,83.93493386786503,9326400
2014-09-09,83.41578674316406,83.55999023898733,83.24273594696322,83.27157774633002,5353100
2014-09-10,82.88935852050781,83.00472561357323,82.76678510988015,82.89657033907585,8729400
2014-09-11,82.61547088623047,83.3076577874927,82.60825905884923,83.10577062891778,9274800
2014-09-12,81.75021362304688,82.13956969352138,81.63485191754212,81.9737362104187,11114900
2014-09-15,81.87278747558594,82.24771987102046,81.7357903017681,82.0890927226021,5510700
2014-09-16,81.54112243652344,82.0963175438766,81.5339161111897,81.9160603923225,9304700
2014-09-17,81.33200073242188,82.07465905871402,81.28152896755765,81.85834835157601,12917000
2014-09-18,81.59156799316406,81.82229683739425,81.36804547146545,81.60598613923676,7031200
2014-09-19,82.62982940673828,82.68751298213351,81.6203888413558,81.8943830739789,13236900
2014-09-22,82.73075866699219,82.9470692869715,82.51445354802046,82.67308060253761,6617200
2014-09-23,83.24275207519531,83.25717572817865,82.75245239298586,82.85340146083388,6362400
2014-09-24,82.78125762939453,83.3148225338404,82.65868413824185,83.12735363495376,5223300
2014-09-25,83.76187896728516,83.7690907925202,83.14179402133122,83.14179402133122,8947800
2014-09-26,83.63931274414062,83.84841168612235,83.36532387241184,83.65373089485843,7799600
2014-09-29,84.30987548828125,84.48292081419464,84.11520018425514,84.36034727088148,6791800
2014-09-30,83.83397674560547,84.38917174117836,83.7330332011396,84.11518290634393,7277500
2014-10-01,85.45958709716797,85.48127096098713,84.44763117278374,84.49099890042206,17194900
2014-10-02,84.7150650024414,85.43788980797322,84.6716972788185,85.17044815934445,8251800
2014-10-03,85.07649993896484,85.12709746816493,84.44764572100891,84.57052464696386,8561500
2014-10-06,85.12711334228516,85.43070408881506,84.83075790591215,85.01869398429389,4485500
2014-10-07,86.27639770507812,86.3269952375765,85.42346393245019,85.51742920288505,8837700
2014-10-08,86.29806518554688,86.39203043813718,85.66198125283223,86.34143291524757,9391300
2014-10-09,85.92220306396484,86.5004597102365,85.85714595136324,86.21132862974234,10291700
2014-10-10,86.77511596679688,86.79679982757301,86.24022166564727,86.39201420579555,8774400
2014-10-13,87.30278015136719,87.58468138764606,86.7751211253952,86.85463229611138,6450700
2014-10-14,87.87382507324219,88.02561764427793,87.23051133730748,87.68588905041469,11285400
2014-10-15,88.56770324707031,92.29025128763286,88.06895247518547,90.04949598152314,37407500
2014-10-16,88.0039291381836,89.72425036725025,87.7798551900974,89.71702608904606,18096600
2014-10-17,87.5124282836914,87.97503587293227,87.08596415271394,87.59916927469311,8524300
2014-10-20,87.8304672241211,88.07622507686101,87.41845719503814,88.02562754749002,7742500
2014-10-21,87.12926483154297,87.63523976950076,87.12203504251121,87.34610887007635,9754700
2014-10-22,87.22331237792969,87.35342112977114,86.89804325568532,87.07874954909184,9260200
2014-10-23,86.44986724853516,86.86910706407274,86.05954109421228,86.7679120071798,10936300
2014-10-24,86.53657531738281,87.03532613287817,86.35586913956159,86.68836784498686,5704900
2014-10-27,86.69561004638672,86.93413804407184,86.49321998060992,86.65946659976271,3391900
2014-10-28,86.15348052978516,86.48597924071785,86.0739693690496,86.36310036129566,5141300
2014-10-29,86.34864807128906,86.60886543481602,85.59690963384618,85.98723567913665,9105100
2014-10-30,86.42097473144531,87.07151848114827,86.38483678212303,86.97032339949651,7024400
2014-10-31,86.19685363769531,86.5293523694166,85.89326855847789,86.26190521979248,6664200
2014-11-03,86.19683074951172,86.34175140233921,85.65339073976332,86.15335731774229,9726600
2014-11-04,86.46495056152344,86.88521226334372,86.2838038481346,86.53016072482711,3664800
2014-11-05,86.34181213378906,86.49397478016847,86.0954496147737,86.16066533645717,4799600
2014-11-06,85.78382873535156,86.17510626126885,85.72586046599528,85.935991296293,5901900
2014-11-07,86.76932525634766,86.76932525634766,85.99401710148841,86.02300125555892,8550500
2014-11-10,85.9722900390625,86.64615649455976,85.90707430302716,86.64615649455976,4787300
2014-11-11,86.03022766113281,86.08819042695288,85.74763361001635,85.84908088856324,2416500
2014-11-12,85.95775604248047,86.60988546497467,85.82733015798163,86.37077042203342,4040800
2014-11-13,86.16060638427734,86.35624235914808,85.8200497538007,86.00843831385173,4475900
2014-11-14,86.58089447021484,86.65335206072322,85.99398080048917,86.10991183967063,5191200
2014-11-17,86.363525390625,86.7982764804202,86.13889966383879,86.7910290626116,4726200
2014-11-18,86.60262298583984,86.64610195855153,86.34177679036617,86.457707818559,4471200
2014-11-19,86.05197143554688,86.64613267710048,86.05197143554688,86.13891835547686,5792500
2014-11-20,86.50117492675781,86.91418920422946,86.26930735919757,86.8779631791425,5683600
2014-11-21,87.02288818359375,87.06636715804075,86.60262644228301,86.63885799962893,3640100
2014-11-24,87.09539031982422,87.14611120915676,86.62441300237731,86.71135993942605,4033900
2014-11-25,87.81998443603516,87.8707053293089,87.17510213805636,87.21858113812154,6770000
2014-11-26,88.05906677246094,88.3054292538137,88.01559331675897,88.138771793355,4339100
2014-11-28,88.75466918945312,88.88509508396285,88.49381740043367,88.49381740043367,4562200
2014-12-01,88.23685455322266,89.18821310501454,88.20780471811663,89.0938052964371,7728600
2014-12-02,87.37991333007812,87.76481399096136,87.3581273365474,87.75755014622108,5757200
2014-12-03,87.72120666503906,87.72847050685307,87.24189283769613,87.3653559857828,4868600
2014-12-04,88.45476531982422,88.45476531982422,87.59781419128204,87.69222204230994,4250500
2014-12-05,87.93909454345703,88.30947300106462,87.52514410519773,88.28768701073876,8030700
2014-12-08,89.01392364501953,89.21000311495641,87.97541554112625,88.17875885533924,6021800
2014-12-09,89.4714126586914,90.03061210444505,89.29711924604182,89.76190537356584,6639700
2014-12-10,90.12506866455078,90.34293970380698,89.384317104323,89.45693893717817,6439200
2014-12-11,90.4954605102539,90.4954605102539,89.53683776993277,89.86363883613872,7863500
2014-12-12,91.7228012084961,91.75910936428357,90.79322266112354,91.10550161249512,9317400
2014-12-15,91.53396606445312,92.01327464920696,91.09096562997489,91.24347315879163,9387400
2014-12-16,92.66688537597656,92.75403491277358,91.76636232517346,92.49259184307405,7426400
2014-12-17,91.83173370361328,92.36914761446747,91.28706148582035,92.16580420633554,11558800
2014-12-18,90.19770812988281,90.85131583473247,90.19770812988281,90.72785814067525,12758200
2014-12-19,91.41049194335938,91.46858608149246,90.3719837323248,90.47365539992059,7894500
2014-12-22,91.53396606445312,91.6429015966626,91.0110799424007,91.10548778194686,4118800
2014-12-23,89.71837615966797,91.2144068742564,89.68206247524597,91.10547136168076,7406100
2014-12-24,90.20671844482422,90.28677325991941,89.46439853953065,89.55900625172423,4871400
2014-12-26,90.54146575927734,90.6724584464525,90.25763161313857,90.64335266202674,2921300
2014-12-29,91.21829223632812,91.45118295334761,90.83257670300011,90.90535782827885,4070700
2014-12-30,91.46575164794922,91.8514672479108,91.3565854935926,91.68408395666243,4372600
2014-12-31,91.64038848876953,91.82233017758257,91.44389390791612,91.48027891422691,4993300
2015-01-02,92.6593017578125,92.9067454452068,91.80781563110621,91.90970257520327,9432000
2015-01-05,94.11482238769531,94.34042835363472,93.12505339078672,93.16143840493322,9789500
2015-01-06,95.81049346923828,96.42182601256559,94.74796017446353,95.11911723965088,18331300
2015-01-07,95.62129974365234,96.04340591000275,94.73342317043982,95.11913876808302,9762900
2015-01-08,94.35501098632812,94.87900424732167,94.18762764332479,94.87173057322447,8055300
2015-01-09,95.38838958740234,95.41749537015461,93.91101292522025,94.02745826590711,9398800
2015-01-12,95.93424224853516,96.29084093790051,95.2792453472261,95.33746803433192,6658100
2015-01-13,95.93424224853516,96.50917323833686,95.43935496055661,95.62129669344655,8260800
2015-01-14,96.66194915771484,97.60803669739444,96.57460962886866,97.31693454746767,12324500
2015-01-15,98.18303680419922,98.27036528012643,96.56010859427347,96.68383874162608,11454200
2015-01-16,96.93126678466797,98.01563226456418,96.81482142560078,97.76092053455046,9390500
2015-01-20,98.21940612792969,98.32856669922948,97.571694160259,97.61535838877892,7758700
2015-01-21,97.08409118652344,98.67790232931237,96.76388310771905,98.39407370832534,9803900
2015-01-22,96.73479461669922,97.65177709876353,96.26902415051426,97.52078436054458,10200000
2015-01-23,98.08116912841797,98.33588093480498,97.62994600294718,97.73911772412217,7334600
2015-01-26,97.78275299072266,98.38680080003486,97.55714704727222,98.13207796429622,5966500
2015-01-27,97.93563079833984,99.07094577663705,97.62995882278712,98.77983225345479,8079600
2015-01-28,99.53669738769531,100.00246783140197,98.03021434181768,98.06660491340357,12230300
2015-01-29,98.88170623779297,99.46392210292953,98.5833301848384,99.0636480015954,8881400
2015-01-30,100.63560485839844,100.79571446290011,99.83505683589007,100.22078350480155,14871200
2015-02-02,100.25568389892578,100.57655054899321,99.65771424613156,99.68687888373132,13689900
2015-02-03,98.13358306884766,99.02324337367232,97.98772653718979,98.92115047788646,14008700
2015-02-04,98.30132293701172,98.43987999137858,97.0761968333459,97.34602256506308,11360400
2015-02-05,97.22205352783203,97.88565191064761,97.06890859192494,97.71793022068702,8334600
2015-02-06,95.50103759765625,96.51467822965141,95.23121190266475,96.29590454870672,13685600
2015-02-09,95.34790802001953,96.2448680161527,95.34790802001953,96.23757963895576,8025500
2015-02-10,94.5895004272461,95.14371750386411,94.39260297968339,94.90306754068588,8290700
2015-02-11,94.76451873779297,94.99788034444416,94.0425799127153,94.58220915533192,6506400
2015-02-12,94.450927734375,95.19474263124235,94.39987572308297,94.55302062966804,12548300
2015-02-13,93.48106384277344,94.45824054006457,93.40813555843485,94.44365265773807,8325200
2015-02-17,92.0736083984375,93.29143474749516,91.82566453966938,93.1966357929445,14968800
2015-02-18,92.62055206298828,93.15289287198827,92.22676273876628,92.48199501456396,14009200
2015-02-19,92.0080337524414,92.941458279649,92.0080337524414,92.45286974800894,8584800
2015-02-20,92.27782440185547,93.34980013687367,91.88403501273464,92.64973752996633,12502500
2015-02-23,93.33518981933594,93.46645290966744,92.72992637958376,92.75180263403142,7500500
2015-02-24,94.5603256225586,94.64783065467545,92.74452387872921,93.0872667575776,11958300
2015-02-25,94.96868133544922,95.08536211021605,94.13006191230629,94.40717597055472,8019800
2015-02-26,93.6706314086914,95.0197263401305,93.63416727835434,94.58217903066638,11020500
2015-02-27,94.45821380615234,94.52384256710623,93.53937777092565,94.08630636678956,9225100
2015-03-02,92.69883728027344,94.30629264358387,92.62576681983255,94.25514109147787,11324000
2015-03-03,92.36270141601562,93.06413410512307,92.34077694100382,92.71341497332361,8599000
2015-03-04,92.39193725585938,92.82302947287565,92.18005080157998,92.74996460162492,6478900
2015-03-05,92.27503204345703,92.70611867414598,91.9900751512577,92.45038884454303,6045000
2015-03-06,90.23645782470703,91.2082364006969,89.84920914053562,91.09132819253713,20022900
2015-03-09,91.06941986083984,91.23747403594062,90.69678187221871,91.09864691627001,8889100
2015-03-10,92.26774597167969,92.38465425005121,91.88780521595929,92.04124315045176,9277900
2015-03-11,92.93993377685547,93.12990690502254,92.15082534926229,92.25311728570016,6663100
2015-03-12,92.87417602539062,93.67059260367864,92.58921912357266,93.67059260367864,10295900
2015-03-13,92.58926391601562,93.22493473936595,92.42120961273635,92.6184909937379,7247200
2015-03-16,93.48060607910156,93.63403837640925,92.99105983156257,93.48060607910156,6374600
2015-03-17,94.25511169433594,94.33548471615866,93.72903576040237,93.92631702287332,6314000
2015-03-18,96.07450866699219,96.1037301679023,93.97020383380749,94.92006427373055,13981900
2015-03-19,95.5849380493164,96.1694570781345,95.18307285526461,95.86258124330925,9543800
2015-03-20,96.08907318115234,96.22790033695405,95.81873260342347,95.87718672949707,5953800
2015-03-23,95.97217559814453,96.26443507806667,95.70913760662079,96.22789985583027,5555500
2015-03-24,96.90010070800781,96.91471702596456,96.06714896821632,96.32288436203164,6713000
2015-03-25,96.08171081542969,97.00233764307106,96.0524893450664,96.97311617270778,5635800
2015-03-26,94.58390045166016,95.81871718746079,94.3866192015248,95.75296048707659,9536300
2015-03-27,95.76028442382812,95.8114359681881,94.97117039630943,95.00770562099724,7907900
2015-03-30,95.28536987304688,95.71645658189563,95.05155332988296,95.6433861249103,7010600
2015-03-31,95.48986053466797,95.68714165670804,94.91994720341937,95.16106609725155,6844300
2015-04-01,96.74413299560547,97.00039243387235,96.13641480471182,96.15837958021135,9273900
2015-04-02,95.71907043457031,96.62698886965386,95.63121132457835,96.59769505144443,6663400
2015-04-06,95.18458557128906,96.26822234031278,94.97957351153644,96.23161064985996,5923800
2015-04-07,95.98267364501953,96.07786181030934,95.0747662431286,95.35299052484362,4764900
2015-04-08,96.0119400024414,96.18034033166455,95.19920982601086,95.93139877154049,5378900
2015-04-09,94.76720428466797,95.85816977138995,94.54755655177819,95.82155809180298,6484200
2015-04-10,94.90635681152344,95.51407516439852,94.8551093791374,95.41889816930443,4843000
2015-04-13,95.03817749023438,95.16996620722709,94.73797718287646,94.84048324242275,4010600
2015-04-14,95.71170806884766,96.5464027426679,95.53597875824389,96.14369672189652,6075500
2015-04-15,95.63124084472656,96.11448844349107,95.41891087259637,95.95340591056957,4425200
2015-04-16,95.15532684326172,95.8142927477916,94.75262049168363,95.79232796246208,7085500
2015-04-17,96.24629211425781,96.42933945991913,94.96496069462856,95.01621931412893,7268800
2015-04-20,95.39692687988281,95.92410400279508,95.13333831842668,95.8728565679034,4949400
2015-04-21,94.96492767333984,95.51406951937572,94.86242164230593,95.35298701741964,4563800
2015-04-22,93.51521301269531,94.85512069676258,93.38341872268606,94.81850899936417,9707600
2015-04-23,93.91793823242188,94.34260942856511,93.43469054312193,93.57380831782861,6843400
2015-04-24,94.503662109375,94.76723948675075,94.152203261567,94.18881495475368,4773000
2015-04-27,94.503662109375,94.81849809167616,93.9911207494017,94.503662109375,4334900
2015-04-28,93.20038604736328,94.26206399091102,93.17842125993843,93.84471068519247,7464300
2015-04-29,92.05813598632812,92.57798956561261,91.72864754684288,92.11670686756514,11554800
2015-04-30,92.21920776367188,92.38029024697373,91.16485933997093,91.55291863911134,12876000
2015-05-01,90.97784423828125,91.74088489393057,90.7504014189265,91.51344207457582,12378500
2015-05-04,90.1194076538086,91.36668206319588,90.03870106992305,91.19793600425471,9144700
2015-05-05,89.99468994140625,90.26615247896534,89.28300759594967,90.14142614562049,13935500
2015-05-06,88.4539794921875,89.55451840994748,88.31458170232656,89.50316015102389,14355000
2015-05-07,89.64249420166016,89.9286336511436,89.0335284614257,89.09222516840335,11933700
2015-05-08,89.88465881347656,90.64769959241582,89.73791697274083,90.52296762838323,11716400
2015-05-11,87.69819641113281,89.25362533408612,87.67618654862349,89.2316154715768,13738600
2015-05-12,87.9256362915039,88.50525357530925,87.17727300213976,87.41205419072703,15861700
2015-05-13,87.22130584716797,88.57130208285484,87.0452213286439,88.51994386505092,15760000
2015-05-14,87.4560775756836,87.91830708335911,87.08189871414903,87.25064472677239,9128400
2015-05-15,89.20958709716797,89.44437385694623,88.25579107487877,88.32182065284807,12630600
2015-05-18,87.71285247802734,88.35849921411904,87.65415579357612,88.27779267240459,10208300
2015-05-19,86.93516540527344,87.92564850731145,86.67103583171318,86.7737522661393,8435300
2015-05-20,87.08192443847656,87.63952645091747,86.70773986878116,87.14061555719925,7789700
2015-05-21,88.29985809326172,88.4906196389549,87.6395339717295,87.73491754338983,11760700
2015-05-22,88.33654022216797,88.5933313674758,87.89632603055065,88.51996326847744,5417900
2015-05-26,89.84793853759766,89.91397374077611,88.58598716476018,88.65935525902651,10469700
2015-05-27,90.05340576171875,90.14145086697016,89.22433534504316,89.64253979913671,6490300
2015-05-28,89.833251953125,90.26612755436908,89.67183881448287,89.87727168270892,6237600
2015-05-29,90.0313720703125,90.66234783030707,89.88463586466943,90.41289516118837,7912000
2015-06-01,89.06375122070312,89.9828438612566,88.74023442582178,89.78432231916341,13108100
2015-06-02,87.82112884521484,88.42405330419183,87.5784870775338,88.35787572678088,10076200
2015-06-03,86.40937042236328,87.2034674351455,86.17408304187525,87.04906061760902,14810900
2015-06-04,87.53438568115234,87.71084989813116,86.8652835434925,86.95351845683005,10859300
2015-06-05,86.4682388305664,87.18145565289618,86.30647762017863,86.6447030556728,11200200
2015-06-08,86.37264251708984,86.87998340061917,86.29911623490919,86.7329252265621,5334000
2015-06-09,85.68885040283203,86.12265946013909,85.37268229287906,86.07119049385356,12393900
2015-06-10,84.93888854980469,85.38740634207969,84.74772126204988,85.23299940518636,12183600
2015-06-11,86.72557830810547,86.74028693161284,85.46826026364381,85.70354775249577,13849300
2015-06-12,86.72557830810547,87.54908732393542,86.4314731543127,86.46087918193498,7863100
2015-06-15,86.86526489257812,87.54171558716925,86.57115418763131,87.41672036071776,8194200
2015-06-16,87.54911804199219,87.55647235632627,86.7182600325845,87.21089250870149,7046400
2015-06-17,86.8726577758789,87.22558629076556,86.21090979834442,87.13000265333743,13626100
2015-06-18,86.44615936279297,86.57115458982516,85.8432349392137,86.29910681448393,10123300
2015-06-19,87.55643463134766,87.63731522507925,87.12262002772404,87.13732865005476,10439200
2015-06-22,85.76973724365234,86.86529423977261,85.72561697670258,86.64470973411485,9769000
2015-06-23,85.2550048828125,85.99763307877888,85.06383771133171,85.09324933995057,8945100
2015-06-24,85.99029541015625,86.15205659401698,85.40943386403185,85.66677865213045,8600400
2015-06-25,85.68885040283203,86.0858991183332,85.4315055714044,85.72561074463792,8287800
2015-06-26,84.72560119628906,85.19617597259327,84.46825088231854,85.04911784893957,11673000
2015-06-29,86.96818542480469,87.2549417621783,85.62998731382986,85.99762421914926,17132900
2015-06-30,86.36528778076172,87.27702601664379,86.26970417536702,86.32117313360966,13469000
2015-07-01,85.199462890625,85.74476144654669,85.05945159871038,85.34683905534752,12451500
2015-07-02,85.47955322265625,85.96590510336682,85.39112407469656,85.71535866183694,6682100
2015-07-06,87.06385040283203,87.43229665453929,86.26063465064753,86.99016227689931,10605800
2015-07-07,87.88179779052734,88.78817238280115,87.65335730120319,88.17655590375492,16160100
2015-07-08,88.64080810546875,88.84713712597352,88.05866229930503,88.4418439628076,9951800
2015-07-09,86.8943862915039,87.77866090937952,86.84280402711454,87.46916170099821,11108900
2015-07-10,85.51641845703125,86.01013532281554,85.30271885347244,85.50904795427506,13636600
2015-07-13,85.2510986328125,85.81850340746651,85.03002862489627,85.03002862489627,8006700
2015-07-14,85.53115844726562,85.67853477804918,85.22903528254534,85.49431155354641,4227800
2015-07-15,86.43748474121094,86.62170784967725,85.50899870036866,85.56058094585751,8720400
2015-07-16,87.03436279296875,87.07120966220045,86.1206177808604,86.13535315532734,7306500
2015-07-17,87.4838638305664,87.60913418527109,87.21858212528434,87.22595262322069,7404900
2015-07-20,87.11544036865234,87.43230439806568,86.87963497155711,87.16702262357803,5941000
2015-07-21,87.58705139160156,87.63863364666199,86.70278255569596,86.7175179334086,5627500
2015-07-22,88.1323471069336,88.35341711887327,87.65336582909359,87.6975832047079,6228900
2015-07-23,89.23030090332031,89.31135951970535,88.02179777799813,88.13233276598164,9087700
2015-07-24,89.45138549804688,89.5692910037097,89.1050451027173,89.53244412767907,7307900
2015-07-27,89.93034362792969,90.11456671657538,89.51768570841692,90.0408786055256,8172000
2015-07-28,89.27456665039062,89.58406028682728,89.09034344460032,89.28193715279514,9128200
2015-07-29,88.94293212890625,89.28927254092322,88.73660310609893,89.17873752954952,6706400
2015-07-30,89.62823486328125,89.85667536665443,89.2745296032901,89.31874135527806,6146600
2015-07-31,90.29145812988281,90.56411044224535,89.94511767478701,90.22514048803635,9178400
2015-08-03,91.24187469482422,91.38957276070946,90.3335152501018,90.3335152501018,11753700
2015-08-04,90.5181884765625,91.07206496776305,90.43695280710725,90.95390757948825,6448800
2015-08-05,89.83872985839844,90.03074187143936,89.49901976413874,89.92734645340146,7574400
2015-08-06,90.6363296508789,90.73971945356794,90.0972208502961,90.0972208502961,6118100
2015-08-07,91.82530975341797,91.94347274414984,91.01295891226167,91.05727285094687,8317000
2015-08-10,90.68805694580078,91.2567010637089,90.48127163223778,91.13854366171087,7461700
2015-08-11,92.12810516357422,92.4087338363178,91.69239177949959,91.79578158705363,11145700
2015-08-12,91.62592315673828,92.83706572482595,91.57422825325851,92.26103519053083,8455200
2015-08-13,91.33053588867188,91.8844123577483,90.99821226095514,91.4486989065498,7691400
2015-08-14,91.54469299316406,91.84748147050422,90.98342998292512,91.18282864710578,4324700
2015-08-17,91.95828247070312,92.38661505704698,91.86227922244981,92.09859967796297,7880300
2015-08-18,91.23455810546875,91.78843472900779,91.11639505463806,91.42657024590645,5024300
2015-08-19,92.13551330566406,92.26105729643521,90.82836157911686,90.88005649498282,10736000
2015-08-20,93.0660171508789,93.12509866158649,92.44567819141818,92.58599537076796,9078300
2015-08-21,93.34664154052734,93.59772948273493,92.74845116856261,93.16940266165598,10718300
2015-08-24,93.31709289550781,95.20765580175708,92.9183012260355,94.75716922888958,16663400
2015-08-25,91.81792449951172,92.15763463050124,91.2492749932631,91.98039578701133,15354800
2015-08-26,90.04548645019531,91.21232015078932,89.62454082837584,90.83568281516585,16429900
2015-08-27,90.09722137451172,90.73971998152184,89.83874686628525,89.96429082252072,9127000
2015-08-28,90.36308288574219,91.18282035432746,90.26707967777446,90.94649999798082,9946200
2015-08-31,89.66891479492188,91.18284620448777,89.60983328050528,91.1016105307458,8617600
2015-09-01,90.31503295898438,90.35943746227093,89.53792591869806,90.02639239451312,15298200
2015-09-02,89.53791046142578,90.27801550339092,89.44909582363076,89.86355284023416,9515200
2015-09-03,89.97456359863281,90.04857296847867,89.33807285416312,89.83394184333861,7042500
2015-09-04,90.79606628417969,90.98109250291607,90.15957564000237,90.6258396784593,7951300
2015-09-08,89.45648956298828,89.96715815152679,89.37507756474031,89.8339390313531,7049500
2015-09-09,89.88575744628906,90.0781863432835,88.48695933200032,88.53876646043496,7441900
2015-09-10,89.27886199951172,89.69332462933657,89.1456428768096,89.56750249094081,6789700
2015-09-11,89.8413314819336,90.35200565915918,89.7969269957582,89.90054122786887,5890900
2015-09-14,89.98194885253906,90.40380839040046,89.759915139327,90.25578403274179,4221700
2015-09-15,88.25752258300781,89.58971386174993,88.16131096431376,89.4712943496159,11895000
2015-09-16,87.92446899414062,88.39813570328117,87.73944275942783,88.04288284814947,6949800
2015-09-17,88.99757385253906,89.08638843300844,87.87261739934227,87.98362856674184,19843600
2015-09-18,90.36679077148438,90.44080011875135,89.64888824523707,89.70809798167116,14963300
2015-09-21,88.89398956298828,89.63409437617007,88.64975361946591,89.56008502416222,10085600
2015-09-22,90.1299819946289,90.58144647630736,89.65631526738474,89.87834901614728,9968200
2015-09-23,90.12261962890625,90.34465347686908,89.54533840006928,90.01160835148015,6769900
2015-09-24,90.73687744140625,91.53619224565226,90.65546543468378,91.15873709144385,9605800
2015-09-25,89.9523696899414,90.24101021168116,89.75253816162711,90.03378169828375,8383700
2015-09-28,91.49174499511719,91.60275618281392,90.4407920303318,90.4407920303318,9833400
2015-09-29,91.75082397460938,91.98765736480573,91.21794743502922,91.43257857716864,9006100
2015-09-30,91.43254089355469,91.62496970832828,91.12169825576349,91.33632930944344,9832600
2015-10-01,91.82266235351562,92.34922731184207,91.711420618732,92.02290879268104,9069400
2015-10-02,92.37889099121094,93.60260096296811,92.09706917410674,93.14278105879855,13000400
2015-10-05,91.12550354003906,91.83747878228736,91.05875285511902,91.75589775531634,11362700
2015-10-06,91.51860046386719,91.66692656252069,90.78437665645981,90.88820605717285,5687800
2015-10-07,91.21452331542969,91.4666844695068,90.85853842038632,91.08102756521895,6712800
2015-10-08,90.45063018798828,91.49634780657263,90.22814105048447,91.43701510659386,12882300
2015-10-09,90.68797302246094,90.95496456617659,90.40615112999612,90.45806583803645,9038100
2015-10-12,91.3777084350586,91.54087057733719,91.15521923417994,91.24421265121967,4241000
2015-10-13,91.533447265625,91.66694304172321,91.07363288217036,91.61502833203384,6147200
2015-10-14,92.33442687988281,92.37151124234308,91.4444587636294,91.74111103019435,9738100
2015-10-15,91.88197326660156,92.30470873338523,91.800392241584,92.19346136669982,6924300
2015-10-16,91.91165161132812,92.31213878873092,91.86715492215343,92.1489767173879,8048300
2015-10-19,91.65947723388672,91.94130464659811,91.15516640751062,91.80780894012325,6238400
2015-10-20,91.09585571289062,91.19968510317955,90.88819693231275,91.07360736615405,6431300
2015-10-21,92.00064086914062,92.12671858058594,91.57048739191707,91.67431676113983,6603800
2015-10-22,92.15641021728516,92.54206145763763,91.60017887594663,92.03774481515958,6934100
2015-10-23,91.37028503417969,91.56311352350875,91.11071148601306,91.29612197160051,7058200
2015-10-26,91.97840881347656,92.11190455693846,91.82266472248394,91.86716707582298,5859800
2015-10-27,92.20832824707031,92.63106385542734,92.08225049646583,92.34182400014507,7156800
2015-10-28,91.83753204345703,92.21576539701407,91.44446268096864,92.16385068231332,8468700
2015-10-29,90.3764877319336,91.385121228251,90.25782230494143,91.35545487150296,12108000
2015-10-30,91.05876922607422,91.08101757228872,90.49511993610531,90.65828201938136,11861400
2015-11-02,90.6402816772461,90.81123345732708,90.43960457686177,90.5139292188335,8751000
2015-11-03,89.8970947265625,90.48426950067699,89.77817633985931,90.41737897139603,8921600
2015-11-04,90.0011215209961,90.33559107175793,89.71125131270144,90.00855568984218,5980800
2015-11-05,89.76331329345703,89.97885890709819,89.41398661336085,89.97143040603613,7268400
2015-11-06,88.44769287109375,88.84161866313832,88.25444422326903,88.8118876657339,10604700
2015-11-09,87.9497299194336,88.37338679797843,87.70445339222101,87.7787780660587,9159500
2015-11-10,88.20984649658203,88.60377227046926,87.98686686163079,88.07605984973281,6712500
2015-11-11,88.02407836914062,88.13556824531585,87.90515432239089,87.96461634576575,2857900
2015-11-12,88.44769287109375,88.77472817193434,88.22471322586462,88.26187839027212,6805700
2015-11-13,88.95313262939453,89.11665032419678,88.6112345723578,88.68555925073805,7906600
2015-11-16,88.8713607788086,89.19096195262986,88.54432543705418,89.0348784496858,5485300
2015-11-17,89.0200424194336,89.28761585604329,88.19503093893282,88.44773603428048,5122900
2015-11-18,89.20584106445312,89.33219926017814,88.71529363198967,88.87881133301404,5233900
2015-11-19,89.80049133300781,90.04576799783446,89.69643559713208,89.84508502820817,6643000
2015-11-20,89.52544403076172,89.96396929841956,89.39909150319971,89.8822104463242,5971000
2015-11-23,89.80049133300781,90.02347115023427,89.42886208470524,89.58494568851884,5436300
2015-11-24,89.79301452636719,90.08288474876323,89.62206832885649,89.85991070801761,3371500
2015-11-25,90.0011215209961,90.24639805743291,89.89706583958824,90.06058353054611,3280900
2015-11-27,89.91197204589844,90.1721113589821,89.90453787392126,90.12008349636535,2570600
2015-11-30,90.26869201660156,90.32815402425659,89.97882181754474,90.00855282137225,5179800
2015-12-01,91.48797607421875,91.5028702562195,90.3185867363095,90.3185867363095,12766600
2015-12-02,91.51779174804688,91.6444122141925,91.01130420082968,91.36137722822558,7345800
2015-12-03,89.0300064086914,90.42284802345519,88.62779536994734,90.39305398177426,16612200
2015-12-04,89.81212615966797,90.07281704236921,88.98535958693328,89.0300478289292,11843800
2015-12-07,90.68360137939453,91.21243319833542,89.9760108696119,89.98345512319624,9016700
2015-12-08,90.7282485961914,91.19004782818924,90.46010783988734,91.07832156595691,7257500
2015-12-09,90.63146209716797,90.98153522104161,89.76000709686738,90.38566534857972,8993900
2015-12-10,90.75064086914062,90.89216125524192,90.48994990735149,90.71340255039176,5606900
2015-12-11,92.18069458007812,92.43393551447099,91.51779250753832,91.63696304059533,12300000
2015-12-14,90.9889144897461,91.72629848017812,90.68352985456436,91.67416033302902,10661100
2015-12-15,90.45264434814453,90.57181483524373,89.99829514564922,90.13980974391498,8795500
2015-12-16,90.25898742675781,90.99637152077877,89.7525000621722,90.17705522935186,10988600
2015-12-17,91.27942657470703,91.45073524546676,90.60162477634114,90.70590110183842,9923000
2015-12-18,91.78596496582031,92.00196198664496,91.48058006976358,91.67423864573524,10171700
2015-12-21,91.7635498046875,92.19555490395027,91.55499718645932,91.93486413116503,7494900
2015-12-22,91.10069274902344,91.46566569292926,90.86234597067447,91.35393939750168,5445800
2015-12-23,90.41543579101562,90.57930024726774,90.0281244529391,90.29626525723623,7287100
2015-12-24,90.93339538574219,90.96325189902112,90.61244498617836,90.66469246077956,3364600
2015-12-28,91.20211791992188,91.56038476720398,90.94834034976058,91.05283532143027,7586600
2015-12-29,89.68693542480469,90.86623663666495,89.57497489921288,90.8289202578336,7787500
2015-12-30,89.59739685058594,89.97059493525454,89.32122821789285,89.50782726022716,5508900
2015-12-31,90.00045776367188,90.20944779458344,89.75414564386129,89.99299220698182,7897700
2016-01-04,90.64978790283203,91.39618386973736,90.55275847717209,91.00806047254828,10591900
2016-01-05,90.28406524658203,90.68711979568663,90.06014984900165,90.22435219607397,6242600
2016-01-06,91.50069427490234,91.52309094110659,91.0976453960301,91.28424441921365,8916900
2016-01-07,91.66487121582031,91.75444076658705,90.90354996522228,91.56784180673428,10202200
2016-01-08,92.0754165649414,92.15752058545378,91.23199108414607,91.38126801532316,9577200
2016-01-11,91.06781005859375,91.64999823526169,90.95584947972263,91.09020103545765,10040300
2016-01-12,92.3814697265625,92.7919899790758,91.17231133652695,91.3141227645799,12897700
2016-01-13,93.29204559326172,93.67270919322219,92.00824340872857,92.20230798639179,15577600
2016-01-14,92.41875457763672,93.27711113591535,92.06048198395054,92.90391312749418,12873800
2016-01-15,93.85926818847656,94.01601061701615,93.35918438867675,93.59803080757725,13976300
2016-01-19,93.56818389892578,94.09812426730929,93.26215886806506,93.3965103483981,8926600
2016-01-20,94.55342102050781,95.47895022634206,94.35935651629242,94.77734204033698,17283300
2016-01-21,93.91157531738281,95.00877870865244,93.7996147417234,94.74754116181478,11001600
2016-01-22,93.55327606201172,93.69509313056672,92.94123154260825,93.23233123452376,10164300
2016-01-25,94.06082153320312,94.24742053343881,93.78465865736604,94.00857404091913,5738200
2016-01-26,94.10559844970703,94.38922684773054,93.85928643075168,94.03841985610606,5692600
2016-01-27,94.08322143554688,94.26235488746607,93.44132039707416,93.85930034973555,7957800
2016-01-28,94.21758270263672,94.35193422912322,93.64285451367493,93.70256756868011,10575400
2016-01-29,95.01620483398438,95.43418473546356,94.73257073408143,95.0983088424248,13170700
2016-02-01,94.72532653808594,95.02445242189685,94.44116008640901,94.81506601483473,9948400
2016-02-02,96.48262786865234,96.49757588061716,95.71985706268912,95.79464276529781,10400000
2016-02-03,95.6824951171875,97.17064435848737,95.66006168129805,95.92927432267139,13309000
2016-02-04,96.14616394042969,96.16111195999896,95.35347959123288,95.88442525884197,9953500
2016-02-05,96.25833129882812,96.46771768016147,95.41330035299588,95.63764616462502,9200800
2016-02-08,98.32978057861328,98.43447377726089,96.97623159585822,97.0061504587306,14452200
2016-02-09,98.4344482421875,98.75600176508216,97.93341582072613,98.74104233752662,15232100
2016-02-10,99.30191802978516,99.33931089971469,98.04559975720572,98.48680595454955,12797100
2016-02-11,99.99739837646484,101.14154955842854,99.46644695881298,100.53582380453047,21620200
2016-02-12,98.33724212646484,99.55617889322113,97.91098396482562,99.18974703904188,13888400
2016-02-16,97.29781341552734,97.77641260781043,97.07346754805297,97.75397916213346,11766000
2016-02-17,96.6994857788086,97.08835088358884,96.25080580624297,96.94626489853285,13157300
2016-02-18,97.88853454589844,97.96332027069023,96.73690969472179,96.77430255711768,10196700
2016-02-19,97.97080993652344,98.5765470184666,97.76142356648187,97.91846904936374,8188700
2016-02-22,97.91851043701172,98.04563711464863,97.73903143938576,98.03816310209571,5054300
2016-02-23,98.31482696533203,98.5167393642095,97.05102308570082,97.12580883660463,8320700
2016-02-24,98.120361328125,99.7505850770406,97.92592301666602,99.01024751332169,9091200
2016-02-25,98.47184753417969,99.12992553744178,98.20264625361096,98.32228746362973,6097200
2016-02-26,97.52215576171875,97.82127596708088,97.24545759051915,97.44737000502602,9245000
2016-02-29,97.94837951660156,98.09046557437372,97.52960676361103,97.56699963313555,8016100
2016-03-01,96.2236557006836,98.03680334641462,96.14125133095366,98.0143273487885,13729100
2016-03-02,96.62076568603516,96.62825387503072,96.05884283792837,96.14125864627802,7047700
2016-03-03,96.97286224365234,97.35497697395878,96.47837898521696,96.70315033851264,6394800
2016-03-04,96.35102844238281,96.748119616837,95.72167197035856,96.46340842294609,8687000
2016-03-07,96.3210678100586,96.40348361940855,95.93896438435408,96.23865200070863,5493300
2016-03-08,97.38497161865234,98.1417016970725,97.36249561952596,97.66219466179366,7175400
2016-03-09,96.79302215576172,97.16763714270571,96.50831110733482,96.71060640134036,7194700
2016-03-10,96.39595794677734,97.2800440738914,95.84152349652841,97.0253085558089,10091600
2016-03-11,95.42196655273438,96.56079975116161,95.30958087028556,96.51584776465138,8927000
2016-03-14,95.72168731689453,96.19370045945752,95.6467654124492,95.76663931632675,5177000
2016-03-15,95.81155395507812,96.3959583006893,95.6092643203389,96.2760787273826,6413200
2016-03-16,96.09626770019531,96.29107488179731,95.42945895150346,95.71416438853547,9728900
2016-03-17,96.4933853149414,96.90546435185658,96.26862532421448,96.28360170202996,7805500
2016-03-18,96.69566345214844,97.03281481031398,96.42594007914653,96.68067564466294,8198600
2016-03-21,95.95394134521484,96.36600891302179,95.71418213336136,96.08879732762108,5514800
2016-03-22,95.93141174316406,96.66566543241703,95.84150779441612,96.52330989200382,4997900
2016-03-23,97.01786041259766,97.2651078465539,96.11877467735674,96.20869011029085,10628200
2016-03-24,97.0552978515625,97.87945583788743,96.65071847886097,97.83450384451486,6343300
2016-03-28,97.18268585205078,97.51983726514007,96.86051081653929,96.93543843382548,5058700
2016-03-29,98.20162963867188,98.21660601471336,97.41493546726518,97.68465885653752,9396700
2016-03-30,97.1677017211914,97.45241295883983,96.63574305595613,97.42243733785067,8478700
2016-03-31,97.85693359375,98.00677731162483,97.2425594884175,97.38491502171858,7832300
2016-04-01,98.11219024658203,98.45005132512583,97.5265811792756,98.33742714693635,9341400
2016-04-04,98.17228698730469,98.32995630704417,97.80441100129336,98.1948095392634,5145100
2016-04-05,99.24592590332031,99.37355753481472,98.9381023741708,99.11077911607146,6482800
2016-04-06,98.52515411376953,98.85550014563249,98.15727813321801,98.7503910860423,6393700
2016-04-07,99.74147033691406,99.84657943987433,99.11080426311948,99.24595108465869,5963300
2016-04-08,99.11077880859375,99.4035834813561,98.83299299126361,99.23090673999114,5584800
2016-04-11,98.98314666748047,99.23840992836212,98.43507873534517,98.59274807649561,4805500
2016-04-12,98.29989624023438,98.76538893889577,97.99958797841,98.41252043043791,4276000
2016-04-13,98.645263671875,98.78791410963957,97.99208688424373,98.11971847171041,5207900
2016-04-14,98.17228698730469,98.58521953326192,97.96958401967625,98.28491120312674,6967000
2016-04-15,99.0131607055664,99.22337880615352,98.54016425123177,98.57019049873252,5831100
2016-04-18,98.5852279663086,98.68283333716457,98.09722402408761,98.60024682090861,4486600
2016-04-19,98.27740478515625,98.58522829732833,97.81942709456811,98.41255156495134,5212200
2016-04-20,97.19625091552734,98.84045401041756,97.05360049059493,98.47257813140781,10920700
2016-04-21,96.61820220947266,96.90350322673608,96.31788233445015,96.43050658359553,11154200
2016-04-22,96.37039184570312,96.78332429632792,96.28030165866711,96.73827920280992,5826400
2016-04-25,95.97248840332031,96.49052994566219,95.97248840332031,96.1451650987586,5539500
2016-04-26,95.53702545166016,95.91992593943581,95.43942583744847,95.91992593943581,7840000
2016-04-27,96.49057006835938,96.71580710947393,95.81486467303161,96.04009598613027,8380100
2016-04-28,96.88848876953125,96.9560564484682,96.13019107468635,96.25783418738821,7974600
2016-04-29,97.1362075805664,97.38396708863205,96.2502786011777,96.43797415674007,7416300
2016-05-02,96.15824890136719,96.9707223132215,96.14320554206691,96.79017904342001,11035200
2016-05-03,97.36947631835938,97.81333881887244,97.30930285706965,97.45975946850123,10736700
2016-05-04,97.9035873413086,97.92615525373213,97.18890999666121,97.55752688564621,7211200
2016-05-05,98.55802917480469,98.6031764555808,97.57252590778432,97.84335219696584,7870400
2016-05-06,98.13676452636719,98.44520786699326,98.01639471357207,98.43768905835499,7232500
2016-05-09,98.4452133178711,98.46778122413261,98.03897952606597,98.14430024831898,4950800
2016-05-10,98.4527359008789,98.64080944633278,98.28723026255165,98.43769828219332,4331900
2016-05-11,99.0094223022461,99.30281652827944,98.29474523668762,98.42263385017944,9256000
2016-05-12,98.55802917480469,98.67839896535092,98.24206708394209,98.29473317196671,6087400
2016-05-13,99.51348114013672,99.54357933802959,98.72356989238624,98.91164345236972,8707300
2016-05-16,98.6558609008789,99.04705709891563,98.53549107392938,99.03200800077231,5137000
2016-05-17,98.8213119506836,99.17489094758142,98.70847247469159,98.70847247469159,4449100
2016-05-18,97.4145736694336,98.43769417315896,96.97824168470243,98.40759597884771,12681000
2016-05-19,97.83580017089844,98.04644149328642,97.53487579670764,97.55744368988555,6209400
2016-05-20,97.91108703613281,98.09916058900983,97.4597173966872,97.53493993037878,5348900
2016-05-23,98.12928009033203,98.3474404082301,97.7380838012687,98.06909516285296,6979700
2016-05-24,97.69292449951172,97.9411829610426,97.22650577250737,97.77567732002201,5968200
2016-05-25,97.32429504394531,97.98631760008266,97.27915922949927,97.67035541986209,6367400
2016-05-26,97.8283462524414,98.13678967210038,97.64780296608501,97.65532177664983,5419300
2016-05-27,97.6854019165039,97.99383380003823,97.57255090429557,97.85090755113109,5267600
2016-05-31,97.91861724853516,98.1292587092653,97.0309041105164,97.06100230724851,8344300
2016-06-01,98.31588745117188,98.95665654777773,98.08219871088097,98.474199034782,9874900
2016-06-02,99.02444458007812,99.27321321496518,98.65505875809043,98.6776730428358,5835400
2016-06-03,100.43414306640625,100.43414306640625,99.95923148449104,100.15522582760761,11077200
2016-06-06,99.68788146972656,100.17787324087882,99.58234424966173,100.09495031777828,7573700
2016-06-07,99.92910766601562,100.24571933633128,99.91402763332593,99.98941629407975,4680200
2016-06-08,100.46431732177734,100.58492304852525,100.04216852142942,100.16277424817731,5313200
2016-06-09,101.1126480102539,101.4217139284236,100.96187068116207,101.25587957127401,6820300
2016-06-10,101.60260009765625,102.0172145851645,101.21059990013111,101.61013436008705,6984600
2016-06-13,102.054931640625,102.06246590473444,101.59508847069709,101.8363114518252,7283300
2016-06-14,101.97953796386719,102.68814984681013,101.93430937605258,102.66553555290282,9012500
2016-06-15,102.37155151367188,102.69569743686796,102.00216549409787,102.16047707468509,7953200
2016-06-16,102.86912536621094,103.69834338277698,102.6580393500087,103.0801998797149,10372700
2016-06-17,102.22834014892578,102.72587778306767,101.96449129675149,102.67310341155421,8489900
2016-06-20,101.13524627685547,101.42924361766694,101.02216329796279,101.19555489839287,7365900
2016-06-21,100.66785430908203,101.4518548628043,100.60755719205085,101.23323467846724,6005800
2016-06-22,100.83368682861328,101.00707840094447,100.44923236914498,100.63769246739854,5773700
2016-06-23,99.68028259277344,100.50197712122454,99.56721116819621,99.96674553861996,9029100
2016-06-24,102.35645294189453,102.98214188080907,101.99461275527013,102.98214188080907,17155000
2016-06-27,104.91194915771484,105.22856069128139,104.33148892816466,104.36164898051747,16577100
2016-06-28,105.13057708740234,105.46225716909423,104.69334831732466,105.11549706010572,14006400
2016-06-29,104.3239517211914,105.63563789695588,104.22594880784604,105.29640058235708,12999800
2016-06-30,104.70842742919922,105.49242789022773,104.09781854288747,104.64058455354052,14698500
2016-07-01,106.1622543334961,106.3510610646657,105.12003748980837,106.34350142015597,15430200
2016-07-05,107.49143981933594,107.92947277876723,107.01564321232745,107.128934155059,8840800
2016-07-06,107.6651611328125,107.99746286235879,107.21203183930822,107.83886011912999,14352800
2016-07-07,107.65765380859375,108.14099881914045,107.07612556151516,107.31024418045673,9676400
2016-07-08,108.45059967041016,108.46569591294076,107.51411406029601,107.93703932813813,10355300
2016-07-11,107.49903106689453,108.35244144436037,107.42351526529124,108.03524742038194,8099000
2016-07-12,105.73174285888672,106.38123831168798,105.45986077343862,106.04893670460193,15810600
2016-07-13,106.9779052734375,107.06854035417341,106.44924865185322,106.76644262480379,8181700
2016-07-14,105.42216491699219,105.61097172206905,105.04455130683847,105.18804632251333,10817000
2016-07-15,104.5158462524414,105.05961052165496,104.3572435389843,104.89345968807041,9958600
2016-07-18,104.41768646240234,105.17291350284057,104.0174170528781,105.02943004519139,5955900
2016-07-19,105.0067367553711,105.21065123271708,104.52339202955461,104.93122098424658,8073900
2016-07-20,104.432861328125,104.60656043234964,104.15343083126047,104.39509764706985,6942500
2016-07-21,104.64420318603516,104.68951494139583,103.45850333333551,103.49625544690662,10398400
2016-07-22,104.82547760009766,105.15777922150626,104.12311071414837,104.16842247636846,5811400
2016-07-25,104.75001525878906,105.17294066685139,104.66693980193017,104.93127394389566,4243800
2016-07-26,104.9161605834961,105.36930151019669,104.56876252703108,105.36930151019669,5243400
2016-07-27,106.22269439697266,106.22269439697266,105.278660456282,105.39195144347596,8508100
2016-07-28,106.0263442993164,106.3661942286233,105.51279534371528,105.58076302480619,7336100
2016-07-29,106.909912109375,107.00053564464851,105.89791088599638,106.07160983655305,8766700
2016-08-01,105.75080871582031,106.30312778419399,105.6297490023744,105.75837061857705,9809300
2016-08-02,104.66130065917969,105.3649386391,104.03331634603134,104.28299769064867,10051200
2016-08-03,104.7218017578125,105.00174218327523,104.34349889318192,104.86555869355408,4930600
2016-08-04,105.50874328613281,106.04593882391865,105.37255969747747,105.51631673765517,5646000
2016-08-05,104.41162872314453,105.30441826778005,104.27544518374918,105.206067337625,7778600
2016-08-08,104.60832977294922,104.82017850580348,103.8971299097328,104.10897864258706,5185200
2016-08-09,105.63731384277344,105.71297905200372,104.88070793003072,104.94881123629399,5503200
2016-08-10,106.04584503173828,106.31065006821557,105.52378531383697,105.84912018447959,5843500
2016-08-11,105.10009765625,105.98532491542491,104.82014570445568,105.97018956927445,7624600
2016-08-12,105.98540496826172,106.57555692013158,105.8265125758836,106.23508641634439,7989600
2016-08-15,104.98661804199219,105.64487294723233,104.97905614005184,105.42545079718947,5108600
2016-08-16,104.7066650390625,105.28168122960922,104.5856053531936,105.15305964270615,6182700
2016-08-17,105.3346939086914,105.50114816123495,104.78993663580202,104.88829911545737,5002000
2016-08-18,105.5011215209961,105.74322938953861,105.0093207917966,105.3195319609224,3805200
2016-08-19,104.94878387451172,105.20602704700333,104.48725392627111,104.89581593288209,5516300
2016-08-22,105.83405303955078,106.03076644722846,105.44817658329055,105.66002534383313,5549700
2016-08-23,105.94755554199219,106.37125312793592,105.67517687318646,106.1291451694938,6841400
2016-08-24,105.69783782958984,106.06857886239925,105.4632918568512,106.00048710480856,6027800
2016-08-25,105.29682159423828,105.75835156683046,105.13794085074043,105.36491334145165,5855500
2016-08-26,104.68394470214844,106.44683702479985,104.5780203865974,105.72049061467526,12962500
2016-08-29,106.08370971679688,106.18963407241225,105.32710387814738,105.45572548533113,7310400
2016-08-30,105.67509460449219,106.12148910324116,105.67509460449219,106.05339737527288,5161800
2016-08-31,105.82647705078125,106.05346115874102,105.42547679617188,105.66759625663332,7349700
2016-09-01,105.94319915771484,106.19333472787399,105.03362262634087,105.07151249214941,9149100
2016-09-02,105.07903289794922,105.39738390319509,104.73035614026904,105.3291683090465,8397000
2016-09-06,105.84468841552734,106.17820260570406,104.98816438765499,105.1397701583873,8542600
2016-09-07,105.76885223388672,106.43588040425817,105.76885223388672,106.39797897350655,5421800
2016-09-08,104.44237518310547,105.56419730547259,104.04064549262668,105.25342178917256,14301500
2016-09-09,102.72175598144531,103.17653838404318,102.63837747275205,103.13864852491166,13347700
2016-09-12,102.77477264404297,102.95669248075268,102.44884594822764,102.57012583936744,9096600
2016-09-13,101.60755157470703,103.08561506578012,101.08454182419781,102.9870736444104,15645400
2016-09-14,101.75914764404297,102.25941885520272,101.60755346166282,101.60755346166282,7037700
2016-09-15,101.31952667236328,101.60756374416071,100.8344183001179,101.27404956963652,9874500
2016-09-16,102.13812255859375,102.1835996494499,101.73639283484066,102.0092669458704,7507900
2016-09-19,101.80461883544922,102.22908714784383,101.75914173996324,101.96380023554423,7105900
2016-09-20,102.16082763671875,102.76721563656812,102.07744914216585,102.44127731571983,6054800
2016-09-21,102.98703002929688,103.00219291060023,101.70603835756998,102.0244010354922,10698100
2016-09-22,103.80569458007812,104.06340583817153,103.46460478955517,103.59346041860186,12426200
2016-09-23,103.70716094970703,104.10130348329979,103.62378242031356,103.86633078207112,5928800
2016-09-26,104.36662292480469,104.47274002299676,103.8587759858929,103.89667742793927,8661300
2016-09-27,105.13216400146484,105.20796687318283,104.5636771612631,105.04878546893282,9450400
2016-09-28,104.90475463867188,105.47324141214565,104.76832336466681,104.98055750149224,7958700
2016-09-29,105.1700668334961,105.4126267734982,104.1846873175529,104.2680658511918,8319800
2016-09-30,104.23014068603516,105.08666437606846,103.74503248236407,105.01844874568312,11747100
2016-10-03,103.88619995117188,104.61517773942569,103.84823030622063,104.54682774382991,7588800
2016-10-04,102.6712417602539,103.90896863285862,102.63327211924471,103.74191148178427,12048700
2016-10-05,102.19281005859375,102.57248314771616,101.84350571845174,102.52692423089398,8917700
2016-10-06,101.62337493896484,102.27641359455586,101.50946597668393,101.72968301840005,7839900
2016-10-07,101.69168853759766,101.97264305321822,101.06142951099007,101.69927783187889,9953200
2016-10-10,101.09180450439453,101.11458397273994,100.6210017896039,100.87918840869872,6089100
2016-10-11,100.86399841308594,101.41072882776129,100.66657249150637,100.88677788147172,9670400
2016-10-12,100.96271514892578,101.0082740847866,100.4159847451799,100.74249817665446,7582400
2016-10-13,101.34234619140625,101.69922823592398,101.27399622937222,101.47902294206796,7080600
2016-10-14,99.92237854003906,100.95508998911677,99.876819615135,100.43874005793053,11415100
2016-10-17,100.5602035522461,100.79561058799324,100.30202864598445,100.3096295228585,10595900
2016-10-18,100.8867416381836,100.90952109838592,100.10461594002616,100.1273954002285,7151000
2016-10-19,100.97030639648438,101.19811266690463,100.47673579949732,100.51469385564384,6941300
2016-10-20,101.07659912109375,101.56258035051768,100.91713127996265,101.47905178358357,6082300
2016-10-21,101.22844696044922,101.53978170445585,100.8943327558279,101.38791477145642,9222700
2016-10-24,100.78802490234375,101.33475513136378,100.4539106971977,101.3043863793979,6507500
2016-10-25,101.05384826660156,101.41833139518559,100.60583654743478,100.63620531368773,5134700
2016-10-26,100.37042999267578,100.84123277286152,100.22616386868562,100.58305770461408,5842500
2016-10-27,99.27693939208984,99.52752506139063,98.76057788321712,99.52752506139063,10044700
2016-10-28,99.05672454833984,99.4212075355344,98.96560669821751,99.01116562327867,7541000
2016-10-31,99.66417694091797,99.69454568717008,99.25413513965285,99.3908118778405,7047500
2016-11-01,99.67179107666016,100.120669139883,98.81210025575427,99.02512201746683,12622400
2016-11-02,100.10543060302734,100.5086511174085,99.68699093466581,99.89240888255476,8666200
2016-11-03,99.3370590209961,99.70223755543529,99.23815190609568,99.47399661810468,6085400
2016-11-04,100.22715759277344,100.26518806335706,99.76307208528827,99.86958294231047,7622600
2016-11-07,99.37511444091797,99.66422047467428,99.23817680944553,99.47402158063865,5386700
2016-11-08,98.97187042236328,99.82396916110827,98.68277606546125,99.679416178249,7576500
2016-11-09,94.77230072021484,96.90253056599477,94.50602344059469,96.78841007346917,31233500
2016-11-10,93.37244415283203,95.06901504695261,93.364834571792,94.31582904745903,22961200
2016-11-11,92.8474349975586,93.61583967625049,92.55072537196187,93.54736509874033,10040200
2016-11-14,92.29209899902344,93.31917755365592,91.85084202634381,92.26927606303765,21174400
2016-11-15,92.74859619140625,93.4333076012354,92.64968904665456,92.98444097459584,11963700
2016-11-16,93.58544921875,93.68435053691152,92.94637802731265,93.04528514988276,9149500
2016-11-17,92.20844268798828,92.90076960742958,92.04867627682742,92.77903950116745,11221600
2016-11-18,91.942138671875,92.79423175536128,91.55413132620428,92.53555825677772,13577700
2016-11-21,92.1703872680664,92.42145120685625,91.97257878861899,92.21603314624284,6488100
2016-11-22,92.13996887207031,92.63448724428937,91.96498330488734,92.55840883419658,9989900
2016-11-23,91.78238677978516,91.98780485581783,90.72488129031376,91.28786844625152,13563500
2016-11-25,91.9192886352539,92.27686335776554,91.59975599980385,92.20078498804993,3126300
2016-11-28,92.59642028808594,92.6116394486667,92.12472498503665,92.3681851190562,8555000
2016-11-29,92.98441314697266,93.12135654883714,92.2160081807103,92.39099367369589,8363000
2016-11-30,91.47805786132812,92.06387370165655,90.89985740635642,91.27264561103205,21163500
2016-12-01,90.51217651367188,90.71037973130822,89.68122705946422,90.34446162477693,21715700
2016-12-02,91.17539978027344,91.64042528382349,90.82472585919952,90.84759501246214,12487500
2016-12-05,91.07632446289062,91.78529749946325,90.29873813056464,90.66466213686478,12100100
2016-12-06,91.00762939453125,91.4345413209846,90.80942630970029,90.9771352700589,11526600
2016-12-07,91.78526306152344,91.95297792581064,91.34310674952307,91.34310674952307,10392200
2016-12-08,90.70277404785156,90.9543406024472,90.55030330064963,90.83236982084998,12041100
2016-12-09,89.5744857788086,90.61126327098823,89.40677091740271,90.44354840958233,14646400
2016-12-12,89.74221801757812,89.80320630920119,89.10185258786322,89.39916323932113,9496300
2016-12-13,90.06238555908203,90.32920202839162,89.52875262046283,90.2605945717818,12189200
2016-12-14,89.05611419677734,90.87809724018416,89.04087003196716,90.77899562850892,16618400
2016-12-15,89.5058822631836,90.17673592215314,89.2161908294082,89.62022802266047,12400500
2016-12-16,89.30006408691406,89.89468540620597,89.04087256462324,89.6583630398627,14924600
2016-12-19,90.26062774658203,90.39784852639926,89.75748294853052,89.94044786573014,10868300
2016-12-20,89.81084442138672,89.87945771797162,89.4830395549951,89.67362364438175,7030600
2016-12-21,90.20724487304688,90.26060817495117,89.74984431155806,89.8946842360619,4624700
2016-12-22,90.04595947265625,90.19118443227875,89.80901839654875,89.83194742567001,5177800
2016-12-23,90.22940063476562,90.4892707321212,90.15296276482269,90.37461975859755,4461600
2016-12-27,89.93894958496094,89.96187861309704,89.6026474533135,89.74786657530576,5276600
2016-12-28,90.59630584716797,90.86382098370787,89.96190864380722,90.08420460987838,7578600
2016-12-29,90.91728973388672,91.16187574242397,90.69563858388551,90.80264459815865,8581400
2016-12-30,91.05486297607422,91.45231885509335,90.74148990933799,90.78734796022866,10613900
2017-01-03,91.44470977783203,91.71222489862745,90.32878539437658,90.50458437740917,13217300
2017-01-04,91.79627227783203,91.90327829160536,91.29945531023279,91.53640219620836,6699600
2017-01-05,93.23324584960938,93.27145896140043,91.8498005795926,92.06381266607687,13265800
2017-01-06,92.37718200683594,92.89692809022746,92.29310500574383,92.58354911681297,8369300
2017-01-09,93.11854553222656,93.24848054000306,92.83574066407573,93.15675862377846,8839100
2017-01-10,93.05744171142578,93.1797376577121,92.69820465844936,92.90457760995957,8417900
2017-01-11,93.3708267211914,93.77592186445163,92.79757755664006,93.20267269990028,9402500
2017-01-12,93.1644515991211,94.11986685125039,93.1185935330643,93.85999670173935,9977600
2017-01-13,92.72113800048828,93.05744603701655,92.19375274394123,92.73642791018062,9820000
2017-01-17,93.69185638427734,93.96701648363677,93.24089728700778,93.86764955079472,7853300
2017-01-18,92.49182891845703,93.21794207983814,92.41539687484709,93.07271711500546,9064700
2017-01-19,91.8574447631836,92.16317881190474,91.37591757263733,92.0943858810313,11795600
2017-01-20,91.67398834228516,91.95678746992665,91.17717134134337,91.59755047183965,16953200
2017-01-23,92.59117889404297,93.14914382516105,91.73512494660125,91.97971095567168,13118400
2017-01-24,91.95683288574219,92.5835852457577,91.56702754462813,92.30842510415151,8395000
2017-01-25,90.80268096923828,91.41414331980789,90.61923701581392,91.16955721330149,11115100
2017-01-26,91.10836791992188,91.15423180317948,90.4434028422829,90.88671678163563,7827900
2017-01-27,91.4370346069336,91.58990450500919,91.14659054767549,91.2612415133846,7197800
2017-01-30,91.1618881225586,91.62813117580508,91.10838510815611,91.29182901301425,6569500
2017-01-31,91.79627227783203,92.02557421099796,91.14659124238244,91.20773920207874,13298500
2017-02-01,91.22866821289062,91.55804147632394,90.83035921347926,91.22866821289062,10975500
2017-02-02,91.19041442871094,92.02533433824517,91.15211288401872,91.86447836972927,6978600
2017-02-03,91.152099609375,91.81850781960084,90.74612900833873,91.4891344527988,10275600
2017-02-06,91.70362091064453,92.01767136483421,91.24403160178433,91.73426097710123,8433800
2017-02-07,92.37764739990234,92.69170357079969,91.51208778829502,91.7495409021004,8418400
2017-02-08,93.63394165039062,93.65692024986178,92.99817897036326,93.00583460752175,15734200
2017-02-09,92.55381774902344,93.1359611903047,92.42360191431517,92.99808972578458,16890600
2017-02-10,92.50025177001953,92.64578479117876,92.00236088122286,92.00236088122286,7978500
2017-02-13,92.20915222167969,92.23213665073584,91.82616021999536,92.10957640507966,11536800
2017-02-14,91.54275512695312,92.147883225585,91.0218857410418,92.10192020883184,13210500
2017-02-15,91.1214370727539,91.32059450783831,90.88398395199481,90.96824264206926,8481000
2017-02-16,91.61936950683594,92.07895885240511,91.24403888975395,91.3206361400162,10005800
2017-02-17,92.16317749023438,92.45424925221401,92.01763868724804,92.38531351016347,7886400
2017-02-21,92.00234985351562,92.38534189991474,91.61169632986996,91.67297645985258,8703800
2017-02-22,92.15552520751953,92.54617865008474,91.60401584013186,92.53086154276559,8101500
2017-02-23,92.43126678466797,92.48488541867245,92.17083508921554,92.35466957094624,5330800
2017-02-24,93.45767974853516,93.55725553302338,92.88319193127293,92.9521276642281,11336000
2017-02-27,92.90618133544922,93.37343194879142,92.8602241747903,93.30449036381009,11039800
2017-02-28,93.25092315673828,93.51136084675512,92.92921116671413,93.06708856872393,8410500
2017-03-01,91.6883544921875,91.7497526354102,91.28927241648908,91.66533165229129,10717100
2017-03-02,91.35833740234375,91.48880405184677,91.03600596642498,91.33531456481363,8201200
2017-03-03,91.59619903564453,91.59619903564453,90.9822355595555,91.5041077346162,9515200
2017-03-06,91.15877532958984,91.41971442357406,90.95923435833689,91.41971442357406,4489200
2017-03-07,90.88252258300781,91.08206362660658,90.7520559163372,90.92857411937638,7080100
2017-03-08,90.391357421875,90.52182410050855,89.96925831066348,90.03065060603521,11336300
2017-03-09,89.6698989868164,90.16107809112304,89.61617709567697,90.05362845359718,10575400
2017-03-10,89.984619140625,90.03834106709593,89.54716749500427,89.90019813399198,9218500
2017-03-13,89.41665649414062,89.86177829782748,89.40130403404056,89.66224315851018,6993100
2017-03-14,89.84645080566406,90.06133845079366,89.57016501756911,89.61621069716854,9869200
2017-03-15,90.94387817382812,91.19714101197647,90.12269739836714,90.22246494585892,14600500
2017-03-16,90.48345947265625,90.67532431214227,90.27624216707122,90.5525280043511,8018200
2017-03-17,91.0513687133789,91.13578970278672,90.58321808311725,90.64461623091378,7266800
2017-03-20,91.44277954101562,91.50417769213878,90.94392980982734,90.9823051180918,5497800
2017-03-21,92.20256042480469,92.32535672411198,91.34300389540309,91.36603259296058,12540700
2017-03-22,92.57093811035156,92.99303719048122,92.42511897717523,92.64768286535245,11661400
2017-03-23,92.4404525756836,92.87790405839466,92.1411439746312,92.73209080099008,6746500
2017-03-24,92.77045440673828,92.93929634650006,92.40207731566557,92.50184489132103,5819600
2017-03-27,93.1925277709961,93.60695624987422,93.00833928768792,93.49951248000725,6878500
2017-03-28,92.57093811035156,93.49188688086124,92.47116465912588,93.46886403988591,6811200
2017-03-29,93.1235122680664,93.15421134388862,92.77048167898593,92.81653322034425,6291000
2017-03-30,92.37135314941406,92.9315948643038,92.34065409095827,92.91624826269927,7042400
2017-03-31,92.63998413085938,92.71672886721883,92.25625459381402,92.30997649479045,5144800
2017-04-03,93.57442474365234,93.72824502457703,92.59769089726653,92.63614156676489,12996500
2017-04-04,93.06683349609375,93.51289764650868,93.02068447749345,93.34370413712028,6976700
2017-04-05,93.35139465332031,93.45906592181613,92.56693171604444,92.72074613742588,8555200
2017-04-06,93.2129898071289,93.37450263033047,92.69001238871971,93.24375387499369,6497000
2017-04-07,92.83609771728516,94.02048738312018,92.82071862422069,93.70516023268756,10270000
2017-04-10,93.26677703857422,93.53596102572986,93.05912702284812,93.16679827065319,5314500
2017-04-11,94.15123748779297,94.32812934374415,93.61288117427851,93.67440928657838,11297400
2017-04-12,94.6665267944336,94.7434398723419,94.05126324467537,94.22046262784319,11532500
2017-04-13,94.95877838134766,95.16642842702005,94.52809332801598,94.94339341936079,8396700
2017-04-17,94.6665267944336,95.02031052340851,94.48964079759016,94.95108992681983,8015000
2017-04-18,95.90473175048828,96.12008010791537,95.02029021996596,95.25870428113534,11529700
2017-04-19,95.38179779052734,95.49716156731272,95.13569113828643,95.44332592049894,7344000
2017-04-20,95.0125961303711,95.3048458090346,94.70496149261639,94.99721117127989,7932900
2017-04-21,95.0125961303711,95.55095234570983,94.97413960028575,95.22793861650659,9798500
2017-04-24,94.54346466064453,94.72035650310852,94.18199436299795,94.25121495096849,8066400
2017-04-25,93.4052505493164,94.18202704137475,93.3514149033903,93.9897560391179,8122300
2017-04-26,93.9205322265625,93.93591132349422,93.38986243392432,93.45907717158421,5766200
2017-04-27,93.88975524902344,94.09740530108229,93.5052133345379,93.63595617722844,4978300
2017-04-28,94.09741973876953,94.16664034517254,93.48215610177705,93.52060677853885,8166300
2017-05-01,93.31514739990234,94.1320769252399,93.02998998072881,93.78526877426779,8795900
2017-05-02,93.79302978515625,93.85468643520672,93.20730924938226,93.23042902317573,6727800
2017-05-03,93.85465240478516,94.3247739011321,93.67739695003773,94.19375797720582,8932900
2017-05-04,93.3922348022461,93.42306311455692,92.9991811701572,93.26121888484958,9707200
2017-05-05,93.47697448730469,93.61569889828348,93.16869736514103,93.54633375284556,5605400
2017-05-08,92.96830749511719,93.36136093542055,92.89123969189407,93.33824118244326,8057800
2017-05-09,92.9606704711914,92.96837314102511,92.59073652265124,92.775700556971,5536700
2017-05-10,92.85273742675781,93.29973317555643,92.6061168522868,93.1841343749437,6517000
2017-05-11,92.85273742675781,92.92209670712545,92.41344434473451,92.48280362510215,7479800
2017-05-12,93.5540771484375,93.6311449877133,93.23809724343695,93.26121700722976,7463900
2017-05-15,93.29975891113281,93.41536362353197,93.0608468174345,93.29975891113281,5173200
2017-05-16,93.64655303955078,93.93941315247542,93.33827583232036,93.33827583232036,6722700
2017-05-17,95.0106430053711,95.21102401113548,94.32472951476286,94.50969343090858,11236400
2017-05-18,95.11859130859375,95.51935354003722,94.94133583998999,95.37292050779055,8350500
2017-05-19,95.3420639038086,95.39601197127742,94.80258322912032,95.07232356646445,11277400
2017-05-22,95.08000183105469,95.22642889332097,94.99522548347588,95.11083012834666,4062900
2017-05-23,94.44034576416016,95.2726923088696,94.39410624941995,95.18791594524747,7901300
2017-05-24,94.97212982177734,94.99524958063692,94.44035184841506,94.64073289169473,7355200
2017-05-25,95.00299835205078,95.01070690204426,94.60995050089538,94.81032576151941,6464800
2017-05-26,95.16483306884766,95.3652082969754,94.98757172715017,95.21878115025126,2963800
2017-05-30,95.63492584228516,95.67346269688966,95.36518549974907,95.58868632067853,4819400
2017-05-31,95.87385559082031,96.06652812782764,95.58869811928578,95.60411521498992,8000200
2017-06-01,95.8839111328125,95.91480476295762,95.5054744751605,95.53636221294815,9037300
2017-06-02,97.01922607421875,97.13506982071291,96.57900216046875,96.71029566806706,13245000
2017-06-05,96.41679382324219,96.66394282281134,96.3704563320012,96.46313720683963,6775500
2017-06-06,96.94196319580078,97.21228091180426,96.84928822332492,97.07326256073463,12841500
2017-06-07,96.47858428955078,96.94197689447866,96.37818442439601,96.72572740500276,12852400
2017-06-08,96.2237319946289,96.44770640023224,95.9997634813832,96.44770640023224,8758600
2017-06-09,96.07699584960938,96.26235174573856,95.7526215582939,95.82985269065124,5130500
2017-06-12,96.04607391357422,96.53263520715863,95.87616193704622,95.93022430300005,4335800
2017-06-13,96.06149291992188,96.16961762384919,95.76028754578799,95.775737299123,4742600
2017-06-14,97.54438018798828,97.86102949855334,97.1041563907158,97.25089372823606,20212300
2017-06-15,97.3899154663086,97.56755232403883,97.18139087818324,97.3821905875318,5863700
2017-06-16,97.5829849243164,97.65249704057112,97.32039799977838,97.374460360263,6672500
2017-06-19,97.4439697265625,97.68339380987713,97.33584500210644,97.55981932915273,5641300
2017-06-20,98.31674194335938,98.3939730819234,97.92285547661713,97.92285547661713,8405700
2017-06-21,98.51753997802734,98.5793272447261,98.01553464008464,98.16999691447346,5914800
2017-06-22,98.7337875366211,98.75696218043636,98.32445721458747,98.63338764952012,6608100
2017-06-23,98.68740844726562,98.7800893063975,98.3939278985479,98.44799025995263,4329900
2017-06-26,99.05814361572266,99.29757364458786,98.98091838664584,99.06587438792995,5541600
2017-06-27,98.00003814697266,98.46343064153349,97.79151358674461,98.41709315978399,8354200
2017-06-28,97.67570495605469,97.86106085314785,97.29726828088516,97.8301672215727,7357900
2017-06-29,96.85704803466797,97.09646632305461,96.4631615825174,96.54811759949807,9115800
2017-06-30,96.633056640625,96.84158125962664,96.42452612926645,96.68711901535558,10189800
2017-07-03,96.3218994140625,96.77077357798487,95.98137337184141,96.73981612828024,11021100
2017-07-05,96.34516906738281,96.468998934375,96.05882283289621,96.12073186185926,11394500
2017-07-06,95.54800415039062,95.6873097557166,95.13782817485614,95.59443738398888,10853100
2017-07-07,94.9753189086914,95.21523185438481,94.87470568279518,95.06818538855619,9401800
2017-07-10,95.11458587646484,95.26936721635448,94.94432285986848,95.09136926593438,3859200
2017-07-11,95.27713775634766,95.44740082602175,94.96756907553402,95.08365806890556,4425600
2017-07-12,95.9349365234375,95.99685142050652,95.57119388381899,95.8807624646345,7839900
2017-07-13,95.33132934570312,95.69507216964148,95.04497723005254,95.65637386323131,7449300
2017-07-14,95.44741821289062,96.08977230929828,95.2848959543777,96.04333316077134,6566800
2017-07-17,95.7105484008789,95.95820221128731,95.40097966173525,95.44741881055299,4737300
2017-07-18,96.5463638305664,96.56183960753538,96.14392867952702,96.2987100673426,9163000
2017-07-19,96.58506774902344,96.74758998704463,96.42253960647042,96.56958606662229,5140900
2017-07-20,96.86369323730469,97.30482677812708,96.71664675551966,97.11908198917779,12239100
2017-07-21,97.27381134033203,97.53694077772538,97.18093900120716,97.30476878670697,6201500
2017-07-24,96.8946533203125,97.25066124484627,96.86370175729783,97.0881330640867,5378500
2017-07-25,95.63314056396484,96.11297231892443,95.55574986917304,96.07427401926277,9743300
2017-07-26,95.78794860839844,96.03560244336558,95.25394853256712,95.40098912222896,8459500
2017-07-27,95.31584930419922,95.48610649300694,95.05271382234675,95.2771509995193,6390800
2017-07-28,95.88079071044922,95.95818140231947,95.39322403758851,95.40095897360362,5491800
2017-07-31,95.99687957763672,96.00462041817323,95.50157206486362,95.54800529902008,5464600
2017-08-01,96.67090606689453,96.72519789902066,95.52301992555188,95.53852934157396,9676800
2017-08-02,96.72516632080078,97.08194194648976,96.7018992456808,96.77170047104075,5745600
2017-08-03,97.72570037841797,97.74120979071068,97.15175744575598,97.17502452287728,10324500
2017-08-04,96.89580535888672,97.08970555323994,96.51576263481641,97.06643847669584,8485500
2017-08-07,97.00436401367188,97.02763108422421,96.64758845802287,96.82597327716597,4684600
2017-08-08,96.65538024902344,96.93459702896662,96.2908469020218,96.84928046190815,6197400
2017-08-09,97.18273162841797,97.6868671500752,97.10516685521402,97.67135774585125,9221800
2017-08-10,98.01268768310547,98.06697950931107,97.35342218542498,97.43098700917463,10378200
2017-08-11,98.05921936035156,98.08248643994118,97.37669271714087,97.54731993991972,5717800
2017-08-14,97.55506134033203,97.94286171514166,97.51628485326954,97.71793678766838,5111000
2017-08-15,97.14399719238281,97.36892212750278,96.72517206326607,96.74068739250983,7473200
2017-08-16,97.50077819824219,97.74121255845674,96.80273627801408,96.81825160811063,5283800
2017-08-17,98.2298583984375,98.25312547942411,97.34567381675323,97.4930339687903,9364700
2017-08-18,98.20659637451172,98.61766393941744,97.92737955356336,98.48581319546008,8382500
2017-08-21,98.44700622558594,98.51680745473033,98.113497656935,98.32290726173242,7669800
2017-08-22,98.06697845458984,98.35394699686225,97.93512180605273,98.33843758269828,6140700
2017-08-23,98.73400115966797,98.74175290849651,98.31517594567154,98.53234326018105,7446400
2017-08-24,98.36945343017578,98.74173851008717,98.28413686657845,98.40822992076069,5569400
2017-08-25,98.74954986572266,98.85037589690059,98.40053167387238,98.5168671262439,7303300
2017-08-28,98.68745422363281,98.8037955389989,98.29190203569925,98.43926217895553,4448500
2017-08-29,99.00543975830078,99.68021456038976,98.74173241871404,99.63368040761269,7659400
2017-08-30,98.97441101074219,99.07523697679906,98.76499549699413,98.85806971614483,4735200
2017-08-31,99.2691650390625,99.30018978749186,98.94341405660282,98.99770588701276,7978400
2017-09-01,98.50979614257812,98.96833988199015,98.26109314689512,98.9450249026366,14128600
2017-09-05,100.07196807861328,100.10306262661811,99.24037273546216,99.24037273546216,15215700
2017-09-06,99.45801544189453,100.25852832397042,99.27925731727643,100.04091386238272,9066400
2017-09-07,100.47615051269531,100.70154456038,99.73781482844815,99.73781482844815,13618900
2017-09-08,100.25849914550781,100.38285361853781,99.92430984072185,100.34399136332902,9808500
2017-09-11,99.06163787841797,99.5201876961949,98.90620067925067,99.3802918451247,17856700
2017-09-12,98.5408935546875,98.77404929858318,98.33882049967312,98.7429666097019,7557400
2017-09-13,98.15230560302734,98.64193805609787,98.14453196517115,98.63417034779,6740000
2017-09-14,98.55642700195312,98.57197427469566,98.18337546979302,98.2144640857309,6674500
2017-09-15,98.59535217285156,98.71193307462785,98.34664901618592,98.70415943329584,9769200
2017-09-18,98.02792358398438,98.3698923990338,97.8025355858424,98.31548880841655,6863000
2017-09-19,97.78703308105469,98.16785836662372,97.71708812085893,98.1445433798918,5554900
2017-09-20,97.85697937011719,97.96578658944998,97.40620321599633,97.90360934138874,8037000
2017-09-21,97.80257415771484,98.36215755592463,97.78703280978635,98.05128316096274,6147800
2017-09-22,98.08232116699219,98.49424081877439,97.97351399242218,98.31548278652578,5660700
2017-09-25,98.69633483886719,98.91394924740985,98.08234794073728,98.17561379991896,9679000
2017-09-26,98.5176010131836,98.61863459892996,98.26112429988623,98.52536872239938,7251900
2017-09-27,97.03315734863281,97.38289996395595,96.84663151152348,97.04870462729578,12145700
2017-09-28,96.7455825805664,96.87770478050791,96.34921005119338,96.5357358587313,8883700
2017-09-29,96.96320343017578,97.1730442363544,96.58237222224032,96.96320343017578,11285500
2017-10-02,96.7856674194336,97.34638353926806,96.75451586371481,97.19841513499182,7860700
2017-10-03,96.87908172607422,96.96474698322416,96.50526915473365,96.50526915473365,6219800
2017-10-04,96.88685607910156,97.02702908738371,96.47410265792692,96.98030475128965,7447000
2017-10-05,96.52085876464844,96.80121673933347,96.32616605675882,96.77784862348477,8180300
2017-10-06,96.248291015625,96.64546583139487,95.8121812204583,96.01466331459298,10375000
2017-10-09,96.5520248413086,96.61432200163061,96.28723962912441,96.39626708662648,3590900
2017-10-10,96.707763671875,97.2451174556771,96.58315748485711,96.67661212512053,6666800
2017-10-11,96.89472198486328,97.08163137143468,96.77012166870242,97.01153886608206,4385900
2017-10-12,97.30741119384766,97.33077930925622,96.75448462684139,96.99590762033131,7141600
2017-10-13,98.00828552246094,98.07837797085817,97.478721240593,97.7980200603664,7746900
2017-10-16,97.93824768066406,98.0472751509696,97.64231088279062,97.7591277271327,5737300
2017-10-17,98.0628662109375,98.19525588644417,97.65011843344453,97.65011843344453,4969600
2017-10-18,97.41642761230469,97.48652006750127,97.09713470310665,97.38528201171636,5943800
2017-10-19,97.58779907226562,98.13294237609608,97.5566475170566,97.92267086382309,8966500
2017-10-20,96.5520248413086,96.78565256100552,96.28723962912441,96.56759764600139,12326900
2017-10-23,96.72337341308594,96.94921775714319,96.58319436993152,96.69222779598698,6871100
2017-10-24,96.12368774414062,96.32616983191535,95.90563285340637,96.07696339371189,6842800
2017-10-25,95.66419219970703,95.77322556651202,95.3371099239392,95.42277517829017,9961400
2017-10-26,95.34493255615234,95.83555614095975,95.34493255615234,95.83555614095975,8179400
2017-10-27,95.97573852539062,96.04583100656671,95.59414239048051,95.74211078509012,10480900
2017-10-30,96.89472198486328,96.92587354929185,96.2249782035326,96.45861196597015,9051600
2017-10-31,96.9258041381836,97.08156184878425,96.87907979577797,96.98031785150654,4424300
2017-11-01,97.35736846923828,97.66173170996599,97.00618194659262,97.04519936348078,8940400
2017-11-02,97.7865982055664,97.95828555111426,97.49003488643872,97.55246989616352,7222700
2017-11-03,98.05194854736328,98.09877183259712,97.66173862606556,97.91927860311347,10984100
2017-11-06,98.41875457763672,98.50460124341409,98.1143912913829,98.27827875674024,6246700
2017-11-07,98.8323974609375,98.9416557947081,98.43438155698308,98.51242832750435,6422700
2017-11-08,98.61387634277344,98.95726306434489,98.4968121464075,98.79336961695316,3356200
2017-11-09,98.33293914794922,98.5202383172642,97.98175246121698,98.23148667168137,6280400
2017-11-10,96.85012817382812,97.42763735058595,96.74086984185048,97.32618488635887,11981000
2017-11-13,97.05300903320312,97.40419556961609,97.01398566065471,97.39639565841095,5880800
2017-11-14,97.70856475830078,97.73978226740991,97.37298397804145,97.37298397804145,6195900
2017-11-15,98.76992797851562,98.85577463284244,98.0519431915372,98.37971807853206,9568200
2017-11-16,97.9114761352539,98.5904435653606,97.90367026940042,98.34070944522901,5894900
2017-11-17,98.63726043701172,98.67628380961001,98.30167967671075,98.38752633312244,6938800
2017-11-20,98.5982437133789,98.62946122273655,98.26266888457916,98.26266888457916,4232300
2017-11-21,98.910400390625,99.33963364754761,98.5748196499756,99.18354612042559,5818400
2017-11-22,99.23040008544922,99.26941751135573,98.73093178244388,98.81677845522277,4140700
2017-11-24,98.95723724365234,99.13673047099729,98.87139058565926,99.05868967849379,3141400
2017-11-27,98.81676483154297,99.15234560955867,98.6606772870409,99.00406393081444,6079900
2017-11-28,98.94943237304688,99.25379563476226,98.69969826204627,98.93382064191071,5983000
2017-11-29,97.97394561767578,98.08320396153347,97.63055884890406,97.98955140074122,14547100
2017-11-30,97.64613342285156,97.95829659841948,97.11544768860283,97.79440914500705,9630000
2017-12-01,98.96382141113281,99.85531641931411,97.82989813490914,98.43205193552555,24583100
2017-12-04,99.01080322265625,99.05772215827847,98.38518957165496,98.47121159782499,9609200
2017-12-05,99.50338745117188,99.70671261412238,98.88559612372578,98.90123973349297,10958900
2017-12-06,99.84750366210938,100.27760759238275,99.83186601418464,99.99608816570255,11834200
2017-12-07,99.06551361083984,100.17597779937805,98.76835049914207,100.04303091203367,13056800
2017-12-08,99.07331848144531,99.11241558703344,98.72140873340555,98.99511233768685,4786100
2017-12-11,98.87000274658203,99.38612874048965,98.8543650961025,99.20626891166262,3863800
2017-12-12,98.83089447021484,98.85435989413682,98.27566542988845,98.66667230050912,7502400
2017-12-13,99.5738296508789,99.62074857487931,98.99513507884237,99.16717908856715,8532900
2017-12-14,99.99613952636719,100.08216154986319,99.15156291365757,99.35488823885665,6885000
2017-12-15,100.37145233154297,100.55912796242825,99.75365489299679,99.9491582968895,7239400
2017-12-18,99.45653533935547,100.09778654576255,99.24539419602944,100.07432708164777,7239700
2017-12-19,98.16617584228516,98.83088627395615,97.80645026710192,98.78396736258598,11045800
2017-12-20,97.07914733886719,97.52489475814392,96.93056287701194,97.21208819090134,10005800
2017-12-21,97.64502716064453,97.84878250546761,97.17482757782457,97.19833666012876,7026900
2017-12-22,97.77821350097656,97.83306999925078,97.59013493245205,97.72335700270233,3974300
2017-12-26,98.06815338134766,98.37378323710294,97.93493133733304,97.94276968665999,3168400
2017-12-27,99.3455581665039,99.51013365566,98.50703391206538,98.51487226367054,9059700
2017-12-28,99.25935363769531,99.39257571160364,99.03208928748754,99.15747301031007,5297100
2017-12-29,99.41607666015625,99.6198319193627,99.11828511124648,99.13395583322718,7580500
2018-01-02,98.34247589111328,99.14182043873386,98.01333683216889,99.12614373369205,16238200
2018-01-03,98.81266784667969,98.89887178108599,98.34246837286128,98.74214061611674,8605100
2018-01-04,98.79698181152344,98.8675150100668,98.2484168402296,98.46784282874712,9217900
2018-01-05,98.51486206054688,98.88318682200634,98.24057957187807,98.64025175760109,10915400
2018-01-08,98.45217895507812,98.7656472561933,98.09169250141436,98.73429982819074,8850600
2018-01-09,97.1356201171875,97.825251598452,97.0259071049701,97.80957489447194,16226400
2018-01-10,97.01806640625,97.11994105773496,96.12468568119657,96.24223105640606,14302600
2018-01-11,97.41770935058594,97.63713530373347,96.63404181568258,96.79077891000854,12511000
2018-01-12,97.58233642578125,97.79393013331408,97.10430444786738,97.2531973017439,9987100
2018-01-16,97.98980712890625,98.1778856974438,97.61364401292126,98.0916817745912,9125900
2018-01-17,97.85655212402344,98.45997340199416,97.6449585740865,98.02112156346999,8327000
2018-01-18,96.94754791259766,97.38639999039644,96.81432581453892,97.11995579427894,10843900
2018-01-19,96.43818664550781,96.83002066370527,96.37549774656982,96.70463688691666,11374300
2018-01-22,96.53213500976562,96.94747770818536,96.38323631451823,96.74372254293739,8984700
2018-01-23,96.94754791259766,97.33154348067158,96.57922307062606,97.02591350093157,12325700
2018-01-24,96.42247009277344,96.49299731265435,96.03063626078666,96.27357132336732,9038900
2018-01-25,97.21402740478516,97.29239301675203,96.23444230791675,96.51656329412789,12173300
2018-01-26,96.85348510742188,97.10426450323762,96.4694896206713,97.08074945069748,6462900
2018-01-29,96.1795425415039,96.36762112145114,95.84256518052204,96.36762112145114,12223000
2018-01-30,95.61527252197266,95.89739329784486,95.37233153341641,95.82686011442256,12064400
2018-01-31,96.1795425415039,96.33627369497489,95.56044432114606,96.28925554471564,18045100
2018-02-01,94.7856216430664,96.22272077769894,94.73065093257348,96.1834594081229,18632800
2018-02-02,93.9061050415039,94.44010888084411,93.63910012615429,94.35372546629209,23944400
2018-02-05,94.7934799194336,95.66516264137849,93.167910571469,93.58411825122752,28606200
2018-02-06,94.20450592041016,94.91913117907168,94.016035760766,94.56574288946075,10935400
2018-02-07,93.30928802490234,94.49509196876386,93.10510847365735,94.33802847112932,16271100
2018-02-08,93.20716857910156,93.5919635285693,92.547514102942,92.67316485701343,15155100
2018-02-09,92.61822509765625,93.52131473103519,92.500428974193,92.75172457494673,15661600
2018-02-12,93.02656555175781,93.68622015863204,92.81453735144473,93.10509429293455,10944600
2018-02-13,93.4427719116211,93.45848125444304,92.97159348006245,93.14436030295101,8157600
2018-02-14,92.40615844726562,93.08937093049173,92.24910099867364,93.02654555451188,12043300
2018-02-15,92.72032165527344,93.29359298786649,92.65749625061879,92.81455976225541,8222400
2018-02-16,93.22286987304688,93.6155194838295,92.93230700417901,93.48202005408923,8454100
2018-02-20,92.81452941894531,93.06582496404897,92.49255381887211,92.88520348255648,8268800
2018-02-21,91.67586517333984,92.89308183764916,91.49524963715558,92.85381446472567,12054300
2018-02-22,91.95069122314453,92.39831757128209,91.88001716271742,92.06848731521451,9317900
2018-02-23,92.76739501953125,92.90874911926983,92.44542545373412,92.57107021385863,9072900
2018-02-26,92.798828125,93.3799539914277,92.69674136047784,93.19933249427122,8771600
2018-02-27,92.66529846191406,93.18359876984051,92.08417877625828,93.07365137826103,12525700
2018-02-28,93.25431823730469,93.31714363699093,92.86166847630551,93.03443532976273,9311600
2018-03-01,93.89089965820312,94.1269670107156,92.97024778960032,93.19057411677615,12287700
2018-03-02,93.12763214111328,93.58402587039114,92.94665235417253,93.52107376908879,10064300
2018-03-05,92.87580871582031,93.48171204767725,92.5610542839997,93.44236549240912,5658200
2018-03-06,92.96234130859375,93.38725877664483,92.94660629278734,93.13545649966343,5452000
2018-03-07,92.8600845336914,93.38729481654403,92.82073797383106,93.30073718760498,4461800
2018-03-08,93.39517211914062,93.63123348513818,93.05681209144578,93.09615265072408,7086700
2018-03-09,92.78140258789062,93.06467502159103,92.52959419625917,92.844348682356,6570400
2018-03-12,93.31647491455078,93.37156250132902,93.00172644031265,93.09614858120716,5801300
2018-03-13,93.78861236572266,93.93025158463401,93.00172915031347,93.09615129395937,7455300
2018-03-14,94.61481475830078,94.74071892596619,93.93023035780385,93.95383588838082,10175000
2018-03-15,94.61481475830078,94.81153551769712,94.3708829377505,94.55973318580746,6757900
2018-03-16,94.27644348144531,94.43382367211242,94.07185823873868,94.26857897449227,6084300
2018-03-19,93.97742462158203,94.40234210634199,93.79643891377239,93.804309423705,8491200
2018-03-20,93.5997543334961,93.81221615963918,93.50533219160351,93.5682842884935,5446000
2018-03-21,93.70205688476562,93.96959430249963,92.93877918772992,93.37156736752624,9742400
2018-03-22,94.6305923461914,95.07124509640605,94.16632805283517,94.66993291120717,12136600
2018-03-23,94.55972290039062,94.66988603339466,94.12694087885777,94.1741519348765,7250400
2018-03-26,94.19779205322266,94.78008397055868,94.16631600317169,94.4259889135101,8237900
2018-03-27,95.2049789428711,95.30727758200794,94.27645669979002,94.29219772278395,9168500
2018-03-28,95.45675659179688,95.71642937306636,95.17347828558285,95.56691971049793,7412500
2018-03-29,95.92107391357422,96.22795791531703,95.61418991183142,95.63779544989731,9694300
2018-04-02,96.11027526855469,96.48878901818003,95.54251366852459,95.69233688885232,12036500
2018-04-03,95.36903381347656,95.7948595496484,95.28229119964865,95.70022960285277,9855000
2018-04-04,95.17191314697266,95.77910555856411,95.10093916748745,95.69236292601197,6654300
2018-04-05,94.46218872070312,94.84069649809182,94.44641405381955,94.70664191094468,7603700
2018-04-06,95.4952163696289,95.53464702451677,94.80128136402455,95.14825187496335,8831200
2018-04-09,95.65288543701172,95.65288543701172,94.9037454803495,95.13242992925036,6307500
2018-04-10,95.47943878173828,95.71600464010606,95.2428669070978,95.57406271857631,6046000
2018-04-11,95.81852722167969,96.11817973201354,95.62926730499966,96.08663641256688,5901300
2018-04-12,95.11671447753906,95.47156632853464,94.95111654598955,95.44791034063809,6622800
2018-04-13,95.33751678466797,95.51888337902622,95.02208955798417,95.0378582119951,4964000
2018-04-16,95.36903381347656,95.39268979610739,94.7697228496489,94.80915349821515,4491300
2018-04-17,95.6292953491211,95.87375464245434,95.27444342976041,95.35329874336558,5590400
2018-04-18,94.86434936523438,95.68445147604442,94.84857469986952,95.64502684517643,8138400
2018-04-19,94.09156036376953,94.25715826507302,93.68939059416248,94.17041564777988,9875800
2018-04-20,93.41341400146484,93.94175113483998,93.38975801284712,93.7524972096244,7579400
2018-04-23,93.43706512451172,93.53958242488184,93.11375660311556,93.3108978530292,7073200
2018-04-24,93.01124572753906,93.40552825460158,92.86142245832156,93.21627432616826,8190800
2018-04-25,92.38825988769531,92.774654976184,92.214774659643,92.58540109843253,6603800
2018-04-26,93.03487396240234,93.15315386456793,92.72732816795664,92.83773277043073,6528600
2018-04-27,93.7524642944336,93.79977625505848,93.39761255720369,93.42126853751613,5401800
2018-04-30,93.91809844970703,94.28083765924335,93.79193116721677,93.90232979549852,8321100
2018-05-01,93.5798568725586,93.91968164927832,93.43760197622878,93.86436063567996,7979200
2018-05-02,93.4770736694336,93.94335575333929,93.46127025637686,93.76158334074046,4644000
2018-05-03,93.89595031738281,94.29110203965718,93.79321304022471,93.91965845599339,6345300
2018-05-04,94.0381851196289,94.22786224712773,93.64303348164295,94.22786224712773,4283500
2018-05-07,93.8880615234375,94.06192323475871,93.84063921167952,94.02241167608737,3647800
2018-05-08,93.8011245727539,94.0461167288983,93.49290668936672,93.6904825648476,6091200
2018-05-09,93.239990234375,93.58771960213093,93.239990234375,93.35063221905224,7832500
2018-05-10,93.99079132080078,94.03030890586015,93.53241386407448,93.69047817477507,7101500
2018-05-11,94.22789001464844,94.33062730016711,93.903862681837,94.29901443626815,4273400
2018-05-14,93.72998809814453,94.0382059617224,93.72208337536291,93.88805240609268,4996200
2018-05-15,92.66310119628906,92.92390284290724,92.22843178525876,92.9080933936671,12901000
2018-05-16,92.30744171142578,92.88435983050786,92.29953698896892,92.79742597209223,6518000
2018-05-17,91.8411865234375,92.32327223272303,91.74634791472059,92.17311260963918,7330300
2018-05-18,92.63148498535156,92.69471072095456,92.07827487267033,92.07827487267033,9606500
2018-05-21,92.67889404296875,92.76582791525719,92.42599714982171,92.56825202906302,4448500
2018-05-22,92.53663635253906,92.74211695620919,92.34696519582522,92.69470067441507,4700700
2018-05-23,93.2083969116211,93.34274705980916,92.98711289589082,93.0582373168596,9634000
2018-05-24,93.95126342773438,94.09351827698872,93.76159230524067,93.80110988596431,8204100
2018-05-25,94.53614044189453,94.71000220887947,94.41759366885165,94.48871811495377,8482800
2018-05-29,96.60668182373047,96.82796580160417,95.17623465994971,95.46074435422622,21668100
2018-05-30,95.95864868164062,96.00607099131017,95.42124206517059,95.62672266163955,11616300
2018-05-31,95.80059051513672,96.4012228588956,95.58720519519869,96.06929080894056,10769900
2018-06-01,95.29442596435547,95.61920015882008,94.93795940725344,95.1914439164261,8718800
2018-06-04,94.6052474975586,95.16766597648298,94.55772104804417,95.14390275172576,7156500
2018-06-05,94.82707214355469,95.18353874513218,94.75578244936808,95.02510712991501,5635900
2018-06-06,94.0586929321289,94.34386378839997,93.80520839805995,94.32802364907292,7813300
2018-06-07,94.96963500976562,95.44491765538899,94.01114662875358,94.01906971851888,13238300
2018-06-08,94.6844482421875,94.93793267999834,94.61315857696526,94.70821146392825,6790600
2018-06-11,94.51019287109375,94.57356550237141,94.2171050276414,94.32008102080754,6844200
2018-06-12,94.53395080566406,94.6290097472599,94.17749035088593,94.20917666475121,6048200
2018-06-13,94.48644256591797,94.77161340211673,93.97155044258425,94.6211048931375,8834700
2018-06-14,95.27069091796875,95.29446019848582,94.64490553265945,94.88254394588398,10078800
2018-06-15,95.3577880859375,95.92020662542149,95.2944214942773,95.71425462631836,7992800
2018-06-18,95.27069091796875,95.50041228123717,95.08850207218491,95.43704566384038,4893700
2018-06-19,95.82513427734375,96.03109227821395,95.61125318779311,95.82513427734375,6133300
2018-06-20,94.98548126220703,95.68256207341994,94.97755817243566,95.66671589387718,6879100
2018-06-21,95.48450469970703,95.65085328454167,95.23102027850017,95.34191933505659,7235800
2018-06-22,95.47663879394531,95.54793454074311,95.10433200529302,95.1280952397093,4082500
2018-06-25,95.69049835205078,95.9360597768882,95.56375307242658,95.5795992541534,8363700
2018-06-26,95.82513427734375,95.8726607223346,95.57957292016314,95.6667027214644,5450000
2018-06-27,96.72818756103516,96.78363710305734,96.2845912248577,96.44301676105057,8173400
2018-06-28,96.75193786621094,96.83907371254435,96.50637650484187,96.74401477739535,7109500
2018-06-29,96.41927337646484,97.03714155572956,96.36382382303206,96.77573392802586,11164700
2018-07-02,96.34385681152344,96.66143151459924,96.29622272609384,96.65349048128309,9662000
2018-07-03,96.8598861694336,96.88370320507225,96.48673645847622,96.48673645847622,3808800
2018-07-05,97.13774871826172,97.28065697025548,96.86781427406854,96.90750730909228,3860400
2018-07-06,97.45531463623047,97.5902818463498,97.24095530587802,97.45531463623047,4679900
2018-07-09,96.82816314697266,97.02664659210598,96.78052905845556,96.91549634741004,5952700
2018-07-10,96.82019805908203,96.96310634636318,96.7090478420003,96.75668797591571,5759700
2018-07-11,97.19332122802734,97.29653644225213,96.93132176346869,97.21713825985432,6869100
2018-07-12,97.18540954589844,97.23304362096785,96.97104409362143,96.99486113115613,4824700
2018-07-13,97.43153381347656,97.55062506669827,97.23305041051795,97.34420063159615,4079000
2018-07-16,97.02658081054688,97.0900969236634,96.57403910474405,97.02658081054688,5517100
2018-07-17,96.84398651123047,97.16949601417505,96.78047039355286,97.09010389569323,3764300
2018-07-18,96.4549789428711,96.89164478951389,96.37558680454474,96.87576272750948,6330000
2018-07-19,97.0663070678711,97.21715030721181,96.677275309051,96.70109840106107,6166700
2018-07-20,95.8753890991211,96.5343491490258,95.8277489811634,96.52641417705827,10469500
2018-07-23,94.69242858886719,95.57369509752542,94.62097749438556,95.57369509752542,11571800
2018-07-24,95.01792907714844,95.12907924461618,94.58920440667438,94.70035457414211,9053500
2018-07-25,94.86711120605469,95.47844338657721,94.68450989505423,95.28789498740477,7357900
2018-07-26,94.68450164794922,95.17673649319099,94.60510951715841,95.04176926512349,6821100
2018-07-27,94.84326934814453,95.16878490194651,94.7956352894341,95.15290284422287,4542000
2018-07-30,94.51778411865234,94.80360065875776,94.45426798591075,94.47014399048024,7111200
2018-07-31,95.03382110595703,95.1608533514781,94.92267091974152,95.10527825837035,6797400
2018-08-01,94.25962829589844,94.56199534078671,93.94930246618375,94.12435930772006,13312600
2018-08-02,94.39488220214844,94.48241060893174,94.13230305257161,94.38692948936676,4451100
2018-08-03,94.8643569946289,94.92005634013577,94.53811363467922,94.55403120240881,6162400
2018-08-06,94.92005920410156,95.35769519749614,94.9041416358917,95.11898631131007,4200200
2018-08-07,94.4267578125,94.768912824741,94.34718815004825,94.71321345394716,5346900
2018-08-08,94.52220916748047,94.71317749902467,94.37898140112887,94.41876925263857,5640900
2018-08-09,95.3178939819336,95.3497230410894,94.78477090031133,94.87229929529676,7144100
2018-08-10,96.01013946533203,96.32046512963747,95.70776651083996,95.77938339455629,8457900
2018-08-13,95.81122589111328,96.04197592349884,95.65208061095049,95.68390966698304,7923200
2018-08-14,95.59642791748047,95.93062406270296,95.50889948838295,95.91471256231009,4251200
2018-08-15,96.15340423583984,96.38416041015728,95.93856562983316,96.01018254568444,7649800
2018-08-16,96.14546966552734,96.22503930977557,95.70782751600007,96.12955209421287,5400400
2018-08-17,96.26482391357422,96.59106126519764,96.08180827429193,96.35234626974673,3537600
2018-08-20,96.90929412841797,97.00478128973921,96.71036709541048,96.78993669445923,5603700
2018-08-21,96.58309936523438,96.70245685911082,96.3364316631242,96.57514665087712,4695000
2018-08-22,96.96501159667969,97.11619811269871,96.74221424935003,97.07641027034452,5309600
2018-08-23,97.11622619628906,97.17987826338099,96.90138149868459,97.07643834242923,5328700
2018-08-24,97.30719757080078,97.33902664072548,96.67062831385545,96.77407430880432,6092200
2018-08-27,96.75016021728516,96.97296361985684,96.69446088433523,96.90134672276581,6407400
2018-08-28,96.16932678222656,96.35233633185854,96.0260990138836,96.280725483074,4929300
2018-08-29,96.2966079711914,96.40005392708132,95.97832953366814,96.23295592614998,5613300
2018-08-30,96.50352478027344,96.64675255142966,96.34438551044387,96.52739506367048,5302900
2018-08-31,96.2807388305664,97.01278927212692,96.193210400513,96.98891898588958,9677500
2018-09-04,95.72403717041016,95.77986199301631,95.50073787998555,95.66821234780402,18343600
2018-09-05,95.46885681152344,95.62038396891364,95.34125979828742,95.50873430066315,9422600
2018-09-06,95.81974029541016,96.01911553277704,95.45289058878903,95.50871541187378,9566000
2018-09-07,95.00626373291016,95.22159234627249,94.89461411281412,95.16576753622446,11212600
2018-09-10,95.35722351074219,95.3811475745522,95.03822179622162,95.03822179622162,6386400
2018-09-11,94.63148498535156,95.03820617216093,94.58363078114704,94.96643399253009,5440000
2018-09-12,94.85478973388672,95.03821159303926,94.82288895741434,94.94251534807306,3347200
2018-09-13,94.99829864501953,95.35717157561712,94.88664901841369,95.17374371222277,4833000
2018-09-14,94.54376220703125,94.83086310305235,94.34438692281941,94.43211253462869,5579500
2018-09-17,94.54376220703125,94.75908483682167,94.20083647480887,94.24868459599544,5433000
2018-09-18,93.55485534667969,94.16095790739874,93.43523504508117,94.15298119247525,10182300
2018-09-19,92.99659729003906,93.39534781230681,92.66164831160219,93.39534781230681,13379600
2018-09-20,93.4272232055664,93.54684954664134,92.88492239921536,92.97264797704041,8657300
2018-09-21,93.38736724853516,93.53091767401202,93.18001528185751,93.2039454231452,6173800
2018-09-24,93.14814758300781,93.52296805614496,93.08434602332214,93.10029337101776,5505500
2018-09-25,93.05240631103516,93.1002544185543,92.82910703001372,92.89290856300529,6650900
2018-09-26,93.70639038085938,93.77019193670614,93.03649229782218,93.25181494324092,9512700
2018-09-27,93.77021026611328,93.82603511727855,93.38740694065683,93.49905664298737,5758500
2018-09-28,93.52296447753906,94.03337085104236,93.4830930675999,93.98551664088342,12807700
2018-10-01,92.83636474609375,93.37987534040647,92.81238732396585,93.24399921633378,22442400
2018-10-02,93.40384674072266,93.6196496239827,93.1960322656423,93.2519816130076,8266900
2018-10-03,91.78131103515625,93.00420828854703,91.30973273009756,92.93226992763026,20829200
2018-10-04,91.13394165039062,91.42967757137166,90.88616669644912,91.22186297560053,16207400
2018-10-05,90.35062408447266,90.89413480149906,90.01492790284486,90.63037090249581,18096500
2018-10-08,90.04690551757812,90.40657914942969,90.0309164995266,90.31066333519156,5855900
2018-10-09,90.95807647705078,90.99803682264721,90.37459932953023,90.43054869178373,11530800
2018-10-10,90.71031188964844,90.7822502815545,90.15081816604231,90.43056502784538,15290100
2018-10-11,91.81327056884766,92.03706793167392,90.95004694249995,91.11789496461965,16086800
2018-10-12,91.49356842041016,91.92518028539675,91.34170329253853,91.42962456677773,6794100
2018-10-15,91.45360565185547,91.77331883480672,91.34970145905555,91.64543722043928,7146300
2018-10-16,91.66143035888672,91.69340229055,91.24580744330905,91.42963842784481,4762300
2018-10-17,91.117919921875,91.7493518530963,91.10193700501858,91.64544764847348,5880700
2018-10-18,91.08594512939453,91.42963576222643,90.75824351093934,90.81419286521326,5728800
2018-10-19,90.88613891601562,91.0779644314648,90.64635854620995,90.99803764152958,10892400
2018-10-22,90.76622772216797,91.18185670442764,90.74225029973414,91.07794640985173,3244200
2018-10-23,91.05400848388672,91.93321557662514,90.99006459764493,91.72540709337626,10330700
2018-10-24,91.74138641357422,91.77335835543968,91.3097743454269,91.40569017102332,16008000
2018-10-25,91.35770416259766,91.70938320717863,91.3017548079128,91.54952965037113,12613200
2018-10-26,91.90922546386719,92.17298938470687,91.74937186834096,91.86127060481408,18582500
2018-10-29,91.70137786865234,91.93316365382579,91.32571537168249,91.78929304005054,7679900
2018-10-30,91.24578857421875,91.54951271517784,91.13388378752732,91.32571533783734,9939500
2018-10-31,90.78227233886719,91.08599670575991,90.4865363856639,90.91015403618097,8706400
2018-11-01,90.86637878417969,90.98655691461931,90.40967743721092,90.41769135018174,6100200
2018-11-02,89.73661041259766,90.74614899132939,89.65648966157927,90.67403603643781,11314800
2018-11-05,90.08919525146484,90.30552200143201,90.01708225959271,90.12124479087194,4760200
2018-11-06,90.03306579589844,90.32150539584613,90.0010162722574,90.21734291580738,3159900
2018-11-07,90.15325164794922,90.85832900325065,90.06512309135866,90.69007357423247,9313100
2018-11-08,90.14524841308594,90.51380881618121,90.06512764942565,90.50579490596846,6905100
2018-11-09,90.81827545166016,90.93845966056026,90.31350910966708,90.33754472888255,6465300
2018-11-12,91.41116333007812,91.58743266274556,91.26694963551958,91.29899304798465,6840000
2018-11-13,91.35513305664062,91.35513305664062,90.92247948747078,91.10675672751987,6525800
2018-11-14,91.41116333007812,91.75568808588577,90.77820507233149,90.92242487971194,8690800
2018-11-15,91.37110137939453,91.77171125595476,91.08266177924544,91.69159050320704,7879600
2018-11-16,91.8999252319336,91.98805991489559,91.27497465298346,91.49931525949653,9236700
2018-11-19,92.15631103515625,92.15631103515625,91.66757251556834,91.66757251556834,7027200
2018-11-20,92.18832397460938,92.50881303284427,92.08416762863169,92.33254374517406,6332600
2018-11-21,92.15631103515625,92.21239618414651,91.77172890288662,92.05215464783797,4951100
2018-11-23,92.25247955322266,92.74923820360652,92.21241610407954,92.67712521771372,3027900
2018-11-26,92.04415893554688,92.18837879186789,91.96403815155165,92.02813722387742,6599000
2018-11-27,92.14833068847656,92.34062181189526,91.94802565200824,91.98808299160714,5967200
2018-11-28,91.69962310791016,92.15631824623019,91.6275162447759,92.02011231842776,7814000
2018-11-29,92.0601806640625,92.34060644588877,91.81179830345332,92.07620237467104,7295600
2018-11-30,92.40472412109375,92.47683100258737,92.12429828279939,92.38869629443418,9127800
2018-12-03,93.06078338623047,93.06078338623047,92.08103224691114,92.09709112948761,9763800
2018-12-04,94.61878204345703,95.30139807272586,93.6631159262762,93.80767041352198,18100500
2018-12-06,94.91593170166016,95.72703727446373,94.86774278375516,95.19700819357269,15319400
2018-12-07,95.09260559082031,95.18897116804042,94.37785950672745,94.6107531966889,8608400
2018-12-10,95.4861068725586,95.7912747269362,95.11669121925706,95.46201547971395,8777700
2018-12-11,95.47006225585938,95.8716018944091,95.25323354692632,95.54234257684283,8071900
2018-12-12,95.04439544677734,95.34153687319001,94.95605626938456,95.22910630687306,6182200
2018-12-13,94.81954193115234,95.22911395678352,94.74726775857398,95.1327422663389,5564200
2018-12-14,95.14881896972656,95.38170652798871,94.94001667827654,95.20503426430838,8169200
2018-12-17,95.70296478271484,95.80736901962477,95.22915090661635,95.23717728867926,9726800
2018-12-18,96.276123046875,96.42907203233834,95.74483659146712,95.84948234168033,10018800
2018-12-19,97.54795837402344,97.93435338445116,96.53367684549846,96.68662576610073,23046300
2018-12-20,97.19377136230469,98.23220151187611,97.13742272511278,98.2161045333388,18543700
2018-12-21,97.17766571044922,97.57210613558784,96.91201952673656,97.51575750342519,9945100
2018-12-24,97.66067504882812,97.74117223404973,97.33063474695709,97.50772609782798,8377500
2018-12-26,96.61417388916016,97.71700414485946,96.57392837537104,97.39500932684489,11700400
2018-12-27,96.63029479980469,97.70897057599156,96.58199771774899,97.61237641188018,12146500
2018-12-28,97.44331359863281,97.44331359863281,96.83152405192233,96.92007278137545,9879100
2018-12-31,97.81360626220703,97.8538517767489,96.96837061680225,97.12131954006647,17409000
2019-01-02,98.32881164550781,98.33686320635245,97.67677033100394,97.9343711457008,19841500
2019-01-03,99.44773864746094,99.70533331948872,98.39321141846308,98.4415085002366,21187000
2019-01-04,98.29660034179688,98.6588406984859,97.92630842518076,98.48174322933455,12970200
2019-01-07,98.00682830810547,98.7313153308886,97.90218257096986,98.70716678705286,8498100
2019-01-08,97.74923706054688,98.1597807448958,97.71703695378005,97.95853468375998,7737100
2019-01-09,97.59626007080078,97.7492089986489,97.2420712811313,97.61236319033249,9349200
2019-01-10,96.96839141845703,97.73313005728936,96.87179110806107,97.62847818564164,8222900
2019-01-11,97.34673309326172,97.62042475516365,97.14548705661325,97.26623590691065,5786900
2019-01-14,96.98451232910156,97.41115303057003,96.7913116728743,97.32260426518494,6730500
2019-01-15,96.63029479980469,97.05693540207386,96.55784303517969,97.04888384121743,8997400
2019-01-16,96.72688293457031,96.91202582018207,96.20364209248629,96.26803614661087,6048400
2019-01-17,96.75100708007812,97.02469863034241,96.50950947798917,96.7751556119792,8153400
2019-01-18,96.243896484375,96.69469175406412,96.10705066212172,96.46929104844894,14106400
2019-01-22,96.89595794677734,97.17770121051451,96.65446021126404,96.84765471474915,8881100
2019-01-23,96.8556900024414,97.09718769737609,96.46124949948683,96.50149502094828,5776800
2019-01-24,97.49159240722656,97.61234121036213,97.16959764604479,97.3305980974053,7121900
2019-01-25,97.02474212646484,97.20183962851753,96.85569618583506,97.07303921191853,6460800
2019-01-28,96.92811584472656,97.35475633567289,96.92811584472656,97.03276154238928,6435800
2019-01-29,97.41915130615234,97.43525442381636,96.9120136474545,97.0247109049429,5750100
2019-01-30,97.34673309326172,97.38698475720807,96.86374383361371,97.2742813264666,10571300
2019-01-31,98.18389129638672,98.35293718534179,97.80554786520824,97.8457995184766,11843400
2019-02-01,97.59090423583984,98.08305462935175,97.49408564590627,98.01044530346604,12024600
2019-02-04,97.15526580810547,97.26015419158044,96.83254321085138,97.17140532345003,8966200
2019-02-05,97.59898376464844,97.80875431946917,97.34887674321365,97.40535272080925,6983300
2019-02-06,97.64737701416016,97.95396612787962,97.40533978037114,97.91362351120524,5184000
2019-02-07,98.29280090332031,98.35734661401203,97.80872038396791,97.99428160793441,8781000
2019-02-08,98.71234893798828,98.80916751699813,98.4864450757172,98.63973962029483,5885400
2019-02-11,98.32508850097656,98.57519547313441,98.22826992042253,98.31701874707572,4352800
2019-02-12,98.07495880126953,98.22825332238924,97.78450926410461,98.15564401580684,7939600
2019-02-13,97.70386505126953,97.9378387149561,97.55057663089683,97.74420767292646,4757700
2019-02-14,98.26055145263672,98.59133752674059,98.09112353827827,98.54293130990081,5868900
2019-02-15,98.41385650634766,98.44612321740172,98.05886113055408,98.07499448608111,5527200
2019-02-19,98.6639404296875,98.86564118136596,98.3896242065872,98.76882260460965,5872800
2019-02-20,98.3815689086914,98.49452084672741,98.09918290818241,98.38963250753757,4455800
2019-02-21,97.50216674804688,97.75227992896235,97.38114503540002,97.67966443920623,7382500
2019-02-22,98.0830307006836,98.38961359421597,97.9620090316463,98.002351639798,6374600
2019-02-25,97.79256439208984,97.86517984323051,97.55859084684043,97.76029154218475,6293500
2019-02-26,98.27671813964844,98.28478789699855,97.91365907937035,98.21217854711146,6028900
2019-02-27,97.16328430175781,97.72804393241518,97.04226262221171,97.71998033441888,7737300
2019-02-28,96.83248901367188,97.31657571632026,96.58238206461016,97.26816335280455,9533400
2019-03-01,95.9375,96.64089755586767,95.92132639617401,96.47919852814286,13541100
2019-03-04,96.68937683105469,96.83490837942661,96.26086898540976,96.44682836271524,9808500
2019-03-05,96.89156341552734,96.91582382890718,96.43071425610167,96.43880106056162,5595200
2019-03-06,97.24725341796875,97.44129343554965,96.93193607624191,96.9561903073869,7766700
2019-03-07,97.87786865234375,98.03957377521326,97.51404292062186,97.53829714694736,8187200
2019-03-08,98.29021453857422,98.38723761775802,97.70808840031152,97.92638878637007,7517600
2019-03-11,97.99913024902344,98.16891597451519,97.81317709804526,98.15274854902876,5157800
2019-03-12,98.68643951416016,98.82389049949929,98.0396371100985,98.07197815556513,6422300
2019-03-13,98.50042724609375,98.60553095462234,98.33064148535371,98.36298251145944,4386300
2019-03-14,97.7889404296875,98.4438354365044,97.76468620136468,98.38724018094445,8188400
2019-03-15,98.43576049804688,98.5974594852954,98.15278418615146,98.42767369815816,4302000
2019-03-18,98.3791732788086,98.53279164714868,98.24980914369664,98.2902369780245,3893300
2019-03-19,98.16088104248047,98.33066684701203,97.74045376308858,97.90215276690294,5220200
2019-03-20,99.18767547607422,99.32512023618939,98.41959601103422,98.4276766427437,10123700
2019-03-21,99.40602111816406,99.51921170482004,99.23623523818009,99.41410792247501,7182600
2019-03-22,100.95024871826172,101.28982039381022,100.30344023952121,100.42471760033791,13077000
2019-03-25,101.11192321777344,101.82341360542128,100.66724789391483,100.90979638826826,9736300
2019-03-26,101.03915405273438,101.297876131204,100.75617774322399,100.82085363652571,7502000
2019-03-27,101.96895599365234,102.14682244102394,101.31406080201039,101.40299710990718,14207200
2019-03-28,102.32467651367188,102.429786404914,101.88000122319339,102.07404123779453,9143200
2019-03-29,102.2276840209961,102.25193825756492,101.58087559318994,101.61321663142249,10841400
2019-04-01,100.77567291259766,101.57785751258272,100.62982060514435,101.52113751424066,16501500
2019-04-02,100.96200561523438,101.0754455778099,100.67840570879555,100.86477489417781,9725000
2019-04-03,100.08689880371094,100.37050491134774,99.96536039416915,100.15982803145074,10407000
2019-04-04,100.37051391601562,100.38671697806993,100.02208935270279,100.1517323951831,7503400
2019-04-05,100.5001449584961,100.61358492537705,100.13551737666651,100.16792967892029,6321800
2019-04-08,100.1435775756836,100.43528200256513,100.08685761390176,100.33805131494607,4446400
2019-04-09,100.45970153808594,100.75140008981634,100.28953529171672,100.65416929991244,7020300
2019-04-10,100.70271301269531,100.89718063609594,100.55686074964126,100.69460839196611,7519900
2019-04-11,100.1112289428711,100.49205965803883,99.99778895418015,100.41913660045854,8679300
2019-04-12,99.39816284179688,99.7141750975979,99.36575053581532,99.57642743368777,7005500
2019-04-15,99.64935302734375,99.65745146703185,99.43867613716758,99.4872915033563,3070000
2019-04-16,99.02542877197266,99.3657487054873,98.96870878305356,99.26851797134891,8927300
2019-04-17,99.06591796875,99.3171055376488,98.94437340308453,98.96057646023367,6118500
2019-04-18,99.58456420898438,99.74661960920038,99.48732725964442,99.51163495147509,27589400
2019-04-22,99.10639190673828,99.31706866353817,99.04967195475498,99.23604104384933,6241200
2019-04-23,99.31712341308594,99.42245875854746,99.17127114443906,99.3495357152313,6239700
2019-04-24,100.12740325927734,100.14360631786022,99.73846185113464,99.7546710917315,7302000
2019-04-25,99.9815673828125,100.16793658812314,99.74658281177517,100.06259505302866,5380900
2019-04-26,100.32186889648438,100.4920288273161,100.18412126419399,100.4596227107886,5950700
2019-04-29,99.68177795410156,99.94917488261135,99.54403026923877,99.8519441318923,10246000
2019-04-30,100.19220733642578,100.2651303581337,99.60879843471162,99.62500148997582,7957400
2019-05-01,100.60551452636719,101.0521050975743,100.36191516389849,100.43499745063474,14371900
2019-05-02,100.12647247314453,100.53246742268448,99.90723792618914,100.42691096600096,6612800
2019-05-03,100.41068267822266,100.58931526785517,100.1752048434898,100.41068267822266,6191700
2019-05-06,100.68672180175781,100.99527565450238,100.62988277112092,100.9384366238655,4482500
2019-05-07,101.4581069946289,101.61238701463901,101.00339476090176,101.11707281933354,8984900
2019-05-08,101.0196533203125,101.74232374191106,100.93033394730679,101.62052403372232,6907600
2019-05-09,101.43380737304688,101.74236759277959,100.93849288925894,101.58808748291322,9411900
2019-05-10,101.29573822021484,101.86412866209132,101.16581686493382,101.40941630859014,6037800
2019-05-13,102.09151458740234,102.25391012397876,101.70175662662929,101.82355637655792,10501600
2019-05-14,101.79103088378906,102.02650864388038,101.66110955615666,101.91283057969696,5690400
2019-05-15,102.41629028320312,102.52996838073688,102.12397340526157,102.48125096607717,9566300
2019-05-16,102.07524108886719,102.17268209895308,101.92908267123374,102.15643883311003,7666400
2019-05-17,102.30259704589844,102.55431810603525,102.05900381365765,102.53807484022474,4747100
2019-05-20,102.09151458740234,102.619303178772,102.02655389477474,102.40819022022119,6043100
2019-05-21,101.92906188964844,102.08334190874835,101.74230773546493,101.98590091852901,4021800
2019-05-22,102.51371765136719,102.57867832558765,102.08336402589069,102.12395980103533,5675300
2019-05-23,103.66673278808594,104.00776700580342,103.02526012428953,103.03338175661337,9743700
2019-05-24,103.75604248046875,103.75604248046875,103.43936699427148,103.57740375594932,4981900
2019-05-28,104.50306701660156,104.6654624709983,104.00775282720517,104.15391740914751,8098600
2019-05-29,104.81974792480469,105.47745760270467,104.7466718250335,105.29070343996287,13260600
2019-05-30,105.7210693359375,105.74542803870537,104.65736468180411,105.01464217570746,13024800
2019-05-31,107.04461669921875,107.10144954236404,106.21638363496473,106.28945974328627,18933600
2019-06-03,107.7605972290039,107.87450856668217,107.03644392189116,107.3293605638359,17822400
2019-06-04,106.53201293945312,107.20734915538529,106.22283198926729,106.90630029861677,14250000
2019-06-05,105.92991638183594,106.54829070436519,105.87295448106367,106.19842445245534,8815200
2019-06-06,106.27162170410156,107.06900119067981,106.03566690235117,106.56453839116799,9621100
2019-06-07,107.19107055664062,107.45957858822895,106.94697121743232,107.23174343366857,11378500
2019-06-10,106.18212890625,106.34485765520868,106.0356767568095,106.32858105569049,8288700
2019-06-11,106.24723052978516,106.39368268975791,106.0356843824661,106.11704255509252,5115100
2019-06-12,106.32855224609375,106.38551412126978,106.01937143146674,106.09259748634648,5278700
2019-06-13,106.6947250366211,106.79235979264432,106.41807253554461,106.42621704215082,5560400
2019-06-14,106.96321105957031,107.16662503643931,106.66214993132958,106.67029443626281,5838800
2019-06-17,107.150390625,107.20734010493321,106.6947451238993,106.90629127357927,6046400
2019-06-18,107.68739318847656,108.10235334298271,107.3619232889948,108.00471858084178,10320700
2019-06-19,107.84203338623047,107.98849802085445,107.06093005294802,107.28875289310653,11962500
2019-06-20,108.12676239013672,108.63122521673824,107.88266306857213,108.14303898901629,10721500
2019-06-21,106.93881225585938,107.83383890684871,106.89813938432879,107.8175623089926,14495000
2019-06-24,107.7362060546875,107.83384081273688,107.467698054645,107.53279203181349,6378800
2019-06-25,108.06979370117188,108.28947187765232,107.98842313664986,108.04537259949126,9604600
2019-06-26,107.37821960449219,107.97218520892481,107.30499351944079,107.95590860711025,12766800
2019-06-27,108.1348648071289,108.2894614155418,107.3944473692941,107.65481080288119,9724200
2019-06-28,108.06166076660156,108.28135138201125,107.76874408452409,107.87452334664846,8149200
2019-07-01,107.80894470214844,108.22471880455285,107.2790233609066,108.0779793942078,14131200
2019-07-02,108.6405029296875,108.7464896956658,107.98831112608303,108.07798936504284,10494300
2019-07-03,109.41498565673828,109.48019487527169,108.84429925661642,108.85245973875261,5380300
2019-07-05,107.96382141113281,108.06166011471967,107.3442343406241,108.05349963289476,12180100
2019-07-08,108.1106185913086,108.60792304061599,108.1106185913086,108.46933162881085,6490000
2019-07-09,108.06982421875,108.19211950647009,107.74372833101786,108.16765049711749,6215700
2019-07-10,107.47463989257812,107.97194395858128,107.21375336101701,107.89857428648766,9470000
2019-07-11,106.03983306884766,107.13226775771949,105.78709450074307,107.05073758223307,14126800
2019-07-12,106.16215515136719,106.34965969661575,105.72191194455063,105.91757697422052,6992000
2019-07-15,106.7735824584961,106.83880412777403,106.34964782807019,106.34964782807019,6055500
2019-07-16,106.45564270019531,106.47195122869674,105.95019027451245,106.12138628460912,6172700
2019-07-17,107.60516357421875,107.62962014986026,106.83882436474791,106.84697241004046,9662200
2019-07-18,107.6133041381836,107.87419084657449,106.99371686539962,107.18122141220374,5724900
2019-07-19,107.36056518554688,107.55621775388042,107.21381331953525,107.27903498890025,5804800
2019-07-22,107.56439971923828,108.0127910108206,107.40135173314397,107.996482480282,5204100
2019-07-23,106.97743225097656,107.40136702700086,106.77361912939487,107.28723217650575,8108900
2019-07-24,107.44209289550781,107.531771144222,107.18121863364274,107.28720541114932,6389700
2019-07-25,106.92848205566406,107.13229510665164,106.39856065923952,107.00185176847685,8893100
2019-07-26,107.18122863769531,107.4339548786344,107.00187212352621,107.36873319713983,6188400
2019-07-29,107.21380615234375,107.57251908999075,107.124127917932,107.46654476914824,6231800
2019-07-30,107.47463989257812,107.69476134861348,107.14853172812674,107.61323119756202,5678500
2019-07-31,108.33887481689453,108.69758780987806,107.33611799724517,107.36872261489705,15798700
2019-08-01,110.49053192138672,110.5967296830139,108.85678156786587,108.96297932949304,26664800
2019-08-02,111.51160430908203,111.51160430908203,110.60487253979635,110.81726802194122,15143100
2019-08-05,113.43940734863281,113.45574833583092,112.45099575226787,112.84309219337423,18543000
2019-08-06,114.34617614746094,114.34617614746094,112.80228266465227,112.8921394267004,12747400
2019-08-07,114.38702392578125,116.86215458266848,114.18280514244385,116.32301400317168,32582000
2019-08-08,114.63207244873047,114.71375247158619,112.71241117602928,113.65998918572534,14746000
2019-08-09,114.40335845947266,115.62867109031772,114.25631446221843,114.9098170249074,10626000
2019-08-12,116.78866577148438,117.1644214394299,115.59602231709468,115.76757161908945,14094300
2019-08-13,116.38831329345703,117.55645069163025,115.95537066417793,117.47475822913542,15974900
2019-08-14,119.01051330566406,119.04318281923182,118.20997934576734,118.57757057988667,15068900
2019-08-15,120.33390045166016,121.38767658633613,118.9207096492051,119.22294952658702,23588700
2019-08-16,119.36994934082031,119.68035336911068,118.31617359654358,119.31276210708157,17150500
2019-08-19,117.66270446777344,118.1691755940985,117.22976158632794,117.27878457108999,13614700
2019-08-20,118.87979125976562,118.9533070018966,118.3161456410537,118.67557255527699,7451500
2019-08-21,118.08745574951172,119.092208575334,117.86689599498152,118.21815874956845,9372000
2019-08-22,117.30330657958984,118.20186199608953,117.20527306059569,117.63005173749359,13878800
2019-08-23,119.2310791015625,119.48430835430185,117.16437390817045,117.2379021303554,16191800
2019-08-26,118.7491455078125,119.50066920665378,118.68379399514893,119.15758311356493,12174500
2019-08-27,120.57890319824219,120.66875993486224,119.65583058246555,119.77836929486833,11332300
2019-08-28,120.73409271240234,121.63264747483699,120.61973074392813,121.53462649172187,10095900
2019-08-29,120.27664947509766,120.3583294760024,119.36991795276965,120.28481373583206,8884900
2019-08-30,120.30936431884766,120.47273684674117,119.55784071891759,119.7620594949157,13550800
2019-09-03,120.46491241455078,121.65965281765283,119.94118802827846,120.36670550760489,15660800
2019-09-04,120.64481353759766,120.80029620906163,119.86741266683987,119.90833113089283,7962200
2019-09-05,118.45990753173828,119.31096666919801,117.74797367538386,119.19640245683566,19382900
2019-09-06,119.30284118652344,119.49924243869064,118.72184110620427,118.86913268040252,9466400
2019-09-09,117.183349609375,117.83800770504931,117.17517090955874,117.69889488878526,15862700
2019-09-10,115.12938690185547,117.25701037693837,115.10483831269974,116.88876905303616,13851400
2019-09-11,114.9248275756836,115.50582760513821,114.88390909090984,114.89208779323722,10941700
2019-09-12,114.17198181152344,116.03774995364468,113.79554921002881,115.79225151671943,19163300
2019-09-13,111.73336791992188,113.50913268214879,111.73336791992188,113.15724871317023,18922200
2019-09-16,113.15724182128906,113.39456151566034,112.31437356866091,112.82991895123492,10971600
2019-09-17,113.77101135253906,114.2374596753767,112.94451277300843,113.22273853404998,9081200
2019-09-18,114.25377655029297,115.10483591182758,114.18013078436188,114.50745362398845,10984600
2019-09-19,114.59750366210938,115.37491749097089,114.54022776694414,115.186694939473,13176200
2019-09-20,116.11139678955078,116.18504257532409,114.92483556800448,115.19488260240925,11519800
2019-09-23,116.08684539794922,117.15066361758102,115.95591123534889,116.39781091248271,15246700
2019-09-24,117.48609161376953,117.71521998709287,116.5368383605387,116.54501705724316,12421600
2019-09-25,115.76770782470703,117.46981457648924,115.49766078130908,117.23249483233509,14147100
2019-09-26,116.51239013671875,117.01156576995051,116.11958759850417,116.42237444919924,9636500
2019-09-27,116.7987289428711,117.00330880071301,116.31592347513941,116.46322746579867,10386900
2019-09-30,117.08516693115234,117.09334563178349,116.0704461574268,116.10318593308308,8006900
2019-10-01,117.43773651123047,117.97058313159835,115.69986524553332,115.79823154104668,16613700
2019-10-02,117.72459411621094,118.26563347911613,117.42128985598703,117.60163631028877,12891500
2019-10-03,118.79846954345703,119.41328360144317,117.97871746614219,118.02790058943323,13470500
2019-10-04,119.67560577392578,119.70839035208006,119.02799465246083,119.15096496449239,11516200
2019-10-07,118.68360900878906,119.29842257079414,118.62623291404384,118.9951185495641,11013900
2019-10-08,119.00343322753906,119.6264404376259,118.55256698609548,119.53627969776392,14529700
2019-10-09,118.33123779296875,118.54436886683379,117.88037157092134,118.53617584767882,8608800
2019-10-10,116.56877899169922,117.37213277389297,116.18349439537175,117.32294963537082,15054200
2019-10-11,115.12598419189453,115.6670235670704,114.52756867546162,115.56864481167764,26294000
2019-10-14,115.96207427978516,116.00305185568087,115.65056464910546,115.97846030677643,5936900
2019-10-15,114.560302734375,115.54400229552671,114.39635489225282,115.31447281487193,11832300
2019-10-16,114.69966888427734,114.81443363446901,114.23241686864688,114.47013938389402,7729500
2019-10-17,114.42098999023438,115.07679411673189,114.19146042222374,114.37180686972114,6219300
2019-10-18,114.42098999023438,114.95382380702549,114.31441822350682,114.60952945500954,6456100
2019-10-21,113.56024932861328,113.937340771477,113.31432121443464,113.5930464149963,8038000
2019-10-22,114.22422790527344,114.37998276920437,113.65040407112376,114.25702498632282,6683300
2019-10-23,114.33895874023438,115.01935412324444,114.24059254312083,114.78982465770102,5995400
2019-10-24,114.10952758789062,114.96207705879708,113.9701711857754,114.50300522377056,6161700
2019-10-25,113.55207061767578,114.3964143262768,113.37991716353405,114.38001578101924,5669800
2019-10-28,112.51911163330078,112.78143817619927,112.29778768470047,112.78143817619927,11402100
2019-10-29,112.59300994873047,112.91271292075356,112.44544799556499,112.81433411583312,5296600
2019-10-30,114.2406005859375,114.31437523896658,112.9371983487494,112.9371983487494,10914100
2019-10-31,115.78175354003906,116.14243383993487,115.11774404740967,115.15873414079473,15834100
2019-11-01,115.42538452148438,116.00842948010991,114.79307062865765,115.56498401180367,11425500
2019-11-04,113.90621948242188,114.259321910024,113.75840013045516,114.11972240165227,11124300
2019-11-05,112.6251449584961,112.86329483720247,112.28024990370322,112.68263373275184,13493000
2019-11-06,113.30670166015625,113.65981647580003,112.78114562195509,113.33955596080627,9351900
2019-11-07,111.25376892089844,111.97641331836783,110.40795219669988,111.96820600666818,19209800
2019-11-08,110.78568267822266,111.63970656864934,110.67892499307756,110.98275836742012,10222900
2019-11-11,110.85956573486328,111.17982620133208,110.56393972502728,111.17161889253529,4577000
2019-11-12,111.3687515258789,111.63974321773125,110.68716863975004,111.0895525210306,5772900
2019-11-13,112.09137725830078,112.46912660705857,111.8203856118489,112.34594175126404,6672400
2019-11-14,113.24922180175781,113.6844472945967,113.05213359490394,113.15889127323028,10213300
2019-11-15,113.12605285644531,113.45453324732019,112.85506123281569,112.89612284795575,4657600
2019-11-18,113.33131408691406,113.82402825891721,113.26561802863084,113.49556049774304,5943900
2019-11-19,114.27571105957031,114.34140713523325,113.62697014380196,113.62697014380196,7893100
2019-11-20,115.458251953125,115.458251953125,114.77666904863415,114.89163408491879,7905500
2019-11-21,114.73560333251953,115.03122949103577,114.2428888915762,114.66990723837718,5980900
2019-11-22,114.8833999633789,115.19545325033249,114.70273885306341,115.04764644930034,4664800
2019-11-25,115.22007751464844,115.40073860896672,115.11331981430222,115.21187020317817,4157300
2019-11-26,115.89344787597656,116.04125465743337,115.73742125316373,115.786690180316,4281100
2019-11-27,115.5567626953125,115.7127893215394,115.31040552391457,115.45822483885183,4095700
2019-11-29,115.3104248046875,115.52392770613369,114.78486859860985,115.47465876966521,6251100
2019-12-02,113.77295684814453,114.06909114522948,113.4768225510596,113.63311739560254,17702200
2019-12-03,116.15850067138672,116.61915128885813,115.1055688362961,115.19605467556998,13062400
2019-12-04,114.99864959716797,115.57446291628632,114.51332212475313,115.44284485711957,8586300
2019-12-05,114.4393310546875,114.7025672924788,114.01159099596862,114.06094465260581,7273800
2019-12-06,113.8058853149414,114.43927365984787,113.40280973490134,113.54264920917115,7931100
2019-12-09,114.05265808105469,114.4310568604362,113.98686160374292,114.33234959267968,4016900
2019-12-10,114.06087493896484,114.62846674697174,113.85522646080508,114.48861473625054,4947600
2019-12-11,114.9574966430664,115.27830775953373,114.52974430384775,114.58733190126361,6256700
2019-12-12,113.0655288696289,114.5708772105132,112.3745530071273,114.49684677205663,14857000
2019-12-13,114.37344360351562,114.84232812378427,112.88455074040752,113.61665876625904,11335100
2019-12-16,113.34521484375,113.8963638358038,113.04908051968886,113.84699765530397,9156600
2019-12-17,113.18888854980469,113.79759980308475,112.86807753605953,113.69067116635816,6179700
2019-12-18,112.25939178466797,113.06553030112619,112.1030969336452,112.94214623546976,6244700
2019-12-19,112.43903350830078,112.76035800488359,111.8540516956127,112.05179468269165,6591100
2019-12-20,112.58731842041016,112.62028186708305,111.99410209901176,112.15889418863347,5455700
2019-12-23,112.42256164550781,112.85099853582774,112.05180451259827,112.71916986621024,5175000
2019-12-24,112.74385833740234,112.92511957041029,111.96114623407028,111.98586253203766,4667400
2019-12-26,113.01571655273438,113.05691456104282,112.4719330155439,112.80150451014435,5290200
2019-12-27,113.13935089111328,113.39476103301867,113.11462201982327,113.23821608878724,7300500
2019-12-30,112.72740173339844,112.79330348739921,111.77166286604881,111.96115869551345,7979700
2019-12-31,111.62332916259766,112.43077005689663,111.54094570137725,112.2247925460413,10707400
2020-01-02,112.88387298583984,113.31230958607374,112.6037466814761,112.70261183081263,11034100
2020-01-03,114.62237548828125,114.65533893436901,113.6007349532409,113.9220594073054,12366000
2020-01-06,113.9715576171875,115.10855829622714,113.82324716815354,115.09207656369485,11369800
2020-01-07,113.41118621826172,114.08679833210785,113.40295164560504,113.88082086889135,8381200
2020-01-08,112.66144561767578,113.95497763898634,112.31540496410479,113.64188785019317,10621700
2020-01-09,113.05696105957031,113.23822231318367,111.97764068606399,112.05178958839522,7411500
2020-01-10,114.06208801269531,114.0868043038257,113.3947230084402,113.42767387265827,8776000
2020-01-13,113.71605682373047,113.7737239838756,113.19698952308245,113.60070993157183,5966900
2020-01-14,114.30108642578125,114.37524791650611,113.8149823063767,113.84793319079608,13920300
2020-01-15,115.05906677246094,115.14969740708047,114.54001183952481,114.95196698381844,6290500
2020-01-16,114.6965103149414,114.96015496304987,114.3092716305183,114.73769575517808,6798600
2020-01-17,113.71605682373047,113.81492199647548,113.17227322989619,113.35353442784096,9693100
2020-01-21,114.91073608398438,115.05903385900926,114.33400156132694,114.36695243182035,6794900
2020-01-22,115.31446838378906,115.46276617405084,115.00961308402151,115.11672542490236,6317000
2020-01-23,116.12188720703125,116.48440964911107,115.99005857866223,116.04773831802491,9747400
2020-01-24,117.0611572265625,117.44839600812465,116.41850830649582,116.51737350285336,8585000
2020-01-27,118.88196563720703,118.88196563720703,118.23108228378261,118.60183926089113,10935200
2020-01-28,117.95101165771484,118.71724226777802,117.6708851489955,118.58541359124848,10612900
2020-01-29,119.10440063476562,119.21974750578747,118.17337852246108,118.18162566659082,9566800
2020-01-30,119.12091064453125,120.0189695373542,118.88196970160502,119.38455531011613,14711800
2020-01-31,120.20845794677734,120.28261939768096,119.54109289172264,119.60700719704349,14538100
2020-02-03,120.1110610961914,120.29262342462411,118.93916680806022,119.62414966664647,15309000
2020-02-04,118.4935302734375,118.95568438136375,118.06438177632529,118.83189759986743,11388300
2020-02-05,117.1978759765625,117.76732054863142,117.10709477532312,117.43721395835688,10782600
2020-02-06,117.72607421875,117.91589750375653,117.18964776958532,117.33819198279595,6683100
2020-02-07,119.19506072998047,119.45090784255332,118.7329064241566,119.0217591616767,11374800
2020-02-10,119.52521514892578,119.87183098038798,119.40141568519809,119.74804410942437,6699300
2020-02-11,118.9227066040039,119.43437554428306,118.79065894433253,119.32708524670532,7784100
2020-02-12,118.32027435302734,118.46883115660869,118.00667682148661,118.32027435302734,5595500
2020-02-13,118.77416229248047,119.00523942475547,118.23773593386191,118.37803186468894,7883400
2020-02-14,119.29403686523438,119.73143356244047,119.21150395933557,119.46733833776706,7137400
2020-02-18,120.1110610961914,120.53196130880997,119.59939231211057,119.94600786836733,6909200
2020-02-19,120.10285186767578,120.17712395541697,119.64894589910489,119.76448445539947,5707700
2020-02-20,121.04362487792969,121.26645365190672,120.4906896625266,120.55671346936252,9332900
2020-02-21,122.17430877685547,122.86755277066277,121.85245044117183,121.97624985813282,13860300
2020-02-24,123.9981918334961,124.5841455686653,123.79187204675151,124.47685524987479,15929300
2020-02-25,124.65843963623047,125.24438088189049,123.90743245787948,123.96520805287385,20802900
2020-02-26,123.9981918334961,125.21135318697509,123.44525631615186,123.75060557085051,22589500
2020-02-27,125.3433837890625,126.33371611190697,124.47683828428907,126.02010604911537,30687900
2020-02-28,128.17404174804688,128.72697700416336,127.2249762145008,127.46430151324351,44935200
2020-03-02,127.23106384277344,129.34689603485594,127.08228769198548,128.3551012712366,28152400
2020-03-03,129.2063446044922,131.99163690492563,125.92514880205904,127.12356755198338,38608000
2020-03-04,127.83441925048828,130.04944001701264,127.43770381893026,129.27253003050086,23463700
2020-03-05,131.0164337158203,131.26438557606386,129.60311694038094,129.86760228766886,17786200
2020-03-06,137.83502197265625,139.95085402097973,135.63653511158267,138.2730647352535,76288300
2020-03-09,141.57073974609375,148.52158618417675,140.78556970703306,148.02569529119896,41552800
2020-03-10,134.31407165527344,142.92617200613935,133.9173564825325,140.20700143869203,37728300
2020-03-11,129.3716583251953,138.0498824548068,128.6278155871978,136.72748135242063,29519300
2020-03-12,130.1734161376953,137.4961878610701,128.65266306478057,135.14066385784528,24361800
2020-03-13,127.23106384277344,130.75193966759622,125.78469280085014,128.1071494274931,19812900
2020-03-16,135.4712371826172,137.32258390672143,130.42959631139678,132.55370139346374,30496700
2020-03-17,126.4375991821289,136.8928013778026,126.21445391054044,135.13235745604518,18570900
2020-03-18,119.30493927001953,127.39634560926407,114.89143229180573,126.32189615597078,47061000
2020-03-19,122.55304718017578,126.82603770307995,120.04876078678465,121.45380400177805,21175300
2020-03-20,131.7685546875,131.7685546875,125.71859659243098,126.70213111530823,20863100
2020-03-23,137.19857788085938,137.7688631440838,129.4047129137262,130.1733494953937,19971800
2020-03-24,134.644775390625,136.74407449944084,132.57853064868314,133.2727858552499,11948600
2020-03-25,134.33889770507812,137.76059684053956,133.57852152068125,135.20672259979065,10750600
2020-03-26,135.00013732910156,136.93413900687403,134.11579130845365,135.54562886222342,10576200
2020-03-27,138.60360717773438,139.05818325596724,136.03319983865302,136.80184895481935,12550000
2020-03-30,137.46307373046875,140.59549378570642,137.1490006368922,139.0995352906835,13473200
2020-03-31,136.34727478027344,137.9589421607384,136.0084078252823,136.95061434088868,11464800
2020-04-01,138.25759887695312,139.8467778580331,137.7278767597836,139.44947679797735,11334700
2020-04-02,139.1349334716797,140.06194382540048,138.43966307682024,139.73914467511779,5771200
2020-04-03,139.46607971191406,140.98075734540262,139.1681101343495,139.5074668312155,6570800
2020-04-06,139.10183715820312,139.2756579373228,137.83547012177732,138.22448615305277,9434800
2020-04-07,137.6451416015625,137.744460570857,135.50142298379717,136.5360376791944,13811400
2020-04-08,136.64361572265625,137.55408161783822,135.84903878647262,136.6601730924521,10147100
2020-04-09,136.89195251464844,137.22302419785638,135.55936815093753,135.973214069735,14259100
2020-04-13,135.6421356201172,137.15681312290639,135.6421356201172,136.36222344143968,8750300
2020-04-14,135.60894775390625,136.3538775466524,135.31097836272136,135.60894775390625,9019100
2020-04-15,139.201171875,139.54881347263387,138.00930654003287,138.05896601696,10027800
2020-04-16,140.7820587158203,140.97243687373503,139.896435286906,140.09507318445696,8265400
2020-04-17,138.89495849609375,141.40286363176187,138.44801048252623,140.55862709173715,8612100
2020-04-20,140.0123748779297,140.11996624453528,139.0191470526025,139.41643565681798,6462600
2020-04-21,141.77525329589844,142.48706839979388,141.35313523167852,142.304975282781,7850700
2020-04-22,140.32684326171875,141.03038624852445,139.63987027453052,140.68275725502596,6230200
2020-04-23,141.07180786132812,141.47736880481284,140.38482207654823,140.60001742146713,5968600
2020-04-24,141.4028778076172,141.4028778076172,140.35171821286934,140.38482033106993,6211800
2020-04-27,138.77084350585938,140.50071675170366,138.58875025581497,140.42622750293393,9039500
2020-04-28,140.36822509765625,140.58343301143037,139.4246571137373,139.50743133127696,9905400
2020-04-29,139.6399383544922,140.92285099302617,139.0191692856871,140.318639302338,8619600
2020-04-30,138.00936889648438,140.07031389758427,137.98453914680204,139.66475289972098,11606100
2020-05-01,139.19113159179688,139.32373707671806,137.93970052348513,138.8181897306667,10209400
2020-05-04,138.53643798828125,138.96738692444396,137.97287089689996,138.8679391154768,8300900
2020-05-05,137.64959716796875,137.79878146700526,136.97001633844243,137.21864840620174,7831800
2020-05-06,135.4285430908203,135.61915557230665,134.30142175715102,135.27935875829894,14721500
2020-05-07,137.6910400390625,137.88165248065235,135.3704951147491,135.55282445747065,9164800
2020-05-08,135.9009246826172,137.0777698419983,135.65229257380048,136.3236030613919,8129800
2020-05-11,134.84010314941406,136.09982986564373,134.3428515888171,135.63572335070492,8713500
2020-05-12,136.2241668701172,136.68827347798285,135.1965058515451,135.22136780225532,10057300
2020-05-13,137.1773223876953,137.81546296549269,136.6054719472055,136.8209465083622,13305600
2020-05-14,138.51976013183594,139.35680809960115,138.44517432842036,138.6689443846154,10080000
2020-05-15,138.16346740722656,139.6386686154563,137.84853254952984,139.48120118660793,7225600
2020-05-18,135.1302032470703,136.79601717623666,134.60807698967872,136.6882736257383,10073100
2020-05-19,135.6357421875,135.66888723776128,134.65779248438852,134.69095018060565,8639100
2020-05-20,136.04177856445312,136.49760187337262,134.9892560508904,135.2295923523473,10927300
2020-05-21,136.38162231445312,137.04463711558301,136.15785213180624,136.63025444562126,8920000
2020-05-22,137.20205688476562,137.30978774227648,136.4230157125506,136.51418037410664,4956700
2020-05-26,135.3622589111328,135.74348392638507,135.07218595286784,135.6771938205683,8098900
2020-05-27,135.11355590820312,135.84287314934684,134.74889728763128,134.9146477571775,8047400
2020-05-28,134.61636352539062,134.7324028263993,133.97822324558462,134.22685540525458,10272600
2020-05-29,135.57778930664062,135.99217219172428,134.55012784504888,134.8484840281476,14632700
2020-06-01,134.6648712158203,134.7976471137381,134.15867418443946,134.51550782731772,13341400
2020-06-02,134.17532348632812,134.50725069050264,133.81019596440942,134.15872332745604,11517100
2020-06-03,132.39112854003906,133.04670160773313,131.8932379270905,132.92221945784127,12255700
2020-06-04,130.47427368164062,131.9513712723918,130.4410860259635,131.87668955045984,14038600
2020-06-05,129.54489135742188,129.58638543135805,127.09689294174946,128.30014511261757,17778500
2020-06-08,130.0427703857422,130.1589461735171,128.66524842911733,128.68184858800265,10346700
2020-06-09,131.51988220214844,132.47418251482864,131.3622123312054,131.98458540353053,9095300
2020-06-10,133.46998596191406,133.5197737851271,131.98459436646684,132.14226424811707,13135500
2020-06-11,135.99266052246094,136.28309367302683,134.95537213712905,135.4698631243459,17086400
2020-06-12,134.6815185546875,135.81008875797357,134.474060889835,134.77280043371104,9716100
2020-06-15,134.75616455078125,136.27475577438312,134.54870694092648,136.0009102099099,7759800
2020-06-16,132.68988037109375,133.79355635978848,131.69408638994443,132.2832715651903,13698900
2020-06-17,133.23764038085938,133.41191043221255,132.22524572228986,132.99699500369107,7113900
2020-06-18,134.6482696533203,134.83083334549426,134.10888498421042,134.46570596114634,7691400
2020-06-19,134.75616455078125,134.84744640560567,133.5280190458591,133.60270074647698,8565500
2020-06-22,134.7728271484375,135.61095172217907,134.49068770724293,135.42009417810198,9319700
2020-06-23,133.8516845703125,134.48235129740198,133.70230847097957,134.00104800743475,9088600
2020-06-24,135.2872772216797,135.33706503007613,134.03423761560032,134.04253136292985,11436500
2020-06-25,135.6772918701172,136.38265288661916,135.594303752102,136.26647711872332,10968000
2020-06-26,137.12950134277344,137.1875955603859,136.2415765572773,136.2996707748898,12119300
2020-06-29,136.697998046875,137.146113684182,136.4075649196382,136.7975863341714,7274400
2020-06-30,136.03414916992188,137.16271949973122,135.66072786376554,137.11293168053868,14841700
2020-07-01,135.76995849609375,135.8862705235997,134.71483409703688,135.26316765973354,13181000
2020-07-02,135.9111785888672,136.0358067540896,134.78960116421834,135.17176377929258,7599800
2020-07-06,135.35452270507812,135.4376081369532,134.38248400201365,134.86435161736355,7972700
2020-07-07,137.25704956054688,137.36504539337705,135.58712643963452,135.7699042207996,12791900
2020-07-08,136.70875549316406,137.0161488147755,136.11057579695998,136.51767418597794,7253900
2020-07-09,138.88546752929688,139.11809157545483,136.75030838911994,136.80015458800239,13373100
2020-07-10,138.18756103515625,139.74947582280785,138.04632594774938,139.53345877860957,8478000
2020-07-13,138.6445770263672,138.71104286830973,137.27374280579556,137.49806343771877,8054000
2020-07-14,138.8439483642578,139.69137192023373,138.72763632144245,139.51689751747975,11344600
2020-07-15,138.19590759277344,138.70269844185125,137.7722021984535,137.8469715014993,7840300
2020-07-16,138.85227966308594,139.38399372782243,138.7774976668558,139.07658762058654,9107400
2020-07-17,138.5614471435547,139.07654140718472,138.30390001173967,138.96854554107267,8549900
2020-07-20,138.9020538330078,139.25929329067273,138.57804094094047,139.16790438895853,6907200
2020-07-21,138.98509216308594,139.34234420932694,138.81063055205834,138.9934083102182,8454400
2020-07-22,139.4005584716797,139.9572081513207,139.31748570122448,139.79103725629147,6592100
2020-07-23,141.02894592285156,141.13695447417922,139.97382154074444,140.33937724333651,10471800
2020-07-24,141.02066040039062,141.17019901936357,140.29785237750323,140.41416441794718,7520700
2020-07-27,140.49717712402344,141.48583529435544,140.39748476300005,141.44429258491067,6146400
2020-07-28,141.46920776367188,141.51905394139595,140.76301977376883,140.8544086586145,8520700
2020-07-29,141.2283477783203,141.5606642398559,140.38922779579332,141.27819397984462,6733700
2020-07-30,142.15882873535156,142.28344422577067,141.8597388812867,142.10898253918393,9376100
2020-07-31,142.0674591064453,142.44963445738694,141.18680904908595,141.3612707593609,8886000
2020-08-03,141.35208129882812,141.3853575047475,140.53699192996046,140.76156190087698,9066200
2020-08-04,142.69956970214844,142.70788241278544,141.9925958720042,142.08408645365625,9878900
2020-08-05,141.45196533203125,141.8595038671106,141.13590467939,141.44363993096584,6954100
2020-08-06,142.2421112060547,143.26513298531302,141.9094124262254,142.54153376232063,9481800
2020-08-07,141.29393005371094,142.64132509842582,141.04440916253714,142.45834395764237,8176900
2020-08-10,140.66184997558594,141.60170677482316,140.62027372417754,141.57675594751274,6408500
2020-08-11,138.9900665283203,139.3061272293573,137.96704464228236,139.0399681777131,19234200
2020-08-12,137.72581481933594,138.12505333419995,137.2267857124961,137.81730539259726,11744800
2020-08-13,136.25367736816406,137.71751397531037,135.7130465918896,137.49294387774523,12744700
2020-08-14,135.7213134765625,136.52809032211164,135.7046880609943,136.24530596356945,6398100
2020-08-17,136.0623321533203,136.78594388632908,135.9292526747029,136.3783927422473,6901500
2020-08-18,137.03549194335938,137.1269825251521,136.47823574195326,136.70280584111018,8140600
2020-08-19,136.17880249023438,137.74245496869187,135.82116559293118,137.54283570830572,12497700
2020-08-20,137.4097442626953,137.77569380440195,137.17684882174305,137.55944916278102,10319900
2020-08-21,138.233154296875,138.34128296928867,137.24339620952802,137.87551744375097,6836000
2020-08-24,138.00856018066406,138.87356402683855,137.95034584570115,138.33294614134687,6490600
2020-08-25,136.9521942138672,137.30983079308757,136.2618591632393,136.69436083049453,10518300
2020-08-26,136.4282989501953,136.67781980818333,135.80450315080424,136.44493705837,8276600
2020-08-27,134.10780334472656,137.08539057603684,134.04126359366737,137.03547624437255,19860100
2020-08-28,134.00791931152344,134.7814324199637,133.60869369909,134.54854975511475,8415400
2020-08-31,134.89796447753906,135.77959411471178,134.3739717836428,134.40724801023154,11388100
2020-09-01,136.44081115722656,136.6156768125529,134.20925705531917,134.6922054259222,10587000
2020-09-02,137.7397918701172,137.85636475734708,136.13275044576983,136.14939464002282,15167700
2020-09-03,138.13121032714844,139.25531652832845,137.75651249525433,138.01463738599256,16416600
2020-09-04,135.50830078125,137.1403218127017,135.26682011387928,136.8988538508275,13780300
2020-09-08,136.34095764160156,137.60660287658592,136.34095764160156,136.8655294368994,13790400
2020-09-09,135.97457885742188,136.76561028754455,135.52493137975534,136.50748544560406,9558900
2020-09-10,136.66561889648438,136.84880662627722,134.85039849367004,135.2750667334118,8847700
2020-09-11,136.9571533203125,137.0321030550358,136.62409138675832,136.81560136327707,5458200
2020-09-14,136.94882202148438,137.45674969461626,136.74897725147432,137.2152690093336,4274900
2020-09-15,136.61570739746094,136.9487691801358,136.38254890299743,136.69896649038336,6928500
2020-09-16,136.20774841308594,137.2985407830908,135.7081428410162,137.2069468517279,8815200
2020-09-17,136.6240997314453,137.35685127661733,136.3909538226177,137.3068805485836,7813900
2020-09-18,136.19940185546875,136.75728744432084,136.0078792207844,136.6989946323312,7246300
2020-09-21,136.89051818847656,137.72318560496487,136.67402923416833,137.29852979653455,11086900
2020-09-22,136.7822723388672,137.29019994245812,136.4491977677854,136.92382426701602,10524100
2020-09-23,136.9654998779297,136.99880099194277,136.12449745948084,136.80729099899378,6224800
2020-09-24,137.48997497558594,137.48997497558594,137.07364146346947,137.35675790788144,8278100
2020-09-25,137.48997497558594,137.73977762395393,137.1485911518232,137.4816528793202,5140300
2020-09-28,137.0987091064453,137.30687599710527,136.86556320534606,137.28189698666597,4470100
2020-09-29,137.25686645507812,137.58994097840943,137.02372064149318,137.22356535549196,10297600
2020-09-30,135.94119262695312,136.557370702881,135.35000624691057,136.557370702881,12971000
2020-10-01,136.16551208496094,136.4822576730463,135.1152684720414,135.45700623329523,11523900
2020-10-02,135.6570281982422,136.4238743890068,135.18190992079366,136.3738646163618,8828800
2020-10-05,133.00643920898438,134.1567024013885,132.96476014927,134.1567024013885,14726000
2020-10-06,133.72325134277344,134.54012014179082,132.2645734113795,132.80637570280885,22419400
2020-10-07,132.748046875,133.71494519111326,132.4146398025921,132.99810853863818,9429200
2020-10-08,133.4648895263672,133.57325255316943,133.081472647731,133.33986504826086,8431500
2020-10-09,133.43983459472656,133.58987663085793,132.37291705273145,132.96472903740798,8441500
2020-10-12,133.86489868164062,133.9315698770659,133.456464477388,133.72318741505754,3962000
2020-10-13,134.82347106933594,134.89015499239434,134.34835288704156,134.37337048701406,7914300
2020-10-14,135.1319122314453,135.65704032849504,135.00688778865324,135.30695917001574,6954800
2020-10-15,134.89849853515625,136.02376917590277,134.73179507099428,135.89873203878702,9458800
2020-10-16,134.52345275878906,135.2986425408363,134.281734571324,134.74850949792057,8416300
2020-10-19,134.0150146484375,134.18171818215944,133.40654102695342,133.78162715749392,9286600
2020-10-20,132.7397003173828,133.37317876686637,132.48963868357035,133.24815430929166,11189000
2020-10-21,132.2812042236328,132.8396677795245,132.00613780619517,132.35621886875452,10453700
2020-10-22,130.90594482421875,132.22292431163746,130.83926086956495,131.93951432469285,12664900
2020-10-23,131.70614624023438,131.87286251075452,130.65590241675238,130.70591221044214,8783800
2020-10-26,132.931396484375,133.38150992752182,132.5396362618317,132.70635248146345,7227300
2020-10-27,133.82334899902344,133.94837350961458,133.2815464429022,133.55661308487112,6062300
2020-10-28,133.9482879638672,134.58177899606724,133.5315229031715,134.5150950601167,11765800
2020-10-29,132.6480255126953,134.0566939041994,132.08956167865875,133.97333577788643,11932400
2020-10-30,131.33932495117188,132.82300729692264,131.33932495117188,132.55627159857465,13095400
2020-11-02,132.32310485839844,132.83210456703276,132.11449862916,132.42323177409247,10810500
2020-11-03,131.55543518066406,131.8224445327137,131.03808307528843,131.7139779517156,16228700
2020-11-04,134.4091796875,135.3186998760577,133.95858306022086,134.876455647408,21570800
2020-11-05,134.64288330078125,134.95996902770688,133.9920325061706,134.876521394625,18537500
2020-11-06,133.0157012939453,133.44125348906746,132.6235204988595,133.19092342568905,12408400
2020-11-09,130.22036743164062,130.29546262817374,129.02714575678525,130.1452722351075,23245000
2020-11-10,129.46937561035156,130.0117467236678,129.15229006159277,129.3024931702784,12561000
2020-11-11,129.9366455078125,130.1202200030713,129.31082683733393,129.3525506284952,5888200
2020-11-12,132.1479034423828,132.1729351776366,130.76276740651235,130.95468162089685,15999700
2020-11-13,131.97268676757812,132.25638826709516,131.76408047693602,132.1395692536283,7344600
2020-11-16,131.65560913085938,132.07282173749343,131.513758372482,131.6138853237323,6310400
2020-11-17,132.51504516601562,132.80709903748956,132.33147062948623,132.48167376497224,7444600
2020-11-18,132.8988800048828,133.1492100639469,132.13121049411785,133.04073073414546,10333300
2020-11-19,133.58309936523438,134.10879120598938,133.37449310872088,133.48297243644885,10637200
2020-11-20,134.7680206298828,134.79305236937049,133.8334684028248,133.95028743120704,7246800
2020-11-23,134.15049743652344,134.33407193680117,133.74162464366597,134.19222122882542,11300000
2020-11-24,132.8154754638672,133.5247420724261,132.6819643581093,133.4997103316365,10891700
2020-11-25,132.40655517578125,133.43290711077807,132.3564917120868,132.88218354550884,9145800
2020-11-27,133.691650390625,133.73337421076693,133.15761859684648,133.18265034246716,4708200
2020-11-30,133.5247802734375,133.95033272093013,133.30782148142976,133.5331199453134,13071600
2020-12-01,131.5559844970703,132.59173143951458,130.87105198384867,132.4330269427778,13662800
2020-12-02,130.51182556152344,131.07980690862536,129.86865971647353,131.03805332068205,12114300
2020-12-03,131.56427001953125,131.82321619080992,130.78746974158216,131.08816950133888,9626500
2020-12-04,129.6348114013672,130.1276211017144,129.27564889798478,130.04410116258504,12734500
2020-12-07,130.80421447753906,131.0380907160648,130.45338737445135,130.5953954970483,9316100
2020-12-08,131.42233276367188,132.03209346660412,131.30539462460152,131.61445543488128,7397200
2020-12-09,130.98797607421875,131.40561403479927,130.31139187202706,130.76244800682153,7750100
2020-12-10,132.1490478515625,132.21585872898652,130.99636266380443,131.33882895079094,10025100
2020-12-11,132.6167755126953,133.13464255975998,132.24090385771933,132.51653372481474,8135900
2020-12-14,132.24925231933594,132.5499521930358,131.2302145665364,131.5476235291364,7535900
2020-12-15,131.8065643310547,132.29937414576528,131.3972744748554,131.78985524123198,6847500
2020-12-16,131.45578002929688,131.88176632759883,130.62885195521227,130.78755648162988,9954200
2020-12-17,131.10787963867188,132.49588701173136,130.79849650796757,132.21995691285133,9422700
2020-12-18,130.71485900878906,131.5928158901409,130.58942930654428,131.3754095096861,6505000
2020-12-21,131.23330688476562,131.55940379831625,130.81523326438816,131.44234369495436,8988200
2020-12-22,131.91061401367188,131.96915045792073,131.3420398851832,131.743387079328,7370800
2020-12-23,130.999267578125,131.01599410567619,129.98753593681803,130.95745763854816,9266600
2020-12-24,131.51759338378906,131.63465348670525,131.14969931647698,131.19149647148006,3117100
2020-12-28,131.5761260986328,131.6513762858264,130.52258520214068,130.75670540136116,7791100
2020-12-29,131.40890502929688,131.51759549608266,130.7399846767776,130.76506807362003,9030900
2020-12-30,131.6932373046875,131.71832071015288,131.00759019903722,131.1246631026741,9097300
2020-12-31,131.88552856445312,132.17818526396056,131.651408308286,131.65977794796152,7742100
2021-01-04,131.7266387939453,132.26177255058732,130.89049150177996,130.9991947325119,13152900
2021-01-05,130.74835205078125,131.233319026319,130.1546945997336,131.233319026319,10458100
2021-01-06,128.06430053710938,128.64124411189886,127.3368438408738,128.61616071809001,22827300
2021-01-07,126.9355239868164,127.23653753563035,126.47564040410124,126.91879746782793,14651900
2021-01-08,126.52580261230469,127.0609363191988,125.97394238871559,126.65957647008274,13622500
2021-01-11,126.31675720214844,126.4338172938496,125.83179031978838,126.25822077700128,8370700
2021-01-12,126.2164306640625,126.39202720845259,125.36355685727298,126.08264403582197,12186300
2021-01-13,127.63786315917969,127.98905620574169,126.73483542360002,126.81008560846607,12533300
2021-01-14,126.44219970703125,127.62952737937636,126.08264972224323,127.57936058117238,14835500
2021-01-15,126.9438705444336,127.39538440626156,126.6512139290274,127.25324091719362,11624700
2021-01-19,127.35359191894531,127.3954018352367,126.68467153406853,126.77664824647152,9575600
2021-01-20,127.47907257080078,127.4957863371151,126.91884243426496,127.08608216621012,5368900
2021-01-21,126.58438873291016,126.88540238895449,126.34191153488014,126.62619866597748,8162700
2021-01-22,126.99409484863281,127.10278535503164,126.6094613592085,126.96901144264852,9507200
2021-01-25,128.49073791503906,128.50746443134403,127.62950732494076,127.7298409055833,8712600
2021-01-26,128.24827575683594,128.43222918180246,127.86364238865272,128.01415553571402,7690300
2021-01-27,128.57435607910156,129.18473995112464,128.37367616181197,128.82520278606518,7895200
2021-01-28,127.86363220214844,128.3151588487655,127.22816490381402,128.26497929801258,10667800
2021-01-29,127.0943832397461,127.50409998933671,126.50908271075566,126.60941629898412,14965900
2021-02-01,127.24168395996094,127.54304635395927,126.814759224039,126.95706746934631,8165500
2021-02-02,126.42135620117188,126.47994772272276,126.00279788894628,126.18696456819642,9177500
2021-02-03,125.29964447021484,126.06142387232828,125.21594044891887,125.92748211018734,9633100
2021-02-04,124.96471405029297,125.14051408486996,124.56290182274893,124.86426418675205,8262600
2021-02-05,123.91832733154297,125.20749361227452,123.90996076679374,124.81404792157942,10258900
2021-02-08,124.46246337890625,124.94799243603205,123.92670938024726,124.144367824735,11574800
2021-02-09,124.5545883178711,125.29125510221351,124.44577183264752,124.91455514145193,5218300
2021-02-10,125.38330078125,125.38330078125,124.8475467645181,124.96474255650998,8079800
2021-02-11,124.69686889648438,125.39166429204617,124.52106882608844,125.29958097391173,11962700
2021-02-12,123.14822387695312,123.96022800306595,123.08125301596195,123.64211960670424,14088400
2021-02-16,121.2730712890625,121.93440052090088,121.09728396553022,121.5660671927962,17789100
2021-02-17,122.04325103759766,122.53715965084075,121.36518848230772,122.17719278943946,11199100
2021-02-18,121.54928588867188,121.88414007733792,120.812632220369,121.05539033044332,10755300
2021-02-19,119.9337158203125,120.81269092929969,119.5821283313951,120.59503240755028,12741700
2021-02-22,119.02120208740234,120.32711438421937,118.63613570145748,119.73275612758829,13203900
2021-02-23,118.67798614501953,119.28907749176383,118.15059876757384,118.46870706170064,12658500
2021-02-24,117.89948272705078,118.18409926644793,116.49313316293512,116.65218733888761,17363100
2021-02-25,115.97412109375,117.12934601900834,114.3584922851877,116.7945045087173,52621700
2021-02-26,119.80815887451172,119.958846548907,116.92847488143133,117.84094195106147,45423300
2021-03-01,118.22571563720703,118.51906401932605,117.41273470376447,117.89047130514375,22048000
2021-03-02,118.23416137695312,118.28444677184004,117.5804128771506,117.67260703069577,12482200
2021-03-03,116.95179748535156,117.46305355013789,116.29806189939598,116.81770738756323,19763700
2021-03-04,116.19747924804688,117.28704270948688,115.62756122164204,117.02722638634621,22366600
2021-03-05,116.42378997802734,116.78417710391798,115.6527175514367,115.80357370959872,20598000
2021-03-08,115.51856231689453,116.41534780225228,115.51856231689453,116.35668580802306,15236600
2021-03-09,117.11943817138672,117.18648961791229,116.47407918873945,116.72551891602139,14463400
2021-03-10,117.3541259765625,117.46307340012928,116.73390961305535,117.16973767359435,12387600
2021-03-11,116.50758361816406,116.81769811728057,116.04662576397807,116.64168649406557,14150700
2021-03-12,114.03514862060547,114.37040589158671,113.69151471363365,114.3201077093716,20402700
2021-03-15,114.70560455322266,114.89836941406126,114.32845146418985,114.39550289160157,11366500
2021-03-16,114.2446517944336,114.92353001828586,113.77530451812854,114.83972531251945,15567900
2021-03-17,113.38977813720703,113.59093247952433,112.43431739152277,113.2724413013776,27107500
2021-03-18,112.24153137207031,112.7025019935807,111.62970461374937,111.73027537162307,21615100
2021-03-19,112.93719482421875,113.0042462704534,112.14097968191048,112.37565334935385,18685000
2021-03-22,114.20276641845703,114.32849268596736,113.45683660408667,113.72504241043664,17047500
2021-03-23,115.23368072509766,115.27557669676813,114.11058477389855,114.47936140365724,16768400
2021-03-24,115.85382843017578,115.8957371703797,114.7810311824656,114.87322529541345,13863000
2021-03-25,114.94031524658203,116.21426720101087,114.89840649233153,115.98797015906318,20782000
2021-03-26,114.53800964355469,115.02412301643938,114.16923309938319,114.33685531343701,8433300
2021-03-29,113.56575775146484,114.69722982611322,113.12155322764049,114.68046377179371,13968100
2021-03-30,114.16082000732422,114.41224685373383,113.15506146668142,113.39812446987882,15020800
2021-03-31,113.52388000488281,114.47934074192175,113.12996074771489,114.26980976635396,19271300
2021-04-01,115.40804290771484,115.50036314381738,114.39253311683429,114.60235067104482,14885900
2021-04-05,114.90446472167969,114.95481887528732,114.09037175503758,114.60232699378938,8243000
2021-04-06,115.68502044677734,115.80251778197979,114.98842452870252,115.11432276329381,9282400
2021-04-07,114.8792495727539,115.90315971092353,114.8792495727539,115.357626679732,11052700
2021-04-08,115.82766723632812,115.87803420189877,115.28214676864991,115.30732384831222,7847900
2021-04-09,115.40804290771484,115.97875331441605,115.0555509533908,115.39965481579543,8717800
2021-04-12,115.35767364501953,115.42481679032848,115.0639367913191,115.36607454208661,7659000
2021-04-13,116.2221450805664,116.24732216452979,115.14788014396802,115.23181229467811,13232800
2021-04-14,115.85282135009766,116.02068558956483,115.45837624483154,115.84443326062168,7293200
2021-04-15,117.79153442382812,118.32026574735995,117.04458473245697,117.06976180470886,23896700
2021-04-16,116.87669372558594,117.27115150879428,116.59973318804141,116.74242030642682,15238400
2021-04-19,116.5410385131836,116.91870747073362,116.28086684923234,116.4403302061688,13886800
2021-04-20,117.07814025878906,117.29634580242958,116.18011540156459,116.196904383765,11476500
2021-04-21,117.31316375732422,117.42227295921164,116.71728920757985,117.11173433989613,11902200
2021-04-22,117.82513427734375,117.82513427734375,116.82640076314304,117.49781943545197,14156400
2021-04-23,117.54815673828125,117.89226051935364,117.0697794869988,117.8167292911897,12302200
2021-04-26,117.38034057617188,117.92586112964543,117.3719524837139,117.62372331993367,9103500
2021-04-27,116.35639953613281,117.34674485707286,116.26407931813199,117.15370352455182,14137300
2021-04-28,116.43196105957031,116.56624737637158,115.78573217167924,116.36481790116967,15263700
2021-04-29,116.08786010742188,116.12142528064328,115.08912652131346,115.35768632582544,17178200
2021-04-30,116.35639953613281,116.43193076733947,115.80247822812792,116.24729033133784,15692000
2021-05-03,116.4261703491211,117.37592749900192,116.22444554714318,116.57745433183656,16447700
2021-05-04,117.21624755859375,117.8045955553335,116.96409475284116,117.24146155666656,18639700
2021-05-05,117.40957641601562,117.54405964219463,116.76238711192721,116.85484272679699,11127900
2021-05-06,117.6028823852539,117.82982121539455,116.99772072156271,117.03974833085182,21907600
2021-05-07,117.02291870117188,118.17441347792533,116.75396512358878,117.75416309261979,18346900
2021-05-10,115.83784484863281,117.03975502791576,115.72857562323384,116.78760218277851,15146200
2021-05-11,115.18224334716797,115.55206581332632,114.95531732704707,115.34194057801149,15158600
2021-05-12,113.97190856933594,114.98050691972344,113.7701837692489,114.87123771654832,20859400
2021-05-13,114.14840698242188,114.6190853593944,113.99712300054809,114.24926297033772,13073900
2021-05-14,115.21586608886719,115.21586608886719,114.49303479447657,114.75358802413608,17566700
2021-05-17,114.97209930419922,115.2914937136383,114.78720092639313,115.00572651836359,6113800
2021-05-18,114.67794036865234,114.78720958539256,114.36695915180765,114.6443131519513,11423100
2021-05-19,114.40058135986328,115.40077951213762,113.98873128980141,114.76199060142726,14296000
2021-05-20,115.34194946289062,115.56048793246924,114.87127095153292,114.94691296406666,13310500
2021-05-21,115.71175384521484,115.73696784544602,115.19904779880514,115.70335345347964,10171600
2021-05-24,116.14037322998047,116.47658118374605,115.89663368539475,115.98068888009166,6868700
2021-05-25,117.21624755859375,117.24986194768269,116.5102171374816,116.51863035352217,12346900
2021-05-26,117.01451110839844,117.59445865642896,116.72874394198499,117.32549227037642,9793700
2021-05-27,116.54386901855469,116.56908302196415,115.98073490069825,116.40938578368615,10695200
2021-05-28,116.35896301269531,117.08179440135515,116.27490778086343,116.4766326422433,10258000
2021-06-01,116.33280181884766,116.37487706470763,115.52475417132614,116.00453527155365,11778500
2021-06-02,116.60218811035156,116.82102827970753,116.42543604681047,116.61902592137484,7347900
2021-06-03,116.16450500488281,116.58536041256536,116.0298410354751,116.58536041256536,10994000
2021-06-04,117.75534057617188,117.75534057617189,116.59378835845912,116.59378835845912,15773700
2021-06-07,117.39340209960938,117.5954173080307,117.26715062152547,117.49440328207649,7799800
2021-06-08,118.21825408935547,118.39501897080699,118.01625176025067,118.39501897080699,11230900
2021-06-09,119.26204681396484,119.6492267243628,118.89169187811147,119.32095991185496,12768300
2021-06-10,119.97745513916016,119.99429295180798,118.41187249359835,118.53813682322516,19698300
2021-06-11,119.7838363647461,119.85958723816508,119.38823134557832,119.7838363647461,8646700
2021-06-14,118.86636352539062,119.6070729107491,118.68959866079967,119.6070729107491,9401300
2021-06-15,118.72328186035156,118.75694463298068,118.2435006568669,118.51285421183746,18207300
2021-06-16,118.62227630615234,119.24514681378179,118.01625645126451,119.01788134102053,19676300
2021-06-17,120.3982925415039,121.98912524633329,119.21990270218065,119.40508008314373,35225800
2021-06-18,122.66252899169922,122.92345732240099,121.30737389437026,121.44205072424518,26616900
2021-06-21,120.60877227783203,121.61883582581083,120.38151953867917,121.53465958231543,16485000
2021-06-22,120.90336608886719,120.93702887733112,119.62396178790038,119.66604990609812,14530200
2021-06-23,120.59191131591797,120.78550120599493,120.12055531738919,120.45723450391327,12040900
2021-06-24,120.78551483154297,121.12219405604708,120.64242551895425,120.71817641794432,8788400
2021-06-25,119.53136444091797,120.70134211885333,118.99266995992953,120.58350310249615,15562200
2021-06-28,120.7602310180664,121.03799708076578,120.1121102051012,120.12894801470026,11460700
2021-06-29,120.96231079101562,120.97072327856424,120.39835303794749,120.4488664937165,11217900
2021-06-30,121.50090789794922,121.98908865388462,121.26523000077968,121.4167317160392,15708900
2021-07-01,121.5076904296875,121.62568309607994,120.96829354614545,121.34755476953286,10810000
2021-07-02,122.24093627929688,122.24093627929688,121.45713056581951,121.55826346814258,9650200
2021-07-06,123.67378234863281,123.88448457317783,122.81411367162103,122.81411367162103,20037200
2021-07-07,124.76937866210938,125.20764273208398,124.07828230199421,124.37327045414295,20964400
2021-07-08,125.25822448730469,125.94933379206033,124.87896314553787,125.4773629791736,17487800
2021-07-09,123.49675750732422,123.88445516696703,123.46305081790491,123.78330937822882,14483600
2021-07-12,123.33654022216797,124.0866389529731,123.19326438147841,123.96864632768572,10610400
2021-07-13,122.39261627197266,124.28051139982956,121.90378593903917,123.74111462904665,23340200
2021-07-14,123.78330993652344,123.82545294366774,122.88993477012082,123.05849393845789,16038600
2021-07-15,125.14863586425781,125.24134531149645,123.91812982456648,124.693512083182,18462400
2021-07-16,124.91270446777344,125.02226087256373,124.16260511078276,124.17945202829367,12787900
2021-07-19,127.65174865722656,128.06471648682066,126.94377992320237,127.22190820081298,40203900
2021-07-20,126.42120361328125,128.70521901706235,126.21892505781726,128.55350688540688,25674800
2021-07-21,124.81990814208984,125.1570263011646,123.61468564594244,124.88732148571806,19988900
2021-07-22,125.99983215332031,126.26110065064977,124.78618622745036,124.82832921158841,18136900
2021-07-23,125.15708923339844,125.29194170892903,124.64297542314794,124.68511842928125,12639300
2021-07-26,124.78626251220703,125.62907126926393,124.63456310885249,125.57850480147908,10737700
2021-07-27,126.1178207397461,126.1599637225298,125.57000054425619,125.85655225081298,13036500
2021-07-28,126.12628936767578,126.14314913887459,124.9632223597054,125.30034062225734,14346700
2021-07-29,125.42677307128906,125.76389134312832,125.18235139300353,125.3930535279625,11532000
2021-07-30,126.0167007446289,126.18525983275299,125.62900326773284,125.68800602170502,14342100
2021-08-02,127.14070892333984,127.6132548014855,125.88338923791626,126.1112284562756,21232700
2021-08-03,127.2082290649414,127.61326658705737,126.90444770437676,127.2082290649414,13361900
2021-08-04,127.46981811523438,128.1111414844635,126.33908137336634,127.84110788143842,18267900
2021-08-05,126.81996154785156,127.35158173936442,126.57525505347785,127.21656504375785,15345400
2021-08-06,124.70197296142578,125.528927906123,124.62603087868814,125.15765120965987,21144300
2021-08-09,124.25482177734375,125.36024461722029,124.23794145605737,125.01426884836827,12942400
2021-08-10,123.68097686767578,124.52481237758394,123.67253027199554,124.45730399168232,13716900
2021-08-11,123.60503387451172,124.23791056832538,122.95528973951772,123.54597207856195,17227600
2021-08-12,123.40251922607422,123.57128376603293,122.71900159399152,123.2759361641734,14709400
2021-08-13,125.35179138183594,125.36022510321006,123.88351268037839,123.90039299903711,18653800
2021-08-16,125.65557861328125,126.59223676602234,125.57118989195243,125.89185158190863,19170900
2021-08-17,125.6048355102539,126.12800905085382,125.45293852614144,125.63014952828942,14126900
2021-08-18,126.02687072753906,126.12812689428635,125.26741084920046,125.486816378368,13144000
2021-08-19,126.95503234863281,126.96347894314594,126.41497821194928,126.83689590860536,15474300
2021-08-20,127.03936767578125,127.25876015056095,126.66807819853805,127.07311541193934,12388400
2021-08-23,126.95503234863281,126.99722669347967,126.50780062024987,126.74407350030476,10615000
2021-08-24,125.96775817871094,126.63439541182723,125.96775817871094,126.37279559985166,13835900
2021-08-25,124.92144012451172,126.04374322933869,124.53328288579675,125.90873929356191,16743800
2021-08-26,125.26737213134766,125.36864114270588,124.47416473456296,124.86233471363686,16657400
2021-08-27,126.11968994140625,126.14500398244458,125.16615147592614,125.36867668014372,15384700
2021-08-30,126.44873046875,126.49091193489866,125.67239062748999,125.72303156349814,10596300
2021-08-31,125.58806610107422,126.65129442509944,125.30959878089628,126.2968849837577,15262400
2021-09-01,125.79839324951172,126.22084738936397,125.4604350945408,126.11946252132813,10807100
2021-09-02,126.34764099121094,126.35609832925009,125.68016879258117,126.09417869570824,9765900
2021-09-03,125.1985092163086,125.47733051020013,124.9957394696805,125.27456076357203,12928000
2021-09-07,124.14237213134766,124.64087783370923,123.91425616947873,124.42119342146516,15547800
2021-09-08,124.98727416992188,125.20695857113897,124.53102937680733,124.75915821950314,14533700
2021-09-09,126.49968719482422,126.643320076336,124.91971260591568,125.19007659103221,20324600
2021-09-10,125.38438415527344,126.03496714361769,125.18161441822494,125.80683829716085,14894600
2021-09-13,126.14485168457031,126.30538637513284,125.84912852908339,125.92516720599777,15036100
2021-09-14,127.67413330078125,128.0627969118481,126.38142423249342,126.50815535986222,19918400
2021-09-15,127.22634887695312,127.79243613789494,126.67715050694103,127.75864546375232,11940300
2021-09-16,126.64334106445312,127.11648778602918,126.31382724819257,126.45746015350808,13328900
2021-09-17,126.03501892089844,126.19555362353034,125.63791083300349,126.04346336598549,13782900
2021-09-20,127.59806060791016,127.8937707903643,126.93057580229564,127.21785443488166,14660400
2021-09-21,127.48817443847656,127.54732418993838,126.90518582446104,127.33609717861529,10035800
2021-09-22,128.24864196777344,128.24864196777344,127.10802334887187,127.40373355720374,22277800
2021-09-23,125.35059356689453,127.11644878682871,125.33369179137192,127.09110256968341,23853300
2021-09-24,124.12549591064453,124.91971186795351,123.98186302998128,124.91125453291042,20203900
2021-09-27,123.66925811767578,124.09171238509126,123.25526118666853,123.40733853464317,13464300
2021-09-28,121.74288177490234,122.57090151727829,121.362675468696,121.94566448794427,26613500
2021-09-29,121.95404815673828,122.87499501314946,121.40486297616036,122.34271160663927,23569400
2021-09-30,121.93716430664062,122.09768604394144,121.37106443635888,121.7512834610537,22567600
2021-10-01,122.96336364746094,123.00565237746878,121.99047759297333,122.54037307820052,26151800
2021-10-04,122.65037536621094,123.0564557179009,121.90592053874853,122.38812320698487,28027600
2021-10-05,121.4659423828125,122.41343688509983,121.36442880289441,122.32884653804958,22659200
2021-10-06,122.15126037597656,122.43043580197632,121.84670653930887,122.01590024664594,18696500
2021-10-07,120.8738021850586,121.2629463217314,120.6284603996939,121.13605430078357,14856000
2021-10-08,120.02783203125,120.4254442784418,119.73173341018367,120.34929615019739,17257800
2021-10-11,119.72325134277344,120.04471538948883,119.66402646840768,119.79093138119968,7213400
2021-10-12,121.77053833007812,121.82975030271706,120.53540007457124,120.66230500219567,17968700
2021-10-13,122.95491027832031,123.1156487792451,122.31196918327043,122.33734758776916,23584600
2021-10-14,123.4117431640625,123.47942320996533,122.62497392550968,122.98028448501297,12946400
2021-10-15,122.69265747070312,122.78571592289252,122.21891004452041,122.66727906634685,11811500
2021-10-18,123.26789855957031,123.51322737249235,122.26117909300024,122.66724636309172,12115900
2021-10-19,121.56749725341797,122.43885686672607,121.52519561120276,122.37964489454384,12156300
2021-10-20,120.74691772460938,121.55059744703436,120.56080078990236,121.18683165288515,12782500
2021-10-21,120.60308074951172,121.10220657161545,120.32390539766159,120.97531455197857,13660000
2021-10-22,121.93125915527344,122.15966475632693,121.15295809817395,121.35598529911039,13740000
2021-10-25,121.74515533447266,122.07508748001398,121.50828163555317,121.54211520312091,8137900
2021-10-26,122.75186920166016,122.75186920166016,121.6013343290637,122.34578895816882,13671000
2021-10-27,124.98527526855469,125.35749617751215,123.45403835364426,123.85165057621084,22092300
2021-10-28,124.56221771240234,125.4843336868707,124.2238176470177,125.02749682576206,17497600
2021-10-29,124.9429702758789,125.20522239253344,123.78398011828332,123.91087213968095,19087300
2021-11-01,124.04332733154297,124.31437950208273,123.4164989917086,123.50121006536828,18035500
2021-11-02,124.59396362304688,125.00056143974572,124.09420168075944,124.09420168075944,9836700
2021-11-03,123.3064193725586,125.34782231129003,123.27252976501303,125.21230265640246,20639400
2021-11-04,124.60246276855469,124.82269359461772,123.54363834980458,123.56057023443059,15922400
2021-11-05,126.46601867675781,126.70319436415383,125.47496035618755,125.80531312971097,21513000
2021-11-08,126.22882843017578,126.44905927875486,125.79681975109209,126.17800692089631,12083800
2021-11-09,127.87210083007812,128.55821691962586,127.60103560081893,127.73656821544853,23430200
2021-11-10,125.53414916992188,127.84661676743353,124.54309162813115,127.76191861712309,28170600
2021-11-11,125.34786987304688,125.92387709399651,125.27163761479127,125.79681040513404,5552500
2021-11-12,124.7973403930664,125.79686490124949,124.31451003140904,125.36486899222085,12712000
2021-11-15,123.23023986816406,124.48389751326262,123.01000900218438,124.42459713101513,15232700
2021-11-16,122.91678619384766,123.99255521711798,122.69655540979481,123.40808218144277,12998700
2021-11-17,123.89090728759766,123.91631803642984,122.3662106572619,122.45938771134696,14239900
2021-11-18,124.35677337646484,124.43300561120287,123.6283018637368,123.66219147368645,11054600
2021-11-19,125.66971588134766,125.87301476252726,125.0090106738876,125.0090106738876,14022100
2021-11-22,124.19584655761719,125.0598507748416,123.78079571878358,124.8565518634062,15266000
2021-11-23,122.40007019042969,123.76383619536855,122.40007019042969,123.61135879864716,15318500
2021-11-24,124.36530303955078,124.36530303955078,122.64576007247007,122.77282677403404,13769700
2021-11-26,127.50786590576172,127.63491966112416,125.93233471375616,126.06786733621094,20064800
2021-11-29,126.48291778564453,126.75397007682156,125.50879170538417,125.62737950623054,23234200
2021-11-30,128.40576171875,128.8123596330045,127.27070495627304,127.76200107550271,31481100
2021-12-01,129.19789123535156,129.25726368433095,127.03526142800872,127.62893415455157,30826500
2021-12-02,129.35894775390625,129.74907418766892,127.85782737078235,129.69817800350503,17754200
2021-12-03,130.9025115966797,131.55553065599804,128.3582451939517,128.6381031103406,34427100
2021-12-06,129.1045379638672,130.90249479071312,128.85010876809775,130.6480655949437,30924200
2021-12-07,128.0614471435547,129.3590223608039,127.94271519363686,128.67207229764983,22115900
2021-12-08,125.847900390625,127.62040293142613,125.822458761106,127.61192670185596,33633900
2021-12-09,126.55184173583984,127.07765277528124,125.92425121654988,126.65360827487723,17544900
2021-12-10,126.24652862548828,127.41689558254167,126.2041215874712,127.1455008918813,14298700
2021-12-13,128.11231994628906,128.32434219244428,127.47625320782346,127.54410187949044,17860500
2021-12-14,127.80695343017578,128.00201019085256,126.62811075692883,127.52708263052364,14015500
2021-12-15,126.57726287841797,127.88331403426274,126.47549635585604,126.88257538691285,25383900
2021-12-16,126.62651062011719,127.25480828554944,126.27839922621314,126.2953837456552,18677900
2021-12-17,128.06143188476562,128.1887834257361,127.4925734094378,127.64539525860236,18093500
2021-12-20,127.1019287109375,128.2226734019262,127.01703205444272,127.99342781415343,17147300
2021-12-21,126.61799621582031,126.67742258734548,125.33593087330256,125.7774375912458,16598200
2021-12-22,127.20388793945312,127.23784402835224,126.52464956292042,127.12746406748977,12253900
2021-12-23,126.10009765625,127.01706730644666,125.68406117118006,127.00856856966698,11642500
2021-12-27,126.40576171875,126.51612870492218,125.93029882492218,126.04916454837912,7821800
2021-12-28,125.90476989746094,127.16985053173404,125.66703853678227,127.01702878074954,9174600
2021-12-29,124.52937316894531,125.07276120887441,124.3086262311404,124.73314854219103,11771200
2021-12-30,125.57369995117188,125.63313929592252,124.34258778604143,125.02182610468375,10355000
2021-12-31,125.81990051269531,126.53309474930528,125.17461843209462,125.49725947239496,13402300
2022-01-03,122.51712036132812,124.7585972576202,122.50013584431491,124.3086047221995,33860400
2022-01-04,122.00774383544922,122.3728398621886,121.19266802457373,121.93133290731647,21996400
2022-01-05,121.34544372558594,122.3982636158597,121.16715162775849,122.38127909760279,20911700
2022-01-06,121.65959167480469,121.78695613452383,120.81054709824542,121.06526306229162,18996400
2022-01-07,120.78502655029297,121.61709921705757,120.19069818502304,121.52370383427325,18756800
2022-01-10,121.08226776123047,121.25207411376428,120.02096186365128,120.26717913151617,13775800
2022-01-11,121.88884735107422,121.94828669490448,121.15866843703385,121.3115032101737,24388700
2022-01-12,121.42180633544922,122.27085053515125,121.41332055739129,122.17745515496857,14440600
2022-01-13,122.50017547607422,122.61904122284145,121.43886953872578,121.74452616689791,15166000
2022-01-14,120.64920806884766,121.80390891025745,120.38599343618127,121.76993988102817,22997500
2022-01-18,118.95115661621094,119.97849335287695,118.88323149186556,119.68133550868279,21171700
2022-01-19,119.77471923828125,120.31810722458536,119.12943709771345,119.31622793257344,17930500
2022-01-20,120.51341247558594,120.55586730366737,119.79171926438545,120.02945075516793,13959000
2022-01-21,121.94828796386719,122.34733998821571,121.13319939455717,121.7529983653012,28916600
2022-01-24,120.94639587402344,122.576559886614,120.92941135518831,122.51713350377895,25001600
2022-01-25,120.75109100341797,122.01617177515442,120.3944939236522,121.50673997240968,15599000
2022-01-26,119.29074096679688,121.04826913414742,119.28225518654024,120.78505448151539,23655500
2022-01-27,121.4813461303711,121.72756345157144,120.84456245388387,120.91248760069014,21501800
2022-01-28,121.52374267578125,121.80392891368756,120.43696675896392,120.64072914624789,12826500
2022-01-31,120.89546966552734,121.37093260637951,120.5303866771564,120.71716458501105,13998400
2022-02-01,120.4941635131836,121.03830823827812,119.93301061665166,120.9702885259621,20806100
2022-02-02,120.9022445678711,122.0670640692184,120.67267970652075,120.68968787454733,18404600
2022-02-03,119.95846557617188,120.29005342486549,119.18475627141076,119.40582348615857,17234100
2022-02-04,118.19005584716797,119.1508165513245,117.99450726104732,118.90425641868845,23609800
2022-02-07,118.26654815673828,118.44508851220039,117.79892084147662,118.10500299569964,12962400
2022-02-08,117.47586059570312,117.82445677209444,117.17828893593806,117.50987694012062,16269200
2022-02-09,117.69691467285156,118.49613011019962,117.49286850054764,117.94348776229765,14349100
2022-02-10,115.82638549804688,117.1867534754171,115.49479758740956,117.04221648600398,30896200
2022-02-11,117.54387664794922,117.76493098603724,115.08672126444482,116.37055929736059,43210300
2022-02-14,116.08147430419922,117.11025453213094,115.60534932954513,116.59161561900433,23157400
2022-02-15,114.76361846923828,115.49481409120972,114.7296151029888,115.29076794684808,18198500
2022-02-16,115.44380950927734,115.69038257981069,114.36401769439995,115.58834652805099,16473700
2022-02-17,116.30255126953125,116.96574029729648,115.54584972172195,116.01347718911761,24508200
2022-02-18,117.52685546875,117.64588671045932,116.61711947284986,116.92320166202134,17522600
2022-02-22,117.8329849243164,117.90100465735401,116.88073460866515,117.06778563115915,19534000
2022-02-23,116.20899963378906,117.20377646493536,116.11548713478149,117.05922648381127,17757800
2022-02-24,116.28553771972656,118.49611989418564,115.84341609546154,118.2665679701343,28150400
2022-02-25,116.37055206298828,116.74465397606038,115.78389342416459,116.36205446439409,15025400
2022-02-28,118.92118835449219,119.06572531720622,117.60334752579718,117.69685999570497,25817700
2022-03-01,120.296142578125,121.1730348451705,119.18938143807766,119.4958689385429,35664400
2022-03-02,116.18412780761719,119.54696906334546,116.13304871365186,119.05318283732404,30397400
2022-03-03,117.36749267578125,118.08262588047137,116.65235947109115,117.05249630979895,20649100
2022-03-04,119.39370727539062,119.88749340006038,118.60194250959923,119.4958654423529,25853100
2022-03-07,118.48278045654297,119.73427024741001,118.14224449588583,118.44021021380728,23710900
2022-03-08,117.29087829589844,117.69952400044524,116.84817120478199,117.06951825503386,28331300
2022-03-09,116.14154815673828,116.92479117885259,115.89466155903568,116.69493527463003,18819200
2022-03-10,114.4729232788086,115.07737659806746,113.84291741970483,114.78791971305293,26868900
2022-03-11,114.85602569580078,115.31575055729412,114.26008124919288,114.36223944272147,15583800
2022-03-14,112.17423248291016,113.13626523728202,112.14018408913775,112.97450613798637,24385000
2022-03-15,111.97842407226562,113.35761134445448,111.6889672604305,113.11072476744494,17518800
2022-03-16,113.07669830322266,113.34061562346699,110.94831605529825,112.23385425642344,25857700
2022-03-17,112.23383331298828,113.5193712742252,111.58680990697844,113.07667720250831,19330600
2022-03-18,113.60452270507812,113.68965019295439,112.86384990655031,112.86384990655031,55891700
2022-03-21,110.97383880615234,112.09761770784311,110.4630219477214,111.76559064704671,26122000
2022-03-22,109.55206298828125,110.11395890745557,109.26260617801995,109.790453703886,21830900
2022-03-23,111.95289611816406,112.03803659662844,109.70532518720339,110.13951044990026,21266100
2022-03-24,111.07600402832031,111.68045725884436,110.33533122815784,110.37788847688333,17141600
2022-03-25,109.53507232666016,110.2672363743406,108.67520403897825,110.25020567817643,25684500
2022-03-28,110.47152709960938,111.15261189117336,109.85855208626297,110.15653074213843,17657800
2022-03-29,111.30584716796875,111.99544071757263,110.45449454068292,111.15259693994001,19319700
2022-03-30,112.17423248291016,112.38707066817034,110.66734748450857,110.73545726266526,16310200
2022-03-31,112.44670867919922,112.94900384431773,112.08914196891405,112.36156818077201,19901000
2022-04-01,112.87474822998047,113.36929089683699,110.59815539134898,110.85394210652089,23489700
2022-04-04,112.09028625488281,112.53365849294102,111.45079355445915,112.49102304414365,13609900
2022-04-05,109.55790710449219,111.51048598990128,109.38736528909115,111.49342920625841,25196900
2022-04-06,108.67112731933594,109.39589094200493,107.77584141144614,107.80142007949208,22952000
2022-04-07,107.85257720947266,108.00605572271137,106.93171263529672,107.52856990608264,23458800
2022-04-08,106.68445587158203,107.28984161593581,105.95117026456033,106.96582776314278,26859200
2022-04-11,104.99617004394531,105.89146239018103,104.5016274811626,105.66124138446058,30020700
2022-04-12,104.85122680664062,105.8658906648641,104.59542711801505,105.77209787938513,23124200
2022-04-13,105.06438446044922,105.98525547547769,104.78300612164786,104.91943434843247,17189500
2022-04-14,102.95832824707031,104.81712068598544,102.64284282897582,104.75743495880609,34274500
2022-04-18,102.44673156738281,103.23970277347478,102.05451015972797,103.06064559858383,18784300
2022-04-19,101.6793212890625,102.08007101758346,101.18477879406834,101.59405691188368,26012300
2022-04-20,103.7257080078125,103.99855794198093,102.25060878214045,102.50640844147266,31423200
2022-04-21,102.95832824707031,103.09475648362675,101.61112868472911,103.02654236534853,23323200
2022-04-22,102.31031799316406,103.54667462347241,102.15683946337603,102.37853211868254,19773400
2022-04-25,103.33350372314453,104.1861607215888,103.28233987966335,103.49550412927442,25418900
2022-04-26,104.37372589111328,104.90236896340483,103.81949764945618,104.39930455522348,26931300
2022-04-27,103.03504943847656,104.29698442417755,102.97536371987786,104.18614137685294,14560500
2022-04-28,103.18854522705078,103.23118067830616,102.32736635794953,102.65137366961824,16892500
2022-04-29,101.84988403320312,103.14592641776008,101.55998375299735,101.73051256426461,26153400
2022-05-02,100.08442687988281,101.01540194810984,99.87089977069347,100.66522087753104,29233900
2022-05-03,100.75914764404297,101.90364952973341,100.69081742260005,101.67304317777425,21256700
2022-05-04,101.31434631347656,101.61328296661463,100.22962493680798,100.75917451974567,25575700
2022-05-05,98.53852081298828,99.47803905825111,97.38546888127307,99.37554367071381,48384500
2022-05-06,97.0865249633789,98.25665611494492,96.77904533984815,97.48795705611803,32790500
2022-05-09,97.94060516357422,97.97477028031271,96.18968691595197,96.39467110005322,26773000
2022-05-10,98.828857421875,99.89649265439417,98.63241618823534,98.9825971560109,33640800
2022-05-11,100.7335433959961,100.7335433959961,97.74416409645653,98.00039269804779,34173600
2022-05-12,100.5456314086914,101.54493656859427,100.49438699525925,100.8018599921815,26405700
2022-05-13,99.05947875976562,100.05878385901552,98.9911485351172,99.91358701888427,20782700
2022-05-16,98.95698547363281,99.87942397651702,98.9484425662925,99.25592206725389,11050600
2022-05-17,97.7612533569336,98.52140936352875,97.67584381436804,97.97478047151269,15040800
2022-05-18,99.84526824951172,99.93067778195686,97.88935932976855,97.9833117703571,21337300
2022-05-19,100.08442687988281,101.39975465444881,99.80256953183363,101.33142441558896,21937500
2022-05-20,101.22038269042969,101.65597325849507,99.98192166937133,100.0075438773364,22780900
2022-05-23,99.55488586425781,100.99833133172996,99.53780656123926,100.53711195425961,15925200
2022-05-24,101.51934051513672,102.18554412669833,100.6652319841437,100.69939710734315,23388200
2022-05-25,101.9207763671875,102.1684686323698,101.28873133893009,102.1599257221687,14410800
2022-05-26,101.45954132080078,101.71576994035406,100.61397579851364,101.65598261082528,14912900
2022-05-27,101.70723724365234,102.27094544021782,101.41683697800978,101.94638657045772,11190400
2022-05-31,99.55488586425781,100.12714351850651,99.01679984870782,100.08443548646395,28393700
2022-06-01,99.44109344482422,100.39939268709053,98.98761162083406,100.13415007938096,15544800
2022-06-02,99.4924087524414,99.86032900162738,98.7907941525894,99.79187720458751,9832000
2022-06-03,99.27849578857422,99.30416357893378,98.28597090311165,98.47420354172253,15330400
2022-06-06,97.44744873046875,98.83356810387109,97.37899694039214,98.52554157644835,20815400
2022-06-07,98.49990844726562,99.06461959430302,98.03786849354904,98.06353629187925,14278700
2022-06-08,97.62713623046875,98.5084318701566,97.61002654578073,98.123401949413,11476100
2022-06-09,97.95230865478516,98.14909946394462,97.26780355736453,97.40470066009402,15527300
2022-06-10,97.34477996826172,98.06351077410308,96.6602815885185,97.84960380644783,21917100
2022-06-13,94.29019165039062,95.54796570361047,93.46878965251543,95.3939524210137,36968300
2022-06-14,93.10088348388672,94.95760126280041,92.91264427357,94.57256473408245,21865900
2022-06-15,94.83779907226562,94.96614457065837,93.28911456798326,94.1960781082251,25202800
2022-06-16,95.59075164794922,95.59075164794922,92.51049246147747,92.79284471202787,26067300
2022-06-17,95.89877319335938,96.54049409557203,94.94046762933635,95.8388795036031,21614300
2022-06-21,94.27310180664062,94.99182625808218,93.95651706802518,94.19609188517236,17663800
2022-06-22,96.86563873291016,96.95120022170434,96.1554659728644,96.42071507442648,23703800
2022-06-23,97.66138458251953,98.54268042483895,97.10522504740881,97.45603567943634,20669200
2022-06-24,96.30949401855469,97.68705574133108,96.25815842299815,97.0795605915235,18161300
2022-06-27,95.48809051513672,96.0185822641934,95.11161860644482,95.1629542012837,12053000
2022-06-28,95.93299102783203,95.9843266067588,94.86345628071086,95.22281838904229,13706600
2022-06-29,97.43035888671875,97.45602668124373,95.97578742704447,96.15546851664264,12925400
2022-06-30,98.2859878540039,99.05604780928822,98.18331014693509,98.277429746434,25802100
2022-07-01,99.29503631591797,100.81249341672459,98.78064441094189,99.36362364747423,21858800
2022-07-05,100.07525634765625,100.94972240259581,99.59515130925769,100.21242454373336,16689700
2022-07-06,98.39485168457031,100.76963749555243,98.39485168457031,100.64103787611343,20205400
2022-07-07,97.52894592285156,98.73776645945286,97.31461543741861,98.67775418516551,13088000
2022-07-08,96.44873809814453,97.30606021457248,96.06294576209142,97.30606021457248,15320000
2022-07-11,98.1119384765625,98.41199988889461,97.47751544380519,97.55467783031814,13639900
2022-07-12,98.69493865966797,99.6465668696846,98.56633901545092,99.02929381012251,18547300
2022-07-13,99.82659149169922,100.00662835514596,97.2631935986579,97.53753642022183,20594800
2022-07-14,99.01211547851562,99.586526186833,98.13764992064006,98.66061686142517,15665000
2022-07-15,99.56937408447266,100.15235329163147,99.10641943106586,99.31217487451968,16022600
2022-07-18,98.53203582763672,98.86639094580916,97.88904420948217,98.80637865641536,15838300
2022-07-19,98.00050354003906,98.7206576256638,97.4432493145653,98.51490211870659,9276800
2022-07-20,98.25769805908203,99.06358302174343,97.77759971920682,99.00357072925902,9117300
2022-07-21,99.9552001953125,100.06665627641772,98.60063598144394,98.75495425148591,14754900
2022-07-22,101.6355209350586,102.25278725170816,101.13827262864737,101.41261539410745,17715300
2022-07-25,100.64105987548828,100.7696595230382,99.85232496376182,100.0580804753318,24868100
2022-07-26,100.71818542480469,102.22706734530965,100.64959809909608,101.90128735946486,13536000
2022-07-27,100.15237426757812,101.58410070208686,100.05806830690041,101.17258972899224,15725600
2022-07-28,100.94969177246094,101.95275720370827,100.58104295488506,101.20689105573695,16637900
2022-07-29,100.67536163330078,102.28712526155246,100.5896307083348,100.90683578479398,16655900
2022-08-01,103.09999084472656,103.15152156527424,101.41658626189084,101.56259433860033,17974600
2022-08-02,100.91839599609375,103.65822518426687,100.73803198957776,103.19442921633971,17896300
2022-08-03,102.50733947753906,102.62758216832094,99.9135244371563,100.63498058184753,16731200
2022-08-04,102.47295379638672,102.67908968034565,101.81161918870167,102.18952842322643,11003000
2022-08-05,100.03376007080078,100.58344277637777,99.53560807114204,100.54908678818737,19492300
2022-08-08,101.6484375,101.803036148133,100.96992157501262,101.03863354145702,17476300
2022-08-09,101.25335693359375,101.65703155913842,100.88403829242883,101.11593954880871,8223200
2022-08-10,100.59201049804688,102.12940621751115,100.25704788040902,101.11592773132315,14665300
2022-08-11,98.2472915649414,100.5404997997687,97.98962492053465,100.37731704086372,20663800
2022-08-12,99.24360656738281,99.26078128763152,98.2816584150631,98.85710655806221,12178400
2022-08-15,99.15767669677734,100.2742231300251,99.15767669677734,99.91349516336966,9031800
2022-08-16,99.56996154785156,99.64725760477927,98.11845220890885,98.98592286881555,11066000
2022-08-17,98.53071594238281,98.8570879876845,98.17857199244582,98.82273200090519,14131300
2022-08-18,98.67672729492188,99.32088732507555,98.41906066176654,98.74543927079459,10738200
2022-08-19,97.08778381347656,97.34544384953057,96.83011722468902,97.25097308989092,16330900
2022-08-22,96.76142883300781,97.01908891438234,96.30621690571688,96.93320222059083,10457200
2022-08-23,96.22892761230469,97.46571705860342,95.97126096008074,96.35776093841667,17813200
2022-08-24,95.524658203125,96.08293165133222,95.21546080266366,95.75655297710301,13971600
2022-08-25,96.85589599609375,97.13073733761455,95.32709062433841,95.61052260073829,21429700
2022-08-26,97.58594512939453,97.90372652643018,96.20314784527119,96.45222382437714,18764400
2022-08-29,96.77857208251953,97.0620039773331,96.30618559116358,97.0018826559544,14278300
2022-08-30,97.01908874511719,97.49147538924838,96.37492871370267,96.7270726761886,14346600
2022-08-31,96.09149932861328,97.34546343738603,95.83383924071292,96.78719663723447,13623500
2022-09-01,94.33224487304688,94.89169837633813,93.76418914092935,94.56463638309391,22490400
2022-09-02,94.86583709716797,95.158470347456,94.2203156216201,94.40106084678342,13024400
2022-09-06,92.51617431640625,93.79000677784578,92.45592588309006,93.72975834452959,24648500
2022-09-07,93.97936248779297,94.2289650205593,93.13587784028654,93.230554889494,17050100
2022-09-08,93.01537322998047,94.26337922335459,92.99816220727833,93.67810595268708,14671400
2022-09-09,93.22193145751953,93.64367699834864,92.63665823003288,93.23914904553769,12529800
2022-09-12,92.4559097290039,93.72113317416819,92.02556197576901,93.49735050384207,14806900
2022-09-13,92.67106628417969,92.73131469570792,91.44027167731618,91.71569392524304,22158900
2022-09-14,92.98953247070312,93.13584911377184,92.19769427300618,92.38704174643254,13077800
2022-09-15,92.9293212890625,93.11867540494248,92.59365047148889,92.82603543496775,10260200
2022-09-16,92.1546859741211,92.99817062779823,91.89647464410504,92.12025735901315,18903800
2022-09-19,92.36988067626953,92.80022861206403,91.92232171234213,92.06002963717042,11084400
2022-09-20,91.44892120361328,91.95672853174675,90.71733114730183,90.96693369669512,20133800
2022-09-21,92.98091888427734,92.98952767653897,91.20788854028254,91.83619247710705,23132900
2022-09-22,90.60543060302734,91.19931271867641,90.14066071822627,91.05299603025433,29030600
2022-09-23,90.97550964355469,91.60382023348838,89.99431732131278,90.6656587453114,23042200
2022-09-26,89.23689270019531,90.72589852078995,88.84097363362076,90.68286112735574,25104600
2022-09-27,86.88723754882812,88.63445552198019,86.84420669919413,88.40206398092307,34609500
2022-09-28,89.79637145996094,89.89965072697177,88.20408594987776,88.76353282374953,39283100
2022-09-29,89.33157348632812,89.71028155147822,88.47948690632496,88.5655551302451,19127100
2022-09-30,88.17826080322266,90.252540332597,87.98891328885185,89.74472651852251,26485700
2022-10-03,89.57937622070312,90.3127127492357,88.99270568142441,89.5966283326246,27192200
2022-10-04,89.32917022705078,90.28682362281538,89.12211199026085,89.85544845651647,13788700
2022-10-05,88.47505187988281,88.72524369140785,87.63818297913842,88.63034720767314,20522100
2022-10-06,87.9832763671875,88.72523555160285,87.59503479219819,88.50954798180732,13965700
2022-10-07,87.12914276123047,87.67267961176975,86.68051554361027,86.97384745854237,14814800
2022-10-10,85.7746353149414,86.71503658739815,85.23973432868878,86.70640724115655,15652600
2022-10-11,86.15425872802734,87.0515199678239,85.403663482033,86.05072630649809,33246700
2022-10-12,86.57696533203125,86.74088994620922,85.57617870685212,85.65382305108771,21447600
2022-10-13,85.74874114990234,86.60286199788146,84.84285081440883,84.86010950433418,30292500
2022-10-14,85.04129791259766,86.43895578637103,84.76521807630122,86.43895578637103,18728200
2022-10-17,84.62715148925781,85.98167542264878,84.49774424413445,85.66245552606954,18969900
2022-10-18,84.82560729980469,84.9463918124714,83.57462202621562,84.50638732646422,16931500
2022-10-19,83.28129577636719,84.0491431124017,83.10011898067779,83.85071420475947,25431600
2022-10-20,81.85774230957031,83.10873413608628,81.73695779973596,82.76363271559009,25434900
2022-10-21,80.3824462890625,81.03813837981839,79.59734691522412,80.2530324237174,46280300
2022-10-24,79.7181167602539,80.710280768918,79.24360153542194,80.08047025071026,31332600
2022-10-25,82.03890991210938,82.15970099071575,81.47812757147683,81.59891206782181,31213100
2022-10-26,83.22087860107422,83.41931403158306,82.62557889180896,82.62557889180896,24843900
2022-10-27,84.09230041503906,84.4632834291823,83.01386218581627,83.66955447221781,20270000
2022-10-28,83.51422119140625,84.23029884801508,83.17774914321636,83.56598409658574,22244100
2022-10-31,82.91893768310547,83.35894221004115,81.9871657139227,83.13462527325355,23956700
2022-11-01,83.69383239746094,84.25600167153522,83.209505194425,84.22140592868075,17585100
2022-11-02,83.3305892944336,84.43762670246856,82.99328904037492,83.81492310929647,25010500
2022-11-03,82.88087463378906,83.35655136110888,82.24086314119437,82.31005464284755,29097500
2022-11-04,81.48844146728516,82.73386232420505,81.48844146728516,82.24952832514401,23561400
2022-11-07,80.67545318603516,82.04195581707285,80.64085743099382,81.99006548374363,14522800
2022-11-08,81.55760192871094,82.12841520515529,81.09921327228646,81.12516502897962,20360600
2022-11-09,81.82573699951172,82.18033194008186,81.03005443184968,81.1424856864762,15637500
2022-11-10,84.973876953125,85.12955454888615,83.5814291795019,83.6592712766152,45380900
2022-11-11,84.66250610351562,85.07764848158776,84.35980155620483,84.38574671762228,15943100
2022-11-14,84.4549560546875,84.74901007748952,83.97062207821118,84.67982516524916,13741100
2022-11-15,85.82145690917969,85.88199783016911,84.8527955748834,84.97387741686225,26608200
2022-11-16,87.69822692871094,87.74146667062251,86.26253288855844,86.5046965583516,28507700
2022-11-17,86.77281951904297,86.98038745423445,86.29713612749407,86.66038166369559,24528900
2022-11-18,86.17606353759766,87.25715627226089,86.09822802796577,87.00634196600305,14941300
2022-11-21,86.53929138183594,87.19659747740677,86.3144288899937,87.08416623148565,15534000
2022-11-22,87.76741790771484,87.88849974188547,86.94578363473975,87.04957089194247,18103100
2022-11-23,89.2982406616211,89.2982406616211,88.28633966342124,88.33822999200636,23234600
2022-11-25,88.99551391601562,89.02145907384642,88.58902218076419,88.74469972621233,9486100
2022-11-28,89.24635314941406,89.7825708242886,88.81391613498484,89.60959865790298,14563200
2022-11-29,88.1998519897461,89.04742480082948,88.13931107466871,88.34687898372476,16576400
2022-11-30,88.84851837158203,88.84851837158203,87.67228907862321,87.88850760161614,21581700
2022-12-01,91.68682098388672,91.73016365831604,89.38077640504724,89.42412569364939,53156800
2022-12-02,92.83987426757812,92.84854545164572,90.68988361109892,91.28806964242865,24479500
2022-12-05,91.53946685791016,91.88624143591217,90.941287490386,91.75620014238955,20159700
2022-12-06,92.718505859375,93.0999585952868,92.05964136993269,92.32838855341112,21754500
2022-12-07,94.9031753540039,95.0852305263402,93.80216652212586,93.94955018807208,30546700
2022-12-08,94.64307403564453,94.88581421741017,94.03622358123043,94.23561446732054,13377300
2022-12-09,92.18099212646484,93.77614575211147,92.128971646203,93.57675485599276,25872200
2022-12-12,92.47574615478516,93.72413185385348,92.12030704635134,93.50739859299713,16897100
2022-12-13,93.36869812011719,94.56507010673414,93.16063601494797,94.53039198684343,23854700
2022-12-14,93.76749420166016,93.90620006854184,92.66648537934091,93.33402761962033,19517500
2022-12-15,94.1333236694336,94.82855027966087,93.99428232549153,94.19415550056556,20246200
2022-12-16,93.08185577392578,93.70755878392148,92.38662873389134,92.63864837014943,20838300
2022-12-19,91.51754760742188,91.97813244875367,91.23077274500861,91.96944692243731,26126800
2022-12-20,89.89250946044922,90.21404647501896,89.5970356676766,89.84036312632699,28869000
2022-12-21,90.1184310913086,90.72675622293653,89.47535058546138,90.63116236839748,15894100
2022-12-22,90.10104370117188,90.48341907814984,89.8403320113826,90.09235154346592,11322500
2022-12-23,88.78013610839844,89.34500048321163,88.65846577009385,89.14512723278769,15408900
2022-12-27,87.02470397949219,87.83290251905724,86.91173241402586,87.32886329434446,26475700
2022-12-28,86.51197052001953,87.5808740946913,86.33816047889496,87.46790254059168,17302900
2022-12-29,87.49400329589844,87.76340066708545,86.72056657266428,86.78139845100256,16593000
2022-12-30,86.52063751220703,87.38098211354885,86.35552629623305,86.79004136068596,20810200
2023-01-03,88.17179107666016,88.93653515981163,87.6329900404698,88.81487147908692,25313200
2023-01-04,89.37974548339844,89.92723869598461,88.82356674343764,89.7012890109463,21678200
2023-01-05,89.7534408569336,89.76213301565953,88.44989551537044,88.52811168355495,14771100
2023-01-06,91.40458679199219,91.50887279154922,89.19724952766977,89.24938921236152,27473700
2023-01-09,91.8912353515625,92.05635318221658,90.61376012111332,90.73543042750318,21472200
2023-01-10,90.37045288085938,91.09174957193747,89.94462991933267,90.83973000649424,20545200
2023-01-11,91.83912658691406,91.87388859613151,90.98747393652495,91.22211584119887,18794000
2023-01-12,93.64669036865234,93.69013789783841,90.86578992396441,91.96076976413039,32029600
2023-01-13,92.76899719238281,93.68148178405039,92.4474535506138,93.07315651288003,17750800
2023-01-17,92.16934204101562,92.69076547166465,91.81304310225809,91.83042078919836,13911700
2023-01-18,94.40276336669922,94.52442708378128,93.09053232814635,94.2550298002675,35497200
2023-01-19,93.81182098388672,94.176818759523,93.36862029161622,93.9421768587443,17194700
2023-01-20,92.29102325439453,93.19481564081337,92.21281370305978,92.95148819642668,22754100
2023-01-23,91.85648345947266,92.29099853095582,91.67398792507058,91.74351192774961,12961500
2023-01-24,93.17741394042969,93.37728716245404,91.58708717133241,92.22148209944747,16417200
2023-01-25,93.40335845947266,93.77704166925668,92.67336972470163,93.30776461765534,11906500
2023-01-26,92.96885681152344,93.55110547368542,92.54302722560692,93.10789820046647,15549400
2023-01-27,92.73422241210938,92.95147998686275,92.21280555873628,92.28232957389936,11845500
2023-01-30,92.39527893066406,93.12526765416811,92.28230740579339,92.51694261288583,11459700
2023-01-31,93.13397216796875,93.22956602779874,92.00423679842993,92.96886092567813,13705300
2023-02-01,94.25354766845703,94.61076323976738,92.72011778515309,93.70465253082976,25305800
2023-02-02,94.37550354003906,95.27290617773879,94.17510949750155,94.89826164821822,19548400
2023-02-03,92.96406555175781,93.32128774867395,92.42388496727338,93.02505389669093,20619500
2023-02-06,92.2757797241211,92.62428078546314,92.07538563134092,92.13637398179895,15182400
2023-02-07,91.53520202636719,92.55458827814516,91.48292819451311,91.77044756417439,18290300
2023-02-08,91.9708251953125,91.98825423555705,90.95144569963587,91.51776985742218,13530700
2023-02-09,91.0995864868164,92.89439927534258,90.95147283670126,92.76370802343907,20469900
2023-02-10,90.0801773071289,90.9950091248457,89.84493844821286,90.9601576925561,16598300
2023-02-13,90.83817291259766,90.97757198210938,90.24571191090436,90.35897407033454,13134300
2023-02-14,90.62908172607422,91.33481166983333,89.86237007857818,90.78590986388383,15440300
2023-02-15,89.7839584350586,90.56809246903019,89.30475950564782,90.21959140825687,15246900
2023-02-16,88.51189422607422,89.0607959640361,88.28536989180922,88.93010475751038,19267300
2023-02-17,89.20018005371094,89.20018005371094,87.97169887215881,88.08496102025859,19560900
2023-02-21,87.46637725830078,88.17210046249446,87.37053748399907,88.00656447279854,22728000
2023-02-22,88.26795196533203,88.59903728317823,87.95429568907338,87.98914712501676,15165400
2023-02-23,89.13050842285156,89.38316969617678,88.40735609648874,88.46834444646925,15829100
2023-02-24,87.97171783447266,88.69487011733771,87.61449562947985,88.38121386566687,21403600
2023-02-27,88.21566772460938,88.6077347000486,87.91944052489636,88.25051915643989,14209200
2023-02-28,88.6164321899414,88.62514670803206,87.37052199216468,87.62318983895629,14955700
2023-03-01,87.6644287109375,88.24087758586195,87.3063263314949,88.05746173185828,19000000
2023-03-02,86.8870849609375,87.03556349782856,86.3630320906718,86.52024661902969,23763600
2023-03-03,88.99202728271484,89.00076327629262,87.83912268404323,88.15355181673647,30877300
2023-03-06,88.30204010009766,89.38507019646941,88.20596415100864,89.28026491645333,16631900
2023-03-07,88.84354400634766,89.41126361385453,88.10987384770225,88.61645483062286,23096500
2023-03-08,88.930908203125,89.93533444981443,88.58154168293579,89.43748932421875,20252400
2023-03-09,89.14923858642578,89.54227165610297,88.50291502114824,88.69506689116302,21550400
2023-03-10,92.22364807128906,92.31099467622778,90.83492501242061,90.86112632845807,43921500
2023-03-13,92.43328094482422,95.28933795292771,91.743284012875,94.50326507706082,51502500
2023-03-14,90.91352844238281,92.24111953200433,90.61657131083689,91.8306144801294,38417800
2023-03-15,92.66908264160156,94.07527756864567,92.01402314131181,93.263003521742,45164100
2023-03-16,91.94416046142578,94.3547816011593,91.74327925355423,93.7870619611728,43089300
2023-03-17,93.32415008544922,94.09275756258842,92.98351964939357,93.14947020261415,38129000
2023-03-20,92.50313568115234,93.42021495280767,92.33718514759155,93.35034034250738,24242800
2023-03-21,91.70835876464844,92.07519060044017,91.30658961159864,91.77823339916455,18934900
2023-03-22,92.93113708496094,92.97480373329395,91.21924854178997,91.41140045256834,26388500
2023-03-23,92.93113708496094,93.06215035718364,91.55114305629056,92.02278683812519,25475100
2023-03-24,93.32415008544922,93.83073107472543,92.80883976655852,93.53376727757336,23652700
2023-03-27,91.13186645507812,92.37211739739821,91.12313712697552,91.75199525804278,22224500
2023-03-28,91.29783630371094,91.42884955268184,90.85239392265416,91.04454579933005,17794300
2023-03-29,91.11441802978516,91.22795928865496,90.48555978211441,90.57289972459968,16804400
2023-03-30,91.53366088867188,91.75201408099828,91.070746523507,91.23669708203046,14315800
2023-03-31,92.9049072265625,93.07085110103554,91.77820409330438,92.01402257998176,25396700
2023-04-03,93.34184265136719,93.77965617851291,92.55377696640404,92.71139010339667,18234800
2023-04-04,93.80590057373047,94.39257563127029,92.5975379445415,92.62380568075173,18052400
2023-04-05,94.78663635253906,94.89171401259982,94.05111277362818,94.36633239280084,23047700
2023-04-06,95.03182983398438,95.32954658995367,94.90924254638118,94.93551029650956,16447300
2023-04-10,93.49944305419922,94.35756038995538,93.3068040596109,94.25248275276992,19134400
2023-04-11,93.6921157836914,93.77091902957699,93.26306030157873,93.73589981840945,13971200
2023-04-12,93.59576416015625,93.84093863729952,92.71137907002932,93.73586767881153,20563000
2023-04-13,92.86026000976562,94.03359715986385,92.71139832015963,93.73588714166155,22079400
2023-04-14,92.01089477539062,92.42244057010757,91.73944583901094,92.28233703126588,19801900
2023-04-17,90.91636657714844,91.58183838646751,90.8112889164905,91.43298337758074,19528800
2023-04-18,91.24034118652344,91.58183522122802,90.89009569077847,90.89884715181887,15922600
2023-04-19,91.15277099609375,91.27535824384852,90.60988652189525,90.98640640585742,16093900
2023-04-20,91.93208312988281,92.1860157788633,91.72193450609026,91.79198627418921,16450100
2023-04-21,91.41547393798828,92.34363656036084,91.30163813527892,92.20353969307104,15244700
2023-04-24,92.29985809326172,92.36990318580516,91.80074422067183,91.90582188024413,17034300
2023-04-25,93.65704345703125,93.80589841246139,93.06161695480826,93.10540096781827,21899900
2023-04-26,92.65885162353516,93.90224039712662,92.52750623353515,93.50821090763063,19610400
2023-04-27,91.739501953125,92.17731575904534,91.59940500909492,92.11602209343684,20247600
2023-04-28,93.21929168701172,93.4819825777623,92.69391658601744,93.00038483822186,26954100
2023-05-01,90.53134155273438,92.54158940070288,90.27676797925024,92.40991249064338,32487300
2023-05-02,92.78736114501953,92.78736114501953,91.19847843934568,91.29504103777091,30057800
2023-05-03,93.30530548095703,93.57743283681178,92.41868814117267,93.05073192013319,23656200
2023-05-04,92.3835678100586,93.44574982012657,92.30456569153957,92.36601401617605,25110500
2023-05-05,92.07632446289062,92.08510470835004,91.39161265908557,91.60229166855675,15096500
2023-05-08,90.78589630126953,91.18092694953627,90.69811394522064,90.87367865731844,20587000
2023-05-09,90.46109008789062,90.97901061475022,90.41719556643717,90.85611399151696,19182500
2023-05-10,91.33895874023438,91.50574324562804,90.97904229161952,91.00537633471505,22886800
2023-05-11,92.30457305908203,92.62936850207147,91.92710283551045,92.43624996448898,19147200
2023-05-12,91.5320816040039,92.39236500408983,91.51452780690131,92.21680024359864,14198500
2023-05-15,90.58399200439453,90.82978526522395,90.52254368918717,90.7595567057401,20085300
2023-05-16,90.3118667602539,90.32942725050818,89.63593522748799,89.89050875725728,29251700
2023-05-17,90.04851531982422,90.55766235469434,89.84660987587075,90.4874337918093,21340900
2023-05-18,89.38139343261719,89.7676439869731,89.31994508963939,89.7149691948728,25536600
2023-05-19,88.74932098388672,89.4164789913522,88.60009029852462,88.889778121191,29038000
2023-05-22,88.43328857421875,89.2847914498073,88.37184025831876,88.88098727426963,20131100
2023-05-23,88.68787384033203,88.8809990580118,88.02949606953194,88.16117296316497,21749500
2023-05-24,88.24897003173828,88.97757649353521,88.24897003173828,88.90734791224646,18473400
2023-05-25,88.02947998046875,88.48595890198433,87.81002076364574,88.3981698573641,22492800
2023-05-26,88.74053955078125,88.81076811849347,87.78370043082043,87.88904328238876,17030300
2023-05-30,89.62714385986328,89.7500404869332,88.88098385340622,89.01266072451368,23125200
2023-05-31,90.40843200683594,90.57522318230262,89.4252588395331,89.53059499467847,23787000
2023-06-01,90.76315307617188,91.21203504144599,90.33186484498835,90.90397681571895,21040400
2023-06-02,89.76852416992188,90.71910925184423,89.72451970502524,90.65749762885834,19136500
2023-06-05,89.60133361816406,90.1646420376948,89.0820296817793,89.20525297885378,14433200
2023-06-06,90.12943267822266,90.19104432556782,89.24045886781467,89.63653278429551,14332100
2023-06-07,88.79158020019531,90.15584689357132,88.70356451049902,89.9270007282276,25251100
2023-06-08,89.83016204833984,89.90057727095123,88.72115251045396,88.78276415144762,23845100
2023-06-09,89.7069320678711,90.01499024983647,89.19643181480578,89.42527791362208,22147400
2023-06-12,89.97098541259766,90.04140062966718,89.00279968096822,89.9885858592827,19010300
2023-06-13,89.08203125,90.06782435911596,88.87079226774878,89.87418582739978,25910800
2023-06-14,89.79493713378906,90.03258678551676,89.30204410081896,89.45167138366146,29094200
2023-06-15,90.65751647949219,91.21202120166475,90.30544711129617,90.68392050695307,25732000
2023-06-16,90.3054428100586,90.50788486955753,89.80374616670355,90.16461909858641,16759100
2023-06-20,90.93035888671875,91.23842375321115,90.75432757600657,90.75432757600657,17162900
2023-06-21,91.1504135131836,91.22963231416152,90.07660491550803,90.49028593741565,19720100
2023-06-22,90.05020904541016,90.87757116418405,89.95338978831255,90.48149726890516,23630700
2023-06-23,90.94800567626953,91.4937070063578,90.63994739070891,91.38809085997528,22901900
2023-06-26,91.0448226928711,91.36168455448357,90.7983760705429,91.20325362367733,12894900
2023-06-27,90.8071517944336,91.49368342967796,90.44628552867205,91.17682164184744,18105700
2023-06-28,91.19439697265625,91.39683227384008,90.50786557705389,91.01836569204747,23826800
2023-06-29,89.54850769042969,90.07660842860763,89.29325754535789,89.9269811172375,41091600
2023-06-30,90.6047134399414,90.71032955563126,89.66293168910498,89.83015944400226,32024900
2023-07-03,90.09105682373047,91.13247015287159,90.07340198424508,90.7617925905107,16011800
2023-07-05,89.2349853515625,90.02045743166104,88.90843813099107,89.92337600752761,28170300
2023-07-06,87.97294616699219,88.5907310150684,87.78761071256933,88.4318710922274,41375700
2023-07-07,87.44339752197266,87.90232235371903,87.36396421005881,87.53165152038368,28996500
2023-07-10,87.55814361572266,87.84056050409043,87.24042377464019,87.24925119615631,24665200
2023-07-11,88.00824737548828,88.22888577876283,87.62874905252207,87.8758629868536,20485500
2023-07-12,88.98787689208984,89.24381823197776,88.0523655416911,88.34360983191003,31928000
2023-07-13,89.92337036132812,89.99397625323714,89.16437385667736,89.41148774501045,32441500
2023-07-14,89.39383697509766,89.9674980464056,89.34970661063232,89.77333521611537,18569000
2023-07-17,89.43793487548828,89.57031919744988,89.06726416067289,89.3408602216192,18822000
2023-07-18,89.84395599365234,90.08224249454526,89.64096571016259,89.84395599365234,15407400
2023-07-19,90.85889434814453,90.88537661330119,89.78218456568725,90.0204710852979,27192500
2023-07-20,89.75567626953125,90.29403437129989,89.38500546503913,90.21460779891498,56951200
2023-07-21,89.78217315673828,90.32935203347884,89.69391241746486,90.16167144222725,20657500
2023-07-24,89.45562744140625,90.15284554669665,89.40267638362569,90.01163374814962,17546700
2023-07-25,89.28795623779297,89.57920057487794,88.96141567804652,88.98789121171782,17160600
2023-07-26,89.3761978149414,89.74687543477141,89.07613283065221,89.73804801366013,19310700
2023-07-27,87.6375503540039,89.07610989059172,87.29335508614948,88.88194707624353,44794400
2023-07-28,88.08767700195312,88.13180737746754,87.50519509859242,87.72583350946465,27434000
2023-07-31,88.29948425292969,88.54659816646523,87.91998596190032,87.94646149072926,28663800
2023-08-01,86.85252380371094,87.54281178992517,86.64012905839283,87.47201129085006,34943400
2023-08-02,85.92327880859375,86.05602804554863,85.3214948712907,85.87903356421323,38121300
2023-08-03,83.94092559814453,84.35687012247516,83.66658208290849,84.24182436651662,59394800
2023-08-04,85.4277114868164,85.56046075893298,84.18872953357581,84.20643303754252,42071800
2023-08-07,84.58699035644531,85.13567752943031,84.5161898335087,85.05603200505874,35862900
2023-08-08,85.56928253173828,86.17107316950889,85.34803607302713,85.71972850320441,24010500
2023-08-09,86.01177978515625,86.10027702272079,85.70202932582073,85.73742957122784,20151100
2023-08-10,84.59579467773438,86.1622234228777,84.59579467773438,85.87902821922273,37253200
2023-08-11,84.401123046875,84.8436160772629,84.25067028509318,84.339174292697,26753500
2023-08-14,84.21527099609375,84.8967072452155,83.98517274557287,84.25951624494681,19072000
2023-08-15,83.70198059082031,84.2506676098577,83.68427708909857,83.89667859831394,24125000
2023-08-16,83.04707336425781,83.88781401786248,82.94087937779877,83.43646931969184,23076700
2023-08-17,82.69309997558594,82.84354598599862,82.32140069727929,82.7461969788121,32244900
2023-08-18,82.98512268066406,83.35682188029712,82.56918499024981,82.68423072352527,24181700
2023-08-21,81.87890625,82.09130776304889,81.6222662375711,82.0028105085657,29254100
2023-08-22,82.50724029541016,82.5514855402677,81.82579735591784,81.98509509159985,21308700
2023-08-23,84.55156707763672,84.56041882857147,83.39223752576753,83.45418627849548,38294700
2023-08-24,83.9940185546875,84.56040901443816,83.97631505487267,84.18870978930245,22300800
2023-08-25,84.26835632324219,84.52500303790754,83.64001716054,83.7727663925264,23865200
2023-08-28,84.35687255859375,84.65777133565541,83.97632827554715,84.64891958435443,16037300
2023-08-29,85.23299407958984,85.4099953194791,84.02056765790638,84.04711615591303,28478100
2023-08-30,85.14451599121094,85.31266551895887,84.85246894361981,85.10027073521462,17550100
2023-08-31,85.52505493164062,85.88790246832878,85.3392086635472,85.43655767329727,26959700
2023-09-01,84.19270324707031,85.05371564810093,83.98854971677717,85.03596581718146,32469700
2023-09-05,83.01213836669922,83.69562535881745,82.98551023467171,83.68674705742171,29435900
2023-09-06,83.21630096435547,83.5358521018314,82.95888439404655,83.51809549854944,23636300
2023-09-07,83.44708251953125,83.5003387806649,83.15415953897741,83.43820421862252,18091500
2023-09-08,83.7666244506836,84.23707276489952,83.58909231276152,83.77549597846074,17052100
2023-09-11,83.16304016113281,83.4204567173961,83.03877103357944,83.17191169012982,17061500
2023-09-12,83.64234161376953,83.65121314009079,83.06537411148584,83.34054041490957,20034300
2023-09-13,83.62464141845703,83.90868621193694,83.27846203803347,83.36722476621554,23332300
2023-09-14,83.02100372314453,83.62459945290557,82.90561291163091,83.3849395298669,27800600
2023-09-15,82.51506042480469,82.97663727921365,82.51506042480469,82.95888067672736,25642900
2023-09-18,82.98552703857422,83.02103347918724,82.39080939566844,82.41743753308795,17963400
2023-09-19,82.373046875,82.93225799116749,82.373046875,82.62158514885222,24941800
2023-09-20,82.63044738769531,83.08314591968839,82.58606942787438,82.80797954345695,29451200
2023-09-21,80.50899505615234,81.10371937060758,80.50012352662073,81.03270650139503,59958700
2023-09-22,81.15696716308594,81.31674271605253,80.48235852032035,80.60662764238779,29524500
2023-09-25,79.15977478027344,79.92314610112301,79.1331466505953,79.58584517160124,45587900
2023-09-26,78.88460540771484,79.55033571296187,78.74257969195922,79.38168186854178,38104100
2023-09-27,78.4762954711914,79.55033960352577,78.19224402578809,79.47932674217493,47111200
2023-09-28,78.7159652709961,78.76035000793865,77.31349155839563,77.77506844282213,60238000
2023-09-29,78.72483825683594,79.43494659484581,78.22775497085348,79.23966460094123,49010100
2023-10-02,77.40696716308594,78.29741887010701,77.21106670056412,78.1994686388461,44704300
2023-10-03,75.74185180664062,77.15767414756093,75.59047658339557,76.85491690746058,71362600
2023-10-04,76.81038665771484,76.85490517878762,76.01788497036195,76.37406031338095,56281600
2023-10-05,76.42750549316406,76.74806879315494,76.25831741994377,76.67683099457689,35758800
2023-10-06,75.50140380859375,76.30281173287754,74.85137104956145,74.97603374960474,62787900
2023-10-09,77.2734146118164,77.29122745419514,75.6438860082137,76.1336372694961,29424900
2023-10-10,77.16654968261719,77.62067517057658,76.1514284668772,76.44527916633858,54743900
2023-10-11,78.77827453613281,78.77827453613281,78.0035789978514,78.22619195549004,58517700
2023-10-12,76.64118194580078,78.52894210384063,76.5165192441348,78.40427940217465,66986700
2023-10-13,78.01246643066406,78.20836687268255,77.6206655466271,78.00356001231596,44183800
2023-10-16,76.75692749023438,76.90830942988718,76.48979607843668,76.74802786536586,38309800
2023-10-17,75.91100311279297,76.24937229387291,75.24316437573027,75.59043997551431,52949100
2023-10-18,75.24319458007812,75.43909510856594,74.66439941689404,75.13633789355487,63724600
2023-10-19,73.70270538330078,75.3055216209871,73.67599291160757,74.6911075976058,87696900
2023-10-20,74.12120056152344,74.38833879961905,73.70268715885719,73.8985876276463,52188800
2023-10-23,75.01165008544922,75.56373259088612,73.39102824634902,73.73830386946997,70890400
2023-10-24,76.00007629394531,76.00007629394531,74.87810487981476,75.18976851245793,46267700
2023-10-25,74.30818176269531,74.91368910989186,74.02323752834438,74.81573889243313,60737200
2023-10-26,75.44800567626953,75.52814310035781,74.26370281160251,74.33494060653211,49704100
2023-10-27,75.12742614746094,75.66169590668467,74.56643712570873,74.96714454033297,32362300
2023-10-30,74.78904724121094,75.2431795763674,74.12120836923135,74.6287656401915,45026900
2023-10-31,74.4239501953125,75.48358303428826,74.39723773291242,75.12740781081129,37269200
2023-11-01,76.0376205444336,76.05549454332814,75.07262911212466,75.0905031110192,72308500
2023-11-02,77.77104187011719,78.01228635554736,77.0383645961182,77.44937801158746,69739400
2023-11-03,78.29821014404297,79.56699841163402,78.25353877340353,79.35255129160115,77692300
2023-11-06,77.53874969482422,77.91402203121775,77.37791771966468,77.79786825574438,41341900
2023-11-07,78.68241882324219,79.07556505692156,78.26246840398183,78.28034240565867,37834200
2023-11-08,80.02267456054688,80.07628974323141,79.03087889255282,79.05768989236189,53893400
2023-11-09,78.18203735351562,79.54910503024502,77.50296860604679,79.46869249252336,88975100
2023-11-10,78.61986541748047,79.01301161098624,78.42329232072758,78.83431251408376,36516400
2023-11-13,78.4411849975586,78.57521276061449,77.64596223821152,77.93188495149434,25661500
2023-11-14,80.21925354003906,80.5498543925913,79.7814359481227,80.41582665145206,65666800
2023-11-15,79.09342956542969,79.64740771078472,78.90579345577736,79.53125397155252,56205300
2023-11-16,80.07628631591797,80.38007613141573,79.74568550175867,79.7903636825946,49473900
2023-11-17,80.4515609741211,80.80002898119727,80.09415596721556,80.55878452127281,44091400
2023-11-20,80.94298553466797,81.00553771548961,80.06735044023257,80.07628743991187,40477800
2023-11-21,80.9072494506836,81.13062671938572,80.31753018918202,80.86257127016987,27721000
2023-11-22,81.19317626953125,81.5952526471591,80.75535189210208,81.4165535497542,31197500
2023-11-24,80.23712158203125,80.64813495858071,80.2281845821033,80.50517022746773,20199600
2023-11-27,81.577392578125,81.6131269471753,80.60346400661633,80.68388337931502,39804400
2023-11-28,81.73821258544922,81.78288394871409,81.12168914676847,81.22891268908393,44989300
2023-11-29,82.76575469970703,82.82830007099778,82.00627324348109,82.30113291539496,61647800
2023-11-30,81.80970764160156,82.46197241661869,81.45230938251062,82.17604971918504,60520900
2023-12-01,83.35052490234375,83.41326833110638,81.68333455119863,81.84467577351978,64172200
2023-12-04,83.01885986328125,83.20709009485395,82.54379479671908,82.90233150193707,33766300
2023-12-05,84.80256652832031,84.81153182604399,83.87037388209309,83.92415199139825,73588600
2023-12-06,85.9319839477539,86.09332516911428,85.03564534875645,85.22387563392343,61606100
2023-12-07,85.43898010253906,86.1201992339194,85.2059301926027,85.31349326761631,47970200
2023-12-08,84.73983001708984,84.90117119665308,84.17513930787806,84.63226695120801,44809200
2023-12-11,84.5605697631836,84.65020908289259,83.83453777547653,84.26478325911181,33909700
2023-12-12,84.8115463256836,84.883248204176,84.16618154961444,84.39026616138736,36996900
2023-12-13,86.80140686035156,86.92690052704741,85.1700712555366,85.30452338244558,70828500
2023-12-14,89.05937194824219,89.05937194824219,87.60262289905671,87.8184421467115,87798600
2023-12-15,89.1583023071289,89.33814484971552,88.6457435141485,88.74465897073712,59941300
2023-12-18,88.44789123535156,88.57378235686237,88.14215075414562,88.57378235686237,34746000
2023-12-19,88.92447662353516,89.25719278080234,88.7176584435039,88.89750093575293,30018400
2023-12-20,89.52694702148438,89.6438508035404,88.64570929818053,89.12229802657657,51229400
2023-12-21,88.96044921875,89.77874150226228,88.79858822654789,89.68882025338367,65231200
2023-12-22,88.55580139160156,89.36509950323807,88.33998215865032,89.36509950323807,29244200
2023-12-26,88.80758666992188,88.906502106599,88.55580441676256,88.60975579656758,24019700
2023-12-27,90.3812026977539,90.39918419822,89.47298256185059,89.72476473167339,45082800
2023-12-28,89.72478485107422,90.43517433839651,89.52695399883876,90.00354276437812,36213000
2023-12-29,88.91549682617188,89.76077176971019,88.84356393396521,89.14030340812974,41616200
2024-01-02,88.4029541015625,88.70869467587535,88.1241960848346,88.33102119633037,47797400
2024-01-03,88.77161407470703,88.88851101421773,87.35982917516314,87.5666473651091,58159500
2024-01-04,87.42276763916016,87.80044097665811,87.287882344182,87.6026101254303,52604500
2024-01-05,86.58650207519531,87.83642609525944,86.51456232397739,86.77533877672813,45894800
2024-01-08,87.44076538085938,87.56665651673602,86.40665374139918,86.5325517378282,39485800
2024-01-09,86.88324737548828,87.3778177230167,86.85626482368663,86.90122888280385,34374000
2024-01-10,86.47860717773438,87.26993085480817,86.4336499709801,87.15302702402947,48227800
2024-01-11,86.96417236328125,87.07208198624289,86.0649460869236,86.47858935078187,78858900
2024-01-12,86.79332733154297,87.46774711772862,86.56852073614775,87.02712811170879,38883900
2024-01-16,85.2646255493164,86.13687603583637,84.98586763073628,85.98400923277958,61716700
2024-01-17,85.12974548339844,85.42649178560717,84.67114504604133,85.06679992176795,55506800
2024-01-18,84.33842468261719,85.0488141917655,84.08664244860033,84.94090457980771,77339100
2024-01-19,84.6081771850586,84.68011691680964,83.86182476493043,84.2664737500668,47030900
2024-01-22,85.11176300048828,85.49843054908047,84.87796226259375,85.26462981118596,35756400
2024-01-23,84.43733978271484,84.51826684595432,84.01470237988303,84.42834559994891,35786700
2024-01-24,83.94278717041016,85.01286883408503,83.71798055942322,84.98589313845513,54574900
2024-01-25,84.49129486083984,84.72509559914069,84.14059718366437,84.52726473292856,57019400
2024-01-26,84.32945251464844,84.59022899954392,84.06867602975295,84.46433784967067,29276900
2024-01-29,85.30059814453125,85.57935607201651,84.63517267542865,84.8060209887818,38243600
2024-01-30,86.07393646240234,86.18183922003793,85.19269173191859,85.85812408657944,40151400
2024-01-31,86.9192123413086,87.14401890309279,86.32571972513342,86.52355059719181,80646700
2024-02-01,88.62420654296875,89.01211815420763,87.6769853173562,87.88446892184169,84291200
2024-02-02,86.66661834716797,87.16278681524219,86.3238154218056,86.84703949049018,63823300
2024-02-05,84.91648864746094,85.56601565551335,84.81725497219604,85.36754830498354,53827400
2024-02-06,85.7464599609375,85.8366705330793,84.9886760131703,85.0157384965503,33411500
2024-02-07,85.33145904541016,85.90882171428218,85.26831097137126,85.31341968823784,40120200
2024-02-08,84.8353042602539,85.06985721772614,84.49250138596713,84.81725801903521,50087700
2024-02-09,84.6639175415039,84.80825997171611,84.49251950890927,84.58273008647896,27951300
2024-02-12,84.76314544677734,84.92552722835188,84.34817131222583,84.70902048046098,27890300
2024-02-13,83.31074523925781,83.95124934130371,83.29270587527652,83.77082817098498,49768500
2024-02-14,83.7347412109375,83.94223174782398,83.20249394923634,83.26564204609286,44191600
2024-02-15,84.16773223876953,84.54662068751858,83.89709369959223,84.40227829792431,49598500
2024-02-16,83.68061065673828,83.76179811187113,83.30171521824064,83.42801828615713,33116800
2024-02-20,83.75277709960938,84.06852445341751,83.6445271567047,83.70767525094112,24469300
2024-02-21,83.15737915039062,83.80690631789479,83.00402048101488,83.74375822564443,36343100
2024-02-22,83.5633316040039,83.68061155061645,83.2385680147516,83.29269986804431,45190700
2024-02-23,84.68195343017578,84.79922647841154,83.6715771901348,83.6715771901348,38406700
2024-02-26,84.42933654785156,84.82627121673694,84.06849435718152,84.79920874069904,27855000
2024-02-27,83.83394622802734,84.32109147247735,83.76177503271089,84.11360100659857,30242000
2024-02-28,84.36622619628906,84.43839741974021,83.8069164211094,83.96929823256114,34574200
2024-02-29,84.96160125732422,85.06985805783228,84.60075213825517,84.63683773842453,51038600
2024-03-01,85.49100494384766,85.52720393212878,84.16977294071616,84.55890343442448,45832800
2024-03-04,85.14712524414062,85.21047865720544,84.77609766516396,84.79419370871702,23864200
2024-03-05,86.3597640991211,86.58600260855982,85.943486070264,86.17877605327067,37721900
2024-03-06,86.86654663085938,87.02943865347731,86.34167847287023,86.41406955739313,40571600
2024-03-07,86.78508758544922,87.23756457296017,86.40500857296024,87.20136558544918,39075000
2024-03-08,86.63126373291016,86.92084878445775,86.40502519563073,86.6946102471783,25023200
2024-03-11,86.58599853515625,86.88463501058646,86.30546500601027,86.83938454912696,17787900
2024-03-12,85.86205291748047,86.16068946365577,85.69011631255599,86.0068489050513,29566000
2024-03-13,85.44575500488281,85.73534000865143,85.2557154934332,85.51815298188774,38270100
2024-03-14,84.1335678100586,84.83943076937975,84.03402232561581,84.82133472868585,58365600
2024-03-15,84.10641479492188,84.33265326217376,83.97067033372072,84.21500484048272,34997700
2024-03-18,83.8530502319336,84.15167983774454,83.70825426187217,83.9163967427725,29519500
2024-03-19,84.08833312988281,84.40506568333524,83.880197553722,84.02498661919232,26953100
2024-03-20,84.06116485595703,84.87562472391511,83.51819391206836,84.25120434110556,43460100
2024-03-21,84.2421646118164,84.54985256226752,83.91638752347274,84.4050566081138,34276600
2024-03-22,85.04759216308594,85.25572774657495,84.86659719456061,85.23763170184846,30262300
2024-03-25,84.62225341796875,84.83944045233636,84.43221389986567,84.80324146256653,24011800
2024-03-26,84.85752868652344,84.9480296047458,84.41410318508686,84.62224563104729,34423000
2024-03-27,85.69915771484375,85.69915771484375,85.01139751207052,85.05664107832398,50157800
2024-03-28,85.62676239013672,85.98873851925927,85.35527338904271,85.50911393434501,34540400
2024-04-01,84.03057861328125,84.71153951962197,83.94885970243224,84.70245810128485,48945400
2024-04-02,83.56752014160156,83.71278819411653,82.93195249645825,83.14078354787061,43086300
2024-04-03,83.54936218261719,83.57660643820309,82.66865854393512,82.85932677048028,45494400
2024-04-04,84.14861297607422,84.22125047172194,83.56752686507814,84.10321280952118,47957400
2024-04-05,82.97733306884766,83.69461252535493,82.9682516529932,83.24972012775596,42495900
2024-04-08,82.96826934814453,83.15893755920906,82.74128239300693,82.83208271673568,37879800
2024-04-09,83.74004364013672,83.85807438152344,83.38593756179012,83.41318181942694,32522000
2024-04-10,81.91504669189453,82.89563191935156,81.76069723769062,82.80483160314543,74368900
2024-04-11,81.54280090332031,82.11481252923961,81.27042068215711,82.06033094333262,65751200
2024-04-12,81.97864532470703,82.57788754569519,81.96956390295254,82.29642581516251,47900100
2024-04-15,80.70748901367188,81.04343223349234,80.37154579385141,81.00711348590963,55993100
2024-04-16,80.17181396484375,80.42603830536856,79.70875852911999,79.9448269569332,45103200
2024-04-17,81.06159210205078,81.15238551189468,80.31707505798177,80.68933704356284,57947000
2024-04-18,80.65300750732422,81.05249984262616,80.43509504033163,81.02526251602515,43839500
2024-04-19,80.94356536865234,81.16147094848262,80.72565978882207,81.16147094848262,44826800
2024-04-22,80.80735778808594,80.91631402267703,80.48957742939395,80.51681475626864,24969000
2024-04-23,80.8345947265625,81.29765006248437,80.39878364447671,80.56221453203194,27222700
2024-04-24,80.26261138916016,80.4714355676895,79.44545673447247,80.40787947938568,48986800
2024-04-25,79.69966888427734,79.80862513058396,79.30016957491277,79.40912582121939,49282600
2024-04-26,80.1173095703125,80.45325274016099,79.94480420382102,80.1263909876305,31589800
2024-04-29,80.78919219970703,80.82550401312785,80.33521833394065,80.49864920270021,39228600
2024-04-30,80.09915924072266,80.56221457690243,79.9902030065944,80.2807460371775,41054700
2024-05-01,80.68958282470703,81.2818180709184,80.39802181983781,80.72602881923602,59679500
2024-05-02,81.03581237792969,81.09959112743023,80.20668168306035,80.37068517482778,58925400
2024-05-03,81.85581970214844,82.11094164159161,81.33647649030847,81.93782492052426,50066100
2024-05-06,82.1747055053711,82.22937100681274,81.70091465500747,81.88314457874763,23868200
2024-05-07,82.67584228515625,83.13140677838712,82.55739801940673,82.82162625964413,30525800
2024-05-08,82.1747055053711,82.42070721321932,82.14737275465028,82.28403650825439,31171700
2024-05-09,82.57560729980469,82.7031647859811,81.83759513673232,81.88315436095031,39606700
2024-05-10,82.1109390258789,82.34782753505817,81.96515506512688,82.25671603526908,21913800
2024-05-13,82.32048797607422,82.5573834170348,82.28404198889865,82.50271791195208,23157500
2024-05-14,82.78518676757812,82.839852286623,82.38428775761426,82.59385049955802,25746400
2024-05-15,83.91497039794922,84.06075435877355,83.48673870223008,83.70541464346657,65142900
2024-05-16,83.8329849243164,84.20654421604127,83.7692061695652,84.17921145705688,37902400
2024-05-17,83.26805877685547,83.64162491388639,83.22249955724064,83.4958409722077,24755000
2024-05-20,83.02205657958984,83.204279554263,82.92183185811133,82.98561059438303,17922800
2024-05-21,83.45030975341797,83.61431326715558,83.30453271418637,83.57787422087013,15334400
2024-05-22,83.55052185058594,83.6234138348397,83.14962983991467,83.15873612442472,38073700
2024-05-23,83.0129623413086,83.64164356510567,82.74873410161652,83.64164356510567,51294700
2024-05-24,83.2589340209961,83.34093921468242,82.82159615920227,82.88537488702053,19164400
2024-05-28,82.06537628173828,83.24073334730095,82.02893029311291,83.2134005936723,45973700
2024-05-29,81.07225036621094,81.45492282543186,80.79890892313219,81.40025036599913,45508400
2024-05-30,81.85581970214844,81.97427091187329,81.49137369138235,81.63715070541637,29548600
2024-05-31,82.4115982055664,82.60294137314658,82.22937522384197,82.43893790905013,41308800
2024-06-03,83.74456024169922,83.80855689844331,82.83946267485784,82.86688881701782,42272100
2024-06-04,84.72282409667969,84.84168004829148,84.10113911362761,84.29312914109913,42581500
2024-06-05,85.3445053100586,85.3445053100586,84.466833662478,85.0245219450731,43153900
2024-06-06,85.21650695800781,85.41764133992996,84.89652361181979,84.95137590684809,22891900
2024-06-07,83.65315246582031,83.95485403398662,83.5617296504979,83.95485403398662,35240500
2024-06-10,83.09546661376953,83.25088610179746,82.8760504556646,83.1960338060497,20586500
2024-06-11,83.95484924316406,83.9914197622289,83.12288562844394,83.22345281209392,30329200
2024-06-12,84.58566284179688,85.54561968725035,84.55823669908894,85.04278382056279,42554600
2024-06-13,85.82907104492188,85.92963826346751,84.97882536320051,85.22567470876373,33093800
2024-06-14,86.5512924194336,86.7067118925057,86.15816806247207,86.32273190899349,28776700
2024-06-17,85.69192504882812,85.76505912423083,85.2805118710047,85.49992804744184,31040200
2024-06-18,86.47815704345703,86.487301417505,85.69191525317501,85.83819036237387,26881000
2024-06-20,85.90217590332031,85.93874641966137,85.33534336270323,85.39934699763465,30246300
2024-06-21,85.90217590332031,86.37758564064117,85.5639038585002,86.15816254259488,22596400
2024-06-24,86.24960327148438,86.24960327148438,85.70105936258817,85.98447917935736,56939100
2024-06-25,86.3958740234375,86.44158891614073,85.9753235159984,86.00274966157501,22890200
2024-06-26,85.1616439819336,85.45420114391472,85.12507346479684,85.28049293129335,38489100
2024-06-27,85.49994659423828,85.67365488311913,85.40852374881742,85.49994659423828,23140800
2024-06-28,83.90914916992188,85.72848922025678,83.90914916992188,85.69192566984769,55119600
2024-07-01,82.46097564697266,83.53403967307347,82.37842849257231,82.92871719847268,49735400
2024-07-02,83.10297393798828,83.2864011652865,82.6168854880778,83.16717416727268,34204700
2024-07-03,84.19438934326172,84.27692950077738,83.5432065576799,83.61658025144976,35563300
2024-07-05,84.89140319824219,85.04732401882963,84.2860878265886,84.62542885406282,34895500
2024-07-08,85.07483673095703,85.15737687300214,84.5795748867886,84.87306260955887,16095700
2024-07-09,84.69881439208984,85.00147561893743,84.25858624149362,84.80887492838905,30289800
2024-07-10,84.96478271484375,85.00146955766076,84.61626820403188,84.79052196078793,23572500
2024-07-11,85.79021453857422,86.34050315642607,85.7260143164465,85.91861498282967,49761800
2024-07-12,86.15707397460938,86.15707397460938,85.60677837207247,85.78103911269577,27796500
2024-07-15,85.16654205322266,85.57009025678974,85.09316838033799,85.29494248212153,37918900
2024-07-16,86.36803436279297,86.40472121119463,85.65265831221272,85.7810587829681,36383700
2024-07-17,86.38636016845703,86.57896082750878,85.92778517148643,86.13872575160539,29036800
2024-07-18,85.72601318359375,86.34050201545297,85.64346604349214,85.91861384743174,34553100
2024-07-19,85.2215805053711,85.44170155423535,85.12986690032743,85.33164102980322,32164700
2024-07-22,84.97395324707031,85.77186930962344,84.65295213010644,85.66181578226414,36160400
2024-07-23,84.8547134399414,85.32246189102003,84.82720005998955,85.12068777497439,23498000
2024-07-24,83.93757629394531,85.15738763857016,83.89172298611214,84.91892664701714,50757100
2024-07-25,84.62544250488281,85.16656473992838,84.34112819334219,84.40532842489331,44999100
2024-07-26,85.2857894897461,85.43253687073044,85.02898857032373,85.2491026445,34423800
2024-07-29,85.7443618774414,85.92779609793435,85.49673442640098,85.90944917723503,25801300
2024-07-30,86.07453155517578,86.25796576517972,85.57010322158914,85.98281794882364,28169800
2024-07-31,86.95498657226562,86.98249995184706,86.4322113683215,86.69818569977363,47445300
2024-08-01,87.7049560546875,88.25708605457582,87.53012144063915,87.54852249767728,77254200
2024-08-02,90.43798828125,90.5208106035913,89.15890047016579,89.26012385267971,91912900
2024-08-05,90.91649627685547,91.96553217830473,90.0883081913362,91.7354803223619,90686300
2024-08-06,88.88282775878906,90.55761193573815,88.88282775878906,90.3183560503704,61316900
2024-08-07,88.25707244873047,88.75397813902687,87.87978414167843,88.29387455713328,51337100
2024-08-08,87.71417236328125,87.78779064298095,87.27246970570862,87.53013368465757,37815800
2024-08-09,88.57916259765625,88.83681953561666,88.4227220105017,88.80921443806733,32141800
2024-08-12,88.90123748779297,89.09448019934433,88.22948299662607,88.36751551076999,24261400
2024-08-13,89.51777648925781,89.5913947676393,89.2417184762654,89.53618456916591,30366900
2024-08-14,90.07908630371094,90.32754619045143,89.7294100793853,89.76621921151812,31334100
2024-08-15,89.35212707519531,89.35212707519531,88.53314314305955,88.71718881471195,38723700
2024-08-16,89.66500854492188,89.75702787796673,89.26931909426644,89.66500854492188,28541000
2024-08-19,90.07908630371094,90.32754619045143,89.6373907593653,89.64658777693045,25322100
2024-08-20,90.796875,90.97171667672244,90.29076507254884,90.47480376968994,25239300
2024-08-21,90.8520736694336,91.28456522144296,90.373561921599,90.79685645506817,29230000
2024-08-22,89.95025634765625,90.45637313024048,89.65579031614105,90.39195890524103,33453800
2024-08-23,90.53921508789062,90.79687206380655,90.14352558326944,90.35517639670098,32005100
2024-08-26,90.30914306640625,90.82445690327607,90.25393287549149,90.81525988520659,23198700
2024-08-27,90.15272521972656,90.25394860112355,89.63741129306969,89.71102255357374,21507700
2024-08-28,90.04228973388672,90.36436090920272,89.93186934270699,90.18952628295979,18501400
2024-08-29,89.7478256225586,89.84904899710766,89.379741262437,89.60059609088509,24988200
2024-08-30,88.79077911376953,90.17108973268668,88.77237806125802,89.88582778470979,42896200
2024-09-03,90.24300384521484,90.52919423776915,89.93834546660823,90.06759319508262,48947900
2024-09-04,91.40623474121094,91.42469568263834,90.29838808180912,90.3630119420138,40885200
2024-09-05,91.92324829101562,92.0248011025904,91.19391766401228,91.710908673139,47450900
2024-09-06,91.91400909423828,93.04031690906817,91.57242878688662,91.90478214350769,57406400
2024-09-09,92.31095886230469,92.41251163792157,91.54470661465699,91.76627310533392,26961400
2024-09-10,92.95722961425781,93.16033522049929,92.15404118325026,92.20020410956828,31703400
2024-09-11,92.88336181640625,93.46497659105661,92.64332730347485,92.77257503117494,39497100
2024-09-12,92.4494400024414,92.82795617172431,92.03400195449493,92.65254555244964,41618700
2024-09-13,92.69873046875,92.8833680797799,92.33867515333696,92.7448863497708,25722100
2024-09-16,93.5480728149414,93.58500174507856,92.69872855220665,92.90182710275113,30866300
2024-09-17,93.095703125,93.83426767587508,93.00338431700901,93.67732499794303,31699400
2024-09-18,91.94168853759766,92.99414535183338,91.89553266130225,92.541771277219,48897000
2024-09-19,91.63704681396484,91.68320269509509,91.18467269196404,91.32315442230156,39979800
2024-09-20,91.28622436523438,91.62781169005676,91.13851568657692,91.38777716333094,37067600
2024-09-23,91.09236145019531,91.4801046925584,90.49227859788635,90.93541876306844,35703900
2024-09-24,91.07389068603516,91.29545722300165,90.33532617151589,90.47380789842241,31005400
2024-09-25,90.31686401367188,90.76923107490825,90.2799350840952,90.71384120227978,36738200
2024-09-26,90.5291976928711,90.70460834969796,89.93834889916008,90.53843168624967,33332300
2024-09-27,91.00003814697266,91.17544881420932,90.66768480035248,90.97234320866659,28317600
2024-09-30,90.56613159179688,91.12928547974265,90.36302598716415,91.06466160949347,34175500
2024-10-01,91.22000885009766,91.99800835250252,91.12739171239663,91.5071311630759,45254200
2024-10-02,90.45127868652344,90.51611138841872,89.89556173743875,90.1734202119811,35810800
2024-10-03,89.59916687011719,90.31233353150255,89.59916687011719,90.15487665502225,39677800
2024-10-04,88.49703979492188,88.87677222887346,88.35811053714033,88.39515881029779,56954100
2024-10-07,87.83016967773438,88.2376864788535,87.76533697758582,87.96909891126255,42606600
2024-10-08,87.97834014892578,88.01538840907608,87.37631828739138,87.42263037913753,33709600
2024-10-09,87.47819519042969,87.90424662933691,87.27444036837625,87.6819570787159,35807700
2024-10-10,87.13552856445312,87.1447853312361,86.51498601075396,86.95028723528117,53667400
2024-10-11,86.78357696533203,87.12626813802356,86.52424616058578,86.57982209462745,27406400
2024-10-14,86.84841918945312,86.85768302384825,86.11673879564788,86.1723076695482,28795300
2024-10-15,87.9042739868164,87.98762729456584,87.40413294161489,87.48748624936432,46429100
2024-10-16,88.27471923828125,88.56184148812973,88.11726943218464,88.34881575864429,32281500
2024-10-17,86.876220703125,87.46897898048117,86.75581204081962,87.33004971348667,43427200
2024-10-18,86.9410171508789,87.32074945160424,86.93175331928079,87.1077307884794,25258600
2024-10-21,85.42208862304688,86.21860162272885,85.42208862304688,86.15376892276981,49504700
2024-10-22,85.50544738769531,85.91297127990161,85.29242160779616,85.81109030685003,32096900
2024-10-23,85.27388763427734,85.55174607470671,84.89415530300647,85.06086188778367,33354200
2024-10-24,85.82035827636719,86.13525797825828,85.17202413786504,85.42209819876454,32507400
2024-10-25,85.3387451171875,86.17231361437472,85.22760029548397,86.1260015054393,28667100
2024-10-28,85.107177734375,85.47765331586503,84.67186945609178,85.45912565036183,33156500
2024-10-29,85.23684692382812,85.26463135708626,84.26435642862198,84.44032686133492,46545200
2024-10-30,85.48693084716797,86.4038525819533,85.35726543280379,85.98706483615261,41951100
2024-10-31,85.62584686279297,86.07968284661764,85.0886646417869,85.3943004872135,52173800
2024-11-01,84.41867065429688,85.97991457965132,84.3815044259114,85.73829864471811,80402000
2024-11-04,85.72901153564453,86.02639102105361,85.1528356807517,85.75688975457567,49747600
2024-11-05,86.18436431884766,86.33305759278801,85.12494955732211,85.52455386842986,46986000
2024-11-06,83.82392120361328,84.3071673082148,83.21987420799087,83.3035088664298,98895700
2024-11-07,84.87403106689453,85.14353228468084,84.24209888831264,84.3350286313219,56221400
2024-11-08,85.95204162597656,86.05426648550944,85.34798757148752,85.4966808544757,56756200
2024-11-11,85.53385925292969,85.77548230708642,85.14354999704402,85.72901388087253,22369200
2024-11-12,84.25141906738281,85.35729539150559,84.11202086633406,84.91122965625404,57908400
2024-11-13,83.45220947265625,85.06921015500117,83.3778628208023,85.05061994699422,49009100
2024-11-14,83.9354248046875,84.59523520069624,83.88895638789161,84.15845760712081,53328300
2024-11-15,83.71240234375,84.24210974627016,83.18269494122984,83.56370906370218,73722400
2024-11-18,83.861083984375,84.18634165422759,83.09904869068374,83.32208859865591,36010600
2024-11-19,84.28858184814453,84.63242978462368,84.2142422887082,84.40010182242914,29585100
2024-11-20,84.01908111572266,84.40939036022786,83.74028474674111,83.77745806861107,27755400
2024-11-21,83.95403289794922,84.4279839479689,83.63807025799414,84.05625777324929,28365700
2024-11-22,84.00048065185547,84.28856499855985,83.77744783795805,84.11200060384684,21547500
2024-11-25,86.1750717163086,86.22153304437585,85.48737599609586,85.68253059018267,56858000
2024-11-26,85.84052276611328,85.90557430036152,85.32010340204188,85.64536816336856,31122200
2024-11-27,86.4352798461914,86.77912062418628,86.11931019361509,86.46315806169528,39442200
2024-11-29,87.32743835449219,87.34602147242337,86.83490419331558,87.15086682875454,31905700
2024-12-02,87.5372543334961,87.7983635658304,86.72594454900624,86.9777264188449,39406000
2024-12-03,86.78187561035156,87.686437478881,86.7165983164727,87.5931852182957,32768900
2024-12-04,87.71443176269531,87.83566613137761,86.29697859143917,86.36225589969386,35851100
2024-12-05,87.89160919189453,88.02216379817659,87.34141579609049,87.3973657374421,23695800
2024-12-06,88.02216339111328,88.45112954044092,87.67712215342496,88.32990229650889,31761500
2024-12-09,87.21086883544922,87.69579212487736,87.1642462479962,87.6491624227307,30509600
2024-12-10,86.80054473876953,87.00570401492517,86.64201515799202,86.74458768137724,28706500
2024-12-11,85.9798812866211,86.99634999390028,85.89595639828937,86.79119078061326,38748400
2024-12-12,84.93546295166016,85.56026097001869,84.86085829178965,85.45768134136975,45368400
2024-12-13,84.06822204589844,84.72099517823591,84.00294473266469,84.67437259146526,39486000
2024-12-16,84.31998443603516,84.50649608406631,83.97495033788833,84.44121878592838,23482300
2024-12-17,84.52513885498047,84.85152532699423,84.35728193870318,84.4132318725651,23839900
2024-12-18,83.46823120117188,84.60098668779924,83.44950395610458,84.22652035231756,61328400
2024-12-19,82.20440673828125,82.74738256967393,81.923562342367,82.4478109286213,99083300
2024-12-20,82.67247009277344,83.23417304849444,82.65374999401263,82.87842689089116,45542400
2024-12-23,81.91419219970703,82.59759374583605,81.85802475346517,82.53206267777031,32764600
2024-12-24,82.26058197021484,82.27930207314732,81.42739811386787,81.48356556501668,22377600
2024-12-26,82.2137680053711,82.34483014817965,81.63334484268242,81.64270846498336,19981800
2024-12-27,81.53972625732422,82.17631683953192,81.5022789122119,81.89547246471577,27262300
2024-12-30,82.1950454711914,82.41972240330833,82.07333981193361,82.22312919491216,48519600
2024-12-31,81.75503540039062,82.64438651118134,81.68950434109394,82.50396077201707,31917300
2025-01-02,81.9797134399414,82.49460544326824,81.64269451819109,82.1950338619735,27841300
2025-01-03,81.71757507324219,82.26990717919752,81.61459669037787,82.12012498561673,21962200
2025-01-06,81.35247039794922,81.66140553857923,81.13715001868782,81.49289611117636,30231500
2025-01-07,80.43505859375,81.23079507568163,80.3133600728173,81.07164920776553,41757200
2025-01-08,80.53804779052734,80.69719367974145,79.8920934677321,80.01379914730342,44590800
2025-01-10,80.00442504882812,80.36952775503545,79.7235806591654,79.83591555809004,47115800
2025-01-13,79.9763412475586,80.19166170754332,79.61123854170067,80.06995604402324,33258900
2025-01-14,79.84529113769531,79.91082221933202,79.47082475304894,79.78912367982164,33412900
2025-01-15,81.22142791748047,81.42738472763637,80.88440898128904,81.1652533332151,54120700
2025-01-16,81.48355865478516,81.82057761779974,80.77207338371538,81.10909234672997,34651100
2025-01-17,81.62398529052734,81.89547318822697,81.48355953070327,81.84866222083534,29875600
2025-01-21,82.35420227050781,82.54143188174426,82.03590336058366,82.2793075690725,30548600
2025-01-22,81.92354583740234,82.36354315894242,81.74567275617979,82.26056475848198,25278400
2025-01-23,81.2869644165039,81.43674665241102,81.00611290344591,81.10909131541047,31949000
2025-01-24,81.65206909179688,81.70823653883967,81.0716459504016,81.18398798683803,21110400
2025-01-27,82.6163101196289,82.78481959310233,82.24184382942678,82.5320589540674,42864200
2025-01-28,82.56013488769531,82.56949136586367,82.06397013548163,82.23247245070915,25519100
2025-01-29,82.39163970947266,82.96269924010247,82.03589349162728,82.78482613117977,25342800
2025-01-30,82.70057678222656,83.04695941548255,82.54143090033264,82.7661150019671,25094900
2025-01-31,82.1575927734375,83.00014014192834,81.84865754793246,82.73800873879198,48790100
2025-02-03,82.8265380859375,83.70966550045159,82.48831663600963,83.22112738824175,70657200
2025-02-04,83.08018493652344,83.09897182783106,82.18766065882677,82.25342553015354,33414000
2025-02-05,84.45186614990234,84.7243226930969,83.98211497222223,84.03848281983693,48331200
2025-02-06,84.41429138183594,84.69614497623324,84.13244495527329,84.42368841307176,22509900
2025-02-07,83.86935424804688,84.03846492271067,83.55932398435708,83.84117033024168,31171200
2025-02-10,83.61572265625,84.11365783532683,83.47479584741961,83.85999531370034,22736100
2025-02-11,83.08018493652344,83.3150605009524,83.0332069565043,83.17413372872835,21513000
2025-02-12,81.9527816772461,82.30039291069338,81.60516327596572,82.00914951665202,48536200
2025-02-13,83.31507110595703,83.51236574505057,82.74197408237536,82.76076097607434,42718100
2025-02-14,83.75663757324219,84.25457268162177,83.72845364904474,83.9727191039788,27460700
2025-02-18,82.77015686035156,83.46538660293233,82.71378901220113,83.18354019434595,29429200
2025-02-19,82.87348937988281,83.09896790409469,82.57284895832261,82.62921679741731,20584300
2025-02-20,83.18355560302734,83.39024730831152,83.09899664730403,83.09899664730403,27913400
2025-02-21,84.18879699707031,84.48943742964686,83.44658936118343,83.4935673407058,46912300
2025-02-24,84.43305206298828,84.61155257888922,83.85995523737117,83.92572009435189,26218000
2025-02-25,85.88928985595703,85.9644517526327,85.30680307630313,85.46651673086416,50125100
2025-02-26,86.39662170410156,86.49057049080926,85.6825980230237,85.88928965448042,32220200
2025-02-27,85.78594970703125,86.23691394904306,85.62623604191948,85.78594970703125,53373600
2025-02-28,86.83821105957031,86.88518904883604,85.9362895747798,86.29329792256101,49388600
2025-03-03,87.24347686767578,87.37542062431993,86.11252832775587,86.15022757113925,42904200
2025-03-04,86.16903686523438,87.45078183230173,86.01823995598298,87.12092258130477,56722000
2025-03-05,85.4810562133789,86.51776720272257,85.3962383271929,86.29157179210547,50215900
2025-03-06,85.19832611083984,85.57531128640878,84.56688007623853,85.27372458403246,42827500
2025-03-07,84.92501068115234,85.91459585240725,84.81191297317079,85.89574263921331,36903600
2025-03-10,85.8109359741211,86.35755699153863,85.6789922260829,85.83920860721571,41440800
2025-03-11,85.19832611083984,86.22560334411115,84.95328466816092,85.73552764914746,40555700
2025-03-12,84.68939208984375,85.1794677552225,84.6139936212028,84.82133581476856,32734600
2025-03-13,85.4339370727539,85.49048232988723,84.23700973387702,84.42550590831117,38675400
2025-03-14,84.98155212402344,85.20774752982969,84.6893920461825,84.83076237721299,24658000
2025-03-17,85.40567016601562,85.93344510900232,85.17947474154047,85.57531313917482,26700300
2025-03-18,85.490478515625,85.78263858497056,84.93443100423913,84.95327702564478,23654700
2025-03-19,85.93342590332031,85.97112513230725,85.17945570436696,85.46219632657265,31378700
2025-03-20,85.98997497558594,86.93243417099252,85.91458370465212,86.89473494032909,35645800
2025-03-21,85.4810562133789,86.1784812771908,85.40566493356708,86.07481017825643,29192100
2025-03-24,84.60456085205078,85.06637104604103,84.53858899439406,85.00981860348298,27985600
2025-03-25,84.59513854980469,84.89672520171301,84.35952375330153,84.41606900353653,22333800
2025-03-26,84.03909301757812,84.44435079918969,83.96369454881464,84.24643521148084,25095600
2025-03-27,83.7940673828125,83.90715790717498,83.53017271504628,83.73751493023678,23674500
2025-03-28,84.95328521728516,85.1417742110909,84.6422719061509,84.70824377302233,39869400
2025-03-31,85.79206085205078,86.08422090662073,85.16061490618978,85.980557008542,38824300
2025-04-01,86.5354995727539,86.93276061146233,86.27066369110601,86.30849841937521,39800100
2025-04-02,86.47874450683594,87.36784251290442,85.75044588773278,87.36784251290442,43488400
2025-04-03,86.87600708007812,87.70835669030988,86.86654659371547,87.50972255787785,57467400
2025-04-04,87.82186126708984,88.99470910934164,87.79348702178142,88.57854148442237,92794200
2025-04-07,85.1734848022461,87.19759584404443,84.93702316450108,86.9043785061998,124987600
2025-04-08,83.56554412841797,85.31535886295875,83.44258667052674,84.44518173887444,73861900
2025-04-09,84.05738830566406,84.09522303487692,81.23876231731747,82.54402800209618,131353500
2025-04-10,81.74006652832031,83.40475866849165,81.67385755084837,82.98858382938948,78592000
2025-04-11,82.18461608886719,82.57241668504837,80.39696647052739,81.2198556663653,94814100
2025-04-14,82.7710189819336,82.96018537200536,82.11838266858614,82.66697530252355,37596400
2025-04-15,83.06423950195312,83.41420530547477,82.32648038512446,82.43052407762451,22553900
2025-04-16,83.52771759033203,83.70743076784316,82.73320984683801,83.04534098159814,35607300
2025-04-17,82.78994750976562,83.4236629674624,82.50619787401787,83.27233127164425,31758400
2025-04-21,81.3427963256836,82.35485175876069,81.32388257144932,81.91030276377839,39343200
2025-04-22,81.79682159423828,82.30757243574308,81.72115213022376,82.11840599194406,32552100
2025-04-23,82.59133911132812,84.23711045949379,82.44946065353633,84.06685775339126,44082200
2025-04-24,83.46150970458984,83.56555341753895,83.00750733557334,83.26288276611542,24190800
2025-04-25,84.07630920410156,84.28439662433018,83.8020128061854,84.08576969126759,22513900
2025-04-28,84.60597229003906,84.68164174707977,83.81146463982158,83.85875985453117,20130500
2025-04-29,85.31536102294922,85.3248215095609,84.4641048500574,84.48301860704383,22129500
2025-04-30,84.62489318847656,85.17348592718736,84.49247524688936,84.9181033139573,42630600
2025-05-01,84.19580841064453,84.75590782727089,83.82557148441599,84.736924475347,29932800
2025-05-02,83.28443908691406,83.60720670585076,83.10406468645631,83.26544849592466,32090400
2025-05-05,82.81927490234375,82.98066597630603,82.43005464817428,82.92370143846492,22862800
2025-05-06,83.09457397460938,83.09457397460938,82.2496736986826,82.4015694638234,21095200
2025-05-07,83.44583892822266,83.74012796000316,83.36989103525035,83.46482228007086,23161600
2025-05-08,82.51549530029297,83.59772742478098,82.48701665114166,83.55975347831601,25483700
2025-05-09,82.63890075683594,82.8857205097883,82.51548363757107,82.59143151976657,17007900
2025-05-12,81.86995697021484,82.3825944100712,81.82249496674802,82.00286216838612,32115000
2025-05-13,81.53768157958984,81.9174137635488,81.16744469199683,81.76551799284962,53912200
2025-05-14,80.99655151367188,81.51868408134324,80.88262970541966,81.40476227309102,42119800
2025-05-15,81.70856475830078,81.94589647971362,81.14846537230537,81.29085861092159,59448000
2025-05-16,81.92691040039062,82.48700976773287,81.83197192075578,82.46802641747938,31778200
2025-05-19,81.6895751953125,81.75602778254311,80.5313953240456,80.60734320739168,49361900
2025-05-20,81.10099029541016,81.26237411608932,80.74973676558889,81.10099029541016,35493100
2025-05-21,79.71497344970703,80.74973619678445,79.51561568860373,80.38899461613879,77053100
2025-05-22,80.13268280029297,80.15166615044569,79.07892941848425,79.28777524132056,61747900
2025-05-23,80.26559448242188,80.5219095655889,80.03775080539602,80.47444032217776,47139200
2025-05-27,81.38578796386719,81.67058165194085,80.83517669368749,81.02503915240325,56773400
2025-05-28,81.03453063964844,81.20540974157693,80.6642937926014,81.08199987349066,34806800
2025-05-29,81.78450012207031,81.88892664292212,81.30034145655632,81.42375132538653,38933200
2025-05-30,81.90791320800781,82.08828761343429,81.52818104843085,81.72753880258134,49042100
2025-06-02,81.14563751220703,81.441022064081,80.79307636305779,81.26950681175863,46213100
2025-06-03,81.00271606445312,81.69830052698909,80.88837012675086,81.41244658736224,33731300
2025-06-04,82.31765747070312,82.56540335498467,81.61254239825028,81.74594235061294,57441500
2025-06-05,82.37482452392578,82.8322009692017,82.15567058099822,82.59398573660532,37664700
2025-06-06,81.32667541503906,81.8793364753508,81.259975443605,81.74593653248267,38130100
2025-06-09,81.41242980957031,81.60299906338163,81.03128403219665,81.03128403219665,26560800
2025-06-10,81.83167266845703,82.11753378066156,81.48864224171163,82.04130318144034,24857000
2025-06-11,82.07942962646484,82.32717547269971,81.66969918720186,81.76498381429187,36334800
2025-06-12,83.06085968017578,83.08944433602176,82.51772940985298,82.79405986594699,43017800
2025-06-13,82.26046752929688,82.78453656234423,81.73639122649918,82.64161327044518,49374000
2025-06-16,81.4314956665039,82.35577194834794,81.4314956665039,82.02227207081455,36496600
2025-06-17,82.42247009277344,82.57493133040285,81.70782439832743,81.94603962980943,34521600
2025-06-18,82.56539916992188,82.98465302620245,82.27953798949038,82.78455310780112,38589000
2025-06-20,82.41293334960938,82.69879451413546,81.89838761531325,82.0794335041632,26001900
2025-06-23,82.67973327636719,83.31815557489777,82.67973327636719,82.83219450280775,36851800
2025-06-24,83.2800521850586,83.46109083017282,82.35577585932184,82.393891171386,32959100
2025-06-25,83.38484191894531,83.38484191894531,82.70831169410103,83.00369618487453,26345300
2025-06-26,83.80410766601562,83.80410766601562,83.08946203860872,83.46107718328021,30467500
2025-06-27,83.2705078125,84.00421472671714,83.12757723325953,83.44202305363831,74993500
2025-06-30,84.08997344970703,84.27101934492778,83.48014306236011,83.71835828459724,53695200
2025-07-01,84.29846954345703,84.46105844255524,83.83939414637128,84.28890334443011,38960600
2025-07-02,83.76287841796875,83.7724373200405,83.30379572801169,83.38987692476006,39382200
2025-07-03,83.1794662475586,83.48551894896437,83.06469374820443,83.37074644961021,26729100
2025-07-07,82.38562774658203,82.7873204914874,82.17521517633514,82.76819539276993,38314700
2025-07-08,82.28042602539062,82.28999222371544,81.71614437103887,81.8404757617762,31407000
2025-07-09,83.14122009277344,83.14122009277344,82.42390829189142,82.43347449236094,29821900
2025-07-10,83.1985855102539,83.2655343059608,82.72037774181284,83.04556281872593,24525500
2025-07-11,82.05088806152344,82.50996342333741,81.90742427462982,82.47171322391235,40764800
2025-07-14,81.87873077392578,82.13695974589037,81.60136940589206,81.811781981426,24609500
2025-07-15,81.30487823486328,82.16565358639794,81.1996719531829,82.14652119143567,40455000
2025-07-16,81.41966247558594,81.92656890455119,80.52063671742731,81.56312628390167,65987700
2025-07-17,81.40052032470703,81.76395557236722,81.28574784271761,81.50572660897961,31875500
2025-07-18,81.52487182617188,81.73528444664247,81.39097421257652,81.70659314328242,27534900
2025-07-21,82.2517318725586,82.7395058139965,82.21347437745845,82.46214444717381,40019500
2025-07-22,82.74907684326172,82.9881807500286,82.35695023053754,82.4143328331625,35190300
2025-07-23,82.28998565673828,82.44300833336709,82.05088179579828,82.2995518542997,31008500
2025-07-24,82.14653015136719,82.48127413101129,81.78309487302094,81.82135237024762,25164800
2025-07-25,82.66300201416016,82.67256821344797,81.98394780216682,82.06046280272518,27196200
2025-07-28,82.12741088867188,82.44302249370006,82.0891533887259,82.24217609163776,26812500
2025-07-29,83.51419830322266,83.53332340194326,82.44301035309546,82.47170894648276,47828300
2025-07-30,83.08381652832031,83.16989042021758,82.78732276353038,82.98816914149516,40670900
2025-07-31,83.13164520263672,83.60029411730746,83.0551302006245,83.33249161026465,49814100
2025-08-01,84.31349182128906,84.41910028853391,84.0254673970276,84.06387114191348,63434500
2025-08-04,84.5439224243164,84.63033269730073,84.15029678560279,84.44791670693016,36425200
2025-08-05,84.80313110351562,84.91833501434647,84.27508876298945,84.34229348589592,28586100
2025-08-06,84.31349182128906,84.53431152319158,83.44942587327004,84.33269003134932,42589300
2025-08-07,84.16947174072266,84.72631500236444,84.0926642581311,84.40948963024778,29213100
2025-08-08,83.80464172363281,83.9006474082328,83.67023230024,83.87184643532922,21596300
2025-08-11,83.90065002441406,84.16946887958197,83.79504157063174,84.04466221818672,20100900
2025-08-12,83.47823333740234,83.49743887372034,83.09421050823381,83.43023414613926,41052300
2025-08-13,84.16947174072266,84.30388117287555,83.93905661771267,83.94865938422778,30817500
2025-08-14,83.5454330444336,84.01587343399669,83.4206263649305,84.01587343399669,33397400
2025-08-15,82.95018768310547,83.31501225409399,82.8061754781904,83.19980834997394,36343600
2025-08-18,82.71017456054688,83.08460192009414,82.55655957982725,83.04619817491425,26777500
2025-08-19,83.19021606445312,83.28622177157091,82.99819732545161,82.99819732545161,28780600
2025-08-20,83.37260437011719,83.49741835120876,83.1037855258648,83.13258649849696,25912500
2025-08-21,82.95978546142578,83.2190015548735,82.67176106891537,83.10379033291642,28643900
2025-08-22,83.57423400878906,83.81425190390361,83.2574086292943,83.36301708912589,49871900
2025-08-25,83.3342056274414,83.57422349235367,83.19019344354126,83.26700091825653,27011900
2025-08-26,83.28621673583984,83.32462048131814,82.777379926592,83.05580158773554,30259300
2025-08-27,83.19021606445312,83.19981883259469,82.56616798103859,82.67177645629795,38142800
2025-08-28,83.7374496459961,83.77585339058317,83.19981187130762,83.31501578030354,32205900
2025-08-29,83.14219665527344,83.39181731488263,82.9885890126588,83.29581162265288,41686400
2025-09-02,82.52349090576172,82.72587159119384,82.37893852517695,82.52349090576172,48760600
2025-09-03,83.42938995361328,83.66068111030782,82.77405888246764,82.81260863401896,52499500
2025-09-04,84.06543731689453,84.07506923888921,83.43901681446638,83.86304931321087,40501600
2025-09-05,85.3471908569336,85.39537988267267,84.94242951013227,85.01952901026958,69668000
2025-09-08,86.48438262939453,86.50366118070852,85.88687988569491,85.93506155875387,54538700
2025-09-09,85.99288940429688,86.30128005016913,85.76159090543295,86.15672032653242,37126400
2025-09-10,86.48438262939453,86.80241255255834,85.95434011006788,86.15672078318674,40713600
2025-09-11,87.0626220703125,87.19754988390835,86.63858948691724,86.64822876344844,46694400
2025-09-12,86.686767578125,86.7156854065223,86.24345646000705,86.57112567498933,32968600
2025-09-15,86.88915252685547,87.1782646270365,86.80241374997198,86.8795132510655,24820100
2025-09-16,87.07225799560547,87.21681772755502,86.77350660815952,86.82168828373378,26794200
2025-09-17,86.8506088256836,87.7372310921753,86.60967838244474,87.41920114247274,49121800
2025-09-18,85.95433807373047,86.22417896482952,85.67485790720279,86.02179829650522,55717900
2025-09-19,85.79051208496094,85.99290013487499,85.56886018665718,85.83870111639074,32509200
2025-09-22,85.48210906982422,85.68449709054383,85.32791742619598,85.59775831700502,24758200
2025-09-23,86.07962036132812,86.11817011093028,85.53029929657016,85.7423192430755,26689000
2025-09-24,85.75196075439453,85.92543095582053,85.4821125001439,85.84833145460605,28098000
2025-09-25,85.75196075439453,85.80014242819374,85.25082134911362,85.62667222676774,29882500
2025-09-26,85.67485809326172,86.2241791520814,85.47247742449792,85.76158951446926,30955100
2025-09-29,86.37837219238281,86.48438216620298,86.02179987372676,86.05071034792991,32286200
2025-09-30,86.1278076171875,86.77349936638012,85.97360862194657,86.4072877816021,38584000
2025-10-01,86.35025024414062,86.68872549910245,86.15683054258588,86.50497862717722,39408900
2025-10-02,86.60169219970703,86.7370823017428,86.25354411498442,86.36958855775383,23208300
2025-10-03,86.43727111816406,86.76608087431288,86.33089214219292,86.67904017660643,25884500
2025-10-06,85.75066375732422,86.22453651193389,85.73132547547836,85.78934769922343,28371000
2025-10-07,86.24385070800781,86.4372629852811,85.88602987902625,86.04076560340923,29103300
2025-10-08,86.31155395507812,86.66937481810493,86.19550215074902,86.65002916161367,22506200
2025-10-09,86.24385070800781,86.35022967396975,86.07944953450497,86.23417788068252,21578700
2025-10-10,87.63645935058594,87.73316550758022,86.94016321509612,87.01753109197429,59389400
2025-10-13,87.58809661865234,87.59776944715516,86.90147335907979,87.30764361772164,28035500
2025-10-14,87.8685531616211,87.92657537856418,87.45271005771353,87.66546802411368,29800000
2025-10-15,87.67513275146484,88.29406093568832,87.4913859105152,87.96525118757876,31333900
2025-10-16,88.33273315429688,88.48746888185848,87.47203595980082,87.53973099605761,39631200
2025-10-17,88.19734954833984,88.28439024602639,87.90723110519897,88.24570631129971,40240400
2025-10-20,88.53583526611328,88.54550071648244,88.27472054201837,88.44879456534618,28429300
2025-10-21,88.97101593017578,89.15476278062282,88.88398260830486,88.9613431016769,24514300
2025-10-22,89.02904510498047,89.14509692142086,88.79694885030658,88.96135005660862,30496200
2025-10-23,88.41979217529297,88.76794025627314,88.28440207471257,88.59386621578305,28275100
2025-10-24,88.45845794677734,88.58417519200755,88.15866669681,88.57450236446503,28266000
2025-10-27,88.75824737548828,88.76792020283231,88.09096247465385,88.31339323433382,30033600
2025-10-28,88.9903564453125,89.14509219235778,88.78727131097047,88.82595524773178,23564500
2025-10-29,88.09097290039062,88.86463685895764,88.02327785738149,88.85496403046882,39551600
2025-10-30,87.57842254638672,87.97492734910105,87.37533741994994,87.41402135520546,42649200
2025-10-31,87.31732177734375,87.67514267173082,87.23028107191693,87.57842913721063,38247300
2025-11-03,87.09893035888672,87.17657771878741,86.78834832414375,86.98246672389548,40752300
2025-11-04,87.29306030273438,87.40952395312738,87.09894187731139,87.13776556239598,26383800
2025-11-05,86.3418960571289,86.91453613964798,86.26424868918384,86.87571245567544,44643400
2025-11-06,87.11834716796875,87.20569489548218,86.89511285622343,86.92422876539459,33027400
2025-11-07,86.9339370727539,87.22511097598051,86.73011830243927,86.73011830243927,28530100
2025-11-10,86.91453552246094,87.03099916869093,86.75924078767358,86.85629629448542,24093500
2025-11-11,87.31246948242188,87.41923276646048,87.1377665998915,87.30276170981995,18942300
2025-11-12,87.46776580810547,87.66187683449297,87.23482369060726,87.30276329032898,23594900
2025-11-13,86.7495346069336,87.29305878379962,86.7495346069336,87.15717959079828,33825900
2025-11-14,86.25455474853516,87.1960013867876,86.25455474853516,87.14747733185192,38550500
2025-11-17,86.46806335449219,86.67188953684678,86.36130748473246,86.45836298760689,25605800
2025-11-18,86.4389419555664,86.81746357614414,86.18659914508775,86.72040807943237,31967400
2025-11-19,86.2642593383789,86.68160473652854,86.23514342302035,86.60396476385952,25782400
2025-11-20,86.60395812988281,86.78836138131538,86.37101601513496,86.37101601513496,32945000
2025-11-21,86.8659896850586,87.03098475980812,86.57481580796943,87.01157662360318,41938600
2025-11-24,87.36099243164062,87.4192242518587,87.13775811270442,87.3027532065624,30865700
2025-11-25,87.58421325683594,87.92391119259239,87.47744999061824,87.65215284398722,36503300
2025-11-26,87.97245788574219,87.97245788574219,87.18629861179276,87.49688069327928,34099000
2025-11-28,87.55510711669922,87.86568917902038,87.30275687704437,87.7977495842895,40704300
2025-12-01,86.46515655517578,86.67944562479141,86.40671678393645,86.54308120436393,47086600
2025-12-02,86.50411987304688,86.65022673412642,86.16320881806368,86.28009579318805,27605700
2025-12-03,86.74761962890625,86.84502914682854,86.43592849294238,86.61125522137849,23278600
2025-12-04,86.28009033203125,86.62100136543624,86.18268824124456,86.60152391980017,25541500
2025-12-05,85.8807373046875,86.25087567593692,85.7638577611802,86.25087567593692,32808100
2025-12-08,85.59825897216797,85.90995011468803,85.28656782964791,85.90021510773333,32255200
2025-12-09,85.68592834472656,86.05605926408253,85.5592989378997,86.04631682556435,25771800
2025-12-10,86.01709747314453,86.22164409547199,85.57878434405761,85.71514875894258,46833500
2025-12-11,85.90022277832031,86.52360511902629,85.87100289224092,86.38724069645333,26778700
2025-12-12,85.07227325439453,85.22812253119108,84.92617384652594,85.11123557359366,47030100
2025-12-15,85.13072967529297,85.59826269374864,85.12098723661167,85.44242083136453,28611800
2025-12-16,85.59825897216797,85.63722129389586,84.90669448192979,84.92617935844524,41018700
2025-12-17,85.52034759521484,85.7054093469206,85.30605852674167,85.35475585874697,24668300
2025-12-18,85.929443359375,86.08528523016007,85.78333649649268,85.84177626912411,39048900
2025-12-19,85.60871887207031,85.81406155578654,85.47182374959283,85.66738607878219,37858100
2025-12-22,85.42292785644531,85.52070901923057,85.31536633931417,85.48159506207156,25547100
2025-12-23,85.55982208251953,85.63804999602027,85.10024241598323,85.1393563727336,33624100
2025-12-24,86.07807159423828,86.12696590673204,85.70650018404966,85.81406170335617,25942000
2025-12-26,85.79449462890625,86.21496032039295,85.65759951635003,86.14651276411485,26522700
2025-12-29,86.11719512939453,86.11719512939453,85.84340485352017,85.9998532424946,29399800
2025-12-30,85.91183471679688,86.08784378076008,85.72604529921794,85.79449285408008,25106800
2025-12-31,85.22736358642578,85.96073348092025,85.19802252405755,85.73583009744324,36500000
2026-01-02,85.10023498535156,85.471813811923,85.09045463196185,85.46203345853328,40731300
2026-01-05,85.52071380615234,85.57938101506242,85.17847598713533,85.24692355093873,30178000
2026-01-06,85.34469604492188,85.40336324786914,84.97312465921564,85.2175812851281,39015200
2026-01-07,85.84339141845703,86.05851444732599,85.54026758335496,85.89227826851176,39930900
2026-01-08,85.41314697265625,85.60871675723902,85.3153658104771,85.39359372431021,28204900
2026-01-09,85.98028564453125,86.04873320207848,85.18824855573843,85.36425762660619,57348800
2026-01-12,85.72603607177734,85.96071977194988,85.47180658692518,85.5598073793225,36103100
2026-01-13,85.87272644042969,85.96073470834234,85.59893620287824,85.93139364555515,30451400
2026-01-14,86.37141418457031,86.46919533986404,85.94116814900914,85.96072885620227,39233500
2026-01-15,86.35186004638672,86.69410530628619,86.35186004638672,86.67454459760503,37988900
2026-01-16,85.8531723022461,86.36163881525353,85.76516403524566,86.17584938731602,46382400
2026-01-20,84.72867584228516,85.1002472622371,84.62111432015237,84.7091151326838,66009500
2026-01-21,85.37403106689453,85.54026724505131,84.69933584110264,84.87534491309711,51220100
2026-01-22,85.74560546875,85.81405302318291,85.20779792661718,85.3349126819286,42419300
2026-01-23,85.98028564453125,86.0780668038524,85.55981994524849,85.8825044852101,35968800
2026-01-26,86.3909683227539,86.52786343362214,86.24429285818822,86.43986263101715,38882400
2026-01-27,85.8531723022461,86.29319125657514,85.73583043298697,86.15629613921836,35180100
2026-01-28,85.65760040283203,85.75538156135212,85.3544765733525,85.5695995982312,38750300
2026-01-29,85.67716217041016,85.7944965779959,85.14913495560148,85.21758251343459,43855000
2026-01-30,85.1980209350586,85.61848663180244,85.1980209350586,85.44247756199748,45832200
2026-02-02,84.95459747314453,85.4551910781598,84.95459747314453,85.41592751308343,38171400
2026-02-03,85.16073608398438,85.18036412456544,84.8368172486949,84.89570885919835,27438200
2026-02-04,84.94479370117188,85.1803676416728,84.86626655808472,85.03313112057451,37872900
2026-02-05,85.8674545288086,85.8674545288086,85.15090757348197,85.32758987145571,50268900
2026-02-06,85.92635345458984,85.92635345458984,85.59261686830514,85.83800855369451,33461800
2026-02-09,85.9067153930664,85.96561448817994,85.42574980073746,85.59261434457979,24708900
2026-02-10,86.89810180664062,86.89810180664062,86.59381851535034,86.61344655498588,37253700
2026-02-11,86.43675994873047,86.8490236481931,86.3189767392493,86.41713191007011,37014000
2026-02-12,87.585205078125,87.63427892275033,86.72142153860668,86.73123930303576,48454900
2026-02-13,88.066162109375,88.15449951434705,87.86984428372713,87.97781721564363,56785200
2026-02-17,88.21340942382812,88.45880111941028,88.10543647867115,88.27230103436457,32356700
2026-02-18,87.87966918945312,88.2035880115285,87.82077758135212,88.03672346273571,35415400
2026-02-19,87.96800994873047,88.06616512053087,87.72261827484971,87.75206407751386,28658600
2026-02-20,87.76187896728516,88.085790274743,87.29072367380932,88.04652670955673,49610800
2026-02-23,88.08580017089844,88.34100962890145,87.87967204708222,87.89930757626101,33614600
2026-02-24,88.24285125732422,88.39008776579851,88.1054325130842,88.29192510097572,24933900
2026-02-25,88.2526626586914,88.41952719484367,88.0563448319599,88.0563448319599,23625800
2026-02-26,88.60602569580078,88.65510702795635,88.39008730509188,88.39989758051512,29447100
2026-02-27,89.14588165283203,89.18514521695434,88.88086195595538,89.01828068600389,51272000
2026-03-02,88.25067138671875,88.62490431285235,88.0044637347111,88.61506141660814,55465500
2026-03-03,88.07340240478516,88.30975964910957,87.59083750613826,87.63023163246922,51850400
2026-03-04,87.79766082763672,88.08326264014799,87.74841628581464,87.91583570615023,47069500
2026-03-05,87.443115234375,87.59084133616027,87.16736385166205,87.28553872216094,45768900
2026-03-06,87.11811828613281,87.59084030354036,86.68479039631436,86.98024259640177,58136900
2026-03-09,87.8764419555664,87.96507310725676,86.87191048777309,86.96054915312499,52478700
2026-03-10,86.94084930419922,87.60068404191813,86.9309988937919,87.45296545411661,48651500
2026-03-11,85.81814575195312,86.4779805111776,85.75905831490671,86.4188930741312,54679900
2026-03-12,85.65071868896484,85.92647005543833,85.46359847014588,85.59163125719515,48977000
2026-03-13,85.22724914550781,85.8279964698358,85.15831129748634,85.61133251500776,43460000
2026-03-16,85.8870849609375,86.01511024778772,85.64087728445952,85.85754124194607,37341500
2026-03-17,86.12344360351562,86.24162599503293,85.99541831461846,86.03481244512423,19578100
2026-03-18,85.640869140625,86.15298526665133,85.61132542444297,86.03480288826188,37596600
2026-03-19,86.16283416748047,86.39919894073124,85.65072551942744,85.73935667415012,60307400
2026-03-20,84.52801513671875,85.54238948775956,84.45907729287116,85.49314495058495,78948500
2026-03-23,85.07952117919922,85.40451710433817,84.63635038212738,84.8727076396549,69686700
2026-03-24,84.70529174804688,84.98104314556309,84.26211341889976,84.41968993957306,51799400
2026-03-25,85.52269744873047,85.56209157978277,85.1681652965841,85.43406628910942,37861000
2026-03-26,84.80377197265625,85.29618732146338,84.62650214653921,85.03027882545685,39537000
2026-03-27,84.34089660644531,84.79391780564043,84.15377637781586,84.2030209159799,39928900
2026-03-30,85.46360778808594,85.63102720546095,85.17800598062512,85.3158816788942,36473200
2026-03-31,85.37496948242188,85.83784107942468,85.25678710223136,85.61132672914152,47112200
2026-04-01,85.29092407226562,85.7358655815953,85.26126231080138,85.31069606534747,31157600
2026-04-02,85.81497192382812,85.87429544902584,85.18216250944175,85.24148603463945,33310600
2026-04-06,85.67654418945312,85.8742942999215,85.4194630108977,85.52822783476026,14660300
2026-04-07,85.66665649414062,85.70620802592816,84.94486178414724,85.54800189877801,22747200
2026-04-08,85.94351196289062,86.38846104959337,85.75565161149855,86.37857128046215,22244900
2026-04-09,85.72598266601562,86.15115221625086,85.41946771480542,85.71610044052622,18909100
2026-04-10,85.51834106445312,85.70620895656306,85.36014247926853,85.62710589212904,13247700
2026-04-13,85.77542114257812,85.82486244313075,85.28103831178517,85.46890620146516,12719700
2026-04-14,86.23025512695312,86.25991689073507,85.65676921489043,85.72598251160947,16606900
2026-04-15,85.85453033447266,86.09183199796105,85.75565526999281,86.0423906938792,15119600
2026-04-16,85.31069946289062,85.99295017847123,85.231596400047,85.94350887827315,20001000
2026-04-17,86.0918197631836,86.2302463425199,85.91384165493935,86.07204777057103,29604100
2026-04-20,86.07205200195312,86.15114751997457,85.73586776155008,86.13137552639,14623500
2026-04-21,85.5974349975586,86.11158977416403,85.55788346956085,85.99294273385343,19798700
2026-04-22,85.7655258178711,86.18081310203435,85.73586405693432,86.07204828281097,13676800
2026-04-23,85.57766723632812,86.06216027680907,85.2711447651119,85.85452040231723,21106700
2026-04-24,85.73587036132812,85.84463518854928,85.28103905825941,85.48867894376795,22285700
2026-04-27,85.31069946289062,85.64688370813444,85.221714174954,85.51833934509271,19250100
2026-04-28,85.39969635009766,85.39969635009766,84.97452679672614,85.15250492473477,14553600
2026-04-29,84.73722076416016,85.02396373354078,84.58891193834597,85.02396373354078,29020800
2026-04-30,84.65811157226562,84.93496472733936,84.43069216992208,84.92507495932024,28516200
2026-05-01,84.96080017089844,85.34784210495359,84.69284340329776,84.85163372062246,21281000
2026-05-04,84.31572723388672,84.71269545319674,84.11724691000123,84.70276916554077,27226000
2026-05-05,84.78216552734375,84.84170811104691,84.44473988610122,84.5042900413435,18226500
2026-05-06,85.42723846435547,85.5165523404517,85.26844814479885,85.3974671723234,22530700
2026-05-07,85.00050354003906,85.63564970952277,84.9508796696102,85.62572342112908,21178300
2026-05-08,85.42723846435547,85.62571879226208,85.33791701672008,85.40738588864131,30797600
2026-05-11,84.91117858886719,85.26844924092312,84.84170971605293,85.22875166052366,17713700
2026-05-12,84.34550476074219,84.55391138769059,84.27603588509271,84.54399267084035,27680600
2026-05-13,84.15695190429688,84.40505611678414,83.94853770285265,84.29588965756658,26295100
2026-05-14,84.27603149414062,84.73254230627192,84.26611277780718,84.61345713795717,25247200
2026-05-15,83.02558898925781,83.33323575905032,82.95611254803866,83.23399559829843,50796000
2026-05-18,82.92634582519531,83.28361648081449,82.68816791196232,83.06528357220951,26166200
2026-05-19,82.39044189453125,82.59885609178454,82.14233768703303,82.33089930762432,35346600
2026-05-20,83.27369689941406,83.36301077662159,82.41029156204492,82.43013656646683,44498000
2026-05-21,83.58134460449219,83.62104218531297,82.69809425296278,82.985896035259,24887000
2026-05-22,84.03784942626953,84.03784942626953,83.50194348076187,83.9683805576781,27987700
2026-05-26,84.45466613769531,84.73254162357644,84.2561858110771,84.69284404394497,22531200
2026-05-27,84.65315246582031,84.83178778507926,84.50428843784803,84.60352859931656,23589600
2026-05-28,85.08981323242188,85.19897968476,84.62337613089335,84.71269757896054,25417300
2026-05-29,85.10967254638672,85.30815289096658,84.9012659131159,85.15928884676178,33118600
2026-06-01,85.1554946899414,85.225236804786,84.48796193338315,84.61748083200298,26322400
2026-06-02,85.3348388671875,85.50421150111887,85.18538929552764,85.48428843884736,20319000
2026-06-03,84.99608612060547,85.11564729837,84.78685976050826,84.9761630583052,15372000
2026-06-04,85.18538665771484,85.39461301103145,85.10567920845497,85.29498250011699,15866500
2026-06-05,84.74700164794922,85.03593544493378,84.60751741510434,84.67725953152677,26461200
2026-06-08,84.30862426757812,85.01601074950005,84.30862426757812,84.91638024242889,22922700
2026-06-09,84.8067855834961,84.8665623683059,84.46803273315918,84.65733602015099,22617700
2026-06-10,84.56766510009766,84.98612540692422,84.38832714040647,84.80678744723303,21258300
2026-06-11,85.66361999511719,85.72339677878017,84.72707651068833,84.85659540906492,35190500
2026-06-12,85.45439147949219,85.51417586827432,85.09572315340384,85.32487257288587,23092600
2026-06-15,85.40457916259766,85.79314347981969,85.35476010600168,85.64369391135257,17632700
2026-06-16,85.87284851074219,86.06214419756851,85.61380310611806,85.64369149870535,26472500
2026-06-17,86.01233673095703,86.27137454626873,85.61380707490393,86.01233673095703,34507500
2026-06-18,86.4307861328125,86.85920416639972,86.33115562295235,86.74960832515737,32350900
2026-06-22,85.77320861816406,86.01233095653505,85.65365505029901,85.98244256456879,28595100
2026-06-23,85.88280487060547,86.11196187898649,85.78317436313043,85.80310502541772,19145500
2026-06-24,87.05846405029297,87.14813682892164,86.7994262483003,86.82931464073634,41837000
2026-06-25,87.02857971191406,87.46696309158528,86.96880292425742,87.25773673346609,28380000
2026-06-26,87.03854370117188,87.04850903273459,86.67986777812226,86.68983310968497,21650800
2026-06-29,87.12820434570312,87.21787712245789,86.97876238664584,87.03853917026876,19457200
2026-06-30,86.10199737548828,86.859202921954,86.06214365185109,86.82931452955623,31079500
2026-07-01,85.5199966430664,85.79000091552734,85.43000030517578,85.4800033569336,28109800
2026-07-02,85.51000213623047,85.77999877929688,85.37000274658203,85.37999725341797,20816300
2026-07-06,85.44999694824219,85.4800033569336,85.18000030517578,85.43000030517578,17940900
2026-07-07,84.55000305175781,85.16999816894531,84.54000091552734,85.12000274658203,24816400
2026-07-08,84.36000061035156,84.44999694824219,84.05999755859375,84.30999755859375,25806600
2026-07-09,84.48999786376953,84.68000030517578,84.26000213623047,84.27999877929688,18625300
2026-07-10,84.47000122070312,84.62999725341797,84.27999877929688,84.51000213623047,14454100
2026-07-13,83.97000122070312,84.27999877929688,83.93000030517578,84.19000244140625,18742500
2026-07-14,84.08000183105469,84.5,84.04000091552734,84.18000030517578,23793500
2026-07-15,84.23999786376953,84.41000366210938,84.08000183105469,84.08000183105469,17837800
2026-07-16,84.20999908447266,84.22000122070312,83.79000091552734,83.83999633789062,20817800
2026-07-17,84.5199966430664,84.81999969482422,84.48999786376953,84.62000274658203,22065600
2026-07-20,83.88999938964844,84.33999633789062,83.81999969482422,84.30999755859375,24289000
2026-07-21,83.66000366210938,83.7699966430664,83.43000030517578,83.73999786376953,14287500
