Date,Close,High,Low,Open,Volume
2009-11-23,40.85205841064453,40.85205841064454,40.78683277235364,40.78683277235364,2300
2009-11-24,41.036842346191406,41.0368423461914,40.928137137784326,40.99879510856514,5000
2009-11-25,41.0911979675293,41.16729244836908,40.96075087849511,41.0205399915604,6000
2009-11-27,41.16184616088867,41.54775493936438,41.13466779256972,41.54775493936438,1900
2009-11-30,41.275997161865234,41.275997161865234,41.150982444946635,41.150982444946635,8400
2009-12-01,41.12924575805664,41.29230773165899,41.12924575805664,41.24338748084298,9700
2009-12-02,41.0911979675293,41.14011821769098,41.0911979675293,41.13468171282009,1900
2009-12-03,41.14012908935547,41.14012908935547,41.02055083162521,41.09120882626614,51100
2009-12-04,40.98246383666992,41.02051105024626,40.922674765787775,40.99333269190519,9200
2009-12-07,41.064002990722656,41.069435346010856,41.03138812481297,41.03682462693727,6100
2009-12-08,41.18358612060547,41.3086008161046,41.123801171356426,41.237942860201535,28500
2009-12-09,41.145545959472656,41.28686604239348,41.09662986163721,41.28686604239348,6300
2009-12-10,41.17814636230469,41.189015220168,41.036826329063956,41.074873551839964,5200
2009-12-11,41.06943893432617,41.18901711049191,40.97160262172115,41.12922802240904,7300
2009-12-14,41.118343353271484,41.161827063672625,41.058554288178634,41.0802961433792,11600
2009-12-15,41.11294937133789,41.145560114447,41.00967648904019,41.09664399978334,28600
2009-12-16,41.237953186035156,41.428189381744794,41.145549193686435,41.428189381744794,29800
2009-12-17,41.3194580078125,41.531440109334575,41.189010992660016,41.531440109334575,10100
2009-12-18,41.281402587890625,41.36293351122726,41.27053373330208,41.341191655215155,6500
2009-12-21,41.053138732910156,41.26511674572294,41.01509150360624,41.26511674572294,16700
2009-12-22,40.96614074707031,40.97157309891877,40.93896240049414,40.93896240049414,7400
2009-12-23,40.998809814453125,41.091209689425895,40.955326056757926,41.080340823421786,5400
2009-12-24,40.93811798095703,41.02008924688299,40.93811798095703,40.98730074051261,7100
2009-12-28,40.73594665527344,40.89989349418032,40.73594665527344,40.89989349418032,14700
2009-12-29,40.867069244384766,40.87800152575933,40.49545089707991,40.87253538507205,17100
2009-12-30,40.921730041503906,40.98731124048885,40.85615301196386,40.98184509821221,21800
2009-12-31,40.92719650268555,40.9435907601983,40.785105988500106,40.83975907280254,107800
2010-01-04,41.074729919433594,41.1020522766811,40.93263948564179,41.1020522766811,83000
2010-01-05,41.347999572753906,41.35892768733158,41.17858252596476,41.19497678255361,58300
2010-01-06,41.260589599609375,41.43546875298874,41.26058959960937,41.424540630035985,15100
2010-01-07,41.3917121887207,41.45729337816454,41.2988086307585,41.424504868164775,8900
2010-01-08,41.435420989990234,41.51193027081025,41.31519092886076,41.402632489479686,28400
2010-01-11,41.41900634765625,41.5064436957835,41.375285588872096,41.500981728016264,22800
2010-01-12,41.62671661376953,41.8398503207762,41.561139577426154,41.8398503207762,8900
2010-01-13,41.501041412353516,41.67592052954985,41.48464714659246,41.643127828580695,35000
2010-01-14,41.58847427368164,41.60486853762442,41.4955706650415,41.5392914818533,37400
2010-01-15,41.64855194091797,41.69227271845474,41.63762383125519,41.64308580136516,45500
2010-01-19,41.555660247802734,41.79612042327793,41.462756696166956,41.79612042327793,87200
2010-01-20,41.57754898071289,41.796148910186105,41.55022242598617,41.796148910186105,20900
2010-01-21,41.708702087402344,41.845326505163676,41.572077669641004,41.572077669641004,15300
2010-01-22,41.75786209106445,41.763324062247825,41.67042051880679,41.68134863061718,17800
2010-01-25,41.6704216003418,41.697748134742476,41.64309506594112,41.64309506594112,21800
2010-01-26,41.58847427368164,41.664983618379,41.424527464807255,41.65405549889934,33700
2010-01-27,41.49555969238281,44.04770228429558,41.490093549365106,41.68136686053016,27500
2010-01-28,41.46274948120117,41.610301909920864,41.413562558665745,41.42449483898175,37600
2010-01-29,41.62496566772461,41.71812217155836,41.45509155122819,41.71812217155836,11600
2010-02-01,41.58662414550781,41.679780688059026,41.57018524750443,41.679780688059026,12700
2010-02-02,41.6085090637207,41.61946692623787,41.54274934623405,41.592070179547676,23000
2010-02-03,41.48794937133789,41.564666947087325,41.37287300771374,41.55370908517783,17300
2010-02-04,41.668819427490234,41.668819427490234,41.433185486743184,41.55374297002741,20900
2010-02-05,41.65785598754883,41.75101670021686,41.60853929919304,41.75101670021686,18700
2010-02-08,41.64140701293945,41.723605654435445,41.49893382719607,41.723605654435445,147900
2010-02-09,41.5537109375,41.72358497983267,41.54274889430753,41.61946647347677,65300
2010-02-10,41.34001541137695,41.53729046835482,41.32357652009485,41.50440850499427,26800
2010-02-11,41.301666259765625,41.405780655822895,41.16466989266108,41.356463970447976,29400
2010-02-12,41.329044342041016,41.69071659448691,41.312605454347185,41.69071659448691,10300
2010-02-16,41.41672897338867,41.42768683957278,41.25781273854551,41.25781273854551,25900
2010-02-17,41.25783157348633,41.30167141982832,41.1372740864448,41.25783157348633,25600
2010-02-18,41.15366744995117,41.32354562136852,41.13174755103302,41.32354562136852,40000
2010-02-19,41.25234603881836,41.329063671133056,41.131788564953155,41.2468650134252,18600
2010-02-22,41.32357406616211,41.389329627385706,41.31809304246144,41.378371760780475,21300
2010-02-23,41.59208297729492,41.59756400063728,41.31809034131906,41.46604452519586,13700
2010-02-24,41.62496566772461,41.67976336522703,41.531809163890856,41.60852677655352,11700
2010-02-25,41.67429733276367,41.72909504448117,41.553739858506724,41.553739858506724,26500
2010-02-26,41.81388854980469,41.87983837020218,41.67648749978021,41.86884813118502,25100
2010-03-01,41.84687805175781,41.87435994860439,41.76993377236588,41.84687805175781,23800
2010-03-02,41.90729522705078,41.918285459503686,41.72043192333802,41.72043192333802,13500
2010-03-03,41.95126724243164,41.95126724243164,41.87981605088367,41.9292825829665,29700
2010-03-04,42.00625991821289,42.022747377526535,41.885346292381676,41.94580310529728,30200
2010-03-05,41.90181350708008,42.028224289323994,41.86334138955303,42.028224289323994,20200
2010-03-08,41.945796966552734,42.02274122752124,41.85236524868351,42.02274122752124,16400
2010-03-09,42.02824020385742,42.05571790212649,41.91831683133744,42.05571790212649,23100
2010-03-10,42.06121826171875,42.06121826171875,41.96778653295678,41.97877677445598,31800
2010-03-11,41.962276458740234,42.0941802820575,41.896326643655065,42.0941802820575,39000
2010-03-12,42.088661193847656,42.12163608096873,41.934772796423545,42.03370165093109,11700
2010-03-15,42.088661193847656,42.12163608096873,41.98973233934011,42.066676538052164,32600
2010-03-16,42.237060546875,42.3359894205135,42.160116333283405,42.16561354658142,29300
2010-03-17,42.368980407714844,42.42943719752184,42.28654314265689,42.35249295470325,12500
2010-03-18,42.32501220703125,42.40195644429234,42.28104287341164,42.31951499204219,22900
2010-03-19,42.25357437133789,42.34151306642316,42.18762454317171,42.25357437133789,11200
2010-03-22,42.30853271484375,42.434939331348325,42.24257870200621,42.423949092449014,50100
2010-03-23,42.319522857666016,42.4514266898944,42.319522857666016,42.4514266898944,26400
2010-03-24,41.962276458740234,42.198606413471595,41.95128622060835,42.198606413471595,36800
2010-03-25,41.87982940673828,41.978758309308226,41.62701203198096,41.978758309308226,33200
2010-03-26,41.98973083496094,42.00072106589276,41.87980755992172,41.87980755992172,29700
2010-03-29,41.97877883911133,42.04473287079503,41.90733178298198,41.989773274299495,60900
2010-03-30,41.962276458740234,41.98426112815093,41.79190051224097,41.94578900496894,19500
2010-03-31,42.06542205810547,42.131624893293726,41.93302059669551,42.131624893293726,24100
2010-04-01,42.04337692260742,42.08199421153693,41.98269201015123,42.03234521532849,17600
2010-04-05,41.72889709472656,41.85026685111885,41.657180515479496,41.85026685111885,45500
2010-04-06,41.883384704589844,41.8999343679758,41.64064929331518,41.64064929331518,34700
2010-04-07,42.1536865234375,42.1536865234375,41.81164490361685,41.92749669203208,12900
2010-04-08,42.070960998535156,42.21991219079831,41.94407322004022,42.21991219079831,17900
2010-04-09,42.01576232910156,42.109546498210555,41.894392600153225,42.03782572621445,22500
2010-04-12,42.241981506347656,42.25301321367385,42.02682743725172,42.225431840873945,15800
2010-04-13,42.28611373901367,42.385415933745534,42.21439291511545,42.385415933745534,25900
2010-04-14,42.275062561035156,42.4515992647162,42.219895630316145,42.4515992647162,29700
2010-04-15,42.41851043701172,42.42402839413816,42.09302251900841,42.09302251900841,37000
2010-04-16,42.47920227050781,42.567472763063215,42.40196769400621,42.46265260539586,25700
2010-04-19,42.457115173339844,42.534349714415875,42.42401585829778,42.506768354869756,22500
2010-04-20,42.50678253173828,42.50678253173828,42.424030007566664,42.479196954025,27400
2010-04-21,42.633663177490234,42.64469909140952,42.42954506863082,42.42954506863082,18300
2010-04-22,42.54540252685547,42.81572352800841,42.479199661504985,42.81572352800841,45100
2010-04-23,42.49574661254883,42.51229627558775,42.324727815855695,42.51229627558775,33700
2010-04-26,42.48471450805664,42.606084314493756,42.44609722500557,42.606084314493756,35800
2010-04-27,42.666748046875,42.69433361335996,42.46814796225601,42.69433361335996,10700
2010-04-28,42.5233154296875,42.694334158973575,42.4902119076892,42.584000309556735,11900
2010-04-29,42.589542388916016,42.61712797410512,42.50127609245572,42.57299272139029,33900
2010-04-30,42.742855072021484,42.74839145964841,42.57126506282448,42.67089470195068,21700
2010-05-03,42.654293060302734,42.753926930159444,42.54359063736271,42.73732198902112,25700
2010-05-04,42.87018966674805,42.8867988401826,42.71520449892504,42.842516157081995,41700
2010-05-05,42.68196487426758,42.96426150365534,42.48823354940389,42.96426150365534,51800
2010-05-06,42.42182159423828,42.83696207504544,42.42182159423828,42.798215799091196,23900
2010-05-07,42.565738677978516,43.04176677312501,42.4218221270435,42.93106010970292,39400
2010-05-10,42.57682418823242,43.04731608181557,42.344346437007204,43.04731608181557,20000
2010-05-11,42.68196487426758,42.77606234305478,42.493765713667024,42.77606234305478,11600
2010-05-12,42.704124450683594,42.77054423443603,42.576812826778145,42.63770044390319,29700
2010-05-13,42.704124450683594,42.73733434255981,42.56020788084003,42.68198311509013,25300
2010-05-14,42.75395965576172,42.91448124801316,42.6709306634896,42.814847301892605,29500
2010-05-17,42.65983963012695,42.90892225270477,42.62109335054757,42.90892225270477,28300
2010-05-18,42.78158950805664,42.84247708603506,42.648745802933384,42.709633380911804,25100
2010-05-19,42.84247970581055,42.99192835533469,42.78712851054329,42.96978703262269,31700
2010-05-20,42.7871208190918,43.00852556036091,42.64320435884708,43.00852556036091,43800
2010-05-21,42.836944580078125,43.00853455736421,42.676423152961036,43.00853455736421,106600
2010-05-24,42.91445541381836,43.03623063277232,42.80928513871676,43.00302074506758,16800
2010-05-25,42.87018966674805,43.01410627531046,42.80376986512624,43.01410627531046,67300
2010-05-26,42.8148307800293,42.85357706506711,42.62109935484023,42.792689442432206,30900
2010-05-27,42.49930953979492,42.626621131575625,42.41074844279578,42.626621131575625,29600
2010-05-28,42.6326904296875,42.67159377156249,42.493749317255926,42.67159377156249,22900
2010-06-01,42.660491943359375,43.05508430109775,42.54378188601259,43.05508430109775,14500
2010-06-02,42.51043701171875,42.66049584212672,42.48265132322869,42.66049584212672,14300
2010-06-03,42.4437141418457,42.554865287520016,42.33255875602698,42.37702091035447,53700
2010-06-04,42.660491943359375,42.9828321893016,42.349260883620545,42.9828321893016,59600
2010-06-07,42.977264404296875,42.993936658779226,42.7549577841913,42.793861124698815,24100
2010-06-08,42.87724304199219,43.0217430363681,42.79387749753887,43.0217430363681,54700
2010-06-09,42.79386901855469,42.87723454649034,42.627137962683385,42.87723454649034,53200
2010-06-10,42.377044677734375,42.72717479911068,42.377044677734375,42.67159919510366,22900
2010-06-11,42.64382553100586,42.716073412561116,42.41040114415815,42.61603560109723,56700
2010-06-14,42.59379196166992,42.62158188339464,42.40483406241139,42.62158188339464,21800
2010-06-15,42.52156448364258,42.65494684353379,42.45487118362258,42.65494684353379,16600
2010-06-16,42.6104621887207,42.68271428570425,42.51042441148286,42.63825210912153,37800
2010-06-17,42.832763671875,42.93836026850221,42.732725906687655,42.82165024914131,25100
2010-06-18,42.82168197631836,42.89948871354038,42.82168197631836,42.87725761145564,29900
2010-06-21,42.88831329345703,42.8994309496041,42.68823788424435,42.81050666100138,29900
2010-06-22,43.01615524291992,43.043940912266386,42.82163859691515,42.94390317430038,25400
2010-06-23,43.23846435546875,43.28292227708124,42.966136794812186,42.966136794812186,32100
2010-06-24,43.166221618652344,43.27181821562905,43.0161670904477,43.1940115357976,43400
2010-06-25,43.23846435546875,43.28292227708124,43.121750120818724,43.149540031953514,34200
2010-06-28,43.49970245361328,43.49970245361328,43.321857914107554,43.421895732588794,21100
2010-06-29,43.560791015625,43.57190867271388,43.41073656607572,43.544118770135505,25200
2010-06-30,43.60989761352539,43.621053423089315,43.44259876231894,43.60989761352539,21300
2010-07-01,43.598758697509766,43.738176574611714,43.576451326609934,43.671254461912234,20500
2010-07-02,43.48723220825195,43.56530589002378,43.398002712114696,43.56530589002378,27200
2010-07-06,43.66008377075195,43.687964781136536,43.38124813874155,43.38124813874155,20600
2010-07-07,43.63218307495117,43.70468303663815,43.565265269938685,43.69910513465625,41300
2010-07-08,43.57643127441406,43.598738635048896,43.49835763953912,43.57085337058185,44600
2010-07-09,43.554141998291016,43.59317883193732,43.448187309648624,43.59317883193732,31100
2010-07-12,43.58200454711914,43.64334871867287,43.53181192735084,43.593156098904565,29000
2010-07-13,43.60989761352539,43.68239761160677,43.520672410487556,43.68239761160677,35500
2010-07-14,43.83856201171875,43.84971357093878,43.61549253505072,43.79394726544587,31100
2010-07-15,43.96681213378906,44.02258267881369,43.86643536401328,43.916623748901166,39300
2010-07-16,44.134071350097656,44.200993384728754,44.067149315466565,44.07830511525057,24000
2010-07-19,44.1118049621582,44.206608074890156,44.072768136051224,44.18987861437216,50100
2010-07-20,44.06719970703125,44.24008076384782,44.06719970703125,44.201043929346504,29200
2010-07-21,44.35716247558594,44.35716247558594,44.10620791265869,44.23447414544725,59000
2010-07-22,44.2846794128418,44.32928988270753,44.0560321404923,44.32928988270753,38600
2010-07-23,44.16202163696289,44.28471008713737,44.134136351124226,44.25682480129871,24100
2010-07-26,44.22890090942383,44.26793772270557,44.056024201275186,44.22332726087897,18700
2010-07-27,44.223323822021484,44.27351218318378,44.083906034757476,44.27351218318378,44800
2010-07-28,44.3515739440918,44.4240738970863,44.17869729561337,44.4240738970863,28200
2010-07-29,44.42967987060547,44.47987250955953,44.24564728559923,44.346028308812166,40800
2010-07-30,44.6938591003418,44.705055946326254,44.46996915445347,44.60430568419378,36500
2010-08-02,44.61548614501953,44.68824854277861,44.55391631986017,44.67145754870685,116700
2010-08-03,44.665889739990234,44.74425060543591,44.604319878519085,44.69387332316547,134600
2010-08-04,44.52595901489258,44.74984476169114,44.52036059011855,44.66588974181513,54800
2010-08-05,44.6938591003418,44.75542894221972,44.51474799770024,44.51474799770024,51600
2010-08-06,44.91780090332031,44.92899349188096,44.73309116444124,44.90660831475967,46600
2010-08-09,44.78904724121094,44.94017489207206,44.78904724121094,44.88979758500202,28100
2010-08-10,45.096866607666016,45.10246503146005,44.789017354186065,44.92894805661402,33900
2010-08-11,45.16961669921875,45.16961669921874,45.06327229825286,45.10245271341818,54600
2010-08-12,44.98491287231445,45.10804827357466,44.95132660802066,45.10804827357466,40300
2010-08-13,45.16961669921875,45.16961669921874,44.8841612188764,44.8841612188764,38600
2010-08-16,45.4494514465332,45.46064828451482,45.264746323261456,45.42706631125495,30400
2010-08-17,45.309574127197266,45.4439107188392,45.18084023147479,45.4439107188392,39000
2010-08-18,45.34318161010742,45.44952612361007,45.2480254122847,45.44952612361007,37900
2010-08-19,45.471900939941406,45.511081383966165,45.27040029342889,45.32077759023108,40400
2010-08-20,45.376731872558594,45.49987158442563,45.34314986762995,45.4830805819613,53500
2010-08-23,45.455081939697266,45.45508193969727,45.33754068000538,45.399110521321916,15900
2010-08-24,45.57823944091797,45.678989741519636,45.505476995618444,45.59503044596039,38000
2010-08-25,45.505455017089844,45.73493909241039,45.36552434885813,45.73493909241039,48600
2010-08-26,45.57823944091797,45.57823944091797,45.39352984475706,45.48868172022887,41800
2010-08-27,45.141639709472656,45.50546034352953,45.11365186441228,45.50546034352953,31600
2010-08-30,45.42148208618164,45.47185506181267,45.19199380961234,45.343121277193056,44600
2010-08-31,45.558570861816406,45.654045138986596,45.44624440207237,45.654045138986596,19800
2010-09-01,45.40687942504883,45.54728412598269,45.19908320994603,45.54728412598269,46100
2010-09-02,45.3450927734375,45.36194064891803,45.215922871546375,45.31139702247645,38200
2010-09-03,44.86211013793945,45.15977171402959,44.83964487079238,45.12607167090317,139900
2010-09-07,45.42375183105469,45.42936922187246,45.187872834472955,45.35636028049633,29000
2010-09-08,45.3450927734375,45.401253786642805,45.26646649798795,45.31139702247645,27900
2010-09-09,45.1092643737793,45.2608997074246,45.075568585150435,45.210356024481314,27400
2010-09-10,45.02497482299805,45.16537951256819,44.856491766400524,45.16537951256819,22200
2010-09-13,45.26088333129883,45.272118113320474,44.9856911591628,45.10363066150681,39000
2010-09-14,45.474327087402344,45.47994448159352,45.23283055497736,45.34515272990308,23300
2010-09-15,45.3450927734375,45.491114835619804,45.2777012715154,45.41248856017025,53500
2010-09-16,45.24403381347656,45.35074281476936,45.21033803825305,45.35074281476936,452900
2010-09-17,45.33950424194336,45.39004789577563,45.266491028879436,45.31142157771678,35800
2010-09-20,45.42375183105469,45.4742997787872,45.238420782205466,45.238420782205466,113200
2010-09-21,45.648399353027344,45.72141257765328,45.44060303017175,45.5529251352389,93100
2010-09-22,45.77759552001953,45.88430028541308,45.67088646981028,45.867452390078086,25600
2010-09-23,45.77759552001953,45.90115246556378,45.69335175852884,45.90115246556378,35500
2010-09-24,45.60346221923828,45.75510175250148,45.569766449541135,45.75510175250148,42100
2010-09-27,45.8281135559082,45.92920515615266,45.72702195566375,45.81688306024251,130100
2010-09-28,46.02469253540039,46.086470991271895,45.86743984220547,45.94606618880293,42200
2010-09-29,46.01346206665039,46.09208841329933,45.94606621888793,46.09208841329933,34100
2010-09-30,46.054588317871094,46.06022379962339,45.76160774594826,46.03205068947502,75900
2010-10-01,46.09966278076172,46.13346707346713,45.90809939061368,45.91936605531115,15800
2010-10-04,46.161659240722656,46.206734515347634,46.09404632878519,46.161659240722656,49700
2010-10-05,46.28561019897461,46.31941450278933,46.139117718086794,46.21799729273075,49600
2010-10-06,46.52786636352539,46.623648052933845,46.41517823015125,46.612381388902804,297100
2010-10-07,46.52222442626953,46.64054372593353,46.482784659714866,46.61800610238627,114400
2010-10-08,46.60108184814453,46.75884083950987,46.53910448744956,46.75884083950987,40600
2010-10-11,46.651832580566406,46.65183258056641,46.432096039964726,46.432096039964726,183000
2010-10-12,46.471519470214844,46.63490972354004,46.44334636523475,46.59546995573529,57000
2010-10-13,46.52222442626953,46.544762049816796,46.37010084059072,46.40954060714539,144600
2010-10-14,46.24613952636719,46.52785333298695,46.212330946516964,46.52785333298695,87500
2010-10-15,46.11094284057617,46.27433746713977,45.98135681515232,46.27433746713977,70200
2010-10-18,46.319332122802734,46.32496759628717,46.11086258994612,46.13340018527711,37900
2010-10-19,46.364479064941406,46.46589625157594,46.20671995209068,46.2912349907217,50400
2010-10-20,46.39823532104492,46.477114795799885,46.3024537157866,46.38133319054157,40100
2010-10-21,46.25180435180664,46.39829684142114,46.246173166578345,46.39829684142114,20800
2010-10-22,46.319332122802734,46.33623424464928,46.2348172149632,46.25171933680975,28400
2010-10-25,46.291236877441406,46.44899599672201,46.28560139500607,46.31377020995554,50900
2010-10-26,46.161659240722656,46.319418403295295,46.0715086914727,46.319418403295295,63500
2010-10-27,46.0039176940918,46.150410243410896,45.91940259646091,46.150410243410896,26700
2010-10-28,46.26304244995117,46.279944590856566,46.11091458457939,46.161625305907194,39200
2010-10-29,46.402679443359375,46.413987177357576,46.255713402478044,46.3574614452773,19800
2010-11-01,46.38006591796875,46.65139111791496,46.34049747995008,46.65139111791496,31000
2010-11-02,46.43659210205078,46.48746396030618,46.363104778833424,46.363104778833424,31300
2010-11-03,46.32354736328125,46.696624996474725,46.238760912680334,46.696624996474725,279500
2010-11-04,46.849220275878906,46.849220275878906,46.65137814081966,46.747472276043425,60500
2010-11-05,46.617462158203125,46.89444113884781,46.60615442932418,46.89444113884781,62000
2010-11-08,46.67399215698242,46.747475150913445,46.64007759249662,46.747475150913445,24100
2010-11-09,46.43659210205078,46.702267751081436,46.391369797399534,46.702267751081436,29400
2010-11-10,46.45921325683594,46.515738993501564,46.22179826262068,46.515738993501564,36100
2010-11-11,46.317893981933594,46.55530464927798,46.17092362530453,46.55530464927798,25600
2010-11-12,45.944801330566406,46.23874194754571,45.84870718420747,46.21047693384692,54300
2010-11-15,45.31735610961914,45.94480146436634,45.31735610961914,45.656514711814374,66800
2010-11-16,45.458675384521484,45.475632668792045,45.22126477946192,45.36258123189774,40800
2010-11-17,45.57173538208008,45.741312553228894,45.475636907862516,45.5095557922013,36800
2010-11-18,45.588687896728516,45.588687896728516,45.29474726394898,45.31735841359632,37100
2010-11-19,45.53215026855469,45.63389825903438,45.47562025290565,45.56606482783636,41000
2010-11-22,45.86000442504883,45.86565828955416,45.622593867444834,45.746953010752165,24100
2010-11-23,45.84870910644531,46.04655127272474,45.7582645089257,46.04089740722082,32600
2010-11-24,45.5604133605957,45.910879637937526,45.543456080062775,45.910879637937526,29400
2010-11-26,45.67912292480469,45.809135942152814,45.57737491942125,45.809135942152814,10300
2010-11-29,45.752620697021484,45.88262943147449,45.63956493593592,45.88262943147449,39000
2010-11-30,45.76111602783203,45.88022599850558,45.74410093592691,45.817834443295,31600
2010-12-01,45.41513442993164,45.65902754519203,45.37543110081196,45.65902754519203,52400
2010-12-02,45.398136138916016,45.53993441359004,45.33574455187225,45.37544789568738,40300
2010-12-03,45.35272216796875,45.63064534496831,45.296003770445466,45.534223636445084,49300
2010-12-06,45.494564056396484,45.710095905096196,45.477548953517626,45.710095905096196,318400
2010-12-07,45.10884475708008,45.46617900693787,45.04078438745981,45.46617900693787,64400
2010-12-08,44.72313690185547,44.921653451969235,44.54730857565988,44.82523174581916,96800
2010-12-09,44.77986526489258,44.97271304745221,44.68911667635768,44.694789815433985,90300
2010-12-10,44.58135223388672,44.762853752800766,44.58135223388672,44.643743786701314,162400
2010-12-13,44.643760681152344,44.76854383400298,44.45658595187638,44.48494733292032,661400
2010-12-14,44.292110443115234,44.570038198765864,44.229723178561706,44.46794325997059,46800
2010-12-15,44.138946533203125,44.541652929387375,44.07088183471953,44.354478254060936,30300
2010-12-16,44.411216735839844,44.43957379141886,44.1106007898581,44.36016711205446,41000
2010-12-17,44.751522064208984,44.81958244482447,44.45091051025447,44.45091051025447,25300
2010-12-20,44.70613098144531,45.06913398388692,44.677769613898846,45.06913398388692,25600
2010-12-21,44.78556823730469,44.9613967197613,44.62675485607419,44.9613967197613,33100
2010-12-22,44.796932220458984,44.808274183310445,44.66647584728731,44.74020942417629,53400
2010-12-23,44.63240051269531,44.82524397761811,44.609712282586024,44.82524397761811,16700
2010-12-27,44.84003829956055,44.840038299560554,44.502553179091095,44.611232535050476,23300
2010-12-28,44.485408782958984,44.84005809270301,44.41677007818258,44.59981389776782,36400
2010-12-29,44.85148239135742,44.93728073713955,44.416751861597135,44.416751861597135,51500
2010-12-30,44.82860565185547,44.851486667614616,44.64556188988987,44.679881231474816,49500
2010-12-31,45.00592803955078,45.04024738111338,44.91440397657381,44.93156801146263,16600
2011-01-03,44.97732925415039,45.00593161713121,44.714204098336715,44.92012889229661,53200
2011-01-04,45.12034225463867,45.16610429981963,44.96017946061412,44.99450317655426,31900
2011-01-05,44.75996398925781,44.943007756886,44.674161268533545,44.93156943070634,45700
2011-01-06,44.902976989746094,44.97733703661179,44.81145290365727,44.828616942880394,36400
2011-01-07,45.074562072753906,45.18324142067092,44.86863733634416,44.86863733634416,44400
2011-01-10,45.183265686035156,45.21758940327453,45.02882423283944,45.02882423283944,15900
2011-01-11,45.148948669433594,45.251911098262205,45.01738386877679,45.251911098262205,41600
2011-01-12,45.223262786865234,45.263303448284304,45.00589981974812,45.09741946123251,125400
2011-01-13,45.314849853515625,45.400652637134165,45.057441502659984,45.057441502659984,38600
2011-01-14,45.394920349121094,45.497882791830634,45.320560282095805,45.497882791830634,91300
2011-01-18,45.32054901123047,45.33770868672961,45.12034115945052,45.206143901054965,55200
2011-01-19,45.41208267211914,45.42352536870279,45.297681890943046,45.31484157170845,70100
2011-01-20,45.21186065673828,45.28622069772023,45.08601723037785,45.28622069772023,124900
2011-01-21,45.274784088134766,45.29766510871486,45.04025690027012,45.05169959261439,28700
2011-01-24,45.297691345214844,45.40065381540709,45.17756919067572,45.40065381540709,48500
2011-01-25,45.469295501708984,45.50933622248553,45.07460964380048,45.07460964380048,86900
2011-01-26,45.280521392822266,45.434962881033194,45.20043561051254,45.434962881033194,34100
2011-01-27,45.42351150512695,45.45210950963764,45.211865324026014,45.37774946097939,45200
2011-01-28,45.48643112182617,45.577955214670965,45.206146224679635,45.206146224679635,25700
2011-01-31,45.40203857421875,45.71198981151121,45.39629752006299,45.5799762199174,181500
2011-02-01,45.344642639160156,45.41352215383712,45.2413255567154,45.39629899081185,126700
2011-02-02,45.258548736572266,45.52258033310067,45.18393253944743,45.52258033310067,24800
2011-02-03,45.09209060668945,45.24706842614421,45.063394092112254,45.063394092112254,53300
2011-02-04,44.90840148925781,45.05763820501326,44.79360671045522,45.05763820501326,32600
2011-02-07,44.948577880859375,44.994497541769626,44.74194378590315,44.86248399057753,83700
2011-02-08,44.730499267578125,44.97157109761563,44.6845795725777,44.85677623925771,53900
2011-02-09,44.97154235839844,45.05189958372505,44.71899295557495,45.05189958372505,39600
2011-02-10,44.79362106323242,45.01173296450083,44.7764022788088,45.01173296450083,69400
2011-02-11,45.04042434692383,45.12652263000235,44.78787055099765,44.78787055099765,109200
2011-02-14,44.9944953918457,45.0805936571535,44.9657945103632,45.05189277567101,23700
2011-02-15,45.11505126953125,45.16671200333989,44.977296611277595,45.16671200333989,29700
2011-02-16,45.16095733642578,45.32741283874983,45.01746166674714,45.32741283874983,31900
2011-02-17,45.29297637939453,45.33889166666021,45.201137046582325,45.304454106425844,83200
2011-02-18,45.35038757324219,45.373347413432064,45.103574765128215,45.32742773305232,28500
2011-02-22,45.59146499633789,45.64312135883285,45.35039321307682,45.64312135883285,47600
2011-02-23,45.45372009277344,45.61443464951178,45.413541453588856,45.61443464951178,37400
2011-02-24,45.47666549682617,45.6029380519126,45.390567189021276,45.574241535405534,22500
2011-02-25,45.643131256103516,45.643131256103516,45.36188078131249,45.36188078131249,57900
2011-02-28,45.65350341796875,45.7801550924483,45.590175384584114,45.7801550924483,50400
2011-03-01,45.716835021972656,45.716835021972656,45.509580422397505,45.64774869135092,39900
2011-03-02,45.590152740478516,45.74559140467002,45.53833692422298,45.555607398878976,31000
2011-03-03,45.37717056274414,45.492310066265475,45.313842518120246,45.492310066265475,38800
2011-03-04,45.595909118652344,45.61318398653604,45.37714244062448,45.37714244062448,33000
2011-03-07,45.51530075073242,45.63619844592989,45.36562039988994,45.49227199084431,42400
2011-03-08,45.440460205078125,45.52681695588324,45.359861742269835,45.503788196182754,85600
2011-03-09,45.64194869995117,45.70527668042461,45.463481332591165,45.57862071947774,21800
2011-03-10,45.87800979614258,45.89528027234147,45.5498575714997,45.768624257165634,52300
2011-03-11,45.87224578857422,45.97011473636036,45.71680712987196,45.97011473636036,46800
2011-03-14,45.94707107543945,46.09099750220606,45.87223091474377,46.09099750220606,22000
2011-03-15,45.90679931640625,46.108295555971935,45.831959110935735,46.108295555971935,29600
2011-03-16,46.171630859375,46.45373003157369,46.00467994330872,46.02770432378806,72500
2011-03-17,46.154335021972656,46.18312207019097,45.970109333321375,46.154335021972656,72300
2011-03-18,46.148616790771484,46.21194043967321,46.05650167911392,46.131341913117986,85800
2011-03-21,46.03343200683594,46.2694734765504,45.84920633947023,46.2694734765504,89300
2011-03-22,46.03343200683594,46.03919029427166,45.837694156885156,45.95283355188134,36400
2011-03-23,45.92408752441406,46.10831335632239,45.90106313867953,45.9413624021504,45300
2011-03-24,45.80894470214844,45.88954322324102,45.757133249570344,45.88954322324102,57800
2011-03-25,45.67076873779297,45.889535487840554,45.59017023028654,45.70530970035595,42100
2011-03-28,45.67650604248047,45.693780909775256,45.56712490333931,45.67650604248046,52600
2011-03-29,45.57866287231445,45.688048465620795,45.503822640851766,45.670777980844036,40900
2011-03-30,45.69953918457031,45.70529747422022,45.54985879197733,45.63621117528557,43800
2011-03-31,45.60591125488281,45.906408837906646,45.58279571704728,45.906408837906646,37900
2011-04-01,45.704166412353516,45.70994640122598,45.47879534356426,45.53080642573701,25600
2011-04-04,45.813941955566406,45.900624111288856,45.721484222610016,45.900624111288856,29800
2011-04-05,45.68103790283203,45.854397823522746,45.56546021353352,45.854397823522746,129500
2011-04-06,45.629058837890625,45.72729663605524,45.600167701934566,45.71574106344105,167700
2011-04-07,45.582820892333984,45.65794753400123,45.525034220248735,45.65794753400123,41600
2011-04-08,45.52503204345703,45.56548315286657,45.449909814222245,45.55970316328227,33600
2011-04-11,45.50191116333008,45.6001533393928,45.43834451187057,45.6001533393928,248400
2011-04-12,45.76773452758789,45.79085007497752,45.59437453542543,45.600154524482804,81400
2011-04-13,45.900634765625,45.900634765625,45.68104374114981,45.72149483536467,36300
2011-04-14,45.73302459716797,45.894828882731765,45.721469037700324,45.894828882731765,25400
2011-04-15,45.998870849609375,46.010430824019046,45.82551091301026,45.94108420407633,35800
2011-04-18,46.039329528808594,46.29359610165858,45.79084294411588,46.29359610165858,37300
2011-04-19,46.1722526550293,46.2300393224143,46.06245490080973,46.2300393224143,57500
2011-04-20,46.10291290283203,46.2069306832153,46.039346236551104,46.2069306832153,50900
2011-04-21,46.14915084838867,46.35718643999462,46.079804181572875,46.35718643999462,65300
2011-04-25,46.230079650878906,46.27631078865234,46.10294622642396,46.27631078865234,55300
2011-04-26,46.397605895996094,46.397605895996094,46.20112601185998,46.36871036899894,52100
2011-04-27,46.322513580322266,46.34562472622263,46.22427137046002,46.31673358942654,77900
2011-04-28,46.41495895385742,46.461190050953356,46.345612308213525,46.438074502405385,71100
2011-04-29,46.55584716796875,46.561641722328524,46.38191322404899,46.44568870859798,79800
2011-05-02,46.573219299316406,46.73555521683773,46.49784589238007,46.73555521683773,114400
2011-05-03,46.62544250488281,46.671825504871066,46.55587242822676,46.671825504871066,39500
2011-05-04,46.73555374145508,46.75294624302301,46.625395333762306,46.68337181342939,62000
2011-05-05,46.85152816772461,46.89791114203928,46.712383668104515,46.81094417103026,84000
2011-05-06,46.88631057739258,46.94428707492776,46.72397019164156,46.80514259617868,130000
2011-05-09,46.93844985961914,46.96164132440486,46.886272381341,46.90946384612672,71700
2011-05-10,46.74716567993164,46.97327713601501,46.72397419426622,46.97327713601501,46600
2011-05-11,46.83412551879883,46.84572347152854,46.65439706139482,46.67178956716644,46900
2011-05-12,46.752967834472656,46.86312629303879,46.642809375906516,46.86312629303879,221500
2011-05-13,46.961647033691406,47.01382451831294,46.76452619402761,46.880479108733354,63100
2011-05-16,46.97906494140625,47.008055397424855,46.828322532090105,47.008055397424855,132000
2011-05-17,47.008087158203125,47.060264706303045,46.89792865889146,47.060264706303045,91900
2011-05-18,46.89209747314453,47.12400784873653,46.82832200927367,47.12400784873653,52800
2011-05-19,46.93844985961914,46.950047803671815,46.67175464956286,46.75872153667938,35800
2011-05-20,46.93844985961914,46.98483278919058,46.78770755017181,46.98483278919058,57000
2011-05-23,46.95585250854492,47.11818837383723,46.91526854222185,47.11818837383723,51300
2011-05-24,46.97906494140625,46.99645744568839,46.89209799667299,46.95587346125588,34000
2011-05-25,46.97906494140625,47.07183086200774,46.89209799667299,47.07183086200774,178500
2011-05-26,47.14719772338867,47.158791251278416,47.03124475120182,47.11241271639709,33200
2011-05-27,47.16460037231445,47.541454247969114,47.05444635203877,47.19359083325839,50500
2011-05-31,47.162269592285156,47.284410345804545,47.05176784176226,47.284410345804545,55800
2011-06-01,47.48215866088867,47.48215866088868,47.20299117605344,47.20299117605344,56300
2011-06-02,47.17390060424805,47.45306803823893,47.13900578432077,47.45306803823893,74200
2011-06-03,47.24951934814453,47.34257814094864,47.10993559622583,47.185542537413575,42900
2011-06-06,47.22624206542969,47.25532403975328,47.10992304270789,47.25532403975328,111500
2011-06-07,47.30768966674805,47.464725306105805,47.09249892455269,47.464725306105805,65700
2011-06-08,47.34254837036133,47.3948905804335,47.30764912636187,47.34836565057535,118300
2011-06-09,47.17390060424805,47.429807783144994,47.14481862945108,47.429807783144994,44000
2011-06-10,47.19718551635742,47.36003399549902,47.1622862441926,47.30187445827534,58300
2011-06-13,47.11575698852539,47.237893336765296,47.02851547198606,47.04014560345697,40100
2011-06-14,46.90055847167969,47.040142225747104,46.82495152932808,46.88892834104388,49000
2011-06-15,47.168087005615234,47.1855344169415,46.9005496782769,46.97615660645294,38000
2011-06-16,47.28441619873047,47.33094115546849,47.162275430092336,47.33094115546849,36200
2011-06-17,47.272743225097656,47.29019062436027,47.17968894993581,47.243665705421165,49900
2011-06-20,47.19137191772461,47.38330239911452,47.109947671793485,47.38330239911452,46400
2011-06-21,47.19137191772461,47.237901326053425,47.02852342586237,47.02852342586237,44400
2011-06-22,47.185546875,47.35421262449664,47.09830979533611,47.35421262449664,27100
2011-06-23,47.29603958129883,47.37746379058337,47.23206278296289,47.3541990968897,45000
2011-06-24,47.39488983154297,47.453049320910175,47.22622420627884,47.31346565897196,39800
2011-06-27,47.26693344116211,47.487945699623275,47.22040851484575,47.487945699623275,83500
2011-06-28,46.99360656738281,47.24950931869983,46.883100383706456,47.24950931869983,47000
2011-06-29,46.88309097290039,46.99940997857891,46.80748406293792,46.94706775720927,135900
2011-06-30,46.80493927001953,46.98000004521736,46.61820985406606,46.94498521898952,124600
2011-07-01,46.892398834228516,47.020775948549975,46.68816453961424,46.68816453961424,336300
2011-07-05,47.06751251220703,47.1316966898961,46.94496734503845,47.1316966898961,70000
2011-07-06,47.11998748779297,47.34756354179274,47.038293747996896,47.34756354179274,89100
2011-07-07,47.125823974609375,47.13749260086375,46.95659995608392,47.01495199130565,157900
2011-07-08,47.435115814208984,47.47596270304586,47.283396890539024,47.47596270304586,182600
2011-07-11,47.621849060058594,47.63935423502462,47.429283231477584,47.63935423502462,77500
2011-07-12,47.621849060058594,47.73855319448368,47.50514492563351,47.73855319448368,84900
2011-07-13,47.72688674926758,47.72688674926758,47.49931056032416,47.545993997024745,128800
2011-07-14,47.50518035888672,47.65106286171787,47.487670718883216,47.616048033691534,67700
2011-07-15,47.604339599609375,47.61600823121049,47.45262067693306,47.557656169250976,41600
2011-07-18,47.49345016479492,47.65683765921025,47.47010845816769,47.65683765921025,43400
2011-07-19,47.69770431518555,47.697704315185554,47.470128146153144,47.54015329507741,46400
2011-07-20,47.569332122802734,47.761897963688455,47.53432177063356,47.540158313320966,32200
2011-07-21,47.411773681640625,47.51097263194621,47.3359164464617,47.50514054214725,68400
2011-07-22,47.49930953979492,47.5985085016692,47.44678956164077,47.5985085016692,34900
2011-07-25,47.4526252746582,47.54015560206684,47.3359211394316,47.3475897721633,181000
2011-07-26,47.63932800292969,47.66266970735731,47.359236453748004,47.359236453748004,44200
2011-07-27,47.47012710571289,47.610172948514766,47.35342297870751,47.405938500266814,32700
2011-07-28,47.65102005004883,47.656852139496195,47.49930113686046,47.49930113686046,37200
2011-07-29,48.0134391784668,48.06612828446655,47.726561379048306,47.91390786709068,43800
2011-08-01,48.27104949951172,48.31788724953998,48.07199576193216,48.15981542656172,232400
2011-08-02,48.46422576904297,48.4876446314454,48.24175327625682,48.417388044238116,70100
2011-08-03,48.49935531616211,48.622305469287184,48.38226546242307,48.59303077250662,188200
2011-08-04,48.75107955932617,48.77449841238172,48.49348110909422,48.65740861379351,87100
2011-08-05,48.37641525268555,48.69256325455784,48.241762351903645,48.69256325455784,119000
2011-08-08,48.048553466796875,48.60473696052957,47.81436929749676,48.25346293992516,264500
2011-08-09,48.89744567871094,49.13162975042078,47.98413271240119,48.27686168536607,125400
2011-08-10,48.65157699584961,49.22532801452014,48.53448713899035,49.12580118952059,124700
2011-08-11,48.13637924194336,48.622310673687196,48.007577709028894,48.622310673687196,173300
2011-08-12,48.417381286621094,48.47007483634494,48.16563413429545,48.28858426142087,90700
2011-08-15,48.36469268798828,49.570734911971854,48.31199913773668,49.570734911971854,92100
2011-08-16,48.41151809692383,48.50518904388866,48.171478199451606,48.50518904388866,50400
2011-08-17,48.72768020629883,48.73353157135084,48.37640176877969,48.59302287635771,85400
2011-08-18,48.53446960449219,48.92086956588283,48.24174060140923,48.92086956588283,155000
2011-08-19,48.516929626464844,48.516929626464844,48.29445261975463,48.33543452098668,53900
2011-08-22,48.3178825378418,48.52864792572257,48.30031949996727,48.52864792572257,97600
2011-08-23,48.048553466796875,48.35884559277563,48.007571572171216,48.35884559277563,66300
2011-08-24,47.667991638183594,47.9255946002251,47.492356909538266,47.9255946002251,58200
2011-08-25,47.73826217651367,47.89048255922721,47.603604825134084,47.63873535449357,26300
2011-08-26,47.91386795043945,47.94314262940145,47.76750348900723,47.80263399709941,45400
2011-08-29,47.92557144165039,47.95484611562365,47.714806295769606,47.82018886871,171900
2011-08-30,48.21833038330078,48.28858696463534,48.066110023754675,48.16563683062713,50400
2011-08-31,48.347564697265625,48.55312317557278,48.30645300160419,48.52963013793214,138000
2011-09-01,48.58247375488281,48.58247375488281,48.17722683750204,48.347547940736895,37000
2011-09-02,48.694053649902344,48.74690959384127,48.50610945588959,48.64706760139916,59700
2011-09-06,48.694053649902344,48.741035217569326,48.529602480141186,48.741035217569326,87100
2011-09-07,48.62947082519531,48.699945448810816,48.453275304480094,48.64708948109919,68600
2011-09-08,48.77628707885742,48.782156975506766,48.53548689112033,48.764538323884466,115700
2011-09-09,48.746910095214844,48.876119489509456,48.6235750772526,48.77040311970807,41700
2011-09-12,48.54722595214844,48.69992388960894,48.45912823079123,48.62944929719217,80600
2011-09-13,48.423892974853516,48.46500465291177,48.21833458456223,48.46500465291177,68800
2011-09-14,48.42974853515625,48.488478840872396,48.271176261639155,48.45324155360973,171000
2011-09-15,48.20659637451172,48.230089405048034,48.01278223321519,48.159610313439096,60300
2011-09-16,48.2476921081543,48.28292940189142,48.01276636128967,48.188961791647124,40400
2011-09-19,48.39450454711914,48.441490577520334,48.24180218873248,48.37688590592731,58800
2011-09-20,48.44743347167969,48.49441957287993,48.32409831665999,48.48854519001959,60400
2011-09-21,48.41217041015625,48.54137987937486,48.277086561198914,48.418044789894964,53500
2011-09-22,48.423892974853516,48.435641729062645,48.20071593408539,48.39453005100439,54300
2011-09-23,48.071510314941406,48.30643612845086,47.907063589735955,48.2477057952828,152700
2011-09-26,47.860076904296875,47.98928632407736,47.79547219440663,47.865951281787936,207200
2011-09-27,47.8131103515625,47.86596632307997,47.59580312447854,47.62516605948651,228400
2011-09-28,47.66627502441406,47.742624020893125,47.49595389611042,47.742624020893125,55900
2011-09-29,47.61928939819336,47.80722918273998,47.519447367836264,47.607540641187875,38700
2011-09-30,47.69880676269531,47.73415523090133,47.57508262900118,47.73415523090133,53800
2011-10-03,47.451358795166016,47.740048442276645,47.38065736333413,47.586864254127434,493100
2011-10-04,47.186256408691406,47.84612329838005,47.16858216525808,47.66348345626842,142600
2011-10-05,47.18034744262695,47.31585291325002,47.103753094474065,47.13910606091905,230900
2011-10-06,47.16855239868164,47.19211954004542,46.96823843954847,47.18622663096132,298800
2011-10-07,47.08019256591797,47.20980513214774,46.96235683074497,47.15088951204809,54900
2011-10-10,46.96234893798828,47.03893878174835,46.77381628837102,47.03893878174835,39800
2011-10-11,47.2392463684082,47.2392463684082,47.03303953273043,47.07428089986598,44100
2011-10-12,47.22750473022461,47.23339314835468,47.003618981963115,47.13323610043542,85500
2011-10-13,47.280494689941406,47.374763254386686,47.18622612549613,47.274601780920435,97500
2011-10-14,47.327640533447266,47.3865561531313,47.086080649276965,47.233371945973886,64300
2011-10-17,47.527976989746094,47.557437060990736,47.32766288920501,47.480842673744974,56700
2011-10-18,47.716461181640625,47.74002831564897,47.510254377781656,47.51614728502654,120700
2011-10-19,47.90503692626953,47.92271116895936,47.681155693906305,47.82255413040017,98400
2011-10-20,47.887351989746094,47.975727678435106,47.77540915107507,47.86378483976408,61400
2011-10-21,48.11122131347656,48.12889554621182,47.93446999617855,48.058194120298076,58500
2011-10-24,48.211395263671875,48.211395263671875,48.034643884166044,48.181935202096135,116400
2011-10-25,48.488319396972656,48.553127957492805,48.16427659437189,48.246759399583766,98300
2011-10-26,48.405818939208984,48.54721734015359,48.31155034192984,48.47062298112075,148300
2011-10-27,48.31153106689453,48.57665352476051,48.170132722364166,48.57665352476051,66700
2011-10-28,48.43527603149414,48.47651742036033,48.282091803573636,48.37046749256525,70200
2011-10-31,48.62854766845703,48.75858705443751,48.49260068101884,48.58717191015592,56200
2011-11-01,48.97728729248047,48.97728729248047,48.35073884239407,48.35073884239407,75500
2011-11-02,49.04823684692383,49.04823684692382,48.823621653610296,48.87090953742586,57300
2011-11-03,48.912269592285156,48.95955746090659,48.73494233976447,48.870893834646246,86900
2011-11-04,48.88862991333008,48.92409356307329,48.740858693240355,48.8176981042239,145300
2011-11-07,48.92999267578125,49.05411992652648,48.729026034465704,48.864972995445385,41300
2011-11-08,48.788150787353516,49.05413720268149,48.73495079851584,48.92409779621176,62700
2011-11-09,48.85315704345703,48.94772826146362,48.711297961637705,48.711297961637705,68800
2011-11-10,48.69355773925781,48.752669819109386,48.54578655886597,48.65218198913284,71900
2011-11-11,48.65224075317383,48.681796828798575,48.56358154554757,48.63450891164858,50400
2011-11-14,48.634498596191406,48.76453808596032,48.53401517577835,48.67587438751578,117500
2011-11-15,48.55170440673828,48.68765589299802,48.48077260830462,48.62263620517194,62800
2011-11-16,48.616756439208984,48.622668553749875,48.48080486250088,48.56946854212599,60100
2011-11-17,48.250267028808594,48.468970102735604,48.179339714815484,48.468970102735604,132900
2011-11-18,48.161624908447266,48.28575226142716,48.08478094496761,48.268020426661785,78600
2011-11-21,48.04926681518555,48.22658948624132,47.97833504099272,48.22658948624132,91800
2011-11-22,48.055198669433594,48.07293049286334,47.8837835269137,48.043374447400836,93800
2011-11-23,47.812870025634766,47.889709459783134,47.73011847820694,47.848333686069225,77000
2011-11-25,47.71827697753906,47.87786788626089,47.59414520344325,47.87786788626089,39100
2011-11-28,47.812870025634766,47.830601855851995,47.546883553134066,47.58825932684798,51900
2011-11-29,47.69466018676758,47.78923146177909,47.57644045597617,47.736035965139166,78400
2011-11-30,47.81917953491211,47.86662028331589,47.647210215097466,47.83104198411244,92300
2011-12-01,47.777652740478516,48.03264101572743,47.546384830857086,48.03264101572743,114300
2011-12-02,48.115684509277344,48.12161573475065,47.74209874004899,47.89034770748555,124700
2011-12-05,48.305416107177734,48.32913647166255,48.097868573181756,48.097868573181756,88500
2011-12-06,48.05635070800781,48.180879206746326,47.973331708848804,48.080071068366976,104700
2011-12-07,48.382511138916016,48.412162730008546,48.14531650696619,48.352864072021084,62800
2011-12-08,48.38844299316406,48.435883729851895,48.21054701688117,48.31135518919457,106200
2011-12-09,48.204593658447266,48.3943519938649,48.145295026915925,48.3943519938649,68000
2011-12-12,48.15717697143555,48.34100417816146,48.151245748064376,48.34100417816146,54000
2011-12-13,48.47148513793945,48.49520551759641,48.18091840449139,48.263937471190836,101900
2011-12-14,48.59006118774414,48.60191910916465,48.4358810640931,48.49517971959045,281300
2011-12-15,48.5722770690918,48.57820376831655,48.45367522162842,48.501115960613774,95800
2011-12-16,48.61973571777344,48.714617239523925,48.524858720222916,48.714617239523925,124100
2011-12-19,48.72050857543945,48.75608685486595,48.590048851947294,48.601906770357374,92700
2011-12-20,48.62562942504883,48.70864843042416,48.54261041967349,48.70271720884122,113600
2011-12-21,48.48332977294922,48.595995879666845,48.429957807284524,48.595995879666845,99100
2011-12-22,48.69088363647461,48.74425108481669,48.46554686981014,48.684952411925906,117500
2011-12-23,48.45745849609375,48.90994371847372,48.42768799820209,48.90994371847372,135200
2011-12-27,48.64800262451172,48.665863115398004,48.46939317330633,48.53488012577519,44200
2011-12-28,48.79681396484375,48.826584458274155,48.534848158142744,48.74918299229092,66600
2011-12-29,48.86827087402344,48.921852322848956,48.70751744286583,48.7908693914881,82900
2011-12-30,49.04096221923828,49.08263822111719,48.880208681745664,48.921884683624576,152900
2012-01-03,49.0230827331543,49.09452923346449,48.89210429609889,49.03499275437709,296100
2012-01-04,48.898048400878906,48.9933103888953,48.850421949212304,48.98735537905888,114200
2012-01-05,48.85638427734375,48.921875774418695,48.74921678597955,48.74921678597955,81500
2012-01-06,48.98738479614258,49.04097083216579,48.88617227985291,48.98142978273015,82500
2012-01-09,49.07072067260742,49.22551917399896,49.01713919655429,49.10049118753216,250100
2012-01-10,49.1064567565918,49.18385375275606,48.96951871777707,49.112407226981794,129400
2012-01-11,49.21955108642578,49.29695258772977,49.11833863031923,49.29695258772977,517900
2012-01-12,49.19575500488281,49.2731565367341,49.07072700228852,49.2731565367341,413900
2012-01-13,49.27910614013672,49.362462682744,49.17789364586526,49.17789364586526,133200
2012-01-17,49.421993255615234,49.4338987360794,49.33268625393425,49.356501757205365,198800
2012-01-18,49.421993255615234,49.49343522308579,49.356501757205365,49.47557473121815,288600
2012-01-19,49.469600677490234,49.5410471598017,49.35648275842338,49.5410471598017,265600
2012-01-20,49.30292510986328,49.57679663601946,49.26720411933881,49.57679663601946,192500
2012-01-23,49.356475830078125,49.386241786773766,49.24335338454963,49.29693937434644,139100
2012-01-24,49.35053634643555,49.350536346435554,49.20764789926174,49.302905349930334,129200
2012-01-25,49.59469223022461,49.719720316437034,49.25532898412047,49.3446315154533,145800
2012-01-26,49.90422821044922,49.92208869641339,49.69584830363175,49.80301576175806,199800
2012-01-27,50.08884048461914,50.11265600277555,49.82092385446434,50.06502496646272,190200
2012-01-30,50.07693099975586,50.1483775485225,50.04120999654517,50.1483775485225,112600
2012-01-31,50.31096267700195,50.31096267700195,50.04827650817538,50.15574048107554,138800
2012-02-01,50.2572135925293,50.346767627905535,50.090048489110956,50.346767627905535,247200
2012-02-02,50.34675216674805,50.34675216674805,50.13779585164424,50.26913656763374,160600
2012-02-03,50.34675216674805,50.34675216674805,50.07809014312368,50.23928826827951,131500
2012-02-06,50.44229507446289,50.47214794172723,50.16169451984705,50.275129949561894,5261000
2012-02-07,50.2691535949707,50.37065060089144,50.23333380165021,50.37065060089144,1046900
2012-02-08,50.287052154541016,50.32884341851035,50.21540803563381,50.221379517602614,214000
2012-02-09,50.22735595703125,50.316909983899016,50.096015213186476,50.316909983899016,230000
2012-02-10,50.34675216674805,50.400481838529295,50.251226677039995,50.34675216674805,187200
2012-02-13,50.35272216796875,50.4064563979368,50.269139636824086,50.2810826012198,339800
2012-02-14,50.340816497802734,50.40648917997062,50.275143815634856,50.32887808054917,217800
2012-02-15,50.40645217895508,50.496006184802,50.35271795348454,50.436305032539366,191900
2012-02-16,50.203460693359375,50.34077743722934,50.10196828327179,50.328839029239056,235400
2012-02-17,50.263206481933594,50.263206481933594,50.12588962855617,50.149771018487435,127800
2012-02-21,50.17962646484375,50.25723756991358,50.10201080486429,50.25723756991358,217400
2012-02-22,50.358673095703125,50.358673095703125,50.14971685312931,50.26911911891307,144300
2012-02-23,50.37065887451172,50.44826995775665,50.25722343715438,50.26916185191962,160800
2012-02-24,50.460208892822266,50.49603324730407,50.364687908990376,50.49603324730407,212600
2012-02-27,50.60348129272461,50.69900224652759,50.5676569495049,50.693035318413436,156800
2012-02-28,50.70494079589844,50.78852328427803,50.68703091337481,50.68703091337481,268500
2012-02-29,50.64451599121094,50.85403731082358,50.61458698396469,50.85403731082358,213600
2012-03-01,50.662452697753906,50.7043569438012,50.548715211179974,50.62054845170661,160100
2012-03-02,50.812129974365234,50.848051174999746,50.62056698412833,50.62056698412833,171200
2012-03-05,50.71036911010742,50.8001652714415,50.59064393981032,50.8001652714415,370800
2012-03-06,50.6564826965332,50.7702202124244,50.644507441878474,50.7702202124244,173500
2012-03-07,50.68642044067383,50.734312333109806,50.6145871692421,50.680437379536016,238400
2012-03-08,50.64451599121094,50.70437857292566,50.59064103783436,50.70437857292566,222500
2012-03-09,50.614585876464844,50.614585876464844,50.47689783103374,50.58465230265135,420800
2012-03-12,50.58463668823242,50.656474502876705,50.55470312365879,50.656474502876705,149300
2012-03-13,50.43498992919922,50.530773704714015,50.387098041441824,50.530773704714015,360300
2012-03-14,50.10574722290039,50.33921450542483,50.04588463688278,50.33921450542483,317700
2012-03-15,50.12367248535156,50.21346401336733,49.991972154636265,49.991972154636265,168500
2012-03-16,50.18354415893555,50.18952721707932,49.9919812522757,50.08177736385187,163700
2012-03-19,50.00396728515625,50.14763836744787,49.9500923420049,50.1356676802658,1071200
2012-03-20,49.896209716796875,50.02192247685693,49.698659136464904,49.79444289682746,189600
2012-03-21,50.10574722290039,50.11772248043744,49.9441177839306,50.02193868903123,111900
2012-03-22,50.10574722290039,50.159626747372016,50.06983058473433,50.159626747372016,135200
2012-03-23,50.171592712402344,50.21948460359487,50.11173013202274,50.18356796881154,136800
2012-03-26,50.21946716308594,50.279329722676124,50.0937544177804,50.279329722676124,207500
2012-03-27,50.41699981689453,50.43495812167245,50.16557441556592,50.16557441556592,372200
2012-03-28,50.3631477355957,50.47688981736283,50.2913144774029,50.3990689319135,154200
2012-03-29,50.50082015991211,50.50082015991211,50.40503642227992,50.46490354191003,120900
2012-03-30,50.278724670410156,50.51886277891654,50.230696132658196,50.51886277891654,188400
2012-04-02,50.224666595458984,50.41677605373856,50.17063337705963,50.362742835339205,751600
2012-04-03,50.044551849365234,50.41076114578278,49.99051864189797,50.32671356105579,127800
2012-04-04,50.28469467163086,50.28469467163087,50.12860432181143,50.14661386597323,212500
2012-04-05,50.344730377197266,50.3687446306245,50.21265427347272,50.344730377197266,757700
2012-04-09,50.59689712524414,50.63892094357729,50.48283051251729,50.63892094357729,140900
2012-04-10,50.68691635131836,50.69292105865717,50.560844978701454,50.668906809551615,188600
2012-04-11,50.62092208862305,50.62092208862305,50.45883149229572,50.60291253128153,154400
2012-04-12,50.59090805053711,50.63293188185892,50.554888932333874,50.63293188185892,185300
2012-04-13,50.734989166259766,50.77100828125575,50.64493679851611,50.69896547101009,215100
2012-04-16,50.734989166259766,50.82504153400342,50.69896547101009,50.75900343634165,209300
2012-04-17,50.6809196472168,50.686924355503834,50.59086734391285,50.66291010260609,272600
2012-04-18,50.72895812988281,50.758977096971435,50.68092961464154,50.72895812988281,146100
2012-04-19,50.78900146484375,50.80701101653563,50.740972940163935,50.78900146484375,166600
2012-04-20,50.807003021240234,50.80700302124024,50.68693630868733,50.75897908436997,154900
2012-04-23,50.78900146484375,50.84903483056742,50.764987202503846,50.84903483056742,140600
2012-04-24,50.770999908447266,50.813023729096855,50.75299035391928,50.79501417456888,153400
2012-04-25,50.7769889831543,50.825017500607046,50.668927109011385,50.76497956366536,206100
2012-04-26,50.92106628417969,50.963090088858316,50.82501383645048,50.86103293181753,200500
2012-04-27,51.005130767822266,51.00513076782227,50.87905931207754,50.897068865719255,149000
2012-04-30,51.01653289794922,51.052657851336754,50.93825604065986,51.01653289794922,176600
2012-05-01,51.040679931640625,51.17314439235967,50.93832270061893,51.17314439235967,281000
2012-05-02,51.13693618774414,51.13693618774414,51.05264159420769,51.076726420033935,189000
2012-05-03,51.16105651855469,51.179119002031754,51.070739507455365,51.08277963186874,173100
2012-05-04,51.269474029541016,51.28753652641145,51.15507209107168,51.23936680561201,492200
2012-05-07,51.25140380859375,51.269466302742,51.19721173243229,51.25140380859375,140900
2012-05-08,51.209251403808594,51.323648720029816,51.18516654941564,51.257416518878244,249700
2012-05-09,51.16105651855469,51.32964582262597,51.118909192536876,51.32964582262597,556900
2012-05-10,51.100868225097656,51.112908354580526,50.96840383220633,51.10688599298112,263000
2012-05-11,51.233333587646484,51.26344080519689,51.155061253218435,51.203230963812516,270000
2012-05-14,51.275489807128906,51.29957007071829,51.17915037790407,51.26946744437315,227000
2012-05-15,51.20319366455078,51.25738110420863,51.13093915129388,51.25738110420863,226800
2012-05-16,51.106910705566406,51.15508043422211,50.99853111295017,51.04670084160587,172000
2012-05-17,50.890113830566406,51.04666303589632,50.87807370417861,50.90818091072024,258400
2012-05-18,50.829898834228516,50.92623821037787,50.73356405179346,50.87204616286528,187000
2012-05-21,50.685401916503906,50.74561173871215,50.66733942921292,50.72754925142117,181600
2012-05-22,50.703487396240234,50.703487396240234,50.583067697217174,50.62521505124695,174100
2012-05-23,50.71550369262695,50.78775363405259,50.667334002533536,50.71550369262695,124100
2012-05-24,50.69744873046875,50.72153358127184,50.63121653918914,50.685408601925,337600
2012-05-25,50.85400390625,50.87206639803407,50.73358423187878,50.787771707230995,176000
2012-05-29,50.811866760253906,50.9383088218391,50.81186676025391,50.88412133560989,94700
2012-05-30,51.08280563354492,51.094850357803196,50.96840831538943,50.998510938602415,223800
2012-05-31,51.2228889465332,51.27723142350906,51.10815979710909,51.19873519892516,229600
2012-06-01,51.331581115722656,51.35573486455805,51.150430302885454,51.22289154939164,227800
2012-06-04,51.15646743774414,51.26515699886112,51.11419953102399,51.26515699886112,229700
2012-06-05,51.06585693359375,51.126238957851434,50.993395740372634,51.02962864040976,213800
2012-06-06,50.98740005493164,51.08401044682373,50.872670895631614,51.02362837603408,288000
2012-06-07,51.05379867553711,51.09606656670108,50.99341202514177,51.023605350339444,142300
2012-06-08,51.162513732910156,51.301392041685354,51.126280803217426,51.25308453999966,151300
2012-06-11,51.26518630981445,51.31349383278776,51.168571263867854,51.2048042095273,149600
2012-06-12,51.10818862915039,51.18668489801697,51.08403486791631,51.18064991285263,168100
2012-06-13,51.19268035888672,51.20475953252024,51.02360878285688,51.07795124364293,178200
2012-06-14,51.168548583984375,51.228930657507846,51.114206099870316,51.228930657507846,137600
2012-06-15,51.38595199584961,51.38595199584961,51.283301961708155,51.32556989381693,129400
2012-06-18,51.422149658203125,51.422149658203125,51.301380930146614,51.404030893852706,125900
2012-06-19,51.37987518310547,51.434222260366255,51.283264811211254,51.434222260366255,203100
2012-06-20,51.410064697265625,51.44025802759635,51.2409931038665,51.33156848800329,184300
2012-06-21,51.50668716430664,51.60933713140053,51.452340083173596,51.51876173408284,221500
2012-06-22,51.4583740234375,51.48252776719485,51.391952379818676,51.44025986733338,259200
2012-06-25,51.5368766784668,51.579144583612454,51.48856918491286,51.524802108506385,309100
2012-06-26,51.422149658203125,51.488566700064304,51.39195632447502,51.4462987969585,201200
2012-06-27,51.44027328491211,51.48857617817047,51.3798866063398,51.48857617817047,180200
2012-06-28,51.5489387512207,51.5730924899834,51.49459168729098,51.542899164816376,194900
2012-06-29,51.59859848022461,51.604655236671576,51.47143431454756,51.525931262715645,236600
2012-07-02,51.87110900878906,51.907440315922244,51.67127757965139,51.6954999910577,454400
2012-07-03,51.89533233642578,51.925611508902,51.82872185294057,51.871114542388504,135600
2012-07-05,51.967987060546875,51.9861527116757,51.901376593106534,51.91954224423536,176800
2012-07-06,52.08304214477539,52.10726455283836,51.95587796740879,52.07092863076794,289400
2012-07-09,52.131507873535156,52.13756463350532,52.04673171376971,52.07701089366632,174400
2012-07-10,52.12541198730469,52.149634386902505,52.07091043322203,52.10724634259392,159300
2012-07-11,52.204124450683594,52.25256924350361,52.10118273090334,52.25256924350361,246100
2012-07-12,52.282859802246094,52.28891655819283,52.12542110724013,52.22836285857891,229400
2012-07-13,52.295005798339844,52.30711469780388,52.21628640193857,52.30106255804887,175100
2012-07-16,52.397945404052734,52.464555898181075,52.34950056833143,52.34950056833143,499900
2012-07-17,52.4705810546875,52.49480345795904,52.37974819740699,52.37974819740699,152600
2012-07-18,52.58566665649414,52.62200259553466,52.513004018321325,52.59778017615902,293700
2012-07-19,52.4887809753418,52.65833328900277,52.4887809753418,52.59172279149967,371400
2012-07-20,52.70073318481445,52.718898848215225,52.6159570089741,52.682567521413674,225700
2012-07-23,52.60383224487305,52.64016356071949,52.53116499322647,52.64016356071949,167400
2012-07-24,52.646175384521484,52.688563423480446,52.506897759399315,52.54928579835828,270200
2012-07-25,52.70073318481445,52.70073318481445,52.6159570089741,52.682567521413674,164300
2012-07-26,52.66434097290039,52.70672901181586,52.6037872915854,52.65828421878397,207400
2012-07-27,52.52510070800781,52.591711190817975,52.355548431746676,52.591711190817975,183800
2012-07-30,52.658321380615234,52.67043489739679,52.482712346906794,52.54932282934631,199400
2012-07-31,52.81926727294922,52.86177511897415,52.72210383460207,52.86177511897415,327700
2012-08-01,52.74637985229492,52.886046464359566,52.667438055606496,52.7706707050467,264600
2012-08-02,52.600650787353516,52.8314069890783,52.59457691459544,52.7888991457867,236600
2012-08-03,52.588462829589844,52.68562618739235,52.497373339900975,52.67347845116509,169300
2012-08-06,52.764591217041016,52.82531602595333,52.703866408128704,52.764591217041016,756900
2012-08-07,52.48521041870117,52.62488153455264,52.454845722602364,52.485210418701165,354400
2012-08-08,52.442752838134766,52.5824194547155,52.43060509486286,52.48526067357324,178700
2012-08-09,52.45491409301758,52.48527882869417,52.29095656618528,52.41848011661222,278800
2012-08-10,52.57636260986328,52.62494432838982,52.52778089133673,52.62494432838982,229000
2012-08-13,52.57024383544922,52.63096861523725,52.55202686481317,52.63096861523725,159700
2012-08-14,52.442752838134766,52.467043691671975,52.35166329562186,52.467043691671975,303400
2012-08-15,52.218048095703125,52.34557155849492,52.19375725045636,52.321285346253156,268800
2012-08-16,52.19376754760742,52.29700481852482,52.12696886825154,52.29700481852482,412900
2012-08-17,52.254520416259766,52.33953611300818,52.15735697254272,52.26058965673608,188400
2012-08-20,52.29093551635742,52.30915249722681,52.23021070245733,52.242353812034814,203900
2012-08-21,52.327327728271484,52.357692427497945,52.21195206381671,52.272676829267006,271800
2012-08-22,52.673500061035156,52.68564780224616,52.44274394108989,52.527759597543714,442300
2012-08-23,52.75849914550781,52.770646882903094,52.68563125315354,52.75849914550781,533900
2012-08-24,52.71600341796875,52.794949830126754,52.67956946343761,52.77065898277086,323200
2012-08-27,52.788883209228516,52.84353414853012,52.764592358536895,52.83139103968733,334600
2012-08-28,52.8557014465332,52.89820929271955,52.801045854003455,52.8617753197049,303600
2012-08-29,52.88604736328125,52.904268977909624,52.7706716020073,52.904268977909624,710600
2012-08-30,52.81926727294922,52.922499951437246,52.81319339980058,52.89213521870183,662200
2012-08-31,53.127960205078125,53.127960205078125,52.853949661139815,52.90874991166194,577500
2012-09-04,53.01835632324219,53.109694721955314,52.969641891173325,53.109694721955314,292700
2012-09-05,52.98182678222656,53.030536572272375,52.93920281239631,52.994003068321945,384600
2012-09-06,52.829586029052734,52.90265302087426,52.707799966578094,52.90265302087426,1243400
2012-09-07,52.93915939331055,53.13401233067418,52.93915939331055,53.12183140890494,537900
2012-09-10,52.97572326660156,53.05488072088304,52.90874209541603,52.96354698350562,1026900
2012-09-11,53.01835632324219,53.05488982446187,52.90266070849463,52.987908641783164,338200
2012-09-12,52.91480255126953,52.9756932235438,52.89044535322772,52.92089301219511,329800
2012-09-13,53.09751892089844,53.15232382368663,52.793060659550015,53.00009469301242,257500
2012-09-14,52.96965408325195,53.07925925780285,52.896587063994694,53.07317343664142,227800
2012-09-17,53.140140533447266,53.16449775075396,53.01226862683526,53.03662584414195,201600
2012-09-18,53.26190948486328,53.30453344002122,53.15839482886012,53.24972855729663,422800
2012-09-19,53.36539840698242,53.38366514386113,53.29232681380714,53.38366514386113,262600
2012-09-20,53.2984619140625,53.4263338249713,53.231480725634405,53.4263338249713,186800
2012-09-21,53.38976287841797,53.38976287841797,53.2070861934225,53.23144339446596,251200
2012-09-24,53.43240737915039,53.4567645895663,53.371516675942054,53.43240737915039,428500
2012-09-25,53.444580078125,53.462851468959,53.28626518953073,53.39587030622199,336100
2012-09-26,53.46286392211914,53.51157370536817,53.40196856314648,53.420239958236465,155900
2012-09-27,53.401981353759766,53.517676988722364,53.37762877913424,53.40198135375976,747400
2012-09-28,53.52836608886719,53.558896278395586,53.44288714809114,53.52226377756382,253500
2012-10-01,53.6382942199707,53.71767088787564,53.55892221032093,53.57113149709198,567000
2012-10-02,53.76038360595703,53.778699856119594,53.668797696891374,53.729853416850865,245000
2012-10-03,53.748199462890625,53.82146916241154,53.73599017543152,53.77262269606426,895200
2012-10-04,53.79087448120117,53.85193016182459,53.74202807340251,53.803088412275756,916900
2012-10-05,53.705421447753906,53.78479340494501,53.662681984919914,53.74205394211102,319600
2012-10-08,53.778709411621094,53.79702566503813,53.668807232865255,53.72375599311634,233200
2012-10-09,53.778709411621094,53.809234947898254,53.71154671025621,53.73596993423014,161600
2012-10-10,53.88862228393555,53.88862228393555,53.6810271680892,53.717664340447136,151200
2012-10-11,53.949642181396484,53.98017236170067,53.754261138903594,53.754261138903594,182100
2012-10-12,54.0595588684082,54.138930837023665,53.97407993043686,54.035135649237425,314900
2012-10-15,54.15113830566406,54.181663832290724,54.09618490453255,54.157240616038074,280400
2012-10-16,54.187767028808594,54.206083275160005,54.108395075201855,54.13281828975436,326500
2012-10-17,54.157230377197266,54.21829073541105,54.1144909213984,54.21218376793941,759800
2012-10-18,54.083988189697266,54.17557410735783,54.05345799772599,54.132834633550004,533700
2012-10-19,54.09006118774414,54.163330813815264,54.04732173709867,54.120591363169794,183000
2012-10-22,53.894683837890625,54.047325408887346,53.88247456184136,54.047325408887346,257200
2012-10-23,53.99238586425781,54.01680907876219,53.85806051360964,53.92522318893372,413700
2012-10-24,53.98628616333008,54.090081345257,53.900807230184085,53.92523044797615,231900
2012-10-25,53.91912841796875,53.992398078056475,53.82144019610471,53.894705197939516,558900
2012-10-26,54.065643310546875,54.08395955273005,53.96795047456888,54.03511313474105,254200
2012-10-31,54.21220016479492,54.261046602839365,53.998502821166355,54.06566550891429,243200
2012-11-01,54.23051452636719,54.26714702449874,54.16335184095764,54.261044713645184,251900
2012-11-02,54.23601531982422,54.26662442059036,54.03400646347102,54.242138074036056,179700
2012-11-05,54.23601531982422,54.32171519761774,54.229892565612374,54.31559711369896,343600
2012-11-06,54.02180099487305,54.21156446704583,54.00956014872801,54.162596412169584,180000
2012-11-07,54.2176513671875,54.309473998582675,54.138074244134636,54.24213771357908,579800
2012-11-08,54.131954193115234,54.21765407461879,54.10134509102399,54.17480413386701,266400
2012-11-09,54.08299255371094,54.22990599913625,54.015656251579706,54.2176651579734,320300
2012-11-12,54.26662063598633,54.272743389771165,54.08297538478318,54.08297538478318,387700
2012-11-13,54.24214172363281,54.3156007682383,54.13195549187128,54.29723250436689,337900
2012-11-14,54.1258430480957,54.242152056637636,54.113602206809624,54.21766570377121,445300
2012-11-15,54.10747146606445,54.12583506043068,54.00953073934672,54.10134871117785,577300
2012-11-16,54.180931091308594,54.23602187499446,54.11971755267087,54.138081147232825,160600
2012-11-19,54.24214172363281,54.24214172363281,54.101346389045645,54.1441963308255,160000
2012-11-20,54.04015350341797,54.168703377878785,54.0095490591912,54.125853419725175,177200
2012-11-21,53.991146087646484,54.033996018260005,53.9360553212686,54.00951434673128,209200
2012-11-23,54.05851364135742,54.08912275391872,53.966695644263254,54.00342284310092,124400
2012-11-26,54.00340270996094,54.16867971340798,53.99115720138374,54.125829773974075,355600
2012-11-27,54.17481231689453,54.17481231689453,54.00341252799772,54.08298966704439,262900
2012-11-28,54.205406188964844,54.26661971489598,54.14418799274105,54.23601061678408,221900
2012-11-29,54.28501892089844,54.32174612649453,54.20544175200834,54.260532560402474,163300
2012-11-30,54.2911491394043,54.33411052207156,54.248187756737025,54.3034264958461,309800
2012-12-03,54.24202346801758,54.25430081866261,54.14382807504395,54.19292811274942,213500
2012-12-04,54.34023666381836,54.346375340623055,54.260452595111175,54.260452595111175,176000
2012-12-05,54.438411712646484,54.44455038715442,54.37090034036927,54.38317768938514,297400
2012-12-06,54.444557189941406,54.48751855199154,54.420007171278854,54.48137987671659,212600
2012-12-07,54.315677642822266,54.41387772567881,54.315677642822266,54.370911677600816,234800
2012-12-10,54.297279357910156,54.40775213647672,54.27886800855553,54.40161345921224,344600
2012-12-11,54.38319778442383,54.44457050487083,54.35864775975734,54.40774780909031,371700
2012-12-12,54.260467529296875,54.45072442066093,54.23591749775962,54.432313067617926,484800
2012-12-13,54.20521545410156,54.27272685361234,54.192942782571684,54.20521545410156,296300
2012-12-14,54.309547424316406,54.309547424316406,54.223624679655565,54.260452057680496,227400
2012-12-17,54.08858108520508,54.272703857206885,54.05175840377935,54.223603827014855,271000
2012-12-18,53.86765670776367,54.10087960120712,53.867656707763665,54.05177955180445,423300
2012-12-19,54.02110290527344,54.11316434783759,53.990418879378375,53.990418879378375,314400
2012-12-20,54.13153839111328,54.17449974370796,54.039481694436276,54.143815738961045,198200
2012-12-21,54.21748733520508,54.28499873373162,54.17452596181896,54.25431471413498,286500
2012-12-24,54.22369384765625,54.26697862261237,54.161854411130385,54.254608848232536,145000
2012-12-26,54.32881164550781,54.34117670181501,54.18040738138898,54.18040738138898,144000
2012-12-27,54.29167175292969,54.32258672976057,54.106163021212325,54.32258672976057,238900
2012-12-28,54.53285217285156,54.53285217285156,54.372078188645105,54.402997895575744,389200
2012-12-31,54.20508575439453,54.489528930063265,54.20508575439453,54.4771591689533,629600
2013-01-02,54.47101974487305,54.489574402022,54.285515632553164,54.43391986594617,2057500
2013-01-03,54.24842834472656,54.47103238763987,54.223693513805834,54.44630227440576,1152000
2013-01-04,54.30404281616211,54.316407864727715,54.15563864495718,54.20510827458667,1274500
2013-01-07,54.22369384765625,54.322628454261675,54.20514390377315,54.31644356707176,608400
2013-01-08,54.365867614746094,54.372052496746726,54.26074820914886,54.279298137468054,501900
2013-01-09,54.32881164550781,54.409196305720826,54.2484269852948,54.372096419112744,376500
2013-01-10,54.18037796020508,54.23602775989809,54.11853855918982,54.124723442828135,382300
2013-01-11,54.21746826171875,54.24838795677159,54.118529011696175,54.130898776790545,519600
2013-01-14,54.14942932128906,54.34730303281246,54.137064278304464,54.34111815247946,410900
2013-01-15,54.266971588134766,54.291706416001475,54.186582218146455,54.23605187387987,220200
2013-01-16,54.29167175292969,54.359691306713856,54.223652199145526,54.359691306713856,437300
2013-01-17,54.14329147338867,54.217495948799375,54.106191594526074,54.18657623795687,493200
2013-01-18,54.2360725402832,54.24844231777302,54.130953020058904,54.22988765153829,586600
2013-01-22,54.2360725402832,54.304092163413706,54.1680529171527,54.198972643189414,256100
2013-01-23,54.266971588134766,54.30407147109182,54.19895199092282,54.30407147109182,379700
2013-01-24,54.279300689697266,54.304035501180124,54.18036616144872,54.29167045428015,334500
2013-01-25,54.0814323425293,54.14945190151213,54.01959766645855,54.13090197045924,273400
2013-01-28,53.877376556396484,53.95158100227289,53.82791164349586,53.858826624348296,336400
2013-01-29,53.852664947509766,53.94541936540446,53.81556506742616,53.85884983341892,653500
2013-01-30,53.82795715332031,53.84650710105189,53.704282972297065,53.82795715332031,494000
2013-01-31,53.834754943847656,53.85955272799962,53.74176916539495,53.84095557230908,240500
2013-02-01,53.685935974121094,54.00830221626311,53.685935974121094,53.96490730632366,445500
2013-02-04,53.84710693359375,53.90909897240745,53.673527333039644,53.673527333039644,322100
2013-02-05,53.8099365234375,53.84713081728523,53.73554320605056,53.8099365234375,305300
2013-02-06,53.90916061401367,53.93395840383169,53.791372294801825,53.93395840383169,259900
2013-02-07,53.896728515625,53.99591487974572,53.834731717146425,53.834731717146425,227200
2013-02-08,53.92152404785156,53.995912635427246,53.85333135611287,53.88432502437224,406300
2013-02-11,53.989742279052734,54.014540065377915,53.90915302076651,53.977345750737214,169900
2013-02-12,53.933921813964844,53.95251896128797,53.853332599000765,53.85952849498075,268400
2013-02-13,53.77276611328125,53.89675504156939,53.760369585299436,53.803764527776785,403800
2013-02-14,53.853328704833984,53.87192585081234,53.71074270284784,53.7355404740494,381700
2013-02-15,53.8719367980957,53.92772824736812,53.803744095856835,53.92772824736812,226600
2013-02-19,53.834754943847656,53.927745451994085,53.80996188938941,53.90914829630354,257200
2013-02-20,53.90916061401367,53.92156187377008,53.797572924680026,53.83476724455964,236000
2013-02-21,53.92152404785156,53.97111486300486,53.89052564990071,53.90912279679463,222700
2013-02-22,54.045475006103516,54.051675627825915,53.94628397729935,53.977282356222794,377800
2013-02-25,54.13848876953125,54.25627225493945,53.92771010723288,53.989702162135714,280200
2013-02-26,54.13848876953125,54.293471271633635,54.13848876953125,54.13848876953125,224900
2013-02-27,54.16326904296875,54.34924514760791,54.14466717578466,54.34924514760791,158900
2013-02-28,54.26650619506836,54.28516487532251,54.17323651446916,54.28516487532251,163400
2013-03-01,54.38471221923828,54.38471221923828,54.26656417207387,54.34118474041024,243200
2013-03-04,54.32868194580078,54.35977025202642,54.27271540398118,54.34733587836285,304600
2013-03-05,54.33494567871094,54.37847314192165,54.260329881285536,54.34738480770696,171300
2013-03-06,54.24787139892578,54.31627235158827,54.21056351352296,54.260310523484044,224800
2013-03-07,54.15461730957031,54.22301828795933,54.08622107531906,54.22301828795933,270800
2013-03-08,53.96186447143555,54.030265463727126,53.924556564417855,53.98673799082691,229400
2013-03-11,53.95560836791992,53.99913581134424,53.924520047837134,53.96182792959069,541400
2013-03-12,54.055118560791016,54.08621163431777,53.98049803080896,54.055118560791016,207100
2013-03-13,53.986698150634766,54.06753347089918,53.949390271148914,54.06753347089918,531900
2013-03-14,54.204322814941406,54.204322814941406,53.92450429526008,53.930723855113975,300000
2013-03-15,54.12971496582031,54.16080328135444,53.98669353313185,53.99291309389261,198800
2013-03-18,54.285186767578125,54.28518676757813,54.16081923640012,54.26652807979926,183500
2013-03-19,54.3162727355957,54.36601974590848,54.22299827729324,54.25409134477274,200200
2013-03-20,54.235389709472656,54.310005415191696,54.16076925962177,54.25404363590242,498700
2013-03-21,54.353599548339844,54.4219957751971,54.285198577345334,54.285198577345334,687700
2013-03-22,54.36602783203125,54.40955528649498,54.297626868711575,54.37846221439086,290900
2013-03-25,54.3908805847168,54.42196890082054,54.266513087897096,54.31626008662498,600600
2013-03-26,54.36602783203125,54.40333572324681,54.278972923103794,54.32250037756752,570300
2013-03-27,54.527687072753906,54.54634101282145,54.44684700694747,54.48415963121787,662900
2013-03-28,54.47342300415039,54.542006151569716,54.43601098761183,54.52329776491413,308800
2013-04-01,54.39240264892578,54.510865390217745,54.37369900699034,54.47345810634688,1437400
2013-04-02,54.36749267578125,54.454779557176934,54.36749267578125,54.4423120413111,351200
2013-04-03,54.47342300415039,54.57317728245047,54.44848324538222,54.47342300415039,846600
2013-04-04,54.560760498046875,54.63557508712219,54.51711706882726,54.60440392726648,4694800
2013-04-05,54.74779510498047,54.81637830785474,54.648040746021096,54.71038781496776,868700
2013-04-08,54.74779510498047,54.81014693070359,54.735327593901715,54.80391079677599,1735900
2013-04-09,54.80391311645508,54.83508427385956,54.76650106808238,54.81638062806154,351100
2013-04-10,54.666709899902344,54.79764008911488,54.666709899902344,54.7539966927107,369600
2013-04-11,54.74779510498047,54.82261444178234,54.72285532604651,54.77897101784203,462100
2013-04-12,55.01590347290039,55.02213960815311,54.86626952427732,54.86626952427732,214800
2013-04-15,55.00338363647461,55.04079089885185,54.92232822562666,55.01585113834271,196100
2013-04-16,55.040836334228516,55.05953998085672,54.9909567720354,55.003429040972115,188000
2013-04-17,55.0906867980957,55.12809407159397,55.00963611992467,55.0283397566738,359400
2013-04-18,55.103179931640625,55.16553175883612,55.09071242026746,55.12811971116351,302600
2013-04-19,55.17799758911133,55.17799758911133,55.103178252822175,55.15929394423314,169800
2013-04-22,55.19666290283203,55.209135161940445,55.14055200716353,55.17172314138833,226700
2013-04-23,55.283973693847656,55.32761710613087,55.21539050929186,55.283973693847656,213200
2013-04-24,55.3338737487793,55.33387374877929,55.24035075728512,55.246586891858584,210800
2013-04-25,55.3338737487793,55.33387374877929,55.24035075728512,55.30269783268892,316400
2013-04-26,55.47101974487305,55.48348725265262,55.371260655535686,55.42114020020437,316900
2013-04-29,55.477264404296875,55.49596804722868,55.43985236165734,55.477264404296875,656800
2013-04-30,55.4628791809082,55.569140733353564,55.41912414349298,55.569140733353564,481100
2013-05-01,55.58163833618164,55.63164545416949,55.51287974118365,55.58163833618164,654400
2013-05-02,55.57539749145508,55.63165192903281,55.55664124332068,55.60664836712877,544800
2013-05-03,55.41285705566406,55.50036710679705,55.35659786911279,55.50036710679705,734900
2013-05-06,55.26286315917969,55.36912472640731,55.24410691001415,55.36912472640731,864800
2013-05-07,55.2315788269043,55.300337397973486,55.2315788269043,55.287833238357486,376300
2013-05-08,55.275352478027344,55.30035603674709,55.21909327867262,55.275352478027344,414400
2013-05-09,55.225341796875,55.331603337870924,55.18783884568606,55.27534891108751,479700
2013-05-10,55.01280975341797,55.150326910630696,54.8690405157119,55.150326910630696,985000
2013-05-13,54.95029830932617,54.97529709116919,54.88778704789955,54.88778704789955,587700
2013-05-14,54.76280975341797,54.99408917218469,54.76280975341797,54.944082038028185,621500
2013-05-15,54.83156204223633,54.881569170621226,54.737799868750194,54.856565606428774,703200
2013-05-16,55.06282424926758,55.14408700680469,54.894056190201795,54.98781834254553,717200
2013-05-17,54.9253044128418,55.044065338759836,54.86904522145702,55.03781802667082,626100
2013-05-20,54.86906051635742,55.00657772369736,54.85656111975463,55.00657772369736,208100
2013-05-21,54.962806701660156,55.01906112342943,54.800285979425915,54.86279248214971,388100
2013-05-22,54.63153839111328,55.13159536899118,54.58778334593718,55.05033736193336,710900
2013-05-23,54.66278076171875,54.78154648111527,54.55651920696477,54.78154648111527,211400
2013-05-24,54.60652542114258,54.76279409398949,54.60652542114258,54.72529113856749,184900
2013-05-28,54.2190055847168,54.62530529914673,54.19400201178869,54.61280589715464,371500
2013-05-29,54.17521667480469,54.23772318359796,54.06895513296203,54.212724395233394,336300
2013-05-30,54.15646743774414,54.237725425640285,54.10646032106599,54.17521891426316,346700
2013-05-31,53.769229888916016,54.23292324182434,53.681505153098676,54.20159093018691,857500
2013-06-03,53.75043869018555,53.982285393710534,53.60632151336091,53.6627139441253,290800
2013-06-04,53.71284866333008,53.80057341743716,53.62512390922299,53.71911608309217,615800
2013-06-05,53.55617904663086,53.706563607052935,53.52484673875006,53.631368936522406,400300
2013-06-06,53.788028717041016,53.83815850466644,53.44339718355551,53.69404134104295,558100
2013-06-07,53.593772888183594,53.78801980725623,53.5248456367761,53.70656250133777,277600
2013-06-10,53.343109130859375,53.50602846334698,53.318044250427654,53.468433533017965,460300
2013-06-11,53.186492919921875,53.24915755338908,52.96091362523287,53.086238111526946,582800
2013-06-12,53.09249496459961,53.31806943375474,53.09249496459961,53.274207067441324,292400
2013-06-13,53.47470474243164,53.5311019276057,53.249130343649085,53.2553929792834,288900
2013-06-14,53.49977493286133,53.75041902159097,53.48724487971211,53.60630189750232,455200
2013-06-17,53.47470474243164,53.625094049137196,53.462174690525124,53.60629658095847,325900
2013-06-18,53.3995246887207,53.443387049415676,53.28046766084629,53.305532549906104,234800
2013-06-19,52.61625289916992,53.449642343993204,52.57239054842331,53.386977745237175,425800
2013-06-20,52.252838134765625,52.516012334303056,52.102453560835585,52.32803281205035,730100
2013-06-21,51.826744079589844,52.27790257814409,51.8016791873769,52.12751800550579,877500
2013-06-24,51.51972579956055,51.613717983555446,51.193886865797054,51.37560381334957,533900
2013-06-25,51.601165771484375,51.789150076190474,51.51970845578611,51.789150076190474,393900
2013-06-26,51.945777893066406,52.008437705258544,51.701401279070986,51.826720903455275,1392300
2013-06-27,52.22773742675781,52.28413459120642,52.01469315817364,52.10868524516389,270500
2013-06-28,52.151737213134766,52.25854000322505,52.019803508923516,52.1266062990138,231800
2013-07-01,52.3779296875,52.37792968749999,52.1768870946807,52.2774059944736,501100
2013-07-02,52.39676284790039,52.45330381537473,52.28996004718293,52.28996004718293,173700
2013-07-03,52.3905029296875,52.48474271189803,52.34652500375385,52.421917788169154,122700
2013-07-05,51.45440673828125,51.592624468221096,51.38529787331133,51.592624468221096,301300
2013-07-08,51.87530517578125,51.92556700714763,51.686825704773355,51.686825704773355,396400
2013-07-09,52.032379150390625,52.09520405426773,51.94442332631609,52.0072482301932,272600
2013-07-10,51.81877517700195,52.095205721554855,51.81877517700195,52.000965966106634,202200
2013-07-11,52.428165435791016,52.459580275404235,52.23340685123738,52.271100824188004,265900
2013-07-12,52.34019088745117,52.57893207923408,52.252235119919526,52.566364230598225,289700
2013-07-15,52.49101257324219,52.51613870141172,52.37164189488777,52.37164189488777,306400
2013-07-16,52.51615524291992,52.57898496283326,52.45333031624126,52.50987610551632,268800
2013-07-17,52.76744079589844,52.84911748516462,52.65435405118852,52.7360307404547,255800
2013-07-18,52.66061782836914,52.78626758852861,52.6103560070129,52.77370452980511,230500
2013-07-19,52.817684173583984,52.86166207041869,52.666903497755165,52.69831354221924,237800
2013-07-22,52.90565490722656,52.96847980712702,52.85539307001314,52.89937097926673,155800
2013-07-23,52.88056945800781,52.930831338438935,52.8114605707242,52.84915937766591,230300
2013-07-24,52.62922668457031,52.72975037253697,52.491013803466046,52.648078470989006,420200
2013-07-25,52.69834518432617,52.717196974201464,52.390499721641,52.465892501439754,440900
2013-07-26,52.874263763427734,52.88682683060774,52.64180627810589,52.66065327549306,605900
2013-07-29,52.75489807128906,52.773745070468095,52.61668035299646,52.76118200209367,463500
2013-07-30,52.71091079711914,52.823997565379194,52.61038709500624,52.811429705998115,578900
2013-07-31,52.73357009887695,52.7965646825888,52.361898690652,52.43749026863475,388800
2013-08-01,52.47528839111328,52.62647634613331,52.317799536165374,52.58868055892291,432400
2013-08-02,52.74618911743164,52.74618911743164,52.5383025977607,52.5383025977607,237900
2013-08-05,52.670589447021484,52.72728314550455,52.56349814576684,52.72728314550455,146900
2013-08-06,52.69579315185547,52.69579315185547,52.54460513565234,52.66429344564714,266700
2013-08-07,52.57606506347656,52.7398547756866,52.57606506347656,52.59496295215903,264500
2013-08-08,52.765098571777344,52.85329199831014,52.75879766811607,52.790297380241185,169100
2013-08-09,52.783966064453125,52.89105733408654,52.62017630689829,52.62017630689829,206300
2013-08-12,52.664268493652344,52.90365461258309,52.639069701860784,52.78396155311772,171800
2013-08-13,52.31776428222656,52.50674789711177,52.28626460999143,52.424855477945705,274500
2013-08-14,52.280033111572266,52.39972625753793,52.210737585611255,52.324129827530946,247000
2013-08-15,51.95244598388672,52.11623580731669,51.85795167013171,51.95244598388672,230200
2013-08-16,51.74456787109375,51.95875533752128,51.66897144655793,51.90835772116407,304400
2013-08-19,51.59967041015625,51.750858422804065,51.54297190155066,51.687863818049166,270800
2013-08-20,51.77604675292969,51.8453422459974,51.713047354737746,51.719348255792795,278300
2013-08-21,51.56184387207031,51.82642396269256,51.536645081604696,51.73193450616879,225200
2013-08-22,51.47365951538086,51.650046273326474,51.42956282589445,51.486261315907655,166700
2013-08-23,51.757171630859375,51.845365059721054,51.51148444339451,51.51778534722217,516200
2013-08-26,51.88943099975586,51.965022576130636,51.79493672310884,51.933527688034,411800
2013-08-27,52.06580352783203,52.09729840732386,51.8831159245413,51.90201381347185,212000
2013-08-28,52.021732330322266,52.04693112996371,51.895738332115016,52.034329327053186,227100
2013-08-29,52.179237365722656,52.22333407719214,51.78236215631619,51.82016277056224,529700
2013-08-30,52.086368560791016,52.25060051864516,52.08005064956279,52.18743586382564,227700
2013-09-03,51.877925872802734,52.04215784651772,51.73264763460291,52.04215784651772,247800
2013-09-04,51.75160598754883,51.9853205766383,51.71370814791752,51.93478691102616,195800
2013-09-05,51.49260330200195,51.63788632585396,51.37890501090365,51.599988501872396,523900
2013-09-06,51.64420700073242,51.81475203693228,51.549457616553,51.71368956118707,216700
2013-09-09,51.669498443603516,51.83372564733363,51.625282685806,51.83372564733363,345100
2013-09-10,51.45469665527344,51.66314428973751,51.410480928491914,51.568394926876316,153900
2013-09-11,51.64420700073242,51.65052009229821,51.41681040636335,51.467344053812894,231500
2013-09-12,51.72000503540039,51.78948759905598,51.625260466010126,51.713691943543765,546000
2013-09-13,51.68212127685547,51.7958196102295,51.65685444508841,51.71370602135313,383000
2013-09-16,51.877925872802734,52.13058933563623,51.78318129100056,52.048475758356105,430800
2013-09-17,51.890560150146484,51.95372480918388,51.81475966780887,51.87792432684626,193500
2013-09-18,52.402217864990234,52.54750096712047,51.72634566462342,51.89689560273961,428600
2013-09-19,52.31376266479492,52.522210352942174,52.263229015700915,52.48430770654466,160700
2013-09-20,52.40849685668945,52.471661490165936,52.301116497864165,52.357963222247214,194000
2013-09-23,52.52220153808594,52.52851944795085,52.40850325628354,52.40850325628354,183200
2013-09-24,52.69905090332031,52.755897620020086,52.52218802582949,52.547454839635606,495400
2013-09-25,52.76856994628906,52.857001446218916,52.68013844635921,52.68013844635921,168400
2013-09-26,52.762229919433594,52.800127740903605,52.71169627803805,52.72433209796358,160000
2013-09-27,52.736976623535156,52.81909501665112,52.68012987675135,52.73697662353515,145400
2013-09-30,52.833274841308594,52.8459443599867,52.649605476520826,52.72560809257267,168900
2013-10-01,52.833274841308594,52.8459443599867,52.738272779245186,52.75094229792329,1446700
2013-10-02,52.9409294128418,52.991597811888546,52.8585968883942,52.883931087917574,136300
2013-10-03,52.91556167602539,53.042227749791664,52.90289216944817,52.95356053175507,190100
2013-10-04,52.833274841308594,52.94094159004452,52.763606984595796,52.88394325200983,190100
2013-10-07,52.92190933227539,52.99157714579391,52.89024521922317,52.94724352191872,437100
2013-10-08,52.87125015258789,52.972582087529474,52.85224588478353,52.87125015258789,179700
2013-10-09,52.82687759399414,52.95987837859101,52.82687759399414,52.90921003245903,254500
2013-10-10,52.84589767456055,52.8838965330145,52.7065620842276,52.801564062363816,153700
2013-10-11,52.896583557128906,53.02325452549571,52.85858468262055,52.92825250722145,184200
2013-10-14,52.76991653442383,52.972585248403234,52.75091709748877,52.88391798803745,111000
2013-10-15,52.76991653442383,52.896582668659725,52.76358177811104,52.871253307415174,107700
2013-10-16,53.08654022216797,53.08654022216797,52.71287207093441,52.763535581068425,152300
2013-10-17,53.30823516845703,53.35890353624303,53.14357022115481,53.23856737075167,134800
2013-10-18,53.327232360839844,53.453903274989884,53.23856513693546,53.35890129737768,267200
2013-10-21,53.28292465209961,53.35259248075046,53.20059214187754,53.25126053216974,189600
2013-10-22,53.536231994628906,53.59323511000332,53.44756477693624,53.51723256683776,475900
2013-10-23,53.60593795776367,53.72627419546801,53.56160431734699,53.643936840405296,175600
2013-10-24,53.555240631103516,53.694576234864954,53.523576523340694,53.694576234864954,205700
2013-10-25,53.580589294433594,53.64392235907415,53.54892517811487,53.56158985824174,115800
2013-10-28,53.61225128173828,53.62491596022077,53.5489182253209,53.59325184801331,212800
2013-10-29,53.67558670043945,53.67558670043946,53.57424994010979,53.61858839675603,148100
2013-10-30,53.555240631103516,53.79591297651029,53.498242337929355,53.713575665923,170900
2013-10-31,53.49365234375,53.71590658366291,53.44920149576742,53.71590658366291,141700
2013-11-01,53.4174690246582,53.595272467735725,53.37301816388882,53.595272467735725,169100
2013-11-04,53.46188735961914,53.52538785854496,53.42378318444163,53.480937024819134,105700
2013-11-05,53.24599075317383,53.328545778982665,53.19518840571894,53.32219427435618,139900
2013-11-06,53.41107940673828,53.41107940673828,53.29677658277899,53.372980080344185,201500
2013-11-07,53.40475845336914,53.519061342713464,53.38570877927505,53.442862646337105,234500
2013-11-08,52.928470611572266,53.08087277248303,52.928470611572266,53.068174611064364,292300
2013-11-11,52.93482971191406,53.042781056186726,52.93482971191406,52.979280550425045,139300
2013-11-12,52.928470611572266,52.991971108220305,52.8840197794409,52.94752027608894,222400
2013-11-13,53.099937438964844,53.11898710712543,53.01103575769661,53.01103575769661,172800
2013-11-14,53.33487319946289,53.36027436402743,53.11897056782941,53.11897056782941,211300
2013-11-15,53.38569641113281,53.41109758563337,53.27774505308943,53.41109758563337,164100
2013-11-18,53.449188232421875,53.47458940279137,53.34758839572172,53.40473739546971,165500
2013-11-19,53.315853118896484,53.436507506327516,53.29680344609778,53.34125429755456,237100
2013-11-20,53.08090591430664,53.43651763816618,53.07455925202335,53.296813551447826,423300
2013-11-21,53.14438247680664,53.233284148367765,52.96657913368438,52.99197545860664,350100
2013-11-22,53.30947494506836,53.31582644775041,53.138023130869065,53.15072129145615,213500
2013-11-25,53.36666488647461,53.442868435886005,53.34126370333748,53.34126370333748,411600
2013-11-26,53.51271438598633,53.538115568531275,53.36666364232811,53.3730151491594,476700
2013-11-27,53.46188735961914,53.51903635521913,53.29043068326414,53.51903635521913,246700
2013-11-29,53.432586669921875,53.43895511633131,53.32434736946798,53.38801726045843,162600
2013-12-02,53.27978515625,53.35619195037922,53.2224788462276,53.35619195037922,190100
2013-12-03,53.343467712402344,53.42624297344087,53.292529837563734,53.29889828634434,532100
2013-12-04,53.22249984741211,53.247968788838364,53.08242795612353,53.107896897549786,250400
2013-12-05,53.196998596191406,53.22246266212263,53.088754456331515,53.18426170552531,424900
2013-12-06,53.20338439941406,53.26069071593934,53.12061400632478,53.19065236113206,283000
2013-12-09,53.27978515625,53.33072301900282,53.19064632528356,53.26705311941278,336700
2013-12-10,53.50260543823242,53.52170591277324,53.33069630966549,53.343428340126195,278100
2013-12-11,53.298919677734375,53.489934356190886,53.260718685125106,53.483565904854316,904000
2013-12-12,53.158817291259766,53.305262455236885,53.101515829944404,53.305262455236885,1217500
2013-12-13,53.196998596191406,53.254300031087396,53.158792781893595,53.18426170552531,246400
2013-12-16,53.26708221435547,53.34348419251415,53.203407422283746,53.318015247226384,1040700
2013-12-17,53.41986083984375,53.4644302544842,53.1970137666415,53.356190941457655,447400
2013-12-18,53.45809555053711,53.59817233002528,53.31165517758489,53.470832452875094,395600
2013-12-19,53.298919677734375,53.31802017403902,53.19704874487462,53.19704874487462,331200
2013-12-20,53.40077209472656,53.43260462206614,53.184288563383916,53.29252790020377,305900
2013-12-23,53.298919677734375,53.407159061930706,53.273450730093174,53.356226024353354,203700
2013-12-24,53.22494125366211,53.34710686046361,53.109206706550495,53.33424474108385,416500
2013-12-26,53.18637466430664,53.23781334053384,53.09635943364013,53.21852015785202,332500
2013-12-27,53.212093353271484,53.269958184224556,53.12207812370309,53.17994295465616,189600
2013-12-30,53.302127838134766,53.340704406039194,53.199250449771135,53.212112576048526,448000
2013-12-31,53.173526763916016,53.30855455149148,53.12209297939488,53.30855455149148,412600
2014-01-02,53.28282165527344,53.314967149240765,53.20566363991984,53.2120947008982,952400
2014-01-03,53.31497573852539,53.40499098487533,53.276399177364844,53.353557205148945,212400
2014-01-06,53.50787353515625,53.51430459779324,53.39856999764475,53.424284437265754,294300
2014-01-07,53.56575012207031,53.59790053683795,53.46930868869652,53.57218118611675,271400
2014-01-08,53.32783126831055,53.449991998700845,53.30211192889617,53.424272659286466,271900
2014-01-09,53.44359588623047,53.469315240102965,53.31499911686796,53.34714953557488,216700
2014-01-10,53.77790832519531,53.79719660370641,53.604308913132996,53.604308913132996,326800
2014-01-13,53.90648651123047,53.92577969033385,53.758606476333306,53.87434102364733,351400
2014-01-14,53.8100700378418,53.900085293457444,53.758631347357564,53.88079701089174,397100
2014-01-15,53.7586784362793,53.777966735740236,53.65580096519721,53.7586784362793,252100
2014-01-16,53.86146545410156,53.91290410794295,53.77145026260915,53.77145026260915,225900
2014-01-17,53.95154571533203,53.95797187513334,53.81651787205655,53.900107004128564,203800
2014-01-21,53.92580032348633,53.99652729087661,53.8679305749565,53.957945823369016,199900
2014-01-22,53.82938003540039,53.932252552404535,53.81009174505371,53.9001070369819,141400
2014-01-23,54.00938415527344,54.15726915124522,53.88721850231689,54.00938415527344,292300
2014-01-24,53.95154571533203,54.13800245887998,53.900107004128564,54.099425878210134,302700
2014-01-27,53.84864807128906,54.009390304337686,53.84864807128906,53.996533084097805,220600
2014-01-28,54.028629302978516,54.04149141694934,53.874318273542855,53.88074933052827,152100
2014-01-29,54.112266540527344,54.16370032585975,54.00938915893544,54.0415395670488,139700
2014-01-30,54.17013168334961,54.18298890338679,54.04153986112353,54.08011642669864,191100
2014-01-31,54.25371170043945,54.298719325299956,54.18941579427634,54.215135137834224,397100
2014-02-03,54.539276123046875,54.54572422327776,54.236279352167045,54.32008989979045,264300
2014-02-04,54.48772048950195,54.52640418615226,54.371679236473256,54.507064797057666,218600
2014-02-05,54.3330078125,54.50062407144265,54.294329029075456,54.50062407144265,227000
2014-02-06,54.2943000793457,54.320087560699434,54.22983383519095,54.28785197939248,222100
2014-02-07,54.50706100463867,54.50706100463867,54.35878416779484,54.397462943292894,230900
2014-02-10,54.48130416870117,54.48130416870117,54.391050362783936,54.45551666437289,164800
2014-02-11,54.391029357910156,54.449047531395536,54.28787938043173,54.423260037025926,203900
2014-02-12,54.33945083618164,54.35234212329747,54.22985768108247,54.32011144627724,191600
2014-02-13,54.46841049194336,54.48130670393938,54.3136903772374,54.37815668182623,145600
2014-02-14,54.50706100463867,54.532843575996864,54.429698535181785,54.5264003923877,237800
2014-02-18,54.60378646850586,54.655361475086664,54.53932016951153,54.57155577824036,244500
2014-02-19,54.461952209472656,54.6811385680167,54.449056001051,54.6811385680167,219600
2014-02-20,54.4361572265625,54.52641099925529,54.33300724722119,54.41036973172717,184100
2014-02-21,54.5328254699707,54.55861295122769,54.403892982144924,54.44257174480083,187300
2014-02-24,54.545753479003906,54.577989078988594,54.4748390938072,54.55220158269324,854100
2014-02-25,54.66824722290039,54.73916161376072,54.57154533368519,54.64245972454551,187900
2014-02-26,54.84230041503906,54.855191703510606,54.687580361071355,54.7004716495429,253800
2014-02-27,54.96476745605469,54.97765873928842,54.86806561719227,54.9067443853533,176800
2014-02-28,54.92612838745117,54.926128387451165,54.771408270663756,54.900345800039794,194600
2014-03-03,55.0709228515625,55.10324344198893,54.97397094314266,55.0709228515625,183500
2014-03-04,54.831748962402344,55.038587846711124,54.8188187582048,55.038587846711124,250700
2014-03-05,54.92868423461914,54.93514440275735,54.78648163276143,54.79940690046392,198100
2014-03-06,54.72832107543945,54.78649712511666,54.61843900890496,54.657219754404785,268500
2014-03-07,54.515018463134766,54.64429583704993,54.45684734344362,54.64429583704993,361600
2014-03-10,54.52150344848633,54.566749313000756,54.437476823367945,54.51503834457588,787500
2014-03-11,54.553802490234375,54.61843870952229,54.502091542233075,54.579657964235025,167500
2014-03-12,54.67658996582031,54.702445430428796,54.592563404411976,54.66366469922889,132700
2014-03-13,54.87051010131836,54.9092908371947,54.553789251667034,54.59903508733151,200900
2014-03-14,54.902862548828125,55.019209755441764,54.81883099706717,54.9610336864204,123500
2014-03-17,54.79293441772461,54.883431005152154,54.77354405307063,54.87050080776591,215500
2014-03-18,54.967472076416016,54.967472076416016,54.812344186797866,54.85759002674594,734800
2014-03-19,54.56671905517578,54.99978707987719,54.469762276000054,54.99978707987719,521800
2014-03-20,54.52793884277344,54.5731846826356,54.469762802135406,54.5731846826356,239100
2014-03-21,54.61199188232422,54.64431246849694,54.52796526227585,54.55382074492821,179700
2014-03-24,54.61842346191406,54.68952476270993,54.521466694335516,54.57964272745306,178400
2014-03-25,54.68305969238281,54.78001646001318,54.618423491104586,54.65074405745673,218300
2014-03-26,54.81236267089844,54.89638927873025,54.71540585790582,54.72833113163827,157400
2014-03-27,54.89638900756836,54.92870958888236,54.78650692138606,54.8252876738202,253000
2014-03-28,54.851112365722656,54.86403763213656,54.74769050870917,54.83172200038902,279000
2014-03-31,54.92868423461914,54.92868423461913,54.747695966801835,54.81879726773069,206000
2014-04-01,54.92803955078125,54.95396488258247,54.78545269825026,54.86971126279209,1193100
2014-04-02,54.71414566040039,54.85673247745916,54.70766803762515,54.85673247745916,197900
2014-04-03,54.81789016723633,54.869740858806345,54.701228583580836,54.73363155724652,184300
2014-04-04,55.077110290527344,55.077110290527344,54.86323000661238,54.96044876700569,300200
2014-04-07,55.08357620239258,55.135426856210636,55.057650875483546,55.096541338222345,265500
2014-04-08,55.193756103515625,55.20671629366164,55.08357223589882,55.13542288598318,288800
2014-04-09,55.27155303955078,55.31043857296454,55.05119509053616,55.14840892407057,398200
2014-04-10,55.39468002319336,55.47245106596874,55.30394384345479,55.30394384345479,221200
2014-04-11,55.44655227661133,55.504880581410305,55.38173645605309,55.472472671131186,132200
2014-04-14,55.44007873535156,55.44656130741381,55.35582507755714,55.44656130741381,259000
2014-04-15,55.453067779541016,55.55028663202989,55.35585387180838,55.40769964101371,188400
2014-04-16,55.40764236450195,55.440050263416,55.34931408015804,55.40116474052005,275500
2014-04-17,55.232627868652344,55.440025472608426,55.17429466564183,55.40761758818604,196400
2014-04-21,55.23916244506836,55.29749075824913,55.21971472925453,55.245640072252726,201900
2014-04-22,55.252098083496094,55.27802341496996,55.16784446476959,55.20024742054838,212100
2014-04-23,55.2974739074707,55.40765287307308,55.245623237274735,55.34284200770416,339100
2014-04-24,55.3104133605957,55.36874657887855,55.226159761687384,55.297453170282964,145200
2014-04-25,55.323394775390625,55.43357373209642,55.29746944238602,55.37524544139982,225300
2014-04-28,55.29097366333008,55.39467497057311,55.23264538656874,55.32986412592146,201100
2014-04-29,55.34928894042969,55.36873169304673,55.22614491418989,55.284478116789906,182800
2014-04-30,55.5243034362793,55.524303436279304,55.34931363988836,55.39468173115646,281600
2014-05-01,55.67832946777344,55.70432368049299,55.47038072390615,55.53536377676047,196000
2014-05-02,55.756343841552734,55.76933847636428,55.47691209313088,55.48340693159068,206800
2014-05-05,55.658836364746094,55.840790900199366,55.63934194421742,55.840790900199366,298400
2014-05-06,55.67832946777344,55.73681272797558,55.64583546240171,55.72381810056037,614000
2014-05-07,55.74331283569336,55.749812628382266,55.613346729250146,55.68482957516066,680900
2014-05-08,55.77581024169922,55.8407932988826,55.6913278052603,55.76931044861404,188600
2014-05-09,55.73678970336914,55.821272099280684,55.723795081321946,55.821272099280684,271500
2014-05-12,55.665340423583984,55.73681831837057,55.63284641495312,55.73681831837057,216000
2014-05-13,55.82781219482422,55.82781219482421,55.67834666499406,55.75632932723901,202900
2014-05-14,56.02923583984375,56.09421888334677,55.85377616870834,55.886270169404064,216500
2014-05-15,56.1267204284668,56.22419252787909,56.05523758363839,56.11372084328577,227500
2014-05-16,56.10071563720703,56.146204260984774,56.02923280585799,56.12670984477833,121600
2014-05-19,56.061737060546875,56.21770234829946,56.035747803810935,56.1657139190486,223800
2014-05-20,56.10721206665039,56.15270564961035,56.05522860791727,56.06822323312848,263600
2014-05-21,56.02923583984375,56.09421888334677,55.938258587361844,56.08771909162994,350900
2014-05-22,55.95124435424805,56.02272717815015,55.91875531658468,56.02272717815015,190700
2014-05-23,56.055240631103516,56.06823525910191,55.99025757533279,56.06823525910191,140500
2014-05-27,56.13970947265625,56.14620926460036,55.97724937927366,56.09422084482467,215800
2014-05-28,56.40613555908203,56.432124806083735,56.19818687785495,56.2111815013558,294600
2014-05-29,56.354156494140625,56.52961120887861,56.341156910596496,56.42563932996792,144000
2014-05-30,56.315189361572266,56.35417821145292,56.25670112886091,56.32168419795879,333300
2014-06-02,56.115760803222656,56.278660707465434,56.0701490288871,56.23304893312988,282000
2014-06-03,55.93985366821289,56.09623626132381,55.92682385683407,56.09623626132381,181200
2014-06-04,55.93985366821289,56.011530059078936,55.84863007462211,56.011530059078936,217100
2014-06-05,56.050594329833984,56.050594329833984,55.88118201642603,55.913759013015095,110500
2014-06-06,56.031044006347656,56.14833212439643,55.95936765802284,56.09620296719474,280900
2014-06-09,56.011478424072266,56.0245131947478,55.91373752923945,55.99193123936738,307900
2014-06-10,55.933326721191406,56.00500309981223,55.88120251326803,55.965908701041656,155800
2014-06-11,55.926822662353516,55.99198166048198,55.86166366422504,55.9593996757613,242000
2014-06-12,56.06363296508789,56.0896975469397,55.90073305699709,55.92028025055828,185900
2014-06-13,55.97896194458008,56.011538963862776,55.85515634588996,55.95289734636564,136900
2014-06-16,56.018062591552734,56.018062591552734,55.92683897330511,55.97896817553642,182900
2014-06-17,55.770381927490234,55.89418738581214,55.74432233013546,55.89418738581214,243900
2014-06-18,56.06363296508789,56.06363296508789,55.809509506171096,55.88769828041585,565800
2014-06-19,55.99195098876953,56.187432847385246,55.97240379716999,56.180915459748675,165500
2014-06-20,56.011478424072266,56.044060379452674,55.9398020992821,55.985413854029616,339000
2014-06-23,56.03759002685547,56.12229622210725,56.01152543493663,56.06365461877431,180100
2014-06-24,56.180931091308594,56.18744848075854,56.01803115424092,56.15486650482038,167900
2014-06-25,56.25911331176758,56.33078967341477,56.220018922254916,56.26563070045668,136200
2014-06-26,56.343833923339844,56.36989851116726,56.246092961814966,56.25261035159977,145500
2014-06-27,56.35687255859375,56.44809614462188,56.31126076557969,56.34384274829513,110600
2014-06-30,56.4024658203125,56.44156518098727,56.31775965292059,56.369888819612974,306500
2014-07-01,56.18558883666992,56.37505246692663,56.14639118366582,56.348919036776515,570000
2014-07-02,56.06796646118164,56.17250013623077,56.05490224402048,56.10716409710508,190400
2014-07-03,56.015724182128906,56.041857612348636,55.81973093214419,55.832795155032976,173500
2014-07-07,56.0941276550293,56.12026108673158,56.028796567994796,56.067994223327005,214100
2014-07-08,56.2704963684082,56.3031643892148,56.15943307277001,56.263966751799,196700
2014-07-09,56.32278060913086,56.36851286172522,56.16598502658473,56.25091492870519,171500
2014-07-10,56.36198043823242,56.459979550279115,56.30318396166954,56.42078189923719,321100
2014-07-11,56.407691955566406,56.479557612351385,56.342360899700076,56.342360899700076,682600
2014-07-14,56.33584976196289,56.37504741145191,56.283582906349736,56.37504741145191,414200
2014-07-15,56.30321502685547,56.40774381545477,56.24441353340709,56.33588307704286,499100
2014-07-16,56.35544967651367,56.37504850163718,56.28358399476626,56.34891507332523,379700
2014-07-17,56.590633392333984,56.636365635947065,56.420768637010795,56.512233124236964,334900
2014-07-18,56.45996856689453,56.58410108363515,56.42077092347789,56.57756648158539,296200
2014-07-21,56.538360595703125,56.59715705225643,56.45343071920161,56.54489519680022,249500
2014-07-22,56.54490661621094,56.544906616210945,56.453442120140814,56.525302808960596,328700
2014-07-23,56.564491271972656,56.64942114435461,56.53182325251193,56.63635692723429,211800
2014-07-24,56.433841705322266,56.505707382903346,56.36851063055078,56.505707382903346,175800
2014-07-25,56.57752990722656,56.60366331409078,56.49260007324614,56.5971287162653,242700
2014-07-28,56.538360595703125,56.571023632308226,56.45996033585852,56.531825994606024,263200
2014-07-29,56.571048736572266,56.610251376111435,56.48611882238181,56.54492028946936,190500
2014-07-30,56.33584976196289,56.531842993849686,56.283582906349736,56.41424506094093,1148700
2014-07-31,56.26396560668945,56.30316324330748,56.15289732887161,56.25089640485674,229500
2014-08-01,56.47295379638672,56.47950582263898,56.25678190964753,56.28953704317711,552500
2014-08-04,56.505706787109375,56.5515609736729,56.466399628818145,56.531909893393035,204000
2014-08-05,56.564666748046875,56.564666748046875,56.361598897387694,56.5253645828179,302500
2014-08-06,56.564666748046875,56.65637513206922,56.531916609600096,56.649828103019125,351000
2014-08-07,56.71529006958008,56.71529006958008,56.56462355503183,56.623581755586635,376400
2014-08-08,56.597412109375,56.85288613470504,56.597412109375,56.83323505548446,379500
2014-08-11,56.66944122314453,56.741498476281706,56.564628855770906,56.64979015369416,206100
2014-08-12,56.64323043823242,56.68908459329845,56.56462117337862,56.630126395226085,151800
2014-08-13,56.78081130981445,56.79391035933898,56.61049367961748,56.630144752769105,206600
2014-08-14,56.839820861816406,56.87257601468508,56.767768521427676,56.81362273680304,260900
2014-08-15,57.016658782958984,57.15422135210155,56.839789052824365,56.846341079278346,185100
2014-08-18,56.87910461425781,56.9642609798089,56.839797447460505,56.95116192269819,353100
2014-08-19,56.82011413574219,56.957676647178694,56.77425996526335,56.95112962120297,231100
2014-08-20,56.66944122314453,56.807003707025835,56.61703503945772,56.741498476281706,301600
2014-08-21,56.7743034362793,56.80050655343469,56.682595025102216,56.70879814225761,473400
2014-08-22,56.7743034362793,56.859464816467714,56.610537702358286,56.780855465001544,182300
2014-08-25,56.80046844482422,56.83977059532189,56.767718318652896,56.80046844482421,352600
2014-08-26,56.852874755859375,56.91838000606114,56.80702058094511,56.86597380680763,154300
2014-08-27,56.970802307128906,56.99700541416152,56.91184406687262,56.970802307128906,649700
2014-08-28,57.0428581237793,57.11491541681872,57.010102991404466,57.088712310465155,177100
2014-08-29,57.088706970214844,57.11491007411729,56.996998605421815,57.05595184090403,198200
2014-09-02,56.81745529174805,57.0079201356466,56.79775289596237,57.0079201356466,196800
2014-09-03,56.9028205871582,56.90282058715821,56.73862731330081,56.751765581246794,191200
2014-09-04,56.76491165161133,56.85685950486382,56.71893772498508,56.80431644278177,245800
2014-09-05,56.72547149658203,56.92250034038448,56.686061719198285,56.92250034038448,251700
2014-09-08,56.633548736572266,56.843715936003996,56.61384133377883,56.81744440972737,247300
2014-09-09,56.53504943847656,56.58759250745468,56.515347040305485,56.55475183664765,263700
2014-09-10,56.41679763793945,56.45620241165106,56.357685466592066,56.403659372848935,179300
2014-09-11,56.383941650390625,56.45618705639887,56.351106018155086,56.45618705639887,196600
2014-09-12,56.173805236816406,56.2197791556731,56.075288264757404,56.2197791556731,361500
2014-09-15,56.20008087158203,56.25919306345101,56.12783542084311,56.252623928625184,993100
2014-09-16,56.206668853759766,56.29861672902661,56.160694916126346,56.173828179400154,225600
2014-09-17,56.06874084472656,56.33144616743844,56.016197775871056,56.29204137118823,228600
2014-09-18,56.08842086791992,56.10155412450323,55.976770649228875,56.06214934397247,218800
2014-09-19,56.232940673828125,56.26577633756944,56.0490399115864,56.11472126063587,195400
2014-09-22,56.33803939819336,56.3840133504082,56.246091493763686,56.305203724202755,477900
2014-09-23,56.33142852783203,56.397109848725414,56.318295270122114,56.35770005403313,354900
2014-09-24,56.27887725830078,56.3642559403008,56.213195952845275,56.3642559403008,169200
2014-09-25,56.456214904785156,56.46278403878409,56.31172402149507,56.32486228949294,239300
2014-09-26,56.25919723510742,56.38398074136056,56.15411111322891,56.38398074136056,358300
2014-09-29,56.31829833984375,56.39711292274297,56.239483756944544,56.39711292274297,365900
2014-09-30,56.33142852783203,56.41681224068092,56.285454609675426,56.337997662077626,395100
2014-10-01,56.69430923461914,56.69430923461913,56.47699254150275,56.4901612709009,540400
2014-10-02,56.55598449707031,56.73379490619717,56.53622890145893,56.681109968358676,475900
2014-10-03,56.648170471191406,56.64817047119141,56.41109834204096,56.51646317451768,499100
2014-10-06,56.74041748046875,56.826026790087354,56.62846066104088,56.648216269082454,816200
2014-10-07,56.937965393066406,56.937965393066406,56.779915541037504,56.898454186137734,249600
2014-10-08,57.293601989746094,57.2936019897461,56.819447238354186,57.049937735748586,676300
2014-10-09,57.09604263305664,57.26067943998508,57.05653140717513,57.06970516534671,212700
2014-10-10,57.148712158203125,57.15529903550714,57.02358661100305,57.08944533541273,442500
2014-10-13,57.28696823120117,57.352821887378,57.16184779175877,57.227701447935594,230100
2014-10-14,57.319923400878906,57.4384620451377,57.234314111703064,57.32651027675833,515800
2014-10-15,57.352867126464844,58.41312840745937,57.273844686445685,57.81385313194534,693000
2014-10-16,57.3001708984375,57.728227416109945,57.10919168211243,57.728227416109945,551400
2014-10-17,57.2803955078125,57.352831024128214,57.10258508106539,57.142096276203546,282600
2014-10-20,57.201385498046875,57.43187591367258,57.15528741492174,57.23431485355665,517400
2014-10-21,57.23430633544922,57.39235616488246,57.15527890857585,57.260643786760184,176300
2014-10-22,57.18821716308594,57.27383148579519,57.14870595218302,57.247489003755014,316600
2014-10-23,57.09604263305664,57.41214751305856,56.984090810181286,57.41214751305856,237500
2014-10-24,57.135581970214844,57.20143571473263,57.06314134394968,57.11582634929137,413800
2014-10-27,57.20798110961914,57.22773671621597,57.12895365891681,57.14870926551364,313100
2014-10-28,57.0630989074707,57.17505069232691,57.03016954754127,57.14212133239748,614500
2014-10-29,56.83259963989258,57.03674757168739,56.68771851759401,57.00381821686894,329400
2014-10-30,56.937965393066406,57.089433393483326,56.839182351430516,56.95113914491876,261200
2014-10-31,56.97746658325195,57.03015153277088,56.839172358999775,56.937955383269426,221500
2014-11-03,56.809749603271484,56.93520277627757,56.730515224930144,56.92199452781861,405900
2014-11-04,56.82297897338867,56.94182807687887,56.816379883592035,56.829583100658446,213300
2014-11-05,56.84278106689453,56.85598932021396,56.74374435436212,56.783359039375085,271400
2014-11-06,56.73713302612305,56.842773851906294,56.697518346138324,56.77674770610776,428000
2014-11-07,56.968238830566406,57.02106177311262,56.796566786027746,56.83618651167394,279400
2014-11-10,56.836204528808594,56.9682568895618,56.79658479060291,56.92864218883077,251600
2014-11-11,56.809749603271484,56.849364273706755,56.75692668437726,56.809749603271484,339700
2014-11-12,56.84278106689453,56.97483841272551,56.79656225522185,56.9418228168996,409100
2014-11-13,56.84278106689453,56.86919253606072,56.75694757020889,56.80316638188157,261700
2014-11-14,56.902217864990234,56.94183255677928,56.7371499325712,56.770165534044416,414800
2014-11-17,56.73713302612305,56.93521650099068,56.697518346138324,56.928612375169216,397000
2014-11-18,56.78335952758789,56.86919302501151,56.74374484223433,56.7701563116276,303700
2014-11-19,56.65130615234375,56.7569469904568,56.51924880786169,56.61829055685509,244700
2014-11-20,56.78335952758789,56.86919302501151,56.66451043405449,56.78996365430439,284700
2014-11-21,56.9220085144043,56.941815854488894,56.78335209634012,56.80315943642471,369800
2014-11-24,56.92861557006836,57.01444906067633,56.822969700884116,56.88900088786042,277000
2014-11-25,57.16630935668945,57.17290844490344,56.98803322547327,57.014444690745,346200
2014-11-26,57.2653694152832,57.33139558085295,57.16632764819183,57.25216115968514,305500
2014-11-28,57.39080810546875,57.410615448109034,57.265359922922705,57.33798516677952,101600
2014-12-01,57.161712646484375,57.46626178603525,57.161712646484375,57.43977903254957,297200
2014-12-02,56.936622619628906,57.08889720491933,56.93662261962891,57.05579249692207,436400
2014-12-03,56.943267822265625,57.02933302670329,56.936645867748474,56.99622830518886,358900
2014-12-04,57.09550476074219,57.15509221517062,56.96309605256325,56.98295685368325,368000
2014-12-05,56.9101448059082,56.97634917658309,56.804218823042326,56.9167667582966,451300
2014-12-08,56.956512451171875,57.049199619517935,56.83734251314525,56.877069193202026,328600
2014-12-09,57.062442779541016,57.20147353023189,56.976372516443014,57.13526913243697,342000
2014-12-10,57.122013092041016,57.18821747577705,57.02932594459642,57.0690475646239,507300
2014-12-11,56.996238708496094,57.12203061192566,56.93665626018035,57.10216979582041,259500
2014-12-12,57.41328430175781,57.552314940252074,57.17494462117688,57.24777091530259,475900
2014-12-15,57.108787536621094,57.307400734087125,57.04258313746575,57.27430106004539,312300
2014-12-16,57.17499923706055,57.30079114726973,57.0889340122752,57.20810396640166,297400
2014-12-17,57.10213851928711,57.300756673695034,57.00945139418194,57.188203692293484,464700
2014-12-18,56.936622619628906,57.12861881366062,56.93662261962891,57.00944893636746,293600
2014-12-19,57.1352424621582,57.24779039098026,56.94324626242498,57.009450629316234,545200
2014-12-22,57.23453903198242,57.254404885424684,57.09550836429915,57.221300180756344,271100
2014-12-23,57.013832092285156,57.23324514168339,56.96729039144295,57.22659487794452,330500
2014-12-24,57.0670051574707,57.067005157470696,56.88083841575639,56.91407957811209,207300
2014-12-26,57.08694076538086,57.16672867170642,57.01380311941468,57.07364024466208,187800
2014-12-29,57.126861572265625,57.23324550209771,57.08697013491108,57.19334899207819,353900
2014-12-30,57.20663833618164,57.32631769751386,57.12685040440551,57.29307145777447,417500
2014-12-31,57.24653625488281,57.34626991274224,57.23988599164831,57.339619649507725,326400
2015-01-02,57.4393424987793,57.49253444931692,57.27312145784692,57.32631340838454,243900
2015-01-05,57.5988883972168,57.745163661678156,57.51245531942663,57.51910557853708,970600
2015-01-06,57.785057067871094,57.997819694127664,57.678673218412236,57.83824391993938,857800
2015-01-07,57.77842330932617,57.8914523771589,57.57895607095805,57.625497750222266,780900
2015-01-08,57.75847625732422,57.83161390484814,57.67203808879823,57.67203808879823,516100
2015-01-09,57.9047966003418,57.9779343111715,57.75852625134925,57.84495942202669,191100
2015-01-12,57.96460723876953,58.06434088756915,57.90476502042412,57.97125750139993,308800
2015-01-13,57.99783706665039,58.097565614564076,57.86485721499437,57.964590835570725,697300
2015-01-14,58.1175422668457,58.25051710503055,57.97791209228723,58.18402968593813,436200
2015-01-15,58.343624114990234,58.430057287519,58.11091551766897,58.18405323006522,349000
2015-01-16,58.197296142578125,58.416709081654105,58.15740472553245,58.36351714381828,467700
2015-01-20,58.250526428222656,58.436693260544025,58.130847025635234,58.370205830810065,427200
2015-01-21,58.22389602661133,58.43000845875665,58.110866955606646,58.3635210683223,338300
2015-01-22,58.077613830566406,58.31032220579683,57.95128932553397,58.31032220579683,413000
2015-01-23,58.370155334472656,58.39010103887114,58.13744699538819,58.31031314861588,255400
2015-01-26,58.356903076171875,58.443341296929376,58.24387394266727,58.34360761979832,833100
2015-01-27,58.416725158691406,58.59624165746458,58.310341253741534,58.5297542532028,644000
2015-01-28,58.7225456237793,58.7890329989964,58.36350771041305,58.39010367503221,268000
2015-01-29,58.629459381103516,58.66935078972637,58.50978008257361,58.582917713489735,218300
2015-01-30,58.9752311706543,58.97523117065429,58.735872433929096,58.8755025909057,473200
2015-02-02,59.031211853027344,59.06453849581592,58.717959716569126,58.89124910619252,431200
2015-02-03,58.78460693359375,58.9445687143842,58.69129843726517,58.86458782398898,262400
2015-02-04,58.78460693359375,58.844593872623086,58.49135383867463,58.651310534533394,294000
2015-02-05,58.72461700439453,58.81125914337661,58.62464217638075,58.74461095301108,338900
2015-02-06,58.32471466064453,58.55131949333856,58.271394081799954,58.497998914493984,404900
2015-02-09,58.31805419921875,58.464683263365714,58.178091479332316,58.39803507555276,498300
2015-02-10,58.09145736694336,58.34472254958449,58.084791021762115,58.24474771159169,402200
2015-02-11,58.05145263671875,58.20474803528623,58.01813108741658,58.19808169145361,351900
2015-02-12,58.25810623168945,58.31142176198335,58.11813834548347,58.13147104175725,267500
2015-02-13,58.1181526184082,58.31143608237552,58.09815865402106,58.191467211117704,286100
2015-02-17,57.89818572998047,58.0781364067674,57.78487817874016,58.01815454281593,485700
2015-02-18,58.14473342895508,58.23138060273653,57.818153925662024,57.8914684181257,377100
2015-02-19,58.011470794677734,58.1447671756513,57.98481050149682,58.11144562287341,188300
2015-02-20,58.09812545776367,58.29807515725726,57.984823001018945,58.10479180372868,239500
2015-02-23,58.23808670043945,58.29807364270194,58.13145059243009,58.19809879555244,276900
2015-02-24,58.55801010131836,58.59133674813818,58.12478911732254,58.218097626499194,520100
2015-02-25,58.56467819213867,58.61799370973317,58.398055122941095,58.48469728834812,410700
2015-02-26,58.32471466064453,58.55131949333856,58.26472773821182,58.544653149750424,410500
2015-02-27,58.391357421875,58.45800559677932,58.29138261705361,58.29804896002298,390100
2015-03-02,58.12340545654297,58.497617504101186,58.10335401263225,58.497617504101186,410500
2015-03-03,58.09671401977539,58.21699727212885,58.06998384166794,58.10339274060712,634300
2015-03-04,58.13010025024414,58.250383455691846,58.00313832656916,58.163514234413356,582500
2015-03-05,58.19023895263672,58.22364783541903,58.04322559327294,58.13677862227576,429400
2015-03-06,57.75588607788086,57.94967596311213,57.70242574438437,57.8360765781256,539300
2015-03-09,57.75588607788086,57.75588607788086,57.635602876642764,57.73583972738418,502500
2015-03-10,57.88954162597656,58.0699690075462,57.809356210397944,57.96973213981405,340900
2015-03-11,57.98978042602539,58.02987313515066,57.809358136702656,57.86281338278333,212700
2015-03-12,57.96969223022461,58.21694232064188,57.85609290419047,58.09665918182474,496300
2015-03-13,57.795955657958984,57.963015309610824,57.795955657958984,57.84273215649126,288800
2015-03-16,57.836063385009766,58.03653194250525,57.809333224359,57.98307162120371,367300
2015-03-17,57.95635986328125,57.96972239754571,57.80934649508204,57.89621571344611,354100
2015-03-18,58.510982513427734,58.61790315911986,57.963026949898065,58.04321743416716,338700
2015-03-19,58.24370574951172,58.490950882930555,58.17019906166875,58.390714026939385,467000
2015-03-20,58.49095153808594,58.50431917143891,58.30384545721107,58.30384545721107,578100
2015-03-23,58.52437210083008,58.58451116290253,58.410772695853964,58.50432574680593,311200
2015-03-24,58.758243560791016,58.7649273769484,58.47758446127635,58.54440732807633,411800
2015-03-25,58.55778503417969,58.758258784779365,58.47759961254722,58.74489624726037,272500
2015-03-26,58.32389450073242,58.49763805453123,58.28380179533984,58.42413136247245,533500
2015-03-27,58.40402603149414,58.517625314229264,58.363928268335016,58.45080250663528,279100
2015-03-30,58.49763107299805,58.644644439569966,58.47090090650697,58.55109140598019,687900
2015-03-31,58.604557037353516,58.63128720858661,58.46422746207391,58.47759509681988,350400
2015-04-01,58.914085388183594,58.927483363084114,58.75998056203865,58.78008519205915,442100
2015-04-02,58.88058090209961,58.927481480422735,58.79348128857943,58.893983988351735,456200
2015-04-06,58.90740203857422,59.12850703107034,58.90070560494565,59.11510905203182,404300
2015-04-07,58.974361419677734,59.01456555258434,58.82026176416566,58.893963377420256,430100
2015-04-08,59.014564514160156,59.04806199391872,58.88726080045537,59.014564514160156,452600
2015-04-09,58.86717224121094,58.981072894778826,58.77337110159283,58.974371352869326,261200
2015-04-10,58.83367156982422,58.920776282163615,58.713069370397974,58.8738757108189,338900
2015-04-13,58.75333023071289,58.89403208057785,58.7332306967013,58.81362883274766,728600
2015-04-14,58.90070724487305,59.05480701112285,58.887304153679956,59.04140903171129,373600
2015-04-15,59.1084098815918,59.1352109525271,58.98110607259447,59.10170833591257,664300
2015-04-16,59.02799987792969,59.16200521718963,58.96099976419021,59.12180105952114,312800
2015-04-17,59.06814956665039,59.135149618606604,58.920746385280935,59.081547532331115,309000
2015-04-20,59.07488250732422,59.12178308386008,59.00118087108509,59.11508665276886,249800
2015-04-21,59.061492919921875,59.10839350311748,58.99449281703961,59.09499041547292,329400
2015-04-22,58.84037399291992,59.09497636806333,58.82697602024036,58.987777251289934,372500
2015-04-23,58.934207916259766,59.01461113239436,58.84710826595031,58.90071041004004,1512500
2015-04-24,59.1084098815918,59.12180786116865,58.96770809301762,59.007907143529785,275200
2015-04-27,59.054771423339844,59.128473045142925,58.99447288465285,59.108373532247256,484100
2015-04-28,58.86717224121094,58.99447597859783,58.7934706155426,58.847072727261164,640700
2015-04-29,58.585777282714844,58.71977746958345,58.50537410352601,58.58577728271485,402900
2015-04-30,58.625972747802734,58.63267429027207,58.384768336698016,58.51207208471971,282300
2015-05-01,58.38825225830078,58.55618902051979,58.30764589245054,58.529318523561955,609100
2015-05-04,58.267269134521484,58.43520569945556,58.24711756673216,58.40162146147909,348600
2015-05-05,58.1396369934082,58.34115778301991,58.06574449971218,58.253832620023196,498800
2015-05-06,57.95156478881836,58.13965810243817,57.91126164126635,58.13965810243817,549300
2015-05-07,58.02544403076172,58.10605543243733,57.938118856043005,58.005292461597215,370800
2015-05-08,58.341156005859375,58.45535162899579,58.25383084552272,58.428486291212785,497800
2015-05-11,57.83062744140625,58.200089898495975,57.83062744140625,58.166500538754455,941700
2015-05-12,57.87763214111328,57.96495726753954,57.64251696417033,57.75671766797667,567700
2015-05-13,57.81718826293945,58.126190862707496,57.75673357223135,58.092606631763935,574800
2015-05-14,57.99858093261719,58.052321873895714,57.904536847888885,57.9448451163569,220300
2015-05-15,58.267269134521484,58.3008584975152,58.05231053640656,58.119484137376745,209300
2015-05-18,57.99858093261719,58.26728051399158,57.9448451163569,58.26728051399158,307800
2015-05-19,57.77689743041992,57.96498556377975,57.743308067312554,57.77017853279499,241300
2015-05-20,57.87092208862305,57.93809566729217,57.77687805348318,57.83733273678072,518900
2015-05-21,58.07246398925781,58.0791828870781,57.86422428198551,57.91124631669272,346300
2015-05-22,57.924705505371094,58.059052761290225,57.850812977109776,57.971727557444716,242100
2015-05-26,58.1396369934082,58.17322122916837,57.911240615161326,57.911240615161326,372700
2015-05-27,58.15308380126953,58.20682474157193,58.02545034930587,58.15308380126953,317100
2015-05-28,58.179908752441406,58.2134980951052,58.07242695592855,58.15975719684878,169700
2015-05-29,58.18666076660156,58.30085639663755,58.18666076660157,58.27398593221431,355900
2015-06-01,57.941444396972656,58.237821727688676,57.90103117515357,58.20414575584476,258900
2015-06-02,57.73939895629883,57.82022543606355,57.6720418434888,57.82022543606355,357200
2015-06-03,57.38915252685547,57.60469844179218,57.33526990238627,57.60469844179218,540100
2015-06-04,57.597965240478516,57.638378492824025,57.39588870071121,57.409363210839636,543400
2015-06-05,57.30828857421875,57.40258952919661,57.12641877603527,57.274607459290955,365100
2015-06-08,57.34197998046875,57.456492718627864,57.29482949029193,57.39586772324739,327900
2015-06-09,57.126468658447266,57.32180798976075,57.052374252120735,57.234244209111715,733600
2015-06-10,56.96475601196289,57.099470182482754,56.93781215005568,57.05231970889918,476200
2015-06-11,57.28810119628906,57.32851443655853,57.025404856500884,57.079287463854044,466400
2015-06-12,57.26789093017578,57.42955417350506,57.20053381496449,57.20727106819116,356500
2015-06-15,57.34197998046875,57.490168703601014,57.29482949029193,57.42281159463671,337300
2015-06-16,57.449771881103516,57.51039175478685,57.30158311562939,57.429565256542396,310400
2015-06-17,57.55754852294922,57.6181735422504,57.24770158824325,57.49692864266807,251800
2015-06-18,57.49691390991211,57.61142152489338,57.32851854469775,57.490176656378296,383900
2015-06-19,57.79328536987305,57.79328536987305,57.57100227760766,57.57100227760766,682200
2015-06-22,57.36221694946289,57.5844949928364,57.35547969389997,57.51040059870514,354300
2015-06-23,57.23421859741211,57.38240734375229,57.1466497169281,57.15338697058505,445000
2015-06-24,57.32176208496094,57.34870595104968,57.20051725707008,57.25440498924757,364300
2015-06-25,57.16685104370117,57.28135863987526,57.133169920582745,57.15337653884666,291700
2015-06-26,57.07255172729492,57.12643433122803,57.01192673172039,57.045607855819355,764400
2015-06-29,57.46992492675781,57.517075386448774,57.09945335846119,57.09945335846119,759400
2015-06-30,57.456504821777344,57.56427519101834,57.32852269047327,57.32852269047327,877100
2015-07-01,57.28223419189453,57.329513274876604,57.16741429794287,57.24846636292652,293600
2015-07-02,57.430843353271484,57.53215717497179,57.34979641833926,57.43759898219418,313200
2015-07-06,57.48485565185547,57.63344851197364,57.457838299740075,57.63344851197364,550400
2015-07-07,57.80906295776367,57.97116709677727,57.73477166867477,57.896870654654506,789500
2015-07-08,57.80906295776367,57.93063848550695,57.74152214302494,57.883359399886444,260600
2015-07-09,57.53213882446289,57.734766403233216,57.505121470424626,57.707749049194945,217500
2015-07-10,57.18089294433594,57.370009168419976,57.0998409255725,57.26193981006873,215700
2015-07-13,57.08637237548828,57.22145917446189,56.991814192724,57.02558718072602,166100
2015-07-14,57.15388107299805,57.20791060431236,57.07282904647989,57.16738716756884,225000
2015-07-15,57.295738220214844,57.356523396511655,57.09986628598138,57.133634110690856,243600
2015-07-16,57.302494049072266,57.37004001087019,57.14039507743073,57.21469151298173,238800
2015-07-17,57.322757720947266,57.37678727311469,57.23495003673812,57.24170566314646,124500
2015-07-20,57.194435119628906,57.302499393123576,57.14715603378114,57.17417339041327,267400
2015-07-21,57.302494049072266,57.32276092943169,57.194429785655714,57.2214471397682,468400
2015-07-22,57.275489807128906,57.376798457837076,57.24171682153677,57.316013267412174,283200
2015-07-23,57.47135543823242,57.47135543823242,57.20119217125223,57.20119217125223,362400
2015-07-24,57.451072692871094,57.54563083233153,57.34976408132929,57.484845665406446,222700
2015-07-27,57.4376106262207,57.53892446845983,57.41059325808786,57.484889732194155,164100
2015-07-28,57.45784378051758,57.50512286297112,57.37679171644002,57.50512286297112,237100
2015-07-29,57.37680435180664,57.47136253753707,57.29575742291465,57.4646120621525,243700
2015-07-30,57.31600570678711,57.403808243496755,57.207936289575144,57.24170927071224,244100
2015-07-31,57.57267761230469,57.65372969600605,57.5456602510709,57.5456602510709,537300
2015-08-03,57.653263092041016,57.72099101853951,57.558450195241555,57.5923141584908,244100
2015-08-04,57.40945816040039,57.714218334930095,57.395915674981836,57.639721747839424,257600
2015-08-05,57.321414947509766,57.39591152921948,57.233375881359684,57.35527890898331,298500
2015-08-06,57.32819366455078,57.45686536191558,57.294329700187895,57.40945891195686,413000
2015-08-07,57.5313606262207,57.5652245898044,57.33496617156458,57.44332155458467,227300
2015-08-10,57.280784606933594,57.44332026126198,57.260468296006955,57.38237132848207,237900
2015-08-11,57.5787467956543,57.68710730742485,57.48393393131187,57.57197813885384,186000
2015-08-12,57.53814697265625,57.768410607916984,57.52460448442516,57.632959891023454,324000
2015-08-13,57.389137268066406,57.49749781042741,57.33496216380095,57.45009136487323,330300
2015-08-14,57.280784606933594,57.402687639408704,57.267236955038975,57.29432709191292,313800
2015-08-17,57.39594268798828,57.49075563128757,57.32144606583628,57.40271651734334,373300
2015-08-18,57.24015808105469,57.35529247715226,57.23338942069083,57.26047956289518,243900
2015-08-19,57.55170440673828,57.55847306854566,57.07086073870905,57.15213118265429,410100
2015-08-20,57.44333267211914,57.55169324302665,57.42979018421391,57.477196642256835,274900
2015-08-21,57.5787467956543,57.66679100319627,57.504255402454035,57.5110240592545,772000
2015-08-24,57.416221618652344,57.856427235539414,57.3620413529308,57.78870448684475,714500
2015-08-25,57.138587951660156,57.4094790941323,57.02345353250042,57.38916277513862,847600
2015-08-26,57.04376220703125,57.19952406227866,56.962491782391616,56.962491782391616,542100
2015-08-27,57.036956787109375,57.21980868262155,56.95568640748545,57.043730610473034,502400
2015-08-28,57.064048767089844,57.409436266154714,57.030184816084976,57.314623403637285,531000
2015-08-31,57.036956787109375,57.29430523888182,57.00986666056807,57.24689880916286,501100
2015-09-01,57.31544876098633,57.32224194656239,57.118487832739355,57.27470001089466,500600
2015-09-02,57.41054153442383,57.471669850722265,57.2339549538411,57.32904402160346,317900
2015-09-03,57.62788391113281,57.63467709859207,57.410548547590615,57.512425632744346,378100
2015-09-04,57.756927490234375,57.85201138616041,57.53959213073434,57.62108965199454,430100
2015-09-08,57.58030700683594,57.7229327667934,57.525971903514815,57.655016478482324,281700
2015-09-09,57.56672286987305,57.64822033899497,57.36296883370749,57.41051075125541,252100
2015-09-10,57.53276824951172,57.56672898637446,57.458058773758445,57.52597506580298,278400
2015-09-11,57.68899917602539,57.7093735521073,57.55995455192983,57.58712211393324,281100
2015-09-14,57.62788391113281,57.7025934281333,57.526006825979074,57.69580024067403,234900
2015-09-15,57.26786422729492,57.58028316953404,57.26107104677188,57.55990880964344,242500
2015-09-16,57.206787109375,57.3969548633788,57.1932007374132,57.33582655291605,294300
2015-09-17,57.648231506347656,57.655024690650556,57.20677297860559,57.26789609228752,279600
2015-09-18,57.818023681640625,57.87235879161044,57.6346491625941,57.682191088397374,318700
2015-09-21,57.56672286987305,57.709348622516785,57.50559458635123,57.64822033899497,283400
2015-09-22,57.7908821105957,57.84521724499569,57.67542383625845,57.70259140345845,131100
2015-09-23,57.702579498291016,57.79766337303152,57.67541193669623,57.756914621480604,213700
2015-09-24,57.74330139160156,57.89951350269178,57.722927025302866,57.85876477009439,157500
2015-09-25,57.587093353271484,57.67538399942571,57.56671898736513,57.6210489025554,153800
2015-09-28,57.73654556274414,57.763713126840834,57.60070774226068,57.60070774226068,505800
2015-09-29,57.913116455078125,58.00141231780186,57.79086502965319,57.80445140007934,541500
2015-09-30,58.02178955078125,58.04216392574234,57.790867877296776,57.82482862335348,591800
2015-10-01,57.978878021240234,58.14914373218771,57.86309858485926,57.95844696730207,762000
2015-10-02,58.12871551513672,58.3534675116194,58.06742235033093,58.23087598591043,337800
2015-10-05,57.937992095947266,58.07420253027238,57.88350584377922,57.972047302576044,750600
2015-10-06,58.067447662353516,58.14236502717143,57.856314545094094,57.856314545094094,515100
2015-10-07,58.298988342285156,58.29898834228516,57.93802580482676,57.98570000418734,4857300
2015-10-08,58.02655029296875,58.264926437287556,57.99931235268366,58.14914180863955,415900
2015-10-09,58.067447662353516,58.19684613204838,58.026580338571236,58.05382348905954,394000
2015-10-12,58.17636489868164,58.217232187221214,58.08782863302038,58.18998906022656,370900
2015-10-13,58.32622146606445,58.339845632740534,58.13552470137635,58.2308730837204,297100
2015-10-14,58.59183120727539,58.59864329010747,58.31940505105662,58.42156550915075,276200
2015-10-15,58.41475296020508,58.557780718053635,58.346647720718,58.550968635275915,593500
2015-10-16,58.407936096191406,58.557770715126004,58.25128939564274,58.48966029117696,484800
2015-10-19,58.435176849365234,58.489657911773996,58.312585365778205,58.46922686385876,321000
2015-10-20,58.367088317871094,58.367088317871094,58.25812095609142,58.28536409556072,255900
2015-10-21,58.56459045410156,58.63950778001133,58.45562310483996,58.52372834764058,633900
2015-10-22,58.70083236694336,58.75531346787119,58.530566585808096,58.61910292140269,579100
2015-10-23,58.537349700927734,58.60546014259821,58.4760565387409,58.57140492176297,281700
2015-10-26,58.61909103393555,58.700820462902165,58.496499488534745,58.68719629335862,585700
2015-10-27,58.68718719482422,58.81659080493478,58.64632508472506,58.755292443688624,256400
2015-10-28,58.407936096191406,58.73484326832524,58.367068802602816,58.73484326832524,421200
2015-10-29,58.067447662353516,58.34668086168421,58.033392425218224,58.34668086168421,533300
2015-10-30,58.183197021484375,58.210440157863324,58.10827969546652,58.19681599162537,243000
2015-11-02,57.9107780456543,57.99931954890595,57.84267279429751,57.9584522412138,416600
2015-11-03,57.95845031738281,57.9720744848605,57.80861565171283,57.958450317382805,322900
2015-11-04,57.92437744140625,58.00610162964484,57.7949738819013,57.96523953552554,2093600
2015-11-05,57.842655181884766,57.95843459354758,57.80179308273225,57.951622511656815,426900
2015-11-06,57.57704544067383,57.692824860974234,57.49531604017544,57.65196275877325,505100
2015-11-09,57.399967193603516,57.556613910898555,57.359105091742364,57.43402240921873,401900
2015-11-10,57.57704544067383,57.66558172747477,57.42039872207602,57.454453937974456,383200
2015-11-11,57.60429000854492,57.69963838011905,57.481698502792966,57.69963838011905,231300
2015-11-12,57.7132568359375,57.781362072728164,57.60428949629173,57.611096382703245,271900
2015-11-13,57.79496765136719,57.84264182139869,57.68599515066957,57.73366932070107,866200
2015-11-16,57.82905960083008,57.84267857402322,57.713274946246806,57.75414225802248,737800
2015-11-17,57.83585739135742,57.89715575132917,57.60429851081311,57.69283481288641,420800
2015-11-18,57.917598724365234,57.9380297831944,57.76095194651102,57.76095194651102,419000
2015-11-19,58.02655029296875,58.05379342935082,57.91758294353747,57.93120191368002,320600
2015-11-20,57.978878021240234,58.1014695409663,57.944827996709016,57.972071133992266,1583100
2015-11-23,57.96522521972656,58.04695458387566,57.87668897230229,57.93798209834353,473600
2015-11-24,58.02655029296875,58.10827970211494,57.98568818644414,58.03336237608851,347300
2015-11-25,58.03336715698242,58.12190346044518,58.01293610203697,58.06742237928977,331900
2015-11-27,57.992515563964844,58.11510711196678,57.97208450531424,58.101482942134155,214600
2015-11-30,58.019737243652344,58.046980377140905,57.99249411016378,58.0129251612561,295700
2015-12-01,58.269710540771484,58.28336734582814,57.989701747585706,57.989701747585706,471500
2015-12-02,58.119449615478516,58.187744050055656,58.030667371581366,58.16043044464989,434700
2015-12-03,57.67550277709961,57.941854602956056,57.57306377525412,57.93502880985241,363400
2015-12-04,57.87358856201172,57.92139518981263,57.723337671628386,57.771144299429295,971300
2015-12-07,57.89406204223633,58.085293716637125,57.8735742368974,57.88040524218716,846600
2015-12-08,57.89406204223633,57.9896804847019,57.83259862621954,57.9896804847019,511600
2015-12-09,57.87358856201172,57.95554501418398,57.76431850298034,57.90773838638307,551600
2015-12-10,57.7984619140625,58.01018144180217,57.77797410407869,57.97603161814145,368700
2015-12-11,57.90092086791992,57.96921532204077,57.79847658147222,57.94189649828586,353300
2015-12-14,57.600406646728516,57.81895718983128,57.57991883594556,57.81212618272638,402300
2015-12-15,57.40920639038086,57.5662883624506,57.36823075007315,57.45701304091789,483500
2015-12-16,57.3955192565918,57.49113250715036,57.23161157142446,57.402350263212085,749900
2015-12-17,57.46384811401367,57.53214258953318,57.416041460096565,57.49799795704067,629400
2015-12-18,57.52528381347656,57.668703693013654,57.470646180167726,57.57991623625391,583600
2015-12-21,57.55942916870117,57.69602325373484,57.54577236546359,57.682361239965694,431400
2015-12-22,57.566246032714844,57.60722164289228,57.47746380715364,57.55258402230217,516300
2015-12-23,57.65531539916992,57.689569728256096,57.46347442900928,57.52513535772903,1235500
2015-12-24,57.716983795166016,57.716983795166016,57.49088846666756,57.49088846666756,274600
2015-12-28,57.70327377319336,57.7786406129266,57.600500334714,57.6621664887113,607600
2015-12-29,57.46350860595703,57.669050384545116,57.43610199002312,57.66220265101976,533800
2015-12-30,57.39495849609375,57.545692188792195,57.381257809155116,57.484031256656294,717600
2015-12-31,57.61418914794922,57.72381552034306,57.559381189025444,57.63474801322792,527500
2016-01-04,57.69643783569336,57.840318601095994,57.58681663564763,57.61421801520224,844600
2016-01-05,57.71015167236328,57.78551331739405,57.627931840589056,57.6758921023049,424100
2016-01-06,57.89509582519531,57.90879650645581,57.73750924070079,57.82658196434781,390700
2016-01-07,57.929386138916016,57.96364047389798,57.771799470718065,57.92253318100951,488200
2016-01-08,57.949893951416016,58.080068685029644,57.88822783358121,57.88822783358121,710200
2016-01-11,57.84714126586914,57.90880217848968,57.76492148843539,57.90880217848968,437900
2016-01-12,57.881439208984375,58.03216772668926,57.7444061556938,57.81977302818449,368900
2016-01-13,58.01161575317383,58.11438923929478,57.8197747002956,57.90884226705288,944500
2016-01-14,57.83348083496094,58.01161596913865,57.799221263700865,58.01161596913865,454200
2016-01-15,57.85402297973633,57.98419782462438,57.75124951367425,57.94994348745411,539900
2016-01-19,57.641624450683594,57.85402434616866,57.600517154198116,57.730697229436466,955100
2016-01-20,57.68956756591797,57.76493440526678,57.593647084432966,57.71697416452428,1036500
2016-01-21,57.607364654541016,57.81975930262642,57.5662521346751,57.806058614187954,880600
2016-01-22,57.586814880371094,57.6553287817208,57.48404141470872,57.6553287817208,1026300
2016-01-25,57.573123931884766,57.64849081114638,57.51146297282178,57.559423238963085,716900
2016-01-26,57.47715759277344,57.552524411970936,57.429197364854375,57.49086350204906,1135800
2016-01-27,57.518280029296875,57.552539584244784,57.388105220498,57.41551181900149,502100
2016-01-28,57.59366226196289,57.71698937455432,57.42922785426617,57.51829540275281,768900
2016-01-29,57.88828659057617,57.936246852118266,57.730705114342065,57.84032632903408,563700
2016-02-01,57.708984375,57.85322711069888,57.64030060195615,57.812012654683784,590700
2016-02-02,57.915035247802734,57.942509802369806,57.81887692693574,57.9081652991021,449400
2016-02-03,57.92191696166992,58.13483825251917,57.87383779147052,57.880702501330056,636900
2016-02-04,57.970035552978516,58.031849425168524,57.85327252312621,57.970035552978516,819500
2016-02-05,57.92191696166992,58.03867991212037,57.7982840611234,57.887572451426124,498900
2016-02-08,58.0936164855957,58.20350946221586,57.95624371452626,58.04553732578025,855700
2016-02-09,58.00434494018555,58.22413621727362,57.98374032674563,58.2035316038337,770000
2016-02-10,58.0112190246582,58.08677277281262,57.90132599840309,58.03869359128143,635900
2016-02-11,57.99748229980469,58.23100824744417,57.976877685629155,58.11424527362443,458000
2016-02-12,57.79829788208008,57.963140042147636,57.72961408540508,57.887586293733804,675600
2016-02-16,57.72273635864258,57.887578496506556,57.702131746439214,57.887578496506556,445500
2016-02-17,57.64032745361328,57.79143496884456,57.55790898366053,57.695276593740736,539300
2016-02-18,57.963157653808594,58.01810680393958,57.65407785474067,57.65407785474067,451600
2016-02-19,58.00434494018555,58.05242411829114,57.89445192176021,57.96313571330572,554900
2016-02-22,58.05928039550781,58.07988500409497,57.93564750374871,58.038675786920656,800700
2016-02-23,58.127960205078125,58.244728379499065,57.942513500209714,57.983722714572515,556500
2016-02-24,58.237884521484375,58.430201261651575,58.13485619918391,58.224144617050634,463100
2016-02-25,58.457637786865234,58.540061439113074,58.29966043011555,58.347739583868105,2424000
2016-02-26,58.51947021484375,58.52634016477555,58.35462809813547,58.38210265762625,3528800
2016-02-29,58.512630462646484,58.615653554384025,58.45081136736531,58.50576050978443,1153700
2016-03-01,58.43821334838867,58.699962610220126,58.30045445123059,58.54842467024719,771600
2016-03-02,58.29356002807617,58.396881819839216,58.23845962694522,58.272896720756485,638100
2016-03-03,58.46575927734375,58.50709114574427,58.30733708982919,58.39687983689549,2505900
2016-03-04,58.5346794128418,58.582895575864555,58.328035711219904,58.417578512499986,1511100
2016-03-07,58.4520263671875,58.5002425347356,58.41069972505145,58.43136304611947,871300
2016-03-08,58.63798522949219,58.706869954148665,58.55533196817108,58.58288480700034,516200
2016-03-09,58.56218719482422,58.68617228048688,58.56218719482422,58.603519060154476,844800
2016-03-10,58.64485549926758,58.77573012694737,58.507096605515656,58.596639360937914,516100
2016-03-11,58.70691680908203,58.762017275550456,58.56226297598622,58.74135394372844,544800
2016-03-14,58.74815368652344,58.88591252491065,58.65172144861982,58.761927468297024,672400
2016-03-15,58.830841064453125,58.879057207108445,58.74129304583223,58.865278163398116,1974100
2016-03-16,59.030582427978516,59.13390422206288,58.62419002778867,58.73439608769119,676200
2016-03-17,59.25788879394531,59.37498437378345,59.09946659890895,59.25099927302404,671700
2016-03-18,59.52656936645508,59.60233839100011,59.257935644947715,59.35436799342888,830300
2016-03-21,59.41634750366211,59.505890302089185,59.319915180689115,59.4370108221324,770600
2016-03-22,59.340579986572266,59.53344463735254,59.30613761814681,59.48522847465747,550900
2016-03-23,59.56790542602539,59.574789697705235,59.36126166190723,59.368151188756286,555300
2016-03-24,59.450809478759766,59.574794696600364,59.388819497424294,59.53346804237672,1104200
2016-03-28,59.450809478759766,59.581684224027526,59.4370356790751,59.47836233329875,739400
2016-03-29,59.77451705932617,59.77451705932617,59.478330600017564,59.519662487359206,514200
2016-03-30,59.66432189941406,59.740090909077445,59.505894355072144,59.643653324368564,2112100
2016-03-31,59.877838134765625,59.891611926926736,59.62986783453126,59.6849735135093,718200
2016-04-01,59.962772369384766,59.96967434250131,59.741788049974616,59.866092058935436,643200
2016-04-04,60.02492141723633,60.0525451155995,59.89371543586344,59.94205559082856,778100
2016-04-05,60.11470413208008,60.16994626414782,60.018023815108876,60.142322563772886,451100
2016-04-06,60.142303466796875,60.16992715840046,60.04562318052456,60.13540149540632,415800
2016-04-07,60.314998626708984,60.33572036445687,60.14235435960434,60.23903999637306,592400
2016-04-08,60.197574615478516,60.30806942551524,60.16304893885394,60.30806942551524,436500
2016-04-11,60.232112884521484,60.28045305261969,60.121618061049496,60.169958229147696,948900
2016-04-12,60.073272705078125,60.20448397944904,60.01803056679596,60.100896408560565,446900
2016-04-13,60.190677642822266,60.245919783748356,59.98350249112975,59.997311709190534,602100
2016-04-14,60.190677642822266,60.239017809059455,60.09399204166491,60.204486860883044,532200
2016-04-15,60.3978385925293,60.41855505089783,60.121606854023725,60.163045039442984,652200
2016-04-18,60.39095687866211,60.39095687866211,60.163070471593834,60.27356005249293,506800
2016-04-19,60.4185791015625,60.47382652499225,60.3011822782875,60.34952245661746,406600
2016-04-20,60.473777770996094,60.54283436026767,60.39090670266217,60.41853039210682,524100
2016-04-21,60.42546081542969,60.542857589101686,60.29424955739507,60.33568774180088,555300
2016-04-22,60.4185791015625,60.529073948421996,60.37714616833233,60.50145023670712,597400
2016-04-25,60.30806350708008,60.49451689486596,60.25972334960359,60.49451689486596,677700
2016-04-26,60.204471588134766,60.377115747854276,60.128507736363645,60.287342681525516,711000
2016-04-27,60.4807014465332,60.52904159902804,60.197562504290914,60.33568098904866,475200
2016-04-28,60.53596496582031,60.53596496582031,60.3633207653958,60.47381031395239,663900
2016-04-29,60.46688461303711,60.59118861014597,60.4530753994389,60.549755700670104,631700
2016-05-02,60.58045959472656,60.642780795282235,60.46274822821122,60.58045959472656,633500
2016-05-03,60.85052490234375,60.87130216425058,60.63587407452819,60.75358547798818,2926700
2016-05-04,60.81586837768555,60.85048656011233,60.725849481217914,60.82278884449145,571500
2016-05-05,60.878196716308594,60.88512246732888,60.628922507580114,60.76741111398492,2970300
2016-05-06,60.77432632446289,60.87819144958082,60.684312700187206,60.78817782530513,419800
2016-05-09,60.788185119628906,60.85742678374966,60.73971542646434,60.788185119628906,552600
2016-05-10,60.8297233581543,60.87127257897138,60.72585823031138,60.75355594992281,624300
2016-05-11,60.864356994628906,60.988994112298755,60.73971987695906,60.864356994628906,555800
2016-05-12,60.80202102661133,60.871267961787346,60.76047709174527,60.77432330910081,552900
2016-05-13,60.92668533325195,60.97515503984953,60.73973226003322,60.802048190172194,493900
2016-05-16,60.739707946777344,60.919740477561774,60.71201022797976,60.80894960237145,437600
2016-05-17,60.6288948059082,60.788155309806704,60.62889480590821,60.67736447530379,562700
2016-05-18,60.20652389526367,60.580435099004305,60.171905715886844,60.57351463280811,597900
2016-05-19,60.17191696166992,60.48350704828885,60.07497758881961,60.3104002706562,912800
2016-05-20,60.261905670166016,60.28960337707213,60.1649663373933,60.23420796325989,418900
2016-05-23,60.31037902832031,60.324230524019974,60.17189576811018,60.24113739821525,518400
2016-05-24,60.17191696166992,60.275782084809435,60.14421924331275,60.275782084809435,412500
2016-05-25,60.19266891479492,60.24806433308949,60.137273496500356,60.22729237192849,716800
2016-05-26,60.42121887207031,60.455837073803764,60.24118626152945,60.317353701265894,716100
2016-05-27,60.358890533447266,60.52507690024332,60.31042083049877,60.43505796419511,751100
2016-05-31,60.497344970703125,60.518116934108996,60.22729888082993,60.289614771047546,518000
2016-06-01,60.5646858215332,60.641055076123024,60.453593638190085,60.516084315612304,579000
2016-06-02,60.627193450927734,60.90491871403906,60.5647080477413,60.90491871403906,534100
2016-06-03,61.10627365112305,61.15487517826315,60.911867542562675,61.03684365480422,607100
2016-06-06,60.988250732421875,61.099342989590184,60.884108362789554,61.016023796713945,1047800
2016-06-07,61.10627365112305,61.17570364744188,61.02989906602159,61.05072753520032,694800
2016-06-08,61.17568588256836,61.196514345698695,61.08542744328105,61.16874129580238,881900
2016-06-09,61.23122024536133,61.37008017105816,61.20344720078864,61.29370562277492,866800
2016-06-10,61.328433990478516,61.404808552133815,61.245114842172505,61.3214894038278,695300
2016-06-13,61.34932327270508,61.50901184380817,61.30766630583867,61.32849478927187,1188200
2016-06-14,61.23820114135742,61.46038035172993,61.189599604625,61.46038035172993,1098800
2016-06-15,61.328433990478516,61.495066989923004,61.25205942882322,61.3214894038278,744800
2016-06-16,61.384033203125,61.59232330836595,61.34931553699878,61.55761093941185,608200
2016-06-17,61.25209045410156,61.4603804846179,61.17571585376117,61.39095047444579,495300
2016-06-20,61.21737289428711,61.286802904565675,61.18959983074164,61.27291902137806,341800
2016-06-21,61.168739318847656,61.29371539075808,61.11319322085025,61.29371539075808,707400
2016-06-22,61.27982711791992,61.32148403984529,61.1409618828902,61.18956339085883,429600
2016-06-23,61.25209045410156,61.321520464273675,61.17571585376117,61.22431739059867,463100
2016-06-24,61.5367431640625,61.94638914991075,61.3492816431958,61.828357625766195,607700
2016-06-27,61.73809051513672,61.85612203288161,61.66171593373264,61.724206635412756,928500
2016-06-28,61.92554473876953,62.02274776859085,61.76585101996719,61.87694322385888,1105300
2016-06-29,61.87691879272461,61.99495023988078,61.86302962413815,61.96717719987361,755800
2016-06-30,62.078311920166016,62.13385274109284,61.86307203683558,61.932502035871146,1259500
2016-07-01,62.20292663574219,62.383932725068135,62.06369445094832,62.34912202318598,2016600
2016-07-05,62.50229263305664,62.57190873884141,62.20990180193957,62.36306042148711,1047000
2016-07-06,62.40481185913086,62.655434020120694,62.36304326942154,62.655434020120694,1082600
2016-07-07,62.42572784423828,62.54407578273834,62.363074927868716,62.50927037743402,730500
2016-07-08,62.64149856567383,62.64845645478553,62.43960824275409,62.59972467417495,839000
2016-07-11,62.47444534301758,62.60671966242078,62.43267674167696,62.49532964368789,538600
2016-07-12,62.147212982177734,62.49529865104285,62.10544440155097,62.47441436072947,1184200
2016-07-13,62.30036163330078,62.432635866102075,62.23770877230962,62.23770877230962,922500
2016-07-14,62.286468505859375,62.30735280223129,62.16812061884028,62.2586210069077,554000
2016-07-15,62.01496887207031,62.23774357689388,62.00800566872234,62.19596966817401,834400
2016-07-18,62.17504119873047,62.293394326093036,62.070619779534304,62.293394326093036,691100
2016-07-19,62.293418884277344,62.335187468422404,62.18899211254845,62.300376774057355,648500
2016-07-20,62.25859069824219,62.2934013828271,62.147200756662244,62.2934013828271,1242000
2016-07-21,62.36307144165039,62.44660865880659,62.084601657934584,62.140296676951614,1014900
2016-07-22,62.36307144165039,62.460535069245516,62.21687600025769,62.27256570790537,553700
2016-07-25,62.32126998901367,62.38392818556863,62.26558030596894,62.36304389050598,888300
2016-07-26,62.31431579589844,62.39785298110605,62.29343149959654,62.39785298110605,1035600
2016-07-27,62.53706741333008,62.592762390507815,62.307329615995926,62.48137243615234,720200
2016-07-28,62.52315139770508,62.6066938773471,62.418729937360354,62.46746172264331,838300
2016-07-29,62.69721221923828,62.75290722163155,62.52316932028515,62.64152252821278,584300
2016-08-01,62.51292037963867,62.750243308569665,62.51292037963867,62.750243308569665,843600
2016-08-02,62.29655075073242,62.422191066099714,62.19883109714917,62.37333123930809,788800
2016-08-03,62.36631393432617,62.401216072847255,62.19879538512605,62.35235627410894,711400
2016-08-04,62.46408462524414,62.589724971243314,62.44314545513144,62.48502379535683,991300
2016-08-05,62.233741760253906,62.44313876426669,62.19883959692388,62.43615726653619,503300
2016-08-08,62.21976852416992,62.31748817502356,62.13600654115754,62.19184786316579,924300
2016-08-09,62.47801971435547,62.52687953123459,62.275598951478905,62.31049577763792,963400
2016-08-10,62.666481018066406,62.68044400957341,62.47802323528947,62.58272437030819,614300
2016-08-11,62.429161071777344,62.6874178264303,62.35238059733438,62.67346016076828,753400
2016-08-12,62.631587982177734,62.7502467905671,62.58272815958674,62.72930762735971,1124100
2016-08-15,62.47801971435547,62.624599164992844,62.47801971435547,62.596678508873254,589400
2016-08-16,62.4361572265625,62.54085839116309,62.3663582252696,62.54085839116309,643600
2016-08-17,62.63858413696289,62.74328531172447,62.436163285843286,62.50596761923298,1615900
2016-08-18,62.67349624633789,62.72933759177928,62.55483738126781,62.70141691905858,850200
2016-08-19,62.533851623535156,62.645534240730875,62.45009498595867,62.54083311843996,463200
2016-08-22,62.701351165771484,62.71530882483289,62.57571093294594,62.63155221982801,501100
2016-08-23,62.76417922973633,62.83397818747923,62.69438027199342,62.80606286463737,650100
2016-08-24,62.70834732055664,62.84795058225953,62.66646900470574,62.78512778316325,583500
2016-08-25,62.631587982177734,62.74326529439088,62.610643493649086,62.63856415303269,572700
2016-08-26,62.4431266784668,62.83400527056116,62.40822984721346,62.70138879128424,646600
2016-08-29,62.63858413696289,62.70838314502962,62.50596761923298,62.603687295591,631200
2016-08-30,62.65949249267578,62.70835230682692,62.58969351893422,62.65251632302587,600000
2016-08-31,62.57572555541992,62.72928646757007,62.5687440615987,62.66646367381798,907900
2016-09-01,62.65064239501953,62.65764239818821,62.440690354900894,62.482679695037035,517400
2016-09-02,62.580665588378906,62.71363896670704,62.46169221800035,62.63665494130007,614300
2016-09-06,62.79761505126953,62.8675990638477,62.52466832517024,62.58765767409712,727200
2016-09-07,62.79058837890625,62.916561683817015,62.7485990570812,62.88856702278844,877600
2016-09-08,62.50365447998047,62.748606458012624,62.46866515414463,62.65762246407968,563000
2016-09-09,62.15376281738281,62.47569362223013,62.13276814263351,62.41970960271171,729200
2016-09-12,62.16075897216797,62.24474300540275,62.04178559633114,62.14676430301492,1167700
2016-09-13,61.96476364135742,62.20271024739393,61.8667849989382,62.195715586817954,989100
2016-09-14,62.09773254394531,62.18171118039046,61.971759249842414,61.9927539089537,1265000
2016-09-15,62.15376281738281,62.1817574968616,62.00679475469855,62.097778797864386,1141200
2016-09-16,62.16775894165039,62.23774296625411,62.090774912754654,62.16075893735837,1595100
2016-09-19,62.16775894165039,62.23774296625411,62.1257642553371,62.20974828852486,459600
2016-09-20,62.21673583984375,62.32171452545676,62.1747411619359,62.24473051196974,461200
2016-09-21,62.39867401123047,62.41966867221292,62.06974341734358,62.1887167225346,488600
2016-09-22,62.594688415527344,62.622683102193534,62.4617149887231,62.496709681915966,750300
2016-09-23,62.51769256591797,62.587676599658245,62.48969788453395,62.55268191306835,456600
2016-09-26,62.685665130615234,62.73465449584854,62.62268109221829,62.62967575907994,1428300
2016-09-27,62.832576751708984,62.86757141232505,62.6856087881055,62.7625927699124,2046000
2016-09-28,62.81861114501953,62.87459515268833,62.77661646497041,62.839605815325086,1316000
2016-09-29,62.76958465576172,62.8045739724192,62.671606026024996,62.76258465665628,710700
2016-09-30,62.6926383972168,62.790617085893466,62.573665038029134,62.72063307104414,613400
2016-10-03,62.61054229736328,62.757893592512154,62.526339262980116,62.729825914384435,1251600
2016-10-04,62.4000244140625,62.617542182623936,62.393006157649225,62.58947451033196,1800200
2016-10-05,62.26669692993164,62.47018351491291,62.252665772129,62.44913410152872,970600
2016-10-06,62.329830169677734,62.407014895788784,62.23860893698719,62.322811916387984,487600
2016-10-07,62.4280891418457,62.44212030064934,62.245651957233314,62.393003214795336,435900
2016-10-10,62.39302062988281,62.42810656672634,62.280755268035755,62.37197120912164,451000
2016-10-11,62.301822662353516,62.39303862975445,62.17552074798706,62.259723808686,574300
2016-10-12,62.35789108276367,62.357891082763665,62.1894851421825,62.25263870823997,519100
2016-10-13,62.4842414855957,62.58247568403301,62.34390309256933,62.3719707711746,852900
2016-10-14,62.27369689941406,62.47016517112268,62.27369689941407,62.36491278174766,411000
2016-10-17,62.385990142822266,62.435107228543025,62.3158182889119,62.35090421586708,569200
2016-10-18,62.547340393066406,62.554358645520395,62.32280449476156,62.37192155522331,410600
2016-10-19,62.59651184082031,62.62457952166493,62.50529589309738,62.53336357394199,452200
2016-10-20,62.59651184082031,62.65966546106137,62.51932705683832,62.631597780216765,871600
2016-10-21,62.62458038330078,62.64562980588317,62.50529675309204,62.596512702069994,504400
2016-10-24,62.49824905395508,62.64560029598318,62.484217896630625,62.64560029598318,427900
2016-10-25,62.505252838134766,62.603486976743746,62.44209926139525,62.46314866918873,699800
2016-10-26,62.35789108276367,62.49120576069274,62.33683632517241,62.378940486996775,609300
2016-10-27,62.140380859375,62.21756559300699,62.063196125743005,62.1965161844454,426800
2016-10-28,62.11933898925781,62.1965237322565,62.091271323316484,62.098289578141795,474200
2016-10-31,62.140380859375,62.23160210095421,62.13336795876064,62.1684485219102,557000
2016-11-01,62.10100555419922,62.17136331817411,61.946232429068296,62.0165848254994,1014000
2016-11-02,62.157318115234375,62.25581258890283,62.07992883341685,62.094002539681625,763400
2016-11-03,62.108070373535156,62.22063855255334,62.072896843251634,62.12214407968553,671000
2016-11-04,62.22765350341797,62.340221652525386,62.164337945203634,62.17840628006967,380600
2016-11-07,62.14322280883789,62.227643539606326,62.07287041068288,62.19247002430078,1203700
2016-11-08,62.009544372558594,62.22060691713202,61.967334010661304,62.17135970573735,1534200
2016-11-09,61.35527420043945,61.82664126615418,61.320100678136185,61.819609782220525,947000
2016-11-10,61.24972152709961,61.446710359408264,61.151227110945285,61.39043166985088,1000600
2016-11-11,61.080848693847656,61.35522664585805,60.996422644174906,61.35522664585805,597800
2016-11-14,60.715023040771484,60.91904330063941,60.60245495632133,60.79241225694554,999900
2016-11-15,60.86981964111328,60.926103705100786,60.67283078470076,60.7783620627914,1891800
2016-11-16,60.98236846923828,60.9964367970109,60.78537967516927,60.82055317837183,1597500
2016-11-17,60.73615264892578,60.919067808431656,60.67283173406309,60.85575226111282,972800
2016-11-18,60.35618591308594,60.72202125203178,60.29286505838951,60.672774083951786,724000
2016-11-21,60.370296478271484,60.45472255443373,60.250696896031855,60.370296478271484,852400
2016-11-22,60.50394058227539,60.553187761070994,60.39840937984483,60.44062508134101,656500
2016-11-23,60.250755310058594,60.370355008251956,60.06080316396017,60.19447120471546,780900
2016-11-25,60.21553039550781,60.356240551358034,60.15221485103292,60.28588815720473,357400
2016-11-28,60.40552520751953,60.482914499322455,60.271851818487754,60.377383158905104,462700
2016-11-29,60.46878433227539,60.518031529482386,60.28586923838765,60.29290071831584,456300
2016-11-30,60.28589630126953,60.32810666995501,60.15925982766872,60.243680565039696,736900
2016-12-01,60.132816314697266,60.17514715746659,59.935290322372545,60.076384161304226,2743700
2016-12-02,60.35149383544922,60.43614473336729,60.182181275256774,60.182181275256774,937200
2016-12-05,60.414981842041016,60.52785688185759,60.139855660210785,60.217455904540145,757800
2016-12-06,60.44319534301758,60.492576823096265,60.37265114035912,60.4573020306782,1144300
2016-12-07,60.591373443603516,60.647810989954124,60.46439165540499,60.5772667481062,1503200
2016-12-08,60.47141647338867,60.55606736702942,60.40087226796209,60.492579196798864,827600
2016-12-09,60.38673400878906,60.513715676358096,60.20331484848367,60.450227533661355,1282900
2016-12-12,60.273895263671875,60.344439474620785,60.18218294547783,60.25273253860504,1473300
2016-12-13,60.28091049194336,60.38672943726922,60.2315290350813,60.37262275624084,1448200
2016-12-14,59.90703201293945,60.46434019896407,59.87881326377891,60.43612144980352,1220000
2016-12-15,59.78010177612305,59.942358377880865,59.71661357250958,59.843595361917224,1526300
2016-12-16,59.8223876953125,59.949369389345314,59.70951268631592,59.83649438034874,775500
2016-12-19,60.05518341064453,60.06929547795803,59.87882024446273,59.95642046815686,761700
2016-12-20,59.9846305847168,59.998742649998604,59.8435422249543,59.92114243747645,923500
2016-12-21,60.11870574951172,60.139868478443425,59.97761191966821,60.0481615256796,715300
2016-12-22,60.111629486083984,60.16116210374819,60.005492018696714,60.05502463636092,566000
2016-12-23,60.16112518310547,60.22481302310329,60.13989770265523,60.17528043583703,555800
2016-12-27,60.13286209106445,60.13286209106446,60.04086908823421,60.09040170566188,720000
2016-12-28,60.288516998291016,60.33804960324931,60.111614066490105,60.16822430034217,601200
2016-12-29,60.44418716430664,60.53618013594603,60.3592772195916,60.44418716430664,774300
2016-12-30,60.642330169677734,60.69186278060502,60.44419972596858,60.49373233689587,578500
2017-01-03,60.58570098876953,60.63523357979826,60.43002558877994,60.46540292600188,761500
2017-01-04,60.7838249206543,60.7838249206543,60.571539325196945,60.613999683476585,828700
2017-01-05,61.02444076538086,61.031518395077555,60.79800520293352,60.85461544320777,910300
2017-01-06,60.72017288208008,60.9041534800383,60.713100650402936,60.79801061972971,802600
2017-01-09,60.861698150634766,60.94660811948058,60.7980102753503,60.85462052034758,1285800
2017-01-10,60.91123580932617,60.96784605901127,60.86170319051435,60.88293068448362,1341000
2017-01-11,60.96077346801758,61.12352120100408,60.847552959286965,60.92539070937651,1166300
2017-01-12,60.981998443603516,61.12351867501732,60.93954345390953,61.102291180170326,639600
2017-01-13,60.861698150634766,60.9395358878435,60.72725016842875,60.81923776756175,525100
2017-01-17,61.073951721191406,61.17301690722134,61.03149675536365,61.073951721191406,1128300
2017-01-18,60.80507278442383,61.04565816785751,60.769690040437105,60.981975707059924,812600
2017-01-19,60.63526153564453,60.72724913320941,60.55034616959617,60.691866381026756,649700
2017-01-20,60.70600509643555,60.72723258249975,60.50787469497153,60.52202455279815,9394700
2017-01-23,60.96077346801758,61.02445595519029,60.72726021774894,60.75556534493159,1463400
2017-01-24,60.762638092041016,60.90415831792731,60.71310547311576,60.82632057409468,1774500
2017-01-25,60.5927848815918,60.66355036695361,60.536180051410334,60.64939511042182,3935100
2017-01-26,60.69888687133789,60.7130421183457,60.50783422589202,60.59982173686301,2147200
2017-01-27,60.769676208496094,60.79798131751312,60.713071389109565,60.75552635331134,1456100
2017-01-30,60.67064666748047,60.79801703355758,60.66357443505726,60.76971190791259,1155300
2017-01-31,60.861698150634766,60.91123076534486,60.71310030650449,60.76263292121458,1567400
2017-02-01,60.71914291381836,60.8468086558646,60.60565984925711,60.68367810335038,656400
2017-02-02,60.768768310546875,60.94608147608755,60.740397554720154,60.88933996443412,900500
2017-02-03,60.8467903137207,61.01700944808001,60.76877208314587,60.938991217505176,881200
2017-02-06,61.080833435058594,61.12338685779546,60.93897967398957,61.07373939421323,786200
2017-02-07,61.158843994140625,61.26522753766421,61.00280758208335,61.087914416902215,815300
2017-02-08,61.27946090698242,61.36456780470068,61.19434859809315,61.300737631411984,1134600
2017-02-09,61.052486419677734,61.286541158064914,61.04539237607424,61.22270558797305,1656800
2017-02-10,61.052486419677734,61.080857182921925,60.9319147342673,60.95319145390799,728500
2017-02-13,60.99569320678711,61.031157983582716,60.924769064361094,60.960228429991496,693500
2017-02-14,60.86805725097656,61.038276357991045,60.7474856089733,60.99572293402939,855600
2017-02-15,60.77586364746094,60.83259974915506,60.704934050798414,60.73330480722972,1102900
2017-02-16,61.00284194946289,61.024118670154344,60.83971140554495,60.85389949345263,1073400
2017-02-17,61.137596130371094,61.173060938861646,61.08086001242429,61.137596130371094,640700
2017-02-21,61.10212707519531,61.19432798705932,61.00283212052049,61.02410883778378,1200700
2017-02-22,61.1801643371582,61.24399450879668,61.03122185883089,61.2156237399004,1216600
2017-02-23,61.3432731628418,61.38583201044115,61.27944300819691,61.32909048775496,1017500
2017-02-24,61.626976013183594,61.66952945006101,61.4922162481791,61.52768105302328,1135600
2017-02-27,61.442596435546875,61.59863298925294,61.442596435546875,61.57026221483621,1064800
2017-02-28,61.43548583984375,61.570240206189574,61.428391795982385,61.527686765361416,1104000
2017-03-01,61.1822624206543,61.21782327010087,61.132480486923384,61.1822624206543,1363500
2017-03-02,61.06852722167969,61.13253029183848,60.99740546484335,61.08274831754999,1191200
2017-03-03,61.12540817260742,61.14674795206269,60.98317553120383,61.054291851905624,1539200
2017-03-06,61.06852722167969,61.16097790940736,61.0400796041108,61.12541703098919,976300
2017-03-07,60.89072036743164,61.01873190558764,60.876493848843715,60.99739212770575,1042800
2017-03-08,60.69871139526367,60.748493367728265,60.641816162210404,60.67026377873704,758200
2017-03-09,60.428470611572266,60.59203763361198,60.428470611572266,60.570703276461444,1289300
2017-03-10,60.55646514892578,60.59913385122638,60.4853488364825,60.58491275906846,803700
2017-03-13,60.42135238647461,60.54936394468903,60.42135238647461,60.49958197348497,639800
2017-03-14,60.456912994384766,60.52091606029398,60.414238857950735,60.44979973400778,1090900
2017-03-15,60.95475769042969,60.97609205447801,60.49249324133887,60.51382760538719,1438600
2017-03-16,60.84092330932617,60.93337395390231,60.82669679426786,60.88359200284966,837100
2017-03-17,60.96894073486328,60.997382916089755,60.88359791370511,60.90493226253809,595900
2017-03-20,61.13960647583008,61.13960647583008,60.96892629975053,60.98314738699675,587400
2017-03-21,61.24628829956055,61.274735902051255,61.089829198774304,61.12538463251866,783900
2017-03-22,61.36009979248047,61.381434147109026,61.25342259350997,61.31743108322336,618800
2017-03-23,61.296104431152344,61.374334025172644,61.18231395773067,61.324552049507766,710100
2017-03-24,61.26765441894531,61.367218366384904,61.21075918445748,61.23209354093337,662400
2017-03-27,61.43118667602539,61.509416222724255,61.37429689955587,61.43829993276851,1237200
2017-03-28,61.30321502685547,61.51656946121426,61.29610719131785,61.48100858021158,993700
2017-03-29,61.43830108642578,61.46674868810727,61.33873719345315,61.42407999849764,911200
2017-03-30,61.36009979248047,61.452555896974516,61.31743108322336,61.431216116518236,691600
2017-03-31,61.43118667602539,61.45252644625473,61.37429689955587,61.41696558836429,1112300
2017-04-03,61.6807746887207,61.6807746887207,61.466850750669806,61.50963880246703,610300
2017-04-04,61.616615295410156,61.687921478131095,61.580959483893174,61.638006606195134,983800
2017-04-05,61.6807746887207,61.75208085463375,61.53103010820977,61.595204025437994,1094200
2017-04-06,61.716407775878906,61.74492587949808,61.595181354103616,61.71640777587891,1139600
2017-04-07,61.50967025756836,61.830550888426394,61.49540575290406,61.766376938380596,1556500
2017-04-10,61.64512634277344,61.68078215019909,61.566687918686924,61.58808466732975,1217800
2017-04-11,61.84479522705078,61.90183690616457,61.73070098819772,61.78061585761775,860000
2017-04-12,62.00880432128906,62.015936571919696,61.823403887085156,61.89471551276504,678500
2017-04-13,62.1300163269043,62.194195692601376,61.980271727361,62.094365959572514,682600
2017-04-17,62.06584930419922,62.215593920396415,62.015934432133484,62.215593920396415,700900
2017-04-18,62.3581657409668,62.400953775140266,62.16563862826942,62.22268571362771,984600
2017-04-19,62.20848083496094,62.294051544998645,62.18708951753019,62.286919292416826,682300
2017-04-20,62.14432144165039,62.194236340787626,62.065882965818176,62.17284501834538,608400
2017-04-21,62.17279815673828,62.251236573448985,62.12288329522347,62.208448520499225,779300
2017-04-24,62.080108642578125,62.13002351486732,61.97315208789632,62.03019377028893,718900
2017-04-25,61.894691467285156,62.037303782615,61.85190342043732,61.951733129230426,805400
2017-04-26,62.058738708496094,62.0587387084961,61.88047046886911,61.923253105478814,1185800
2017-04-27,62.10148239135742,62.158529497930296,62.00878492341013,62.01591717180962,611400
2017-04-28,62.14432144165039,62.16571276409264,61.96605316754372,62.044491643375935,724200
2017-05-01,62.06633758544922,62.19504679413279,61.98052962786078,62.137841489073836,636600
2017-05-02,62.20219039916992,62.21649445245155,62.00197729641028,62.02342792093483,844400
2017-05-03,62.06633758544922,62.245100072209844,62.0520335314854,62.202193365716546,1031900
2017-05-04,61.97336196899414,62.01626866466484,61.90901010858325,61.98051399417206,707500
2017-05-05,62.023433685302734,62.023433685302734,61.901876498101025,61.966233833053835,669100
2017-05-08,61.87327194213867,62.0091331797747,61.858973343365626,62.0091331797747,849000
2017-05-09,61.92334747314453,61.92334747314453,61.8232408795651,61.851843542787826,835100
2017-05-10,61.93766784667969,62.059225105843986,61.8804625051665,62.0020197643308,1005600
2017-05-11,61.97336196899414,62.0377192848018,61.858956843131416,61.858956843131416,553900
2017-05-12,62.259403228759766,62.26655525626527,62.12354198314793,62.17359526488936,494700
2017-05-15,62.259403228759766,62.27370182837222,62.187899319900374,62.230800574136296,625800
2017-05-16,62.3524055480957,62.416762934168005,62.26660297386962,62.2737495514533,1080400
2017-05-17,62.70277404785156,62.70277404785156,62.53115801650107,62.566912720216216,555100
2017-05-18,62.65981674194336,62.73847266231499,62.56686222486664,62.638366119187,968600
2017-05-19,62.64555358886719,62.659852193662154,62.53829495900309,62.58834825888626,471000
2017-05-22,62.624080657958984,62.659829884918885,62.56687534834484,62.60263003070333,628400
2017-05-23,62.48820114135742,62.68126764100731,62.45959849491311,62.66696359008665,905400
2017-05-24,62.624080657958984,62.63122723011181,62.423867529708055,62.47392081177079,543700
2017-05-25,62.609779357910156,62.66698467004154,62.559726073644896,62.60263278544285,577400
2017-05-26,62.65269470214844,62.652694702148445,62.581185324432056,62.60264141098672,465000
2017-05-30,62.72416687011719,62.76706811070843,62.67411360429512,62.70271624982156,632200
2017-05-31,62.79571533203125,62.85292066369156,62.73851000037093,62.73851000037093,1369000
2017-06-01,62.79282760620117,62.8215073337678,62.64942896836808,62.66377156720075,960400
2017-06-02,62.972049713134766,63.07959728626202,62.8860105606136,62.93619869872675,857100
2017-06-05,62.93619155883789,63.00072228343218,62.88600342641841,62.92185443675926,962000
2017-06-06,63.05097198486328,63.1154973023701,63.02229224260419,63.07248042403222,527700
2017-06-07,62.972049713134766,63.05808339555914,62.91469027812066,63.022237851247915,579600
2017-06-08,62.87886047363281,62.97923678371745,62.80716389072931,62.91471150013389,721600
2017-06-09,62.799983978271484,62.88602314801444,62.764138426785344,62.764138426785344,841200
2017-06-12,62.84305191040039,62.92908567248974,62.75701267820918,62.79286372581432,661800
2017-06-13,62.900390625,62.907556456072946,62.800008818878155,62.821522722397155,630700
2017-06-14,63.17280197143555,63.31619508820635,63.09393411618258,63.187139095073924,969100
2017-06-15,63.04377746582031,63.07962849796737,62.97924670197551,63.02944033502119,1212000
2017-06-16,63.0939826965332,63.13699957066671,63.02228608294371,63.04379452001046,3347200
2017-06-19,62.943397521972656,63.093962002156815,62.943397521972656,63.03660254205832,836400
2017-06-20,63.07960510253906,63.10111352581029,62.972057516085435,62.9863946415671,1047200
2017-06-21,63.03658676147461,63.07243778258602,62.99356991221918,63.02942093333059,1487400
2017-06-22,63.108272552490234,63.115443849506974,63.00789627464347,63.08676413153691,660400
2017-06-23,63.122615814208984,63.129787111301574,63.065256377662145,63.08676479884297,1362300
2017-06-26,63.17999267578125,63.251689256190225,63.15847877856994,63.20867240196453,1433900
2017-06-27,62.972049713134766,63.07959728626202,62.921861575021616,63.05091756875497,821100
2017-06-28,62.98643112182617,63.02945346338363,62.878883473083484,62.979259819883154,804500
2017-06-29,62.83582305908203,62.87883990073001,62.74261807881245,62.749783905689206,3205000
2017-06-30,62.75696563720703,62.89319295187184,62.74979433904105,62.89319295187184,839900
2017-07-03,62.64480972290039,62.838915373476,62.608862606939034,62.83172485333176,486300
2017-07-05,62.70235061645508,62.74548278685665,62.630461837531705,62.637646876090464,1298900
2017-07-06,62.673583984375,62.673583984375,62.52261592735198,62.63045182087167,1183500
2017-07-07,62.60887908935547,62.644826214780274,62.56574692665473,62.644826214780274,866000
2017-07-10,62.687957763671875,62.7239048887447,62.62325952025426,62.66639168253267,741900
2017-07-11,62.77425003051758,62.79581611937206,62.659229061705915,62.68798019033644,626800
2017-07-12,62.96112060546875,63.01144327201396,62.889231865369766,62.97549615958483,647700
2017-07-13,62.91081237792969,62.9323784564332,62.8317331002431,62.90362185684166,855800
2017-07-14,63.047420501708984,63.11931476716499,62.975531721015386,63.11931476716499,1200200
2017-07-17,63.06178665161133,63.09772829108643,63.00427344673784,63.047405608012404,1023900
2017-07-18,63.26311111450195,63.27748668100453,63.15527516905852,63.15527516905852,810400
2017-07-19,63.219974517822266,63.320619930607904,63.19840842719158,63.29186331484577,1176000
2017-07-20,63.277442932128906,63.3493371692275,63.241501298339834,63.32776560724179,1189100
2017-07-21,63.4140739440918,63.42845499415644,63.33499462302697,63.356560713360366,1227400
2017-07-24,63.349361419677734,63.42125019953549,63.29184820188661,63.42125019953549,1176700
2017-07-25,63.090572357177734,63.21997438545456,63.069006266592204,63.205593335221785,1446900
2017-07-26,63.32779312133789,63.41406295248182,63.11931729440797,63.15525894381265,1297600
2017-07-27,63.22711944580078,63.29182316140732,63.17679677133355,63.29182316140732,896400
2017-07-28,63.34214401245117,63.34933453281383,63.23430814605132,63.241498666413975,874300
2017-07-31,63.35654830932617,63.35654830932617,63.27028396488154,63.29904057461725,638600
2017-08-01,63.49635696411133,63.52519011789503,63.30894971355998,63.30894971355998,593600
2017-08-02,63.438697814941406,63.53961110614251,63.41707432387858,63.467530969479135,735900
2017-08-03,63.51077651977539,63.55402350092604,63.45311021199999,63.48915302920006,2750100
2017-08-04,63.36662292480469,63.431493403364186,63.258499961176476,63.402660246439176,769100
2017-08-07,63.417091369628906,63.43150520109107,63.34500571422785,63.4170913696289,646500
2017-08-08,63.287296295166016,63.40983301627906,63.2584631550172,63.388209536007246,1908300
2017-08-09,63.287296295166016,63.44587031694568,63.272876975412025,63.39541369652507,969600
2017-08-10,63.28014373779297,63.33781007012732,63.2152677390758,63.301767237577316,1821000
2017-08-11,63.36662292480469,63.381036753586,63.24408063303278,63.258499961176476,875000
2017-08-14,63.33059310913086,63.381049769270625,63.251303286145024,63.32338344357847,1319100
2017-08-15,63.215267181396484,63.25131001362852,63.16481051589009,63.172020182209316,729500
2017-08-16,63.438697814941406,63.45311164252931,63.18641458693864,63.20082841452654,1687000
2017-08-17,63.474735260009766,63.51077807809419,63.33778464988517,63.34498881401252,1109600
2017-08-18,63.438697814941406,63.575648424793236,63.381031505865934,63.5324014426676,1157000
2017-08-21,63.474735260009766,63.57564855141185,63.43869794128726,63.51798774158346,987300
2017-08-22,63.417091369628906,63.48196186025377,63.38104854192838,63.40988170421612,666400
2017-08-23,63.61894226074219,63.61894226074219,63.46757222554489,63.503609567621105,1512100
2017-08-24,63.51077651977539,63.59006631812611,63.50356685646302,63.561233164238416,684600
2017-08-25,63.640541076660156,63.6621645733902,63.51079459691653,63.55404159037662,905000
2017-08-28,63.68378829956055,63.68378829956055,63.611708143746256,63.6333316405542,892500
2017-08-29,63.741432189941406,63.84955513529028,63.70538937503796,63.84234547243731,1074600
2017-08-30,63.763057708740234,63.763057708740234,63.69818723908292,63.734224555772,610000
2017-08-31,63.84238815307617,63.88563516038313,63.77030797444288,63.79193147809635,753900
2017-09-01,63.70867919921875,63.82431318384648,63.67254047740052,63.809861003516055,1085800
2017-09-05,64.0266342163086,64.0338630586642,63.85318059771198,63.92545247929464,1092000
2017-09-06,63.86768341064453,64.0700470276604,63.83877353478584,64.012227275943,2250000
2017-09-07,64.09168243408203,64.14950214464199,63.98327185527989,64.01941055287763,5465000
2017-09-08,63.96159362792969,64.06277536882067,63.93991261402324,64.06277536882067,1299100
2017-09-11,63.74477767944336,63.874869287523524,63.73032550698636,63.82427841293634,1037900
2017-09-12,63.70867919921875,63.7592701013674,63.63640726957707,63.70867919921875,535900
2017-09-13,63.62190628051758,63.686954832725874,63.60022526777849,63.672497148239124,903100
2017-09-14,63.6291618347168,63.65807170183582,63.571342100478766,63.57857094575686,637900
2017-09-15,63.643619537353516,63.672529406982726,63.56411877437162,63.66530056107697,602500
2017-09-18,63.57135009765625,63.61471214679299,63.52798804851952,63.58580779003119,738000
2017-09-19,63.61471176147461,63.67253150263607,63.57134971260053,63.65807932434271,1521500
2017-09-20,63.50630569458008,63.70866927164084,63.441257108242596,63.66530170941787,1343800
2017-09-21,63.47016143798828,63.62193410753539,63.47016143798828,63.5930242399083,1212800
2017-09-22,63.593013763427734,63.636381314720595,63.54965172612741,63.6146947820779,1718800
2017-09-25,63.75202941894531,63.77371044241336,63.621937764143276,63.629166609963875,1404200
2017-09-26,63.73756408691406,63.78092612490095,63.665286671612435,63.730335242585376,1183800
2017-09-27,63.55691146850586,63.607502374615166,63.52077274385841,63.53523043931548,4012500
2017-09-28,63.6291618347168,63.629161834716804,63.47738916783696,63.48461249912171,1258200
2017-09-29,63.607479095458984,63.708660870646945,63.527978341526556,63.686979849391406,2143100
2017-10-02,63.590816497802734,63.73575062014791,63.569076932339186,63.71401105468437,1304700
2017-10-03,63.70674514770508,63.71398798098172,63.61978138846204,63.62702975061905,1156600
2017-10-04,63.77196502685547,63.79370458485738,63.64877051225763,63.74297710655942,833200
2017-10-05,63.67781448364258,63.750281583730136,63.648826537830494,63.74303321505578,813600
2017-10-06,63.612545013427734,63.65602413680226,63.46036255273549,63.55456916300743,731100
2017-10-09,63.68502426147461,63.728508922060435,63.627053928830954,63.64154512977125,473000
2017-10-10,63.72849655151367,63.786466872904526,63.65602397423268,63.69226026287318,1591900
2017-10-11,63.75020980834961,63.78644055315908,63.69948234251306,63.77919772152465,1018600
2017-10-12,63.73572540283203,63.77196168352247,63.706743012935895,63.7574704885744,1076800
2017-10-13,63.93864059448242,63.97487134615681,63.858925200366556,63.90965267581482,692200
2017-10-16,63.84445571899414,63.91692278214474,63.808224951860105,63.873443650030886,532300
2017-10-17,63.88792419433594,63.90241539174178,63.79371206011403,63.83719118121269,704700
2017-10-18,63.7791862487793,63.78642907911087,63.72121043285803,63.764689530359924,1227000
2017-10-19,63.85169219970703,63.924159249369836,63.793716348424184,63.90966805098987,1748900
2017-10-20,63.67781448364258,63.779269529542226,63.66331774629387,63.699554060780315,873900
2017-10-23,63.75020980834961,63.80093727418616,63.73571308732253,63.74296144783607,931300
2017-10-24,63.64153289794922,63.68501202129595,63.619793336275855,63.63428453443096,973100
2017-10-25,63.525611877441406,63.56184265161455,63.46038763771601,63.503866778277214,1185100
2017-10-26,63.503841400146484,63.61254473699182,63.482101838553696,63.60529637350043,723700
2017-10-27,63.65605545043945,63.670552184616454,63.50387291488569,63.54010922144407,625000
2017-10-30,63.793739318847656,63.80098768508833,63.71402387685072,63.771999749009126,743800
2017-10-31,63.73572540283203,63.81544079724685,63.73572540283203,63.81544079724685,773600
2017-11-01,63.748077392578125,63.842538519383226,63.66087866826816,63.704475258513796,721200
2017-11-02,63.78441619873047,63.878882884404824,63.762617900134714,63.835280743393746,1527900
2017-11-03,63.79171371459961,63.87891249322011,63.74084914635986,63.85710864069838,1141500
2017-11-06,63.83531188964844,63.88617645912934,63.79898322220338,63.8789140519337,678300
2017-11-07,63.82806396484375,63.84986782473854,63.79900323929874,63.83533191814201,1270100
2017-11-08,63.73355484008789,63.84981983017005,63.719024488237544,63.84981983017005,934400
2017-11-09,63.675418853759766,63.726283398176875,63.61729190572561,63.64635260783291,909800
2017-11-10,63.39929962158203,63.530094960032635,63.37750132247688,63.4719624665391,921700
2017-11-13,63.35572814941406,63.486523539736396,63.34846019889007,63.464719688164415,874500
2017-11-14,63.384765625,63.42836222070316,63.33390108207319,63.37022973055269,1510700
2017-11-15,63.50825881958008,63.5518553918134,63.37746355906373,63.41379218798602,1409600
2017-11-16,63.486473083496094,63.5446000100256,63.45013890357484,63.49373548442634,978200
2017-11-17,63.54466247558594,63.595527051186,63.49379789998588,63.58099669122439,1110400
2017-11-20,63.501041412353516,63.551905968377426,63.45744480542467,63.52283971581793,910600
2017-11-21,63.595462799072266,63.660863212381194,63.522799985031405,63.573664509241745,1003500
2017-11-22,63.777130126953125,63.81346431016692,63.62453653632763,63.711735249749914,668600
2017-11-24,63.78441619873047,63.79895209367402,63.72628370659541,63.769885847606496,385800
2017-11-27,63.777130126953125,63.820732255573276,63.70446730434356,63.80619636476056,764700
2017-11-28,63.81349563598633,63.878896089112395,63.777161434936204,63.86436019116405,1080800
2017-11-29,63.660911560058594,63.697245766581936,63.580980740764474,63.697245766581936,1199900
2017-11-30,63.57370376586914,63.69723672421904,63.50104090695912,63.59550206916008,1600200
2017-12-01,63.68154525756836,63.90741623254172,63.50667758529683,63.528535349462885,1223200
2017-12-04,63.65966033935547,63.6888058654592,63.53579046367941,63.666942551675874,1093700
2017-12-05,63.76167678833008,63.76895900177969,63.564945846359336,63.666952424069514,1964100
2017-12-06,63.85638427734375,63.921963099359644,63.81266876862688,63.81266876862688,1216900
2017-12-07,63.776275634765625,63.91471557813816,63.71798454714097,63.776275634765625,1188800
2017-12-08,63.74714660644531,63.798149931594715,63.69614328129592,63.77629215780861,636100
2017-12-11,63.732566833496094,63.812715697713756,63.7034212866038,63.7034212866038,1031900
2017-12-12,63.688819885253906,63.71795985883151,63.63781103413829,63.71795985883151,1001500
2017-12-13,63.907405853271484,64.01670021529424,63.69610490241208,63.725250436214296,925200
2017-12-14,63.87826156616211,63.936552634904174,63.747109440963584,63.78354274866295,1041500
2017-12-15,63.86368942260742,63.92198048938177,63.79811058275076,63.83454388922025,1390200
2017-12-18,63.78356170654297,63.89285610318348,63.754416163509234,63.8127072495767,1054400
2017-12-19,63.550376892089844,63.68152900255206,63.52123136099362,63.68152900255206,1188300
2017-12-20,63.48480224609375,63.57223884515148,63.455656713074504,63.46294448606482,1394200
2017-12-21,63.52851486206055,63.53579707513873,63.46293603176791,63.50665710494343,1010800
2017-12-22,63.535823822021484,63.53582382202149,63.48482051429676,63.528541605877685,831500
2017-12-26,63.61183166503906,63.64105677814675,63.55337028845623,63.626444221592905,767400
2017-12-27,63.85293960571289,63.882170277761695,63.655639538359196,63.677561148600645,1272900
2017-12-28,63.809120178222656,63.845659925703686,63.72873719391057,63.845659925703686,926200
2017-12-29,63.86027908325195,63.918740455193884,63.787205155916176,63.787205155916176,1117200
2018-01-02,63.69951248168945,63.87489659581835,63.582595314120084,63.87489659581835,967700
2018-01-03,63.75065612792969,63.809117491364574,63.641042465284904,63.736043574662204,1101700
2018-01-04,63.736026763916016,63.75794837562652,63.61180058076912,63.68487447819782,1354000
2018-01-05,63.692195892333984,63.75065167650468,63.6337345329812,63.73603912425753,1042100
2018-01-08,63.67026138305664,63.7652624748812,63.63372721904688,63.7652624748812,1234600
2018-01-09,63.494903564453125,63.64105141841818,63.48029100912992,63.589899112012084,1355900
2018-01-10,63.5533447265625,63.5606537894915,63.3341174401445,63.472961759888,1136000
2018-01-11,63.58260726928711,63.67029376765564,63.436453813365745,63.553376578102835,1840300
2018-01-12,63.560630798339844,63.626395615367905,63.44370813449512,63.4729388004563,1103600
2018-01-16,63.5533447265625,63.6629583697715,63.5021924364225,63.5606537894915,1377500
2018-01-17,63.42179489135742,63.53871199543889,63.37795167422439,63.524099448121284,1148000
2018-01-18,63.275672912597656,63.341443346084546,63.23913873860091,63.26836942290809,1627100
2018-01-19,63.12949752807617,63.2464202143012,63.09295779483571,63.20988048106075,1391900
2018-01-22,63.1221923828125,63.209884402922135,63.08565822248581,63.16604118045776,1947900
2018-01-23,63.304935455322266,63.31224452387312,63.20263079635347,63.239170563921945,2652000
2018-01-24,63.23910903930664,63.275643196145666,63.144113541308734,63.17333863670782,2178000
2018-01-25,63.42179489135742,63.44371649992393,63.16603349944776,63.22448926389839,1051300
2018-01-26,63.31220245361328,63.348742196901505,63.24643760591297,63.348742196901505,899300
2018-01-29,63.15876388549805,63.18068550775622,63.063768330651364,63.15145481968409,964400
2018-01-30,63.04182815551758,63.15144181942727,63.01990653777215,63.13682926599117,1753100
2018-01-31,63.1221923828125,63.18796279168995,62.9541229799118,63.16604118045776,1555100
2018-02-01,62.87015151977539,63.14856854856465,62.8701515197754,63.13391207873077,1828700
2018-02-02,62.6943473815918,62.80424860637572,62.61375352273749,62.7456338745165,1866500
2018-02-05,62.92146301269531,63.02403598311088,62.59909321559251,62.738296195552124,2082700
2018-02-06,62.6943473815918,62.8775142262955,62.6943473815918,62.870185987360976,2297500
2018-02-07,62.5698127746582,62.86288092614104,62.55515629268853,62.79693793689762,1370600
2018-02-08,62.42324447631836,62.59908863256336,62.37928623216074,62.52581743922432,1822000
2018-02-09,62.298709869384766,62.43791846801554,62.291381630033456,62.42326198931293,3732800
2018-02-12,62.262081146240234,62.32801853234594,62.218117299027504,62.31336764314765,3230300
2018-02-13,62.24739074707031,62.27669809930551,62.15214604466031,62.24739074707031,1636800
2018-02-14,62.034915924072266,62.100858863296466,61.95432210380148,62.049572394924674,1427300
2018-02-15,62.166812896728516,62.24007850123575,62.07156816984984,62.07156816984984,1312200
2018-02-16,62.298709869384766,62.34999636522629,62.240095134191925,62.254751612894545,1060500
2018-02-20,62.166812896728516,62.21809937886431,62.08621905482836,62.166812896728516,1407800
2018-02-21,61.954322814941406,62.269369864214596,61.93967193372664,62.24739074748952,1262600
2018-02-22,62.04224395751953,62.16679601033042,62.034915722117184,62.12283777752795,1037400
2018-02-23,62.24739074707031,62.291348980520176,62.15214604466031,62.17412516138525,862600
2018-02-26,62.34263610839844,62.43788640162105,62.335313462616654,62.349964343986166,909200
2018-02-27,62.11551284790039,62.364622556585545,62.02026814182418,62.364622556585545,1184400
2018-02-28,62.15946578979492,62.18877314066254,62.13016402873292,62.17412226013154,954500
2018-03-01,62.20869445800781,62.28949495585039,62.0617819145938,62.164617892913355,1508600
2018-03-02,62.06178283691406,62.17931287339192,61.99567639450071,62.09116534603353,1399500
2018-03-05,62.003013610839844,62.18665006067059,61.90751907027844,62.17930303351824,2533200
2018-03-06,62.06178283691406,62.157277392587474,62.047094384424625,62.13523630764243,1169500
2018-03-07,62.08383560180664,62.16463612334482,62.04711165828884,62.13525360604529,1111300
2018-03-08,62.14993667602539,62.21604312515231,62.08382462275732,62.13524261790308,838900
2018-03-09,62.003013610839844,62.0617730156395,61.951590024913116,62.0617730156395,958500
2018-03-12,62.04711151123047,62.054458541573474,61.980999446427674,62.01772899400058,802400
2018-03-13,62.03242111206055,62.05446220439057,61.98100310490878,62.01773265464967,915300
2018-03-14,62.120513916015625,62.19396734661319,62.00298954788703,62.00298954788703,1023700
2018-03-15,62.08383560180664,62.13525360604529,62.03976462792842,62.105876692887904,780000
2018-03-16,62.127872467041016,62.127872467041016,62.010342472969285,62.01768949863341,1385800
2018-03-19,61.98097229003906,62.083808253216,61.97363086705477,62.003013371410994,900300
2018-03-20,61.82672882080078,61.90018229206698,61.804693339834984,61.885493839469994,1056200
2018-03-21,61.79733657836914,61.8487545605712,61.59901167677256,61.74591859616709,1776500
2018-03-22,61.89283752441406,62.00302052743164,61.83407250891931,61.92222003216144,1533300
2018-03-23,61.81203079223633,61.88548425212306,61.78264828745368,61.826719242557765,1353400
2018-03-26,61.819419860839844,61.885526338452834,61.76799623939386,61.86349084591517,2022500
2018-03-27,62.07648468017578,62.10586719298087,61.84877160697164,61.87815411977673,1525200
2018-03-28,62.127872467041016,62.252743882638306,62.076454495669275,62.18663746407688,1134700
2018-03-29,62.318885803222656,62.36296237817853,62.149943345674075,62.20136134633779,1881600
2018-04-02,62.311527252197266,62.37047990616979,62.208362918762596,62.326268226707654,1011900
2018-04-03,62.15675354003906,62.27465879636563,62.13464770998585,62.24518248228399,3262000
2018-04-04,62.178863525390625,62.230445672972614,62.11991651532008,62.20833984144211,6020400
2018-04-05,62.1715202331543,62.178885098198066,62.10519709351969,62.15677925899799,1347700
2018-04-06,62.318870544433594,62.36308220460243,62.23044160206386,62.304135198388,1474300
2018-04-09,62.35573959350586,62.35573959350585,62.245204781608656,62.28204597088501,733300
2018-04-10,62.3336296081543,62.392582258832014,62.28941793116311,62.36310593349315,1255200
2018-04-11,62.38520050048828,62.42204168065983,62.304142033265116,62.36308904594613,741400
2018-04-12,62.28937530517578,62.38517470247799,62.26726948180769,62.35569839731041,697300
2018-04-13,62.28205108642578,62.304162548248605,62.208363079786636,62.215733567060916,674900
2018-04-16,62.23781967163086,62.25992550440953,62.171502173294854,62.171502173294854,875700
2018-04-17,62.274681091308594,62.311522280576106,62.223098928706825,62.25257525334128,868600
2018-04-18,62.031497955322266,62.267302901191,62.031497955322266,62.20098539549357,890200
2018-04-19,61.90621566772461,61.97253316041706,61.8177867221024,61.92095101431217,928700
2018-04-20,61.729373931884766,61.8988613831764,61.69990323099676,61.847279223571775,821000
2018-04-23,61.663047790527344,61.736735776500346,61.618836123350135,61.71462994291174,942900
2018-04-24,61.596702575683594,61.692501982919104,61.581967232587104,61.655655192131455,1476300
2018-04-25,61.47882843017578,61.515675236225874,61.419875789308946,61.508304750609206,987200
2018-04-26,61.582000732421875,61.64095338093924,61.54515392159002,61.582000732421875,1420800
2018-04-27,61.685157775878906,61.70726361095536,61.64831659142926,61.66305194080245,753100
2018-04-30,61.65566635131836,61.73672480809737,61.65566635131836,61.692513148774985,812000
2018-05-01,61.55739212036133,61.66823525077289,61.527832072917384,61.660849467413826,1013000
2018-05-02,61.57953643798828,61.660825126869845,61.55736782065701,61.59431363687568,811000
2018-05-03,61.55739212036133,61.70518671957845,61.55739212036133,61.69040951485776,2218400
2018-05-04,61.62388229370117,61.683002373522235,61.549985012925404,61.683002373522235,928300
2018-05-07,61.61651611328125,61.64607616530003,61.59434748376803,61.63869038079792,978700
2018-05-08,61.53519058227539,61.594310650959706,61.47607615159113,61.52041338410434,1213500
2018-05-09,61.50567626953125,61.535230685134124,61.431773316512846,61.46872479302205,788000
2018-05-10,61.66085433959961,61.71258301721324,61.631294289819955,61.631294289819955,740400
2018-05-11,61.69780731201172,61.72736736521159,61.646078628412866,61.69780731201172,672900
2018-05-14,61.61651611328125,61.67563621731881,61.60173890627358,61.668244794813255,886200
2018-05-15,61.298728942871094,61.43913772626759,61.210054459042794,61.43174630661481,967700
2018-05-16,61.23963165283203,61.35047478866449,61.23224023110892,61.30613753433151,1097600
2018-05-17,61.21746063232422,61.2839721553518,61.195292003982736,61.261803527010315,1228900
2018-05-18,61.39484405517578,61.42440411676389,61.27660380882338,61.27660380882338,513800
2018-05-21,61.42438507080078,61.431770855403734,61.328313490927215,61.36526496595605,632600
2018-05-22,61.40957260131836,61.46869267764328,61.37262678211587,61.46869267764328,926500
2018-05-23,61.63868713378906,61.67563296836372,61.50566972571339,61.52783835405881,814400
2018-05-24,61.77167510986328,61.85296380782011,61.727337870250814,61.74212070878895,873600
2018-05-25,61.92686080932617,61.934246589888794,61.85295789969656,61.85295789969656,589900
2018-05-29,62.28158187866211,62.399822046280605,61.94904127373773,61.97860131564235,1197500
2018-05-30,62.00080490112305,62.170768190418606,61.97863626669359,62.14859955598916,1869600
2018-05-31,62.01554489135742,62.089442174439334,61.919478987151074,62.03032773077459,997900
2018-06-01,61.893245697021484,61.967368213525724,61.84135936994996,61.84877331815604,882800
2018-06-04,61.77463150024414,61.87840978664772,61.75980926229178,61.84875965555874,610900
2018-06-05,61.84138107299805,61.95256771436779,61.81173092495362,61.885853467470945,943000
2018-06-06,61.67087173461914,61.737585957283144,61.633813304415085,61.737585957283144,1428900
2018-06-07,61.84138107299805,61.967389960796254,61.64865793830301,61.670894135539456,1012500
2018-06-08,61.78947067260742,61.85617923834661,61.774642776764075,61.78947067260742,564200
2018-06-11,61.722747802734375,61.75981188196382,61.685689378689425,61.69310332557222,1308200
2018-06-12,61.7005500793457,61.73761418167968,61.66349163219975,61.678313880020525,952000
2018-06-13,61.67831039428711,61.78208308873193,61.50782910563677,61.73019674150952,876100
2018-06-14,61.8562126159668,61.87104051981129,61.759853861730996,61.82656811865451,948600
2018-06-15,61.83393478393555,61.9970076853014,61.8191125452589,61.92288518154907,590200
2018-06-18,61.79689407348633,61.82654421452326,61.73759379141246,61.81171631641171,573300
2018-06-19,61.8562126159668,61.91551292096806,61.79691796615388,61.885862768467426,760400
2018-06-20,61.69314193725586,61.856209284444155,61.656077834829226,61.856209284444155,632300
2018-06-21,61.663490295410156,61.72278494059585,61.64125409656703,61.69314044559696,1289300
2018-06-22,61.69314193725586,61.72278643297152,61.6412555869714,61.656077834829226,2362600
2018-06-25,61.67087173461914,61.79688623183217,61.656049493574606,61.74499990539813,2433500
2018-06-26,61.81172180175781,61.81913575147152,61.670885033130666,61.670885033130666,1139600
2018-06-27,61.9599494934082,61.96736344104328,61.85617684725732,61.94512725332311,1164300
2018-06-28,61.915496826171875,61.94514697096502,61.8784383865706,61.92291077616688,843300
2018-06-29,61.9080924987793,61.99704294698463,61.88585630052491,61.95997884643547,741800
2018-07-02,61.87835693359375,61.96756372091452,61.84862133782016,61.93039280832629,799200
2018-07-03,62.049285888671875,62.064150839004874,61.87830776669975,61.87830776669975,729400
2018-07-05,62.24260330200195,62.24260330200195,62.07162507281547,62.09392534803892,900200
2018-07-06,62.23519515991211,62.287231048648366,62.19802423732057,62.25749544487243,746800
2018-07-09,62.19053268432617,62.20539763567402,62.14592648732089,62.15336179873525,1256100
2018-07-10,62.14594650268555,62.22771794013703,62.1385111888765,62.16824677263001,1199700
2018-07-11,62.220298767089844,62.250034358557166,62.13109766417207,62.22029876708985,695000
2018-07-12,62.316925048828125,62.331790005048795,62.20541802698356,62.28718946490406,679100
2018-07-13,62.376380920410156,62.43584640219312,62.35407498432504,62.36151029635341,830300
2018-07-16,62.29462814331055,62.33179337161089,62.18312111544344,62.33179337161089,1026600
2018-07-17,62.272342681884766,62.33924918920374,62.24261275805954,62.33181387250499,3854900
2018-07-18,62.272342681884766,62.35411415111635,62.2500424032734,62.35411415111635,1021500
2018-07-19,62.398719787597656,62.42102006599737,62.26491244571455,62.26491244571455,838600
2018-07-20,62.30204772949219,62.39125447168302,62.25744719413783,62.33178331022246,1039100
2018-07-23,62.08648681640625,62.2574650367361,62.04932158345367,62.23516476266781,1282400
2018-07-24,62.2054443359375,62.2054443359375,62.08650194993616,62.13853782594047,849000
2018-07-25,62.19053268432617,62.294604358203706,62.1682267500831,62.24256852126494,954800
2018-07-26,62.23519515991211,62.33926693738462,62.22032452228089,62.2277598410965,751200
2018-07-27,62.324371337890625,62.38384252162338,62.279770785833186,62.33924196956593,1497000
2018-07-30,62.24260330200195,62.30206881210313,62.22029735529447,62.25003294608708,699300
2018-07-31,62.398719787597656,62.42845538262555,62.33924859754187,62.383849154341284,953900
2018-08-01,62.299503326416016,62.321872075456476,62.224933244416455,62.26221828541624,783200
2018-08-02,62.35172653198242,62.35172653198242,62.239877048440476,62.25478765809225,2393100
2018-08-03,62.493412017822266,62.53069708412315,62.40393696094396,62.42630572516354,917800
2018-08-06,62.56797409057617,62.63508037459044,62.493403967580335,62.55305779041634,703200
2018-08-07,62.44865798950195,62.55304932087979,62.44119984043185,62.44119984043185,1161800
2018-08-08,62.42628860473633,62.4710261209062,62.4039198466514,62.44119921382601,1027000
2018-08-09,62.47102355957031,62.530677371284874,62.456112951091974,62.48593985694925,2716000
2018-08-10,62.5828857421875,62.6649083277251,62.448667483026114,62.471036244736055,982700
2018-08-13,62.59034729003906,62.62762666527871,62.5381516135819,62.58288913943031,1038800
2018-08-14,62.657447814941406,62.67236411478676,62.62016844313109,62.66490596486408,2545500
2018-08-15,62.70962142944336,62.74690647704077,62.6723420707455,62.73199018244199,1365200
2018-08-16,62.71710205078125,62.776755872753625,62.66490637878082,62.71710205078125,923700
2018-08-17,62.82147979736328,62.858764850251234,62.76928413666036,62.80656918954831,934700
2018-08-20,62.948238372802734,62.97060712844158,62.88858456516567,62.9184114689842,1053200
2018-08-21,62.82147979736328,62.91096051095416,62.82147979736329,62.9035023625965,965800
2018-08-22,62.858768463134766,62.96315979054062,62.82148340810381,62.93333288429599,1147000
2018-08-23,62.83638000488281,62.99297264997367,62.82892754665899,62.896033804069866,1748500
2018-08-24,62.948238372802734,62.948238372802734,62.77674078697145,62.791651394430616,1366600
2018-08-27,62.86624526977539,62.918440953692595,62.83641835197943,62.85879280700356,838200
2018-08-28,62.71710205078125,62.83640400582442,62.709643900809304,62.828951544754055,903900
2018-08-29,62.687294006347656,62.791685381766456,62.672383390817814,62.791685381766456,1151600
2018-08-30,62.73946762084961,62.784205140602744,62.70218256178781,62.784205140602744,710300
2018-08-31,62.761844635009766,62.82895661236716,62.73947587219132,62.81404031122016,716700
2018-09-04,62.67811584472656,62.73046579233539,62.61081121453652,62.66316116214534,1186400
2018-09-05,62.64065933227539,62.66309418502603,62.59578392106385,62.64065933227539,898100
2018-09-06,62.760318756103516,62.8126686519073,62.68553400577107,62.71544904704619,1120500
2018-09-07,62.5434684753418,62.60329858610189,62.53599399078184,62.59581839582853,1042100
2018-09-10,62.58835983276367,62.60331451140122,62.565924961949904,62.57339944841126,4112700
2018-09-11,62.483638763427734,62.52102830019217,62.46119819451357,62.51354811055412,2473800
2018-09-12,62.580894470214844,62.61080954029371,62.55097940013598,62.59584915239617,981300
2018-09-13,62.625736236572266,62.69304654059944,62.60330137046776,62.670611674494936,869900
2018-09-14,62.506080627441406,62.618260661724946,62.506080627441406,62.55843054934525,1176200
2018-09-17,62.498592376708984,62.55094229186142,62.46119713486604,62.476157513888346,893200
2018-09-18,62.371463775634766,62.468683425924276,62.363983585392994,62.461203235682504,933800
2018-09-19,62.32658004760742,62.408845012181764,62.27423013430671,62.37893566662075,1001400
2018-09-20,62.371463775634766,62.438768370670566,62.28171860987364,62.29667899035719,959600
2018-09-21,62.334022521972656,62.41628743677304,62.33402252197266,62.348982891414096,1075700
2018-09-24,62.28169250488281,62.34152259031281,62.24430298077231,62.28169250488281,1249300
2018-09-25,62.266746520996094,62.266746520996094,62.191961756633525,62.21439661537112,782200
2018-09-26,62.423824310302734,62.46869404795615,62.29668958314182,62.29668958314182,987900
2018-09-27,62.498592376708984,62.50607256622014,62.40884721971361,62.4387622720454,1750400
2018-09-28,62.46868896484375,62.54347375675228,62.46120877393873,62.528519080656125,904000
2018-10-01,62.452171325683594,62.512173865426114,62.429669657942284,62.45966806646211,1375800
2018-10-02,62.48216247558594,62.564672388630356,62.45965508981789,62.51216087787328,1423200
2018-10-03,62.24213409423828,62.46715644361172,62.144619259078354,62.452157242734124,1524800
2018-10-04,62.01713180541992,62.144645095347926,61.9946301333978,62.114640958417105,1324100
2018-10-05,61.90462112426758,62.00213600532719,61.82211117384989,61.93462526284713,2581900
2018-10-08,61.90462112426758,62.00213600532719,61.897118658946624,61.9196260549095,726800
2018-10-09,61.92710876464844,61.987117028209475,61.897104632867915,61.93461122826931,2603200
2018-10-10,61.88211441040039,61.904616081826106,61.777102795277834,61.83711106754895,1456800
2018-10-11,62.06212615966797,62.14463609360004,61.949612093151224,62.00212361720176,1849300
2018-10-12,62.02462387084961,62.16713634399641,62.02462387084961,62.062124743697495,1158800
2018-10-15,62.02462387084961,62.084626411946836,62.002122202600276,62.05462800274973,686800
2018-10-16,62.06964111328125,62.099645251903425,61.987131162746344,62.02463776670014,1003000
2018-10-17,61.91210174560547,62.09212079086371,61.90459928293155,62.08461832818979,847000
2018-10-18,61.91210174560547,62.00211412958573,61.82959182429914,61.85959595229256,1005700
2018-10-19,61.83714294433594,61.98715797964204,61.807138792733355,61.94215461359156,965700
2018-10-22,61.84462356567383,61.957137674171385,61.84462356567383,61.94963520755014,973700
2018-10-23,61.94961166381836,62.04712652471852,61.89710586283485,62.00212318750497,1778900
2018-10-24,62.06212615966797,62.0996327560746,62.01712282214253,62.0996327560746,1540000
2018-10-25,61.99461364746094,62.107127700355186,61.95710705559537,62.032114516624056,1061800
2018-10-26,62.1446418762207,62.22715181783041,62.11463774084412,62.13713941170064,1091800
2018-10-29,62.09211730957031,62.12962389813479,62.03961151920122,62.10712223407688,1411000
2018-10-30,61.98710250854492,62.11461574671658,61.964600845656,62.06961242093874,1167800
2018-10-31,61.919593811035156,61.987098795658525,61.88208722666574,61.88208722666574,1433600
2018-11-01,62.02120590209961,62.02120590209961,61.86318119029807,61.87070781689832,1252300
2018-11-02,61.7803955078125,61.97604757977031,61.77286888243216,61.94594681938195,992200
2018-11-05,61.825565338134766,61.8932877604868,61.80298545621628,61.85566036509046,1335200
2018-11-06,61.84059524536133,61.89327013923877,61.810494485840955,61.89327013923877,1087000
2018-11-07,61.961002349853516,62.058831269062864,61.923380700347714,61.983582228917506,1785700
2018-11-08,61.8029670715332,61.96099175114776,61.79544618759878,61.93841761707893,1070500
2018-11-09,61.88572692871094,61.945928431617695,61.83305204895036,61.848105295242696,1049100
2018-11-12,61.87073516845703,61.96855839296976,61.84063438988316,61.945984244323476,567400
2018-11-13,61.90078353881836,61.93840517433104,61.870682785729244,61.90830442124192,1074000
2018-11-14,61.7954216003418,61.90829222577679,61.78789497826931,61.8179957254288,992800
2018-11-15,61.825565338134766,61.878240247008954,61.70516226577407,61.8180387108286,1268100
2018-11-16,61.93842697143555,61.94595359763947,61.84060379531913,61.900805322683226,1269700
2018-11-19,61.83306884765625,61.91584450135856,61.83306884765625,61.89327036691846,1186500
2018-11-20,61.7954216003418,61.82552234750129,61.757794231109806,61.78036835619681,1803300
2018-11-21,61.825565338134766,61.88576113318063,61.8180387108286,61.84061285161261,833700
2018-11-23,61.84812545776367,61.98357601289517,61.84812545776367,61.95347525162892,474400
2018-11-26,61.81050491333008,61.900807207125276,61.79545740159778,61.87823306895993,1211800
2018-11-27,61.8029670715332,61.84812108080363,61.77286631239718,61.8029670715332,1176200
2018-11-28,61.953495025634766,61.96854254050408,61.69012045690905,61.795470284399336,1260600
2018-11-29,61.83306884765625,61.98357264581176,61.79544720396703,61.95347188618066,1356700
2018-11-30,61.787925720214844,61.84060061866919,61.71267668544197,61.84060061866919,1463100
2018-12-03,61.939659118652344,61.94720882529389,61.856629621811884,61.87172903509498,1901100
2018-12-04,61.9094352722168,62.03775718637176,61.864148572359746,61.99246472777872,1196600
2018-12-06,62.03775405883789,62.14342685900102,61.916981853659635,62.00756100754333,2526000
2018-12-07,62.128360748291016,62.13591045484444,62.045331252419764,62.0906237330015,3618300
2018-12-10,62.196266174316406,62.196266174316406,62.06040031649048,62.18116676859354,1716600
2018-12-11,62.196266174316406,62.22645922702616,62.128330366035456,62.17362282446808,1732900
2018-12-12,62.14344787597656,62.23402130175657,62.135898170915674,62.166091232421564,1564400
2018-12-13,62.279296875,62.339677222890984,62.23400441566165,62.27174717198759,1808200
2018-12-14,62.29442596435547,62.38500517583062,62.25668894529535,62.347262398031134,1167700
2018-12-17,62.33970260620117,62.36989567180864,62.27932223372467,62.29441588715919,1444900
2018-12-18,62.49821472167969,62.50575866867543,62.40763552908731,62.422729181816955,1063000
2018-12-19,62.400047302246094,62.61139286242127,62.400047302246094,62.57365587452405,1979400
2018-12-20,62.30949020385742,62.588765870454495,62.256653800009104,62.56612252005323,1769800
2018-12-21,62.40764236450195,62.41519207106276,62.23403366603599,62.37744929699749,1597600
2018-12-24,62.31294631958008,62.37353394570961,62.22207065833982,62.31294631958007,960800
2018-12-26,62.13880157470703,62.290264953380266,62.08578881437565,62.290264953380266,2298300
2018-12-27,62.32811737060547,62.37355521672109,62.22209187769834,62.32811737060547,1445000
2018-12-28,62.5552978515625,62.55529785156251,62.36596583277572,62.38868475055739,1223200
2018-12-31,62.75220489501953,62.75977979361353,62.532579059431,62.55529797725831,1429400
2019-01-02,62.83550262451172,62.83550262451171,62.676464444092424,62.752196085536774,2280700
2019-01-03,62.979434967041016,63.01729792173943,62.790102859676836,62.82796581437525,1581700
2019-01-04,62.84309387207031,62.85823789311769,62.744637512418564,62.81280005202019,2724000
2019-01-07,62.759796142578125,62.92640350936466,62.74464634144359,62.89611546300797,1958900
2019-01-08,62.81277847290039,62.85064140148883,62.77490976635856,62.79005956015665,1896500
2019-01-09,63.04758071899414,63.04758071899415,62.873392668400626,62.88096756919766,1512400
2019-01-10,62.9415397644043,63.070284156558884,62.92638996653026,63.070284156558884,1718800
2019-01-11,63.12327194213867,63.15356574795741,63.07025922644405,63.130846838081524,1795700
2019-01-14,63.07786178588867,63.13844942409754,63.07028688662377,63.08543668515358,2468300
2019-01-15,63.12327194213867,63.21415335959488,63.10055303226279,63.21415335959488,3068200
2019-01-16,63.236881256103516,63.27474996324665,63.07026818939931,63.10813689654244,23908500
2019-01-17,63.244441986083984,63.30502381480752,63.16871036671543,63.20657328742361,2856800
2019-01-18,63.3050422668457,63.36562989118139,63.24446042046388,63.27475423263173,2277100
2019-01-22,63.38835525512695,63.4716618025759,63.35049231953027,63.36563633817805,3058600
2019-01-23,63.55495834350586,63.57010813772282,63.418639085321004,63.441357998692894,3366900
2019-01-24,63.70642852783203,63.7594412526262,63.66855981957035,63.751866355383136,2026300
2019-01-25,63.683692932128906,63.70641761996717,63.638255112357704,63.668548918189394,1273300
2019-01-28,63.698890686035156,63.72160961302695,63.62315900341018,63.66859685739376,1780000
2019-01-29,63.8276252746582,63.8503441981441,63.789762328167086,63.8276252746582,2321500
2019-01-30,64.12296295166016,64.1608316643645,63.8427552782837,63.87304331490196,2344900
2019-01-31,64.49407196044922,64.52436000369565,64.2895901118244,64.33502795464965,2275500
2019-02-01,64.25785827636719,64.41734405004486,64.2198829898755,64.40215741197731,2347600
2019-02-04,64.2122802734375,64.22746690859731,64.12873929452329,64.16670877952987,3927300
2019-02-05,64.3565902709961,64.44772748822366,64.31102455949011,64.3262111985869,1796400
2019-02-06,64.34146118164062,64.45538135651623,64.30348585860848,64.45538135651623,1316400
2019-02-07,64.39458465576172,64.40977129936199,64.29585698681666,64.37939221794413,1078100
2019-02-08,64.47811126708984,64.51608076471113,64.40216647763123,64.41735311783654,1534900
2019-02-11,64.38700103759766,64.41738012496081,64.36421817062991,64.40219347838845,1163400
2019-02-12,64.44013214111328,64.44013214111328,64.37178357293203,64.40975306829417,1043200
2019-02-13,64.33380889892578,64.37178418886697,64.30342982581598,64.34140511575717,1386300
2019-02-14,64.4477310180664,64.52367580614111,64.40975572692108,64.52367580614111,960300
2019-02-15,64.47811126708984,64.5084903417165,64.44773219246319,64.44773219246319,1090400
2019-02-19,64.51606750488281,64.57682564164865,64.4780980150653,64.57682564164865,1185900
2019-02-20,64.50852966308594,64.53131253438929,64.43257903311536,64.50093344124497,1322200
2019-02-21,64.41738891601562,64.44017178609255,64.32625164148865,64.3642269544297,1025400
2019-02-22,64.65281677246094,64.69838830481815,64.51611376382728,64.52370998492331,983500
2019-02-25,64.63761138916016,64.66039425162562,64.58444944533498,64.63001517026589,1061500
2019-02-26,64.75150299072266,64.81985154803054,64.68314863920001,64.76668962760839,1028000
2019-02-27,64.67558288574219,64.72114860799331,64.6376075877216,64.69076952842023,2285500
2019-02-28,64.58442687988281,64.683154514144,64.58442687988281,64.6755640921191,2224000
2019-03-01,64.5097885131836,64.63163720301438,64.48694333635665,64.61640321175288,3988700
2019-03-04,64.60881042480469,64.63166142025914,64.54789186712866,64.60119923638737,909200
2019-03-05,64.60881042480469,64.64688960716127,64.54027486864383,64.57835405100042,1059100
2019-03-06,64.76109313964844,64.76871013481592,64.62401627695846,64.63924445722847,1629500
2019-03-07,64.89054107666016,64.94384841290177,64.8220055629483,64.8600789116558,1250800
2019-03-08,64.9438705444336,64.95148754079636,64.80679366023303,64.90579718275147,2837200
2019-03-11,65.01241302490234,65.02002421133193,64.92864349364913,64.96671685599497,1520800
2019-03-12,65.15713500976562,65.23329339422683,65.05813724406264,65.05813724406264,1407700
2019-03-13,65.1114273071289,65.13427249236271,65.07334812502758,65.13427249236271,1060800
2019-03-14,65.0581283569336,65.1114357327331,65.0124379805535,65.10381873331369,1624100
2019-03-15,65.27134704589844,65.29419223030347,65.20281149268335,65.21803967893095,1026100
2019-03-18,65.22563934326172,65.26371270379629,65.17994317652824,65.2408675254624,924300
2019-03-19,65.24848175048828,65.27132692785193,65.17232922258765,65.17232922258765,806600
2019-03-20,65.62925720214844,65.6444853853271,65.24848871195498,65.25610570857734,1406000
2019-03-21,65.69021606445312,65.72067825687942,65.61406348842193,65.62929167960051,1369900
2019-03-22,65.94910430908203,66.01764566163753,65.8501065887978,65.86533477266217,1355200
2019-03-25,66.08621215820312,66.19282692538994,65.91867300688986,65.9872143915494,1209700
2019-03-26,66.13188171386719,66.2080400750747,66.0557291627269,66.0709631589953,1895600
2019-03-27,66.16232299804688,66.32224504794804,66.14709481665574,66.23848133519871,2777700
2019-03-28,66.22325134277344,66.23086833896167,66.10140845409046,66.17756098577554,1364200
2019-03-29,66.1546859741211,66.20037631051446,66.04045432307457,66.04045432307457,1658700
2019-04-01,65.90568542480469,66.05849015040572,65.89804343978665,66.02792803946018,1676100
2019-04-02,65.95913696289062,65.98969905961191,65.89801276944806,65.95149498142932,1453100
2019-04-03,65.89038848876953,65.94387071511825,65.85982638383805,65.89038848876953,2699400
2019-04-04,65.94385528564453,65.95149726737071,65.88273691920747,65.91329318786394,1025300
2019-04-05,66.05084228515625,66.09668836205638,65.92095769704581,65.93624166572121,1508400
2019-04-08,65.98206329345703,66.07374959225744,65.97442131127588,66.07374959225744,991000
2019-04-09,66.07376861572266,66.1348870033952,66.0432065073233,66.08904675535926,1486600
2019-04-10,66.34880065917969,66.35644264180183,66.19599598148562,66.21127994672992,1729300
2019-04-11,66.29528045654297,66.32584254039682,66.25708222356675,66.25708222356675,1373800
2019-04-12,66.17311096191406,66.24951334128602,66.15782698856293,66.20367307948842,1128800
2019-04-15,66.16544342041016,66.22656763195111,66.15780143668613,66.19600552618064,755000
2019-04-16,66.020263671875,66.16542635042725,66.020263671875,66.13486425254148,1278200
2019-04-17,66.020263671875,66.1043021546557,66.020263671875,66.05846192238911,797400
2019-04-18,66.07376861572266,66.15017097215795,66.05848464695991,66.1196088637586,1419100
2019-04-22,66.03556060791016,66.11960494374412,66.00499850132273,66.07376469842589,1031700
2019-04-23,66.21891784667969,66.22655982950337,66.1043114208241,66.15779364234005,1651400
2019-04-24,66.42520141601562,66.46339966661492,66.33351512215384,66.3717192018773,1403400
2019-04-25,66.32587432861328,66.40228248942903,66.29531223011183,66.3946405075226,1840800
2019-04-26,66.55509185791016,66.57801197612551,66.50925162147945,66.53980789301681,1398900
2019-04-29,66.3946304321289,66.47867473297309,66.3793464706354,66.46339077147958,962400
2019-04-30,66.46341705322266,66.49397915917153,66.37937271914468,66.40229867045059,1140000
2019-05-01,66.37296295166016,66.74842599745936,66.37296295166016,66.48023810760279,1657800
2019-05-02,66.26570129394531,66.37297647173975,66.16608445309424,66.37297647173975,1247000
2019-05-03,66.3653335571289,66.41130697775733,66.29636758012566,66.29636758012566,1211300
2019-05-06,66.50324249267578,66.57220260581161,66.42661819606073,66.44960490043933,2352900
2019-05-07,66.5492172241211,66.61051900105518,66.53389470291718,66.60285481742362,1089700
2019-05-08,66.39595794677734,66.61817246787149,66.38829376437872,66.61817246787149,1143100
2019-05-09,66.49555969238281,66.6641366053748,66.42659959855379,66.56452563226928,789700
2019-05-10,66.49555969238281,66.53387475299279,66.46490881310632,66.5032238737163,1040500
2019-05-13,66.59518432617188,66.66414442809302,66.52621837819257,66.59518432617188,1945400
2019-05-14,66.60286712646484,66.62585383554854,66.57221623233313,66.59520878747713,978000
2019-05-15,66.8021011352539,66.8480745576331,66.69482591899524,66.83275203219365,2130500
2019-05-16,66.75611877441406,66.77144129780187,66.6871528040188,66.74845458969013,2169100
2019-05-17,66.8173828125,66.84037535569415,66.71777184288773,66.82504699356471,1129500
2019-05-20,66.63349914550781,66.76376102412343,66.58752574036316,66.72545180185575,1015200
2019-05-21,66.56456756591797,66.61054099076583,66.53391666733235,66.61054099076583,1503500
2019-05-22,66.68716430664062,66.70249267873243,66.5875532722882,66.61053998436483,1252500
2019-05-23,66.82506561279297,66.91701827301823,66.69480372868469,66.72545461542644,1962800
2019-05-24,66.90937042236328,66.92469294644494,66.8250819247634,66.84806863391603,754700
2019-05-28,66.99365234375,67.07794083307597,66.97832982117244,67.03196741928353,814800
2019-05-29,66.99365234375,67.11625006254977,66.99365234375,67.06261246443867,2252100
2019-05-30,67.27716064453125,67.30014734867413,67.04728191098425,67.10858368607133,2463200
2019-05-31,67.48406219482422,67.48406219482422,67.21587417532238,67.28483430345413,2749700
2019-06-03,67.6846694946289,67.69235733591631,67.43102937319182,67.55400551326666,4577000
2019-06-04,67.70771026611328,67.70771026611328,67.53093100932995,67.63853730409457,3401000
2019-06-05,67.74612426757812,67.9229093380193,67.71537878297525,67.81530307396001,1558900
2019-06-06,67.73844146728516,67.82299009020454,67.67695635760909,67.72307165589164,1304000
2019-06-07,67.99211883544922,68.13047065849459,67.93062783318356,68.007494518068,1375400
2019-06-10,67.79994201660156,67.9075483038597,67.79225417776803,67.88449065146193,2138500
2019-06-11,67.79994201660156,67.85374516023063,67.7768843642038,67.79225417776803,1245600
2019-06-12,67.9075927734375,67.92296846117341,67.81536210344879,67.82304408321006,1142900
2019-06-13,68.09967041015625,68.15347352785871,67.9843763396224,67.9843763396224,1541500
2019-06-14,68.09967041015625,68.10735824528518,67.91520341576211,67.9843763396224,1024800
2019-06-17,68.05361938476562,68.1151103956577,68.0151860369317,68.07667704782376,1346600
2019-06-18,68.36872863769531,68.4686529643904,68.2534403593605,68.38410431754241,1225300
2019-06-19,68.59928894042969,68.72995284531287,68.20729136167887,68.23034900794046,1790900
2019-06-20,68.91443634033203,69.05278223917449,68.85294536477836,68.89906066439252,3758100
2019-06-21,68.7837905883789,68.82222392755638,68.67618427560708,68.76842077117047,1235700
2019-06-24,68.88371276855469,68.96057358039967,68.8222217734371,68.84527943058018,4331700
2019-06-25,68.87599182128906,68.97591024224901,68.76069772688837,68.92979495012922,9095200
2019-06-26,68.71461486816406,68.87602433087004,68.68386937087188,68.86064865017194,5037800
2019-06-27,68.9759521484375,68.9759521484375,68.7837971623934,68.82223050524414,1416400
2019-06-28,69.06049346923828,69.07586915038583,68.90677184238788,68.9375173405788,1013700
2019-07-01,69.11520385742188,69.23082797419032,69.02269868282112,69.16145350412924,1513900
2019-07-02,69.2540054321289,69.30797123588405,69.15379582770606,69.19234115004818,3468400
2019-07-03,69.3773193359375,69.3773193359375,69.28481412626182,69.30023460180188,2232400
2019-07-05,69.00725555419922,69.05351106690433,68.74516646733454,68.99184097075356,3163800
2019-07-08,68.89169311523438,69.14607219738616,68.88398287602088,69.14607219738616,1318700
2019-07-09,68.82230377197266,68.93022358216547,68.7914687003192,68.93022358216547,970900
2019-07-10,68.97645568847656,68.9995805140605,68.87624026936408,68.91478556612834,1161500
2019-07-11,68.7143325805664,68.9070472234065,68.65266248337338,68.8607975911038,1497900
2019-07-12,68.77603149414062,68.79915631998101,68.66811171942774,68.69123654526813,1235200
2019-07-15,68.79914093017578,68.84539057151088,68.77601610950823,68.79914093017578,857600
2019-07-16,68.69124603271484,68.72979133523035,68.62186566442443,68.69124603271484,1617900
2019-07-17,68.95331573486328,69.02269608349755,68.79914633085389,68.79914633085389,1760600
2019-07-18,69.18460845947266,69.23085812632317,68.93793376762237,68.99189367267748,1408400
2019-07-19,69.09981536865234,69.1769001092365,68.99960579401181,69.09981536865234,1316000
2019-07-22,69.20002746582031,69.25398737431507,69.16148803471773,69.17690263092098,971400
2019-07-23,69.22315216064453,69.26169158839483,69.12293670987924,69.2154419226191,2264000
2019-07-24,69.33104705810547,69.37729670726402,69.24625211385724,69.29250176301579,1415700
2019-07-25,69.29249572753906,69.32333078468776,69.0535313861189,69.27708113955761,1223000
2019-07-26,69.30023956298828,69.30023956298828,69.13835984535808,69.22315482333418,1104000
2019-07-29,69.22315216064453,69.30794713535896,69.09981187699138,69.26940182642025,6376900
2019-07-30,69.30023956298828,69.30023956298828,69.11523501158072,69.20773434669017,1419400
2019-07-31,69.24628448486328,69.4081642137795,68.93022938470135,69.23857424600374,5767600
2019-08-01,69.7519302368164,69.82925078510897,69.28800104788135,69.37305542075708,1894800
2019-08-02,69.80607604980469,69.82154370358859,69.69009224315126,69.744217233032,2500200
2019-08-05,69.95299530029297,70.06897911695332,69.90660413330161,69.96845705622943,4059200
2019-08-06,70.1617660522461,70.1772337083789,69.93753223177902,70.05351605604577,6403100
2019-08-07,70.1617660522461,70.49424986891349,70.11537488221234,70.49424986891349,4369400
2019-08-08,70.22361755371094,70.24681313630839,69.96845434677549,70.06897640360677,2222300
2019-08-09,70.06122589111328,70.23133465522514,70.0380303140399,70.20040525273386,2653800
2019-08-12,70.33186340332031,70.35505898455393,70.14629285426994,70.17722226230856,2248900
2019-08-13,70.21587371826172,70.30092810845035,70.09989582180532,70.27773252915907,1646800
2019-08-14,70.34733581542969,70.40918873650946,70.26228141236548,70.38599315370682,1655100
2019-08-15,70.61797332763672,70.72622333273765,70.36281007310619,70.42466890435895,1759200
2019-08-16,70.74166870117188,70.74166870117188,70.43238051574833,70.54063639495082,1904700
2019-08-19,70.53292083740234,70.64117084546217,70.51745317957494,70.52518700848864,1390100
2019-08-20,70.79579162597656,70.81898720684993,70.70300930248311,70.74166663754495,1330300
2019-08-21,70.8885498046875,70.98906591226513,70.7184410848032,70.75710430266011,1611800
2019-08-22,70.78031921386719,70.92723240285174,70.71846040806523,70.79578096572747,1419500
2019-08-23,70.94271087646484,71.06642851722998,70.68754766677311,70.73394473165094,1134600
2019-08-26,70.94271087646484,71.05096086254343,70.8731241279208,70.96590645931286,1271500
2019-08-27,71.14376831054688,71.18242565934179,70.98912121781702,71.020050636363,1234900
2019-08-28,71.20561218261719,71.31386808333673,71.1437592525837,71.24427542567292,1350200
2019-08-29,71.0896224975586,71.16694307170292,70.95044310442614,71.12827983503992,1983300
2019-08-30,71.05096435546875,71.11282317889236,70.95817612033336,71.01230111603348,2175900
2019-09-03,71.09048461914062,71.26107791478337,70.91213546933685,71.05946711847982,3465400
2019-09-04,71.29212951660156,71.34640868972548,71.0905186238615,71.1292919972298,2133700
2019-09-05,70.91214752197266,71.04397340118278,70.84236257061231,71.04397340118278,2071700
2019-09-06,71.05949401855469,71.09826738805447,70.91991817073531,70.95093568313803,2172900
2019-09-09,70.7105712890625,70.87340882427128,70.6950595718121,70.79586798597948,1048800
2019-09-10,70.30734252929688,70.63301756759007,70.26857507196836,70.63301756759007,1818800
2019-09-11,70.22979736328125,70.36161735883593,70.22204150589987,70.22979736328125,1035500
2019-09-12,70.2220230102539,70.5089304979394,70.11346469945059,70.48566884790786,1265500
2019-09-13,69.74127197265625,70.04368527890851,69.71801032078834,69.99715605918799,1314000
2019-09-16,69.95840454101562,69.98166619818025,69.80331696660808,69.9041253689695,1052100
2019-09-17,70.11346435546875,70.1444818606867,69.8575743744088,69.92736524014524,1479500
2019-09-18,70.18326568603516,70.40038233895027,69.98941068650593,70.25305064619283,1241500
2019-09-19,70.2530746459961,70.36938886864583,70.20655132333106,70.32286554598078,1767000
2019-09-20,70.53993225097656,70.57869968704385,70.32281567785441,70.35383317629798,1573700
2019-09-23,70.60198211669922,70.74930787035451,70.57096461172333,70.64850541617098,1543900
2019-09-24,70.75708770751953,70.81136688062831,70.64077350343322,70.65628521917068,872800
2019-09-25,70.47020721435547,70.69507985109838,70.42368388123225,70.68732990623681,2265500
2019-09-26,70.57097625732422,70.65627293108751,70.54771460374971,70.60974370795336,888000
2019-09-27,70.65628814697266,70.67954980555658,70.57874139704435,70.60975891381838,1548200
2019-09-30,70.74929809570312,70.74929809570312,70.52442565268417,70.57095486171166,1758000
2019-10-01,70.90950012207031,71.05723015050152,70.52851871040976,70.55962008123633,3616600
2019-10-02,70.9716796875,71.0105578713323,70.79285427861866,70.89392925181342,2128400
2019-10-03,71.27488708496094,71.33708978583265,70.9794331537844,71.06496038448898,2445100
2019-10-04,71.36819458007812,71.42262046297313,71.2593428142881,71.29821505522663,1253000
2019-10-07,71.15829467773438,71.30602468441045,71.15052378515705,71.27492331816396,1326200
2019-10-08,71.20492553710938,71.36042638360975,71.16604735949576,71.32932502791427,2644500
2019-10-09,71.15829467773438,71.36822741690344,71.08054422810767,71.28270014272034,1867800
2019-10-10,70.86282348632812,71.06497935212968,70.84727577294845,71.03387799339271,2567100
2019-10-11,70.67621612548828,70.76174337280004,70.6062365904254,70.69954065985017,2115000
2019-10-14,70.82395935058594,70.84728982324876,70.769533444997,70.80063480990194,938100
2019-10-15,70.66067504882812,70.8706077593778,70.63735051031777,70.83172957387504,1594900
2019-10-16,70.76173400878906,70.83170760261504,70.66842995171135,70.75395718770515,1649700
2019-10-17,70.81617736816406,70.90947551628912,70.72287328806114,70.76175147109849,1342900
2019-10-18,70.92504119873047,70.97946710503247,70.81618938612647,70.90948755008482,910000
2019-10-21,70.77731323242188,70.87839415558956,70.76176551530789,70.8006377740824,994100
2019-10-22,70.90950012207031,70.94060149289689,70.8006482901673,70.9328305991752,1714100
2019-10-23,70.90950012207031,71.01058106025165,70.90172922834863,71.00280423455001,829100
2019-10-24,71.01058197021484,71.08055560648634,70.99502831861228,71.00280514441356,1378400
2019-10-25,70.90170288085938,71.04165603158155,70.84727698513285,71.03387920876983,1032100
2019-10-28,70.77731323242188,70.81619142317545,70.71511050000777,70.76176551530789,1349800
2019-10-29,70.69178009033203,70.80840872093255,70.68400919840961,70.80063189703156,2418400
2019-10-30,70.87837219238281,70.87837219238281,70.62956133982586,70.6995408751018,2038100
2019-10-31,71.2204818725586,71.2204818725586,71.01055511116684,71.03387964776839,3437000
2019-11-01,71.22672271728516,71.35147954996363,71.10976467383239,71.20333229834124,2396400
2019-11-04,70.9771957397461,71.08635496435087,70.93821370166243,71.04737292626722,1462500
2019-11-05,70.68094635009766,70.81349606059499,70.61856791619248,70.79010563506426,2354600
2019-11-06,70.93040466308594,70.96159385828409,70.80564788229334,70.86022748670742,1458800
2019-11-07,70.56394958496094,70.75887762248846,70.42360115999186,70.74328599692817,3771400
2019-11-08,70.50162506103516,70.6809616100474,70.48603342356009,70.5718023015134,1383500
2019-11-11,70.53279113769531,70.60296835514322,70.48601029188619,70.57177914169239,618000
2019-11-12,70.57958984375,70.61077906509328,70.47043054341634,70.54840657114242,1661000
2019-11-13,70.6965560913086,70.76673333460973,70.68876324662567,70.75113574777107,2147500
2019-11-14,70.9771957397461,71.03957413915785,70.88363408936004,70.88363408936004,2407800
2019-11-15,70.95381927490234,71.02399052648579,70.89923965187096,70.89923965187096,1958600
2019-11-18,71.04740142822266,71.10977390392468,70.97722421354868,71.03180384774667,3657200
2019-11-19,71.13314819335938,71.13314819335938,71.03958058575081,71.07856857610408,1501000
2019-11-20,71.21115112304688,71.24234033999167,71.14877268915727,71.187760697522,1586000
2019-11-21,71.13314819335938,71.14094103244433,71.05517221265283,71.1253494055423,1804000
2019-11-22,71.17215728759766,71.17215728759766,71.07859559315831,71.17215728759766,962900
2019-11-25,71.29686737060547,71.31245899320496,71.20329978881708,71.21889141141656,1053300
2019-11-26,71.3670883178711,71.41386916699294,71.32810625984776,71.38268590006813,988800
2019-11-27,71.33587646484375,71.34367525346744,71.25790642480509,71.29689441919079,1753600
2019-11-29,71.25012969970703,71.31250813054736,71.21894048428688,71.28131891512719,3108200
2019-12-02,71.0796890258789,71.19695763594936,70.96242041580845,71.07187549252902,1867500
2019-12-03,71.51748657226562,71.55657212994308,71.28294936808545,71.32985442310994,4415700
2019-12-04,71.41586303710938,71.54095115762945,71.29078088111919,71.46277406456935,2059800
2019-12-05,71.36116027832031,71.3924323180048,71.25171112169045,71.30643570000538,1683800
2019-12-06,71.28296661376953,71.36896321180573,71.15006494936097,71.17351748254715,1493100
2019-12-09,71.28296661376953,71.38459624575307,71.2751471145307,71.38459624575307,1492300
2019-12-10,71.23603057861328,71.32202713926378,71.18911956810446,71.32202713926378,1448900
2019-12-11,71.43148040771484,71.50965747710592,71.28293980070215,71.30639232506667,1216300
2019-12-12,71.20477294921875,71.46276268330618,71.0718713157297,71.46276268330618,2281500
2019-12-13,71.5096664428711,71.52529947289813,71.228224186154,71.38457834453958,1695300
2019-12-16,71.36116027832031,71.47060943495018,71.35334077726627,71.41588485663524,1704800
2019-12-17,71.3689193725586,71.43927692889913,71.34546685377842,71.41582441011894,1488500
2019-12-18,71.32205963134766,71.36114519929548,71.27514859946764,71.35332569989374,1530500
2019-12-19,71.42364501953125,71.43927804411986,71.29855696471539,71.3454679675347,1796600
2019-12-20,71.38455963134766,71.39237912657573,71.28293005149172,71.30638257264869,2284700
2019-12-23,71.34143829345703,71.43551706862547,71.27088369800362,71.43551706862547,3870500
2019-12-24,71.49826049804688,71.49826049804688,71.27091382909495,71.28659064096874,742900
2019-12-26,71.51394653320312,71.51394653320312,71.3806726919182,71.45122732039846,787100
2019-12-27,71.65507507324219,71.69427010259615,71.57667903329981,71.5923558487945,1033500
2019-12-30,71.73345184326172,71.73345184326172,71.48258099409743,71.5217819941552,1332500
2019-12-31,71.60018920898438,71.67074384264139,71.56098820279685,71.67074384264139,809700
2020-01-02,71.69425964355469,71.84321628457894,71.647223222698,71.77266165329392,1836700
2020-01-03,71.8980712890625,71.9451076949943,71.73343788706948,71.79615708246635,1210700
2020-01-06,71.85102081298828,71.9686177860212,71.74126523315236,71.9450936064302,2068300
2020-01-07,71.79617309570312,71.85889230508873,71.75697209452888,71.84320951212582,3111000
2020-01-08,71.7491226196289,71.90592062543861,71.66289119297399,71.78832361638942,1962300
2020-01-09,71.85102081298828,71.85886220618528,71.66286924487393,71.67070465684041,3163200
2020-01-10,71.94514465332031,72.0157052796968,71.85891319189199,71.90594962198648,1577400
2020-01-13,71.8589096069336,71.92946424855545,71.83538541182519,71.90594603468149,1883600
2020-01-14,71.94514465332031,71.94514465332031,71.83538899560999,71.87459000817857,13289400
2020-01-15,72.06273651123047,72.12545573432176,71.9764990747885,72.06273651123047,1646500
2020-01-16,72.07839965820312,72.11759467602442,71.98432084921316,72.04704005520647,3486200
2020-01-17,72.06273651123047,72.09409612277612,71.9843404729835,71.99218187117849,4177800
2020-01-21,72.26655578613281,72.28223259798906,72.09408094954868,72.21167797278632,2199200
2020-01-22,72.32927703857422,72.36847205993824,72.28223463921087,72.29007603597697,5461900
2020-01-23,72.43902587890625,72.4860622926278,72.32927025940083,72.39982487998317,2516800
2020-01-24,72.56449127197266,72.6115336882961,72.47041840179654,72.54097305442862,2842700
2020-01-27,72.70556640625,72.72908461080591,72.62717039731959,72.68204820169409,2973300
2020-01-28,72.68204498291016,72.72124597625536,72.60364897745157,72.69772777274096,3432100
2020-01-29,72.83099365234375,72.91723104333062,72.75259765541873,72.75259765541873,2602300
2020-01-30,72.93292999267578,73.01916740984436,72.79181476287566,72.92508859623328,1854600
2020-01-31,73.17597961425781,73.17597961425781,72.97998651782207,73.02702892820619,2332000
2020-02-03,73.09971618652344,73.13115426312908,72.97396388010087,73.04470105151356,1931800
2020-02-04,72.91895294189453,72.95039102030957,72.85607678506445,72.93467497920223,1332600
2020-02-05,72.84822845458984,72.8953825784439,72.77749127260786,72.81679037328684,1925700
2020-02-06,72.82464599609375,72.8953771766334,72.79320791712043,72.82464599609375,1885300
2020-02-07,73.0211181640625,73.0761332946807,72.92680394177438,72.97395805481868,1643900
2020-02-10,73.1861801147461,73.22547321910682,73.06828880926219,73.1075819136229,1357100
2020-02-11,73.07615661621094,73.18618691256239,73.05257355596297,73.11544972422135,2088800
2020-02-12,72.99752807617188,73.04468818087062,72.95823498448836,73.00538909298815,1767900
2020-02-13,72.98971557617188,73.07616882291802,72.98971557617188,72.99757060136521,1294700
2020-02-14,73.08402252197266,73.16261474589696,73.08402252197266,73.12332163203597,1396100
2020-02-18,73.19401550292969,73.23331459294894,73.0997072808023,73.16257743015413,1097600
2020-02-19,73.15473175048828,73.21760790406825,73.11543265545079,73.13900971399326,1773100
2020-02-20,73.31192016601562,73.32764220337441,71.75577425471644,73.1940288706262,5279200
2020-02-21,73.4533920288086,73.58699937173648,73.41409892593603,73.42195394879015,2860000
2020-02-24,73.56341552734375,73.64986874037228,73.56341552734375,73.6420077220424,3048500
2020-02-25,73.67347717285156,73.76779144437351,73.58702392300711,73.61846201351442,3058900
2020-02-26,73.5948486328125,73.75989402939014,73.5791325934145,73.5948486328125,3031200
2020-02-27,73.39051055908203,73.68916929954942,73.37479451831017,73.65773122180546,4462700
2020-02-28,74.00352478027344,74.00352478027344,73.42192948799392,73.63413495837119,9400600
2020-03-02,73.8538818359375,74.26347835638458,73.83025207643522,74.05867709135947,5784000
2020-03-03,74.61007690429688,74.84638054919769,73.93266230496042,73.98780042306436,7399600
2020-03-04,74.68882751464844,74.94876687257387,74.65731916736026,74.82273348342115,2775800
2020-03-05,74.64158630371094,74.88576854307443,74.6100779486956,74.862138779214,3465500
2020-03-06,74.55494689941406,74.90152681823828,74.48405159150593,74.80700775383386,5197700
2020-03-09,73.30247497558594,73.98776786440067,73.0819226002253,73.71207739519986,4996000
2020-03-10,72.32574462890625,73.2473411118585,72.31786604087365,73.12131375134628,8561000
2020-03-11,70.49830627441406,72.26273147501806,70.48255510718103,72.15245527558044,8334500
2020-03-12,68.48970031738281,70.94729733409133,67.05610356003687,69.85240780010967,14327400
2020-03-13,69.99420928955078,70.44319283288264,68.52910383034067,68.52910383034067,6441100
2020-03-16,69.38768005371094,70.00208392902185,66.49685624475424,66.717408708382,6213700
2020-03-17,67.42633056640625,69.26953014394563,67.2766734025165,68.81266804246279,6696000
2020-03-18,64.4015884399414,66.70164366753865,64.07863239277741,65.95333996302122,7398000
2020-03-19,62.84197998046875,64.31496414895967,62.085797426310144,62.53478100564197,5643800
2020-03-20,62.09366226196289,64.23618202889675,62.09366226196289,63.40910435091304,7132700
2020-03-23,65.46499633789062,66.00850502478828,63.0152769651038,63.27521642489008,8368500
2020-03-24,65.64616394042969,66.83557901291772,64.69305856777025,64.69305856777025,3383700
2020-03-25,67.64685821533203,68.18248799760683,66.16600223356129,66.17388082127755,3950600
2020-03-26,67.7571792602539,68.13527359611197,67.10340027744118,67.35546116481136,3277900
2020-03-27,67.62325286865234,68.01709826219091,66.89857878684627,67.59962310657663,2725300
2020-03-30,68.30856323242188,68.46609902569895,67.52087224682587,67.5602531903425,3617600
2020-03-31,68.59999084472656,69.02534461001548,68.214024024403,68.23765378754061,3324900
2020-04-01,68.13782501220703,68.51702947296081,67.91662492145501,68.50122602233542,5138100
2020-04-02,68.31163024902344,68.69873042735234,67.9482292205768,68.21682762224358,3731600
2020-04-03,68.12992858886719,68.47753220267165,67.932427631433,68.20103206771397,2431800
2020-04-06,68.82511138916016,68.92780968076607,68.39060702611829,68.65921136706656,2183300
2020-04-07,69.00680541992188,69.18850887928195,68.85670885149237,68.90410713339132,2775100
2020-04-08,69.80476379394531,69.90746215865808,69.05426229871053,69.4413626258235,3101800
2020-04-09,71.6849365234375,71.72443912070027,70.71323531417461,70.87913537362803,5208100
2020-04-13,71.85877227783203,72.03257414434997,71.38477102285319,71.65336952401512,4177600
2020-04-14,71.55853271484375,72.1905320242463,71.49533097572862,72.1905320242463,4793300
2020-04-15,71.98515319824219,72.00885234945328,71.44004861138293,71.49534863995916,2821500
2020-04-16,71.77974700927734,72.08784801450173,71.72444698339734,71.84294876092613,3784500
2020-04-17,71.95354461669922,72.23794645528305,71.86664372006247,72.23794645528305,3018100
2020-04-20,71.69286346435547,71.79556181520985,71.58226338581929,71.79556181520985,2309000
2020-04-21,71.65335845947266,71.95356382882952,71.43215830978993,71.77186026173183,3606400
2020-04-22,71.70867156982422,71.88247344118923,71.51117053913727,71.62967236300007,2028900
2020-04-23,71.89035034179688,72.00095039860416,71.72445025658592,71.99304867247477,1837200
2020-04-24,71.89823150634766,71.92193065070727,71.7402271652014,71.91402892683762,1906800
2020-04-27,71.6849365234375,71.9693383474291,71.48743559162389,71.92194005251388,2117300
2020-04-28,71.84295654296875,71.92985745408627,71.74815390522653,71.89825657483887,2332400
2020-04-29,72.22215270996094,72.26165531455892,71.93775083315886,72.04835089333176,2150300
2020-04-30,72.1668472290039,72.28534900659602,72.04834545141179,72.19054637907217,2927500
2020-05-01,71.88811492919922,72.13360006270466,71.69806211750695,72.06233252394628,3193700
2020-05-04,71.96731567382812,72.062345117116,71.90396875330723,71.91188334232795,2227600
2020-05-05,71.97522735595703,72.08609200517375,71.89603918389798,71.95147150850634,3679700
2020-05-06,71.70601654052734,71.96733701413346,71.55555472112322,71.91190466619607,2213300
2020-05-07,71.87229919433594,71.91189026826571,71.61097273137882,71.80102559458783,3831300
2020-05-08,71.71387481689453,71.88017173011818,71.65052792733414,71.66636313930722,1519800
2020-05-11,71.4367446899414,71.73766218302195,71.3417152513351,71.71390633378806,1784400
2020-05-12,71.77722930908203,71.93560559892934,71.60301176524906,71.84058224168822,3285600
2020-05-13,71.95935821533203,72.04646697603349,71.80889653018089,72.01479051380865,3990700
2020-05-14,72.11778259277344,72.18113555948432,71.81686506340394,71.98316206976641,3219600
2020-05-15,72.29988098144531,72.37114849843071,72.09398697404065,72.20485158379668,3131000
2020-05-18,72.52957153320312,72.52957153320312,72.3236834347668,72.4503833382913,4001900
2020-05-19,72.7196044921875,72.78295744217057,72.48203395058592,72.57706337556053,2530300
2020-05-20,73.12346649169922,73.17098422537047,72.79879319357335,72.86214614402178,3393200
2020-05-21,73.2660140991211,73.32144642525607,73.13139359874621,73.28977598889645,2123200
2020-05-22,73.14723205566406,73.26601129163721,73.06803784278839,73.23434085649116,2101500
2020-05-26,73.34517669677734,73.47187651260829,73.25806793016389,73.36101190813078,2839800
2020-05-27,73.63028717041016,73.63028717041016,73.38479598744827,73.40063724656588,5837400
2020-05-28,73.75698852539062,73.75698852539062,73.54317985634358,73.60652676908364,3968700
2020-05-29,74.09746551513672,74.10538614083761,73.72527464886862,73.81238340657679,5340900
2020-06-01,74.1189193725586,74.1189193725586,73.8887110203721,73.98396547206212,2526000
2020-06-02,74.3729248046875,74.47611912319888,74.14271650367594,74.16653011130471,6021000
2020-06-03,74.30152893066406,74.53967728315185,74.2062744347603,74.43647683743718,5579300
2020-06-04,74.32530212402344,74.53169684681636,74.23798151270185,74.53169684681636,3960800
2020-06-05,74.40472412109375,74.57935937003738,74.29358378978235,74.47616498797564,4520200
2020-06-08,74.68256378173828,74.74607081547673,74.44441543340116,74.64287037156073,4470000
2020-06-09,74.74604797363281,74.78573531531812,74.57140671240322,74.69047479382137,4566500
2020-06-10,75.09532928466797,75.11120906745639,74.54759790571973,74.7460527960367,4576600
2020-06-11,74.3729248046875,74.85715501433941,74.3729248046875,74.79364802308932,6376400
2020-06-12,74.68256378173828,74.80163795590684,74.51586236044793,74.79369806259852,7238200
2020-06-15,75.53189849853516,75.78592040165043,74.49199122260333,74.55549821247213,6402000
2020-06-16,75.69864654541016,75.91297519810642,75.23028977638702,75.91297519810642,9306200
2020-06-17,75.67481994628906,75.91296217996157,75.34935102033191,75.83358143540407,8636500
2020-06-18,75.55572509765625,75.77005365486792,75.49221809686726,75.76211982204,14477900
2020-06-19,75.50810241699219,75.68273759512466,75.36521468480285,75.65892398248667,4310100
2020-06-22,75.29376983642578,75.7303729345237,75.24614260985564,75.67480581807138,5057900
2020-06-23,75.36524200439453,75.44462276075018,75.3017349767646,75.38905562566488,11129300
2020-06-24,75.21439361572266,75.3255278552897,75.07150587108475,75.29377435021887,12160300
2020-06-25,75.19059753417969,75.30173179966137,75.15884402170445,75.24616466692052,9778200
2020-06-26,75.15885162353516,75.26998590025735,75.11915821483558,75.23029249155778,2403000
2020-06-29,75.37316131591797,75.38904109794711,75.07945196836447,75.19058621711915,3394300
2020-06-30,75.52400207519531,75.56369548079707,75.3414269446994,75.43668142796218,3980600
2020-07-01,75.66157531738281,75.6774813042602,75.4308990612988,75.47862309060203,2771400
2020-07-02,75.78089904785156,75.79681110626768,75.66158895309148,75.71726902020357,2765600
2020-07-06,76.0115966796875,76.0115966796875,75.74115229742947,75.85251246290912,2194000
2020-07-07,75.95592498779297,75.96388102011295,75.80479678576054,75.82070278172597,3079600
2020-07-08,75.82865905761719,75.93206320341095,75.82070302527164,75.93206320341095,2144600
2020-07-09,75.97975158691406,76.02748168990298,75.80476143819368,75.88430351827962,2604900
2020-07-10,75.9161148071289,76.07519895314148,75.85247872125541,76.03542488230276,1796800
2020-07-13,75.85250091552734,76.01954113831749,75.84454488529745,75.92408698157757,1840200
2020-07-14,76.09907531738281,76.15475538585333,75.89226710230503,75.94794717077556,2513700
2020-07-15,76.12295532226562,76.19454746645535,76.05932527803157,76.06727524063973,2203000
2020-07-16,76.32975769042969,76.33771372046452,76.13885545030334,76.18657949316672,3517800
2020-07-17,76.44113159179688,76.4570436547299,76.31386543170204,76.34568348889421,2103600
2020-07-20,76.53657531738281,76.58429936232059,76.41725913636532,76.48089524206439,1651300
2020-07-21,76.62405395507812,76.71950202067504,76.59223591032199,76.66382195951967,2490700
2020-07-22,76.81499481201172,76.83090080805871,76.70363463365909,76.8229508443725,2793700
2020-07-23,76.79112243652344,76.9104386311598,76.77521037394592,76.9104386311598,2185500
2020-07-24,76.7513427734375,76.82293491248828,76.71157475723001,76.82293491248828,2176700
2020-07-27,76.60818481445312,76.8070431540763,76.59227881750023,76.7831811243095,1619000
2020-07-28,76.61608123779297,76.68767334006759,76.41722305288708,76.41722305288708,1763100
2020-07-29,76.93429565429688,76.94225168506836,76.67180125689828,76.67180125689828,2563100
2020-07-30,76.95816802978516,76.96612406162683,76.84680785869853,76.96612406162683,1486500
2020-07-31,77.02182006835938,77.06954413192607,76.91840983906428,76.97408993611724,2253000
2020-08-03,77.15570831298828,77.15570831298828,77.01222188969015,77.13976199832344,2554100
2020-08-04,77.2912368774414,77.3231234313454,77.17166382073599,77.2912368774414,2972800
2020-08-05,77.24340057373047,77.30717367368382,77.18760063170568,77.30717367368382,2116500
2020-08-06,77.4028091430664,77.41875545519486,77.30715559724025,77.37889575660986,2229400
2020-08-07,77.25138092041016,77.47458070927952,77.23543460306914,77.41878076206218,2377900
2020-08-10,77.21149444580078,77.45064046911854,77.21149444580078,77.38686738533568,1902500
2020-08-11,77.02816772460938,77.20354070825437,76.92454099869985,77.14774076634346,5538700
2020-08-12,76.93247985839844,77.0281333837512,76.87667994136437,76.90059332270258,4646400
2020-08-13,76.63756561279297,76.88467876431534,76.52596573263853,76.87671168840241,3245100
2020-08-14,76.39840698242188,76.61363963144805,76.36652652053448,76.5737799314843,2513300
2020-08-17,76.5817642211914,76.67742386596953,76.39841808913432,76.6535104752093,2381800
2020-08-18,76.7252426147461,76.74915600300271,76.54189650188442,76.54189650188442,2405800
2020-08-19,76.63756561279297,76.79699227537436,76.58176567271575,76.78105204181117,1643200
2020-08-20,76.79698181152344,76.81292812465124,76.69335510313876,76.78901473669605,3564000
2020-08-21,76.82091522216797,76.84482861446281,76.70931533696698,76.75714212155665,3567700
2020-08-24,76.80496978759766,76.89265628151014,76.75714300245909,76.83685633826926,2175400
2020-08-25,76.59770202636719,76.66944827811078,76.47813507635625,76.6216214981064,2045200
2020-08-26,76.65353393554688,76.67744733362596,76.5020743053939,76.60570105764963,2919800
2020-08-27,76.4303207397461,76.85281303189059,76.37452078897056,76.76512652613782,2577200
2020-08-28,76.60568237304688,76.63756892328801,76.47814225381991,76.47814225381991,1650700
2020-08-31,76.83688354492188,76.87674326780946,76.57382397003943,76.60571053200154,3537300
2020-09-01,77.00216674804688,77.03411858537838,76.74655814358474,76.8024723353674,2664700
2020-09-02,77.19390106201172,77.20189054793329,76.97823369566676,76.98621708739617,4980600
2020-09-03,77.11402893066406,77.2817715795336,77.06610420075634,77.19390551190777,4344900
2020-09-04,76.68263244628906,77.04207984820582,76.68263244628906,76.94623045792832,3399100
2020-09-08,76.66670989990234,76.76255935309112,76.63475805077539,76.68268277736978,5212400
2020-09-09,76.74658966064453,76.99420888391464,76.69067544589991,76.99420888391464,2318100
2020-09-10,76.74658966064453,76.83445572584212,76.66671308160828,76.72262729635288,2766500
2020-09-11,76.77854919433594,76.85043629440462,76.73061836676386,76.81848444075422,1601400
2020-09-14,76.89038848876953,77.00221694523502,76.85843663060885,76.89837188266434,2930800
2020-09-15,76.97822570800781,77.00218806909389,76.89035965456452,76.9143220156506,2681300
2020-09-16,77.00216674804688,77.09801616585153,76.93826307338388,77.0500914569492,4144100
2020-09-17,76.9862289428711,77.08208450611464,76.91434184108326,77.06611162600393,2721400
2020-09-18,76.91429138183594,76.99416791837307,76.84239823302016,76.98617843646262,3321100
2020-09-21,76.86643981933594,76.96228931670835,76.77058422776864,76.90637507850948,5229900
2020-09-22,76.86643981933594,76.89040219367904,76.79454660211174,76.85845032982327,3279800
2020-09-23,76.50695037841797,76.83445226014437,76.45103616619542,76.79451092533166,4787600
2020-09-24,76.36318969726562,76.49099712610385,76.25136124412899,76.43508289953553,5590000
2020-09-25,76.33119201660156,76.40308517571228,76.28326730665441,76.29125678970892,4443600
2020-09-28,76.60279846191406,76.60279846191406,76.36316266477007,76.3951145106687,2456500
2020-09-29,76.5788345336914,76.70663582047872,76.5788345336914,76.59480740921806,2049000
2020-09-30,76.52294158935547,76.61080766464336,76.49098973523323,76.5868392034069,3090000
2020-10-01,76.71903228759766,76.72703806980554,76.49491923875745,76.49491923875745,2049900
2020-10-02,76.72701263427734,76.75902964587245,76.57493335585569,76.69499562268223,2881600
2020-10-05,76.5349349975586,76.71101944356415,76.5189234346168,76.64699151166306,2524700
2020-10-06,76.58294677734375,76.7670430857308,76.51090696741102,76.63096924621813,3241300
2020-10-07,76.5429458618164,76.67901974022548,76.52694040315689,76.5349461857981,2526300
2020-10-08,76.71105194091797,76.74306897374301,76.61500694906744,76.61500694906744,2969500
2020-10-09,76.79107666015625,76.82309368426058,76.67902012910254,76.70303137052505,2823200
2020-10-12,77.04722595214844,77.04722595214844,76.83911829690614,76.91115203912975,1606800
2020-10-13,76.95918273925781,77.07924508619574,76.81510914425724,77.03922226834156,3441700
2020-10-14,76.99118041992188,77.04720868685983,76.84710686113523,77.04720868685983,2109200
2020-10-15,76.86309051513672,76.96714734323263,76.85508473452441,76.96714734323263,2582300
2020-10-16,76.8791275024414,77.02320106800528,76.81509344960782,76.88712717907806,2424700
2020-10-19,76.78306579589844,76.84709983986927,76.71903175192759,76.79907125357987,2819300
2020-10-20,76.68701934814453,76.82309322643277,76.68701934814453,76.75905917860571,2237400
2020-10-21,76.6469955444336,76.73504082537987,76.63098398064935,76.66300100159549,1738800
2020-10-22,76.62297821044922,76.66299490348202,76.52692715525114,76.64698944759327,3751900
2020-10-23,76.69503784179688,76.72705487101673,76.59098707680027,76.59898675413729,1476100
2020-10-26,76.76705169677734,76.81507417103846,76.70301766001462,76.81507417103846,2373700
2020-10-27,76.9351577758789,76.9351577758789,76.81509545034463,76.87112372137749,2176100
2020-10-28,76.7030029296875,76.95913292092838,76.68699137026081,76.95913292092838,6278000
2020-10-29,76.58294677734375,76.70300905615086,76.48689573297382,76.69500327579807,6137900
2020-10-30,76.40689086914062,76.59098726094145,76.35886837850734,76.55897023164461,2528700
2020-11-02,76.56007385253906,76.61622033736612,76.503927367712,76.56007385253906,5618000
2020-11-03,76.49591827392578,76.5761266715727,76.47185024707407,76.53601941299499,6976200
2020-11-04,77.21780395507812,77.24988853969349,76.84082385474254,77.00926333434154,5800500
2020-11-05,77.30602264404297,77.40227638246367,77.23383692985831,77.35415257300723,3869500
2020-11-06,77.20172119140625,77.27390687645642,77.10546749183399,77.27390687645642,2381500
2020-11-09,76.85687255859375,77.20979691334573,76.79270338145528,77.20177423632603,3402500
2020-11-10,76.82475280761719,77.03329947811136,76.72850520547122,76.77662900654421,6529200
2020-11-11,76.86485290527344,76.8808921309703,76.76859919257376,76.80068376347364,1132800
2020-11-12,77.12157440185547,77.15365899399303,76.96917411907958,76.9932360333052,5860900
2020-11-13,77.14559173583984,77.17767630943665,77.08142258864623,77.12152983551891,1202800
2020-11-16,77.24990844726562,77.27397036205078,77.13761543192798,77.15366078812501,2728800
2020-11-17,77.37018585205078,77.39424775492829,77.28195479516174,77.31403937216751,3693600
2020-11-18,77.40229034423828,77.47447607144376,77.37822843516979,77.44239760569171,1932200
2020-11-19,77.6028060913086,77.6348906731292,77.42634395104942,77.49853579002284,3503900
2020-11-20,77.56269836425781,77.58676639010865,77.42634348197753,77.55468180848243,2410200
2020-11-23,77.54663848876953,77.56267771555858,77.50653124253702,77.53861581562171,1820000
2020-11-24,77.5787124633789,77.61881358462637,77.52256599802784,77.59475168797674,2544900
2020-11-25,77.67496490478516,77.68298757733838,77.5145481707575,77.55465541401747,2536200
2020-11-27,77.80332946777344,77.80332946777344,77.72312107366706,77.75520565521126,767400
2020-11-30,77.93968200683594,77.95572735687982,77.78728789846727,77.82738903456091,3828200
2020-12-01,77.72189331054688,77.93082484526127,77.67368069899742,77.84243097022056,2827900
2020-12-02,77.7058334350586,77.77012101680239,77.57726440237222,77.72994587631344,2556400
2020-12-03,77.87459564208984,77.9388770977971,77.76208930029834,77.79423309355282,2914800
2020-12-04,77.69782257080078,77.73799772188208,77.61746000703249,77.67371625399144,2329000
2020-12-07,77.76206970214844,77.90671366993853,77.7299320477952,77.77010718113681,5149400
2020-12-08,77.69782257080078,77.88264175354102,77.69782257080078,77.78621648630363,2625100
2020-12-09,77.50491333007812,77.61741349497484,77.40045064290236,77.60134467033211,3793100
2020-12-10,77.72994995117188,77.79423140548428,77.55316215750925,77.56923098838696,2206400
2020-12-11,77.76206970214844,77.82635727245517,77.68975078365345,77.7781446601252,2887600
2020-12-14,77.79422760009766,77.81833391063581,77.68172739705206,77.69780235794501,1961700
2020-12-15,77.88264465332031,77.91478845386386,77.77818189965609,77.82639453506988,3042900
2020-12-16,77.8585205078125,77.97102071855343,77.7379828160753,77.87459546980502,2184300
2020-12-17,77.9469223022461,78.02727872794362,77.81834711648821,78.0031724133146,1791700
2020-12-18,77.89868927001953,78.02725829130074,77.86654548199905,78.02725829130074,2199200
2020-12-21,77.84246826171875,77.9067497309796,77.75407434433174,77.88264341365641,3210500
2020-12-22,77.97901916503906,78.0031254651591,77.86651901061313,77.93883791097326,1605700
2020-12-23,78.04198455810547,78.18720920970759,77.85641733173117,78.05811789476674,3417900
2020-12-24,78.16300964355469,78.17107939059022,78.0661973007821,78.10653372513285,893800
2020-12-28,78.17913818359375,78.23561409410249,78.07424995306853,78.10652278127532,1871000
2020-12-29,78.23558044433594,78.27591684568597,77.78377335459199,78.19523788757597,2850500
2020-12-30,78.35662841796875,78.35662841796875,78.2436766073922,78.28401302236267,1306600
2020-12-31,78.3727798461914,78.40505267886557,78.31630392786498,78.33243726649533,1436700
2021-01-04,78.27593994140625,78.33241584428775,78.05003632988024,78.28400968622125,3606500
2021-01-05,78.13069915771484,78.25172068327078,78.05808993562756,78.16297197489045,2492000
2021-01-06,77.87257385253906,77.88064360097856,77.71121581623632,77.83223742117063,4410700
2021-01-07,77.7918701171875,77.8080096089384,77.71926087054612,77.71926087054612,2509400
2021-01-08,77.67086791992188,77.75961668044593,77.57405556692407,77.75961668044593,2762900
2021-01-11,77.47718811035156,77.57400655759598,77.4610547801826,77.52559425626866,2180400
2021-01-12,77.56597137451172,77.58211086728188,77.25938872142108,77.35620105639025,13654900
2021-01-13,77.84834289550781,77.92902188477878,77.54983001966401,77.54983001966401,3696600
2021-01-14,77.75153350830078,77.96936740310423,77.71926068029055,77.79993967260987,3127300
2021-01-15,77.80802917480469,77.87256869179994,77.74348350239534,77.84030201100937,2929100
2021-01-19,77.83219146728516,77.864464286574,77.74344275309355,77.78378531605733,2308300
2021-01-20,77.8564453125,77.90485149529314,77.80803912970686,77.82417247216627,5596300
2021-01-21,77.79991912841797,77.84026169163087,77.25936325166624,77.46106375690891,4489000
2021-01-22,77.71118927001953,77.8080077519766,77.69505593406623,77.71925901570239,2864600
2021-01-25,77.8644790649414,77.91288522535653,77.76766058869909,77.78380007911217,3990200
2021-01-26,77.89673614501953,77.95321203922568,77.79184794477182,77.79991768834722,4773700
2021-01-27,77.8644790649414,77.98550062139128,77.84833957452832,77.94515805077063,3536800
2021-01-28,77.74345397949219,77.872539119877,77.74345397949219,77.8322027064994,3250100
2021-01-29,77.68695831298828,77.78377676020526,77.58207627839421,77.6062793513459,2737000
2021-02-01,77.82440185546875,77.86481998637173,77.71123848926955,77.73548690103496,3087800
2021-02-02,77.75166320800781,77.79207517539392,77.65466338578652,77.67082693935268,2631600
2021-02-03,77.71123504638672,77.7193199055973,77.65465336579388,77.65465336579388,3022800
2021-02-04,77.77588653564453,77.80821979928938,77.6142202174203,77.65463833871122,2534300
2021-02-05,77.74357604980469,77.86482428226208,77.73549118978985,77.82440614912919,4672400
2021-02-08,77.81629180908203,77.84862506995091,77.59805000689079,77.74354659733126,3747300
2021-02-09,77.767822265625,77.8567372224521,77.7435738532069,77.84057366982039,3090500
2021-02-10,77.9214096069336,77.93757316077672,77.82440978305013,77.82440978305013,3338200
2021-02-11,77.86483764648438,77.9537526210845,77.75975294907931,77.85675278508191,2676700
2021-02-12,77.73551177978516,77.83251162483191,77.71934822241548,77.74359664194144,1841600
2021-02-16,77.29090881347656,77.47681739216405,77.26665423774585,77.46873253358714,4445300
2021-02-17,77.43641662597656,77.444495318781,77.26666540602633,77.37175008189467,5189200
2021-02-18,77.41217041015625,77.4930066824625,77.26667375372344,77.4930066824625,2737600
2021-02-19,77.1050033569336,77.33941494838263,77.08075494522178,77.2828332654081,3608200
2021-02-22,76.8867416381836,77.12923185964978,76.87057192325558,76.98373525999433,7656500
2021-02-23,76.9918441772461,77.00800773028584,76.64426920094938,76.64426920094938,5130300
2021-02-24,77.04033660888672,77.04842146841605,76.63617996959226,76.71701623100388,3466700
2021-02-25,75.92487335205078,76.71702314996436,75.73895856775404,76.71702314996436,10810300
2021-02-26,76.45025634765625,76.47450475453891,75.9733484001849,76.20775994495018,9815800
2021-03-01,76.64703369140625,76.65512633109088,76.4688967769437,76.4850882339005,5157500
2021-03-02,76.63085174560547,76.71182140214161,76.56607354934103,76.61466028533376,3103500
2021-03-03,76.2502670288086,76.42840393176554,76.24217438964666,76.38791602560727,4239000
2021-03-04,75.83734893798828,76.3231731090863,75.75637309481402,76.25029608574738,7836300
2021-03-05,75.62680053710938,75.6996713613442,75.46485507616364,75.63489935455358,9460200
2021-03-08,75.04380798339844,75.44866236264042,75.04380798339844,75.43247090560928,4079900
2021-03-09,75.35962677001953,75.45679408734468,75.27865709437702,75.38391705495324,4191000
2021-03-10,75.62680053710938,75.6996713613442,75.38388543448461,75.40008306937303,4670400
2021-03-11,75.71585083007812,75.82111072124758,75.65107266124176,75.75633255241121,5199300
2021-03-12,75.2462387084961,75.45676472531811,75.17336170446283,75.37578890359497,2908300
2021-03-15,75.34341430664062,75.3838960443839,75.19766646007004,75.22195673823371,2026000
2021-03-16,75.34341430664062,75.44057541929533,75.2867349317292,75.40009368155205,3446000
2021-03-17,75.46484375,75.60249891554078,75.05189678613792,75.14905787053523,3915100
2021-03-18,75.04380798339844,75.10858616669817,74.84138079377745,74.94664070844883,6167800
2021-03-19,74.99525451660156,75.0924156490499,74.89808720656342,74.94666777278759,3994800
2021-03-22,75.15715789794922,75.2300348900084,75.05999063439927,75.09237972224925,2723900
2021-03-23,75.31101989746094,75.3272113558984,75.18956233762162,75.2462417085349,2822100
2021-03-24,75.43245697021484,75.44054960844159,75.15715283084444,75.18144310069756,2320100
2021-03-25,75.42437744140625,75.4891556293035,75.27862960743145,75.43247625929041,2259900
2021-03-26,75.30293273925781,75.44058177884799,75.2381545403016,75.2786424590465,2261100
2021-03-29,75.16525268554688,75.93447340359748,75.10047451331893,75.6024960817057,2681100
2021-03-30,75.23004913330078,75.24624059149787,74.97093638144314,75.09239393947941,2527000
2021-03-31,75.32717895507812,75.42434619667222,75.15714091547757,75.16523973000677,3675300
2021-04-01,75.56004333496094,75.59249417166365,75.43024617751432,75.52759249825823,3066600
2021-04-05,75.30856323242188,75.47081123981069,74.97594677110065,75.316671300236,2304200
2021-04-06,75.65740966796875,75.73041942186583,75.446482285546,75.446482285546,3718700
2021-04-07,75.66548919677734,75.819629093797,75.64115262132435,75.73850511249935,3417800
2021-04-08,75.89263153076172,75.90073959489735,75.7303774076202,75.78716480337924,2202300
2021-04-09,75.80345916748047,75.89269746539695,75.66554149564854,75.70610660901687,2368600
2021-04-12,75.7385025024414,75.76283907705573,75.65737852393941,75.68171509855372,1898500
2021-04-13,76.00624084472656,76.00624084472656,75.70607522259937,75.73041180478391,2484900
2021-04-14,75.9575424194336,75.98188518487086,75.86019611513727,75.96565667457935,2365700
2021-04-15,76.26582336425781,76.36316967001295,75.9981086447046,76.07111837402095,2406800
2021-04-16,75.9575424194336,76.11979657553277,75.81151677362593,76.08734574431294,2965300
2021-04-19,75.90074157714844,75.94942091004319,75.81150335443051,75.82773186184946,2367500
2021-04-20,76.01435089111328,76.11170341175021,75.89266797702325,75.90889030244696,2151500
2021-04-21,76.16033172607422,76.16033172607422,75.99808380992643,76.05487119951428,2671400
2021-04-22,76.2090072631836,76.24145808267191,76.00619428340238,76.02241659846607,2536500
2021-04-23,76.2496109008789,76.31451257795011,76.14415031766164,76.19282348078275,3306400
2021-04-26,76.2090072631836,76.29013121722389,76.19277875875896,76.29013121722389,2357200
2021-04-27,76.0224838256836,76.26586209238654,76.0062614962744,76.26586209238654,19649500
2021-04-28,76.0954818725586,76.0954818725586,75.8521036631341,76.01435167650712,3353700
2021-04-29,76.03057098388672,76.0386852403822,75.79530706043168,75.86020873366705,5517600
2021-04-30,76.11168670654297,76.13602328401952,75.99811188541007,76.00622614102343,2759100
2021-05-03,76.2466049194336,76.30349299333153,76.10032041507677,76.12470013241374,2171500
2021-05-04,76.23844146728516,76.39285454035601,76.18968205487634,76.3766034696638,2863300
2021-05-05,76.31976318359375,76.35226534531841,76.18972973535077,76.23848917827385,2104100
2021-05-06,76.43348693847656,76.43348693847656,76.27094523963133,76.29532494437517,2470500
2021-05-07,76.50666046142578,76.75047001918058,76.44977239132761,76.62856524030317,3253200
2021-05-10,76.40100860595703,76.56354416830787,76.32786326266516,76.47414774891463,2125300
2021-05-11,76.2466049194336,76.26285599754657,76.16533712819869,76.23035384132062,1924000
2021-05-12,75.86461639404297,76.53102199991255,75.85648775729258,76.53102199991255,4602300
2021-05-13,76.1409683227539,76.16534804358477,76.01093487787473,76.02719215865258,2969600
2021-05-14,76.3685073852539,76.3685073852539,76.22222288534334,76.28723959648912,1574800
2021-05-17,76.28724670410156,76.31975506270322,76.23035862663252,76.31975506270322,1823800
2021-05-18,76.2059555053711,76.26284356999874,76.18157579200697,76.24659249453399,1507400
2021-05-19,76.05965423583984,76.27908400834924,75.94587813169892,76.18155897608588,2131300
2021-05-20,76.35222625732422,76.38473460274254,76.1896907305655,76.20594180310822,1506000
2021-05-21,76.38475799560547,76.45790334528071,76.08406655898169,76.08406655898169,1642200
2021-05-24,76.48228454589844,76.51479290190329,76.40913919480377,76.42539647297366,1931400
2021-05-25,76.69357299804688,76.70982407317769,76.42538375588434,76.50665153220616,3550500
2021-05-26,76.66107177734375,76.69358013096272,76.55541807799851,76.61230614674808,4145700
2021-05-27,76.52291870117188,76.58792921043408,76.47415306880686,76.56354949441892,2099000
2021-05-28,76.54729461669922,76.69357910586204,76.53916597831952,76.53916597831952,1282300
2021-06-01,76.5920639038086,76.60020767185179,76.43736337036246,76.48621976674673,2200100
2021-06-02,76.71422576904297,76.72236954029128,76.64908802281126,76.68165689592712,2630100
2021-06-03,76.45365142822266,76.52692670548674,76.44550766012388,76.4862202887428,2011700
2021-06-04,76.79562377929688,76.81190510544981,76.59207303706889,76.6002168060832,2783300
2021-06-07,76.77118682861328,76.77933059636997,76.70604911030917,76.73047420170452,2022700
2021-06-08,76.9503173828125,76.97474247577424,76.87703589205216,76.94217361453354,2517100
2021-06-09,77.1213150024414,77.21087783618353,77.04803349670858,77.14574010039355,2002400
2021-06-10,77.38184356689453,77.38184356689453,77.01544853853146,77.0561611678635,1938400
2021-06-11,77.37371826171875,77.43071222925856,77.31672429417894,77.42256845907386,1507300
2021-06-14,77.20272064208984,77.31670855396368,77.14572668615291,77.31670855396368,1144300
2021-06-15,77.2841796875,77.2841796875,77.01549109394313,77.01549109394313,2042900
2021-06-16,76.89332580566406,77.38184631562612,76.7304814944265,77.3248523596618,2450400
2021-06-17,77.0643310546875,77.18646277220131,76.93405556617219,76.95848066729951,3881600
2021-06-18,77.26787567138672,77.31672586973728,76.94219318800396,77.09689376528301,2794300
2021-06-21,77.12944030761719,77.23528444402955,77.1050090036375,77.17014672383353,2379700
2021-06-22,77.24342346191406,77.24342346191406,77.02358522274022,77.07244161582025,1515600
2021-06-23,77.10502624511719,77.25158304239241,76.94218812008974,77.16202021006443,9649900
2021-06-24,77.19457244873047,77.23528507715544,77.10500963569548,77.17829112448544,2956100
2021-06-25,77.09687042236328,77.25156474092825,76.97473875158843,77.23528341703319,2982800
2021-06-28,77.26787567138672,77.292300770562,77.1213188644583,77.19459416198416,3475000
2021-06-29,77.36554718017578,77.36554718017578,77.18642778248042,77.2759905872653,2386500
2021-06-30,77.4062728881836,77.51211703360367,77.38999156268643,77.43069798236704,3358900
2021-07-01,77.34918975830078,77.47154024090345,77.27577697953755,77.44706516597968,1685400
2021-07-02,77.53678131103516,77.54493966859314,77.34918264822562,77.41443706268262,2119900
2021-07-06,77.78966522216797,77.86307179440364,77.56127469931096,77.56127469931096,3446900
2021-07-07,77.95276641845703,78.00986247242187,77.80594710497556,77.8630431589404,2620100
2021-07-08,78.00172424316406,78.0751370303501,77.89569046501173,77.90384882425568,3227000
2021-07-09,77.78147888183594,77.84673329346408,77.7651621674273,77.84673329346408,1982100
2021-07-12,77.74884033203125,77.82225309015239,77.68358592992408,77.78146753308484,3874800
2021-07-13,77.5530776977539,77.78146186548533,77.52045049907773,77.74067631138963,6358200
2021-07-14,77.81407928466797,77.81407928466797,77.69172886075947,77.70803934654677,6512900
2021-07-15,77.93645477294922,77.96907575501473,77.76516039058839,77.90382756788063,3337100
2021-07-16,77.88751220703125,77.93645612698599,77.77332009880881,77.78963681312813,3018100
2021-07-19,78.27901458740234,78.35242111607741,78.04247206777978,78.14850579464435,3865200
2021-07-20,78.26270294189453,78.52371432130118,78.18929640846866,78.49924547682589,5330500
2021-07-21,78.00988006591797,78.11591384062262,77.92015678616613,78.083292850717,2769100
2021-07-22,78.19749450683594,78.25459058063042,78.0343584224193,78.05882727933046,2101900
2021-07-23,78.16480255126953,78.18111303469965,77.99351447175253,78.00982495518265,2244500
2021-07-26,78.08326721191406,78.21376979769941,78.06695049931433,78.06695049931433,2946400
2021-07-27,78.28718566894531,78.29533780256656,78.17298734521728,78.26271059907324,3137900
2021-07-28,78.40142059326172,78.40142059326172,78.13225068467071,78.18118840513957,3227500
2021-07-29,78.27901458740234,78.31164178559185,78.20560183572553,78.24638738921284,2153500
2021-07-30,78.37692260742188,78.39323932481435,78.29535768947257,78.3035160481688,2106800
2021-08-02,78.55589294433594,78.6702982015888,78.41697316547443,78.47417579410087,2755300
2021-08-03,78.55589294433594,78.66213085079855,78.52320483731812,78.5722401151543,2255300
2021-08-04,78.50684356689453,78.76834212068678,78.31072121020466,78.68662499161745,3351600
2021-08-05,78.31072235107422,78.42512758036146,78.26168708522441,78.39243948133405,2845100
2021-08-06,77.98383331298828,78.08189759211044,77.94297163803333,78.02469498794325,2257300
2021-08-09,77.74684143066406,78.00833991385689,77.72232692202343,77.96748447766105,1624100
2021-08-10,77.62432098388672,77.9185077778732,77.59163286959708,77.68152362523853,1660400
2021-08-11,77.75504302978516,77.86127468371234,77.55892065537425,77.6488051412401,2589300
2021-08-12,77.77139282226562,77.77956640722735,77.65698757127572,77.70601661180895,1820400
2021-08-13,78.05738067626953,78.05738067626953,77.8449174130047,77.8612583430187,1210700
2021-08-16,78.15546417236328,78.29438393278949,78.12277606968333,78.18815227504322,1716000
2021-08-17,78.07371520996094,78.14725873505076,78.03285353961178,78.09005613733126,1953400
2021-08-18,77.93482208251953,78.05739466613406,77.86944588151333,78.04105373319135,2267000
2021-08-19,78.07371520996094,78.12274422668747,77.95113643352902,78.03285353961178,1710200
2021-08-20,78.05738067626953,78.12275686555867,78.00835165161097,78.11458328324338,1187300
2021-08-23,78.09007263183594,78.13910789353547,78.03287002203389,78.07373170101401,1313600
2021-08-24,77.96749114990234,78.09006370359494,77.94297040454767,78.05737561107152,1731600
2021-08-25,77.83674621582031,77.99201311148566,77.77954360709361,77.98383952891992,1730400
2021-08-26,77.79589080810547,77.92664320122924,77.7223472629363,77.92664320122924,4689400
2021-08-27,78.05738067626953,78.08190142321538,77.72233861674172,77.80405573604484,2610800
2021-08-30,78.21263122558594,78.22080480619346,77.84490114824635,77.84490114824635,2809600
2021-08-31,78.10640716552734,78.28618854857778,78.10640716552734,78.20446520383423,3775200
2021-09-01,78.17599487304688,78.2496795504209,78.06137981584476,78.1432468215531,2261400
2021-09-02,78.315185546875,78.315185546875,78.19238189977276,78.26606034040233,3277300
2021-09-03,78.15145874023438,78.18420680151019,78.08596261768277,78.13508783262348,1106900
2021-09-07,77.87310028076172,77.92221924377752,77.7093599939536,77.7093599939536,3928700
2021-09-08,78.00408935546875,78.07777404896586,77.88947427318749,77.93041090802517,2305600
2021-09-09,78.25785827636719,78.33973152435888,78.0531876484917,78.10231284649709,2756100
2021-09-10,78.15145874023438,78.24151434722934,78.06140313323941,78.20057770912108,1300700
2021-09-13,78.20054626464844,78.29060183543201,78.20054626464844,78.20873483818826,7506800
2021-09-14,78.35613250732422,78.41344005528771,78.26607689680242,78.28245405110872,3732800
2021-09-15,78.2988052368164,78.3561127703448,78.1432535403596,78.1432535403596,2644300
2021-09-16,78.16781616210938,78.20055796906618,78.04501252483776,78.09413148132542,2242100
2021-09-17,78.00408935546875,78.04502599030643,77.94678181432812,78.02046650782523,1771000
2021-09-20,78.208740234375,78.21692880847982,78.02862908038067,78.08593660701051,3140200
2021-09-21,78.20054626464844,78.2824195079437,78.17598679008046,78.23329431275624,2045000
2021-09-22,78.25785827636719,78.3233543763398,78.07775337052033,78.20055075040412,2929000
2021-09-23,77.90583038330078,78.08593528820134,77.88126466140122,78.07775296028666,2792300
2021-09-24,77.81580352783203,77.84854534367867,77.73393025005298,77.81580352783203,1511400
2021-09-27,77.69298553466797,77.76666397582166,77.63567799841965,77.6684260542834,2334700
2021-09-28,77.31639099121094,77.49650217247631,77.29183151122982,77.49650217247631,2846400
2021-09-29,77.36552429199219,77.58656589884838,77.30002816919996,77.4392027455929,4397700
2021-09-30,77.2918472290039,77.39827374591553,77.20997395101357,77.30821813696947,3680500
2021-10-01,77.6469497680664,77.7043624953604,77.44190341951388,77.46650798013731,3192800
2021-10-04,77.5731430053711,77.63055573778604,77.4747184965804,77.52392762221649,2099500
2021-10-05,77.4009017944336,77.51572725479262,77.35989001965467,77.48291908647315,2561100
2021-10-06,77.3517074584961,77.39271924443321,77.26148653545044,77.33530649863324,2449400
2021-10-07,77.13026428222656,77.31890348975703,77.12206067308861,77.2450897800765,1558800
2021-10-08,76.92523193359375,77.12207478628406,76.58895273012308,76.79399919345258,2451600
2021-10-11,76.76935577392578,76.85957667274089,76.72014665003329,76.79396033587203,1107000
2021-10-12,76.98262786865234,77.00723243767118,76.80218601915409,76.90880790407574,2067600
2021-10-13,77.1794662475586,77.20407081516491,77.00722801679463,77.03183258440095,3107800
2021-10-14,77.38451385498047,77.39271746348311,77.0974501325865,77.27789197452552,2675000
2021-10-15,77.13026428222656,77.21228160104504,77.08925249405715,77.21228160104504,2863500
2021-10-18,76.94158935546875,76.9990020824098,76.81036294711114,76.91698479499657,3576500
2021-10-19,76.75297546386719,76.90060913277422,76.74477185517236,76.90060913277422,2708000
2021-10-20,76.70376586914062,76.85139954921092,76.69556851734595,76.72017308777092,11055700
2021-10-21,76.49872589111328,76.62995862114244,76.44951674611285,76.5561386461208,5499200
2021-10-22,76.63815307617188,76.68736221529393,76.44950761367026,76.63815307617188,3141800
2021-10-25,76.76118469238281,76.81860370461114,76.63816183052481,76.6709700128606,2686400
2021-10-26,76.8595962524414,76.86779986101944,76.69556162600033,76.79397989885702,4174600
2021-10-27,77.11384582519531,77.22047395588739,76.89239847090764,77.0236311679073,4659200
2021-10-28,76.9990463256836,77.09747088164451,76.90882538043314,77.0646626963242,4112900
2021-10-29,77.00726318359375,77.08928053224281,76.76940849224566,76.81042029533148,4056600
2021-11-01,76.93573760986328,76.96860634885124,76.77140018399443,76.88643763591682,1906300
2021-11-02,77.11652374267578,77.13296124909316,76.9521862929332,76.9521862929332,4614100
2021-11-03,77.02613067626953,77.13295565301662,76.85357448583741,77.07543692287257,3678000
2021-11-04,77.29727935791016,77.38766681337385,77.09185446259637,77.11650444698277,3022100
2021-11-05,77.66705322265625,77.73279070351862,77.36302834454246,77.36302834454246,3820900
2021-11-08,77.42876434326172,77.60132052541894,77.37124561587598,77.60132052541894,3330200
2021-11-09,77.58489990234375,77.7081561361523,77.56024990939653,77.6506373962513,3358400
2021-11-10,77.05078887939453,77.43698879542207,76.99327014311844,77.42877631100554,4254600
2021-11-11,76.79603576660156,77.11649807528748,76.76316703377867,77.00967939541543,1585200
2021-11-12,76.89463806152344,77.03432546712715,76.82890059921482,77.01789423608473,2849000
2021-11-15,76.54954528808594,76.85357015783845,76.5331077837868,76.82070141831122,4083300
2021-11-16,76.46737670898438,76.64815165698876,76.45916422521805,76.47559546182228,3817400
2021-11-17,76.6563720703125,76.67280330727264,76.43450962238433,76.48381587140821,3897900
2021-11-18,76.72209167480469,76.76317289216618,76.57418550034873,76.73852290793523,2561900
2021-11-19,76.8453369140625,76.9850305979773,76.82068693133338,76.85355566466217,6298900
2021-11-22,76.33589935302734,76.68923045613315,76.33589935302734,76.59062424047424,4119000
2021-11-23,76.04830169677734,76.26193908244342,76.04008294530695,76.22907034563235,5427300
2021-11-24,76.14689636230469,76.15511511320565,75.92504024053952,75.95790897507327,3589100
2021-11-26,76.62350463867188,76.63172339182846,76.3605609593074,76.39342970286194,3632000
2021-11-29,76.6317367553711,76.68103674476424,76.31948677168671,76.35235552097312,4889900
2021-11-30,76.7467269897461,77.14113920019427,76.62347082308014,76.94393309497018,9302400
2021-12-01,76.76074981689453,76.78544395944058,76.59611801305365,76.66196696640955,4224600
2021-12-02,76.78543853759766,76.79367201129857,76.62903393878209,76.73605025599288,3811700
2021-12-03,77.15586853027344,77.30403965354401,76.7442827745552,76.80190452914374,4097900
2021-12-06,76.93359375,77.16408072354953,76.90066614230736,77.14762005985271,4867500
2021-12-07,76.97476196289062,77.07353851482313,76.90890674140257,76.90890674140257,5397600
2021-12-08,76.76898956298828,76.9583155248426,76.66197322947811,76.89246656610703,4031900
2021-12-09,76.76898956298828,76.94185485523403,76.75252261307844,76.87599961619719,2275400
2021-12-10,76.8677749633789,76.99948545656903,76.81838666858361,76.8677749633789,3959900
2021-12-13,77.06532287597656,77.20526053239341,77.00770111861077,77.0159283123055,3659000
2021-12-14,76.8677749633789,76.97479130917138,76.81015319268373,76.95832435737162,5603600
2021-12-15,76.99946594238281,76.99946594238281,76.6948902142966,76.73605130306244,3183200
2021-12-16,77.15586853027344,77.36166140813256,77.0653191615914,77.36166140813256,3252200
2021-12-17,77.20524597167969,77.32048946467664,77.15585769762366,77.18877902679478,1907800
2021-12-20,77.09001922607422,77.22172341226876,77.03239746705772,77.18879579564494,2927900
2021-12-21,77.04061126708984,77.33695348488286,76.34915027910591,77.33695348488286,3021800
2021-12-22,77.08175659179688,77.11468419596416,76.97474658847693,77.09822353402969,1890000
2021-12-23,77.04776763916016,77.06436460865443,76.9315698557874,77.03946598826089,2136600
2021-12-27,77.1556396484375,77.18883990935007,77.031140253091,77.031140253091,1931400
2021-12-28,77.16395568847656,77.28015345719123,77.12245377151983,77.2386515402345,1879100
2021-12-29,76.9066390991211,77.02283683393937,76.84023858428162,76.96473796653022,3049100
2021-12-30,77.0975341796875,77.0975341796875,76.89003731596085,76.98963809017827,2213300
2021-12-31,76.98965454101562,77.1639511839128,76.97305124228079,77.10585230294707,2711900
2022-01-03,76.49993896484375,76.67423556312929,76.47504035541746,76.649336953703,4707500
2022-01-04,76.55806732177734,76.55806732177734,76.35887203733375,76.40866927536867,3672500
2022-01-05,76.15967559814453,76.60786973057498,76.15967559814453,76.57466946162045,7126400
2022-01-06,76.0185546875,76.10155850618278,75.96045581380345,76.0185546875,5094300
2022-01-07,75.8027572631836,75.9355519657764,75.70315648701258,75.90235170705273,3767500
2022-01-10,75.73640441894531,75.73640441894531,75.52060576755528,75.63680358007933,5104600
2022-01-11,75.83597564697266,75.87747123106843,75.62847872958362,75.66167899624227,4633900
2022-01-12,75.88575744628906,76.04345709776703,75.87745579823704,75.94385631804903,3730100
2022-01-13,76.02687072753906,76.02687072753906,75.8359771059585,75.89407599065305,4844800
2022-01-14,75.60359954833984,75.85259846699435,75.5787009229355,75.83600149415996,4389700
2022-01-18,75.03089141845703,75.28818558622511,75.03089141845703,75.26328696770611,5459000
2022-01-19,75.1221923828125,75.32138766806311,75.1221923828125,75.18029127152326,4461600
2022-01-20,75.13048553466797,75.28818522760888,75.08068829786716,75.22178469033862,5880600
2022-01-21,75.44588470458984,75.49568194124811,75.35458554918053,75.45418635480081,14939100
2022-01-24,75.39607238769531,75.56207371113524,75.37117377225508,75.52887344644726,4670700
2022-01-25,75.2715835571289,75.47077882419191,75.23838329056784,75.37117802450872,3416700
2022-01-26,74.8399658203125,75.42096082672515,74.80676556289164,75.35456031188342,7083000
2022-01-27,74.9395980834961,75.08899613851881,74.86489588983258,74.89809616120478,5019100
2022-01-28,75.0225830078125,75.0225830078125,74.66568806582482,74.70718998115258,5958100
2022-01-31,75.08065032958984,75.10554893539903,74.85655654500664,74.9146554026616,3796200
2022-02-01,75.13555145263672,75.20208141162988,74.88607362338155,75.10228647314014,3724300
2022-02-02,75.18547058105469,75.34347134170554,75.16051708181203,75.20209990256879,3775300
2022-02-03,74.76136779785156,74.87779211023569,74.71146713208039,74.84452711460463,4060700
2022-02-04,74.27899169921875,74.33720382157165,74.09603750192521,74.3288859913368,6009700
2022-02-07,74.34555053710938,74.39544484861275,74.16259626873305,74.21249058023643,2693100
2022-02-08,74.13763427734375,74.26237637578808,74.1209986137396,74.23742288038187,5714700
2022-02-09,74.30397033691406,74.4536596213553,74.25407602364972,74.28734101404201,3966000
2022-02-10,73.53055572509766,74.05447124310315,73.53055572509766,73.94635846909117,5980400
2022-02-11,74.02120208740234,74.07941421449239,73.51392226076932,73.74677076912953,13291100
2022-02-14,73.58877563476562,73.82994201313386,73.56382848263219,73.64698777129264,11094400
2022-02-15,73.42247772216797,73.6386970092576,73.41415988756675,73.49731919963236,9206800
2022-02-16,73.47235107421875,73.5222517229374,73.25613184883,73.50561605848218,6791200
2022-02-17,73.62203216552734,73.68024429537017,73.52224356845181,73.57213786698958,6467700
2022-02-18,73.63037109375,73.73016606406556,73.53889395712277,73.7135303966889,4282800
2022-02-22,73.52226257324219,73.54720972895967,73.3892026165517,73.46404408370414,4470300
2022-02-23,73.13969421386719,73.38917837793949,73.1230648970971,73.38086054723152,6060800
2022-02-24,73.24784851074219,73.38090215428201,73.05657636388246,73.10647703177817,8624800
2022-02-25,73.39749145507812,73.43075643110976,73.24780223525849,73.28937869681396,5152400
2022-02-28,73.98796844482422,73.98796844482422,73.65532485857547,73.65532485857547,4699900
2022-03-01,74.30370330810547,74.62860966695233,74.17040513216477,74.17040513216477,6704400
2022-03-02,73.52056121826172,74.02874917538952,73.50390213134133,73.96210011569968,9046500
2022-03-03,73.6955337524414,73.79550737388217,73.56224194652658,73.67887466020437,6612600
2022-03-04,73.86216735839844,74.08710009483707,73.79551826759916,74.00379190934154,4924300
2022-03-07,73.25399780273438,73.6288877759331,73.17068962602427,73.4122877876881,4515900
2022-03-08,72.754150390625,72.94575858253766,72.61252583903614,72.8041340309488,8131500
2022-03-09,72.70417022705078,72.83746842728482,72.65418657996703,72.65418657996703,6115600
2022-03-10,72.23760986328125,72.5041997993342,72.0376690002429,72.47920798595509,5540200
2022-03-11,72.11265563964844,72.24595380637916,72.07933109796576,72.1543129057534,3846600
2022-03-14,71.30455017089844,71.71277102340787,71.30455017089844,71.69610557522054,4022500
2022-03-15,71.50450897216797,71.65446625006444,71.40453533490125,71.5878171585533,6773100
2022-03-16,71.7210922241211,71.78774130005614,71.08794507075531,71.66277587167936,8821100
2022-03-17,72.15431213378906,72.23762030910126,71.8543976178601,71.92104670051239,6223400
2022-03-18,72.31258392333984,72.3709002669875,72.06265310427571,72.06265310427571,8237000
2022-03-21,71.57115173339844,71.98769898448978,71.49616992307854,71.86273353796105,13311400
2022-03-22,71.37120819091797,71.44619000514014,71.29623273270278,71.32122455210784,7270200
2022-03-23,71.52119445800781,71.52119445800781,71.24627162108457,71.42122713986086,7864000
2022-03-24,71.37120819091797,71.42119818573508,70.99631818782804,71.10461819058564,11538200
2022-03-25,70.85469055175781,71.26290508159485,70.67140874276784,71.26290508159485,15339500
2022-03-28,71.0296401977539,71.15460564632694,70.85469111215434,70.88800929950085,6018700
2022-03-29,71.48783874511719,71.49617147000116,71.19625693424578,71.20458965912975,8362100
2022-03-30,71.66277313232422,71.70443039219268,71.32954047739845,71.33786684456777,4628500
2022-03-31,71.67942810058594,71.88770165747188,71.58778722707576,71.67109537862923,5137800
2022-04-01,71.55508422851562,71.70535767543653,71.20444830883623,71.24618704056482,3866600
2022-04-04,71.73873901367188,71.73873901367188,71.56342108674774,71.63021068826369,8100100
2022-04-05,70.84545135498047,71.55507338087058,70.82875076929427,71.52167857890541,4293500
2022-04-06,70.49481201171875,70.82874727608669,70.25270448646717,70.38627731833297,7530600
2022-04-07,70.33617401123047,70.64507107435483,70.33617401123047,70.54488669375638,5993500
2022-04-08,70.05233764648438,70.1525156717291,69.8937139473049,70.00224226445552,6612400
2022-04-11,69.5848159790039,69.78517839641825,69.46793737139501,69.69335066421675,11823300
2022-04-12,69.77679443359375,70.08568498956204,69.77679443359375,69.86027819549321,7578800
2022-04-13,70.02729034423828,70.06903543649148,69.8102336988607,69.85197242170709,7156500
2022-04-14,69.44287109375,70.0105697396118,69.39278209745186,69.94378016494467,4740700
2022-04-18,69.09225463867188,69.39280143903981,69.04215925900643,69.30096734062704,5202700
2022-04-19,68.68316650390625,68.91693005775385,68.59133878379451,68.78335088412665,5662600
2022-04-20,69.03382110595703,69.15904364206985,68.86684710879541,68.9085922004375,6367800
2022-04-21,68.44109344482422,68.95869703122582,68.29916392233226,68.95869703122582,9741200
2022-04-22,68.41600036621094,68.52453501467134,68.09875944861307,68.2406825141644,10068700
2022-04-25,68.9085922241211,69.10060435916455,68.73327430409617,68.73327430409617,12251000
2022-04-26,68.9920425415039,69.25084414978346,68.86681369674154,69.21745573595689,21391400
2022-04-27,68.53286743164062,69.06717755648036,68.49112873258028,68.95864292623646,19696500
2022-04-28,68.61639404296875,68.61639404296875,68.2407073353029,68.35758594584608,15140400
2022-04-29,68.09877014160156,68.38262268667953,67.97354126493202,68.13216493334046,17959000
2022-05-02,67.79418182373047,67.96990675503154,67.70214424709138,67.8778627944307,7147300
2022-05-03,68.0535888671875,68.35482251992606,67.96991427119623,68.22930743395791,6499400
2022-05-04,68.62258911132812,68.70626371226244,67.75235921689298,68.00338301969593,10016400
2022-05-05,67.91133880615234,68.27113891669346,67.55153231164901,68.27113891669346,8559300
2022-05-06,67.52640533447266,67.82763889153027,67.45110013718848,67.50130360204459,5996400
2022-05-09,67.72726440429688,67.79420026151494,67.33398671730957,67.4092919506662,6736200
2022-05-10,67.91972351074219,68.1707537532877,67.87788939296077,68.02013688455324,7796100
2022-05-11,68.0535888671875,68.18746694398105,67.66868061845767,67.74398583966108,8349100
2022-05-12,68.17910766601562,68.44687021814684,68.16236891552835,68.19584003254009,5572100
2022-05-13,67.98664855957031,68.13726539019925,67.86113347005242,68.06195378290346,5301800
2022-05-16,68.10381317138672,68.30463353996103,68.0703420459636,68.07871142331048,3696700
2022-05-17,67.7523422241211,67.86948791284074,67.64355952462341,67.74397285093791,4035300
2022-05-18,67.86951446533203,67.86951446533203,67.57665012895605,67.57665012895605,2471700
2022-05-19,68.07032012939453,68.43012663189083,68.03684901474809,68.2042045879803,8240700
2022-05-20,68.3297348022461,68.3297348022461,68.09543694784016,68.19585031401414,4518700
2022-05-23,68.12887573242188,68.27949251821046,67.96989595806113,68.17071621112567,5985700
2022-05-24,68.62258911132812,68.69789433698016,68.19584034741142,68.19584034741142,5130000
2022-05-25,68.99913787841797,69.12465298975685,68.78994815417441,68.92383264199289,7261700
2022-05-26,69.2585220336914,69.39240650399604,69.10790519658015,69.24178966688478,5150700
2022-05-27,69.46768951416016,69.60994331435548,69.31707272521754,69.35054383208933,2784100
2022-05-31,68.99075317382812,69.10789888266042,68.82340398519982,69.09116651738252,6707500
2022-06-01,68.64019012451172,69.26084163986923,68.51438843789266,69.13503355438513,4378900
2022-06-02,68.72403717041016,68.85822771192589,68.51435925021619,68.77435782362076,6044100
2022-06-03,68.59822845458984,68.61499987253873,68.42209977124641,68.48919824076646,3259900
2022-06-06,68.2711410522461,68.56468889925928,68.2040425732536,68.55629998966943,4756100
2022-06-07,68.47241973876953,68.58144995150188,68.34661170939394,68.35500061771556,2650900
2022-06-08,68.2208251953125,68.48921915535227,68.20405377224212,68.29631259628974,2996100
2022-06-09,67.8434066772461,68.20405305869623,67.82663525435117,68.10340532473428,2941000
2022-06-10,67.10535430908203,67.59180244507068,66.96276839447638,67.5498706810169,5047100
2022-06-13,65.95630645751953,66.41760058412,65.55372830963574,66.20792259909511,6889500
2022-06-14,65.5033950805664,66.30855769946238,65.41952517421835,66.18275603937214,5846700
2022-06-15,66.59373474121094,66.59373474121094,65.75502273288049,66.14921840061417,6037600
2022-06-16,66.53499603271484,66.53499603271484,65.69628439150738,65.83886383478577,6853000
2022-06-17,66.52661895751953,66.67758733574367,66.24146002024236,66.58532852689207,4256100
2022-06-21,66.14081573486328,66.60210980306483,66.14081573486328,66.43436359696268,4370300
2022-06-22,66.5601577758789,66.82854525082753,66.5601577758789,66.68596580451216,2719100
2022-06-23,67.00470733642578,67.42406337503095,66.8537389065733,66.96276917301913,3553900
2022-06-24,67.12210845947266,67.30662609064213,66.92081940677124,67.01307822235597,7095300
2022-06-27,66.56855773925781,66.89565482870835,66.56016882959254,66.71952611891676,4990500
2022-06-28,66.52661895751953,66.60210634606317,66.3504902494019,66.56855710658412,5465600
2022-06-29,66.80339813232422,66.83694737318346,66.50985027338513,66.50985027338513,5104500
2022-06-30,67.11370849609375,67.23951653288624,66.92080838535948,66.92080838535948,6446100
2022-07-01,67.84344482421875,68.003177421957,67.54920562885887,67.54920562885887,6367700
2022-07-05,67.88545989990234,67.99474687617483,67.76776425963003,67.92749680597018,4767400
2022-07-06,67.48194122314453,68.10405420785729,67.43991072240404,68.10405420785729,4862300
2022-07-07,67.4315185546875,67.7005381981899,67.30541419374762,67.67531860878879,5458300
2022-07-08,67.26336669921875,67.34743411397417,67.13726237011929,67.23814711618537,2861900
2022-07-11,67.44831085205078,67.62485432625635,67.37264569800162,67.4399021873938,2836100
2022-07-12,67.58281707763672,67.88546486445037,67.57440841302194,67.67529314660376,19557800
2022-07-13,67.8770751953125,67.91911211621863,67.0616076756291,67.09523592956728,8838600
2022-07-14,67.52396392822266,67.66687914574433,67.18768792340065,67.2969813129783,7926700
2022-07-15,67.92750549316406,68.02838381833796,67.59963810848457,67.65007727107152,9938000
2022-07-18,67.65850830078125,67.86868009960907,67.56603219618226,67.7846062489305,4208600
2022-07-19,67.67530822753906,67.70893647956014,67.48194738190118,67.59964947094157,5539800
2022-07-20,67.52396392822266,67.92749641679535,67.515555264271,67.92749641679535,2363800
2022-07-21,68.36469268798828,68.36469268798828,67.70895760383,67.75098812151936,4262000
2022-07-22,68.81864929199219,69.09607758551452,68.58325792073704,68.85227754701918,2820700
2022-07-25,68.47396850585938,68.57485327685939,68.40671840579357,68.49078584132648,7142600
2022-07-26,68.53278350830078,68.70092471272038,68.35624005410855,68.63366823095254,5740600
2022-07-27,68.74296569824219,69.18012648254256,68.59164179812777,68.59164179812777,7926000
2022-07-28,69.45755767822266,69.5248077592082,69.24738594205343,69.3818925179569,19789000
2022-07-29,69.74337768554688,69.75178634963177,69.37347343298882,69.45754724597487,6814300
2022-08-01,69.69873046875,69.85884326162349,69.58918333263647,69.68187953596325,3675500
2022-08-02,68.90660095214844,69.72400941224471,68.87289908689891,69.62289095809658,3168100
2022-08-03,69.37007904052734,69.37007904052734,68.69592603835487,68.8897471159693,6057200
2022-08-04,69.6650390625,69.68189642857324,69.2942605885069,69.43751605412245,4031500
2022-08-05,68.97401428222656,68.97401428222656,68.61165817051652,68.88131808417054,2847100
2022-08-08,69.08353424072266,69.26049787024976,69.04139728784634,69.13409344081715,4303700
2022-08-09,68.84760284423828,68.94029903294079,68.7801926945264,68.83918059377356,2421300
2022-08-10,69.39537048339844,69.54705461328611,69.19312711994841,69.19312711994841,3522300
2022-08-11,69.02458190917969,69.76614508562598,68.9740162538495,69.65659795260996,8300700
2022-08-12,69.62290954589844,69.62290954589844,69.15099972681827,69.27740425745048,5665000
2022-08-15,69.6481704711914,69.76614628699396,69.63131310939117,69.6397417902913,3856800
2022-08-16,69.45436096191406,69.51334887964708,69.20155835557293,69.51334887964708,7221500
2022-08-17,68.9150161743164,69.1256881515816,68.78018945204992,69.06670025511528,6431300
2022-08-18,69.04144287109375,69.20997793547826,68.99930589039732,68.99930589039732,2591900
2022-08-19,68.46839141845703,68.60322456757324,68.32513601941989,68.60322456757324,4128300
2022-08-22,68.07233428955078,68.26615535463496,68.01334638786413,68.20716745294833,5193700
2022-08-23,68.04705047607422,68.34198996629176,67.9290746799872,68.02177086679825,4162700
2022-08-24,67.89537048339844,68.0049176065965,67.82795390180006,67.9122214141985,5005600
2022-08-25,68.47684478759766,68.50212440487216,67.87853693836497,67.97965540746301,25862100
2022-08-26,68.08918762207031,68.44311501125524,68.02177104435927,68.27457356697762,5825000
2022-08-29,67.63416290283203,67.7605674302048,67.56674629767305,67.73528138136918,4762000
2022-08-30,67.62570190429688,67.8279451939286,67.39817900711095,67.70154072695942,7574900
2022-08-31,67.10323333740234,67.6004225280629,67.07795372976166,67.56671424147588,5863700
2022-09-01,66.86414337158203,66.88104466741459,66.45860251498056,66.8387978737889,6378900
2022-09-02,67.01622009277344,67.32882959347027,66.96552909923817,67.12605272741833,5146400
2022-09-06,66.33187866210938,66.84725868209003,66.32342801290865,66.72052472790588,6387000
2022-09-07,66.9402084350586,66.96555394122858,66.51776614300485,66.54311164917482,3733200
2022-09-08,66.81344604492188,67.05001259651557,66.7711992552994,66.89793317821174,8425600
2022-09-09,66.91484069824219,67.19365409225765,66.85569904914404,66.96553814458083,4254600
2022-09-12,66.83879852294922,67.19364838741086,66.73741008483628,67.09226639525367,6753300
2022-09-13,66.31497192382812,66.39945907103477,66.18823798004007,66.27273157320288,5053100
2022-09-14,66.4163589477539,66.57688903618295,66.2135885096029,66.2135885096029,5127400
2022-09-15,66.18824768066406,66.36567909554557,66.10376052107488,66.34877779605348,4432200
2022-09-16,66.17134094238281,66.30652553021127,65.9601198583678,66.01926150405377,5358700
2022-09-19,66.14598846435547,66.2135807511378,65.85872446850823,65.90942190657259,4260500
2022-09-20,65.67285919189453,65.82493862307665,65.58836560549453,65.72355018697003,4790400
2022-09-21,65.73200225830078,65.92632204093549,65.25886265884579,65.82494004858896,4832400
2022-09-22,65.01385498046875,65.29266839227316,64.93781847504394,65.24197738865662,5903500
2022-09-23,64.86176300048828,64.93780593718783,64.61675223300927,64.85331879882037,7966000
2022-09-26,63.881690979003906,64.65898284853694,63.83944419320025,64.51535409033171,8557500
2022-09-27,63.23960494995117,64.05914396463058,63.23960494995117,63.940860647662134,11594400
2022-09-28,64.37174224853516,64.41398259948475,63.72962832211302,63.814115469968414,14697700
2022-09-29,63.966190338134766,64.03378262996577,63.53529753515672,63.97464098610257,12289400
2022-09-30,63.94084930419922,64.3970876369771,63.8141153596571,64.13517554529128,7581400
2022-10-03,64.79740905761719,65.25491643620104,64.50934191349629,64.5855974525784,12279900
2022-10-04,65.19563293457031,65.37356043520803,64.99229553038661,65.1278581091621,4142700
2022-10-05,64.6194839477539,64.79741139069283,64.34836534210153,64.65337458145764,7558300
2022-10-06,64.52629852294922,64.62796396912341,64.3229547026448,64.58560552121017,9679800
2022-10-07,63.95018005371094,64.17045952887881,63.91628941199766,64.17045952887881,6248900
2022-10-10,63.577388763427734,64.01795417292348,63.357102826690415,63.941705077886844,2027200
2022-10-11,63.50962448120117,63.899357264997406,63.3910104367406,63.67907773327385,11406800
2022-10-12,63.40793228149414,63.59432756726097,63.29779255080399,63.52655275205549,13873700
2022-10-13,63.52656173706055,63.6536435735315,62.52681035161909,62.58611736329869,7883300
2022-10-14,62.97582244873047,63.8145945213463,62.924983272467,63.789178165202884,7578000
2022-10-17,63.23848342895508,63.687523076543556,63.22154134171593,63.45876934693412,5810400
2022-10-18,63.5180778503418,63.63669185575593,63.111396643223,63.54349421379076,6107900
2022-10-19,62.908050537109375,63.17916914955195,62.755545913611826,63.060555160606924,3883700
2022-10-20,62.40818405151367,62.95888913850003,62.357344862946746,62.64541205156531,6141900
2022-10-21,62.71317672729492,62.789432265831756,62.16247172931374,62.21330444568685,6761700
2022-10-24,62.764015197753906,62.99276888282278,62.467480248969416,62.71317601797865,4457200
2022-10-25,63.4333610534668,63.662114812176085,63.21307510746511,63.22154938415187,13270600
2022-10-26,63.59431076049805,63.84848725827492,63.47569678526267,63.47569678526267,8027900
2022-10-27,63.83156204223633,64.04337371314469,63.59433400505563,63.797677863192696,7722700
2022-10-28,63.907833099365234,63.975614401844375,63.61129798099498,63.662130725863946,11935000
2022-10-31,63.679073333740234,63.74684816590618,63.45031307524212,63.72990607385974,7738100
2022-11-01,63.84812927246094,64.18797423074352,63.59324393324815,64.18797423074352,19894100
2022-11-02,63.64421844482422,64.52780617207014,63.508277882476975,63.89909727622111,7701900
2022-11-03,63.49129867553711,63.6272327775534,63.04949825947558,63.15145369749066,38246300
2022-11-04,63.669673919677734,63.84809095725735,63.414788733421396,63.678165339086604,5563300
2022-11-07,63.550750732421875,63.686684790956626,63.38932296103522,63.61022309840616,4488100
2022-11-08,63.76316833496094,63.907600332593496,63.61872985532507,63.703695954641454,6939400
2022-11-09,63.72068786621094,63.941588065774795,63.567757956051885,63.703698534861516,6357800
2022-11-10,65.4029312133789,65.48789085275511,64.79970286519632,64.79970286519632,7681600
2022-11-11,65.57284545898438,65.60683060852728,65.24999626133356,65.36044313584462,2265200
2022-11-14,65.21598815917969,65.41989250266894,65.21598815917969,65.24147539186556,9004500
2022-11-15,65.8786849975586,65.94665527567378,65.60681036710037,65.70026787900811,9113300
2022-11-16,66.2950210571289,66.36299136543789,65.98916115174379,66.12510176836179,10557300
2022-11-17,65.92120361328125,65.93819943465351,65.70030979149489,65.90421427391561,6066000
2022-11-18,65.83621215820312,66.05711235531693,65.7512525383912,65.99763997324824,5116900
2022-11-21,65.79373168945312,66.09959148824937,65.74275073498501,66.01462539147022,6713200
2022-11-22,66.1166000366211,66.19306824954884,65.90419769694009,65.96367009277057,5166500
2022-11-23,66.5413818359375,66.5413818359375,66.21853272415484,66.26100928828261,3726100
2022-11-25,66.63484954833984,66.63484954833984,66.47342172674531,66.55838135000421,1695600
2022-11-28,66.18457794189453,66.62637200708616,66.16758212284539,66.51592511128969,9189900
2022-11-29,66.0230941772461,66.21850703884454,65.95512392260314,66.21850703884454,5955100
2022-11-30,66.76227569580078,66.7707671186218,65.87018366742947,66.08258591399387,12251400
2022-12-01,67.42424011230469,67.42424011230469,66.89602158339093,66.98973787884259,10313300
2022-12-02,67.58610534667969,67.61166315092818,66.8704543279709,67.04085052287786,6022900
2022-12-05,67.08346557617188,67.28794107370261,66.94715507777029,67.25386182411415,3742700
2022-12-06,67.24534606933594,67.30498313616734,67.10051412131007,67.22830969307816,5521900
2022-12-07,67.75652313232422,67.79060238543428,67.432779977708,67.54353267535102,6630400
2022-12-08,67.50945281982422,67.72244327489682,67.43277937597546,67.55205351081987,7339600
2022-12-09,67.20272827148438,67.44128297803576,67.20272827148438,67.37312449044965,5171200
2022-12-12,67.13458251953125,67.56056335658423,67.11753964607615,67.4838834259398,7654800
2022-12-13,67.74801635742188,68.25919876476009,67.62874219569744,68.15696098330159,9845100
2022-12-14,67.84172821044922,67.9439659851438,67.33907377643041,67.74801187530099,10444200
2022-12-15,67.94396209716797,67.94396209716797,67.66281310781153,67.90988284088657,6063100
2022-12-16,67.73094940185547,67.82466570089818,67.44980050472736,67.45832194099071,6515800
2022-12-19,67.2708969116211,67.52648802866734,67.19422347647848,67.52648802866734,4157600
2022-12-20,66.72566223144531,66.87901564834414,66.67454659246373,66.87901564834414,4204700
2022-12-21,67.01533508300781,67.10904492450844,66.89605442119344,67.04940784357841,3523300
2022-12-22,67.02384185791016,67.11755818794799,66.92161058874417,67.02384185791016,3889300
2022-12-23,66.94695281982422,67.00676477078868,66.75897053993202,66.90423372285746,2463800
2022-12-27,66.30612182617188,66.71626566235281,66.30612182617188,66.63082093119452,2833200
2022-12-28,66.18647766113281,66.52826300027452,66.16084490152448,66.40863910942689,3311500
2022-12-29,66.47695922851562,66.5282247182328,66.30606339777603,66.39150805364115,3130300
2022-12-30,66.22917175292969,66.4342402512119,66.10954791901422,66.37442833425418,2996200
2023-01-03,66.54533386230469,66.89566554620365,66.42570999926885,66.85293994411444,4579700
2023-01-04,66.98112487792969,67.02385048936158,66.75896343270736,67.02385048936158,3376300
2023-01-05,66.83586883544922,66.89568078058832,66.50262992410093,66.58807462872635,3374000
2023-01-06,67.6817626953125,67.82701930258659,66.88711478862146,67.02383149124026,8258900
2023-01-09,67.9381332397461,68.08338991113357,67.66470623283448,67.71597175943852,5237700
2023-01-10,67.80142974853516,67.87833457250896,67.59636108296391,67.6988986752572,7082700
2023-01-11,68.18590545654297,68.18590545654297,67.96374404800252,68.04064231306731,8017700
2023-01-12,68.78402709960938,68.79257352457249,68.14318212663164,68.36534354258734,5150500
2023-01-13,68.54476928710938,68.77547057513809,68.45932460706211,68.63021396715662,5800700
2023-01-17,68.4422607421875,68.60461026633362,68.365362453285,68.41662797922001,5317000
2023-01-18,69.15999603271484,69.32233900341687,68.88656908736067,69.21126154777731,18394500
2023-01-19,69.04891967773438,69.11727805136954,68.90366302301965,68.91220944947737,13078900
2023-01-20,68.7583999633789,68.80966547932317,68.57041771289964,68.78403272135104,5433400
2023-01-23,68.6387710571289,68.792574112719,68.54477993876762,68.54477993876762,7327100
2023-01-24,68.96346282958984,68.98909558543721,68.55332569800771,68.68148947724453,5544400
2023-01-25,68.98057556152344,69.04038751541073,68.7584140817932,68.93784994345508,3600600
2023-01-26,68.89508819580078,69.05743763650533,68.76692444683471,68.99762571398428,7597400
2023-01-27,68.77545166015625,68.82672366929249,68.70709984632366,68.71563974867183,4596700
2023-01-30,68.52767944335938,68.74129441234616,68.49350678505161,68.63021697531718,4104500
2023-01-31,69.03184509277344,69.03184509277344,68.63879415599556,68.84386279278958,4060200
2023-02-01,69.6025390625,69.67966259770523,68.9084010932164,69.19976538813722,4194100
2023-02-02,69.71395874023438,69.97962179235537,69.61969226014477,69.97962179235537,3217700
2023-02-03,69.07127380371094,69.24267046879123,68.94272793942928,69.15696886719395,6589000
2023-02-06,68.54847717285156,68.74558156444428,68.53134078746116,68.71130225555383,5219000
2023-02-07,68.37709045410156,68.83127987704583,68.35138260572509,68.51420115814608,5141400
2023-02-08,68.48849487304688,68.55705349568899,68.25711769426738,68.46278702408361,4418500
2023-02-09,68.14571380615234,68.69417629351129,68.08572664101926,68.65132551636881,3825200
2023-02-10,67.7772216796875,68.09430044234222,67.7515138277635,68.09430044234222,4401100
2023-02-13,67.93143463134766,67.95714900597693,67.72576540106203,67.78575253231647,3636700
2023-02-14,67.71724700927734,67.93148786566195,67.46016190448306,67.80294858232085,6474400
2023-02-15,67.49443054199219,67.65724912115478,67.40016405705599,67.57155409978851,9058600
2023-02-16,67.2287826538086,67.46016645565695,67.17736693700341,67.34875701842903,4806800
2023-02-17,67.33158874511719,67.3744395142407,67.02308151413422,67.02308151413422,4647200
2023-02-21,66.637451171875,66.9630947897304,66.61174332547976,66.95452332822885,6109000
2023-02-22,66.714599609375,66.92026899540346,66.68889175338543,66.79172971545562,3484800
2023-02-23,67.05738067626953,67.07451706612706,66.78315267176963,66.83456837945356,5208600
2023-02-24,66.714599609375,66.77458678605463,66.5432095440366,66.58605379131525,4465200
2023-02-27,66.81743621826172,66.9545469601333,66.73174118732801,66.8859948582534,4157000
2023-02-28,66.8088607788086,66.85171156078184,66.50892491933,66.63747072713836,5980200
2023-03-01,66.39897155761719,66.77707057226024,66.34741498508367,66.64817258490248,4404600
2023-03-02,66.3646011352539,66.38178447312083,66.11540012203004,66.18414002952134,6428000
2023-03-03,66.8887710571289,66.8887710571289,66.52786197839451,66.69972812733225,5764500
2023-03-06,66.76844024658203,67.06060930018447,66.73407358711869,67.05201435730838,6347300
2023-03-07,66.58799743652344,66.89734987400033,66.4934727164043,66.89734987400033,5294500
2023-03-08,66.476318359375,66.85441740465745,66.37319864992764,66.7512976952101,7613500
2023-03-09,66.56224060058594,66.72551181629805,66.47631079716726,66.58801888600917,6484300
2023-03-10,67.24969482421875,67.44733272436795,67.04345542055349,67.24969482421875,9204100
2023-03-13,67.60198974609375,68.22928961387892,67.43872512638644,67.45590846045273,8751300
2023-03-14,67.28406524658203,67.70512587176185,67.2153187815663,67.38717838808189,14607100
2023-03-15,67.9629135131836,68.19493118756881,67.64497259379999,67.85120542745742,11901700
2023-03-16,67.77384948730469,68.27224480057896,67.5504268293408,68.1519418053726,10650400
2023-03-17,68.16913604736328,68.39255216357378,67.90274520723237,67.90274520723237,5608400
2023-03-20,67.94570922851562,68.23787832914623,67.89415267500145,68.2035051081296,6371000
2023-03-21,68.05743408203125,68.23789517592675,67.91994772004323,68.00587751578864,9307800
2023-03-22,68.53865814208984,69.01127533395861,67.92854802137103,68.0832242883155,7863700
2023-03-23,68.88239288330078,68.92535451214638,68.46992059903077,68.46992059903077,6303900
2023-03-24,69.09717559814453,69.14013719895051,68.83078482665827,69.05420744131828,3924100
2023-03-27,68.40975952148438,68.66755548265907,68.3410130577013,68.51287921715898,30677100
2023-03-28,68.23788452148438,68.36677591696622,68.16913807321262,68.24647291050172,4278700
2023-03-29,68.3667984008789,68.40976658418532,67.43874726808896,67.43874726808896,4998300
2023-03-30,68.46129608154297,68.5386374696996,68.32380975018476,68.32380975018476,4320500
2023-03-31,68.93390655517578,68.9596848276434,68.57299762858817,68.6245541735234,5144100
2023-04-03,69.36494445800781,69.39942514946715,68.80464473070259,68.9511827370152,7315600
2023-04-04,69.49422454833984,69.57180114844935,69.07184113712982,69.13218068494304,5381800
2023-04-05,69.63214874267578,69.85626990753093,69.58043100329314,69.70111011286478,3111900
2023-04-06,69.60628509521484,69.73558601131447,69.5545673593821,69.7011053285867,3458200
2023-04-10,69.22702026367188,69.23564208048866,69.00290563858995,69.17530251580979,4748300
2023-04-11,69.18392944335938,69.28736494672451,69.07186554602075,69.21841013665434,6077600
2023-04-12,69.23563385009766,69.57181232427662,69.15805723752645,69.4683702643298,4218800
2023-04-13,69.34770965576172,69.47701062107143,69.26151120439533,69.3735751100399,4038300
2023-04-14,69.16666412353516,69.22700367375394,68.99426728762938,69.20976662077047,5351100
2023-04-17,68.7959976196289,69.00288169232032,68.74427988971458,68.98563806467085,4152900
2023-04-18,68.91668701171875,69.00289200982162,68.85634745895754,68.9511676956563,6637800
2023-04-19,68.62360382080078,68.77876359388587,68.59774495470616,68.77876359388587,4878900
2023-04-20,68.84770965576172,68.91666442451911,68.76150468591223,68.77012649820034,9014700
2023-04-21,68.84770965576172,69.08906778770223,68.69254991715484,69.08906778770223,3132100
2023-04-24,69.1235580444336,69.14079509488393,68.89081511599515,68.99425714824743,3123700
2023-04-25,69.47700500488281,69.55458820840529,69.36494768481671,69.41666543615187,4884300
2023-04-26,69.22702026367188,69.52010284676878,69.14082182506195,69.46837852238737,3372900
2023-04-27,68.93392181396484,69.1494211285882,68.91667818594536,69.13217750056872,4311100
2023-04-28,69.43390655517578,69.43390655517578,69.14082396301626,69.27012491318901,5880800
2023-05-01,68.62384796142578,69.13390520441556,68.55469313499013,69.11661155110949,3693600
2023-05-02,69.25496673583984,69.28954746300428,68.74490925466355,68.75355608535449,6215500
2023-05-03,69.45377349853516,69.52293492879178,69.22036191591532,69.36732500851289,3554100
2023-05-04,69.38460540771484,69.6093701197113,69.18576798261486,69.22034869113642,4818600
2023-05-05,69.08203887939453,69.263582669325,68.9955838022498,69.22900195758638,5109500
2023-05-08,68.72757720947266,68.87454025704068,68.68434967990795,68.81402567300708,5386900
2023-05-09,68.69302368164062,68.82269972604288,68.65844296342685,68.73625122830724,4007800
2023-05-10,69.15982818603516,69.17711524101978,68.97828442851824,68.97828442851824,8285400
2023-05-11,69.33273315429688,69.50563670215952,69.30679927101646,69.43647528301446,4154000
2023-05-12,69.00421142578125,69.37594572902536,68.97827754809357,69.37594572902536,2219500
2023-05-15,68.78811645507812,68.81405034387664,68.69302113241866,68.77082939441156,5211200
2023-05-16,68.49417877197266,68.65842890536028,68.46823829192553,68.56333359864291,5301800
2023-05-17,68.43367767333984,68.66708927502897,68.38180329861083,68.66708927502897,4730900
2023-05-18,68.19159698486328,68.25211157848301,68.12244216043788,68.24347134767736,6553900
2023-05-19,68.07056427001953,68.26075486742423,68.00140944917794,68.1570127427683,4508900
2023-05-22,68.09648895263672,68.2520988208003,68.07055507387525,68.15700353494506,4438200
2023-05-23,68.19159698486328,68.24347134767736,67.94089178398265,68.04463391401478,4902400
2023-05-24,67.96685028076172,68.25212967168277,67.93226956158388,68.25212967168277,2654400
2023-05-25,67.71610260009766,67.98409476137438,67.6815219025791,67.96680771041193,4839500
2023-05-26,67.87174987792969,68.03600003724809,67.62104462933107,67.6556253459237,4426200
2023-05-30,68.34722137451172,68.35586820274689,68.10516294870652,68.10516294870652,4754200
2023-05-31,68.52874755859375,68.60655580149212,68.2780489646659,68.40771837683695,8059500
2023-06-01,68.7291030883789,68.85919104213973,68.66839625883027,68.71176111559994,9282800
2023-06-02,68.50360870361328,68.78980084081316,68.4602504691131,68.7811265472942,6935500
2023-06-05,68.41692352294922,68.60771838678815,68.23480295743505,68.36489096610259,4524600
2023-06-06,68.46025848388672,68.46025848388672,68.2521151143478,68.4255679222969,3318900
2023-06-07,67.93119812011719,68.48623353845834,67.93119812011719,68.40817816771505,6500200
2023-06-08,68.35618591308594,68.37352788538202,68.0266355070764,68.0699937460906,7188900
2023-06-09,68.13066864013672,68.20872402025341,68.08731042144512,68.18270776572948,5745600
2023-06-12,68.23477172851562,68.27813658374173,68.00061871331934,68.21742975635395,4065900
2023-06-13,67.9485855102539,68.45158876208602,67.86186240876009,68.34751707036432,5074600
2023-06-14,68.03532409667969,68.41691376996107,67.78382903007154,68.22611893332038,6216900
2023-06-15,68.58164978027344,68.62500800571279,68.25209286089554,68.37350647859921,4858100
2023-06-16,68.39087677001953,68.47759986497101,68.21743058011656,68.37352818110041,3097000
2023-06-20,68.58164978027344,68.62500800571279,68.45156187086353,68.45156187086353,4426400
2023-06-21,68.52096557617188,68.6163629667739,68.26946396608908,68.36486135669111,3764800
2023-06-22,68.29545593261719,68.48625064593341,68.20873286744047,68.40819525569233,3295900
2023-06-23,68.408203125,68.66837896700511,68.3128057573679,68.66837896700511,3377500
2023-06-26,68.5556640625,68.60769660282551,68.48628293103339,68.54698976692946,6522900
2023-06-27,68.38219451904297,68.65971236052633,68.3041457276323,68.53829871841155,6565200
2023-06-28,68.68574523925781,68.70309383035494,68.39088535609523,68.52097332312825,4633400
2023-06-29,68.25212097167969,68.28681153624662,68.09601673940283,68.26946956223748,6727000
2023-06-30,68.5383071899414,68.56432345696065,68.26078931415604,68.38220297127789,5071000
2023-07-03,68.41478729248047,68.72797861208274,68.41478729248047,68.56268134968764,2197800
2023-07-05,68.0232925415039,68.37997855254628,67.97979117161664,68.32778221858328,8249200
2023-07-06,67.4751968383789,67.57959613185041,67.25770328834558,67.57089453138369,9738800
2023-07-07,67.43168640136719,67.66657646023567,67.43168640136719,67.48388271725466,4499300
2023-07-10,67.79708099365234,67.83188075368324,67.47518819139825,67.47518819139825,4264600
2023-07-11,68.01459503173828,68.04069320028981,67.84060281647635,67.88409755160305,3132100
2023-07-12,68.5800552368164,68.64095315418413,68.40605644621206,68.42345964396009,7504900
2023-07-13,69.05854034423828,69.08464514213321,68.82365026218795,68.91934794234285,3841700
2023-07-14,68.63224792480469,68.99763540968279,68.62354632639097,68.91934093608384,3683400
2023-07-17,68.71056365966797,68.7975597501963,68.60616436860823,68.6322625320291,4006600
2023-07-18,68.82363891601562,69.04113240098917,68.82363891601562,68.92803817825772,4551600
2023-07-19,69.075927734375,69.12812404346839,68.92803376702771,69.05852453976121,11547400
2023-07-20,68.72794342041016,68.88453900002759,68.56264624265435,68.87583740188923,6356000
2023-07-21,68.84102630615234,68.89322924900823,68.77143344463371,68.89322924900823,2418700
2023-07-24,68.7366714477539,69.0150629588513,68.7366714477539,68.91936525465746,2336800
2023-07-25,68.6583480834961,68.72794759808441,68.56265041028091,68.60615176624238,3913400
2023-07-26,68.9802474975586,68.99764405919201,68.68445285078506,68.91934957577811,4341100
2023-07-27,68.31036376953125,68.92805122465877,68.24946584770714,68.87584826496976,5805700
2023-07-28,68.6409683227539,68.68446305198525,68.48437269529242,68.62356512116004,2712700
2023-07-31,68.81494903564453,68.87584695631156,68.64965847233434,68.64965847233434,5326000
2023-08-01,68.36021423339844,68.59587598562311,68.30784643494427,68.56969208639602,3249000
2023-08-02,68.12454223632812,68.17691002690702,67.92378794047589,68.08089797139246,6143200
2023-08-03,67.7405014038086,67.82778328402127,67.65321952359591,67.76668530195434,6965300
2023-08-04,68.32525634765625,68.38635429307915,67.95866867511883,67.98485255756056,4061200
2023-08-07,68.28167724609375,68.34277524384666,68.18566515545598,68.31658467979628,3202800
2023-08-08,68.43875122070312,68.55221696831852,68.40383714624174,68.46493511175447,3359000
2023-08-09,68.482421875,68.57843396131793,68.44750778368602,68.491152062624,2879000
2023-08-10,68.08963012695312,68.68315618768541,68.08963012695312,68.52604615222157,5270100
2023-08-11,67.85397338867188,68.06345791136029,67.82778948813113,67.87143376181986,4689200
2023-08-14,67.79286193847656,67.91505788952144,67.61829819674958,67.80159212331688,2942800
2023-08-15,67.55720520019531,67.82778101756756,67.55720520019531,67.64448707749148,2783500
2023-08-16,67.34773254394531,67.67940636685876,67.26044400075361,67.55721039740745,5473200
2023-08-17,67.19062042236328,67.34773047242261,67.05969427078372,67.3040862021692,2995700
2023-08-18,67.41755676269531,67.5048386502108,67.20807890082192,67.23426280115845,3304300
2023-08-21,67.1120376586914,67.23423357994075,67.0247558091102,67.23423357994075,2252800
2023-08-22,67.14698791503906,67.25173018648779,67.033522115356,67.15571810245525,2074000
2023-08-23,67.84526062011719,67.88016805358629,67.48739616482726,67.53104044543706,2537800
2023-08-24,67.6182861328125,67.81031020996066,67.60955594952976,67.77539613600838,2270600
2023-08-25,67.60957336425781,67.81032767639857,67.40882571129748,67.66194115908566,5242800
2023-08-28,67.85397338867188,67.90634784893459,67.69686332624619,67.81033577416437,8991500
2023-08-29,68.28167724609375,68.30786115096181,67.7492489831688,67.82780069777297,7615900
2023-08-30,68.23804473876953,68.3951548542675,68.22059101890686,68.3951548542675,7276200
2023-08-31,68.33404541015625,68.43878768935392,68.28167760014858,68.32531522209419,6473300
2023-09-01,68.04325866699219,68.42857657060365,67.9732063327682,68.40230611012022,2809600
2023-09-05,67.67548370361328,67.91193129716231,67.65797228392715,67.90317224672029,3307400
2023-09-06,67.50911712646484,67.71053526500843,67.44781711581246,67.68426478632885,3830800
2023-09-07,67.7630615234375,67.77182057483073,67.54413200699697,67.62295010713885,5932000
2023-09-08,67.77182006835938,68.00826768581935,67.76306101703159,67.9294495862665,4784800
2023-09-11,67.70175170898438,67.75429932852549,67.64045172051779,67.7105107591075,3672400
2023-09-12,67.6667251586914,67.7105137300307,67.61418421804261,67.70175467952325,3104800
2023-09-13,67.79806518554688,67.83309469655883,67.5616243377113,67.5616243377113,4265900
2023-09-14,67.71049499511719,67.92942442884186,67.6842245320616,67.91191301387016,7005700
2023-09-15,67.59666442871094,67.70174629699777,67.51784634629871,67.68423487934899,4387100
2023-09-18,67.6667251586914,67.69300231021374,67.51785470605452,67.53537280706942,2037900
2023-09-19,67.45654296875,67.58790197869651,67.4390315519823,67.51784294923213,3008700
2023-09-20,67.41278839111328,67.75431794658927,67.41278839111328,67.64922935982763,6305600
2023-09-21,66.98365783691406,67.10625780390961,66.96614641928488,67.07122828745415,10027800
2023-09-22,67.28138732910156,67.3251692020228,67.05369887384703,67.11499884089302,6186300
2023-09-25,66.8873291015625,67.11501762052717,66.86981768373315,66.94862908576101,9771300
2023-09-26,66.72095489501953,67.01869580062349,66.67716632363168,67.00993675010633,6901200
2023-09-27,66.40570068359375,66.97491874674981,66.24807116889204,66.93113017219994,9155200
2023-09-28,66.57208251953125,66.57208251953125,66.13422349914676,66.3093711160196,7808200
2023-09-29,66.53706359863281,66.89610454228453,66.45824549609537,66.81729312094592,6995700
2023-10-02,66.03968048095703,66.34724916931987,66.00452881593063,66.23301128635497,4812300
2023-10-03,65.49482727050781,65.99572666898096,65.43331354453719,65.86390962633155,9482000
2023-10-04,65.89028930664062,65.90786178647282,65.51241729755174,65.74968265000551,7312900
2023-10-05,65.9166488647461,66.10997965799905,65.81998346811962,66.10997965799905,5230900
2023-10-06,65.67937469482422,65.77604008832755,65.34544396558157,65.39816810585832,8384800
2023-10-09,66.47024536132812,66.47024536132812,65.95177363131326,66.00449775179167,2116800
2023-10-10,66.41755676269531,66.58451880166976,66.10998805458973,66.1802846846603,4755800
2023-10-11,66.6372299194336,66.68995405249538,66.44389915888301,66.66359198596449,4403500
2023-10-12,66.18907165527344,66.61966782956154,66.0924062501993,66.59330575626764,3412000
2023-10-13,66.44390106201172,66.62844223750675,66.37359774625365,66.56692851234173,4046300
2023-10-16,66.12753295898438,66.25934998019973,66.0923813063608,66.16268461160794,6006500
2023-10-17,65.55631256103516,65.74964324579686,65.4157126931569,65.64418831652037,25082200
2023-10-18,65.14331817626953,65.4596764006414,65.12574569913481,65.45089351432073,12267500
2023-10-19,64.86211395263672,65.24877550849538,64.83575188373611,65.14332052839931,10930100
2023-10-20,65.1609115600586,65.17848404102332,64.9587911542426,64.96758074697239,6756200
2023-10-23,65.52996826171875,65.6002715669534,64.92361398693124,64.941193165486,5069600
2023-10-24,65.69693756103516,65.71451003526504,65.45966557973217,65.57391012794926,7688400
2023-10-25,65.25756072998047,65.49482603869234,65.18725741462393,65.46846397155693,7852600
2023-10-26,65.66178894042969,65.67057853019666,65.2927066241273,65.2927066241273,8050000
2023-10-27,65.60906219482422,65.69693797551251,65.45966599271259,65.60906219482422,5987500
2023-10-30,65.44209289550781,65.5475411495332,65.3190654628167,65.4069412426686,6803300
2023-10-31,65.4245376586914,65.67938220666585,65.41575477063672,65.50363058264644,8884700
2023-11-01,66.17866516113281,66.18748733939832,65.55242509128769,65.55242509128769,7911400
2023-11-02,66.67257690429688,66.74314084783293,66.53145574657279,66.60201969010885,12057800
2023-11-03,67.07833862304688,67.51053114522381,67.0606942665946,67.32530577857655,10189400
2023-11-06,66.76959991455078,66.94600977146284,66.71668032215115,66.92836542109765,4864600
2023-11-07,67.1224365234375,67.22828247483828,66.90192917169865,66.9372111554989,5472000
2023-11-08,67.29882049560547,67.37819988153885,67.1753369645884,67.18415241012694,6716400
2023-11-09,66.83134460449219,67.29882569873989,66.81370698270372,67.29882569873989,8376200
2023-11-10,67.06067657470703,67.1665224974457,66.95483738131688,67.08713637305456,6624700
2023-11-13,67.07833862304688,67.12243605547701,66.82254928929106,66.91075088350162,5027900
2023-11-14,68.00445556640625,68.1279391262129,67.9338916095598,67.94271378650294,13731800
2023-11-15,67.75748443603516,67.82804838870473,67.6163632600449,67.81922621228381,7885600
2023-11-16,68.20732116699219,68.216136614057,68.02209583839729,68.03091128546212,8702000
2023-11-17,68.32196044921875,68.39252437901202,68.1720171454181,68.3043228314438,6440500
2023-11-20,68.48072814941406,68.52483228930312,68.22493894262078,68.27786525635705,5464900
2023-11-21,68.54251098632812,68.60425278156754,68.42784957498377,68.56015534459709,5069300
2023-11-22,68.69244384765625,68.73654800721225,68.48958086413856,68.66598404366263,4683200
2023-11-24,68.45428466796875,68.55130841536518,68.44546249201947,68.45428466796875,1992400
2023-11-27,68.8600082397461,68.87764585998053,68.52483962051045,68.57775921056142,4902400
2023-11-28,69.14226531982422,69.15990967146082,68.73653271371217,68.82473428384984,9488500
2023-11-29,69.52154541015625,69.60974698953297,69.3716020522809,69.4156994772947,7895100
2023-11-30,69.31865692138672,69.46860696794353,69.1598981591748,69.46860696794353,10630100
2023-12-01,69.90364837646484,69.93019634679533,69.26647008144248,69.35497231824104,5947600
2023-12-04,69.66471099853516,69.77975445571926,69.50541642224873,69.70895536586465,13719600
2023-12-05,69.97442626953125,70.0717732991045,69.8062801726737,69.8062801726737,13889500
2023-12-06,70.13375091552734,70.23109798690845,70.03640384414624,70.13375091552734,16319500
2023-12-07,70.18684387207031,70.31959048664002,70.03640085971885,70.07180040705565,15600200
2023-12-08,69.85940551757812,69.97444897541736,69.74435530796602,69.84170236912725,13959800
2023-12-11,69.83283996582031,69.85938793004014,69.61159792829348,69.74433774939264,12928200
2023-12-12,70.1072006225586,70.17799971790697,69.77975987040236,69.89481008828682,7842900
2023-12-13,71.15144348144531,71.26648691494991,70.2930232610231,70.34611919159885,8814000
2023-12-14,71.69129943847656,71.86829043619436,71.523153264403,71.64704831316023,9386700
2023-12-15,71.59393310546875,71.70897654786131,71.50543763041509,71.65588061318351,4879600
2023-12-18,71.46118927001953,71.56738789523837,71.43464130165788,71.56738789523837,6165100
2023-12-19,71.5850830078125,71.7089780257955,71.54083189348766,71.62048254891795,5241000
2023-12-20,71.79747009277344,71.84172120499663,71.56738321417377,71.77092212614822,8272000
2023-12-21,71.85943603515625,72.036433777688,71.72669616797431,72.01873062754807,7028400
2023-12-22,71.85501098632812,72.03261023804089,71.76621474783111,72.03261023804089,3633100
2023-12-26,71.97041320800781,72.00592626439457,71.81945223214625,71.85497206324808,3593900
2023-12-27,72.49432373046875,72.50320538293455,72.14801380617637,72.22792835422115,5108300
2023-12-28,72.31673431396484,72.46768853853432,72.25457629357058,72.42328704908866,3870100
2023-12-29,72.1746597290039,72.31673908483037,72.11250170450897,72.1657780755856,4776400
2024-01-02,71.80168151855469,71.91711586579372,71.7395235200854,71.82831969293956,11437300
2024-01-03,71.69514465332031,71.7484277936051,71.33107819740617,71.46427588604436,12337400
2024-01-04,71.38436126708984,71.48203912961695,71.29556505789698,71.35772308180363,7986300
2024-01-05,71.18013763427734,71.65076368633406,71.15349267166522,71.24229566427131,8275900
2024-01-08,71.4820556640625,71.5974900852426,71.233423510925,71.30446320459802,5617700
2024-01-09,71.55307006835938,71.65962279649135,71.34883271491364,71.41987238347873,5825600
2024-01-10,71.49092864990234,71.8194753375413,71.42877061915574,71.77508061541786,4809500
2024-01-11,71.87274169921875,71.9437745929664,71.49978682714413,71.65962269382878,16465300
2024-01-12,72.08586120605469,72.24569708887276,71.899387138553,72.13913757542193,9534900
2024-01-16,71.54420471191406,71.87275817282634,71.43764518479509,71.87275817282634,24857300
2024-01-17,71.33106994628906,71.40210960864081,71.16235244188245,71.3754646542226,12064300
2024-01-18,71.27780151367188,71.45540070618222,71.22452514327702,71.41988086768015,7579000
2024-01-19,71.30442810058594,71.30442810058594,71.02915111680461,71.26890827123626,8232500
2024-01-22,71.45539093017578,71.57082530847725,71.41098944444377,71.57082530847725,6108600
2024-01-23,71.3133316040039,71.37548963663909,71.21565372776041,71.3310949131668,5612000
2024-01-24,71.18900299072266,71.62411591719194,71.16236480639111,71.553076242497,7388600
2024-01-25,71.5797119140625,71.58859356676665,71.4021195082757,71.52643554726966,8739800
2024-01-26,71.41099548339844,71.57971301378923,71.41099548339844,71.57971301378923,5010900
2024-01-29,71.69514465332031,71.79282250667393,71.57082861718223,71.65962481803574,7999300
2024-01-30,71.79283142089844,71.84611456779919,71.53531766414771,71.82835126059337,6149800
2024-01-31,72.13912963867188,72.23680748824286,71.8993792281803,72.05921509341321,18097900
2024-02-01,72.42516326904297,72.55882327354031,72.1578500582785,72.44298822869874,18416300
2024-02-02,71.89053344726562,71.97072537481625,71.72123031368469,71.79251655921672,10893000
2024-02-05,71.40935516357422,71.59647644285226,71.2935201235154,71.59647644285226,13306400
2024-02-06,71.6944808959961,71.81031591597815,71.4628040578032,71.47171653571836,12059800
2024-02-07,71.5875473022461,71.82813660405927,71.54299851177473,71.59645977963172,11441800
2024-02-08,71.36483001708984,71.49849007310345,71.32028119724055,71.4628469382843,8602400
2024-02-09,71.28459930419922,71.30241746280444,71.18658243629761,71.24895618875962,6247400
2024-02-12,71.37371063232422,71.42717870979612,71.21331999636813,71.37371063232422,5017000
2024-02-13,70.7410659790039,70.91927478892921,70.66977973574166,70.86581350559769,14682500
2024-02-14,70.98165893554688,71.00838957856273,70.79453083797455,70.87472956525278,12709400
2024-02-15,71.21332550048828,71.32025486546692,71.08857797379504,71.29352422377984,10221100
2024-02-16,70.96382904052734,71.01729032284183,70.85689967766815,70.9370983993701,5398400
2024-02-20,71.22222137451172,71.2400395320719,71.00836949264583,71.20440321695155,14400900
2024-02-21,71.0083999633789,71.24898258393694,70.95493187129694,71.19552129008663,7224300
2024-02-22,71.07965087890625,71.17766774375885,70.98164081228259,71.05292024271535,6614800
2024-02-23,71.19551086425781,71.26679711110688,71.04403268837656,71.07966901357041,4475700
2024-02-26,71.01727294921875,71.16875787576762,70.90143793313176,71.13311476353428,7541800
2024-02-27,70.96382904052734,71.10640152433959,70.91036775821286,71.04402776222928,5030000
2024-02-28,70.98165893554688,71.00838957856273,70.8836420456683,70.90146020826865,9757000
2024-02-29,71.09748840332031,71.248966567332,71.00838400085638,71.13313152395192,7848200
2024-03-01,71.45781707763672,71.50252564880411,70.84088108926215,71.00182239526643,6107200
2024-03-04,71.32367706298828,71.3952080270439,71.25215292050085,71.34156321478629,9263800
2024-03-05,71.5919189453125,71.72603780535154,71.50250864580934,71.53827412992432,7350100
2024-03-06,71.7350082397461,71.94065132487374,71.69924274199103,71.79759615542466,6412800
2024-03-07,71.95850372314453,71.95850372314453,71.80649872361019,71.95850372314453,6549700
2024-03-08,72.06581115722656,72.19993003864013,72.02110941113516,72.03898874525778,8207100
2024-03-11,72.01216125488281,72.12839397240718,71.94957335751289,72.06580607503726,5092400
2024-03-12,71.84227752685547,71.97639639998918,71.79757578352374,71.96745332269514,4538200
2024-03-13,71.75288391113281,71.94064764857345,71.75288391113281,71.84229424016586,5606300
2024-03-14,71.36840057373047,71.60087284483379,71.30581267246069,71.60087284483379,9499100
2024-03-15,71.32367706298828,71.4041511029429,71.24320984460185,71.26108917483167,6259900
2024-03-18,71.25218200683594,71.36841475469834,70.99288727246199,71.32370617852074,7432400
2024-03-19,71.46673583984375,71.58296853513282,71.34156006905002,71.37732554950078,3796900
2024-03-20,71.63665771484375,71.67242321404095,71.3237113022611,71.547240556065,8008700
2024-03-21,71.6902847290039,71.86910535895953,71.62769682636245,71.86910535895953,7564300
2024-03-22,71.913818359375,72.03005109385276,71.86910978834575,71.9942856013434,3900500
2024-03-25,71.7439193725586,71.92274679870675,71.71709696402857,71.89592439017673,2621600
2024-03-26,71.70816040039062,71.76181204389252,71.60980701246817,71.74392588886874,4913400
2024-03-27,72.0300521850586,72.03899526371396,71.69923331208322,71.69923331208322,6343900
2024-03-28,71.98536682128906,72.08372024417588,71.92277889959489,71.98536682128906,8503200
2024-04-01,71.48641204833984,71.84536418474934,71.41461888242868,71.84536418474934,4151300
2024-04-02,71.4235610961914,71.43253695020597,71.14537124087475,71.28895751882565,3500300
2024-04-03,71.52227783203125,71.55817440296512,71.16332581583417,71.27998453644113,6722000
2024-04-04,71.5761489868164,71.71075945919604,71.44153851443677,71.71075945919604,5597300
2024-04-05,71.36974334716797,71.5402503971697,71.27102945996411,71.41461578555985,5604700
2024-04-08,71.24410247802734,71.35179221276552,71.1633403119029,71.1633403119029,3326500
2024-04-09,71.50434112548828,71.55818256474471,71.423572120032,71.48639626126001,5133500
2024-04-10,70.6607894897461,71.03770010831522,70.58900318548828,71.03770010831522,9174400
2024-04-11,70.59796905517578,70.87616579062683,70.48131032519399,70.72360364025506,6585800
2024-04-12,70.72359466552734,70.84922923466378,70.70564980418094,70.84922923466378,7315100
2024-04-15,70.17622375488281,70.40954816410157,70.11340643469788,70.35570670296431,6067900
2024-04-16,69.98775482177734,70.03262725955942,69.8172546206655,69.9967306786483,9333300
2024-04-17,70.30183410644531,70.40952383808813,70.16723050010683,70.17619950948136,8920500
2024-04-18,70.13134002685547,70.33773680558649,70.08646758978908,70.23005391114339,7853100
2024-04-19,70.21209716796875,70.3467076229523,70.19415230237128,70.28389032350293,9366400
2024-04-22,70.36465454101562,70.39157526086373,70.21209238425688,70.21209238425688,5146600
2024-04-23,70.55310821533203,70.72360839421681,70.2749114611809,70.3467046136439,9174900
2024-04-24,70.3467025756836,70.5082337407598,70.23004384123976,70.5082337407598,7467900
2024-04-25,70.19415283203125,70.20312868818378,69.8710904762619,70.02364579799404,8166000
2024-04-26,70.36465454101562,70.47233742040805,70.33772697459584,70.40952012523857,4609000
2024-04-29,70.60694885253906,70.6607902929874,70.45439354022093,70.45439354022093,6605100
2024-04-30,70.31978607177734,70.47234139055881,70.25696877306898,70.43644481321516,7999800
2024-05-01,70.57379150390625,70.83500994100844,70.33059192297944,70.38463474714537,9262500
2024-05-02,70.9791259765625,71.01514994083536,70.57378422060944,70.61882448421956,8400900
2024-05-03,71.39347839355469,71.63667797699605,71.18630277847635,71.4114903777362,6946900
2024-05-06,71.51959228515625,71.53760427170155,71.42050917870445,71.4745520105214,5636700
2024-05-07,71.52859497070312,71.73576372125669,71.50156668516185,71.62767119563283,5956300
2024-05-08,71.38449096679688,71.47456465982641,71.3484601151486,71.3484601151486,19767800
2024-05-09,71.47455596923828,71.51959624636774,71.32143002248841,71.36647029961787,12491000
2024-05-10,71.26738739013672,71.39349191983972,71.2223471128793,71.38448248995195,7991000
2024-05-13,71.31239318847656,71.47452850278273,71.29438120785534,71.4384976693615,5981800
2024-05-14,71.48353576660156,71.55559743126396,71.40246467581171,71.44750493427036,5643300
2024-05-15,72.00601959228516,72.06907187203285,71.79884388900956,71.96097930438691,11001300
2024-05-16,71.94293975830078,72.07804682588318,71.91591147260387,72.06003484093233,6693000
2024-05-17,71.8438720703125,71.96096717805962,71.81685065100024,71.81685065100024,5080500
2024-05-20,71.78079986572266,71.83484268933803,71.74476902591907,71.74476902591907,4538000
2024-05-21,71.88888549804688,71.96094717763911,71.85285465825076,71.88888549804688,2672500
2024-05-22,71.76277923583984,71.8618623248055,71.70873641356035,71.76277923583984,3511100
2024-05-23,71.51959228515625,71.87088443632862,71.4565400239761,71.87088443632862,6811100
2024-05-24,71.66370391845703,71.67271334720726,71.48355657653602,71.51057799060611,2336900
2024-05-28,71.366455078125,71.77178999711197,71.33942679430324,71.77178999711197,9755000
2024-05-29,71.07820892333984,71.22232539669481,70.9881283962912,71.22232539669481,6840700
2024-05-30,71.42952728271484,71.43852984099027,71.26739189539262,71.34845615296278,4035400
2024-05-31,71.74475860595703,71.75376803264444,71.57361385979146,71.57361385979146,4573400
2024-06-03,72.08744812011719,72.09648459901706,71.8342818513353,71.8342818513353,4631800
2024-06-04,72.32250213623047,72.40387871192854,72.18687910878283,72.18687910878283,7571600
2024-06-05,72.49430084228516,72.51238069577448,72.17785167066252,72.42196763217868,9558800
2024-06-06,72.4671859741211,72.5214324389225,72.29539630481612,72.29539630481612,4706300
2024-06-07,71.9337158203125,72.04221561587786,71.90659259593949,71.97892579298308,4967400
2024-06-10,71.84331512451172,71.89756158258392,71.80714851977208,71.81619189547563,3698800
2024-06-11,72.07839965820312,72.12360274374002,71.83427678361883,71.83427678361883,5109100
2024-06-12,72.4671859741211,72.85596840070708,72.44909922047037,72.73842519620352,3239300
2024-06-13,72.76554870605469,72.86499824978365,72.60280242838266,72.6841721181813,7954000
2024-06-14,72.77458190917969,72.8378717422,72.67512547185143,72.80170513789204,4641300
2024-06-17,72.52145385742188,72.57570033824445,72.43104075669177,72.50337399650682,6588400
2024-06-18,72.76554870605469,72.86499824978365,72.65704888824843,72.7474619540496,7957900
2024-06-20,72.59375762939453,72.62992423462101,72.47622133596442,72.61183748297047,5963200
2024-06-21,72.64799499511719,72.76553817190947,72.50333549039236,72.65703836981054,4403100
2024-06-24,72.70225524902344,72.78362493476921,72.62992204075537,72.69321187347133,3657200
2024-06-25,72.68417358398438,72.72938356683409,72.56663728587999,72.6480069773196,4659400
2024-06-26,72.38581848144531,72.43102847318195,72.33157200982235,72.38581848144531,4963500
2024-06-27,72.52145385742188,72.60283047673316,72.49433061701059,72.49433061701059,5350100
2024-06-28,72.26826477050781,72.7384168402866,72.25922139472132,72.7293803625747,4724800
2024-07-01,71.94976043701172,72.48513809724368,71.91346259042045,72.48513809724368,4723400
2024-07-02,72.26736450195312,72.30366235183988,72.1221800255131,72.30366235183988,3050400
2024-07-03,72.70293426513672,72.70293426513672,72.40348218565502,72.43978003678376,2476800
2024-07-05,73.02960205078125,73.07496916866467,72.857189002747,73.02960205078125,4329500
2024-07-08,73.03865814208984,73.12033001651452,72.9660693819523,73.1112538253328,4216000
2024-07-09,72.94792175292969,73.03866290134344,72.82995895230239,73.03866290134344,5186500
2024-07-10,73.06587982177734,73.10217766341336,72.92069537833872,73.10217766341336,4630300
2024-07-11,73.41978454589844,73.54682353439571,73.36533432003843,73.48330404014708,4362500
2024-07-12,73.63756561279297,73.66478726451497,73.41070928430199,73.66478726451497,6151500
2024-07-15,73.38349914550781,73.59220312352328,73.36534675944145,73.546836004571,3220600
2024-07-16,73.64666748046875,73.65573675213416,73.4288803445523,73.56499557372305,4998200
2024-07-17,73.68294525146484,73.69202144461713,73.47424127071059,73.60128028241498,5186300
2024-07-18,73.4560775756836,73.69201009957239,73.43793211527945,73.66478844741326,6579600
2024-07-19,73.27462005615234,73.37443742989173,73.22924600514055,73.36536123506774,3511700
2024-07-22,73.30181884765625,73.5105297248421,73.19293223617322,73.5105297248421,3914600
2024-07-23,73.30181884765625,73.42885784312381,73.292742655664,73.41978857423757,2593800
2024-07-24,73.05681610107422,73.4742309269255,73.05681610107422,73.4742309269255,4643700
2024-07-25,73.22923278808594,73.36534799344585,73.12034616228355,73.18386566837059,7729100
2024-07-26,73.54682922363281,73.80090722028166,73.43793568659495,73.80090722028166,4299600
2024-07-29,73.66477966308594,73.73737534225731,73.55588614432887,73.73737534225731,7156200
2024-07-30,73.7464599609375,73.76461234606147,73.59219930291609,73.75553615349948,3001100
2024-07-31,74.12759399414062,74.13666326483182,73.78276786086782,73.98240258579263,6232500
2024-08-01,74.36529541015625,74.47458472026847,74.29243123760814,74.40172749643031,7126300
2024-08-02,74.99372100830078,75.01194052365943,74.73870338295275,74.88443171098542,5908300
2024-08-05,74.81157684326172,75.16678100109357,74.61120384167246,75.16678100109357,13580900
2024-08-06,74.45637512207031,74.81157929152648,74.45637512207031,74.81157929152648,7645300
2024-08-07,74.23779296875,74.50192040542562,74.14671621958509,74.50192040542562,6192100
2024-08-08,74.24688720703125,74.27421648246478,74.10116581493448,74.13759790013611,6084300
2024-08-09,74.51100158691406,75.03925630692156,74.47456950808163,75.03014655003632,3919500
2024-08-12,74.64763641357422,74.72961034598919,74.42905084165105,74.54744991212817,3964200
2024-08-13,75.03018188476562,75.04840140711642,74.84802835352856,75.02107907230204,4895300
2024-08-14,75.18501281738281,75.26697981396283,75.02107187551164,75.15768353647833,7564600
2024-08-15,74.9390869140625,75.11213759079646,74.78425575525323,75.11213759079646,8888900
2024-08-16,75.1303482055664,75.14856772301714,74.92087239585261,75.0757035506341,5293700
2024-08-19,75.23055267333984,75.30341686312562,75.04839914758699,75.10304381557053,3420500
2024-08-20,75.39447784423828,75.43090993150511,75.2578592541652,75.35804575697145,4561000
2024-08-21,75.57664489746094,75.70415373970343,75.36716211451355,75.47645838588315,5686500
2024-08-22,75.33983612060547,75.476454715997,75.23964961389905,75.45823519729923,4711900
2024-08-23,75.73146057128906,75.76789265428947,75.44001085599515,75.54019734706894,5392100
2024-08-26,75.66771697998047,75.84987047231216,75.64039465100174,75.84987047231216,4606000
2024-08-27,75.64039611816406,75.66771844767274,75.44002310348647,75.5493124215212,5722600
2024-08-28,75.56754302978516,75.68594212460118,75.53111093552373,75.640407218308,4827700
2024-08-29,75.48554992675781,75.55841409679205,75.41269270543327,75.50376944362122,5133600
2024-08-30,75.35801696777344,75.60393172569964,75.3489141609669,75.5219578234884,4189400
2024-09-03,75.56920623779297,75.72460271745446,75.44123184582689,75.69718062975906,6819900
2024-09-04,75.9074478149414,75.94401293264933,75.58751175260102,75.70634315458942,5314100
2024-09-05,76.15423583984375,76.1633788606542,75.84344287310293,76.09024864233349,31723500
2024-09-06,76.199951171875,76.51074416799051,76.02626863046802,76.35534766993275,10659100
2024-09-09,76.31877899169922,76.37363014510211,76.1268173899936,76.1816615693147,15154400
2024-09-10,76.49246215820312,76.50160517952627,76.30050055490842,76.31877962347284,10992700
2024-09-11,76.49246215820312,76.59301447051203,76.28221451226216,76.4467540256693,6578600
2024-09-12,76.43760681152344,76.73925673029976,76.31876847392955,76.73012068439319,5445400
2024-09-13,76.62044525146484,76.74841966817745,76.55645804310853,76.74841966817745,6661000
2024-09-16,76.80325317382812,76.8489613051904,76.6112915754536,76.81239619491691,5437700
2024-09-17,76.77583312988281,76.93123659620535,76.69356686013724,76.93123659620535,6754800
2024-09-18,76.6113052368164,77.02265757018438,76.56560407138636,76.70272151584236,8749500
2024-09-19,76.67528533935547,76.75755858803493,76.56559697322588,76.66614929156619,4679300
2024-09-20,76.7301254272461,76.78496960239895,76.48331269089573,76.74840449426995,5496800
2024-09-23,76.65702056884766,76.74842988236736,76.47420194180826,76.62045544862306,4086000
2024-09-24,76.77583312988281,76.81239824113035,76.49246223531667,76.65700174888968,4044500
2024-09-25,76.50159454345703,76.69355612006316,76.48330850335307,76.69355612006316,4983200
2024-09-26,76.45587158203125,76.61126802235776,76.33704024073677,76.61126802235776,2870200
2024-09-27,76.7392578125,76.74840083261635,76.57471832081033,76.72097874634822,5300400
2024-09-30,76.55645751953125,76.73927612098963,76.47419124109976,76.73927612098963,5406600
2024-10-01,76.84725952148438,76.97569638621373,76.70048553149803,76.84725952148438,8590300
2024-10-02,76.75550842285156,76.77385954197395,76.53534398569174,76.6270785845999,5548700
2024-10-03,76.41610717773438,76.70048659903664,76.39775605441643,76.70048659903664,5434000
2024-10-04,75.95740509033203,76.150049835984,75.9115342942193,76.150049835984,4641100
2024-10-07,75.67301940917969,75.8198003588936,75.61798005248743,75.61798005248743,6957800
2024-10-08,75.80145263671875,75.80145263671875,75.56294408109954,75.73723771806723,5565600
2024-10-09,75.61800384521484,75.70056290622992,75.56296447120478,75.69139434316365,12093900
2024-10-10,75.64547729492188,75.75556297455668,75.4528326047351,75.75556297455668,8995400
2024-10-11,75.68220520019531,75.77393980671822,75.56295091160574,75.59047059367242,3923700
2024-10-14,75.6546859741211,75.66386153449923,75.45286563921317,75.47120976106758,1659800
2024-10-15,75.8748550415039,75.94824553118497,75.80146455182285,75.84733535759908,7231900
2024-10-16,76.05830383300781,76.3151634553451,75.97573781217095,76.13168729731862,5072600
2024-10-17,75.70970153808594,76.00325638778621,75.68218186450461,76.00325638778621,11082300
2024-10-18,75.70970153808594,76.00325638778621,75.70052598059227,75.92986592563622,7867300
2024-10-21,75.15931701660156,75.56295772035537,75.14097289320479,75.49874279011294,6705400
2024-10-22,75.1501235961914,75.23268962911145,75.04004488416577,75.22351407014237,7552500
2024-10-23,74.97581481933594,75.03085416422734,74.83820945820804,75.03085416422734,14190800
2024-10-24,75.0767593383789,75.20519621209253,74.96668058791474,75.1042860248982,5588200
2024-10-25,74.95748138427734,75.33360232681066,74.92996170534096,75.21434105288496,6751000
2024-10-28,74.86575317382812,75.06757350177715,74.77401856991538,75.06757350177715,7763400
2024-10-29,74.94831085205078,74.96666197183995,74.59054100407884,74.73732196678606,6198000
2024-10-30,74.79237365722656,75.20518993371367,74.76485397190795,75.14097500166937,7449300
2024-10-31,74.64559936523438,74.79237335263676,74.50799394029907,74.69146317427771,8216500
2024-11-01,74.35731506347656,74.94672102725696,74.32968775677956,74.83621180046896,6778200
2024-11-04,74.72572326660156,74.9007056422893,74.6152069725447,74.8086122437132,6679500
2024-11-05,74.93755340576172,74.93755340576172,74.53233397183548,74.80862122701733,6031600
2024-11-06,74.41260528564453,74.6612581677005,74.30208899013299,74.38497094205964,9354000
2024-11-07,75.11251068115234,75.20461109487663,74.59678209041675,74.59678209041675,8572100
2024-11-08,75.19537353515625,75.37034880266356,75.12169604027284,75.20458497858483,6507800
2024-11-11,75.04804229736328,75.11250836922099,74.95594891274867,75.02041498460639,2000400
2024-11-12,74.60599517822266,74.95595286873801,74.5323176561325,74.81780927138779,6665800
2024-11-13,74.53230285644531,74.96514942993166,74.46783679398611,74.89147192247147,6537200
2024-11-14,74.43099975585938,74.70728690206649,74.33890638254833,74.64282083812137,5928000
2024-11-15,74.49546813964844,74.63361171705388,74.1362990541588,74.29285849629034,9130100
2024-11-18,74.61518859863281,74.68886610986105,74.41258598216645,74.43100184683641,4740200
2024-11-19,74.75334167480469,74.85464650904815,74.68887560085658,74.68887560085658,5803500
2024-11-20,74.6243896484375,74.69806714940198,74.55071214747302,74.61517820424864,5631700
2024-11-21,74.55992126464844,74.80858106607458,74.51387809768755,74.71648067960683,5668100
2024-11-22,74.61518859863281,74.70728900080522,74.54151811367878,74.64282293504905,4590300
2024-11-25,75.22303009033203,75.28749616685508,75.0848864902754,75.10330938429648,8793000
2024-11-26,75.14012908935547,75.16776342596265,74.95594233628638,75.14012908935547,8261300
2024-11-27,75.34273529052734,75.40720135378302,75.1585485458751,75.35194673564213,4580500
2024-11-29,75.67428588867188,75.69270878105276,75.54535374710467,75.67428588867188,3629900
2024-12-02,75.72882080078125,75.95065352567171,75.37758506537676,75.95065352567171,6935000
2024-12-03,75.5809097290039,75.88593406099972,75.56242661127698,75.82123257105516,7600200
2024-12-04,75.83048248291016,75.89518397697331,75.44227351853125,75.58091454014232,5018500
2024-12-05,75.81199645996094,75.8489697517248,75.65486525891534,75.75654004828233,3521200
2024-12-06,76.02458953857422,76.1077741543567,75.87669637460421,76.08004594909588,4029900
2024-12-09,75.89517974853516,75.97836435686723,75.85820646085416,75.95063615408988,5702300
2024-12-10,75.83973693847656,75.89519335397274,75.73806214211035,75.79351855760653,4051100
2024-12-11,75.72882080078125,76.03384520496512,75.71033767868003,76.03384520496512,7626100
2024-12-12,75.46074676513672,75.71955270753054,75.4330185644421,75.71955270753054,7961100
2024-12-13,75.17424011230469,75.40531793850609,75.13726681388019,75.40531793850609,7242700
2024-12-16,75.23892211914062,75.34059690046932,75.17422062665271,75.31286869682218,5331000
2024-12-17,75.20195770263672,75.26665920275812,75.15573932314945,75.24817608212399,5411700
2024-12-18,74.43477630615234,75.29438596379224,74.43477630615234,75.2296844649133,10452100
2024-12-19,74.23143005371094,74.68434761811758,74.10202705014756,74.38856831683917,8703700
2024-12-20,74.50872039794922,74.71206997388845,74.41629069577708,74.50872039794922,7498800
2024-12-23,74.3238525390625,74.5087119223785,74.24990596496272,74.49022175288684,3937400
2024-12-24,74.45562744140625,74.46490853996832,74.1865322183377,74.32572037915301,3089600
2024-12-26,74.5391616821289,74.54843570359033,74.2051128449697,74.2051128449697,6555800
2024-12-27,74.35356140136719,74.57626530482798,74.32572518328568,74.57626530482798,4321100
2024-12-30,74.6319351196289,74.65977133673269,74.5020280535418,74.5020280535418,5226900
2024-12-31,74.48345947265625,74.75255468060503,74.39066973046097,74.64120982173212,3440500
2025-01-02,74.50202941894531,74.75256245687507,74.39067746908526,74.63193648741323,5099600
2025-01-03,74.36282348632812,74.64119975477252,74.34426837215304,74.60408244701976,5997700
2025-01-06,74.29788208007812,74.38139780598769,74.23292855077234,74.33499939388196,5056600
2025-01-07,74.04734802246094,74.27932592092804,73.94527718078312,74.22364641130146,7448900
2025-01-08,74.10301971435547,74.17725434018217,73.97311265886052,74.00094887369464,8468700
2025-01-10,73.66690063476562,74.20509105654132,73.58339198969885,74.20509105654132,6898400
2025-01-13,73.46275329589844,73.62977765257578,73.4349170830194,73.54626901393866,6409400
2025-01-14,73.53699493408203,73.66690199284987,73.42564299253657,73.58339334624358,6863500
2025-01-15,74.2329330444336,74.31644169599458,74.11230707682189,74.24221414329732,8075900
2025-01-16,74.40922546386719,74.52985141030395,74.11229406698959,74.2050838011258,8479300
2025-01-17,74.44635009765625,74.54841385966536,74.39067058817427,74.53913984092138,4941000
2025-01-21,74.75255584716797,74.75255584716797,74.59481257503396,74.70616451504813,5042800
2025-01-22,74.5391616821289,74.75257744623269,74.52988058126179,74.75257744623269,7835200
2025-01-23,74.51129913330078,74.51129913330078,74.29787636519583,74.34427477373266,5572600
2025-01-24,74.62264251708984,74.71543225293287,74.44634414280902,74.47418035562163,3933200
2025-01-27,75.02165222167969,75.04021441833814,74.84535382984696,74.91958137826948,4416700
2025-01-28,74.99382019042969,75.03093750641382,74.82679580820317,74.91958555846142,4399100
2025-01-29,74.94740295410156,75.09587218075309,74.72470619352663,75.09587218075309,6510400
2025-01-30,75.09588623046875,75.1701208576831,75.0216516032544,75.04948781860885,11113900
2025-01-31,74.97527313232422,75.18868887292095,74.85464007255615,75.17013375263619,7226900
2025-02-03,74.96875762939453,75.20163770675022,74.85697263376686,74.98738490853117,9031800
2025-02-04,75.12709045410156,75.18297938065108,74.8569487975561,74.87557607076137,5547100
2025-02-05,75.49039459228516,75.60217956994178,75.35998233848649,75.42518846538583,4712300
2025-02-06,75.35997009277344,75.48106513535619,75.29476397646985,75.48106513535619,4401600
2025-02-07,75.1177749633789,75.24818719956714,75.05256884528478,75.24818719956714,5446400
2025-02-10,75.17366790771484,75.31339734164906,75.11777897691485,75.22956394544907,9773500
2025-02-11,75.0618896484375,75.09915130441817,74.97804914574746,75.03394518318555,3084000
2025-02-12,74.72653198242188,74.7544764439832,74.54954091662246,74.67064305929922,8884500
2025-02-13,75.15504455566406,75.24819514750395,74.92216452259704,75.09915562194705,7202900
2025-02-14,75.43449401855469,75.59285071560183,75.42517682845377,75.46243848192375,5392000
2025-02-18,75.19230651855469,75.39724208559385,75.16436205158293,75.22025098552646,5418100
2025-02-19,75.27615356445312,75.3134152294813,75.13643120426741,75.15505848331354,7208600
2025-02-20,75.40655517578125,75.44381683554046,75.27614292009147,75.285460111765,7077600
2025-02-21,75.64875030517578,75.77916255723572,75.45313192708588,75.48107639439375,4605000
2025-02-24,75.76985168457031,75.86300939261167,75.5928676745494,75.64875661382597,5189700
2025-02-25,76.18904113769531,76.20766841540834,76.05862887289788,76.10520062064816,8837500
2025-02-26,76.30081939697266,76.33807394911379,76.08656663401977,76.20766169581545,7032100
2025-02-27,76.15177154541016,76.24492213814605,76.07724822844757,76.13314426963684,6735700
2025-02-28,76.42190551757812,76.44984998188194,76.18902550580111,76.27285889871254,16285500
2025-03-03,76.5780258178711,76.60606838802305,76.18541557197456,76.24150071227847,9138300
2025-03-04,76.493896484375,76.72759407319549,76.41911154430018,76.62476656356372,11893100
2025-03-05,76.23214721679688,76.59671484124284,76.23214721679688,76.4751875451718,11419200
2025-03-06,76.10127258300781,76.26952797013966,75.96105262851479,76.19475017537545,7821400
2025-03-07,76.02649688720703,76.40975720201328,75.93301928348971,76.39106453402341,5957300
2025-03-10,76.26020050048828,76.40976325190113,76.138673187338,76.32563554145976,7216500
2025-03-11,75.8769302368164,76.2975901692279,75.85823756803302,76.23215513065958,7843700
2025-03-12,75.67127227783203,75.90496985389932,75.65257960977563,75.90496985389932,13196600
2025-03-13,75.86758422851562,75.8769269965662,75.45627421400258,75.6338866533394,10842500
2025-03-14,75.8021469116211,75.93302412342823,75.72736910301134,75.81149681215399,4676000
2025-03-17,75.88626098632812,76.08256605249312,75.83951862833919,75.98908846839777,4887300
2025-03-18,76.03585052490234,76.15737784580332,75.83954538946811,75.8862877639508,6429900
2025-03-19,76.37237548828125,76.44716043453931,75.9610725476319,76.00780779012943,6021600
2025-03-20,76.3443374633789,76.83043251112255,76.3443374633789,76.69956241331897,5866500
2025-03-21,76.31626892089844,76.49388133543044,76.28822635689507,76.47518153817285,3827800
2025-03-24,76.03585052490234,76.27889803481926,76.0171578542403,76.24150556161011,4036700
2025-03-25,76.15736389160156,76.26019139111452,76.03583659296785,76.082578958886,4682300
2025-03-26,75.9797592163086,76.11997919649468,75.94236674613335,76.11997919649468,6414100
2025-03-27,75.9423599243164,75.95170982399144,75.84888232321748,75.95170982399144,4023300
2025-03-28,76.3443374633789,76.37238003692461,76.06390459603644,76.21346736557534,6470800
2025-03-31,76.42845916748047,76.53128667404833,76.2321540545466,76.53128667404833,4174300
2025-04-01,76.60582733154297,76.74659655091797,76.48383115998858,76.48383115998858,7810900
2025-04-02,76.69966888427734,76.8310515636973,76.47443529685538,76.80289199540528,4702400
2025-04-03,76.96244049072266,77.25335828165149,76.86859673492171,77.14074147879857,13506400
2025-04-04,76.7559814453125,77.22520739338765,76.5589074062993,77.14074299962785,14228200
2025-04-07,75.63922119140625,76.39937209389174,75.55476395769661,76.37121252283545,15249500
2025-04-08,74.99169921875,75.80814783794636,74.90723481962817,75.63922619952294,10492300
2025-04-09,75.71429443359375,75.74244684310962,74.07200372018768,74.14708158544288,18623600
2025-04-10,74.91661071777344,75.49844626551092,74.80399392152464,75.16060303658371,13459100
2025-04-11,74.66323852539062,74.79462123207098,73.81863745667992,74.62569958636473,12309800
2025-04-14,75.13246154785156,75.25446488480888,74.93538749563618,75.00107884637464,6741600
2025-04-15,75.46089935302734,75.57350896686333,75.21689992335308,75.22628644444534,7088400
2025-04-16,75.7518310546875,75.79874934917582,75.44214023982437,75.46091328547497,4659900
2025-04-17,75.77059936523438,75.88321616328454,75.68614213656124,75.83629070747547,3593700
2025-04-21,75.27320861816406,75.70489553307362,75.25444273482805,75.4890556555279,5605300
2025-04-22,75.38585662841797,75.56415765333992,75.34831768637622,75.45154798703577,6430500
2025-04-23,75.54537963867188,76.24921857940484,75.50784070265439,76.10844935929426,8394700
2025-04-24,76.14598846435547,76.17414087647609,75.82691824722843,75.9207620075705,7661700
2025-04-25,76.47443389892578,76.4838204215182,76.1553637289724,76.1553637289724,3913200
2025-04-28,76.65275573730469,76.69029467456878,76.30552593747709,76.47444757525535,6323200
2025-04-29,76.79352569580078,76.82167810906277,76.52137376790111,76.56829207006435,6805400
2025-04-30,76.74658203125,76.8216598886887,76.54950802533735,76.62458588277603,8049000
2025-05-01,76.46866607666016,76.85492249941865,76.39329791795072,76.83607686598968,9265100
2025-05-02,76.26142120361328,76.39331191176309,76.12953049546347,76.14837613234461,5291000
2025-05-05,76.22373962402344,76.25200089010511,76.01648075608576,76.25200089010511,7043700
2025-05-06,76.34619903564453,76.36503748177417,76.06357203117697,76.21430835022721,6273800
2025-05-07,76.4969253540039,76.56287069428741,76.34619622800005,76.34619622800005,3107500
2025-05-08,76.19546508789062,76.67592813543673,76.17662664117472,76.67592813543673,5674100
2025-05-09,76.18605041503906,76.42157053321496,76.16720478058298,76.3462023703978,2922500
2025-05-12,76.11070251464844,76.20490914949806,76.00707306006221,76.04475715150316,7756800
2025-05-13,76.19546508789062,76.280256066871,76.08242003258813,76.20488790500033,15256400
2025-05-14,75.91283416748047,76.23313802736317,75.89398853601533,76.23313802736317,13852300
2025-05-15,76.40272521972656,76.42157085426183,76.07299849039585,76.138943836262,9972800
2025-05-16,76.48750305175781,76.73243875858213,76.41213490157999,76.63823216461105,8712500
2025-05-19,76.53461456298828,76.5534601971915,75.97879054155301,76.03531306915563,14709700
2025-05-20,76.46866607666016,76.51577297272937,76.27083005067529,76.4027207346652,7923500
2025-05-21,75.85633087158203,76.27084865810868,75.80923115152535,76.1577963924637,8730600
2025-05-22,76.1295394897461,76.19548485161208,75.7621285897063,75.81865831952383,12399000
2025-05-23,76.23316192626953,76.33679136930797,76.13895530191769,76.33679136930797,8446800
2025-05-27,76.65711212158203,76.72305748564118,76.40274629770705,76.47811448163338,9197600
2025-05-28,76.50634765625,76.65708396874373,76.38387979297607,76.52519328906321,9588500
2025-05-29,76.77014923095703,76.82667895677925,76.6288356976588,76.72304951152753,8206000
2025-05-30,76.9868392944336,76.99626211434395,76.75131910921446,76.81726447357559,7893900
2025-06-02,76.85250854492188,76.8714229102404,76.66333602586045,76.81467259781579,7773000
2025-06-03,76.87142181396484,77.03222639098973,76.7862963465419,76.92817934204906,10564300
2025-06-04,77.29706573486328,77.34435525262063,76.83358804861797,77.15518274865434,6922600
2025-06-05,76.99440002441406,77.3632915287505,76.98493923247806,77.28761962620204,7126600
2025-06-06,76.6444091796875,76.93762872903339,76.61603402542416,76.93762872903339,6077800
2025-06-09,76.8146743774414,76.89034627340673,76.6727913766237,76.72008811571934,6808400
2025-06-10,76.92816162109375,77.07949815602939,76.8430289568128,77.0038334967952,6867700
2025-06-11,77.20247650146484,77.24976601739596,77.02275757810936,77.13626540598675,7158800
2025-06-12,77.47679138183594,77.47679138183594,77.3159868014087,77.3916586961428,5284300
2025-06-13,77.14572143554688,77.34435472830548,77.02276003044918,77.22139332320779,7141900
2025-06-16,77.10787963867188,77.3348952844225,77.09842606578316,77.21192667219061,6583700
2025-06-17,77.28760528564453,77.32544122989837,77.13626872509764,77.230854977498,7667200
2025-06-18,77.34435272216797,77.5997435322822,77.24031289991827,77.40111024467569,9232200
2025-06-20,77.45787048339844,77.55245674441615,77.21194043157709,77.2781515359364,5234200
2025-06-23,77.67543029785156,77.81730609012874,77.57138323920191,77.63759434775446,7023400
2025-06-24,77.987548828125,78.02538477073658,77.64703256108896,77.65649335085891,10045200
2025-06-25,77.94970703125,77.98753575105023,77.79836328618124,77.92132466669939,9277500
2025-06-26,78.19564819335938,78.20510898376924,77.97810052921322,78.03485083873507,10204200
2025-06-27,78.1199722290039,78.30915194499194,78.03484676916051,78.10105786563925,7958300
2025-06-30,78.43212890625,78.46996485695294,78.22403478561864,78.29970668702454,10911300
2025-07-01,78.42356872558594,78.48054682454163,78.2621464749908,78.35710031389891,8642600
2025-07-02,78.41407775878906,78.42356807144124,78.24315795237473,78.30962636350733,9627300
2025-07-03,78.2811508178711,78.38560222633761,78.21468239834824,78.34761923739393,9618100
2025-07-07,78.03427124023438,78.24317407384083,77.96780281540642,78.24317407384083,7981000
2025-07-08,77.82536315917969,77.9108266964903,77.78738016976547,77.9108266964903,11396900
2025-07-09,78.15769958496094,78.18618501382433,77.92031135174746,77.96779189619573,9235700
2025-07-10,78.15769958496094,78.19568257161677,78.03426031171495,78.15769958496094,10946600
2025-07-11,77.88232421875,78.02475859999788,77.83485092134309,77.96778774530415,8967900
2025-07-14,77.86333465576172,77.94879093594429,77.77787837557915,77.86333465576172,4240700
2025-07-15,77.62594604492188,78.00576863655199,77.62594604492188,78.00576863655199,13402200
2025-07-16,77.83485412597656,77.90132254069376,77.63544888182501,77.81585901062087,8230800
2025-07-17,77.9203109741211,77.9962769470646,77.86334011667043,77.93930608961394,6976000
2025-07-18,78.1007308959961,78.21467985912781,78.04376003668732,78.17669687141724,4190000
2025-07-21,78.32861328125,78.46155010189938,78.30962541166296,78.42356711821192,6796600
2025-07-22,78.47105407714844,78.51853462176956,78.36660267459315,78.44256864818135,7147300
2025-07-23,78.36659240722656,78.4520559274446,78.30962155675655,78.42356325769657,7899600
2025-07-24,78.27165222167969,78.35710851228409,78.12921782615807,78.15770325635954,4350700
2025-07-25,78.4615478515625,78.49004052189593,78.25265231404289,78.25265231404289,6356400
2025-07-28,78.33811950683594,78.45206847050736,78.30963407704662,78.41408548261688,12687900
2025-07-29,78.63245391845703,78.69892231526717,78.4330487280266,78.45204383826488,13470700
2025-07-30,78.4995346069336,78.74642038343005,78.442563752555,78.4995346069336,9783100
2025-07-31,78.50902557373047,78.71792834826701,78.48054014893238,78.66095025415791,16332300
2025-08-01,79.17742156982422,79.2250914709487,78.88184344949927,79.03439731741949,19161000
2025-08-04,79.30138397216797,79.32045775509972,79.14883008129773,79.26324368082122,28578900
2025-08-05,79.26324462890625,79.2918553036461,79.16789753665729,79.2251043371033,15115300
2025-08-06,79.2918472290039,79.3204506263141,78.99626181626101,79.18696325585579,12952900
2025-08-07,79.22509765625,79.368121919821,79.15835396985237,79.3585923035615,17456800
2025-08-08,79.02486419677734,79.23463214037453,79.01533458080729,79.23463214037453,14684000
2025-08-11,79.08207702636719,79.16788721584946,79.02486295886311,79.09160664218795,30235000
2025-08-12,79.1583480834961,79.16788497356264,78.96765392925928,79.04393450076029,16527500
2025-08-13,79.45394134521484,79.50161125123543,79.32998358562523,79.39672727366717,8237600
2025-08-14,79.25372314453125,79.40627705288067,79.18697944565633,79.25372314453125,8871100
2025-08-15,79.19649505615234,79.36812271926301,79.13928825995421,79.29184941583762,9866000
2025-08-18,79.10114288330078,79.29184431588936,79.05347298104051,79.29184431588936,16105500
2025-08-19,79.21556091308594,79.23462741840578,79.14881723269313,79.17742062793069,8090500
2025-08-20,79.24417114257812,79.3204517194673,79.15835367494876,79.22509736109772,9019200
2025-08-21,79.00579833984375,79.14882260024639,78.93905465492466,79.13928570968193,7846400
2025-08-22,79.5016098022461,79.59696416158215,79.12022146296694,79.18696514979243,16333400
2025-08-25,79.35859680175781,79.47301039948681,79.34905991044153,79.44440700005455,7545000
2025-08-26,79.48255157470703,79.51115497568092,79.31092389434662,79.40627098909862,8781000
2025-08-27,79.57788848876953,79.57788848876953,79.32045063842239,79.40626083036607,15157400
2025-08-28,79.6446304321289,79.69230760962118,79.53974646125867,79.5778867483493,8371000
2025-08-29,79.53974914550781,79.61602972226333,79.48254235019928,79.60649283153984,10415400
2025-09-02,79.35595703125,79.37509880107797,79.20279365970012,79.28894988200481,9911100
2025-09-03,79.64315032958984,79.71973203741484,79.40383797006194,79.44212882397444,14251400
2025-09-04,80.0834732055664,80.0834732055664,79.79629551843566,79.85372813456901,12131600
2025-09-05,80.39934539794922,80.5620832863648,80.38977816580703,80.5620832863648,12697600
2025-09-08,80.55252075195312,80.69610959101534,80.48551360082165,80.69610959101534,15114100
2025-09-09,80.45680236816406,80.60038391305042,80.3610716005969,80.56210036990218,10327600
2025-09-10,80.638671875,80.77268618092172,80.58123925909982,80.60995556704991,10463900
2025-09-11,80.87798309326172,80.97370655288778,80.74396878913888,80.78225963363568,7384700
2025-09-12,80.73440551757812,80.81098721725762,80.60996573302359,80.78227090568602,39431200
2025-09-15,80.92584991455078,80.95456622262634,80.86841729839965,80.90670084034576,9823000
2025-09-16,80.916259765625,81.00241597646084,80.85882716055481,80.96412513867052,9628300
2025-09-17,80.76312255859375,81.11730011012531,80.63867548093585,81.00243487318849,11990800
2025-09-18,80.69611358642578,80.72482989501368,80.52380843166632,80.64824820329123,9397700
2025-09-19,80.6865463256836,80.72483717499799,80.59082285401398,80.62911370332837,6394000
2025-09-22,80.55252075195312,80.68653505421607,80.55252075195312,80.67696051741679,10552100
2025-09-23,80.6865463256836,80.70568809872442,80.57167377774041,80.6769717875468,12458400
2025-09-24,80.45680236816406,80.61953298785673,80.4280787559546,80.61953298785673,10778100
2025-09-25,80.2749252319336,80.32279061724259,80.09304553163832,80.25577615651703,13933300
2025-09-26,80.34192657470703,80.39935919033522,80.21748680643533,80.32278480390826,9981800
2025-09-29,80.51422882080078,80.5620942009191,80.41850536379577,80.4567962072441,9326700
2025-09-30,80.51422882080078,80.67695942803248,80.4567962072441,80.59081050769746,10714000
2025-10-01,80.78907012939453,80.79868192061971,80.61609454558406,80.75063029614238,9492400
2025-10-02,80.87557220458984,80.90440025040142,80.69298480558385,80.76025268969403,5905700
2025-10-03,80.77944946289062,80.91398519866742,80.75062142403098,80.8947689499769,6615300
2025-10-06,80.61610412597656,80.7314236394376,80.59688787289109,80.63532771071144,8305300
2025-10-07,80.7218017578125,80.78906963267808,80.6160940499311,80.69297371596275,14892000
2025-10-08,80.62570190429688,80.84672176878527,80.62570190429688,80.83711730973666,15033400
2025-10-09,80.50077056884766,80.61609006219075,80.47194252842391,80.60647827150014,10746100
2025-10-10,80.66415405273438,80.78907802427536,80.61610242356133,80.76024997943122,11265300
2025-10-13,80.894775390625,80.93321522271425,80.70258356182707,80.72179981204754,9742100
2025-10-14,81.0389175415039,81.09657361998131,80.75062248582127,80.84671839383287,11030100
2025-10-15,81.08696746826172,81.25994304737,81.00048334453173,81.19267517391947,10407300
2025-10-16,81.28878021240234,81.31761558853046,81.02932048044252,81.08697656940045,12965200
2025-10-17,81.17345428466797,81.27916198428464,81.1157982054763,81.25993840345548,8700200
2025-10-20,81.29838562011719,81.34643724490809,81.24072953568697,81.28877382882929,8695700
2025-10-21,81.34644317626953,81.49059072950415,81.34644317626953,81.47136714552667,10751500
2025-10-22,81.36564636230469,81.3848699431951,81.25033420355396,81.336818322617,13509800
2025-10-23,81.29838562011719,81.39448153805041,81.26955757790208,81.27916936918997,8862600
2025-10-24,81.45214080810547,81.47135705805455,81.34643310426502,81.44252901730682,8346800
2025-10-27,81.50979614257812,81.52901239235109,81.3176043182559,81.43291648018999,8351800
2025-10-28,81.50018310546875,81.51940668659587,81.38487094529816,81.48096685598966,7181200
2025-10-29,81.10619354248047,81.50980079558605,81.06775370909205,81.50980079558605,10152800
2025-10-30,80.87557220458984,81.0389360186218,80.76986448218106,80.82752057380422,21213400
2025-10-31,80.76986694335938,80.97167060183918,80.72181531110954,80.94284255514917,11875000
2025-11-03,80.64828491210938,80.7158285282941,80.58074865682443,80.7158285282941,13359100
2025-11-04,80.70616912841797,80.8605345395431,80.60968982635241,80.6482756584595,13086700
2025-11-05,80.51321411132812,80.73512316106248,80.5035713324396,80.73512316106248,14773000
2025-11-06,80.84123992919922,80.86053284484842,80.7640535448049,80.80264673700205,8744000
2025-11-07,80.80266571044922,80.87985211296785,80.72547930793058,80.77372264972985,11084400
2025-11-10,80.78335571289062,80.87983501519322,80.77370557439069,80.81229876749151,10066800
2025-11-11,81.09210968017578,81.11140260003181,80.8894935367355,80.96667993796034,3381300
2025-11-12,80.97631072998047,81.07279002800871,80.92806740051705,81.0438469746901,6998200
2025-11-13,80.75440979003906,80.91843271006745,80.74476701190159,80.78336020714949,9157000
2025-11-14,80.61934661865234,80.90879193606463,80.61934661865234,80.84125567678845,5799800
2025-11-17,80.61934661865234,80.75441913720469,80.59040355909116,80.66758995852112,10074100
2025-11-18,80.7158203125,80.84124267072009,80.64827670319032,80.77370642230943,13416800
2025-11-19,80.6868667602539,80.84123952827697,80.66757384470039,80.83158939005085,8150400
2025-11-20,80.78335571289062,80.93772112439498,80.7447625197898,80.86053473819334,9955400
2025-11-21,81.07279968261719,81.07279968261719,80.87984106358209,81.04385662585187,6978800
2025-11-24,81.2754135131836,81.28506365300744,81.09210502193001,81.17893419764488,16992900
2025-11-25,81.4876708984375,81.59380035181329,81.2754119916859,81.2850621313291,13396700
2025-11-26,81.64203643798828,81.65167921587525,81.39118435584344,81.46837074433402,11107900
2025-11-28,81.57449340820312,81.67097270534789,81.47800675015982,81.64202965229431,5201900
2025-12-01,81.29558563232422,81.29558563232422,81.18905044316115,81.27621156754509,12396700
2025-12-02,81.35368347167969,81.3924242076367,81.23746126380865,81.29557606226409,10462600
2025-12-03,81.52801513671875,81.5570688421563,81.39242625198354,81.45053366285862,14275100
2025-12-04,81.37305450439453,81.44084894869117,81.32463412363421,81.44084894869117,10639800
2025-12-05,81.29558563232422,81.45054120535367,81.2277911836787,81.4214874972257,9622100
2025-12-08,81.17935180664062,81.30525365354514,81.05344995973611,81.29557401157994,11580300
2025-12-09,81.06312561035156,81.27619594772943,81.0147052357907,81.25682927571295,14346600
2025-12-10,81.36336517333984,81.4021059067592,80.99533190037566,81.034072633795,13579000
2025-12-11,81.36336517333984,81.54737442078257,81.30525037869113,81.49895404578791,10898700
2025-12-12,81.05345916748047,81.16967399658223,81.02440546020503,81.15030732141211,11022700
2025-12-15,81.1502914428711,81.29556733986291,81.08249700948012,81.24713957785262,7426600
2025-12-16,81.26652526855469,81.30525861685929,81.06313455023489,81.19872343642135,6773500
2025-12-17,81.23745727539062,81.27619800944562,81.16966283805424,81.21809060288287,7604900
2025-12-18,81.46694946289062,81.51557199989108,81.33081526179843,81.48640144519383,10849200
2025-12-19,81.33081817626953,81.4377818264975,81.30164762052696,81.40861127075493,10094500
2025-12-22,81.31136322021484,81.32108179171509,81.24329612592874,81.31136322021484,9946800
2025-12-23,81.31136322021484,81.35025976248646,81.13633248937101,81.1655030413855,10239100
2025-12-24,81.58362579345703,81.58362579345703,81.38914309593456,81.42803963543905,3987800
2025-12-26,81.65170288085938,81.67114744361436,81.53501324805767,81.63225089934713,4652000
2025-12-29,81.73921203613281,81.74893802659084,81.62252982566459,81.6808709308987,6920900
2025-12-30,81.67115020751953,81.73921730760141,81.56418656185409,81.63225366193596,6413300
2025-12-31,81.43778228759766,81.64198359770964,81.43778228759766,81.59336847744937,6069000
2026-01-02,81.42805480957031,81.57391500520416,81.3502691348223,81.55447044120658,9360800
2026-01-05,81.60308074951172,81.6517032847756,81.4475019904304,81.50584309774123,12186800
2026-01-06,81.62254333496094,81.63226190827045,81.44751257153236,81.51557967849023,12383300
2026-01-07,81.63225555419922,81.7683897575186,81.61281099033546,81.74894519365483,11774300
2026-01-08,81.46694946289062,81.54474255458832,81.43777890819338,81.47667545404222,9215700
2026-01-09,81.5933609008789,81.65170200727695,81.43777472547455,81.4961158318726,9693500
2026-01-12,81.51556396484375,81.60307562030941,81.44749687100708,81.48639341302187,6963000
2026-01-13,81.68087768554688,81.71977423183853,81.55446947416723,81.6322551479929,33405000
2026-01-14,81.77811431884766,81.81701086465272,81.68087666371379,81.70032122723755,12241500
2026-01-15,81.65170288085938,81.82673362068331,81.63225089934713,81.80728163917107,25219900
2026-01-16,81.46694946289062,81.66143219213488,81.44750489934498,81.62253564628602,11216600
2026-01-20,81.17523193359375,81.30164013642785,81.13633538993162,81.19467649604626,12829400
2026-01-21,81.4961166381836,81.53501318241952,81.24330022878596,81.32108589850056,15433300
2026-01-22,81.51556396484375,81.57390506848752,81.41832631918518,81.47666742282897,16716900
2026-01-23,81.57391357421875,81.60308412908226,81.42805338114361,81.51557246449174,10747900
2026-01-26,81.65170288085938,81.71976997863773,81.62253232734825,81.68087343437048,11210300
2026-01-27,81.64198303222656,81.7197761266136,81.61281247652087,81.62253846800871,12544900
2026-01-28,81.5933609008789,81.67114656982392,81.47667126932565,81.67114656982392,14335100
2026-01-29,81.64198303222656,81.67115358793225,81.47667827072247,81.51557481791599,11101000
2026-01-30,81.63225555419922,81.69060408330587,81.58364043516097,81.64198154550994,15785800
2026-02-02,81.53462982177734,81.73964443340893,81.50534414812569,81.73964443340893,10793300
2026-02-03,81.55415344238281,81.58343911419331,81.46628897891675,81.53462469581945,11647700
2026-02-04,81.52487182617188,81.56392187320668,81.4174860588349,81.50534307863701,9591100
2026-02-05,81.84701538085938,81.87630849990714,81.63225131074947,81.67130135477882,9432600
2026-02-06,81.8763198852539,81.90560556033967,81.75916973687549,81.84702676213277,9630900
2026-02-09,81.90560150146484,81.93488717509933,81.77868698500204,81.83726578030603,9750600
2026-02-10,82.03250885009766,82.14965899307079,82.00322317636314,82.10084457148989,10440800
2026-02-11,81.96417236328125,82.06179375749637,81.86655096906613,81.89583664252717,7532900
2026-02-12,82.2179946899414,82.25704473758746,82.07155887327743,82.0813232471977,10175600
2026-02-13,82.48157501220703,82.50110376047628,82.38395361496633,82.45228933783834,9499000
2026-02-17,82.52062225341797,82.54015100102286,82.42300085949827,82.46205090667314,10253800
2026-02-18,82.45228576660156,82.51085711280206,82.40347879411277,82.44252139288986,8345400
2026-02-19,82.5108642578125,82.52062863236975,82.36443587963133,82.38395718071031,9082900
2026-02-20,82.53038787841797,82.57919485210029,82.3937164352514,82.52062350446748,12270300
2026-02-23,82.69634246826172,82.74515688848734,82.55967102927174,82.5791923285411,11919300
2026-02-24,82.61824798583984,82.66706240938053,82.5206265867938,82.59872668524477,12215500
2026-02-25,82.57918548583984,82.6475286477066,82.54989981534507,82.56942856103106,9608600
2026-02-26,82.66705322265625,82.68657452108194,82.55966746122868,82.57918875965439,8507700
2026-02-27,82.70612335205078,82.82326606712108,82.68659460084818,82.72564465521705,13748400
2026-03-02,82.43472290039062,82.47391311207565,82.27796952841909,82.45432174361743,12011000
2026-03-03,82.3955307006836,82.52290075427892,81.94485448933246,81.99384412144889,14436100
2026-03-04,82.38573455810547,82.52290403853685,82.34655182057502,82.4837138262377,12082600
2026-03-05,82.14080047607422,82.17999068796247,81.97424768162564,82.09181831729038,12092000
2026-03-06,81.93505859375,82.15060102470794,81.69992479396349,81.8664775906969,21874400
2026-03-09,82.2387924194336,82.2779826373626,81.73912648430091,81.89587988124718,11847900
2026-03-10,81.90567016601562,82.22898382177979,81.88607879662186,82.08202238963527,18846100
2026-03-11,81.49418640136719,81.76851042911974,81.42560539442904,81.76851042911974,20410300
2026-03-12,81.01410675048828,81.36681115266711,80.88673670400993,81.3570117318377,20292900
2026-03-13,80.78878021240234,81.27864669984702,80.71039978046655,81.17087547462764,18963700
2026-03-16,81.1120834350586,81.27863622538129,81.0239035918023,81.18066443547197,12740000
2026-03-17,81.49418640136719,81.50398582372097,81.30803475049117,81.35702438749091,24860800
2026-03-18,81.03369903564453,81.44518501792676,81.03369903564453,81.36681207470734,11260800
2026-03-19,81.2492446899414,81.31782568972514,80.74957884879228,80.7887690593499,14865900
2026-03-20,80.48505401611328,80.97492043437963,80.4360643843793,80.94552964524658,21526600
2026-03-23,80.876953125,81.09248808216906,80.56343889893648,80.62222048045815,16767400
2026-03-24,80.7201919555664,80.876952805363,80.52424836808939,80.58302994937875,14864300
2026-03-25,80.94554138183594,81.1316855649244,80.89655174299878,81.08270340085666,13108400
2026-03-26,80.34789276123047,80.82795976264313,80.33809333983923,80.70059718363075,20532000
2026-03-27,80.25971984863281,80.3968818608803,80.09316704444215,80.1519486283285,18046100
2026-03-30,80.63201904296875,80.81816320739314,80.59282883078238,80.7103919925728,21959200
2026-03-31,81.0728988647461,81.20026145301256,80.86715584919152,80.95532822381392,25192000
2026-04-01,81.18505096435547,81.29327206858224,81.05715670752929,81.16537781175606,19944100
2026-04-02,81.40149688720703,81.51955832610672,81.00796626351375,81.06700073594976,9153100
2026-04-06,81.26375579833984,81.45068451849427,81.2342423174674,81.3129499371084,10843500
2026-04-07,81.42117309570312,81.48020005894003,80.9686155302857,81.2932713340606,13898500
2026-04-08,81.68680572509766,82.02130937955647,81.62777875912292,81.98195556691589,21573000
2026-04-09,81.73599243164062,81.9229136422133,81.53922338633835,81.61793100445925,12258800
2026-04-10,81.60809326171875,81.8048623132563,81.58842010955091,81.73599502171112,6472800
2026-04-13,81.85404968261719,81.8638900117755,81.54906703245666,81.54906703245666,7294500
2026-04-14,82.08032989501953,82.10000304680761,81.82453388594433,81.85404736661229,18260000
2026-04-15,82.01146697998047,82.03114013281808,81.91308620384822,82.03114013281808,8721200
2026-04-16,81.78518676757812,82.050823127266,81.74583295481057,82.050823127266,10707700
2026-04-17,82.12953186035156,82.30662026720749,82.10985120071624,82.19839915713041,12775700
2026-04-20,82.14920043945312,82.22790806166671,82.01146585356533,82.14920043945312,9236400
2026-04-21,81.87372589111328,82.10984123627662,81.8540452338663,82.05081427647866,8006600
2026-04-22,81.96226501464844,82.129520574676,81.95243219215433,82.04097263042948,6357800
2026-04-23,81.7950210571289,82.04097673928433,81.6474461466413,81.99178260046455,11103300
2026-04-24,81.90324401855469,81.98195164006584,81.70648247074872,81.79502291546984,6555400
2026-04-27,81.73599243164062,81.90324049066886,81.67695796506415,81.87372701036642,11307100
2026-04-28,81.68680572509766,81.69664605475087,81.46053068487966,81.4703635085606,6664200
2026-04-29,81.31295013427734,81.55890581677306,81.2342425144455,81.49987134891329,10779600
2026-04-30,81.50971221923828,81.5785795105556,81.38181796564092,81.46052558599551,8141200
2026-05-01,81.56502532958984,81.82182428896759,81.48600678718608,81.54526692617742,5831900
2026-05-04,81.35760498046875,81.47612525506145,81.14030776288516,81.44649518641327,9831100
2026-05-05,81.49588775634766,81.61440803690074,81.44649928236845,81.49588775634766,7102100
2026-05-06,81.85147094726562,81.92061029561032,81.78233159892092,81.83171254166783,7870300
2026-05-07,81.58477783203125,81.99961388452826,81.56502696384607,81.97986301634306,9469400
2026-05-08,81.8712158203125,81.94035516359286,81.79219727495688,81.86133661823723,6139800
2026-05-11,81.69342803955078,81.86133679708088,81.67367717098034,81.80207665574632,7682500
2026-05-12,81.47612762451172,81.51563689573253,81.416867485492,81.51563689573253,11167800
2026-05-13,81.54527282714844,81.54527282714844,81.32797558762502,81.45638261222895,5821600
2026-05-14,81.44650268554688,81.69342999451432,81.4267518165038,81.67367912547124,7451400
2026-05-15,80.99215698242188,81.10080560073597,80.94276850659786,81.07117552949093,13752300
2026-05-18,80.89338684082031,81.169944217458,80.77485902127988,81.04154473134003,13275500
2026-05-19,80.53780364990234,80.71559159535734,80.42915504236748,80.61682218913182,14894500
2026-05-20,81.08103942871094,81.14030710114667,80.57731319455463,80.61682246430424,12802700
2026-05-21,81.13043212890625,81.18969226880837,80.73534694643828,80.84399556000756,10264100
2026-05-22,81.2094497680664,81.3576076517947,81.05141268259011,81.34772845004667,5074000
2026-05-26,81.52552032470703,81.68354988216143,81.41687170712191,81.61441053784574,6825700
2026-05-27,81.58477783203125,81.68354724420342,81.51563848994842,81.58477783203125,6677300
2026-05-28,81.72306060791016,81.87121850139795,81.5452726428495,81.61441198839401,6797200
2026-05-29,81.83170318603516,81.96998186691546,81.8020731166498,81.87121245708995,6479200
2026-06-01,81.77318572998047,81.77318572998047,81.46573286311572,81.5549980105464,7416500
2026-06-02,81.76327514648438,81.92195781579298,81.73352261891195,81.85253272920166,9380200
2026-06-03,81.58475494384766,81.63433996908346,81.46573726310082,81.5649148803396,5781100
2026-06-04,81.69384765625,81.8326978253473,81.60458250939219,81.71368015179246,4664600
2026-06-05,81.23762512207031,81.44590037707752,81.22770509085089,81.44590037707752,10966400
2026-06-08,81.22770690917969,81.4558146649653,81.19795438162217,81.40622964129174,6843500
2026-06-09,81.4062271118164,81.4657321650825,81.21778435411821,81.39630708068316,9415200
2026-06-10,81.29713439941406,81.49548963350684,81.24754180750729,81.42606454489766,5702700
2026-06-11,81.83270263671875,81.89220769361143,81.33680698456735,81.42606456990637,11377800
2026-06-12,81.77318572998047,81.83269835052317,81.57483050621613,81.733520738641,6794200
2026-06-15,81.82278442382812,82.03105969434942,81.82278442382812,81.94180210702629,9128400
2026-06-16,81.91204071044922,82.0409784235583,81.86245568497951,81.91204071044922,10379200
2026-06-17,81.54508209228516,82.01122521508603,81.51532956389653,81.89220753476438,18353100
2026-06-18,81.80294799804688,81.99138319560178,81.76327543888611,81.9219581087622,11812500
2026-06-22,81.614501953125,81.63433444852471,81.51532434259316,81.55499690015922,8094900
2026-06-23,81.69384765625,81.81285776303814,81.62442257170136,81.62442257170136,8441500
2026-06-24,82.01122283935547,82.10048042193571,81.91203765857709,81.94179775287076,11288000
2026-06-25,82.11040496826172,82.19966255574984,82.06081237514564,82.10048493628504,12528400
2026-06-26,82.22941589355469,82.26908088466682,82.0508931664832,82.07072566203928,8592800
2026-06-29,82.27900695800781,82.30875948691015,82.15998927563116,82.21950190020311,9943200
2026-06-30,81.97154998779297,82.19965774252839,81.93187742897662,82.16990521510785,8015200
2026-07-01,81.8440933227539,81.96358342225074,81.76442819156597,81.79430071644018,12862900
2026-07-02,81.99345397949219,82.04324658461101,81.89387636653942,81.95362901213899,6110800
2026-07-06,82.04324340820312,82.43160140178259,81.91379327610483,82.43160140178259,7035000
2026-07-07,81.60509490966797,82.04324551770424,81.56526994283266,81.84409029438855,12072100
2026-07-08,81.47564697265625,81.5254395784711,81.31632430916173,81.49555945661119,8604600
2026-07-09,81.57522583007812,81.73455609328558,81.48560825498775,81.52544082078963,5120000
2026-07-10,81.46568298339844,81.644925719445,81.38602545415466,81.59514071332822,7594500
2026-07-13,81.1072006225586,81.38602857610373,81.1072006225586,81.34619601131156,6831000
2026-07-14,81.35614776611328,81.44577293545846,81.24661011318297,81.29640271807305,8230200
2026-07-15,81.5851821899414,81.65488727762848,81.40593945056254,81.41589949088491,7281800
2026-07-16,81.52543640136719,81.57522140795689,81.4258511936184,81.4756437974928,6589700
2026-07-17,81.59514617919922,81.73455636132036,81.54535357246233,81.6349787451317,8735700
2026-07-20,81.36610412597656,81.57521938194294,81.32627156332327,81.56526693924299,6807800
2026-07-21,81.1868667602539,81.30636445611421,81.15699423561009,81.30636445611421,5794000
2026-07-22,81.02754211425781,81.15699225030939,81.01758207385852,81.10719964559773,6542200
2026-07-23,80.77859497070312,80.83834001903622,80.6989298414024,80.73876240605277,9121700
2026-07-24,80.84829711914062,80.98770729170423,80.79850451581737,80.81842459606051,11588500
2026-07-27,80.97775268554688,81.07733030159088,80.95784020125211,81.00762521063156,9285400
2026-07-28,81.16695404052734,81.26653165481257,81.04745634501407,81.0673764262421,4517700
2026-07-29,80.91800689697266,81.20678729896464,80.88813437216056,81.09724964313027,8030900
2026-07-30,81.03749084472656,81.12711600964451,80.98770583958057,80.99765828223909,9238300
2026-07-31,80.91800689697266,80.95783946248379,80.76863667562714,80.9379193810857,9778800
2026-08-03,81.11000061035156,81.19000244140625,81.02999877929688,81.08000183105469,8790200
2026-08-04,81.5199966430664,81.54000091552734,81.3499984741211,81.37999725341797,7516100
2026-08-05,81.48999786376953,81.61000061035156,81.41999816894531,81.48999786376953,9115600
2026-08-06,81.27999877929688,81.37999725341797,81.20999908447266,81.30999755859375,7004600
2026-08-07,81.41999816894531,81.55000305175781,81.33000183105469,81.5199966430664,8456200
2026-08-10,81.06999969482422,81.2699966430664,81.05000305175781,81.23999786376953,8094100
2026-08-11,81.11000061035156,81.2699966430664,81.08999633789062,81.20999908447266,9014900
2026-08-12,81.19999694824219,81.3499984741211,81.16999816894531,81.30999755859375,6692800
2026-08-13,81.47000122070312,81.62999725341797,81.44000244140625,81.45999908447266,8737700
2026-08-14,81.2300033569336,81.45999908447266,81.19999694824219,81.41999816894531,6105600
2026-08-17,81.0199966430664,81.19999694824219,81.01000213623047,81.1500015258789,8829500
2026-08-18,81.06999969482422,81.12000274658203,80.86000061035156,80.91000366210938,9446300
2026-08-19,81.41999816894531,81.43000030517578,81.23999786376953,81.4000015258789,20788400
2026-08-20,81.0999984741211,81.25,81.06999969482422,81.0999984741211,10123500
2026-08-21,81.05000305175781,81.0999984741211,80.9800033569336,81.06999969482422,13986900
2026-08-24,81.16999816894531,81.23999786376953,81.08999633789062,81.11000061035156,6288200
2026-08-25,81.58000183105469,81.58000183105469,81.36000061035156,81.38999938964844,7463000
2026-08-26,81.4800033569336,81.48999786376953,81.37999725341797,81.44999694824219,6342300
2026-08-27,81.44000244140625,81.5199966430664,81.38999938964844,81.47000122070312,5188100
2026-08-28,,,,,9533994
